solid ASCII
  facet normal -9.914449e-01 -1.305262e-01 -0.000000e+00
    outer loop
      vertex   -2.155111e+01 -3.211177e+01 1.200000e+01
      vertex   -2.155111e+01 -3.211177e+01 7.000000e+00
      vertex   -2.150000e+01 -3.250000e+01 1.200000e+01
    endloop
  endfacet
  facet normal -9.914449e-01 -1.305262e-01 -0.000000e+00
    outer loop
      vertex   -2.150000e+01 -3.250000e+01 1.200000e+01
      vertex   -2.155111e+01 -3.211177e+01 7.000000e+00
      vertex   -2.150000e+01 -3.250000e+01 7.000000e+00
    endloop
  endfacet
  facet normal -9.914449e-01 1.305262e-01 0.000000e+00
    outer loop
      vertex   -2.150000e+01 -3.250000e+01 1.200000e+01
      vertex   -2.150000e+01 -3.250000e+01 7.000000e+00
      vertex   -2.155111e+01 -3.288823e+01 1.200000e+01
    endloop
  endfacet
  facet normal -9.914449e-01 1.305262e-01 0.000000e+00
    outer loop
      vertex   -2.155111e+01 -3.288823e+01 1.200000e+01
      vertex   -2.150000e+01 -3.250000e+01 7.000000e+00
      vertex   -2.155111e+01 -3.288823e+01 7.000000e+00
    endloop
  endfacet
  facet normal -9.238795e-01 3.826834e-01 0.000000e+00
    outer loop
      vertex   -2.155111e+01 -3.288823e+01 1.200000e+01
      vertex   -2.155111e+01 -3.288823e+01 7.000000e+00
      vertex   -2.170096e+01 -3.325000e+01 1.200000e+01
    endloop
  endfacet
  facet normal -9.238795e-01 3.826834e-01 0.000000e+00
    outer loop
      vertex   -2.170096e+01 -3.325000e+01 1.200000e+01
      vertex   -2.155111e+01 -3.288823e+01 7.000000e+00
      vertex   -2.170096e+01 -3.325000e+01 7.000000e+00
    endloop
  endfacet
  facet normal -7.933533e-01 6.087614e-01 0.000000e+00
    outer loop
      vertex   -2.170096e+01 -3.325000e+01 1.200000e+01
      vertex   -2.170096e+01 -3.325000e+01 7.000000e+00
      vertex   -2.193934e+01 -3.356066e+01 1.200000e+01
    endloop
  endfacet
  facet normal -7.933533e-01 6.087614e-01 0.000000e+00
    outer loop
      vertex   -2.193934e+01 -3.356066e+01 1.200000e+01
      vertex   -2.170096e+01 -3.325000e+01 7.000000e+00
      vertex   -2.193934e+01 -3.356066e+01 7.000000e+00
    endloop
  endfacet
  facet normal -6.087614e-01 7.933533e-01 0.000000e+00
    outer loop
      vertex   -2.193934e+01 -3.356066e+01 1.200000e+01
      vertex   -2.193934e+01 -3.356066e+01 7.000000e+00
      vertex   -2.225000e+01 -3.379904e+01 1.200000e+01
    endloop
  endfacet
  facet normal -6.087614e-01 7.933533e-01 0.000000e+00
    outer loop
      vertex   -2.225000e+01 -3.379904e+01 1.200000e+01
      vertex   -2.193934e+01 -3.356066e+01 7.000000e+00
      vertex   -2.225000e+01 -3.379904e+01 7.000000e+00
    endloop
  endfacet
  facet normal -3.826834e-01 9.238795e-01 0.000000e+00
    outer loop
      vertex   -2.225000e+01 -3.379904e+01 1.200000e+01
      vertex   -2.225000e+01 -3.379904e+01 7.000000e+00
      vertex   -2.261177e+01 -3.394889e+01 1.200000e+01
    endloop
  endfacet
  facet normal -3.826834e-01 9.238795e-01 0.000000e+00
    outer loop
      vertex   -2.261177e+01 -3.394889e+01 1.200000e+01
      vertex   -2.225000e+01 -3.379904e+01 7.000000e+00
      vertex   -2.261177e+01 -3.394889e+01 7.000000e+00
    endloop
  endfacet
  facet normal -1.305262e-01 9.914449e-01 0.000000e+00
    outer loop
      vertex   -2.261177e+01 -3.394889e+01 1.200000e+01
      vertex   -2.261177e+01 -3.394889e+01 7.000000e+00
      vertex   -2.300000e+01 -3.400000e+01 1.200000e+01
    endloop
  endfacet
  facet normal -1.305262e-01 9.914449e-01 0.000000e+00
    outer loop
      vertex   -2.300000e+01 -3.400000e+01 1.200000e+01
      vertex   -2.261177e+01 -3.394889e+01 7.000000e+00
      vertex   -2.300000e+01 -3.400000e+01 7.000000e+00
    endloop
  endfacet
  facet normal 1.305262e-01 9.914449e-01 0.000000e+00
    outer loop
      vertex   -2.300000e+01 -3.400000e+01 1.200000e+01
      vertex   -2.300000e+01 -3.400000e+01 7.000000e+00
      vertex   -2.338823e+01 -3.394889e+01 1.200000e+01
    endloop
  endfacet
  facet normal 1.305262e-01 9.914449e-01 0.000000e+00
    outer loop
      vertex   -2.338823e+01 -3.394889e+01 1.200000e+01
      vertex   -2.300000e+01 -3.400000e+01 7.000000e+00
      vertex   -2.338823e+01 -3.394889e+01 7.000000e+00
    endloop
  endfacet
  facet normal 3.826834e-01 9.238795e-01 0.000000e+00
    outer loop
      vertex   -2.338823e+01 -3.394889e+01 1.200000e+01
      vertex   -2.338823e+01 -3.394889e+01 7.000000e+00
      vertex   -2.375000e+01 -3.379904e+01 1.200000e+01
    endloop
  endfacet
  facet normal 3.826834e-01 9.238795e-01 0.000000e+00
    outer loop
      vertex   -2.375000e+01 -3.379904e+01 1.200000e+01
      vertex   -2.338823e+01 -3.394889e+01 7.000000e+00
      vertex   -2.375000e+01 -3.379904e+01 7.000000e+00
    endloop
  endfacet
  facet normal 6.087614e-01 7.933533e-01 0.000000e+00
    outer loop
      vertex   -2.375000e+01 -3.379904e+01 1.200000e+01
      vertex   -2.375000e+01 -3.379904e+01 7.000000e+00
      vertex   -2.406066e+01 -3.356066e+01 1.200000e+01
    endloop
  endfacet
  facet normal 6.087614e-01 7.933533e-01 0.000000e+00
    outer loop
      vertex   -2.406066e+01 -3.356066e+01 1.200000e+01
      vertex   -2.375000e+01 -3.379904e+01 7.000000e+00
      vertex   -2.406066e+01 -3.356066e+01 7.000000e+00
    endloop
  endfacet
  facet normal 7.933533e-01 6.087614e-01 0.000000e+00
    outer loop
      vertex   -2.406066e+01 -3.356066e+01 1.200000e+01
      vertex   -2.406066e+01 -3.356066e+01 7.000000e+00
      vertex   -2.429904e+01 -3.325000e+01 1.200000e+01
    endloop
  endfacet
  facet normal 7.933533e-01 6.087614e-01 0.000000e+00
    outer loop
      vertex   -2.429904e+01 -3.325000e+01 1.200000e+01
      vertex   -2.406066e+01 -3.356066e+01 7.000000e+00
      vertex   -2.429904e+01 -3.325000e+01 7.000000e+00
    endloop
  endfacet
  facet normal 9.238795e-01 3.826834e-01 0.000000e+00
    outer loop
      vertex   -2.429904e+01 -3.325000e+01 1.200000e+01
      vertex   -2.429904e+01 -3.325000e+01 7.000000e+00
      vertex   -2.444889e+01 -3.288823e+01 1.200000e+01
    endloop
  endfacet
  facet normal 9.238795e-01 3.826834e-01 0.000000e+00
    outer loop
      vertex   -2.444889e+01 -3.288823e+01 1.200000e+01
      vertex   -2.429904e+01 -3.325000e+01 7.000000e+00
      vertex   -2.444889e+01 -3.288823e+01 7.000000e+00
    endloop
  endfacet
  facet normal 9.914449e-01 1.305262e-01 0.000000e+00
    outer loop
      vertex   -2.444889e+01 -3.288823e+01 1.200000e+01
      vertex   -2.444889e+01 -3.288823e+01 7.000000e+00
      vertex   -2.450000e+01 -3.250000e+01 1.200000e+01
    endloop
  endfacet
  facet normal 9.914449e-01 1.305262e-01 0.000000e+00
    outer loop
      vertex   -2.450000e+01 -3.250000e+01 1.200000e+01
      vertex   -2.444889e+01 -3.288823e+01 7.000000e+00
      vertex   -2.450000e+01 -3.250000e+01 7.000000e+00
    endloop
  endfacet
  facet normal 9.914449e-01 -1.305262e-01 0.000000e+00
    outer loop
      vertex   -2.450000e+01 -3.250000e+01 1.200000e+01
      vertex   -2.450000e+01 -3.250000e+01 7.000000e+00
      vertex   -2.444889e+01 -3.211177e+01 1.200000e+01
    endloop
  endfacet
  facet normal 9.914449e-01 -1.305262e-01 0.000000e+00
    outer loop
      vertex   -2.444889e+01 -3.211177e+01 1.200000e+01
      vertex   -2.450000e+01 -3.250000e+01 7.000000e+00
      vertex   -2.444889e+01 -3.211177e+01 7.000000e+00
    endloop
  endfacet
  facet normal 9.238795e-01 -3.826834e-01 0.000000e+00
    outer loop
      vertex   -2.444889e+01 -3.211177e+01 1.200000e+01
      vertex   -2.444889e+01 -3.211177e+01 7.000000e+00
      vertex   -2.429904e+01 -3.175000e+01 1.200000e+01
    endloop
  endfacet
  facet normal 9.238795e-01 -3.826834e-01 0.000000e+00
    outer loop
      vertex   -2.429904e+01 -3.175000e+01 1.200000e+01
      vertex   -2.444889e+01 -3.211177e+01 7.000000e+00
      vertex   -2.429904e+01 -3.175000e+01 7.000000e+00
    endloop
  endfacet
  facet normal 7.933533e-01 -6.087614e-01 0.000000e+00
    outer loop
      vertex   -2.429904e+01 -3.175000e+01 1.200000e+01
      vertex   -2.429904e+01 -3.175000e+01 7.000000e+00
      vertex   -2.406066e+01 -3.143934e+01 1.200000e+01
    endloop
  endfacet
  facet normal 7.933533e-01 -6.087614e-01 0.000000e+00
    outer loop
      vertex   -2.406066e+01 -3.143934e+01 1.200000e+01
      vertex   -2.429904e+01 -3.175000e+01 7.000000e+00
      vertex   -2.406066e+01 -3.143934e+01 7.000000e+00
    endloop
  endfacet
  facet normal 6.087614e-01 -7.933533e-01 0.000000e+00
    outer loop
      vertex   -2.406066e+01 -3.143934e+01 1.200000e+01
      vertex   -2.406066e+01 -3.143934e+01 7.000000e+00
      vertex   -2.375000e+01 -3.120096e+01 1.200000e+01
    endloop
  endfacet
  facet normal 6.087614e-01 -7.933533e-01 0.000000e+00
    outer loop
      vertex   -2.375000e+01 -3.120096e+01 1.200000e+01
      vertex   -2.406066e+01 -3.143934e+01 7.000000e+00
      vertex   -2.375000e+01 -3.120096e+01 7.000000e+00
    endloop
  endfacet
  facet normal 3.826834e-01 -9.238795e-01 0.000000e+00
    outer loop
      vertex   -2.375000e+01 -3.120096e+01 1.200000e+01
      vertex   -2.375000e+01 -3.120096e+01 7.000000e+00
      vertex   -2.338823e+01 -3.105111e+01 1.200000e+01
    endloop
  endfacet
  facet normal 3.826834e-01 -9.238795e-01 0.000000e+00
    outer loop
      vertex   -2.338823e+01 -3.105111e+01 1.200000e+01
      vertex   -2.375000e+01 -3.120096e+01 7.000000e+00
      vertex   -2.338823e+01 -3.105111e+01 7.000000e+00
    endloop
  endfacet
  facet normal 1.305262e-01 -9.914449e-01 0.000000e+00
    outer loop
      vertex   -2.338823e+01 -3.105111e+01 1.200000e+01
      vertex   -2.338823e+01 -3.105111e+01 7.000000e+00
      vertex   -2.300000e+01 -3.100000e+01 1.200000e+01
    endloop
  endfacet
  facet normal 1.305262e-01 -9.914449e-01 0.000000e+00
    outer loop
      vertex   -2.300000e+01 -3.100000e+01 1.200000e+01
      vertex   -2.338823e+01 -3.105111e+01 7.000000e+00
      vertex   -2.300000e+01 -3.100000e+01 7.000000e+00
    endloop
  endfacet
  facet normal -1.305262e-01 -9.914449e-01 -0.000000e+00
    outer loop
      vertex   -2.300000e+01 -3.100000e+01 1.200000e+01
      vertex   -2.300000e+01 -3.100000e+01 7.000000e+00
      vertex   -2.261177e+01 -3.105111e+01 1.200000e+01
    endloop
  endfacet
  facet normal -1.305262e-01 -9.914449e-01 -0.000000e+00
    outer loop
      vertex   -2.261177e+01 -3.105111e+01 1.200000e+01
      vertex   -2.300000e+01 -3.100000e+01 7.000000e+00
      vertex   -2.261177e+01 -3.105111e+01 7.000000e+00
    endloop
  endfacet
  facet normal -3.826834e-01 -9.238795e-01 -0.000000e+00
    outer loop
      vertex   -2.261177e+01 -3.105111e+01 1.200000e+01
      vertex   -2.261177e+01 -3.105111e+01 7.000000e+00
      vertex   -2.225000e+01 -3.120096e+01 1.200000e+01
    endloop
  endfacet
  facet normal -3.826834e-01 -9.238795e-01 -0.000000e+00
    outer loop
      vertex   -2.225000e+01 -3.120096e+01 1.200000e+01
      vertex   -2.261177e+01 -3.105111e+01 7.000000e+00
      vertex   -2.225000e+01 -3.120096e+01 7.000000e+00
    endloop
  endfacet
  facet normal -6.087614e-01 -7.933533e-01 -0.000000e+00
    outer loop
      vertex   -2.225000e+01 -3.120096e+01 1.200000e+01
      vertex   -2.225000e+01 -3.120096e+01 7.000000e+00
      vertex   -2.193934e+01 -3.143934e+01 1.200000e+01
    endloop
  endfacet
  facet normal -6.087614e-01 -7.933533e-01 -0.000000e+00
    outer loop
      vertex   -2.193934e+01 -3.143934e+01 1.200000e+01
      vertex   -2.225000e+01 -3.120096e+01 7.000000e+00
      vertex   -2.193934e+01 -3.143934e+01 7.000000e+00
    endloop
  endfacet
  facet normal -7.933533e-01 -6.087614e-01 -0.000000e+00
    outer loop
      vertex   -2.193934e+01 -3.143934e+01 1.200000e+01
      vertex   -2.193934e+01 -3.143934e+01 7.000000e+00
      vertex   -2.170096e+01 -3.175000e+01 1.200000e+01
    endloop
  endfacet
  facet normal -7.933533e-01 -6.087614e-01 -0.000000e+00
    outer loop
      vertex   -2.170096e+01 -3.175000e+01 1.200000e+01
      vertex   -2.193934e+01 -3.143934e+01 7.000000e+00
      vertex   -2.170096e+01 -3.175000e+01 7.000000e+00
    endloop
  endfacet
  facet normal -9.238795e-01 -3.826834e-01 -0.000000e+00
    outer loop
      vertex   -2.170096e+01 -3.175000e+01 1.200000e+01
      vertex   -2.170096e+01 -3.175000e+01 7.000000e+00
      vertex   -2.155111e+01 -3.211177e+01 1.200000e+01
    endloop
  endfacet
  facet normal -9.238795e-01 -3.826834e-01 -0.000000e+00
    outer loop
      vertex   -2.155111e+01 -3.211177e+01 1.200000e+01
      vertex   -2.170096e+01 -3.175000e+01 7.000000e+00
      vertex   -2.155111e+01 -3.211177e+01 7.000000e+00
    endloop
  endfacet
  facet normal -9.914449e-01 1.305262e-01 0.000000e+00
    outer loop
      vertex   -2.155111e+01 -3.288823e+01 2.000000e+00
      vertex   -2.155111e+01 -3.288823e+01 7.000000e+00
      vertex   -2.150000e+01 -3.250000e+01 2.000000e+00
    endloop
  endfacet
  facet normal -9.914449e-01 1.305262e-01 0.000000e+00
    outer loop
      vertex   -2.150000e+01 -3.250000e+01 2.000000e+00
      vertex   -2.155111e+01 -3.288823e+01 7.000000e+00
      vertex   -2.150000e+01 -3.250000e+01 7.000000e+00
    endloop
  endfacet
  facet normal -9.914449e-01 -1.305262e-01 0.000000e+00
    outer loop
      vertex   -2.150000e+01 -3.250000e+01 2.000000e+00
      vertex   -2.150000e+01 -3.250000e+01 7.000000e+00
      vertex   -2.155111e+01 -3.211177e+01 2.000000e+00
    endloop
  endfacet
  facet normal -9.914449e-01 -1.305262e-01 0.000000e+00
    outer loop
      vertex   -2.155111e+01 -3.211177e+01 2.000000e+00
      vertex   -2.150000e+01 -3.250000e+01 7.000000e+00
      vertex   -2.155111e+01 -3.211177e+01 7.000000e+00
    endloop
  endfacet
  facet normal -9.238795e-01 -3.826834e-01 0.000000e+00
    outer loop
      vertex   -2.155111e+01 -3.211177e+01 2.000000e+00
      vertex   -2.155111e+01 -3.211177e+01 7.000000e+00
      vertex   -2.170096e+01 -3.175000e+01 2.000000e+00
    endloop
  endfacet
  facet normal -9.238795e-01 -3.826834e-01 0.000000e+00
    outer loop
      vertex   -2.170096e+01 -3.175000e+01 2.000000e+00
      vertex   -2.155111e+01 -3.211177e+01 7.000000e+00
      vertex   -2.170096e+01 -3.175000e+01 7.000000e+00
    endloop
  endfacet
  facet normal -7.933533e-01 -6.087614e-01 0.000000e+00
    outer loop
      vertex   -2.170096e+01 -3.175000e+01 2.000000e+00
      vertex   -2.170096e+01 -3.175000e+01 7.000000e+00
      vertex   -2.193934e+01 -3.143934e+01 2.000000e+00
    endloop
  endfacet
  facet normal -7.933533e-01 -6.087614e-01 0.000000e+00
    outer loop
      vertex   -2.193934e+01 -3.143934e+01 2.000000e+00
      vertex   -2.170096e+01 -3.175000e+01 7.000000e+00
      vertex   -2.193934e+01 -3.143934e+01 7.000000e+00
    endloop
  endfacet
  facet normal -6.087614e-01 -7.933533e-01 0.000000e+00
    outer loop
      vertex   -2.193934e+01 -3.143934e+01 2.000000e+00
      vertex   -2.193934e+01 -3.143934e+01 7.000000e+00
      vertex   -2.225000e+01 -3.120096e+01 2.000000e+00
    endloop
  endfacet
  facet normal -6.087614e-01 -7.933533e-01 0.000000e+00
    outer loop
      vertex   -2.225000e+01 -3.120096e+01 2.000000e+00
      vertex   -2.193934e+01 -3.143934e+01 7.000000e+00
      vertex   -2.225000e+01 -3.120096e+01 7.000000e+00
    endloop
  endfacet
  facet normal -3.826834e-01 -9.238795e-01 0.000000e+00
    outer loop
      vertex   -2.225000e+01 -3.120096e+01 2.000000e+00
      vertex   -2.225000e+01 -3.120096e+01 7.000000e+00
      vertex   -2.261177e+01 -3.105111e+01 2.000000e+00
    endloop
  endfacet
  facet normal -3.826834e-01 -9.238795e-01 0.000000e+00
    outer loop
      vertex   -2.261177e+01 -3.105111e+01 2.000000e+00
      vertex   -2.225000e+01 -3.120096e+01 7.000000e+00
      vertex   -2.261177e+01 -3.105111e+01 7.000000e+00
    endloop
  endfacet
  facet normal -1.305262e-01 -9.914449e-01 0.000000e+00
    outer loop
      vertex   -2.261177e+01 -3.105111e+01 2.000000e+00
      vertex   -2.261177e+01 -3.105111e+01 7.000000e+00
      vertex   -2.300000e+01 -3.100000e+01 2.000000e+00
    endloop
  endfacet
  facet normal -1.305262e-01 -9.914449e-01 0.000000e+00
    outer loop
      vertex   -2.300000e+01 -3.100000e+01 2.000000e+00
      vertex   -2.261177e+01 -3.105111e+01 7.000000e+00
      vertex   -2.300000e+01 -3.100000e+01 7.000000e+00
    endloop
  endfacet
  facet normal 1.305262e-01 -9.914449e-01 0.000000e+00
    outer loop
      vertex   -2.300000e+01 -3.100000e+01 2.000000e+00
      vertex   -2.300000e+01 -3.100000e+01 7.000000e+00
      vertex   -2.338823e+01 -3.105111e+01 2.000000e+00
    endloop
  endfacet
  facet normal 1.305262e-01 -9.914449e-01 0.000000e+00
    outer loop
      vertex   -2.338823e+01 -3.105111e+01 2.000000e+00
      vertex   -2.300000e+01 -3.100000e+01 7.000000e+00
      vertex   -2.338823e+01 -3.105111e+01 7.000000e+00
    endloop
  endfacet
  facet normal 3.826834e-01 -9.238795e-01 0.000000e+00
    outer loop
      vertex   -2.338823e+01 -3.105111e+01 2.000000e+00
      vertex   -2.338823e+01 -3.105111e+01 7.000000e+00
      vertex   -2.375000e+01 -3.120096e+01 2.000000e+00
    endloop
  endfacet
  facet normal 3.826834e-01 -9.238795e-01 0.000000e+00
    outer loop
      vertex   -2.375000e+01 -3.120096e+01 2.000000e+00
      vertex   -2.338823e+01 -3.105111e+01 7.000000e+00
      vertex   -2.375000e+01 -3.120096e+01 7.000000e+00
    endloop
  endfacet
  facet normal 6.087614e-01 -7.933533e-01 0.000000e+00
    outer loop
      vertex   -2.375000e+01 -3.120096e+01 2.000000e+00
      vertex   -2.375000e+01 -3.120096e+01 7.000000e+00
      vertex   -2.406066e+01 -3.143934e+01 2.000000e+00
    endloop
  endfacet
  facet normal 6.087614e-01 -7.933533e-01 0.000000e+00
    outer loop
      vertex   -2.406066e+01 -3.143934e+01 2.000000e+00
      vertex   -2.375000e+01 -3.120096e+01 7.000000e+00
      vertex   -2.406066e+01 -3.143934e+01 7.000000e+00
    endloop
  endfacet
  facet normal 7.933533e-01 -6.087614e-01 0.000000e+00
    outer loop
      vertex   -2.406066e+01 -3.143934e+01 2.000000e+00
      vertex   -2.406066e+01 -3.143934e+01 7.000000e+00
      vertex   -2.429904e+01 -3.175000e+01 2.000000e+00
    endloop
  endfacet
  facet normal 7.933533e-01 -6.087614e-01 0.000000e+00
    outer loop
      vertex   -2.429904e+01 -3.175000e+01 2.000000e+00
      vertex   -2.406066e+01 -3.143934e+01 7.000000e+00
      vertex   -2.429904e+01 -3.175000e+01 7.000000e+00
    endloop
  endfacet
  facet normal 9.238795e-01 -3.826834e-01 0.000000e+00
    outer loop
      vertex   -2.429904e+01 -3.175000e+01 2.000000e+00
      vertex   -2.429904e+01 -3.175000e+01 7.000000e+00
      vertex   -2.444889e+01 -3.211177e+01 2.000000e+00
    endloop
  endfacet
  facet normal 9.238795e-01 -3.826834e-01 0.000000e+00
    outer loop
      vertex   -2.444889e+01 -3.211177e+01 2.000000e+00
      vertex   -2.429904e+01 -3.175000e+01 7.000000e+00
      vertex   -2.444889e+01 -3.211177e+01 7.000000e+00
    endloop
  endfacet
  facet normal 9.914449e-01 -1.305262e-01 0.000000e+00
    outer loop
      vertex   -2.444889e+01 -3.211177e+01 2.000000e+00
      vertex   -2.444889e+01 -3.211177e+01 7.000000e+00
      vertex   -2.450000e+01 -3.250000e+01 2.000000e+00
    endloop
  endfacet
  facet normal 9.914449e-01 -1.305262e-01 0.000000e+00
    outer loop
      vertex   -2.450000e+01 -3.250000e+01 2.000000e+00
      vertex   -2.444889e+01 -3.211177e+01 7.000000e+00
      vertex   -2.450000e+01 -3.250000e+01 7.000000e+00
    endloop
  endfacet
  facet normal 9.914449e-01 1.305262e-01 -0.000000e+00
    outer loop
      vertex   -2.450000e+01 -3.250000e+01 2.000000e+00
      vertex   -2.450000e+01 -3.250000e+01 7.000000e+00
      vertex   -2.444889e+01 -3.288823e+01 2.000000e+00
    endloop
  endfacet
  facet normal 9.914449e-01 1.305262e-01 -0.000000e+00
    outer loop
      vertex   -2.444889e+01 -3.288823e+01 2.000000e+00
      vertex   -2.450000e+01 -3.250000e+01 7.000000e+00
      vertex   -2.444889e+01 -3.288823e+01 7.000000e+00
    endloop
  endfacet
  facet normal 9.238795e-01 3.826834e-01 -0.000000e+00
    outer loop
      vertex   -2.444889e+01 -3.288823e+01 2.000000e+00
      vertex   -2.444889e+01 -3.288823e+01 7.000000e+00
      vertex   -2.429904e+01 -3.325000e+01 2.000000e+00
    endloop
  endfacet
  facet normal 9.238795e-01 3.826834e-01 -0.000000e+00
    outer loop
      vertex   -2.429904e+01 -3.325000e+01 2.000000e+00
      vertex   -2.444889e+01 -3.288823e+01 7.000000e+00
      vertex   -2.429904e+01 -3.325000e+01 7.000000e+00
    endloop
  endfacet
  facet normal 7.933533e-01 6.087614e-01 -0.000000e+00
    outer loop
      vertex   -2.429904e+01 -3.325000e+01 2.000000e+00
      vertex   -2.429904e+01 -3.325000e+01 7.000000e+00
      vertex   -2.406066e+01 -3.356066e+01 2.000000e+00
    endloop
  endfacet
  facet normal 7.933533e-01 6.087614e-01 -0.000000e+00
    outer loop
      vertex   -2.406066e+01 -3.356066e+01 2.000000e+00
      vertex   -2.429904e+01 -3.325000e+01 7.000000e+00
      vertex   -2.406066e+01 -3.356066e+01 7.000000e+00
    endloop
  endfacet
  facet normal 6.087614e-01 7.933533e-01 -0.000000e+00
    outer loop
      vertex   -2.406066e+01 -3.356066e+01 2.000000e+00
      vertex   -2.406066e+01 -3.356066e+01 7.000000e+00
      vertex   -2.375000e+01 -3.379904e+01 2.000000e+00
    endloop
  endfacet
  facet normal 6.087614e-01 7.933533e-01 -0.000000e+00
    outer loop
      vertex   -2.375000e+01 -3.379904e+01 2.000000e+00
      vertex   -2.406066e+01 -3.356066e+01 7.000000e+00
      vertex   -2.375000e+01 -3.379904e+01 7.000000e+00
    endloop
  endfacet
  facet normal 3.826834e-01 9.238795e-01 -0.000000e+00
    outer loop
      vertex   -2.375000e+01 -3.379904e+01 2.000000e+00
      vertex   -2.375000e+01 -3.379904e+01 7.000000e+00
      vertex   -2.338823e+01 -3.394889e+01 2.000000e+00
    endloop
  endfacet
  facet normal 3.826834e-01 9.238795e-01 -0.000000e+00
    outer loop
      vertex   -2.338823e+01 -3.394889e+01 2.000000e+00
      vertex   -2.375000e+01 -3.379904e+01 7.000000e+00
      vertex   -2.338823e+01 -3.394889e+01 7.000000e+00
    endloop
  endfacet
  facet normal 1.305262e-01 9.914449e-01 -0.000000e+00
    outer loop
      vertex   -2.338823e+01 -3.394889e+01 2.000000e+00
      vertex   -2.338823e+01 -3.394889e+01 7.000000e+00
      vertex   -2.300000e+01 -3.400000e+01 2.000000e+00
    endloop
  endfacet
  facet normal 1.305262e-01 9.914449e-01 -0.000000e+00
    outer loop
      vertex   -2.300000e+01 -3.400000e+01 2.000000e+00
      vertex   -2.338823e+01 -3.394889e+01 7.000000e+00
      vertex   -2.300000e+01 -3.400000e+01 7.000000e+00
    endloop
  endfacet
  facet normal -1.305262e-01 9.914449e-01 0.000000e+00
    outer loop
      vertex   -2.300000e+01 -3.400000e+01 2.000000e+00
      vertex   -2.300000e+01 -3.400000e+01 7.000000e+00
      vertex   -2.261177e+01 -3.394889e+01 2.000000e+00
    endloop
  endfacet
  facet normal -1.305262e-01 9.914449e-01 0.000000e+00
    outer loop
      vertex   -2.261177e+01 -3.394889e+01 2.000000e+00
      vertex   -2.300000e+01 -3.400000e+01 7.000000e+00
      vertex   -2.261177e+01 -3.394889e+01 7.000000e+00
    endloop
  endfacet
  facet normal -3.826834e-01 9.238795e-01 0.000000e+00
    outer loop
      vertex   -2.261177e+01 -3.394889e+01 2.000000e+00
      vertex   -2.261177e+01 -3.394889e+01 7.000000e+00
      vertex   -2.225000e+01 -3.379904e+01 2.000000e+00
    endloop
  endfacet
  facet normal -3.826834e-01 9.238795e-01 0.000000e+00
    outer loop
      vertex   -2.225000e+01 -3.379904e+01 2.000000e+00
      vertex   -2.261177e+01 -3.394889e+01 7.000000e+00
      vertex   -2.225000e+01 -3.379904e+01 7.000000e+00
    endloop
  endfacet
  facet normal -6.087614e-01 7.933533e-01 0.000000e+00
    outer loop
      vertex   -2.225000e+01 -3.379904e+01 2.000000e+00
      vertex   -2.225000e+01 -3.379904e+01 7.000000e+00
      vertex   -2.193934e+01 -3.356066e+01 2.000000e+00
    endloop
  endfacet
  facet normal -6.087614e-01 7.933533e-01 0.000000e+00
    outer loop
      vertex   -2.193934e+01 -3.356066e+01 2.000000e+00
      vertex   -2.225000e+01 -3.379904e+01 7.000000e+00
      vertex   -2.193934e+01 -3.356066e+01 7.000000e+00
    endloop
  endfacet
  facet normal -7.933533e-01 6.087614e-01 0.000000e+00
    outer loop
      vertex   -2.193934e+01 -3.356066e+01 2.000000e+00
      vertex   -2.193934e+01 -3.356066e+01 7.000000e+00
      vertex   -2.170096e+01 -3.325000e+01 2.000000e+00
    endloop
  endfacet
  facet normal -7.933533e-01 6.087614e-01 0.000000e+00
    outer loop
      vertex   -2.170096e+01 -3.325000e+01 2.000000e+00
      vertex   -2.193934e+01 -3.356066e+01 7.000000e+00
      vertex   -2.170096e+01 -3.325000e+01 7.000000e+00
    endloop
  endfacet
  facet normal -9.238795e-01 3.826834e-01 0.000000e+00
    outer loop
      vertex   -2.170096e+01 -3.325000e+01 2.000000e+00
      vertex   -2.170096e+01 -3.325000e+01 7.000000e+00
      vertex   -2.155111e+01 -3.288823e+01 2.000000e+00
    endloop
  endfacet
  facet normal -9.238795e-01 3.826834e-01 0.000000e+00
    outer loop
      vertex   -2.155111e+01 -3.288823e+01 2.000000e+00
      vertex   -2.170096e+01 -3.325000e+01 7.000000e+00
      vertex   -2.155111e+01 -3.288823e+01 7.000000e+00
    endloop
  endfacet
  facet normal 9.914449e-01 -1.305262e-01 0.000000e+00
    outer loop
      vertex   -2.058519e+01 -3.314705e+01 1.200000e+01
      vertex   -2.058519e+01 -3.314705e+01 2.000000e+00
      vertex   -2.050000e+01 -3.250000e+01 1.200000e+01
    endloop
  endfacet
  facet normal 9.914449e-01 -1.305262e-01 0.000000e+00
    outer loop
      vertex   -2.050000e+01 -3.250000e+01 1.200000e+01
      vertex   -2.058519e+01 -3.314705e+01 2.000000e+00
      vertex   -2.050000e+01 -3.250000e+01 2.000000e+00
    endloop
  endfacet
  facet normal 9.914449e-01 1.305262e-01 0.000000e+00
    outer loop
      vertex   -2.050000e+01 -3.250000e+01 1.200000e+01
      vertex   -2.050000e+01 -3.250000e+01 2.000000e+00
      vertex   -2.058519e+01 -3.185295e+01 1.200000e+01
    endloop
  endfacet
  facet normal 9.914449e-01 1.305262e-01 0.000000e+00
    outer loop
      vertex   -2.058519e+01 -3.185295e+01 1.200000e+01
      vertex   -2.050000e+01 -3.250000e+01 2.000000e+00
      vertex   -2.058519e+01 -3.185295e+01 2.000000e+00
    endloop
  endfacet
  facet normal 9.238795e-01 3.826834e-01 0.000000e+00
    outer loop
      vertex   -2.058519e+01 -3.185295e+01 1.200000e+01
      vertex   -2.058519e+01 -3.185295e+01 2.000000e+00
      vertex   -2.083494e+01 -3.125000e+01 1.200000e+01
    endloop
  endfacet
  facet normal 9.238795e-01 3.826834e-01 0.000000e+00
    outer loop
      vertex   -2.083494e+01 -3.125000e+01 1.200000e+01
      vertex   -2.058519e+01 -3.185295e+01 2.000000e+00
      vertex   -2.083494e+01 -3.125000e+01 2.000000e+00
    endloop
  endfacet
  facet normal 7.933533e-01 6.087614e-01 0.000000e+00
    outer loop
      vertex   -2.083494e+01 -3.125000e+01 1.200000e+01
      vertex   -2.083494e+01 -3.125000e+01 2.000000e+00
      vertex   -2.123223e+01 -3.073223e+01 1.200000e+01
    endloop
  endfacet
  facet normal 7.933533e-01 6.087614e-01 0.000000e+00
    outer loop
      vertex   -2.123223e+01 -3.073223e+01 1.200000e+01
      vertex   -2.083494e+01 -3.125000e+01 2.000000e+00
      vertex   -2.123223e+01 -3.073223e+01 2.000000e+00
    endloop
  endfacet
  facet normal 6.087614e-01 7.933533e-01 0.000000e+00
    outer loop
      vertex   -2.123223e+01 -3.073223e+01 1.200000e+01
      vertex   -2.123223e+01 -3.073223e+01 2.000000e+00
      vertex   -2.175000e+01 -3.033494e+01 1.200000e+01
    endloop
  endfacet
  facet normal 6.087614e-01 7.933533e-01 0.000000e+00
    outer loop
      vertex   -2.175000e+01 -3.033494e+01 1.200000e+01
      vertex   -2.123223e+01 -3.073223e+01 2.000000e+00
      vertex   -2.175000e+01 -3.033494e+01 2.000000e+00
    endloop
  endfacet
  facet normal 3.826834e-01 9.238795e-01 0.000000e+00
    outer loop
      vertex   -2.175000e+01 -3.033494e+01 1.200000e+01
      vertex   -2.175000e+01 -3.033494e+01 2.000000e+00
      vertex   -2.235295e+01 -3.008519e+01 1.200000e+01
    endloop
  endfacet
  facet normal 3.826834e-01 9.238795e-01 -1.359565e-16
    outer loop
      vertex   -2.235295e+01 -3.008519e+01 1.200000e+01
      vertex   -2.175000e+01 -3.033494e+01 2.000000e+00
      vertex   -2.235295e+01 -3.008519e+01 2.000000e+00
    endloop
  endfacet
  facet normal 1.305262e-01 9.914449e-01 -4.637222e-17
    outer loop
      vertex   -2.235295e+01 -3.008519e+01 1.200000e+01
      vertex   -2.235295e+01 -3.008519e+01 2.000000e+00
      vertex   -2.300000e+01 -3.000000e+01 1.200000e+01
    endloop
  endfacet
  facet normal 1.305262e-01 9.914449e-01 0.000000e+00
    outer loop
      vertex   -2.300000e+01 -3.000000e+01 1.200000e+01
      vertex   -2.235295e+01 -3.008519e+01 2.000000e+00
      vertex   -2.300000e+01 -3.000000e+01 2.000000e+00
    endloop
  endfacet
  facet normal -1.305262e-01 9.914449e-01 0.000000e+00
    outer loop
      vertex   -2.300000e+01 -3.000000e+01 1.200000e+01
      vertex   -2.300000e+01 -3.000000e+01 2.000000e+00
      vertex   -2.364705e+01 -3.008519e+01 1.200000e+01
    endloop
  endfacet
  facet normal -1.305262e-01 9.914449e-01 0.000000e+00
    outer loop
      vertex   -2.364705e+01 -3.008519e+01 1.200000e+01
      vertex   -2.300000e+01 -3.000000e+01 2.000000e+00
      vertex   -2.364705e+01 -3.008519e+01 2.000000e+00
    endloop
  endfacet
  facet normal -3.826834e-01 9.238795e-01 0.000000e+00
    outer loop
      vertex   -2.364705e+01 -3.008519e+01 1.200000e+01
      vertex   -2.364705e+01 -3.008519e+01 2.000000e+00
      vertex   -2.425000e+01 -3.033494e+01 1.200000e+01
    endloop
  endfacet
  facet normal -3.826834e-01 9.238795e-01 0.000000e+00
    outer loop
      vertex   -2.425000e+01 -3.033494e+01 1.200000e+01
      vertex   -2.364705e+01 -3.008519e+01 2.000000e+00
      vertex   -2.425000e+01 -3.033494e+01 2.000000e+00
    endloop
  endfacet
  facet normal -6.087614e-01 7.933533e-01 0.000000e+00
    outer loop
      vertex   -2.425000e+01 -3.033494e+01 1.200000e+01
      vertex   -2.425000e+01 -3.033494e+01 2.000000e+00
      vertex   -2.476777e+01 -3.073223e+01 1.200000e+01
    endloop
  endfacet
  facet normal -6.087614e-01 7.933533e-01 0.000000e+00
    outer loop
      vertex   -2.476777e+01 -3.073223e+01 1.200000e+01
      vertex   -2.425000e+01 -3.033494e+01 2.000000e+00
      vertex   -2.476777e+01 -3.073223e+01 2.000000e+00
    endloop
  endfacet
  facet normal -7.933533e-01 6.087614e-01 0.000000e+00
    outer loop
      vertex   -2.476777e+01 -3.073223e+01 1.200000e+01
      vertex   -2.476777e+01 -3.073223e+01 2.000000e+00
      vertex   -2.516506e+01 -3.125000e+01 1.200000e+01
    endloop
  endfacet
  facet normal -7.933533e-01 6.087614e-01 0.000000e+00
    outer loop
      vertex   -2.516506e+01 -3.125000e+01 1.200000e+01
      vertex   -2.476777e+01 -3.073223e+01 2.000000e+00
      vertex   -2.516506e+01 -3.125000e+01 2.000000e+00
    endloop
  endfacet
  facet normal -9.238795e-01 3.826834e-01 0.000000e+00
    outer loop
      vertex   -2.516506e+01 -3.125000e+01 1.200000e+01
      vertex   -2.516506e+01 -3.125000e+01 2.000000e+00
      vertex   -2.541481e+01 -3.185295e+01 1.200000e+01
    endloop
  endfacet
  facet normal -9.238795e-01 3.826834e-01 -1.359565e-16
    outer loop
      vertex   -2.541481e+01 -3.185295e+01 1.200000e+01
      vertex   -2.516506e+01 -3.125000e+01 2.000000e+00
      vertex   -2.541481e+01 -3.185295e+01 2.000000e+00
    endloop
  endfacet
  facet normal -9.914449e-01 1.305262e-01 -4.637222e-17
    outer loop
      vertex   -2.541481e+01 -3.185295e+01 1.200000e+01
      vertex   -2.541481e+01 -3.185295e+01 2.000000e+00
      vertex   -2.550000e+01 -3.250000e+01 1.200000e+01
    endloop
  endfacet
  facet normal -9.914449e-01 1.305262e-01 0.000000e+00
    outer loop
      vertex   -2.550000e+01 -3.250000e+01 1.200000e+01
      vertex   -2.541481e+01 -3.185295e+01 2.000000e+00
      vertex   -2.550000e+01 -3.250000e+01 2.000000e+00
    endloop
  endfacet
  facet normal -9.914449e-01 -1.305262e-01 -0.000000e+00
    outer loop
      vertex   -2.550000e+01 -3.250000e+01 1.200000e+01
      vertex   -2.550000e+01 -3.250000e+01 2.000000e+00
      vertex   -2.541481e+01 -3.314705e+01 1.200000e+01
    endloop
  endfacet
  facet normal -9.914449e-01 -1.305262e-01 9.274444e-17
    outer loop
      vertex   -2.541481e+01 -3.314705e+01 1.200000e+01
      vertex   -2.550000e+01 -3.250000e+01 2.000000e+00
      vertex   -2.541481e+01 -3.314705e+01 2.000000e+00
    endloop
  endfacet
  facet normal -9.238795e-01 -3.826834e-01 2.719129e-16
    outer loop
      vertex   -2.541481e+01 -3.314705e+01 1.200000e+01
      vertex   -2.541481e+01 -3.314705e+01 2.000000e+00
      vertex   -2.516506e+01 -3.375000e+01 1.200000e+01
    endloop
  endfacet
  facet normal -9.238795e-01 -3.826834e-01 -0.000000e+00
    outer loop
      vertex   -2.516506e+01 -3.375000e+01 1.200000e+01
      vertex   -2.541481e+01 -3.314705e+01 2.000000e+00
      vertex   -2.516506e+01 -3.375000e+01 2.000000e+00
    endloop
  endfacet
  facet normal -7.933533e-01 -6.087614e-01 -0.000000e+00
    outer loop
      vertex   -2.516506e+01 -3.375000e+01 1.200000e+01
      vertex   -2.516506e+01 -3.375000e+01 2.000000e+00
      vertex   -2.476777e+01 -3.426777e+01 1.200000e+01
    endloop
  endfacet
  facet normal -7.933533e-01 -6.087614e-01 -0.000000e+00
    outer loop
      vertex   -2.476777e+01 -3.426777e+01 1.200000e+01
      vertex   -2.516506e+01 -3.375000e+01 2.000000e+00
      vertex   -2.476777e+01 -3.426777e+01 2.000000e+00
    endloop
  endfacet
  facet normal -6.087614e-01 -7.933533e-01 -0.000000e+00
    outer loop
      vertex   -2.476777e+01 -3.426777e+01 1.200000e+01
      vertex   -2.476777e+01 -3.426777e+01 2.000000e+00
      vertex   -2.425000e+01 -3.466506e+01 1.200000e+01
    endloop
  endfacet
  facet normal -6.087614e-01 -7.933533e-01 -0.000000e+00
    outer loop
      vertex   -2.425000e+01 -3.466506e+01 1.200000e+01
      vertex   -2.476777e+01 -3.426777e+01 2.000000e+00
      vertex   -2.425000e+01 -3.466506e+01 2.000000e+00
    endloop
  endfacet
  facet normal -3.826834e-01 -9.238795e-01 -0.000000e+00
    outer loop
      vertex   -2.425000e+01 -3.466506e+01 1.200000e+01
      vertex   -2.425000e+01 -3.466506e+01 2.000000e+00
      vertex   -2.364705e+01 -3.491481e+01 1.200000e+01
    endloop
  endfacet
  facet normal -3.826834e-01 -9.238795e-01 -0.000000e+00
    outer loop
      vertex   -2.364705e+01 -3.491481e+01 1.200000e+01
      vertex   -2.425000e+01 -3.466506e+01 2.000000e+00
      vertex   -2.364705e+01 -3.491481e+01 2.000000e+00
    endloop
  endfacet
  facet normal -1.305262e-01 -9.914449e-01 -0.000000e+00
    outer loop
      vertex   -2.364705e+01 -3.491481e+01 1.200000e+01
      vertex   -2.364705e+01 -3.491481e+01 2.000000e+00
      vertex   -2.300000e+01 -3.500000e+01 1.200000e+01
    endloop
  endfacet
  facet normal -1.305262e-01 -9.914449e-01 -0.000000e+00
    outer loop
      vertex   -2.300000e+01 -3.500000e+01 1.200000e+01
      vertex   -2.364705e+01 -3.491481e+01 2.000000e+00
      vertex   -2.300000e+01 -3.500000e+01 2.000000e+00
    endloop
  endfacet
  facet normal 1.305262e-01 -9.914449e-01 0.000000e+00
    outer loop
      vertex   -2.300000e+01 -3.500000e+01 1.200000e+01
      vertex   -2.300000e+01 -3.500000e+01 2.000000e+00
      vertex   -2.235295e+01 -3.491481e+01 1.200000e+01
    endloop
  endfacet
  facet normal 1.305262e-01 -9.914449e-01 4.637222e-17
    outer loop
      vertex   -2.235295e+01 -3.491481e+01 1.200000e+01
      vertex   -2.300000e+01 -3.500000e+01 2.000000e+00
      vertex   -2.235295e+01 -3.491481e+01 2.000000e+00
    endloop
  endfacet
  facet normal 3.826834e-01 -9.238795e-01 1.359565e-16
    outer loop
      vertex   -2.235295e+01 -3.491481e+01 1.200000e+01
      vertex   -2.235295e+01 -3.491481e+01 2.000000e+00
      vertex   -2.175000e+01 -3.466506e+01 1.200000e+01
    endloop
  endfacet
  facet normal 3.826834e-01 -9.238795e-01 0.000000e+00
    outer loop
      vertex   -2.175000e+01 -3.466506e+01 1.200000e+01
      vertex   -2.235295e+01 -3.491481e+01 2.000000e+00
      vertex   -2.175000e+01 -3.466506e+01 2.000000e+00
    endloop
  endfacet
  facet normal 6.087614e-01 -7.933533e-01 0.000000e+00
    outer loop
      vertex   -2.175000e+01 -3.466506e+01 1.200000e+01
      vertex   -2.175000e+01 -3.466506e+01 2.000000e+00
      vertex   -2.123223e+01 -3.426777e+01 1.200000e+01
    endloop
  endfacet
  facet normal 6.087614e-01 -7.933533e-01 0.000000e+00
    outer loop
      vertex   -2.123223e+01 -3.426777e+01 1.200000e+01
      vertex   -2.175000e+01 -3.466506e+01 2.000000e+00
      vertex   -2.123223e+01 -3.426777e+01 2.000000e+00
    endloop
  endfacet
  facet normal 7.933533e-01 -6.087614e-01 0.000000e+00
    outer loop
      vertex   -2.123223e+01 -3.426777e+01 1.200000e+01
      vertex   -2.123223e+01 -3.426777e+01 2.000000e+00
      vertex   -2.083494e+01 -3.375000e+01 1.200000e+01
    endloop
  endfacet
  facet normal 7.933533e-01 -6.087614e-01 0.000000e+00
    outer loop
      vertex   -2.083494e+01 -3.375000e+01 1.200000e+01
      vertex   -2.123223e+01 -3.426777e+01 2.000000e+00
      vertex   -2.083494e+01 -3.375000e+01 2.000000e+00
    endloop
  endfacet
  facet normal 9.238795e-01 -3.826834e-01 0.000000e+00
    outer loop
      vertex   -2.083494e+01 -3.375000e+01 1.200000e+01
      vertex   -2.083494e+01 -3.375000e+01 2.000000e+00
      vertex   -2.058519e+01 -3.314705e+01 1.200000e+01
    endloop
  endfacet
  facet normal 9.238795e-01 -3.826834e-01 0.000000e+00
    outer loop
      vertex   -2.058519e+01 -3.314705e+01 1.200000e+01
      vertex   -2.083494e+01 -3.375000e+01 2.000000e+00
      vertex   -2.058519e+01 -3.314705e+01 2.000000e+00
    endloop
  endfacet
  facet normal 0.000000e+00 0.000000e+00 1.000000e+00
    outer loop
      vertex   -2.155111e+01 -3.211177e+01 1.200000e+01
      vertex   -2.150000e+01 -3.250000e+01 1.200000e+01
      vertex   -2.050000e+01 -3.250000e+01 1.200000e+01
    endloop
  endfacet
  facet normal 0.000000e+00 0.000000e+00 1.000000e+00
    outer loop
      vertex   -2.050000e+01 -3.250000e+01 1.200000e+01
      vertex   -2.150000e+01 -3.250000e+01 1.200000e+01
      vertex   -2.155111e+01 -3.288823e+01 1.200000e+01
    endloop
  endfacet
  facet normal 0.000000e+00 0.000000e+00 1.000000e+00
    outer loop
      vertex   -2.050000e+01 -3.250000e+01 1.200000e+01
      vertex   -2.155111e+01 -3.288823e+01 1.200000e+01
      vertex   -2.058519e+01 -3.314705e+01 1.200000e+01
    endloop
  endfacet
  facet normal 0.000000e+00 0.000000e+00 1.000000e+00
    outer loop
      vertex   -2.058519e+01 -3.314705e+01 1.200000e+01
      vertex   -2.155111e+01 -3.288823e+01 1.200000e+01
      vertex   -2.170096e+01 -3.325000e+01 1.200000e+01
    endloop
  endfacet
  facet normal 0.000000e+00 0.000000e+00 1.000000e+00
    outer loop
      vertex   -2.058519e+01 -3.314705e+01 1.200000e+01
      vertex   -2.170096e+01 -3.325000e+01 1.200000e+01
      vertex   -2.083494e+01 -3.375000e+01 1.200000e+01
    endloop
  endfacet
  facet normal 0.000000e+00 0.000000e+00 1.000000e+00
    outer loop
      vertex   -2.083494e+01 -3.375000e+01 1.200000e+01
      vertex   -2.170096e+01 -3.325000e+01 1.200000e+01
      vertex   -2.193934e+01 -3.356066e+01 1.200000e+01
    endloop
  endfacet
  facet normal 0.000000e+00 0.000000e+00 1.000000e+00
    outer loop
      vertex   -2.083494e+01 -3.375000e+01 1.200000e+01
      vertex   -2.193934e+01 -3.356066e+01 1.200000e+01
      vertex   -2.123223e+01 -3.426777e+01 1.200000e+01
    endloop
  endfacet
  facet normal 0.000000e+00 0.000000e+00 1.000000e+00
    outer loop
      vertex   -2.123223e+01 -3.426777e+01 1.200000e+01
      vertex   -2.193934e+01 -3.356066e+01 1.200000e+01
      vertex   -2.225000e+01 -3.379904e+01 1.200000e+01
    endloop
  endfacet
  facet normal 0.000000e+00 0.000000e+00 1.000000e+00
    outer loop
      vertex   -2.123223e+01 -3.426777e+01 1.200000e+01
      vertex   -2.225000e+01 -3.379904e+01 1.200000e+01
      vertex   -2.175000e+01 -3.466506e+01 1.200000e+01
    endloop
  endfacet
  facet normal 0.000000e+00 0.000000e+00 1.000000e+00
    outer loop
      vertex   -2.175000e+01 -3.466506e+01 1.200000e+01
      vertex   -2.225000e+01 -3.379904e+01 1.200000e+01
      vertex   -2.261177e+01 -3.394889e+01 1.200000e+01
    endloop
  endfacet
  facet normal 0.000000e+00 0.000000e+00 1.000000e+00
    outer loop
      vertex   -2.175000e+01 -3.466506e+01 1.200000e+01
      vertex   -2.261177e+01 -3.394889e+01 1.200000e+01
      vertex   -2.235295e+01 -3.491481e+01 1.200000e+01
    endloop
  endfacet
  facet normal 0.000000e+00 0.000000e+00 1.000000e+00
    outer loop
      vertex   -2.235295e+01 -3.491481e+01 1.200000e+01
      vertex   -2.261177e+01 -3.394889e+01 1.200000e+01
      vertex   -2.300000e+01 -3.400000e+01 1.200000e+01
    endloop
  endfacet
  facet normal 0.000000e+00 0.000000e+00 1.000000e+00
    outer loop
      vertex   -2.235295e+01 -3.491481e+01 1.200000e+01
      vertex   -2.300000e+01 -3.400000e+01 1.200000e+01
      vertex   -2.300000e+01 -3.500000e+01 1.200000e+01
    endloop
  endfacet
  facet normal 0.000000e+00 -0.000000e+00 1.000000e+00
    outer loop
      vertex   -2.300000e+01 -3.500000e+01 1.200000e+01
      vertex   -2.300000e+01 -3.400000e+01 1.200000e+01
      vertex   -2.364705e+01 -3.491481e+01 1.200000e+01
    endloop
  endfacet
  facet normal 0.000000e+00 0.000000e+00 1.000000e+00
    outer loop
      vertex   -2.364705e+01 -3.491481e+01 1.200000e+01
      vertex   -2.300000e+01 -3.400000e+01 1.200000e+01
      vertex   -2.338823e+01 -3.394889e+01 1.200000e+01
    endloop
  endfacet
  facet normal 0.000000e+00 -0.000000e+00 1.000000e+00
    outer loop
      vertex   -2.364705e+01 -3.491481e+01 1.200000e+01
      vertex   -2.338823e+01 -3.394889e+01 1.200000e+01
      vertex   -2.425000e+01 -3.466506e+01 1.200000e+01
    endloop
  endfacet
  facet normal 0.000000e+00 0.000000e+00 1.000000e+00
    outer loop
      vertex   -2.425000e+01 -3.466506e+01 1.200000e+01
      vertex   -2.338823e+01 -3.394889e+01 1.200000e+01
      vertex   -2.375000e+01 -3.379904e+01 1.200000e+01
    endloop
  endfacet
  facet normal 0.000000e+00 -0.000000e+00 1.000000e+00
    outer loop
      vertex   -2.425000e+01 -3.466506e+01 1.200000e+01
      vertex   -2.375000e+01 -3.379904e+01 1.200000e+01
      vertex   -2.476777e+01 -3.426777e+01 1.200000e+01
    endloop
  endfacet
  facet normal 0.000000e+00 0.000000e+00 1.000000e+00
    outer loop
      vertex   -2.476777e+01 -3.426777e+01 1.200000e+01
      vertex   -2.375000e+01 -3.379904e+01 1.200000e+01
      vertex   -2.406066e+01 -3.356066e+01 1.200000e+01
    endloop
  endfacet
  facet normal 0.000000e+00 -0.000000e+00 1.000000e+00
    outer loop
      vertex   -2.476777e+01 -3.426777e+01 1.200000e+01
      vertex   -2.406066e+01 -3.356066e+01 1.200000e+01
      vertex   -2.516506e+01 -3.375000e+01 1.200000e+01
    endloop
  endfacet
  facet normal 0.000000e+00 0.000000e+00 1.000000e+00
    outer loop
      vertex   -2.516506e+01 -3.375000e+01 1.200000e+01
      vertex   -2.406066e+01 -3.356066e+01 1.200000e+01
      vertex   -2.429904e+01 -3.325000e+01 1.200000e+01
    endloop
  endfacet
  facet normal 0.000000e+00 -0.000000e+00 1.000000e+00
    outer loop
      vertex   -2.516506e+01 -3.375000e+01 1.200000e+01
      vertex   -2.429904e+01 -3.325000e+01 1.200000e+01
      vertex   -2.541481e+01 -3.314705e+01 1.200000e+01
    endloop
  endfacet
  facet normal -0.000000e+00 0.000000e+00 1.000000e+00
    outer loop
      vertex   -2.541481e+01 -3.314705e+01 1.200000e+01
      vertex   -2.429904e+01 -3.325000e+01 1.200000e+01
      vertex   -2.444889e+01 -3.288823e+01 1.200000e+01
    endloop
  endfacet
  facet normal 0.000000e+00 -0.000000e+00 1.000000e+00
    outer loop
      vertex   -2.541481e+01 -3.314705e+01 1.200000e+01
      vertex   -2.444889e+01 -3.288823e+01 1.200000e+01
      vertex   -2.550000e+01 -3.250000e+01 1.200000e+01
    endloop
  endfacet
  facet normal -0.000000e+00 0.000000e+00 1.000000e+00
    outer loop
      vertex   -2.550000e+01 -3.250000e+01 1.200000e+01
      vertex   -2.444889e+01 -3.288823e+01 1.200000e+01
      vertex   -2.450000e+01 -3.250000e+01 1.200000e+01
    endloop
  endfacet
  facet normal 0.000000e+00 0.000000e+00 1.000000e+00
    outer loop
      vertex   -2.550000e+01 -3.250000e+01 1.200000e+01
      vertex   -2.450000e+01 -3.250000e+01 1.200000e+01
      vertex   -2.541481e+01 -3.185295e+01 1.200000e+01
    endloop
  endfacet
  facet normal 0.000000e+00 0.000000e+00 1.000000e+00
    outer loop
      vertex   -2.541481e+01 -3.185295e+01 1.200000e+01
      vertex   -2.450000e+01 -3.250000e+01 1.200000e+01
      vertex   -2.444889e+01 -3.211177e+01 1.200000e+01
    endloop
  endfacet
  facet normal -0.000000e+00 0.000000e+00 1.000000e+00
    outer loop
      vertex   -2.541481e+01 -3.185295e+01 1.200000e+01
      vertex   -2.444889e+01 -3.211177e+01 1.200000e+01
      vertex   -2.429904e+01 -3.175000e+01 1.200000e+01
    endloop
  endfacet
  facet normal 0.000000e+00 0.000000e+00 1.000000e+00
    outer loop
      vertex   -2.541481e+01 -3.185295e+01 1.200000e+01
      vertex   -2.429904e+01 -3.175000e+01 1.200000e+01
      vertex   -2.516506e+01 -3.125000e+01 1.200000e+01
    endloop
  endfacet
  facet normal 0.000000e+00 0.000000e+00 1.000000e+00
    outer loop
      vertex   -2.516506e+01 -3.125000e+01 1.200000e+01
      vertex   -2.429904e+01 -3.175000e+01 1.200000e+01
      vertex   -2.406066e+01 -3.143934e+01 1.200000e+01
    endloop
  endfacet
  facet normal -0.000000e+00 0.000000e+00 1.000000e+00
    outer loop
      vertex   -2.516506e+01 -3.125000e+01 1.200000e+01
      vertex   -2.406066e+01 -3.143934e+01 1.200000e+01
      vertex   -2.476777e+01 -3.073223e+01 1.200000e+01
    endloop
  endfacet
  facet normal 0.000000e+00 0.000000e+00 1.000000e+00
    outer loop
      vertex   -2.476777e+01 -3.073223e+01 1.200000e+01
      vertex   -2.406066e+01 -3.143934e+01 1.200000e+01
      vertex   -2.375000e+01 -3.120096e+01 1.200000e+01
    endloop
  endfacet
  facet normal -0.000000e+00 0.000000e+00 1.000000e+00
    outer loop
      vertex   -2.476777e+01 -3.073223e+01 1.200000e+01
      vertex   -2.375000e+01 -3.120096e+01 1.200000e+01
      vertex   -2.425000e+01 -3.033494e+01 1.200000e+01
    endloop
  endfacet
  facet normal 0.000000e+00 0.000000e+00 1.000000e+00
    outer loop
      vertex   -2.425000e+01 -3.033494e+01 1.200000e+01
      vertex   -2.375000e+01 -3.120096e+01 1.200000e+01
      vertex   -2.338823e+01 -3.105111e+01 1.200000e+01
    endloop
  endfacet
  facet normal -0.000000e+00 0.000000e+00 1.000000e+00
    outer loop
      vertex   -2.425000e+01 -3.033494e+01 1.200000e+01
      vertex   -2.338823e+01 -3.105111e+01 1.200000e+01
      vertex   -2.364705e+01 -3.008519e+01 1.200000e+01
    endloop
  endfacet
  facet normal 0.000000e+00 0.000000e+00 1.000000e+00
    outer loop
      vertex   -2.364705e+01 -3.008519e+01 1.200000e+01
      vertex   -2.338823e+01 -3.105111e+01 1.200000e+01
      vertex   -2.300000e+01 -3.100000e+01 1.200000e+01
    endloop
  endfacet
  facet normal -0.000000e+00 0.000000e+00 1.000000e+00
    outer loop
      vertex   -2.364705e+01 -3.008519e+01 1.200000e+01
      vertex   -2.300000e+01 -3.100000e+01 1.200000e+01
      vertex   -2.300000e+01 -3.000000e+01 1.200000e+01
    endloop
  endfacet
  facet normal 0.000000e+00 0.000000e+00 1.000000e+00
    outer loop
      vertex   -2.300000e+01 -3.000000e+01 1.200000e+01
      vertex   -2.300000e+01 -3.100000e+01 1.200000e+01
      vertex   -2.235295e+01 -3.008519e+01 1.200000e+01
    endloop
  endfacet
  facet normal 0.000000e+00 0.000000e+00 1.000000e+00
    outer loop
      vertex   -2.235295e+01 -3.008519e+01 1.200000e+01
      vertex   -2.300000e+01 -3.100000e+01 1.200000e+01
      vertex   -2.261177e+01 -3.105111e+01 1.200000e+01
    endloop
  endfacet
  facet normal 0.000000e+00 0.000000e+00 1.000000e+00
    outer loop
      vertex   -2.235295e+01 -3.008519e+01 1.200000e+01
      vertex   -2.261177e+01 -3.105111e+01 1.200000e+01
      vertex   -2.175000e+01 -3.033494e+01 1.200000e+01
    endloop
  endfacet
  facet normal 0.000000e+00 0.000000e+00 1.000000e+00
    outer loop
      vertex   -2.175000e+01 -3.033494e+01 1.200000e+01
      vertex   -2.261177e+01 -3.105111e+01 1.200000e+01
      vertex   -2.225000e+01 -3.120096e+01 1.200000e+01
    endloop
  endfacet
  facet normal 0.000000e+00 0.000000e+00 1.000000e+00
    outer loop
      vertex   -2.175000e+01 -3.033494e+01 1.200000e+01
      vertex   -2.225000e+01 -3.120096e+01 1.200000e+01
      vertex   -2.123223e+01 -3.073223e+01 1.200000e+01
    endloop
  endfacet
  facet normal 0.000000e+00 0.000000e+00 1.000000e+00
    outer loop
      vertex   -2.123223e+01 -3.073223e+01 1.200000e+01
      vertex   -2.225000e+01 -3.120096e+01 1.200000e+01
      vertex   -2.193934e+01 -3.143934e+01 1.200000e+01
    endloop
  endfacet
  facet normal 0.000000e+00 0.000000e+00 1.000000e+00
    outer loop
      vertex   -2.123223e+01 -3.073223e+01 1.200000e+01
      vertex   -2.193934e+01 -3.143934e+01 1.200000e+01
      vertex   -2.083494e+01 -3.125000e+01 1.200000e+01
    endloop
  endfacet
  facet normal 0.000000e+00 0.000000e+00 1.000000e+00
    outer loop
      vertex   -2.083494e+01 -3.125000e+01 1.200000e+01
      vertex   -2.193934e+01 -3.143934e+01 1.200000e+01
      vertex   -2.170096e+01 -3.175000e+01 1.200000e+01
    endloop
  endfacet
  facet normal 0.000000e+00 0.000000e+00 1.000000e+00
    outer loop
      vertex   -2.083494e+01 -3.125000e+01 1.200000e+01
      vertex   -2.170096e+01 -3.175000e+01 1.200000e+01
      vertex   -2.058519e+01 -3.185295e+01 1.200000e+01
    endloop
  endfacet
  facet normal 0.000000e+00 0.000000e+00 1.000000e+00
    outer loop
      vertex   -2.058519e+01 -3.185295e+01 1.200000e+01
      vertex   -2.170096e+01 -3.175000e+01 1.200000e+01
      vertex   -2.155111e+01 -3.211177e+01 1.200000e+01
    endloop
  endfacet
  facet normal 0.000000e+00 0.000000e+00 1.000000e+00
    outer loop
      vertex   -2.058519e+01 -3.185295e+01 1.200000e+01
      vertex   -2.155111e+01 -3.211177e+01 1.200000e+01
      vertex   -2.050000e+01 -3.250000e+01 1.200000e+01
    endloop
  endfacet
  facet normal 0.000000e+00 0.000000e+00 1.000000e+00
    outer loop
      vertex   -2.155111e+01 -3.211177e+01 2.000000e+00
      vertex   -2.444889e+01 -3.211177e+01 2.000000e+00
      vertex   -2.150000e+01 -3.250000e+01 2.000000e+00
    endloop
  endfacet
  facet normal 0.000000e+00 0.000000e+00 1.000000e+00
    outer loop
      vertex   -2.150000e+01 -3.250000e+01 2.000000e+00
      vertex   -2.444889e+01 -3.211177e+01 2.000000e+00
      vertex   -2.450000e+01 -3.250000e+01 2.000000e+00
    endloop
  endfacet
  facet normal 0.000000e+00 0.000000e+00 1.000000e+00
    outer loop
      vertex   -2.150000e+01 -3.250000e+01 2.000000e+00
      vertex   -2.450000e+01 -3.250000e+01 2.000000e+00
      vertex   -2.155111e+01 -3.288823e+01 2.000000e+00
    endloop
  endfacet
  facet normal 0.000000e+00 0.000000e+00 1.000000e+00
    outer loop
      vertex   -2.155111e+01 -3.288823e+01 2.000000e+00
      vertex   -2.450000e+01 -3.250000e+01 2.000000e+00
      vertex   -2.444889e+01 -3.288823e+01 2.000000e+00
    endloop
  endfacet
  facet normal 0.000000e+00 0.000000e+00 1.000000e+00
    outer loop
      vertex   -2.155111e+01 -3.288823e+01 2.000000e+00
      vertex   -2.444889e+01 -3.288823e+01 2.000000e+00
      vertex   -2.170096e+01 -3.325000e+01 2.000000e+00
    endloop
  endfacet
  facet normal 0.000000e+00 0.000000e+00 1.000000e+00
    outer loop
      vertex   -2.170096e+01 -3.325000e+01 2.000000e+00
      vertex   -2.444889e+01 -3.288823e+01 2.000000e+00
      vertex   -2.429904e+01 -3.325000e+01 2.000000e+00
    endloop
  endfacet
  facet normal 0.000000e+00 0.000000e+00 1.000000e+00
    outer loop
      vertex   -2.170096e+01 -3.325000e+01 2.000000e+00
      vertex   -2.429904e+01 -3.325000e+01 2.000000e+00
      vertex   -2.193934e+01 -3.356066e+01 2.000000e+00
    endloop
  endfacet
  facet normal 0.000000e+00 0.000000e+00 1.000000e+00
    outer loop
      vertex   -2.193934e+01 -3.356066e+01 2.000000e+00
      vertex   -2.429904e+01 -3.325000e+01 2.000000e+00
      vertex   -2.406066e+01 -3.356066e+01 2.000000e+00
    endloop
  endfacet
  facet normal 0.000000e+00 0.000000e+00 1.000000e+00
    outer loop
      vertex   -2.193934e+01 -3.356066e+01 2.000000e+00
      vertex   -2.406066e+01 -3.356066e+01 2.000000e+00
      vertex   -2.225000e+01 -3.379904e+01 2.000000e+00
    endloop
  endfacet
  facet normal 0.000000e+00 0.000000e+00 1.000000e+00
    outer loop
      vertex   -2.225000e+01 -3.379904e+01 2.000000e+00
      vertex   -2.406066e+01 -3.356066e+01 2.000000e+00
      vertex   -2.375000e+01 -3.379904e+01 2.000000e+00
    endloop
  endfacet
  facet normal 0.000000e+00 0.000000e+00 1.000000e+00
    outer loop
      vertex   -2.225000e+01 -3.379904e+01 2.000000e+00
      vertex   -2.375000e+01 -3.379904e+01 2.000000e+00
      vertex   -2.261177e+01 -3.394889e+01 2.000000e+00
    endloop
  endfacet
  facet normal 0.000000e+00 0.000000e+00 1.000000e+00
    outer loop
      vertex   -2.261177e+01 -3.394889e+01 2.000000e+00
      vertex   -2.375000e+01 -3.379904e+01 2.000000e+00
      vertex   -2.338823e+01 -3.394889e+01 2.000000e+00
    endloop
  endfacet
  facet normal 0.000000e+00 0.000000e+00 1.000000e+00
    outer loop
      vertex   -2.261177e+01 -3.394889e+01 2.000000e+00
      vertex   -2.338823e+01 -3.394889e+01 2.000000e+00
      vertex   -2.300000e+01 -3.400000e+01 2.000000e+00
    endloop
  endfacet
  facet normal 0.000000e+00 0.000000e+00 1.000000e+00
    outer loop
      vertex   -2.444889e+01 -3.211177e+01 2.000000e+00
      vertex   -2.155111e+01 -3.211177e+01 2.000000e+00
      vertex   -2.429904e+01 -3.175000e+01 2.000000e+00
    endloop
  endfacet
  facet normal -0.000000e+00 0.000000e+00 1.000000e+00
    outer loop
      vertex   -2.429904e+01 -3.175000e+01 2.000000e+00
      vertex   -2.155111e+01 -3.211177e+01 2.000000e+00
      vertex   -2.170096e+01 -3.175000e+01 2.000000e+00
    endloop
  endfacet
  facet normal 0.000000e+00 0.000000e+00 1.000000e+00
    outer loop
      vertex   -2.429904e+01 -3.175000e+01 2.000000e+00
      vertex   -2.170096e+01 -3.175000e+01 2.000000e+00
      vertex   -2.406066e+01 -3.143934e+01 2.000000e+00
    endloop
  endfacet
  facet normal -0.000000e+00 0.000000e+00 1.000000e+00
    outer loop
      vertex   -2.406066e+01 -3.143934e+01 2.000000e+00
      vertex   -2.170096e+01 -3.175000e+01 2.000000e+00
      vertex   -2.193934e+01 -3.143934e+01 2.000000e+00
    endloop
  endfacet
  facet normal 0.000000e+00 0.000000e+00 1.000000e+00
    outer loop
      vertex   -2.406066e+01 -3.143934e+01 2.000000e+00
      vertex   -2.193934e+01 -3.143934e+01 2.000000e+00
      vertex   -2.375000e+01 -3.120096e+01 2.000000e+00
    endloop
  endfacet
  facet normal -0.000000e+00 0.000000e+00 1.000000e+00
    outer loop
      vertex   -2.375000e+01 -3.120096e+01 2.000000e+00
      vertex   -2.193934e+01 -3.143934e+01 2.000000e+00
      vertex   -2.225000e+01 -3.120096e+01 2.000000e+00
    endloop
  endfacet
  facet normal 0.000000e+00 0.000000e+00 1.000000e+00
    outer loop
      vertex   -2.375000e+01 -3.120096e+01 2.000000e+00
      vertex   -2.225000e+01 -3.120096e+01 2.000000e+00
      vertex   -2.338823e+01 -3.105111e+01 2.000000e+00
    endloop
  endfacet
  facet normal -0.000000e+00 0.000000e+00 1.000000e+00
    outer loop
      vertex   -2.338823e+01 -3.105111e+01 2.000000e+00
      vertex   -2.225000e+01 -3.120096e+01 2.000000e+00
      vertex   -2.261177e+01 -3.105111e+01 2.000000e+00
    endloop
  endfacet
  facet normal 0.000000e+00 0.000000e+00 1.000000e+00
    outer loop
      vertex   -2.338823e+01 -3.105111e+01 2.000000e+00
      vertex   -2.261177e+01 -3.105111e+01 2.000000e+00
      vertex   -2.300000e+01 -3.100000e+01 2.000000e+00
    endloop
  endfacet
  facet normal -9.914449e-01 -1.305262e-01 -0.000000e+00
    outer loop
      vertex   2.444889e+01 -3.211177e+01 1.200000e+01
      vertex   2.444889e+01 -3.211177e+01 7.000000e+00
      vertex   2.450000e+01 -3.250000e+01 1.200000e+01
    endloop
  endfacet
  facet normal -9.914449e-01 -1.305262e-01 -0.000000e+00
    outer loop
      vertex   2.450000e+01 -3.250000e+01 1.200000e+01
      vertex   2.444889e+01 -3.211177e+01 7.000000e+00
      vertex   2.450000e+01 -3.250000e+01 7.000000e+00
    endloop
  endfacet
  facet normal -9.914449e-01 1.305262e-01 0.000000e+00
    outer loop
      vertex   2.450000e+01 -3.250000e+01 1.200000e+01
      vertex   2.450000e+01 -3.250000e+01 7.000000e+00
      vertex   2.444889e+01 -3.288823e+01 1.200000e+01
    endloop
  endfacet
  facet normal -9.914449e-01 1.305262e-01 0.000000e+00
    outer loop
      vertex   2.444889e+01 -3.288823e+01 1.200000e+01
      vertex   2.450000e+01 -3.250000e+01 7.000000e+00
      vertex   2.444889e+01 -3.288823e+01 7.000000e+00
    endloop
  endfacet
  facet normal -9.238795e-01 3.826834e-01 0.000000e+00
    outer loop
      vertex   2.444889e+01 -3.288823e+01 1.200000e+01
      vertex   2.444889e+01 -3.288823e+01 7.000000e+00
      vertex   2.429904e+01 -3.325000e+01 1.200000e+01
    endloop
  endfacet
  facet normal -9.238795e-01 3.826834e-01 -5.438259e-16
    outer loop
      vertex   2.429904e+01 -3.325000e+01 1.200000e+01
      vertex   2.444889e+01 -3.288823e+01 7.000000e+00
      vertex   2.429904e+01 -3.325000e+01 7.000000e+00
    endloop
  endfacet
  facet normal -7.933533e-01 6.087614e-01 -8.651020e-16
    outer loop
      vertex   2.429904e+01 -3.325000e+01 1.200000e+01
      vertex   2.429904e+01 -3.325000e+01 7.000000e+00
      vertex   2.406066e+01 -3.356066e+01 1.200000e+01
    endloop
  endfacet
  facet normal -7.933533e-01 6.087614e-01 0.000000e+00
    outer loop
      vertex   2.406066e+01 -3.356066e+01 1.200000e+01
      vertex   2.429904e+01 -3.325000e+01 7.000000e+00
      vertex   2.406066e+01 -3.356066e+01 7.000000e+00
    endloop
  endfacet
  facet normal -6.087614e-01 7.933533e-01 0.000000e+00
    outer loop
      vertex   2.406066e+01 -3.356066e+01 1.200000e+01
      vertex   2.406066e+01 -3.356066e+01 7.000000e+00
      vertex   2.375000e+01 -3.379904e+01 1.200000e+01
    endloop
  endfacet
  facet normal -6.087614e-01 7.933533e-01 0.000000e+00
    outer loop
      vertex   2.375000e+01 -3.379904e+01 1.200000e+01
      vertex   2.406066e+01 -3.356066e+01 7.000000e+00
      vertex   2.375000e+01 -3.379904e+01 7.000000e+00
    endloop
  endfacet
  facet normal -3.826834e-01 9.238795e-01 0.000000e+00
    outer loop
      vertex   2.375000e+01 -3.379904e+01 1.200000e+01
      vertex   2.375000e+01 -3.379904e+01 7.000000e+00
      vertex   2.338823e+01 -3.394889e+01 1.200000e+01
    endloop
  endfacet
  facet normal -3.826834e-01 9.238795e-01 0.000000e+00
    outer loop
      vertex   2.338823e+01 -3.394889e+01 1.200000e+01
      vertex   2.375000e+01 -3.379904e+01 7.000000e+00
      vertex   2.338823e+01 -3.394889e+01 7.000000e+00
    endloop
  endfacet
  facet normal -1.305262e-01 9.914449e-01 0.000000e+00
    outer loop
      vertex   2.338823e+01 -3.394889e+01 1.200000e+01
      vertex   2.338823e+01 -3.394889e+01 7.000000e+00
      vertex   2.300000e+01 -3.400000e+01 1.200000e+01
    endloop
  endfacet
  facet normal -1.305262e-01 9.914449e-01 0.000000e+00
    outer loop
      vertex   2.300000e+01 -3.400000e+01 1.200000e+01
      vertex   2.338823e+01 -3.394889e+01 7.000000e+00
      vertex   2.300000e+01 -3.400000e+01 7.000000e+00
    endloop
  endfacet
  facet normal 1.305262e-01 9.914449e-01 0.000000e+00
    outer loop
      vertex   2.300000e+01 -3.400000e+01 1.200000e+01
      vertex   2.300000e+01 -3.400000e+01 7.000000e+00
      vertex   2.261177e+01 -3.394889e+01 1.200000e+01
    endloop
  endfacet
  facet normal 1.305262e-01 9.914449e-01 0.000000e+00
    outer loop
      vertex   2.261177e+01 -3.394889e+01 1.200000e+01
      vertex   2.300000e+01 -3.400000e+01 7.000000e+00
      vertex   2.261177e+01 -3.394889e+01 7.000000e+00
    endloop
  endfacet
  facet normal 3.826834e-01 9.238795e-01 0.000000e+00
    outer loop
      vertex   2.261177e+01 -3.394889e+01 1.200000e+01
      vertex   2.261177e+01 -3.394889e+01 7.000000e+00
      vertex   2.225000e+01 -3.379904e+01 1.200000e+01
    endloop
  endfacet
  facet normal 3.826834e-01 9.238795e-01 -2.719129e-16
    outer loop
      vertex   2.225000e+01 -3.379904e+01 1.200000e+01
      vertex   2.261177e+01 -3.394889e+01 7.000000e+00
      vertex   2.225000e+01 -3.379904e+01 7.000000e+00
    endloop
  endfacet
  facet normal 6.087614e-01 7.933533e-01 -4.325510e-16
    outer loop
      vertex   2.225000e+01 -3.379904e+01 1.200000e+01
      vertex   2.225000e+01 -3.379904e+01 7.000000e+00
      vertex   2.193934e+01 -3.356066e+01 1.200000e+01
    endloop
  endfacet
  facet normal 6.087614e-01 7.933533e-01 0.000000e+00
    outer loop
      vertex   2.193934e+01 -3.356066e+01 1.200000e+01
      vertex   2.225000e+01 -3.379904e+01 7.000000e+00
      vertex   2.193934e+01 -3.356066e+01 7.000000e+00
    endloop
  endfacet
  facet normal 7.933533e-01 6.087614e-01 0.000000e+00
    outer loop
      vertex   2.193934e+01 -3.356066e+01 1.200000e+01
      vertex   2.193934e+01 -3.356066e+01 7.000000e+00
      vertex   2.170096e+01 -3.325000e+01 1.200000e+01
    endloop
  endfacet
  facet normal 7.933533e-01 6.087614e-01 0.000000e+00
    outer loop
      vertex   2.170096e+01 -3.325000e+01 1.200000e+01
      vertex   2.193934e+01 -3.356066e+01 7.000000e+00
      vertex   2.170096e+01 -3.325000e+01 7.000000e+00
    endloop
  endfacet
  facet normal 9.238795e-01 3.826834e-01 0.000000e+00
    outer loop
      vertex   2.170096e+01 -3.325000e+01 1.200000e+01
      vertex   2.170096e+01 -3.325000e+01 7.000000e+00
      vertex   2.155111e+01 -3.288823e+01 1.200000e+01
    endloop
  endfacet
  facet normal 9.238795e-01 3.826834e-01 0.000000e+00
    outer loop
      vertex   2.155111e+01 -3.288823e+01 1.200000e+01
      vertex   2.170096e+01 -3.325000e+01 7.000000e+00
      vertex   2.155111e+01 -3.288823e+01 7.000000e+00
    endloop
  endfacet
  facet normal 9.914449e-01 1.305262e-01 0.000000e+00
    outer loop
      vertex   2.155111e+01 -3.288823e+01 1.200000e+01
      vertex   2.155111e+01 -3.288823e+01 7.000000e+00
      vertex   2.150000e+01 -3.250000e+01 1.200000e+01
    endloop
  endfacet
  facet normal 9.914449e-01 1.305262e-01 0.000000e+00
    outer loop
      vertex   2.150000e+01 -3.250000e+01 1.200000e+01
      vertex   2.155111e+01 -3.288823e+01 7.000000e+00
      vertex   2.150000e+01 -3.250000e+01 7.000000e+00
    endloop
  endfacet
  facet normal 9.914449e-01 -1.305262e-01 0.000000e+00
    outer loop
      vertex   2.150000e+01 -3.250000e+01 1.200000e+01
      vertex   2.150000e+01 -3.250000e+01 7.000000e+00
      vertex   2.155111e+01 -3.211177e+01 1.200000e+01
    endloop
  endfacet
  facet normal 9.914449e-01 -1.305262e-01 0.000000e+00
    outer loop
      vertex   2.155111e+01 -3.211177e+01 1.200000e+01
      vertex   2.150000e+01 -3.250000e+01 7.000000e+00
      vertex   2.155111e+01 -3.211177e+01 7.000000e+00
    endloop
  endfacet
  facet normal 9.238795e-01 -3.826834e-01 0.000000e+00
    outer loop
      vertex   2.155111e+01 -3.211177e+01 1.200000e+01
      vertex   2.155111e+01 -3.211177e+01 7.000000e+00
      vertex   2.170096e+01 -3.175000e+01 1.200000e+01
    endloop
  endfacet
  facet normal 9.238795e-01 -3.826834e-01 -2.719129e-16
    outer loop
      vertex   2.170096e+01 -3.175000e+01 1.200000e+01
      vertex   2.155111e+01 -3.211177e+01 7.000000e+00
      vertex   2.170096e+01 -3.175000e+01 7.000000e+00
    endloop
  endfacet
  facet normal 7.933533e-01 -6.087614e-01 -4.325510e-16
    outer loop
      vertex   2.170096e+01 -3.175000e+01 1.200000e+01
      vertex   2.170096e+01 -3.175000e+01 7.000000e+00
      vertex   2.193934e+01 -3.143934e+01 1.200000e+01
    endloop
  endfacet
  facet normal 7.933533e-01 -6.087614e-01 0.000000e+00
    outer loop
      vertex   2.193934e+01 -3.143934e+01 1.200000e+01
      vertex   2.170096e+01 -3.175000e+01 7.000000e+00
      vertex   2.193934e+01 -3.143934e+01 7.000000e+00
    endloop
  endfacet
  facet normal 6.087614e-01 -7.933533e-01 0.000000e+00
    outer loop
      vertex   2.193934e+01 -3.143934e+01 1.200000e+01
      vertex   2.193934e+01 -3.143934e+01 7.000000e+00
      vertex   2.225000e+01 -3.120096e+01 1.200000e+01
    endloop
  endfacet
  facet normal 6.087614e-01 -7.933533e-01 0.000000e+00
    outer loop
      vertex   2.225000e+01 -3.120096e+01 1.200000e+01
      vertex   2.193934e+01 -3.143934e+01 7.000000e+00
      vertex   2.225000e+01 -3.120096e+01 7.000000e+00
    endloop
  endfacet
  facet normal 3.826834e-01 -9.238795e-01 0.000000e+00
    outer loop
      vertex   2.225000e+01 -3.120096e+01 1.200000e+01
      vertex   2.225000e+01 -3.120096e+01 7.000000e+00
      vertex   2.261177e+01 -3.105111e+01 1.200000e+01
    endloop
  endfacet
  facet normal 3.826834e-01 -9.238795e-01 5.438259e-16
    outer loop
      vertex   2.261177e+01 -3.105111e+01 1.200000e+01
      vertex   2.225000e+01 -3.120096e+01 7.000000e+00
      vertex   2.261177e+01 -3.105111e+01 7.000000e+00
    endloop
  endfacet
  facet normal 1.305262e-01 -9.914449e-01 1.854889e-16
    outer loop
      vertex   2.261177e+01 -3.105111e+01 1.200000e+01
      vertex   2.261177e+01 -3.105111e+01 7.000000e+00
      vertex   2.300000e+01 -3.100000e+01 1.200000e+01
    endloop
  endfacet
  facet normal 1.305262e-01 -9.914449e-01 0.000000e+00
    outer loop
      vertex   2.300000e+01 -3.100000e+01 1.200000e+01
      vertex   2.261177e+01 -3.105111e+01 7.000000e+00
      vertex   2.300000e+01 -3.100000e+01 7.000000e+00
    endloop
  endfacet
  facet normal -1.305262e-01 -9.914449e-01 -0.000000e+00
    outer loop
      vertex   2.300000e+01 -3.100000e+01 1.200000e+01
      vertex   2.300000e+01 -3.100000e+01 7.000000e+00
      vertex   2.338823e+01 -3.105111e+01 1.200000e+01
    endloop
  endfacet
  facet normal -1.305262e-01 -9.914449e-01 -0.000000e+00
    outer loop
      vertex   2.338823e+01 -3.105111e+01 1.200000e+01
      vertex   2.300000e+01 -3.100000e+01 7.000000e+00
      vertex   2.338823e+01 -3.105111e+01 7.000000e+00
    endloop
  endfacet
  facet normal -3.826834e-01 -9.238795e-01 -0.000000e+00
    outer loop
      vertex   2.338823e+01 -3.105111e+01 1.200000e+01
      vertex   2.338823e+01 -3.105111e+01 7.000000e+00
      vertex   2.375000e+01 -3.120096e+01 1.200000e+01
    endloop
  endfacet
  facet normal -3.826834e-01 -9.238795e-01 3.845430e-16
    outer loop
      vertex   2.375000e+01 -3.120096e+01 1.200000e+01
      vertex   2.338823e+01 -3.105111e+01 7.000000e+00
      vertex   2.375000e+01 -3.120096e+01 7.000000e+00
    endloop
  endfacet
  facet normal -6.087614e-01 -7.933533e-01 1.311604e-16
    outer loop
      vertex   2.375000e+01 -3.120096e+01 1.200000e+01
      vertex   2.375000e+01 -3.120096e+01 7.000000e+00
      vertex   2.406066e+01 -3.143934e+01 1.200000e+01
    endloop
  endfacet
  facet normal -6.087614e-01 -7.933533e-01 -0.000000e+00
    outer loop
      vertex   2.406066e+01 -3.143934e+01 1.200000e+01
      vertex   2.375000e+01 -3.120096e+01 7.000000e+00
      vertex   2.406066e+01 -3.143934e+01 7.000000e+00
    endloop
  endfacet
  facet normal -7.933533e-01 -6.087614e-01 -0.000000e+00
    outer loop
      vertex   2.406066e+01 -3.143934e+01 1.200000e+01
      vertex   2.406066e+01 -3.143934e+01 7.000000e+00
      vertex   2.429904e+01 -3.175000e+01 1.200000e+01
    endloop
  endfacet
  facet normal -7.933533e-01 -6.087614e-01 -0.000000e+00
    outer loop
      vertex   2.429904e+01 -3.175000e+01 1.200000e+01
      vertex   2.406066e+01 -3.143934e+01 7.000000e+00
      vertex   2.429904e+01 -3.175000e+01 7.000000e+00
    endloop
  endfacet
  facet normal -9.238795e-01 -3.826834e-01 -0.000000e+00
    outer loop
      vertex   2.429904e+01 -3.175000e+01 1.200000e+01
      vertex   2.429904e+01 -3.175000e+01 7.000000e+00
      vertex   2.444889e+01 -3.211177e+01 1.200000e+01
    endloop
  endfacet
  facet normal -9.238795e-01 -3.826834e-01 -0.000000e+00
    outer loop
      vertex   2.444889e+01 -3.211177e+01 1.200000e+01
      vertex   2.429904e+01 -3.175000e+01 7.000000e+00
      vertex   2.444889e+01 -3.211177e+01 7.000000e+00
    endloop
  endfacet
  facet normal -9.914449e-01 1.305262e-01 0.000000e+00
    outer loop
      vertex   2.444889e+01 -3.288823e+01 2.000000e+00
      vertex   2.444889e+01 -3.288823e+01 7.000000e+00
      vertex   2.450000e+01 -3.250000e+01 2.000000e+00
    endloop
  endfacet
  facet normal -9.914449e-01 1.305262e-01 0.000000e+00
    outer loop
      vertex   2.450000e+01 -3.250000e+01 2.000000e+00
      vertex   2.444889e+01 -3.288823e+01 7.000000e+00
      vertex   2.450000e+01 -3.250000e+01 7.000000e+00
    endloop
  endfacet
  facet normal -9.914449e-01 -1.305262e-01 0.000000e+00
    outer loop
      vertex   2.450000e+01 -3.250000e+01 2.000000e+00
      vertex   2.450000e+01 -3.250000e+01 7.000000e+00
      vertex   2.444889e+01 -3.211177e+01 2.000000e+00
    endloop
  endfacet
  facet normal -9.914449e-01 -1.305262e-01 0.000000e+00
    outer loop
      vertex   2.444889e+01 -3.211177e+01 2.000000e+00
      vertex   2.450000e+01 -3.250000e+01 7.000000e+00
      vertex   2.444889e+01 -3.211177e+01 7.000000e+00
    endloop
  endfacet
  facet normal -9.238795e-01 -3.826834e-01 0.000000e+00
    outer loop
      vertex   2.444889e+01 -3.211177e+01 2.000000e+00
      vertex   2.444889e+01 -3.211177e+01 7.000000e+00
      vertex   2.429904e+01 -3.175000e+01 2.000000e+00
    endloop
  endfacet
  facet normal -9.238795e-01 -3.826834e-01 2.719129e-16
    outer loop
      vertex   2.429904e+01 -3.175000e+01 2.000000e+00
      vertex   2.444889e+01 -3.211177e+01 7.000000e+00
      vertex   2.429904e+01 -3.175000e+01 7.000000e+00
    endloop
  endfacet
  facet normal -7.933533e-01 -6.087614e-01 4.325510e-16
    outer loop
      vertex   2.429904e+01 -3.175000e+01 2.000000e+00
      vertex   2.429904e+01 -3.175000e+01 7.000000e+00
      vertex   2.406066e+01 -3.143934e+01 2.000000e+00
    endloop
  endfacet
  facet normal -7.933533e-01 -6.087614e-01 0.000000e+00
    outer loop
      vertex   2.406066e+01 -3.143934e+01 2.000000e+00
      vertex   2.429904e+01 -3.175000e+01 7.000000e+00
      vertex   2.406066e+01 -3.143934e+01 7.000000e+00
    endloop
  endfacet
  facet normal -6.087614e-01 -7.933533e-01 0.000000e+00
    outer loop
      vertex   2.406066e+01 -3.143934e+01 2.000000e+00
      vertex   2.406066e+01 -3.143934e+01 7.000000e+00
      vertex   2.375000e+01 -3.120096e+01 2.000000e+00
    endloop
  endfacet
  facet normal -6.087614e-01 -7.933533e-01 0.000000e+00
    outer loop
      vertex   2.375000e+01 -3.120096e+01 2.000000e+00
      vertex   2.406066e+01 -3.143934e+01 7.000000e+00
      vertex   2.375000e+01 -3.120096e+01 7.000000e+00
    endloop
  endfacet
  facet normal -3.826834e-01 -9.238795e-01 0.000000e+00
    outer loop
      vertex   2.375000e+01 -3.120096e+01 2.000000e+00
      vertex   2.375000e+01 -3.120096e+01 7.000000e+00
      vertex   2.338823e+01 -3.105111e+01 2.000000e+00
    endloop
  endfacet
  facet normal -3.826834e-01 -9.238795e-01 0.000000e+00
    outer loop
      vertex   2.338823e+01 -3.105111e+01 2.000000e+00
      vertex   2.375000e+01 -3.120096e+01 7.000000e+00
      vertex   2.338823e+01 -3.105111e+01 7.000000e+00
    endloop
  endfacet
  facet normal -1.305262e-01 -9.914449e-01 0.000000e+00
    outer loop
      vertex   2.338823e+01 -3.105111e+01 2.000000e+00
      vertex   2.338823e+01 -3.105111e+01 7.000000e+00
      vertex   2.300000e+01 -3.100000e+01 2.000000e+00
    endloop
  endfacet
  facet normal -1.305262e-01 -9.914449e-01 0.000000e+00
    outer loop
      vertex   2.300000e+01 -3.100000e+01 2.000000e+00
      vertex   2.338823e+01 -3.105111e+01 7.000000e+00
      vertex   2.300000e+01 -3.100000e+01 7.000000e+00
    endloop
  endfacet
  facet normal 1.305262e-01 -9.914449e-01 0.000000e+00
    outer loop
      vertex   2.300000e+01 -3.100000e+01 2.000000e+00
      vertex   2.300000e+01 -3.100000e+01 7.000000e+00
      vertex   2.261177e+01 -3.105111e+01 2.000000e+00
    endloop
  endfacet
  facet normal 1.305262e-01 -9.914449e-01 0.000000e+00
    outer loop
      vertex   2.261177e+01 -3.105111e+01 2.000000e+00
      vertex   2.300000e+01 -3.100000e+01 7.000000e+00
      vertex   2.261177e+01 -3.105111e+01 7.000000e+00
    endloop
  endfacet
  facet normal 3.826834e-01 -9.238795e-01 0.000000e+00
    outer loop
      vertex   2.261177e+01 -3.105111e+01 2.000000e+00
      vertex   2.261177e+01 -3.105111e+01 7.000000e+00
      vertex   2.225000e+01 -3.120096e+01 2.000000e+00
    endloop
  endfacet
  facet normal 3.826834e-01 -9.238795e-01 2.719129e-16
    outer loop
      vertex   2.225000e+01 -3.120096e+01 2.000000e+00
      vertex   2.261177e+01 -3.105111e+01 7.000000e+00
      vertex   2.225000e+01 -3.120096e+01 7.000000e+00
    endloop
  endfacet
  facet normal 6.087614e-01 -7.933533e-01 4.325510e-16
    outer loop
      vertex   2.225000e+01 -3.120096e+01 2.000000e+00
      vertex   2.225000e+01 -3.120096e+01 7.000000e+00
      vertex   2.193934e+01 -3.143934e+01 2.000000e+00
    endloop
  endfacet
  facet normal 6.087614e-01 -7.933533e-01 0.000000e+00
    outer loop
      vertex   2.193934e+01 -3.143934e+01 2.000000e+00
      vertex   2.225000e+01 -3.120096e+01 7.000000e+00
      vertex   2.193934e+01 -3.143934e+01 7.000000e+00
    endloop
  endfacet
  facet normal 7.933533e-01 -6.087614e-01 0.000000e+00
    outer loop
      vertex   2.193934e+01 -3.143934e+01 2.000000e+00
      vertex   2.193934e+01 -3.143934e+01 7.000000e+00
      vertex   2.170096e+01 -3.175000e+01 2.000000e+00
    endloop
  endfacet
  facet normal 7.933533e-01 -6.087614e-01 0.000000e+00
    outer loop
      vertex   2.170096e+01 -3.175000e+01 2.000000e+00
      vertex   2.193934e+01 -3.143934e+01 7.000000e+00
      vertex   2.170096e+01 -3.175000e+01 7.000000e+00
    endloop
  endfacet
  facet normal 9.238795e-01 -3.826834e-01 0.000000e+00
    outer loop
      vertex   2.170096e+01 -3.175000e+01 2.000000e+00
      vertex   2.170096e+01 -3.175000e+01 7.000000e+00
      vertex   2.155111e+01 -3.211177e+01 2.000000e+00
    endloop
  endfacet
  facet normal 9.238795e-01 -3.826834e-01 0.000000e+00
    outer loop
      vertex   2.155111e+01 -3.211177e+01 2.000000e+00
      vertex   2.170096e+01 -3.175000e+01 7.000000e+00
      vertex   2.155111e+01 -3.211177e+01 7.000000e+00
    endloop
  endfacet
  facet normal 9.914449e-01 -1.305262e-01 0.000000e+00
    outer loop
      vertex   2.155111e+01 -3.211177e+01 2.000000e+00
      vertex   2.155111e+01 -3.211177e+01 7.000000e+00
      vertex   2.150000e+01 -3.250000e+01 2.000000e+00
    endloop
  endfacet
  facet normal 9.914449e-01 -1.305262e-01 0.000000e+00
    outer loop
      vertex   2.150000e+01 -3.250000e+01 2.000000e+00
      vertex   2.155111e+01 -3.211177e+01 7.000000e+00
      vertex   2.150000e+01 -3.250000e+01 7.000000e+00
    endloop
  endfacet
  facet normal 9.914449e-01 1.305262e-01 -0.000000e+00
    outer loop
      vertex   2.150000e+01 -3.250000e+01 2.000000e+00
      vertex   2.150000e+01 -3.250000e+01 7.000000e+00
      vertex   2.155111e+01 -3.288823e+01 2.000000e+00
    endloop
  endfacet
  facet normal 9.914449e-01 1.305262e-01 -0.000000e+00
    outer loop
      vertex   2.155111e+01 -3.288823e+01 2.000000e+00
      vertex   2.150000e+01 -3.250000e+01 7.000000e+00
      vertex   2.155111e+01 -3.288823e+01 7.000000e+00
    endloop
  endfacet
  facet normal 9.238795e-01 3.826834e-01 -0.000000e+00
    outer loop
      vertex   2.155111e+01 -3.288823e+01 2.000000e+00
      vertex   2.155111e+01 -3.288823e+01 7.000000e+00
      vertex   2.170096e+01 -3.325000e+01 2.000000e+00
    endloop
  endfacet
  facet normal 9.238795e-01 3.826834e-01 5.438259e-16
    outer loop
      vertex   2.170096e+01 -3.325000e+01 2.000000e+00
      vertex   2.155111e+01 -3.288823e+01 7.000000e+00
      vertex   2.170096e+01 -3.325000e+01 7.000000e+00
    endloop
  endfacet
  facet normal 7.933533e-01 6.087614e-01 8.651020e-16
    outer loop
      vertex   2.170096e+01 -3.325000e+01 2.000000e+00
      vertex   2.170096e+01 -3.325000e+01 7.000000e+00
      vertex   2.193934e+01 -3.356066e+01 2.000000e+00
    endloop
  endfacet
  facet normal 7.933533e-01 6.087614e-01 -0.000000e+00
    outer loop
      vertex   2.193934e+01 -3.356066e+01 2.000000e+00
      vertex   2.170096e+01 -3.325000e+01 7.000000e+00
      vertex   2.193934e+01 -3.356066e+01 7.000000e+00
    endloop
  endfacet
  facet normal 6.087614e-01 7.933533e-01 -0.000000e+00
    outer loop
      vertex   2.193934e+01 -3.356066e+01 2.000000e+00
      vertex   2.193934e+01 -3.356066e+01 7.000000e+00
      vertex   2.225000e+01 -3.379904e+01 2.000000e+00
    endloop
  endfacet
  facet normal 6.087614e-01 7.933533e-01 -0.000000e+00
    outer loop
      vertex   2.225000e+01 -3.379904e+01 2.000000e+00
      vertex   2.193934e+01 -3.356066e+01 7.000000e+00
      vertex   2.225000e+01 -3.379904e+01 7.000000e+00
    endloop
  endfacet
  facet normal 3.826834e-01 9.238795e-01 -0.000000e+00
    outer loop
      vertex   2.225000e+01 -3.379904e+01 2.000000e+00
      vertex   2.225000e+01 -3.379904e+01 7.000000e+00
      vertex   2.261177e+01 -3.394889e+01 2.000000e+00
    endloop
  endfacet
  facet normal 3.826834e-01 9.238795e-01 -5.438259e-16
    outer loop
      vertex   2.261177e+01 -3.394889e+01 2.000000e+00
      vertex   2.225000e+01 -3.379904e+01 7.000000e+00
      vertex   2.261177e+01 -3.394889e+01 7.000000e+00
    endloop
  endfacet
  facet normal 1.305262e-01 9.914449e-01 -1.854889e-16
    outer loop
      vertex   2.261177e+01 -3.394889e+01 2.000000e+00
      vertex   2.261177e+01 -3.394889e+01 7.000000e+00
      vertex   2.300000e+01 -3.400000e+01 2.000000e+00
    endloop
  endfacet
  facet normal 1.305262e-01 9.914449e-01 -0.000000e+00
    outer loop
      vertex   2.300000e+01 -3.400000e+01 2.000000e+00
      vertex   2.261177e+01 -3.394889e+01 7.000000e+00
      vertex   2.300000e+01 -3.400000e+01 7.000000e+00
    endloop
  endfacet
  facet normal -1.305262e-01 9.914449e-01 0.000000e+00
    outer loop
      vertex   2.300000e+01 -3.400000e+01 2.000000e+00
      vertex   2.300000e+01 -3.400000e+01 7.000000e+00
      vertex   2.338823e+01 -3.394889e+01 2.000000e+00
    endloop
  endfacet
  facet normal -1.305262e-01 9.914449e-01 0.000000e+00
    outer loop
      vertex   2.338823e+01 -3.394889e+01 2.000000e+00
      vertex   2.300000e+01 -3.400000e+01 7.000000e+00
      vertex   2.338823e+01 -3.394889e+01 7.000000e+00
    endloop
  endfacet
  facet normal -3.826834e-01 9.238795e-01 0.000000e+00
    outer loop
      vertex   2.338823e+01 -3.394889e+01 2.000000e+00
      vertex   2.338823e+01 -3.394889e+01 7.000000e+00
      vertex   2.375000e+01 -3.379904e+01 2.000000e+00
    endloop
  endfacet
  facet normal -3.826834e-01 9.238795e-01 -1.040999e-15
    outer loop
      vertex   2.375000e+01 -3.379904e+01 2.000000e+00
      vertex   2.338823e+01 -3.394889e+01 7.000000e+00
      vertex   2.375000e+01 -3.379904e+01 7.000000e+00
    endloop
  endfacet
  facet normal -6.087614e-01 7.933533e-01 -6.948719e-16
    outer loop
      vertex   2.375000e+01 -3.379904e+01 2.000000e+00
      vertex   2.375000e+01 -3.379904e+01 7.000000e+00
      vertex   2.406066e+01 -3.356066e+01 2.000000e+00
    endloop
  endfacet
  facet normal -6.087614e-01 7.933533e-01 0.000000e+00
    outer loop
      vertex   2.406066e+01 -3.356066e+01 2.000000e+00
      vertex   2.375000e+01 -3.379904e+01 7.000000e+00
      vertex   2.406066e+01 -3.356066e+01 7.000000e+00
    endloop
  endfacet
  facet normal -7.933533e-01 6.087614e-01 0.000000e+00
    outer loop
      vertex   2.406066e+01 -3.356066e+01 2.000000e+00
      vertex   2.406066e+01 -3.356066e+01 7.000000e+00
      vertex   2.429904e+01 -3.325000e+01 2.000000e+00
    endloop
  endfacet
  facet normal -7.933533e-01 6.087614e-01 0.000000e+00
    outer loop
      vertex   2.429904e+01 -3.325000e+01 2.000000e+00
      vertex   2.406066e+01 -3.356066e+01 7.000000e+00
      vertex   2.429904e+01 -3.325000e+01 7.000000e+00
    endloop
  endfacet
  facet normal -9.238795e-01 3.826834e-01 0.000000e+00
    outer loop
      vertex   2.429904e+01 -3.325000e+01 2.000000e+00
      vertex   2.429904e+01 -3.325000e+01 7.000000e+00
      vertex   2.444889e+01 -3.288823e+01 2.000000e+00
    endloop
  endfacet
  facet normal -9.238795e-01 3.826834e-01 0.000000e+00
    outer loop
      vertex   2.444889e+01 -3.288823e+01 2.000000e+00
      vertex   2.429904e+01 -3.325000e+01 7.000000e+00
      vertex   2.444889e+01 -3.288823e+01 7.000000e+00
    endloop
  endfacet
  facet normal 9.914449e-01 -1.305262e-01 0.000000e+00
    outer loop
      vertex   2.541481e+01 -3.314705e+01 1.200000e+01
      vertex   2.541481e+01 -3.314705e+01 2.000000e+00
      vertex   2.550000e+01 -3.250000e+01 1.200000e+01
    endloop
  endfacet
  facet normal 9.914449e-01 -1.305262e-01 0.000000e+00
    outer loop
      vertex   2.550000e+01 -3.250000e+01 1.200000e+01
      vertex   2.541481e+01 -3.314705e+01 2.000000e+00
      vertex   2.550000e+01 -3.250000e+01 2.000000e+00
    endloop
  endfacet
  facet normal 9.914449e-01 1.305262e-01 0.000000e+00
    outer loop
      vertex   2.550000e+01 -3.250000e+01 1.200000e+01
      vertex   2.550000e+01 -3.250000e+01 2.000000e+00
      vertex   2.541481e+01 -3.185295e+01 1.200000e+01
    endloop
  endfacet
  facet normal 9.914449e-01 1.305262e-01 0.000000e+00
    outer loop
      vertex   2.541481e+01 -3.185295e+01 1.200000e+01
      vertex   2.550000e+01 -3.250000e+01 2.000000e+00
      vertex   2.541481e+01 -3.185295e+01 2.000000e+00
    endloop
  endfacet
  facet normal 9.238795e-01 3.826834e-01 0.000000e+00
    outer loop
      vertex   2.541481e+01 -3.185295e+01 1.200000e+01
      vertex   2.541481e+01 -3.185295e+01 2.000000e+00
      vertex   2.516506e+01 -3.125000e+01 1.200000e+01
    endloop
  endfacet
  facet normal 9.238795e-01 3.826834e-01 0.000000e+00
    outer loop
      vertex   2.516506e+01 -3.125000e+01 1.200000e+01
      vertex   2.541481e+01 -3.185295e+01 2.000000e+00
      vertex   2.516506e+01 -3.125000e+01 2.000000e+00
    endloop
  endfacet
  facet normal 7.933533e-01 6.087614e-01 0.000000e+00
    outer loop
      vertex   2.516506e+01 -3.125000e+01 1.200000e+01
      vertex   2.516506e+01 -3.125000e+01 2.000000e+00
      vertex   2.476777e+01 -3.073223e+01 1.200000e+01
    endloop
  endfacet
  facet normal 7.933533e-01 6.087614e-01 0.000000e+00
    outer loop
      vertex   2.476777e+01 -3.073223e+01 1.200000e+01
      vertex   2.516506e+01 -3.125000e+01 2.000000e+00
      vertex   2.476777e+01 -3.073223e+01 2.000000e+00
    endloop
  endfacet
  facet normal 6.087614e-01 7.933533e-01 0.000000e+00
    outer loop
      vertex   2.476777e+01 -3.073223e+01 1.200000e+01
      vertex   2.476777e+01 -3.073223e+01 2.000000e+00
      vertex   2.425000e+01 -3.033494e+01 1.200000e+01
    endloop
  endfacet
  facet normal 6.087614e-01 7.933533e-01 0.000000e+00
    outer loop
      vertex   2.425000e+01 -3.033494e+01 1.200000e+01
      vertex   2.476777e+01 -3.073223e+01 2.000000e+00
      vertex   2.425000e+01 -3.033494e+01 2.000000e+00
    endloop
  endfacet
  facet normal 3.826834e-01 9.238795e-01 0.000000e+00
    outer loop
      vertex   2.425000e+01 -3.033494e+01 1.200000e+01
      vertex   2.425000e+01 -3.033494e+01 2.000000e+00
      vertex   2.364705e+01 -3.008519e+01 1.200000e+01
    endloop
  endfacet
  facet normal 3.826834e-01 9.238795e-01 -1.359565e-16
    outer loop
      vertex   2.364705e+01 -3.008519e+01 1.200000e+01
      vertex   2.425000e+01 -3.033494e+01 2.000000e+00
      vertex   2.364705e+01 -3.008519e+01 2.000000e+00
    endloop
  endfacet
  facet normal 1.305262e-01 9.914449e-01 -4.637222e-17
    outer loop
      vertex   2.364705e+01 -3.008519e+01 1.200000e+01
      vertex   2.364705e+01 -3.008519e+01 2.000000e+00
      vertex   2.300000e+01 -3.000000e+01 1.200000e+01
    endloop
  endfacet
  facet normal 1.305262e-01 9.914449e-01 0.000000e+00
    outer loop
      vertex   2.300000e+01 -3.000000e+01 1.200000e+01
      vertex   2.364705e+01 -3.008519e+01 2.000000e+00
      vertex   2.300000e+01 -3.000000e+01 2.000000e+00
    endloop
  endfacet
  facet normal -1.305262e-01 9.914449e-01 0.000000e+00
    outer loop
      vertex   2.300000e+01 -3.000000e+01 1.200000e+01
      vertex   2.300000e+01 -3.000000e+01 2.000000e+00
      vertex   2.235295e+01 -3.008519e+01 1.200000e+01
    endloop
  endfacet
  facet normal -1.305262e-01 9.914449e-01 0.000000e+00
    outer loop
      vertex   2.235295e+01 -3.008519e+01 1.200000e+01
      vertex   2.300000e+01 -3.000000e+01 2.000000e+00
      vertex   2.235295e+01 -3.008519e+01 2.000000e+00
    endloop
  endfacet
  facet normal -3.826834e-01 9.238795e-01 0.000000e+00
    outer loop
      vertex   2.235295e+01 -3.008519e+01 1.200000e+01
      vertex   2.235295e+01 -3.008519e+01 2.000000e+00
      vertex   2.175000e+01 -3.033494e+01 1.200000e+01
    endloop
  endfacet
  facet normal -3.826834e-01 9.238795e-01 0.000000e+00
    outer loop
      vertex   2.175000e+01 -3.033494e+01 1.200000e+01
      vertex   2.235295e+01 -3.008519e+01 2.000000e+00
      vertex   2.175000e+01 -3.033494e+01 2.000000e+00
    endloop
  endfacet
  facet normal -6.087614e-01 7.933533e-01 0.000000e+00
    outer loop
      vertex   2.175000e+01 -3.033494e+01 1.200000e+01
      vertex   2.175000e+01 -3.033494e+01 2.000000e+00
      vertex   2.123223e+01 -3.073223e+01 1.200000e+01
    endloop
  endfacet
  facet normal -6.087614e-01 7.933533e-01 0.000000e+00
    outer loop
      vertex   2.123223e+01 -3.073223e+01 1.200000e+01
      vertex   2.175000e+01 -3.033494e+01 2.000000e+00
      vertex   2.123223e+01 -3.073223e+01 2.000000e+00
    endloop
  endfacet
  facet normal -7.933533e-01 6.087614e-01 0.000000e+00
    outer loop
      vertex   2.123223e+01 -3.073223e+01 1.200000e+01
      vertex   2.123223e+01 -3.073223e+01 2.000000e+00
      vertex   2.083494e+01 -3.125000e+01 1.200000e+01
    endloop
  endfacet
  facet normal -7.933533e-01 6.087614e-01 0.000000e+00
    outer loop
      vertex   2.083494e+01 -3.125000e+01 1.200000e+01
      vertex   2.123223e+01 -3.073223e+01 2.000000e+00
      vertex   2.083494e+01 -3.125000e+01 2.000000e+00
    endloop
  endfacet
  facet normal -9.238795e-01 3.826834e-01 0.000000e+00
    outer loop
      vertex   2.083494e+01 -3.125000e+01 1.200000e+01
      vertex   2.083494e+01 -3.125000e+01 2.000000e+00
      vertex   2.058519e+01 -3.185295e+01 1.200000e+01
    endloop
  endfacet
  facet normal -9.238795e-01 3.826834e-01 -1.359565e-16
    outer loop
      vertex   2.058519e+01 -3.185295e+01 1.200000e+01
      vertex   2.083494e+01 -3.125000e+01 2.000000e+00
      vertex   2.058519e+01 -3.185295e+01 2.000000e+00
    endloop
  endfacet
  facet normal -9.914449e-01 1.305262e-01 -4.637222e-17
    outer loop
      vertex   2.058519e+01 -3.185295e+01 1.200000e+01
      vertex   2.058519e+01 -3.185295e+01 2.000000e+00
      vertex   2.050000e+01 -3.250000e+01 1.200000e+01
    endloop
  endfacet
  facet normal -9.914449e-01 1.305262e-01 0.000000e+00
    outer loop
      vertex   2.050000e+01 -3.250000e+01 1.200000e+01
      vertex   2.058519e+01 -3.185295e+01 2.000000e+00
      vertex   2.050000e+01 -3.250000e+01 2.000000e+00
    endloop
  endfacet
  facet normal -9.914449e-01 -1.305262e-01 -0.000000e+00
    outer loop
      vertex   2.050000e+01 -3.250000e+01 1.200000e+01
      vertex   2.050000e+01 -3.250000e+01 2.000000e+00
      vertex   2.058519e+01 -3.314705e+01 1.200000e+01
    endloop
  endfacet
  facet normal -9.914449e-01 -1.305262e-01 9.274444e-17
    outer loop
      vertex   2.058519e+01 -3.314705e+01 1.200000e+01
      vertex   2.050000e+01 -3.250000e+01 2.000000e+00
      vertex   2.058519e+01 -3.314705e+01 2.000000e+00
    endloop
  endfacet
  facet normal -9.238795e-01 -3.826834e-01 2.719129e-16
    outer loop
      vertex   2.058519e+01 -3.314705e+01 1.200000e+01
      vertex   2.058519e+01 -3.314705e+01 2.000000e+00
      vertex   2.083494e+01 -3.375000e+01 1.200000e+01
    endloop
  endfacet
  facet normal -9.238795e-01 -3.826834e-01 -0.000000e+00
    outer loop
      vertex   2.083494e+01 -3.375000e+01 1.200000e+01
      vertex   2.058519e+01 -3.314705e+01 2.000000e+00
      vertex   2.083494e+01 -3.375000e+01 2.000000e+00
    endloop
  endfacet
  facet normal -7.933533e-01 -6.087614e-01 -0.000000e+00
    outer loop
      vertex   2.083494e+01 -3.375000e+01 1.200000e+01
      vertex   2.083494e+01 -3.375000e+01 2.000000e+00
      vertex   2.123223e+01 -3.426777e+01 1.200000e+01
    endloop
  endfacet
  facet normal -7.933533e-01 -6.087614e-01 -0.000000e+00
    outer loop
      vertex   2.123223e+01 -3.426777e+01 1.200000e+01
      vertex   2.083494e+01 -3.375000e+01 2.000000e+00
      vertex   2.123223e+01 -3.426777e+01 2.000000e+00
    endloop
  endfacet
  facet normal -6.087614e-01 -7.933533e-01 -0.000000e+00
    outer loop
      vertex   2.123223e+01 -3.426777e+01 1.200000e+01
      vertex   2.123223e+01 -3.426777e+01 2.000000e+00
      vertex   2.175000e+01 -3.466506e+01 1.200000e+01
    endloop
  endfacet
  facet normal -6.087614e-01 -7.933533e-01 -0.000000e+00
    outer loop
      vertex   2.175000e+01 -3.466506e+01 1.200000e+01
      vertex   2.123223e+01 -3.426777e+01 2.000000e+00
      vertex   2.175000e+01 -3.466506e+01 2.000000e+00
    endloop
  endfacet
  facet normal -3.826834e-01 -9.238795e-01 -0.000000e+00
    outer loop
      vertex   2.175000e+01 -3.466506e+01 1.200000e+01
      vertex   2.175000e+01 -3.466506e+01 2.000000e+00
      vertex   2.235295e+01 -3.491481e+01 1.200000e+01
    endloop
  endfacet
  facet normal -3.826834e-01 -9.238795e-01 -0.000000e+00
    outer loop
      vertex   2.235295e+01 -3.491481e+01 1.200000e+01
      vertex   2.175000e+01 -3.466506e+01 2.000000e+00
      vertex   2.235295e+01 -3.491481e+01 2.000000e+00
    endloop
  endfacet
  facet normal -1.305262e-01 -9.914449e-01 -0.000000e+00
    outer loop
      vertex   2.235295e+01 -3.491481e+01 1.200000e+01
      vertex   2.235295e+01 -3.491481e+01 2.000000e+00
      vertex   2.300000e+01 -3.500000e+01 1.200000e+01
    endloop
  endfacet
  facet normal -1.305262e-01 -9.914449e-01 -0.000000e+00
    outer loop
      vertex   2.300000e+01 -3.500000e+01 1.200000e+01
      vertex   2.235295e+01 -3.491481e+01 2.000000e+00
      vertex   2.300000e+01 -3.500000e+01 2.000000e+00
    endloop
  endfacet
  facet normal 1.305262e-01 -9.914449e-01 0.000000e+00
    outer loop
      vertex   2.300000e+01 -3.500000e+01 1.200000e+01
      vertex   2.300000e+01 -3.500000e+01 2.000000e+00
      vertex   2.364705e+01 -3.491481e+01 1.200000e+01
    endloop
  endfacet
  facet normal 1.305262e-01 -9.914449e-01 4.637222e-17
    outer loop
      vertex   2.364705e+01 -3.491481e+01 1.200000e+01
      vertex   2.300000e+01 -3.500000e+01 2.000000e+00
      vertex   2.364705e+01 -3.491481e+01 2.000000e+00
    endloop
  endfacet
  facet normal 3.826834e-01 -9.238795e-01 1.359565e-16
    outer loop
      vertex   2.364705e+01 -3.491481e+01 1.200000e+01
      vertex   2.364705e+01 -3.491481e+01 2.000000e+00
      vertex   2.425000e+01 -3.466506e+01 1.200000e+01
    endloop
  endfacet
  facet normal 3.826834e-01 -9.238795e-01 0.000000e+00
    outer loop
      vertex   2.425000e+01 -3.466506e+01 1.200000e+01
      vertex   2.364705e+01 -3.491481e+01 2.000000e+00
      vertex   2.425000e+01 -3.466506e+01 2.000000e+00
    endloop
  endfacet
  facet normal 6.087614e-01 -7.933533e-01 0.000000e+00
    outer loop
      vertex   2.425000e+01 -3.466506e+01 1.200000e+01
      vertex   2.425000e+01 -3.466506e+01 2.000000e+00
      vertex   2.476777e+01 -3.426777e+01 1.200000e+01
    endloop
  endfacet
  facet normal 6.087614e-01 -7.933533e-01 0.000000e+00
    outer loop
      vertex   2.476777e+01 -3.426777e+01 1.200000e+01
      vertex   2.425000e+01 -3.466506e+01 2.000000e+00
      vertex   2.476777e+01 -3.426777e+01 2.000000e+00
    endloop
  endfacet
  facet normal 7.933533e-01 -6.087614e-01 0.000000e+00
    outer loop
      vertex   2.476777e+01 -3.426777e+01 1.200000e+01
      vertex   2.476777e+01 -3.426777e+01 2.000000e+00
      vertex   2.516506e+01 -3.375000e+01 1.200000e+01
    endloop
  endfacet
  facet normal 7.933533e-01 -6.087614e-01 0.000000e+00
    outer loop
      vertex   2.516506e+01 -3.375000e+01 1.200000e+01
      vertex   2.476777e+01 -3.426777e+01 2.000000e+00
      vertex   2.516506e+01 -3.375000e+01 2.000000e+00
    endloop
  endfacet
  facet normal 9.238795e-01 -3.826834e-01 0.000000e+00
    outer loop
      vertex   2.516506e+01 -3.375000e+01 1.200000e+01
      vertex   2.516506e+01 -3.375000e+01 2.000000e+00
      vertex   2.541481e+01 -3.314705e+01 1.200000e+01
    endloop
  endfacet
  facet normal 9.238795e-01 -3.826834e-01 0.000000e+00
    outer loop
      vertex   2.541481e+01 -3.314705e+01 1.200000e+01
      vertex   2.516506e+01 -3.375000e+01 2.000000e+00
      vertex   2.541481e+01 -3.314705e+01 2.000000e+00
    endloop
  endfacet
  facet normal 0.000000e+00 0.000000e+00 1.000000e+00
    outer loop
      vertex   2.444889e+01 -3.211177e+01 1.200000e+01
      vertex   2.450000e+01 -3.250000e+01 1.200000e+01
      vertex   2.550000e+01 -3.250000e+01 1.200000e+01
    endloop
  endfacet
  facet normal 0.000000e+00 0.000000e+00 1.000000e+00
    outer loop
      vertex   2.550000e+01 -3.250000e+01 1.200000e+01
      vertex   2.450000e+01 -3.250000e+01 1.200000e+01
      vertex   2.444889e+01 -3.288823e+01 1.200000e+01
    endloop
  endfacet
  facet normal 0.000000e+00 0.000000e+00 1.000000e+00
    outer loop
      vertex   2.550000e+01 -3.250000e+01 1.200000e+01
      vertex   2.444889e+01 -3.288823e+01 1.200000e+01
      vertex   2.541481e+01 -3.314705e+01 1.200000e+01
    endloop
  endfacet
  facet normal 0.000000e+00 0.000000e+00 1.000000e+00
    outer loop
      vertex   2.541481e+01 -3.314705e+01 1.200000e+01
      vertex   2.444889e+01 -3.288823e+01 1.200000e+01
      vertex   2.429904e+01 -3.325000e+01 1.200000e+01
    endloop
  endfacet
  facet normal 0.000000e+00 0.000000e+00 1.000000e+00
    outer loop
      vertex   2.541481e+01 -3.314705e+01 1.200000e+01
      vertex   2.429904e+01 -3.325000e+01 1.200000e+01
      vertex   2.516506e+01 -3.375000e+01 1.200000e+01
    endloop
  endfacet
  facet normal 0.000000e+00 0.000000e+00 1.000000e+00
    outer loop
      vertex   2.516506e+01 -3.375000e+01 1.200000e+01
      vertex   2.429904e+01 -3.325000e+01 1.200000e+01
      vertex   2.406066e+01 -3.356066e+01 1.200000e+01
    endloop
  endfacet
  facet normal 0.000000e+00 0.000000e+00 1.000000e+00
    outer loop
      vertex   2.516506e+01 -3.375000e+01 1.200000e+01
      vertex   2.406066e+01 -3.356066e+01 1.200000e+01
      vertex   2.476777e+01 -3.426777e+01 1.200000e+01
    endloop
  endfacet
  facet normal 0.000000e+00 0.000000e+00 1.000000e+00
    outer loop
      vertex   2.476777e+01 -3.426777e+01 1.200000e+01
      vertex   2.406066e+01 -3.356066e+01 1.200000e+01
      vertex   2.375000e+01 -3.379904e+01 1.200000e+01
    endloop
  endfacet
  facet normal 0.000000e+00 0.000000e+00 1.000000e+00
    outer loop
      vertex   2.476777e+01 -3.426777e+01 1.200000e+01
      vertex   2.375000e+01 -3.379904e+01 1.200000e+01
      vertex   2.425000e+01 -3.466506e+01 1.200000e+01
    endloop
  endfacet
  facet normal 0.000000e+00 0.000000e+00 1.000000e+00
    outer loop
      vertex   2.425000e+01 -3.466506e+01 1.200000e+01
      vertex   2.375000e+01 -3.379904e+01 1.200000e+01
      vertex   2.338823e+01 -3.394889e+01 1.200000e+01
    endloop
  endfacet
  facet normal 0.000000e+00 0.000000e+00 1.000000e+00
    outer loop
      vertex   2.425000e+01 -3.466506e+01 1.200000e+01
      vertex   2.338823e+01 -3.394889e+01 1.200000e+01
      vertex   2.364705e+01 -3.491481e+01 1.200000e+01
    endloop
  endfacet
  facet normal 0.000000e+00 0.000000e+00 1.000000e+00
    outer loop
      vertex   2.364705e+01 -3.491481e+01 1.200000e+01
      vertex   2.338823e+01 -3.394889e+01 1.200000e+01
      vertex   2.300000e+01 -3.400000e+01 1.200000e+01
    endloop
  endfacet
  facet normal 0.000000e+00 0.000000e+00 1.000000e+00
    outer loop
      vertex   2.364705e+01 -3.491481e+01 1.200000e+01
      vertex   2.300000e+01 -3.400000e+01 1.200000e+01
      vertex   2.300000e+01 -3.500000e+01 1.200000e+01
    endloop
  endfacet
  facet normal 0.000000e+00 -0.000000e+00 1.000000e+00
    outer loop
      vertex   2.300000e+01 -3.500000e+01 1.200000e+01
      vertex   2.300000e+01 -3.400000e+01 1.200000e+01
      vertex   2.235295e+01 -3.491481e+01 1.200000e+01
    endloop
  endfacet
  facet normal 0.000000e+00 0.000000e+00 1.000000e+00
    outer loop
      vertex   2.235295e+01 -3.491481e+01 1.200000e+01
      vertex   2.300000e+01 -3.400000e+01 1.200000e+01
      vertex   2.261177e+01 -3.394889e+01 1.200000e+01
    endloop
  endfacet
  facet normal 0.000000e+00 -0.000000e+00 1.000000e+00
    outer loop
      vertex   2.235295e+01 -3.491481e+01 1.200000e+01
      vertex   2.261177e+01 -3.394889e+01 1.200000e+01
      vertex   2.175000e+01 -3.466506e+01 1.200000e+01
    endloop
  endfacet
  facet normal 0.000000e+00 0.000000e+00 1.000000e+00
    outer loop
      vertex   2.175000e+01 -3.466506e+01 1.200000e+01
      vertex   2.261177e+01 -3.394889e+01 1.200000e+01
      vertex   2.225000e+01 -3.379904e+01 1.200000e+01
    endloop
  endfacet
  facet normal 0.000000e+00 -0.000000e+00 1.000000e+00
    outer loop
      vertex   2.175000e+01 -3.466506e+01 1.200000e+01
      vertex   2.225000e+01 -3.379904e+01 1.200000e+01
      vertex   2.123223e+01 -3.426777e+01 1.200000e+01
    endloop
  endfacet
  facet normal 0.000000e+00 0.000000e+00 1.000000e+00
    outer loop
      vertex   2.123223e+01 -3.426777e+01 1.200000e+01
      vertex   2.225000e+01 -3.379904e+01 1.200000e+01
      vertex   2.193934e+01 -3.356066e+01 1.200000e+01
    endloop
  endfacet
  facet normal 0.000000e+00 -0.000000e+00 1.000000e+00
    outer loop
      vertex   2.123223e+01 -3.426777e+01 1.200000e+01
      vertex   2.193934e+01 -3.356066e+01 1.200000e+01
      vertex   2.083494e+01 -3.375000e+01 1.200000e+01
    endloop
  endfacet
  facet normal 0.000000e+00 0.000000e+00 1.000000e+00
    outer loop
      vertex   2.083494e+01 -3.375000e+01 1.200000e+01
      vertex   2.193934e+01 -3.356066e+01 1.200000e+01
      vertex   2.170096e+01 -3.325000e+01 1.200000e+01
    endloop
  endfacet
  facet normal 0.000000e+00 -0.000000e+00 1.000000e+00
    outer loop
      vertex   2.083494e+01 -3.375000e+01 1.200000e+01
      vertex   2.170096e+01 -3.325000e+01 1.200000e+01
      vertex   2.058519e+01 -3.314705e+01 1.200000e+01
    endloop
  endfacet
  facet normal -0.000000e+00 0.000000e+00 1.000000e+00
    outer loop
      vertex   2.058519e+01 -3.314705e+01 1.200000e+01
      vertex   2.170096e+01 -3.325000e+01 1.200000e+01
      vertex   2.155111e+01 -3.288823e+01 1.200000e+01
    endloop
  endfacet
  facet normal 0.000000e+00 -0.000000e+00 1.000000e+00
    outer loop
      vertex   2.058519e+01 -3.314705e+01 1.200000e+01
      vertex   2.155111e+01 -3.288823e+01 1.200000e+01
      vertex   2.050000e+01 -3.250000e+01 1.200000e+01
    endloop
  endfacet
  facet normal -0.000000e+00 0.000000e+00 1.000000e+00
    outer loop
      vertex   2.050000e+01 -3.250000e+01 1.200000e+01
      vertex   2.155111e+01 -3.288823e+01 1.200000e+01
      vertex   2.150000e+01 -3.250000e+01 1.200000e+01
    endloop
  endfacet
  facet normal 0.000000e+00 0.000000e+00 1.000000e+00
    outer loop
      vertex   2.050000e+01 -3.250000e+01 1.200000e+01
      vertex   2.150000e+01 -3.250000e+01 1.200000e+01
      vertex   2.058519e+01 -3.185295e+01 1.200000e+01
    endloop
  endfacet
  facet normal 0.000000e+00 0.000000e+00 1.000000e+00
    outer loop
      vertex   2.058519e+01 -3.185295e+01 1.200000e+01
      vertex   2.150000e+01 -3.250000e+01 1.200000e+01
      vertex   2.155111e+01 -3.211177e+01 1.200000e+01
    endloop
  endfacet
  facet normal -0.000000e+00 0.000000e+00 1.000000e+00
    outer loop
      vertex   2.058519e+01 -3.185295e+01 1.200000e+01
      vertex   2.155111e+01 -3.211177e+01 1.200000e+01
      vertex   2.170096e+01 -3.175000e+01 1.200000e+01
    endloop
  endfacet
  facet normal 0.000000e+00 0.000000e+00 1.000000e+00
    outer loop
      vertex   2.058519e+01 -3.185295e+01 1.200000e+01
      vertex   2.170096e+01 -3.175000e+01 1.200000e+01
      vertex   2.083494e+01 -3.125000e+01 1.200000e+01
    endloop
  endfacet
  facet normal 0.000000e+00 0.000000e+00 1.000000e+00
    outer loop
      vertex   2.083494e+01 -3.125000e+01 1.200000e+01
      vertex   2.170096e+01 -3.175000e+01 1.200000e+01
      vertex   2.193934e+01 -3.143934e+01 1.200000e+01
    endloop
  endfacet
  facet normal -0.000000e+00 0.000000e+00 1.000000e+00
    outer loop
      vertex   2.083494e+01 -3.125000e+01 1.200000e+01
      vertex   2.193934e+01 -3.143934e+01 1.200000e+01
      vertex   2.123223e+01 -3.073223e+01 1.200000e+01
    endloop
  endfacet
  facet normal 0.000000e+00 0.000000e+00 1.000000e+00
    outer loop
      vertex   2.123223e+01 -3.073223e+01 1.200000e+01
      vertex   2.193934e+01 -3.143934e+01 1.200000e+01
      vertex   2.225000e+01 -3.120096e+01 1.200000e+01
    endloop
  endfacet
  facet normal -0.000000e+00 0.000000e+00 1.000000e+00
    outer loop
      vertex   2.123223e+01 -3.073223e+01 1.200000e+01
      vertex   2.225000e+01 -3.120096e+01 1.200000e+01
      vertex   2.175000e+01 -3.033494e+01 1.200000e+01
    endloop
  endfacet
  facet normal 0.000000e+00 0.000000e+00 1.000000e+00
    outer loop
      vertex   2.175000e+01 -3.033494e+01 1.200000e+01
      vertex   2.225000e+01 -3.120096e+01 1.200000e+01
      vertex   2.261177e+01 -3.105111e+01 1.200000e+01
    endloop
  endfacet
  facet normal -0.000000e+00 0.000000e+00 1.000000e+00
    outer loop
      vertex   2.175000e+01 -3.033494e+01 1.200000e+01
      vertex   2.261177e+01 -3.105111e+01 1.200000e+01
      vertex   2.235295e+01 -3.008519e+01 1.200000e+01
    endloop
  endfacet
  facet normal 0.000000e+00 0.000000e+00 1.000000e+00
    outer loop
      vertex   2.235295e+01 -3.008519e+01 1.200000e+01
      vertex   2.261177e+01 -3.105111e+01 1.200000e+01
      vertex   2.300000e+01 -3.100000e+01 1.200000e+01
    endloop
  endfacet
  facet normal -0.000000e+00 0.000000e+00 1.000000e+00
    outer loop
      vertex   2.235295e+01 -3.008519e+01 1.200000e+01
      vertex   2.300000e+01 -3.100000e+01 1.200000e+01
      vertex   2.300000e+01 -3.000000e+01 1.200000e+01
    endloop
  endfacet
  facet normal 0.000000e+00 0.000000e+00 1.000000e+00
    outer loop
      vertex   2.300000e+01 -3.000000e+01 1.200000e+01
      vertex   2.300000e+01 -3.100000e+01 1.200000e+01
      vertex   2.364705e+01 -3.008519e+01 1.200000e+01
    endloop
  endfacet
  facet normal 0.000000e+00 0.000000e+00 1.000000e+00
    outer loop
      vertex   2.364705e+01 -3.008519e+01 1.200000e+01
      vertex   2.300000e+01 -3.100000e+01 1.200000e+01
      vertex   2.338823e+01 -3.105111e+01 1.200000e+01
    endloop
  endfacet
  facet normal 0.000000e+00 0.000000e+00 1.000000e+00
    outer loop
      vertex   2.364705e+01 -3.008519e+01 1.200000e+01
      vertex   2.338823e+01 -3.105111e+01 1.200000e+01
      vertex   2.425000e+01 -3.033494e+01 1.200000e+01
    endloop
  endfacet
  facet normal 0.000000e+00 0.000000e+00 1.000000e+00
    outer loop
      vertex   2.425000e+01 -3.033494e+01 1.200000e+01
      vertex   2.338823e+01 -3.105111e+01 1.200000e+01
      vertex   2.375000e+01 -3.120096e+01 1.200000e+01
    endloop
  endfacet
  facet normal 0.000000e+00 0.000000e+00 1.000000e+00
    outer loop
      vertex   2.425000e+01 -3.033494e+01 1.200000e+01
      vertex   2.375000e+01 -3.120096e+01 1.200000e+01
      vertex   2.476777e+01 -3.073223e+01 1.200000e+01
    endloop
  endfacet
  facet normal 0.000000e+00 0.000000e+00 1.000000e+00
    outer loop
      vertex   2.476777e+01 -3.073223e+01 1.200000e+01
      vertex   2.375000e+01 -3.120096e+01 1.200000e+01
      vertex   2.406066e+01 -3.143934e+01 1.200000e+01
    endloop
  endfacet
  facet normal 0.000000e+00 0.000000e+00 1.000000e+00
    outer loop
      vertex   2.476777e+01 -3.073223e+01 1.200000e+01
      vertex   2.406066e+01 -3.143934e+01 1.200000e+01
      vertex   2.516506e+01 -3.125000e+01 1.200000e+01
    endloop
  endfacet
  facet normal 0.000000e+00 0.000000e+00 1.000000e+00
    outer loop
      vertex   2.516506e+01 -3.125000e+01 1.200000e+01
      vertex   2.406066e+01 -3.143934e+01 1.200000e+01
      vertex   2.429904e+01 -3.175000e+01 1.200000e+01
    endloop
  endfacet
  facet normal 0.000000e+00 0.000000e+00 1.000000e+00
    outer loop
      vertex   2.516506e+01 -3.125000e+01 1.200000e+01
      vertex   2.429904e+01 -3.175000e+01 1.200000e+01
      vertex   2.541481e+01 -3.185295e+01 1.200000e+01
    endloop
  endfacet
  facet normal 0.000000e+00 0.000000e+00 1.000000e+00
    outer loop
      vertex   2.541481e+01 -3.185295e+01 1.200000e+01
      vertex   2.429904e+01 -3.175000e+01 1.200000e+01
      vertex   2.444889e+01 -3.211177e+01 1.200000e+01
    endloop
  endfacet
  facet normal 0.000000e+00 0.000000e+00 1.000000e+00
    outer loop
      vertex   2.541481e+01 -3.185295e+01 1.200000e+01
      vertex   2.444889e+01 -3.211177e+01 1.200000e+01
      vertex   2.550000e+01 -3.250000e+01 1.200000e+01
    endloop
  endfacet
  facet normal 0.000000e+00 0.000000e+00 1.000000e+00
    outer loop
      vertex   2.444889e+01 -3.211177e+01 2.000000e+00
      vertex   2.155111e+01 -3.211177e+01 2.000000e+00
      vertex   2.450000e+01 -3.250000e+01 2.000000e+00
    endloop
  endfacet
  facet normal 0.000000e+00 0.000000e+00 1.000000e+00
    outer loop
      vertex   2.450000e+01 -3.250000e+01 2.000000e+00
      vertex   2.155111e+01 -3.211177e+01 2.000000e+00
      vertex   2.150000e+01 -3.250000e+01 2.000000e+00
    endloop
  endfacet
  facet normal 0.000000e+00 0.000000e+00 1.000000e+00
    outer loop
      vertex   2.450000e+01 -3.250000e+01 2.000000e+00
      vertex   2.150000e+01 -3.250000e+01 2.000000e+00
      vertex   2.444889e+01 -3.288823e+01 2.000000e+00
    endloop
  endfacet
  facet normal 0.000000e+00 0.000000e+00 1.000000e+00
    outer loop
      vertex   2.444889e+01 -3.288823e+01 2.000000e+00
      vertex   2.150000e+01 -3.250000e+01 2.000000e+00
      vertex   2.155111e+01 -3.288823e+01 2.000000e+00
    endloop
  endfacet
  facet normal 0.000000e+00 0.000000e+00 1.000000e+00
    outer loop
      vertex   2.444889e+01 -3.288823e+01 2.000000e+00
      vertex   2.155111e+01 -3.288823e+01 2.000000e+00
      vertex   2.429904e+01 -3.325000e+01 2.000000e+00
    endloop
  endfacet
  facet normal 0.000000e+00 0.000000e+00 1.000000e+00
    outer loop
      vertex   2.429904e+01 -3.325000e+01 2.000000e+00
      vertex   2.155111e+01 -3.288823e+01 2.000000e+00
      vertex   2.170096e+01 -3.325000e+01 2.000000e+00
    endloop
  endfacet
  facet normal 0.000000e+00 0.000000e+00 1.000000e+00
    outer loop
      vertex   2.429904e+01 -3.325000e+01 2.000000e+00
      vertex   2.170096e+01 -3.325000e+01 2.000000e+00
      vertex   2.406066e+01 -3.356066e+01 2.000000e+00
    endloop
  endfacet
  facet normal 0.000000e+00 0.000000e+00 1.000000e+00
    outer loop
      vertex   2.406066e+01 -3.356066e+01 2.000000e+00
      vertex   2.170096e+01 -3.325000e+01 2.000000e+00
      vertex   2.193934e+01 -3.356066e+01 2.000000e+00
    endloop
  endfacet
  facet normal 0.000000e+00 0.000000e+00 1.000000e+00
    outer loop
      vertex   2.406066e+01 -3.356066e+01 2.000000e+00
      vertex   2.193934e+01 -3.356066e+01 2.000000e+00
      vertex   2.375000e+01 -3.379904e+01 2.000000e+00
    endloop
  endfacet
  facet normal 0.000000e+00 0.000000e+00 1.000000e+00
    outer loop
      vertex   2.375000e+01 -3.379904e+01 2.000000e+00
      vertex   2.193934e+01 -3.356066e+01 2.000000e+00
      vertex   2.225000e+01 -3.379904e+01 2.000000e+00
    endloop
  endfacet
  facet normal 0.000000e+00 0.000000e+00 1.000000e+00
    outer loop
      vertex   2.375000e+01 -3.379904e+01 2.000000e+00
      vertex   2.225000e+01 -3.379904e+01 2.000000e+00
      vertex   2.338823e+01 -3.394889e+01 2.000000e+00
    endloop
  endfacet
  facet normal 0.000000e+00 0.000000e+00 1.000000e+00
    outer loop
      vertex   2.338823e+01 -3.394889e+01 2.000000e+00
      vertex   2.225000e+01 -3.379904e+01 2.000000e+00
      vertex   2.261177e+01 -3.394889e+01 2.000000e+00
    endloop
  endfacet
  facet normal 0.000000e+00 0.000000e+00 1.000000e+00
    outer loop
      vertex   2.338823e+01 -3.394889e+01 2.000000e+00
      vertex   2.261177e+01 -3.394889e+01 2.000000e+00
      vertex   2.300000e+01 -3.400000e+01 2.000000e+00
    endloop
  endfacet
  facet normal 0.000000e+00 0.000000e+00 1.000000e+00
    outer loop
      vertex   2.155111e+01 -3.211177e+01 2.000000e+00
      vertex   2.444889e+01 -3.211177e+01 2.000000e+00
      vertex   2.170096e+01 -3.175000e+01 2.000000e+00
    endloop
  endfacet
  facet normal 0.000000e+00 0.000000e+00 1.000000e+00
    outer loop
      vertex   2.170096e+01 -3.175000e+01 2.000000e+00
      vertex   2.444889e+01 -3.211177e+01 2.000000e+00
      vertex   2.429904e+01 -3.175000e+01 2.000000e+00
    endloop
  endfacet
  facet normal -0.000000e+00 0.000000e+00 1.000000e+00
    outer loop
      vertex   2.170096e+01 -3.175000e+01 2.000000e+00
      vertex   2.429904e+01 -3.175000e+01 2.000000e+00
      vertex   2.193934e+01 -3.143934e+01 2.000000e+00
    endloop
  endfacet
  facet normal -0.000000e+00 0.000000e+00 1.000000e+00
    outer loop
      vertex   2.193934e+01 -3.143934e+01 2.000000e+00
      vertex   2.429904e+01 -3.175000e+01 2.000000e+00
      vertex   2.406066e+01 -3.143934e+01 2.000000e+00
    endloop
  endfacet
  facet normal 0.000000e+00 0.000000e+00 1.000000e+00
    outer loop
      vertex   2.193934e+01 -3.143934e+01 2.000000e+00
      vertex   2.406066e+01 -3.143934e+01 2.000000e+00
      vertex   2.225000e+01 -3.120096e+01 2.000000e+00
    endloop
  endfacet
  facet normal -0.000000e+00 0.000000e+00 1.000000e+00
    outer loop
      vertex   2.225000e+01 -3.120096e+01 2.000000e+00
      vertex   2.406066e+01 -3.143934e+01 2.000000e+00
      vertex   2.375000e+01 -3.120096e+01 2.000000e+00
    endloop
  endfacet
  facet normal 0.000000e+00 0.000000e+00 1.000000e+00
    outer loop
      vertex   2.225000e+01 -3.120096e+01 2.000000e+00
      vertex   2.375000e+01 -3.120096e+01 2.000000e+00
      vertex   2.261177e+01 -3.105111e+01 2.000000e+00
    endloop
  endfacet
  facet normal -0.000000e+00 0.000000e+00 1.000000e+00
    outer loop
      vertex   2.261177e+01 -3.105111e+01 2.000000e+00
      vertex   2.375000e+01 -3.120096e+01 2.000000e+00
      vertex   2.338823e+01 -3.105111e+01 2.000000e+00
    endloop
  endfacet
  facet normal 0.000000e+00 0.000000e+00 1.000000e+00
    outer loop
      vertex   2.261177e+01 -3.105111e+01 2.000000e+00
      vertex   2.338823e+01 -3.105111e+01 2.000000e+00
      vertex   2.300000e+01 -3.100000e+01 2.000000e+00
    endloop
  endfacet
  facet normal -9.914449e-01 -1.305262e-01 -0.000000e+00
    outer loop
      vertex   2.444889e+01 3.288823e+01 1.200000e+01
      vertex   2.444889e+01 3.288823e+01 7.000000e+00
      vertex   2.450000e+01 3.250000e+01 1.200000e+01
    endloop
  endfacet
  facet normal -9.914449e-01 -1.305262e-01 -0.000000e+00
    outer loop
      vertex   2.450000e+01 3.250000e+01 1.200000e+01
      vertex   2.444889e+01 3.288823e+01 7.000000e+00
      vertex   2.450000e+01 3.250000e+01 7.000000e+00
    endloop
  endfacet
  facet normal -9.914449e-01 1.305262e-01 0.000000e+00
    outer loop
      vertex   2.450000e+01 3.250000e+01 1.200000e+01
      vertex   2.450000e+01 3.250000e+01 7.000000e+00
      vertex   2.444889e+01 3.211177e+01 1.200000e+01
    endloop
  endfacet
  facet normal -9.914449e-01 1.305262e-01 0.000000e+00
    outer loop
      vertex   2.444889e+01 3.211177e+01 1.200000e+01
      vertex   2.450000e+01 3.250000e+01 7.000000e+00
      vertex   2.444889e+01 3.211177e+01 7.000000e+00
    endloop
  endfacet
  facet normal -9.238795e-01 3.826834e-01 0.000000e+00
    outer loop
      vertex   2.444889e+01 3.211177e+01 1.200000e+01
      vertex   2.444889e+01 3.211177e+01 7.000000e+00
      vertex   2.429904e+01 3.175000e+01 1.200000e+01
    endloop
  endfacet
  facet normal -9.238795e-01 3.826834e-01 0.000000e+00
    outer loop
      vertex   2.429904e+01 3.175000e+01 1.200000e+01
      vertex   2.444889e+01 3.211177e+01 7.000000e+00
      vertex   2.429904e+01 3.175000e+01 7.000000e+00
    endloop
  endfacet
  facet normal -7.933533e-01 6.087614e-01 0.000000e+00
    outer loop
      vertex   2.429904e+01 3.175000e+01 1.200000e+01
      vertex   2.429904e+01 3.175000e+01 7.000000e+00
      vertex   2.406066e+01 3.143934e+01 1.200000e+01
    endloop
  endfacet
  facet normal -7.933533e-01 6.087614e-01 0.000000e+00
    outer loop
      vertex   2.406066e+01 3.143934e+01 1.200000e+01
      vertex   2.429904e+01 3.175000e+01 7.000000e+00
      vertex   2.406066e+01 3.143934e+01 7.000000e+00
    endloop
  endfacet
  facet normal -6.087614e-01 7.933533e-01 0.000000e+00
    outer loop
      vertex   2.406066e+01 3.143934e+01 1.200000e+01
      vertex   2.406066e+01 3.143934e+01 7.000000e+00
      vertex   2.375000e+01 3.120096e+01 1.200000e+01
    endloop
  endfacet
  facet normal -6.087614e-01 7.933533e-01 0.000000e+00
    outer loop
      vertex   2.375000e+01 3.120096e+01 1.200000e+01
      vertex   2.406066e+01 3.143934e+01 7.000000e+00
      vertex   2.375000e+01 3.120096e+01 7.000000e+00
    endloop
  endfacet
  facet normal -3.826834e-01 9.238795e-01 0.000000e+00
    outer loop
      vertex   2.375000e+01 3.120096e+01 1.200000e+01
      vertex   2.375000e+01 3.120096e+01 7.000000e+00
      vertex   2.338823e+01 3.105111e+01 1.200000e+01
    endloop
  endfacet
  facet normal -3.826834e-01 9.238795e-01 0.000000e+00
    outer loop
      vertex   2.338823e+01 3.105111e+01 1.200000e+01
      vertex   2.375000e+01 3.120096e+01 7.000000e+00
      vertex   2.338823e+01 3.105111e+01 7.000000e+00
    endloop
  endfacet
  facet normal -1.305262e-01 9.914449e-01 0.000000e+00
    outer loop
      vertex   2.338823e+01 3.105111e+01 1.200000e+01
      vertex   2.338823e+01 3.105111e+01 7.000000e+00
      vertex   2.300000e+01 3.100000e+01 1.200000e+01
    endloop
  endfacet
  facet normal -1.305262e-01 9.914449e-01 0.000000e+00
    outer loop
      vertex   2.300000e+01 3.100000e+01 1.200000e+01
      vertex   2.338823e+01 3.105111e+01 7.000000e+00
      vertex   2.300000e+01 3.100000e+01 7.000000e+00
    endloop
  endfacet
  facet normal 1.305262e-01 9.914449e-01 0.000000e+00
    outer loop
      vertex   2.300000e+01 3.100000e+01 1.200000e+01
      vertex   2.300000e+01 3.100000e+01 7.000000e+00
      vertex   2.261177e+01 3.105111e+01 1.200000e+01
    endloop
  endfacet
  facet normal 1.305262e-01 9.914449e-01 0.000000e+00
    outer loop
      vertex   2.261177e+01 3.105111e+01 1.200000e+01
      vertex   2.300000e+01 3.100000e+01 7.000000e+00
      vertex   2.261177e+01 3.105111e+01 7.000000e+00
    endloop
  endfacet
  facet normal 3.826834e-01 9.238795e-01 0.000000e+00
    outer loop
      vertex   2.261177e+01 3.105111e+01 1.200000e+01
      vertex   2.261177e+01 3.105111e+01 7.000000e+00
      vertex   2.225000e+01 3.120096e+01 1.200000e+01
    endloop
  endfacet
  facet normal 3.826834e-01 9.238795e-01 0.000000e+00
    outer loop
      vertex   2.225000e+01 3.120096e+01 1.200000e+01
      vertex   2.261177e+01 3.105111e+01 7.000000e+00
      vertex   2.225000e+01 3.120096e+01 7.000000e+00
    endloop
  endfacet
  facet normal 6.087614e-01 7.933533e-01 0.000000e+00
    outer loop
      vertex   2.225000e+01 3.120096e+01 1.200000e+01
      vertex   2.225000e+01 3.120096e+01 7.000000e+00
      vertex   2.193934e+01 3.143934e+01 1.200000e+01
    endloop
  endfacet
  facet normal 6.087614e-01 7.933533e-01 0.000000e+00
    outer loop
      vertex   2.193934e+01 3.143934e+01 1.200000e+01
      vertex   2.225000e+01 3.120096e+01 7.000000e+00
      vertex   2.193934e+01 3.143934e+01 7.000000e+00
    endloop
  endfacet
  facet normal 7.933533e-01 6.087614e-01 0.000000e+00
    outer loop
      vertex   2.193934e+01 3.143934e+01 1.200000e+01
      vertex   2.193934e+01 3.143934e+01 7.000000e+00
      vertex   2.170096e+01 3.175000e+01 1.200000e+01
    endloop
  endfacet
  facet normal 7.933533e-01 6.087614e-01 0.000000e+00
    outer loop
      vertex   2.170096e+01 3.175000e+01 1.200000e+01
      vertex   2.193934e+01 3.143934e+01 7.000000e+00
      vertex   2.170096e+01 3.175000e+01 7.000000e+00
    endloop
  endfacet
  facet normal 9.238795e-01 3.826834e-01 0.000000e+00
    outer loop
      vertex   2.170096e+01 3.175000e+01 1.200000e+01
      vertex   2.170096e+01 3.175000e+01 7.000000e+00
      vertex   2.155111e+01 3.211177e+01 1.200000e+01
    endloop
  endfacet
  facet normal 9.238795e-01 3.826834e-01 0.000000e+00
    outer loop
      vertex   2.155111e+01 3.211177e+01 1.200000e+01
      vertex   2.170096e+01 3.175000e+01 7.000000e+00
      vertex   2.155111e+01 3.211177e+01 7.000000e+00
    endloop
  endfacet
  facet normal 9.914449e-01 1.305262e-01 0.000000e+00
    outer loop
      vertex   2.155111e+01 3.211177e+01 1.200000e+01
      vertex   2.155111e+01 3.211177e+01 7.000000e+00
      vertex   2.150000e+01 3.250000e+01 1.200000e+01
    endloop
  endfacet
  facet normal 9.914449e-01 1.305262e-01 0.000000e+00
    outer loop
      vertex   2.150000e+01 3.250000e+01 1.200000e+01
      vertex   2.155111e+01 3.211177e+01 7.000000e+00
      vertex   2.150000e+01 3.250000e+01 7.000000e+00
    endloop
  endfacet
  facet normal 9.914449e-01 -1.305262e-01 0.000000e+00
    outer loop
      vertex   2.150000e+01 3.250000e+01 1.200000e+01
      vertex   2.150000e+01 3.250000e+01 7.000000e+00
      vertex   2.155111e+01 3.288823e+01 1.200000e+01
    endloop
  endfacet
  facet normal 9.914449e-01 -1.305262e-01 0.000000e+00
    outer loop
      vertex   2.155111e+01 3.288823e+01 1.200000e+01
      vertex   2.150000e+01 3.250000e+01 7.000000e+00
      vertex   2.155111e+01 3.288823e+01 7.000000e+00
    endloop
  endfacet
  facet normal 9.238795e-01 -3.826834e-01 0.000000e+00
    outer loop
      vertex   2.155111e+01 3.288823e+01 1.200000e+01
      vertex   2.155111e+01 3.288823e+01 7.000000e+00
      vertex   2.170096e+01 3.325000e+01 1.200000e+01
    endloop
  endfacet
  facet normal 9.238795e-01 -3.826834e-01 0.000000e+00
    outer loop
      vertex   2.170096e+01 3.325000e+01 1.200000e+01
      vertex   2.155111e+01 3.288823e+01 7.000000e+00
      vertex   2.170096e+01 3.325000e+01 7.000000e+00
    endloop
  endfacet
  facet normal 7.933533e-01 -6.087614e-01 0.000000e+00
    outer loop
      vertex   2.170096e+01 3.325000e+01 1.200000e+01
      vertex   2.170096e+01 3.325000e+01 7.000000e+00
      vertex   2.193934e+01 3.356066e+01 1.200000e+01
    endloop
  endfacet
  facet normal 7.933533e-01 -6.087614e-01 0.000000e+00
    outer loop
      vertex   2.193934e+01 3.356066e+01 1.200000e+01
      vertex   2.170096e+01 3.325000e+01 7.000000e+00
      vertex   2.193934e+01 3.356066e+01 7.000000e+00
    endloop
  endfacet
  facet normal 6.087614e-01 -7.933533e-01 0.000000e+00
    outer loop
      vertex   2.193934e+01 3.356066e+01 1.200000e+01
      vertex   2.193934e+01 3.356066e+01 7.000000e+00
      vertex   2.225000e+01 3.379904e+01 1.200000e+01
    endloop
  endfacet
  facet normal 6.087614e-01 -7.933533e-01 0.000000e+00
    outer loop
      vertex   2.225000e+01 3.379904e+01 1.200000e+01
      vertex   2.193934e+01 3.356066e+01 7.000000e+00
      vertex   2.225000e+01 3.379904e+01 7.000000e+00
    endloop
  endfacet
  facet normal 3.826834e-01 -9.238795e-01 0.000000e+00
    outer loop
      vertex   2.225000e+01 3.379904e+01 1.200000e+01
      vertex   2.225000e+01 3.379904e+01 7.000000e+00
      vertex   2.261177e+01 3.394889e+01 1.200000e+01
    endloop
  endfacet
  facet normal 3.826834e-01 -9.238795e-01 0.000000e+00
    outer loop
      vertex   2.261177e+01 3.394889e+01 1.200000e+01
      vertex   2.225000e+01 3.379904e+01 7.000000e+00
      vertex   2.261177e+01 3.394889e+01 7.000000e+00
    endloop
  endfacet
  facet normal 1.305262e-01 -9.914449e-01 0.000000e+00
    outer loop
      vertex   2.261177e+01 3.394889e+01 1.200000e+01
      vertex   2.261177e+01 3.394889e+01 7.000000e+00
      vertex   2.300000e+01 3.400000e+01 1.200000e+01
    endloop
  endfacet
  facet normal 1.305262e-01 -9.914449e-01 0.000000e+00
    outer loop
      vertex   2.300000e+01 3.400000e+01 1.200000e+01
      vertex   2.261177e+01 3.394889e+01 7.000000e+00
      vertex   2.300000e+01 3.400000e+01 7.000000e+00
    endloop
  endfacet
  facet normal -1.305262e-01 -9.914449e-01 -0.000000e+00
    outer loop
      vertex   2.300000e+01 3.400000e+01 1.200000e+01
      vertex   2.300000e+01 3.400000e+01 7.000000e+00
      vertex   2.338823e+01 3.394889e+01 1.200000e+01
    endloop
  endfacet
  facet normal -1.305262e-01 -9.914449e-01 -0.000000e+00
    outer loop
      vertex   2.338823e+01 3.394889e+01 1.200000e+01
      vertex   2.300000e+01 3.400000e+01 7.000000e+00
      vertex   2.338823e+01 3.394889e+01 7.000000e+00
    endloop
  endfacet
  facet normal -3.826834e-01 -9.238795e-01 -0.000000e+00
    outer loop
      vertex   2.338823e+01 3.394889e+01 1.200000e+01
      vertex   2.338823e+01 3.394889e+01 7.000000e+00
      vertex   2.375000e+01 3.379904e+01 1.200000e+01
    endloop
  endfacet
  facet normal -3.826834e-01 -9.238795e-01 -0.000000e+00
    outer loop
      vertex   2.375000e+01 3.379904e+01 1.200000e+01
      vertex   2.338823e+01 3.394889e+01 7.000000e+00
      vertex   2.375000e+01 3.379904e+01 7.000000e+00
    endloop
  endfacet
  facet normal -6.087614e-01 -7.933533e-01 -0.000000e+00
    outer loop
      vertex   2.375000e+01 3.379904e+01 1.200000e+01
      vertex   2.375000e+01 3.379904e+01 7.000000e+00
      vertex   2.406066e+01 3.356066e+01 1.200000e+01
    endloop
  endfacet
  facet normal -6.087614e-01 -7.933533e-01 -0.000000e+00
    outer loop
      vertex   2.406066e+01 3.356066e+01 1.200000e+01
      vertex   2.375000e+01 3.379904e+01 7.000000e+00
      vertex   2.406066e+01 3.356066e+01 7.000000e+00
    endloop
  endfacet
  facet normal -7.933533e-01 -6.087614e-01 -0.000000e+00
    outer loop
      vertex   2.406066e+01 3.356066e+01 1.200000e+01
      vertex   2.406066e+01 3.356066e+01 7.000000e+00
      vertex   2.429904e+01 3.325000e+01 1.200000e+01
    endloop
  endfacet
  facet normal -7.933533e-01 -6.087614e-01 -0.000000e+00
    outer loop
      vertex   2.429904e+01 3.325000e+01 1.200000e+01
      vertex   2.406066e+01 3.356066e+01 7.000000e+00
      vertex   2.429904e+01 3.325000e+01 7.000000e+00
    endloop
  endfacet
  facet normal -9.238795e-01 -3.826834e-01 -0.000000e+00
    outer loop
      vertex   2.429904e+01 3.325000e+01 1.200000e+01
      vertex   2.429904e+01 3.325000e+01 7.000000e+00
      vertex   2.444889e+01 3.288823e+01 1.200000e+01
    endloop
  endfacet
  facet normal -9.238795e-01 -3.826834e-01 -0.000000e+00
    outer loop
      vertex   2.444889e+01 3.288823e+01 1.200000e+01
      vertex   2.429904e+01 3.325000e+01 7.000000e+00
      vertex   2.444889e+01 3.288823e+01 7.000000e+00
    endloop
  endfacet
  facet normal -9.914449e-01 1.305262e-01 0.000000e+00
    outer loop
      vertex   2.444889e+01 3.211177e+01 2.000000e+00
      vertex   2.444889e+01 3.211177e+01 7.000000e+00
      vertex   2.450000e+01 3.250000e+01 2.000000e+00
    endloop
  endfacet
  facet normal -9.914449e-01 1.305262e-01 0.000000e+00
    outer loop
      vertex   2.450000e+01 3.250000e+01 2.000000e+00
      vertex   2.444889e+01 3.211177e+01 7.000000e+00
      vertex   2.450000e+01 3.250000e+01 7.000000e+00
    endloop
  endfacet
  facet normal -9.914449e-01 -1.305262e-01 0.000000e+00
    outer loop
      vertex   2.450000e+01 3.250000e+01 2.000000e+00
      vertex   2.450000e+01 3.250000e+01 7.000000e+00
      vertex   2.444889e+01 3.288823e+01 2.000000e+00
    endloop
  endfacet
  facet normal -9.914449e-01 -1.305262e-01 0.000000e+00
    outer loop
      vertex   2.444889e+01 3.288823e+01 2.000000e+00
      vertex   2.450000e+01 3.250000e+01 7.000000e+00
      vertex   2.444889e+01 3.288823e+01 7.000000e+00
    endloop
  endfacet
  facet normal -9.238795e-01 -3.826834e-01 0.000000e+00
    outer loop
      vertex   2.444889e+01 3.288823e+01 2.000000e+00
      vertex   2.444889e+01 3.288823e+01 7.000000e+00
      vertex   2.429904e+01 3.325000e+01 2.000000e+00
    endloop
  endfacet
  facet normal -9.238795e-01 -3.826834e-01 0.000000e+00
    outer loop
      vertex   2.429904e+01 3.325000e+01 2.000000e+00
      vertex   2.444889e+01 3.288823e+01 7.000000e+00
      vertex   2.429904e+01 3.325000e+01 7.000000e+00
    endloop
  endfacet
  facet normal -7.933533e-01 -6.087614e-01 0.000000e+00
    outer loop
      vertex   2.429904e+01 3.325000e+01 2.000000e+00
      vertex   2.429904e+01 3.325000e+01 7.000000e+00
      vertex   2.406066e+01 3.356066e+01 2.000000e+00
    endloop
  endfacet
  facet normal -7.933533e-01 -6.087614e-01 0.000000e+00
    outer loop
      vertex   2.406066e+01 3.356066e+01 2.000000e+00
      vertex   2.429904e+01 3.325000e+01 7.000000e+00
      vertex   2.406066e+01 3.356066e+01 7.000000e+00
    endloop
  endfacet
  facet normal -6.087614e-01 -7.933533e-01 0.000000e+00
    outer loop
      vertex   2.406066e+01 3.356066e+01 2.000000e+00
      vertex   2.406066e+01 3.356066e+01 7.000000e+00
      vertex   2.375000e+01 3.379904e+01 2.000000e+00
    endloop
  endfacet
  facet normal -6.087614e-01 -7.933533e-01 0.000000e+00
    outer loop
      vertex   2.375000e+01 3.379904e+01 2.000000e+00
      vertex   2.406066e+01 3.356066e+01 7.000000e+00
      vertex   2.375000e+01 3.379904e+01 7.000000e+00
    endloop
  endfacet
  facet normal -3.826834e-01 -9.238795e-01 0.000000e+00
    outer loop
      vertex   2.375000e+01 3.379904e+01 2.000000e+00
      vertex   2.375000e+01 3.379904e+01 7.000000e+00
      vertex   2.338823e+01 3.394889e+01 2.000000e+00
    endloop
  endfacet
  facet normal -3.826834e-01 -9.238795e-01 0.000000e+00
    outer loop
      vertex   2.338823e+01 3.394889e+01 2.000000e+00
      vertex   2.375000e+01 3.379904e+01 7.000000e+00
      vertex   2.338823e+01 3.394889e+01 7.000000e+00
    endloop
  endfacet
  facet normal -1.305262e-01 -9.914449e-01 0.000000e+00
    outer loop
      vertex   2.338823e+01 3.394889e+01 2.000000e+00
      vertex   2.338823e+01 3.394889e+01 7.000000e+00
      vertex   2.300000e+01 3.400000e+01 2.000000e+00
    endloop
  endfacet
  facet normal -1.305262e-01 -9.914449e-01 0.000000e+00
    outer loop
      vertex   2.300000e+01 3.400000e+01 2.000000e+00
      vertex   2.338823e+01 3.394889e+01 7.000000e+00
      vertex   2.300000e+01 3.400000e+01 7.000000e+00
    endloop
  endfacet
  facet normal 1.305262e-01 -9.914449e-01 0.000000e+00
    outer loop
      vertex   2.300000e+01 3.400000e+01 2.000000e+00
      vertex   2.300000e+01 3.400000e+01 7.000000e+00
      vertex   2.261177e+01 3.394889e+01 2.000000e+00
    endloop
  endfacet
  facet normal 1.305262e-01 -9.914449e-01 0.000000e+00
    outer loop
      vertex   2.261177e+01 3.394889e+01 2.000000e+00
      vertex   2.300000e+01 3.400000e+01 7.000000e+00
      vertex   2.261177e+01 3.394889e+01 7.000000e+00
    endloop
  endfacet
  facet normal 3.826834e-01 -9.238795e-01 0.000000e+00
    outer loop
      vertex   2.261177e+01 3.394889e+01 2.000000e+00
      vertex   2.261177e+01 3.394889e+01 7.000000e+00
      vertex   2.225000e+01 3.379904e+01 2.000000e+00
    endloop
  endfacet
  facet normal 3.826834e-01 -9.238795e-01 0.000000e+00
    outer loop
      vertex   2.225000e+01 3.379904e+01 2.000000e+00
      vertex   2.261177e+01 3.394889e+01 7.000000e+00
      vertex   2.225000e+01 3.379904e+01 7.000000e+00
    endloop
  endfacet
  facet normal 6.087614e-01 -7.933533e-01 0.000000e+00
    outer loop
      vertex   2.225000e+01 3.379904e+01 2.000000e+00
      vertex   2.225000e+01 3.379904e+01 7.000000e+00
      vertex   2.193934e+01 3.356066e+01 2.000000e+00
    endloop
  endfacet
  facet normal 6.087614e-01 -7.933533e-01 0.000000e+00
    outer loop
      vertex   2.193934e+01 3.356066e+01 2.000000e+00
      vertex   2.225000e+01 3.379904e+01 7.000000e+00
      vertex   2.193934e+01 3.356066e+01 7.000000e+00
    endloop
  endfacet
  facet normal 7.933533e-01 -6.087614e-01 0.000000e+00
    outer loop
      vertex   2.193934e+01 3.356066e+01 2.000000e+00
      vertex   2.193934e+01 3.356066e+01 7.000000e+00
      vertex   2.170096e+01 3.325000e+01 2.000000e+00
    endloop
  endfacet
  facet normal 7.933533e-01 -6.087614e-01 0.000000e+00
    outer loop
      vertex   2.170096e+01 3.325000e+01 2.000000e+00
      vertex   2.193934e+01 3.356066e+01 7.000000e+00
      vertex   2.170096e+01 3.325000e+01 7.000000e+00
    endloop
  endfacet
  facet normal 9.238795e-01 -3.826834e-01 0.000000e+00
    outer loop
      vertex   2.170096e+01 3.325000e+01 2.000000e+00
      vertex   2.170096e+01 3.325000e+01 7.000000e+00
      vertex   2.155111e+01 3.288823e+01 2.000000e+00
    endloop
  endfacet
  facet normal 9.238795e-01 -3.826834e-01 0.000000e+00
    outer loop
      vertex   2.155111e+01 3.288823e+01 2.000000e+00
      vertex   2.170096e+01 3.325000e+01 7.000000e+00
      vertex   2.155111e+01 3.288823e+01 7.000000e+00
    endloop
  endfacet
  facet normal 9.914449e-01 -1.305262e-01 0.000000e+00
    outer loop
      vertex   2.155111e+01 3.288823e+01 2.000000e+00
      vertex   2.155111e+01 3.288823e+01 7.000000e+00
      vertex   2.150000e+01 3.250000e+01 2.000000e+00
    endloop
  endfacet
  facet normal 9.914449e-01 -1.305262e-01 0.000000e+00
    outer loop
      vertex   2.150000e+01 3.250000e+01 2.000000e+00
      vertex   2.155111e+01 3.288823e+01 7.000000e+00
      vertex   2.150000e+01 3.250000e+01 7.000000e+00
    endloop
  endfacet
  facet normal 9.914449e-01 1.305262e-01 -0.000000e+00
    outer loop
      vertex   2.150000e+01 3.250000e+01 2.000000e+00
      vertex   2.150000e+01 3.250000e+01 7.000000e+00
      vertex   2.155111e+01 3.211177e+01 2.000000e+00
    endloop
  endfacet
  facet normal 9.914449e-01 1.305262e-01 -0.000000e+00
    outer loop
      vertex   2.155111e+01 3.211177e+01 2.000000e+00
      vertex   2.150000e+01 3.250000e+01 7.000000e+00
      vertex   2.155111e+01 3.211177e+01 7.000000e+00
    endloop
  endfacet
  facet normal 9.238795e-01 3.826834e-01 -0.000000e+00
    outer loop
      vertex   2.155111e+01 3.211177e+01 2.000000e+00
      vertex   2.155111e+01 3.211177e+01 7.000000e+00
      vertex   2.170096e+01 3.175000e+01 2.000000e+00
    endloop
  endfacet
  facet normal 9.238795e-01 3.826834e-01 -0.000000e+00
    outer loop
      vertex   2.170096e+01 3.175000e+01 2.000000e+00
      vertex   2.155111e+01 3.211177e+01 7.000000e+00
      vertex   2.170096e+01 3.175000e+01 7.000000e+00
    endloop
  endfacet
  facet normal 7.933533e-01 6.087614e-01 -0.000000e+00
    outer loop
      vertex   2.170096e+01 3.175000e+01 2.000000e+00
      vertex   2.170096e+01 3.175000e+01 7.000000e+00
      vertex   2.193934e+01 3.143934e+01 2.000000e+00
    endloop
  endfacet
  facet normal 7.933533e-01 6.087614e-01 -0.000000e+00
    outer loop
      vertex   2.193934e+01 3.143934e+01 2.000000e+00
      vertex   2.170096e+01 3.175000e+01 7.000000e+00
      vertex   2.193934e+01 3.143934e+01 7.000000e+00
    endloop
  endfacet
  facet normal 6.087614e-01 7.933533e-01 -0.000000e+00
    outer loop
      vertex   2.193934e+01 3.143934e+01 2.000000e+00
      vertex   2.193934e+01 3.143934e+01 7.000000e+00
      vertex   2.225000e+01 3.120096e+01 2.000000e+00
    endloop
  endfacet
  facet normal 6.087614e-01 7.933533e-01 -0.000000e+00
    outer loop
      vertex   2.225000e+01 3.120096e+01 2.000000e+00
      vertex   2.193934e+01 3.143934e+01 7.000000e+00
      vertex   2.225000e+01 3.120096e+01 7.000000e+00
    endloop
  endfacet
  facet normal 3.826834e-01 9.238795e-01 -0.000000e+00
    outer loop
      vertex   2.225000e+01 3.120096e+01 2.000000e+00
      vertex   2.225000e+01 3.120096e+01 7.000000e+00
      vertex   2.261177e+01 3.105111e+01 2.000000e+00
    endloop
  endfacet
  facet normal 3.826834e-01 9.238795e-01 -0.000000e+00
    outer loop
      vertex   2.261177e+01 3.105111e+01 2.000000e+00
      vertex   2.225000e+01 3.120096e+01 7.000000e+00
      vertex   2.261177e+01 3.105111e+01 7.000000e+00
    endloop
  endfacet
  facet normal 1.305262e-01 9.914449e-01 -0.000000e+00
    outer loop
      vertex   2.261177e+01 3.105111e+01 2.000000e+00
      vertex   2.261177e+01 3.105111e+01 7.000000e+00
      vertex   2.300000e+01 3.100000e+01 2.000000e+00
    endloop
  endfacet
  facet normal 1.305262e-01 9.914449e-01 -0.000000e+00
    outer loop
      vertex   2.300000e+01 3.100000e+01 2.000000e+00
      vertex   2.261177e+01 3.105111e+01 7.000000e+00
      vertex   2.300000e+01 3.100000e+01 7.000000e+00
    endloop
  endfacet
  facet normal -1.305262e-01 9.914449e-01 0.000000e+00
    outer loop
      vertex   2.300000e+01 3.100000e+01 2.000000e+00
      vertex   2.300000e+01 3.100000e+01 7.000000e+00
      vertex   2.338823e+01 3.105111e+01 2.000000e+00
    endloop
  endfacet
  facet normal -1.305262e-01 9.914449e-01 0.000000e+00
    outer loop
      vertex   2.338823e+01 3.105111e+01 2.000000e+00
      vertex   2.300000e+01 3.100000e+01 7.000000e+00
      vertex   2.338823e+01 3.105111e+01 7.000000e+00
    endloop
  endfacet
  facet normal -3.826834e-01 9.238795e-01 0.000000e+00
    outer loop
      vertex   2.338823e+01 3.105111e+01 2.000000e+00
      vertex   2.338823e+01 3.105111e+01 7.000000e+00
      vertex   2.375000e+01 3.120096e+01 2.000000e+00
    endloop
  endfacet
  facet normal -3.826834e-01 9.238795e-01 0.000000e+00
    outer loop
      vertex   2.375000e+01 3.120096e+01 2.000000e+00
      vertex   2.338823e+01 3.105111e+01 7.000000e+00
      vertex   2.375000e+01 3.120096e+01 7.000000e+00
    endloop
  endfacet
  facet normal -6.087614e-01 7.933533e-01 0.000000e+00
    outer loop
      vertex   2.375000e+01 3.120096e+01 2.000000e+00
      vertex   2.375000e+01 3.120096e+01 7.000000e+00
      vertex   2.406066e+01 3.143934e+01 2.000000e+00
    endloop
  endfacet
  facet normal -6.087614e-01 7.933533e-01 0.000000e+00
    outer loop
      vertex   2.406066e+01 3.143934e+01 2.000000e+00
      vertex   2.375000e+01 3.120096e+01 7.000000e+00
      vertex   2.406066e+01 3.143934e+01 7.000000e+00
    endloop
  endfacet
  facet normal -7.933533e-01 6.087614e-01 0.000000e+00
    outer loop
      vertex   2.406066e+01 3.143934e+01 2.000000e+00
      vertex   2.406066e+01 3.143934e+01 7.000000e+00
      vertex   2.429904e+01 3.175000e+01 2.000000e+00
    endloop
  endfacet
  facet normal -7.933533e-01 6.087614e-01 0.000000e+00
    outer loop
      vertex   2.429904e+01 3.175000e+01 2.000000e+00
      vertex   2.406066e+01 3.143934e+01 7.000000e+00
      vertex   2.429904e+01 3.175000e+01 7.000000e+00
    endloop
  endfacet
  facet normal -9.238795e-01 3.826834e-01 0.000000e+00
    outer loop
      vertex   2.429904e+01 3.175000e+01 2.000000e+00
      vertex   2.429904e+01 3.175000e+01 7.000000e+00
      vertex   2.444889e+01 3.211177e+01 2.000000e+00
    endloop
  endfacet
  facet normal -9.238795e-01 3.826834e-01 0.000000e+00
    outer loop
      vertex   2.444889e+01 3.211177e+01 2.000000e+00
      vertex   2.429904e+01 3.175000e+01 7.000000e+00
      vertex   2.444889e+01 3.211177e+01 7.000000e+00
    endloop
  endfacet
  facet normal 9.914449e-01 -1.305262e-01 0.000000e+00
    outer loop
      vertex   2.541481e+01 3.185295e+01 1.200000e+01
      vertex   2.541481e+01 3.185295e+01 2.000000e+00
      vertex   2.550000e+01 3.250000e+01 1.200000e+01
    endloop
  endfacet
  facet normal 9.914449e-01 -1.305262e-01 0.000000e+00
    outer loop
      vertex   2.550000e+01 3.250000e+01 1.200000e+01
      vertex   2.541481e+01 3.185295e+01 2.000000e+00
      vertex   2.550000e+01 3.250000e+01 2.000000e+00
    endloop
  endfacet
  facet normal 9.914449e-01 1.305262e-01 0.000000e+00
    outer loop
      vertex   2.550000e+01 3.250000e+01 1.200000e+01
      vertex   2.550000e+01 3.250000e+01 2.000000e+00
      vertex   2.541481e+01 3.314705e+01 1.200000e+01
    endloop
  endfacet
  facet normal 9.914449e-01 1.305262e-01 0.000000e+00
    outer loop
      vertex   2.541481e+01 3.314705e+01 1.200000e+01
      vertex   2.550000e+01 3.250000e+01 2.000000e+00
      vertex   2.541481e+01 3.314705e+01 2.000000e+00
    endloop
  endfacet
  facet normal 9.238795e-01 3.826834e-01 0.000000e+00
    outer loop
      vertex   2.541481e+01 3.314705e+01 1.200000e+01
      vertex   2.541481e+01 3.314705e+01 2.000000e+00
      vertex   2.516506e+01 3.375000e+01 1.200000e+01
    endloop
  endfacet
  facet normal 9.238795e-01 3.826834e-01 0.000000e+00
    outer loop
      vertex   2.516506e+01 3.375000e+01 1.200000e+01
      vertex   2.541481e+01 3.314705e+01 2.000000e+00
      vertex   2.516506e+01 3.375000e+01 2.000000e+00
    endloop
  endfacet
  facet normal 7.933533e-01 6.087614e-01 0.000000e+00
    outer loop
      vertex   2.516506e+01 3.375000e+01 1.200000e+01
      vertex   2.516506e+01 3.375000e+01 2.000000e+00
      vertex   2.476777e+01 3.426777e+01 1.200000e+01
    endloop
  endfacet
  facet normal 7.933533e-01 6.087614e-01 0.000000e+00
    outer loop
      vertex   2.476777e+01 3.426777e+01 1.200000e+01
      vertex   2.516506e+01 3.375000e+01 2.000000e+00
      vertex   2.476777e+01 3.426777e+01 2.000000e+00
    endloop
  endfacet
  facet normal 6.087614e-01 7.933533e-01 0.000000e+00
    outer loop
      vertex   2.476777e+01 3.426777e+01 1.200000e+01
      vertex   2.476777e+01 3.426777e+01 2.000000e+00
      vertex   2.425000e+01 3.466506e+01 1.200000e+01
    endloop
  endfacet
  facet normal 6.087614e-01 7.933533e-01 0.000000e+00
    outer loop
      vertex   2.425000e+01 3.466506e+01 1.200000e+01
      vertex   2.476777e+01 3.426777e+01 2.000000e+00
      vertex   2.425000e+01 3.466506e+01 2.000000e+00
    endloop
  endfacet
  facet normal 3.826834e-01 9.238795e-01 0.000000e+00
    outer loop
      vertex   2.425000e+01 3.466506e+01 1.200000e+01
      vertex   2.425000e+01 3.466506e+01 2.000000e+00
      vertex   2.364705e+01 3.491481e+01 1.200000e+01
    endloop
  endfacet
  facet normal 3.826834e-01 9.238795e-01 -1.359565e-16
    outer loop
      vertex   2.364705e+01 3.491481e+01 1.200000e+01
      vertex   2.425000e+01 3.466506e+01 2.000000e+00
      vertex   2.364705e+01 3.491481e+01 2.000000e+00
    endloop
  endfacet
  facet normal 1.305262e-01 9.914449e-01 -4.637222e-17
    outer loop
      vertex   2.364705e+01 3.491481e+01 1.200000e+01
      vertex   2.364705e+01 3.491481e+01 2.000000e+00
      vertex   2.300000e+01 3.500000e+01 1.200000e+01
    endloop
  endfacet
  facet normal 1.305262e-01 9.914449e-01 0.000000e+00
    outer loop
      vertex   2.300000e+01 3.500000e+01 1.200000e+01
      vertex   2.364705e+01 3.491481e+01 2.000000e+00
      vertex   2.300000e+01 3.500000e+01 2.000000e+00
    endloop
  endfacet
  facet normal -1.305262e-01 9.914449e-01 0.000000e+00
    outer loop
      vertex   2.300000e+01 3.500000e+01 1.200000e+01
      vertex   2.300000e+01 3.500000e+01 2.000000e+00
      vertex   2.235295e+01 3.491481e+01 1.200000e+01
    endloop
  endfacet
  facet normal -1.305262e-01 9.914449e-01 0.000000e+00
    outer loop
      vertex   2.235295e+01 3.491481e+01 1.200000e+01
      vertex   2.300000e+01 3.500000e+01 2.000000e+00
      vertex   2.235295e+01 3.491481e+01 2.000000e+00
    endloop
  endfacet
  facet normal -3.826834e-01 9.238795e-01 0.000000e+00
    outer loop
      vertex   2.235295e+01 3.491481e+01 1.200000e+01
      vertex   2.235295e+01 3.491481e+01 2.000000e+00
      vertex   2.175000e+01 3.466506e+01 1.200000e+01
    endloop
  endfacet
  facet normal -3.826834e-01 9.238795e-01 0.000000e+00
    outer loop
      vertex   2.175000e+01 3.466506e+01 1.200000e+01
      vertex   2.235295e+01 3.491481e+01 2.000000e+00
      vertex   2.175000e+01 3.466506e+01 2.000000e+00
    endloop
  endfacet
  facet normal -6.087614e-01 7.933533e-01 0.000000e+00
    outer loop
      vertex   2.175000e+01 3.466506e+01 1.200000e+01
      vertex   2.175000e+01 3.466506e+01 2.000000e+00
      vertex   2.123223e+01 3.426777e+01 1.200000e+01
    endloop
  endfacet
  facet normal -6.087614e-01 7.933533e-01 0.000000e+00
    outer loop
      vertex   2.123223e+01 3.426777e+01 1.200000e+01
      vertex   2.175000e+01 3.466506e+01 2.000000e+00
      vertex   2.123223e+01 3.426777e+01 2.000000e+00
    endloop
  endfacet
  facet normal -7.933533e-01 6.087614e-01 0.000000e+00
    outer loop
      vertex   2.123223e+01 3.426777e+01 1.200000e+01
      vertex   2.123223e+01 3.426777e+01 2.000000e+00
      vertex   2.083494e+01 3.375000e+01 1.200000e+01
    endloop
  endfacet
  facet normal -7.933533e-01 6.087614e-01 0.000000e+00
    outer loop
      vertex   2.083494e+01 3.375000e+01 1.200000e+01
      vertex   2.123223e+01 3.426777e+01 2.000000e+00
      vertex   2.083494e+01 3.375000e+01 2.000000e+00
    endloop
  endfacet
  facet normal -9.238795e-01 3.826834e-01 0.000000e+00
    outer loop
      vertex   2.083494e+01 3.375000e+01 1.200000e+01
      vertex   2.083494e+01 3.375000e+01 2.000000e+00
      vertex   2.058519e+01 3.314705e+01 1.200000e+01
    endloop
  endfacet
  facet normal -9.238795e-01 3.826834e-01 -2.719129e-16
    outer loop
      vertex   2.058519e+01 3.314705e+01 1.200000e+01
      vertex   2.083494e+01 3.375000e+01 2.000000e+00
      vertex   2.058519e+01 3.314705e+01 2.000000e+00
    endloop
  endfacet
  facet normal -9.914449e-01 1.305262e-01 -9.274444e-17
    outer loop
      vertex   2.058519e+01 3.314705e+01 1.200000e+01
      vertex   2.058519e+01 3.314705e+01 2.000000e+00
      vertex   2.050000e+01 3.250000e+01 1.200000e+01
    endloop
  endfacet
  facet normal -9.914449e-01 1.305262e-01 0.000000e+00
    outer loop
      vertex   2.050000e+01 3.250000e+01 1.200000e+01
      vertex   2.058519e+01 3.314705e+01 2.000000e+00
      vertex   2.050000e+01 3.250000e+01 2.000000e+00
    endloop
  endfacet
  facet normal -9.914449e-01 -1.305262e-01 -0.000000e+00
    outer loop
      vertex   2.050000e+01 3.250000e+01 1.200000e+01
      vertex   2.050000e+01 3.250000e+01 2.000000e+00
      vertex   2.058519e+01 3.185295e+01 1.200000e+01
    endloop
  endfacet
  facet normal -9.914449e-01 -1.305262e-01 4.637222e-17
    outer loop
      vertex   2.058519e+01 3.185295e+01 1.200000e+01
      vertex   2.050000e+01 3.250000e+01 2.000000e+00
      vertex   2.058519e+01 3.185295e+01 2.000000e+00
    endloop
  endfacet
  facet normal -9.238795e-01 -3.826834e-01 1.359565e-16
    outer loop
      vertex   2.058519e+01 3.185295e+01 1.200000e+01
      vertex   2.058519e+01 3.185295e+01 2.000000e+00
      vertex   2.083494e+01 3.125000e+01 1.200000e+01
    endloop
  endfacet
  facet normal -9.238795e-01 -3.826834e-01 -0.000000e+00
    outer loop
      vertex   2.083494e+01 3.125000e+01 1.200000e+01
      vertex   2.058519e+01 3.185295e+01 2.000000e+00
      vertex   2.083494e+01 3.125000e+01 2.000000e+00
    endloop
  endfacet
  facet normal -7.933533e-01 -6.087614e-01 -0.000000e+00
    outer loop
      vertex   2.083494e+01 3.125000e+01 1.200000e+01
      vertex   2.083494e+01 3.125000e+01 2.000000e+00
      vertex   2.123223e+01 3.073223e+01 1.200000e+01
    endloop
  endfacet
  facet normal -7.933533e-01 -6.087614e-01 -0.000000e+00
    outer loop
      vertex   2.123223e+01 3.073223e+01 1.200000e+01
      vertex   2.083494e+01 3.125000e+01 2.000000e+00
      vertex   2.123223e+01 3.073223e+01 2.000000e+00
    endloop
  endfacet
  facet normal -6.087614e-01 -7.933533e-01 -0.000000e+00
    outer loop
      vertex   2.123223e+01 3.073223e+01 1.200000e+01
      vertex   2.123223e+01 3.073223e+01 2.000000e+00
      vertex   2.175000e+01 3.033494e+01 1.200000e+01
    endloop
  endfacet
  facet normal -6.087614e-01 -7.933533e-01 -0.000000e+00
    outer loop
      vertex   2.175000e+01 3.033494e+01 1.200000e+01
      vertex   2.123223e+01 3.073223e+01 2.000000e+00
      vertex   2.175000e+01 3.033494e+01 2.000000e+00
    endloop
  endfacet
  facet normal -3.826834e-01 -9.238795e-01 -0.000000e+00
    outer loop
      vertex   2.175000e+01 3.033494e+01 1.200000e+01
      vertex   2.175000e+01 3.033494e+01 2.000000e+00
      vertex   2.235295e+01 3.008519e+01 1.200000e+01
    endloop
  endfacet
  facet normal -3.826834e-01 -9.238795e-01 -0.000000e+00
    outer loop
      vertex   2.235295e+01 3.008519e+01 1.200000e+01
      vertex   2.175000e+01 3.033494e+01 2.000000e+00
      vertex   2.235295e+01 3.008519e+01 2.000000e+00
    endloop
  endfacet
  facet normal -1.305262e-01 -9.914449e-01 -0.000000e+00
    outer loop
      vertex   2.235295e+01 3.008519e+01 1.200000e+01
      vertex   2.235295e+01 3.008519e+01 2.000000e+00
      vertex   2.300000e+01 3.000000e+01 1.200000e+01
    endloop
  endfacet
  facet normal -1.305262e-01 -9.914449e-01 -0.000000e+00
    outer loop
      vertex   2.300000e+01 3.000000e+01 1.200000e+01
      vertex   2.235295e+01 3.008519e+01 2.000000e+00
      vertex   2.300000e+01 3.000000e+01 2.000000e+00
    endloop
  endfacet
  facet normal 1.305262e-01 -9.914449e-01 0.000000e+00
    outer loop
      vertex   2.300000e+01 3.000000e+01 1.200000e+01
      vertex   2.300000e+01 3.000000e+01 2.000000e+00
      vertex   2.364705e+01 3.008519e+01 1.200000e+01
    endloop
  endfacet
  facet normal 1.305262e-01 -9.914449e-01 4.637222e-17
    outer loop
      vertex   2.364705e+01 3.008519e+01 1.200000e+01
      vertex   2.300000e+01 3.000000e+01 2.000000e+00
      vertex   2.364705e+01 3.008519e+01 2.000000e+00
    endloop
  endfacet
  facet normal 3.826834e-01 -9.238795e-01 1.359565e-16
    outer loop
      vertex   2.364705e+01 3.008519e+01 1.200000e+01
      vertex   2.364705e+01 3.008519e+01 2.000000e+00
      vertex   2.425000e+01 3.033494e+01 1.200000e+01
    endloop
  endfacet
  facet normal 3.826834e-01 -9.238795e-01 0.000000e+00
    outer loop
      vertex   2.425000e+01 3.033494e+01 1.200000e+01
      vertex   2.364705e+01 3.008519e+01 2.000000e+00
      vertex   2.425000e+01 3.033494e+01 2.000000e+00
    endloop
  endfacet
  facet normal 6.087614e-01 -7.933533e-01 0.000000e+00
    outer loop
      vertex   2.425000e+01 3.033494e+01 1.200000e+01
      vertex   2.425000e+01 3.033494e+01 2.000000e+00
      vertex   2.476777e+01 3.073223e+01 1.200000e+01
    endloop
  endfacet
  facet normal 6.087614e-01 -7.933533e-01 0.000000e+00
    outer loop
      vertex   2.476777e+01 3.073223e+01 1.200000e+01
      vertex   2.425000e+01 3.033494e+01 2.000000e+00
      vertex   2.476777e+01 3.073223e+01 2.000000e+00
    endloop
  endfacet
  facet normal 7.933533e-01 -6.087614e-01 0.000000e+00
    outer loop
      vertex   2.476777e+01 3.073223e+01 1.200000e+01
      vertex   2.476777e+01 3.073223e+01 2.000000e+00
      vertex   2.516506e+01 3.125000e+01 1.200000e+01
    endloop
  endfacet
  facet normal 7.933533e-01 -6.087614e-01 0.000000e+00
    outer loop
      vertex   2.516506e+01 3.125000e+01 1.200000e+01
      vertex   2.476777e+01 3.073223e+01 2.000000e+00
      vertex   2.516506e+01 3.125000e+01 2.000000e+00
    endloop
  endfacet
  facet normal 9.238795e-01 -3.826834e-01 0.000000e+00
    outer loop
      vertex   2.516506e+01 3.125000e+01 1.200000e+01
      vertex   2.516506e+01 3.125000e+01 2.000000e+00
      vertex   2.541481e+01 3.185295e+01 1.200000e+01
    endloop
  endfacet
  facet normal 9.238795e-01 -3.826834e-01 0.000000e+00
    outer loop
      vertex   2.541481e+01 3.185295e+01 1.200000e+01
      vertex   2.516506e+01 3.125000e+01 2.000000e+00
      vertex   2.541481e+01 3.185295e+01 2.000000e+00
    endloop
  endfacet
  facet normal 0.000000e+00 0.000000e+00 1.000000e+00
    outer loop
      vertex   2.444889e+01 3.288823e+01 1.200000e+01
      vertex   2.450000e+01 3.250000e+01 1.200000e+01
      vertex   2.550000e+01 3.250000e+01 1.200000e+01
    endloop
  endfacet
  facet normal 0.000000e+00 0.000000e+00 1.000000e+00
    outer loop
      vertex   2.550000e+01 3.250000e+01 1.200000e+01
      vertex   2.450000e+01 3.250000e+01 1.200000e+01
      vertex   2.444889e+01 3.211177e+01 1.200000e+01
    endloop
  endfacet
  facet normal 0.000000e+00 0.000000e+00 1.000000e+00
    outer loop
      vertex   2.550000e+01 3.250000e+01 1.200000e+01
      vertex   2.444889e+01 3.211177e+01 1.200000e+01
      vertex   2.541481e+01 3.185295e+01 1.200000e+01
    endloop
  endfacet
  facet normal 0.000000e+00 0.000000e+00 1.000000e+00
    outer loop
      vertex   2.541481e+01 3.185295e+01 1.200000e+01
      vertex   2.444889e+01 3.211177e+01 1.200000e+01
      vertex   2.429904e+01 3.175000e+01 1.200000e+01
    endloop
  endfacet
  facet normal 0.000000e+00 0.000000e+00 1.000000e+00
    outer loop
      vertex   2.541481e+01 3.185295e+01 1.200000e+01
      vertex   2.429904e+01 3.175000e+01 1.200000e+01
      vertex   2.516506e+01 3.125000e+01 1.200000e+01
    endloop
  endfacet
  facet normal 0.000000e+00 0.000000e+00 1.000000e+00
    outer loop
      vertex   2.516506e+01 3.125000e+01 1.200000e+01
      vertex   2.429904e+01 3.175000e+01 1.200000e+01
      vertex   2.406066e+01 3.143934e+01 1.200000e+01
    endloop
  endfacet
  facet normal 0.000000e+00 0.000000e+00 1.000000e+00
    outer loop
      vertex   2.516506e+01 3.125000e+01 1.200000e+01
      vertex   2.406066e+01 3.143934e+01 1.200000e+01
      vertex   2.476777e+01 3.073223e+01 1.200000e+01
    endloop
  endfacet
  facet normal 0.000000e+00 0.000000e+00 1.000000e+00
    outer loop
      vertex   2.476777e+01 3.073223e+01 1.200000e+01
      vertex   2.406066e+01 3.143934e+01 1.200000e+01
      vertex   2.375000e+01 3.120096e+01 1.200000e+01
    endloop
  endfacet
  facet normal 0.000000e+00 0.000000e+00 1.000000e+00
    outer loop
      vertex   2.476777e+01 3.073223e+01 1.200000e+01
      vertex   2.375000e+01 3.120096e+01 1.200000e+01
      vertex   2.425000e+01 3.033494e+01 1.200000e+01
    endloop
  endfacet
  facet normal 0.000000e+00 0.000000e+00 1.000000e+00
    outer loop
      vertex   2.425000e+01 3.033494e+01 1.200000e+01
      vertex   2.375000e+01 3.120096e+01 1.200000e+01
      vertex   2.338823e+01 3.105111e+01 1.200000e+01
    endloop
  endfacet
  facet normal 0.000000e+00 0.000000e+00 1.000000e+00
    outer loop
      vertex   2.425000e+01 3.033494e+01 1.200000e+01
      vertex   2.338823e+01 3.105111e+01 1.200000e+01
      vertex   2.364705e+01 3.008519e+01 1.200000e+01
    endloop
  endfacet
  facet normal 0.000000e+00 0.000000e+00 1.000000e+00
    outer loop
      vertex   2.364705e+01 3.008519e+01 1.200000e+01
      vertex   2.338823e+01 3.105111e+01 1.200000e+01
      vertex   2.300000e+01 3.100000e+01 1.200000e+01
    endloop
  endfacet
  facet normal 0.000000e+00 0.000000e+00 1.000000e+00
    outer loop
      vertex   2.364705e+01 3.008519e+01 1.200000e+01
      vertex   2.300000e+01 3.100000e+01 1.200000e+01
      vertex   2.300000e+01 3.000000e+01 1.200000e+01
    endloop
  endfacet
  facet normal 0.000000e+00 -0.000000e+00 1.000000e+00
    outer loop
      vertex   2.300000e+01 3.000000e+01 1.200000e+01
      vertex   2.300000e+01 3.100000e+01 1.200000e+01
      vertex   2.235295e+01 3.008519e+01 1.200000e+01
    endloop
  endfacet
  facet normal 0.000000e+00 0.000000e+00 1.000000e+00
    outer loop
      vertex   2.235295e+01 3.008519e+01 1.200000e+01
      vertex   2.300000e+01 3.100000e+01 1.200000e+01
      vertex   2.261177e+01 3.105111e+01 1.200000e+01
    endloop
  endfacet
  facet normal 0.000000e+00 -0.000000e+00 1.000000e+00
    outer loop
      vertex   2.235295e+01 3.008519e+01 1.200000e+01
      vertex   2.261177e+01 3.105111e+01 1.200000e+01
      vertex   2.175000e+01 3.033494e+01 1.200000e+01
    endloop
  endfacet
  facet normal 0.000000e+00 0.000000e+00 1.000000e+00
    outer loop
      vertex   2.175000e+01 3.033494e+01 1.200000e+01
      vertex   2.261177e+01 3.105111e+01 1.200000e+01
      vertex   2.225000e+01 3.120096e+01 1.200000e+01
    endloop
  endfacet
  facet normal 0.000000e+00 -0.000000e+00 1.000000e+00
    outer loop
      vertex   2.175000e+01 3.033494e+01 1.200000e+01
      vertex   2.225000e+01 3.120096e+01 1.200000e+01
      vertex   2.123223e+01 3.073223e+01 1.200000e+01
    endloop
  endfacet
  facet normal 0.000000e+00 0.000000e+00 1.000000e+00
    outer loop
      vertex   2.123223e+01 3.073223e+01 1.200000e+01
      vertex   2.225000e+01 3.120096e+01 1.200000e+01
      vertex   2.193934e+01 3.143934e+01 1.200000e+01
    endloop
  endfacet
  facet normal 0.000000e+00 -0.000000e+00 1.000000e+00
    outer loop
      vertex   2.123223e+01 3.073223e+01 1.200000e+01
      vertex   2.193934e+01 3.143934e+01 1.200000e+01
      vertex   2.083494e+01 3.125000e+01 1.200000e+01
    endloop
  endfacet
  facet normal 0.000000e+00 0.000000e+00 1.000000e+00
    outer loop
      vertex   2.083494e+01 3.125000e+01 1.200000e+01
      vertex   2.193934e+01 3.143934e+01 1.200000e+01
      vertex   2.170096e+01 3.175000e+01 1.200000e+01
    endloop
  endfacet
  facet normal 0.000000e+00 -0.000000e+00 1.000000e+00
    outer loop
      vertex   2.083494e+01 3.125000e+01 1.200000e+01
      vertex   2.170096e+01 3.175000e+01 1.200000e+01
      vertex   2.058519e+01 3.185295e+01 1.200000e+01
    endloop
  endfacet
  facet normal -0.000000e+00 0.000000e+00 1.000000e+00
    outer loop
      vertex   2.058519e+01 3.185295e+01 1.200000e+01
      vertex   2.170096e+01 3.175000e+01 1.200000e+01
      vertex   2.155111e+01 3.211177e+01 1.200000e+01
    endloop
  endfacet
  facet normal 0.000000e+00 -0.000000e+00 1.000000e+00
    outer loop
      vertex   2.058519e+01 3.185295e+01 1.200000e+01
      vertex   2.155111e+01 3.211177e+01 1.200000e+01
      vertex   2.050000e+01 3.250000e+01 1.200000e+01
    endloop
  endfacet
  facet normal -0.000000e+00 0.000000e+00 1.000000e+00
    outer loop
      vertex   2.050000e+01 3.250000e+01 1.200000e+01
      vertex   2.155111e+01 3.211177e+01 1.200000e+01
      vertex   2.150000e+01 3.250000e+01 1.200000e+01
    endloop
  endfacet
  facet normal 0.000000e+00 0.000000e+00 1.000000e+00
    outer loop
      vertex   2.050000e+01 3.250000e+01 1.200000e+01
      vertex   2.150000e+01 3.250000e+01 1.200000e+01
      vertex   2.058519e+01 3.314705e+01 1.200000e+01
    endloop
  endfacet
  facet normal 0.000000e+00 0.000000e+00 1.000000e+00
    outer loop
      vertex   2.058519e+01 3.314705e+01 1.200000e+01
      vertex   2.150000e+01 3.250000e+01 1.200000e+01
      vertex   2.155111e+01 3.288823e+01 1.200000e+01
    endloop
  endfacet
  facet normal -0.000000e+00 0.000000e+00 1.000000e+00
    outer loop
      vertex   2.058519e+01 3.314705e+01 1.200000e+01
      vertex   2.155111e+01 3.288823e+01 1.200000e+01
      vertex   2.170096e+01 3.325000e+01 1.200000e+01
    endloop
  endfacet
  facet normal 0.000000e+00 0.000000e+00 1.000000e+00
    outer loop
      vertex   2.058519e+01 3.314705e+01 1.200000e+01
      vertex   2.170096e+01 3.325000e+01 1.200000e+01
      vertex   2.083494e+01 3.375000e+01 1.200000e+01
    endloop
  endfacet
  facet normal 0.000000e+00 0.000000e+00 1.000000e+00
    outer loop
      vertex   2.083494e+01 3.375000e+01 1.200000e+01
      vertex   2.170096e+01 3.325000e+01 1.200000e+01
      vertex   2.193934e+01 3.356066e+01 1.200000e+01
    endloop
  endfacet
  facet normal -0.000000e+00 0.000000e+00 1.000000e+00
    outer loop
      vertex   2.083494e+01 3.375000e+01 1.200000e+01
      vertex   2.193934e+01 3.356066e+01 1.200000e+01
      vertex   2.123223e+01 3.426777e+01 1.200000e+01
    endloop
  endfacet
  facet normal 0.000000e+00 0.000000e+00 1.000000e+00
    outer loop
      vertex   2.123223e+01 3.426777e+01 1.200000e+01
      vertex   2.193934e+01 3.356066e+01 1.200000e+01
      vertex   2.225000e+01 3.379904e+01 1.200000e+01
    endloop
  endfacet
  facet normal -0.000000e+00 0.000000e+00 1.000000e+00
    outer loop
      vertex   2.123223e+01 3.426777e+01 1.200000e+01
      vertex   2.225000e+01 3.379904e+01 1.200000e+01
      vertex   2.175000e+01 3.466506e+01 1.200000e+01
    endloop
  endfacet
  facet normal 0.000000e+00 0.000000e+00 1.000000e+00
    outer loop
      vertex   2.175000e+01 3.466506e+01 1.200000e+01
      vertex   2.225000e+01 3.379904e+01 1.200000e+01
      vertex   2.261177e+01 3.394889e+01 1.200000e+01
    endloop
  endfacet
  facet normal -0.000000e+00 0.000000e+00 1.000000e+00
    outer loop
      vertex   2.175000e+01 3.466506e+01 1.200000e+01
      vertex   2.261177e+01 3.394889e+01 1.200000e+01
      vertex   2.235295e+01 3.491481e+01 1.200000e+01
    endloop
  endfacet
  facet normal 0.000000e+00 0.000000e+00 1.000000e+00
    outer loop
      vertex   2.235295e+01 3.491481e+01 1.200000e+01
      vertex   2.261177e+01 3.394889e+01 1.200000e+01
      vertex   2.300000e+01 3.400000e+01 1.200000e+01
    endloop
  endfacet
  facet normal -0.000000e+00 0.000000e+00 1.000000e+00
    outer loop
      vertex   2.235295e+01 3.491481e+01 1.200000e+01
      vertex   2.300000e+01 3.400000e+01 1.200000e+01
      vertex   2.300000e+01 3.500000e+01 1.200000e+01
    endloop
  endfacet
  facet normal 0.000000e+00 0.000000e+00 1.000000e+00
    outer loop
      vertex   2.300000e+01 3.500000e+01 1.200000e+01
      vertex   2.300000e+01 3.400000e+01 1.200000e+01
      vertex   2.364705e+01 3.491481e+01 1.200000e+01
    endloop
  endfacet
  facet normal 0.000000e+00 0.000000e+00 1.000000e+00
    outer loop
      vertex   2.364705e+01 3.491481e+01 1.200000e+01
      vertex   2.300000e+01 3.400000e+01 1.200000e+01
      vertex   2.338823e+01 3.394889e+01 1.200000e+01
    endloop
  endfacet
  facet normal 0.000000e+00 0.000000e+00 1.000000e+00
    outer loop
      vertex   2.364705e+01 3.491481e+01 1.200000e+01
      vertex   2.338823e+01 3.394889e+01 1.200000e+01
      vertex   2.425000e+01 3.466506e+01 1.200000e+01
    endloop
  endfacet
  facet normal 0.000000e+00 0.000000e+00 1.000000e+00
    outer loop
      vertex   2.425000e+01 3.466506e+01 1.200000e+01
      vertex   2.338823e+01 3.394889e+01 1.200000e+01
      vertex   2.375000e+01 3.379904e+01 1.200000e+01
    endloop
  endfacet
  facet normal 0.000000e+00 0.000000e+00 1.000000e+00
    outer loop
      vertex   2.425000e+01 3.466506e+01 1.200000e+01
      vertex   2.375000e+01 3.379904e+01 1.200000e+01
      vertex   2.476777e+01 3.426777e+01 1.200000e+01
    endloop
  endfacet
  facet normal 0.000000e+00 0.000000e+00 1.000000e+00
    outer loop
      vertex   2.476777e+01 3.426777e+01 1.200000e+01
      vertex   2.375000e+01 3.379904e+01 1.200000e+01
      vertex   2.406066e+01 3.356066e+01 1.200000e+01
    endloop
  endfacet
  facet normal 0.000000e+00 0.000000e+00 1.000000e+00
    outer loop
      vertex   2.476777e+01 3.426777e+01 1.200000e+01
      vertex   2.406066e+01 3.356066e+01 1.200000e+01
      vertex   2.516506e+01 3.375000e+01 1.200000e+01
    endloop
  endfacet
  facet normal 0.000000e+00 0.000000e+00 1.000000e+00
    outer loop
      vertex   2.516506e+01 3.375000e+01 1.200000e+01
      vertex   2.406066e+01 3.356066e+01 1.200000e+01
      vertex   2.429904e+01 3.325000e+01 1.200000e+01
    endloop
  endfacet
  facet normal 0.000000e+00 0.000000e+00 1.000000e+00
    outer loop
      vertex   2.516506e+01 3.375000e+01 1.200000e+01
      vertex   2.429904e+01 3.325000e+01 1.200000e+01
      vertex   2.541481e+01 3.314705e+01 1.200000e+01
    endloop
  endfacet
  facet normal 0.000000e+00 0.000000e+00 1.000000e+00
    outer loop
      vertex   2.541481e+01 3.314705e+01 1.200000e+01
      vertex   2.429904e+01 3.325000e+01 1.200000e+01
      vertex   2.444889e+01 3.288823e+01 1.200000e+01
    endloop
  endfacet
  facet normal 0.000000e+00 0.000000e+00 1.000000e+00
    outer loop
      vertex   2.541481e+01 3.314705e+01 1.200000e+01
      vertex   2.444889e+01 3.288823e+01 1.200000e+01
      vertex   2.550000e+01 3.250000e+01 1.200000e+01
    endloop
  endfacet
  facet normal 0.000000e+00 0.000000e+00 1.000000e+00
    outer loop
      vertex   2.444889e+01 3.288823e+01 2.000000e+00
      vertex   2.155111e+01 3.288823e+01 2.000000e+00
      vertex   2.450000e+01 3.250000e+01 2.000000e+00
    endloop
  endfacet
  facet normal 0.000000e+00 0.000000e+00 1.000000e+00
    outer loop
      vertex   2.450000e+01 3.250000e+01 2.000000e+00
      vertex   2.155111e+01 3.288823e+01 2.000000e+00
      vertex   2.150000e+01 3.250000e+01 2.000000e+00
    endloop
  endfacet
  facet normal 0.000000e+00 0.000000e+00 1.000000e+00
    outer loop
      vertex   2.450000e+01 3.250000e+01 2.000000e+00
      vertex   2.150000e+01 3.250000e+01 2.000000e+00
      vertex   2.444889e+01 3.211177e+01 2.000000e+00
    endloop
  endfacet
  facet normal 0.000000e+00 0.000000e+00 1.000000e+00
    outer loop
      vertex   2.444889e+01 3.211177e+01 2.000000e+00
      vertex   2.150000e+01 3.250000e+01 2.000000e+00
      vertex   2.155111e+01 3.211177e+01 2.000000e+00
    endloop
  endfacet
  facet normal 0.000000e+00 0.000000e+00 1.000000e+00
    outer loop
      vertex   2.444889e+01 3.211177e+01 2.000000e+00
      vertex   2.155111e+01 3.211177e+01 2.000000e+00
      vertex   2.429904e+01 3.175000e+01 2.000000e+00
    endloop
  endfacet
  facet normal 0.000000e+00 0.000000e+00 1.000000e+00
    outer loop
      vertex   2.429904e+01 3.175000e+01 2.000000e+00
      vertex   2.155111e+01 3.211177e+01 2.000000e+00
      vertex   2.170096e+01 3.175000e+01 2.000000e+00
    endloop
  endfacet
  facet normal 0.000000e+00 0.000000e+00 1.000000e+00
    outer loop
      vertex   2.429904e+01 3.175000e+01 2.000000e+00
      vertex   2.170096e+01 3.175000e+01 2.000000e+00
      vertex   2.406066e+01 3.143934e+01 2.000000e+00
    endloop
  endfacet
  facet normal 0.000000e+00 0.000000e+00 1.000000e+00
    outer loop
      vertex   2.406066e+01 3.143934e+01 2.000000e+00
      vertex   2.170096e+01 3.175000e+01 2.000000e+00
      vertex   2.193934e+01 3.143934e+01 2.000000e+00
    endloop
  endfacet
  facet normal 0.000000e+00 0.000000e+00 1.000000e+00
    outer loop
      vertex   2.406066e+01 3.143934e+01 2.000000e+00
      vertex   2.193934e+01 3.143934e+01 2.000000e+00
      vertex   2.375000e+01 3.120096e+01 2.000000e+00
    endloop
  endfacet
  facet normal 0.000000e+00 0.000000e+00 1.000000e+00
    outer loop
      vertex   2.375000e+01 3.120096e+01 2.000000e+00
      vertex   2.193934e+01 3.143934e+01 2.000000e+00
      vertex   2.225000e+01 3.120096e+01 2.000000e+00
    endloop
  endfacet
  facet normal 0.000000e+00 0.000000e+00 1.000000e+00
    outer loop
      vertex   2.375000e+01 3.120096e+01 2.000000e+00
      vertex   2.225000e+01 3.120096e+01 2.000000e+00
      vertex   2.338823e+01 3.105111e+01 2.000000e+00
    endloop
  endfacet
  facet normal 0.000000e+00 0.000000e+00 1.000000e+00
    outer loop
      vertex   2.338823e+01 3.105111e+01 2.000000e+00
      vertex   2.225000e+01 3.120096e+01 2.000000e+00
      vertex   2.261177e+01 3.105111e+01 2.000000e+00
    endloop
  endfacet
  facet normal 0.000000e+00 0.000000e+00 1.000000e+00
    outer loop
      vertex   2.338823e+01 3.105111e+01 2.000000e+00
      vertex   2.261177e+01 3.105111e+01 2.000000e+00
      vertex   2.300000e+01 3.100000e+01 2.000000e+00
    endloop
  endfacet
  facet normal 0.000000e+00 0.000000e+00 1.000000e+00
    outer loop
      vertex   2.155111e+01 3.288823e+01 2.000000e+00
      vertex   2.444889e+01 3.288823e+01 2.000000e+00
      vertex   2.170096e+01 3.325000e+01 2.000000e+00
    endloop
  endfacet
  facet normal -0.000000e+00 0.000000e+00 1.000000e+00
    outer loop
      vertex   2.170096e+01 3.325000e+01 2.000000e+00
      vertex   2.444889e+01 3.288823e+01 2.000000e+00
      vertex   2.429904e+01 3.325000e+01 2.000000e+00
    endloop
  endfacet
  facet normal 0.000000e+00 0.000000e+00 1.000000e+00
    outer loop
      vertex   2.170096e+01 3.325000e+01 2.000000e+00
      vertex   2.429904e+01 3.325000e+01 2.000000e+00
      vertex   2.193934e+01 3.356066e+01 2.000000e+00
    endloop
  endfacet
  facet normal -0.000000e+00 0.000000e+00 1.000000e+00
    outer loop
      vertex   2.193934e+01 3.356066e+01 2.000000e+00
      vertex   2.429904e+01 3.325000e+01 2.000000e+00
      vertex   2.406066e+01 3.356066e+01 2.000000e+00
    endloop
  endfacet
  facet normal 0.000000e+00 0.000000e+00 1.000000e+00
    outer loop
      vertex   2.193934e+01 3.356066e+01 2.000000e+00
      vertex   2.406066e+01 3.356066e+01 2.000000e+00
      vertex   2.225000e+01 3.379904e+01 2.000000e+00
    endloop
  endfacet
  facet normal -0.000000e+00 0.000000e+00 1.000000e+00
    outer loop
      vertex   2.225000e+01 3.379904e+01 2.000000e+00
      vertex   2.406066e+01 3.356066e+01 2.000000e+00
      vertex   2.375000e+01 3.379904e+01 2.000000e+00
    endloop
  endfacet
  facet normal 0.000000e+00 0.000000e+00 1.000000e+00
    outer loop
      vertex   2.225000e+01 3.379904e+01 2.000000e+00
      vertex   2.375000e+01 3.379904e+01 2.000000e+00
      vertex   2.261177e+01 3.394889e+01 2.000000e+00
    endloop
  endfacet
  facet normal -0.000000e+00 0.000000e+00 1.000000e+00
    outer loop
      vertex   2.261177e+01 3.394889e+01 2.000000e+00
      vertex   2.375000e+01 3.379904e+01 2.000000e+00
      vertex   2.338823e+01 3.394889e+01 2.000000e+00
    endloop
  endfacet
  facet normal 0.000000e+00 0.000000e+00 1.000000e+00
    outer loop
      vertex   2.261177e+01 3.394889e+01 2.000000e+00
      vertex   2.338823e+01 3.394889e+01 2.000000e+00
      vertex   2.300000e+01 3.400000e+01 2.000000e+00
    endloop
  endfacet
  facet normal -9.914449e-01 -1.305262e-01 -0.000000e+00
    outer loop
      vertex   -2.155111e+01 3.288823e+01 1.200000e+01
      vertex   -2.155111e+01 3.288823e+01 7.000000e+00
      vertex   -2.150000e+01 3.250000e+01 1.200000e+01
    endloop
  endfacet
  facet normal -9.914449e-01 -1.305262e-01 -0.000000e+00
    outer loop
      vertex   -2.150000e+01 3.250000e+01 1.200000e+01
      vertex   -2.155111e+01 3.288823e+01 7.000000e+00
      vertex   -2.150000e+01 3.250000e+01 7.000000e+00
    endloop
  endfacet
  facet normal -9.914449e-01 1.305262e-01 0.000000e+00
    outer loop
      vertex   -2.150000e+01 3.250000e+01 1.200000e+01
      vertex   -2.150000e+01 3.250000e+01 7.000000e+00
      vertex   -2.155111e+01 3.211177e+01 1.200000e+01
    endloop
  endfacet
  facet normal -9.914449e-01 1.305262e-01 0.000000e+00
    outer loop
      vertex   -2.155111e+01 3.211177e+01 1.200000e+01
      vertex   -2.150000e+01 3.250000e+01 7.000000e+00
      vertex   -2.155111e+01 3.211177e+01 7.000000e+00
    endloop
  endfacet
  facet normal -9.238795e-01 3.826834e-01 0.000000e+00
    outer loop
      vertex   -2.155111e+01 3.211177e+01 1.200000e+01
      vertex   -2.155111e+01 3.211177e+01 7.000000e+00
      vertex   -2.170096e+01 3.175000e+01 1.200000e+01
    endloop
  endfacet
  facet normal -9.238795e-01 3.826834e-01 -2.719129e-16
    outer loop
      vertex   -2.170096e+01 3.175000e+01 1.200000e+01
      vertex   -2.155111e+01 3.211177e+01 7.000000e+00
      vertex   -2.170096e+01 3.175000e+01 7.000000e+00
    endloop
  endfacet
  facet normal -7.933533e-01 6.087614e-01 -4.325510e-16
    outer loop
      vertex   -2.170096e+01 3.175000e+01 1.200000e+01
      vertex   -2.170096e+01 3.175000e+01 7.000000e+00
      vertex   -2.193934e+01 3.143934e+01 1.200000e+01
    endloop
  endfacet
  facet normal -7.933533e-01 6.087614e-01 0.000000e+00
    outer loop
      vertex   -2.193934e+01 3.143934e+01 1.200000e+01
      vertex   -2.170096e+01 3.175000e+01 7.000000e+00
      vertex   -2.193934e+01 3.143934e+01 7.000000e+00
    endloop
  endfacet
  facet normal -6.087614e-01 7.933533e-01 0.000000e+00
    outer loop
      vertex   -2.193934e+01 3.143934e+01 1.200000e+01
      vertex   -2.193934e+01 3.143934e+01 7.000000e+00
      vertex   -2.225000e+01 3.120096e+01 1.200000e+01
    endloop
  endfacet
  facet normal -6.087614e-01 7.933533e-01 0.000000e+00
    outer loop
      vertex   -2.225000e+01 3.120096e+01 1.200000e+01
      vertex   -2.193934e+01 3.143934e+01 7.000000e+00
      vertex   -2.225000e+01 3.120096e+01 7.000000e+00
    endloop
  endfacet
  facet normal -3.826834e-01 9.238795e-01 0.000000e+00
    outer loop
      vertex   -2.225000e+01 3.120096e+01 1.200000e+01
      vertex   -2.225000e+01 3.120096e+01 7.000000e+00
      vertex   -2.261177e+01 3.105111e+01 1.200000e+01
    endloop
  endfacet
  facet normal -3.826834e-01 9.238795e-01 0.000000e+00
    outer loop
      vertex   -2.261177e+01 3.105111e+01 1.200000e+01
      vertex   -2.225000e+01 3.120096e+01 7.000000e+00
      vertex   -2.261177e+01 3.105111e+01 7.000000e+00
    endloop
  endfacet
  facet normal -1.305262e-01 9.914449e-01 0.000000e+00
    outer loop
      vertex   -2.261177e+01 3.105111e+01 1.200000e+01
      vertex   -2.261177e+01 3.105111e+01 7.000000e+00
      vertex   -2.300000e+01 3.100000e+01 1.200000e+01
    endloop
  endfacet
  facet normal -1.305262e-01 9.914449e-01 0.000000e+00
    outer loop
      vertex   -2.300000e+01 3.100000e+01 1.200000e+01
      vertex   -2.261177e+01 3.105111e+01 7.000000e+00
      vertex   -2.300000e+01 3.100000e+01 7.000000e+00
    endloop
  endfacet
  facet normal 1.305262e-01 9.914449e-01 0.000000e+00
    outer loop
      vertex   -2.300000e+01 3.100000e+01 1.200000e+01
      vertex   -2.300000e+01 3.100000e+01 7.000000e+00
      vertex   -2.338823e+01 3.105111e+01 1.200000e+01
    endloop
  endfacet
  facet normal 1.305262e-01 9.914449e-01 0.000000e+00
    outer loop
      vertex   -2.338823e+01 3.105111e+01 1.200000e+01
      vertex   -2.300000e+01 3.100000e+01 7.000000e+00
      vertex   -2.338823e+01 3.105111e+01 7.000000e+00
    endloop
  endfacet
  facet normal 3.826834e-01 9.238795e-01 0.000000e+00
    outer loop
      vertex   -2.338823e+01 3.105111e+01 1.200000e+01
      vertex   -2.338823e+01 3.105111e+01 7.000000e+00
      vertex   -2.375000e+01 3.120096e+01 1.200000e+01
    endloop
  endfacet
  facet normal 3.826834e-01 9.238795e-01 -2.719129e-16
    outer loop
      vertex   -2.375000e+01 3.120096e+01 1.200000e+01
      vertex   -2.338823e+01 3.105111e+01 7.000000e+00
      vertex   -2.375000e+01 3.120096e+01 7.000000e+00
    endloop
  endfacet
  facet normal 6.087614e-01 7.933533e-01 -4.325510e-16
    outer loop
      vertex   -2.375000e+01 3.120096e+01 1.200000e+01
      vertex   -2.375000e+01 3.120096e+01 7.000000e+00
      vertex   -2.406066e+01 3.143934e+01 1.200000e+01
    endloop
  endfacet
  facet normal 6.087614e-01 7.933533e-01 0.000000e+00
    outer loop
      vertex   -2.406066e+01 3.143934e+01 1.200000e+01
      vertex   -2.375000e+01 3.120096e+01 7.000000e+00
      vertex   -2.406066e+01 3.143934e+01 7.000000e+00
    endloop
  endfacet
  facet normal 7.933533e-01 6.087614e-01 0.000000e+00
    outer loop
      vertex   -2.406066e+01 3.143934e+01 1.200000e+01
      vertex   -2.406066e+01 3.143934e+01 7.000000e+00
      vertex   -2.429904e+01 3.175000e+01 1.200000e+01
    endloop
  endfacet
  facet normal 7.933533e-01 6.087614e-01 0.000000e+00
    outer loop
      vertex   -2.429904e+01 3.175000e+01 1.200000e+01
      vertex   -2.406066e+01 3.143934e+01 7.000000e+00
      vertex   -2.429904e+01 3.175000e+01 7.000000e+00
    endloop
  endfacet
  facet normal 9.238795e-01 3.826834e-01 0.000000e+00
    outer loop
      vertex   -2.429904e+01 3.175000e+01 1.200000e+01
      vertex   -2.429904e+01 3.175000e+01 7.000000e+00
      vertex   -2.444889e+01 3.211177e+01 1.200000e+01
    endloop
  endfacet
  facet normal 9.238795e-01 3.826834e-01 0.000000e+00
    outer loop
      vertex   -2.444889e+01 3.211177e+01 1.200000e+01
      vertex   -2.429904e+01 3.175000e+01 7.000000e+00
      vertex   -2.444889e+01 3.211177e+01 7.000000e+00
    endloop
  endfacet
  facet normal 9.914449e-01 1.305262e-01 0.000000e+00
    outer loop
      vertex   -2.444889e+01 3.211177e+01 1.200000e+01
      vertex   -2.444889e+01 3.211177e+01 7.000000e+00
      vertex   -2.450000e+01 3.250000e+01 1.200000e+01
    endloop
  endfacet
  facet normal 9.914449e-01 1.305262e-01 0.000000e+00
    outer loop
      vertex   -2.450000e+01 3.250000e+01 1.200000e+01
      vertex   -2.444889e+01 3.211177e+01 7.000000e+00
      vertex   -2.450000e+01 3.250000e+01 7.000000e+00
    endloop
  endfacet
  facet normal 9.914449e-01 -1.305262e-01 0.000000e+00
    outer loop
      vertex   -2.450000e+01 3.250000e+01 1.200000e+01
      vertex   -2.450000e+01 3.250000e+01 7.000000e+00
      vertex   -2.444889e+01 3.288823e+01 1.200000e+01
    endloop
  endfacet
  facet normal 9.914449e-01 -1.305262e-01 0.000000e+00
    outer loop
      vertex   -2.444889e+01 3.288823e+01 1.200000e+01
      vertex   -2.450000e+01 3.250000e+01 7.000000e+00
      vertex   -2.444889e+01 3.288823e+01 7.000000e+00
    endloop
  endfacet
  facet normal 9.238795e-01 -3.826834e-01 0.000000e+00
    outer loop
      vertex   -2.444889e+01 3.288823e+01 1.200000e+01
      vertex   -2.444889e+01 3.288823e+01 7.000000e+00
      vertex   -2.429904e+01 3.325000e+01 1.200000e+01
    endloop
  endfacet
  facet normal 9.238795e-01 -3.826834e-01 -5.438259e-16
    outer loop
      vertex   -2.429904e+01 3.325000e+01 1.200000e+01
      vertex   -2.444889e+01 3.288823e+01 7.000000e+00
      vertex   -2.429904e+01 3.325000e+01 7.000000e+00
    endloop
  endfacet
  facet normal 7.933533e-01 -6.087614e-01 -8.651020e-16
    outer loop
      vertex   -2.429904e+01 3.325000e+01 1.200000e+01
      vertex   -2.429904e+01 3.325000e+01 7.000000e+00
      vertex   -2.406066e+01 3.356066e+01 1.200000e+01
    endloop
  endfacet
  facet normal 7.933533e-01 -6.087614e-01 0.000000e+00
    outer loop
      vertex   -2.406066e+01 3.356066e+01 1.200000e+01
      vertex   -2.429904e+01 3.325000e+01 7.000000e+00
      vertex   -2.406066e+01 3.356066e+01 7.000000e+00
    endloop
  endfacet
  facet normal 6.087614e-01 -7.933533e-01 0.000000e+00
    outer loop
      vertex   -2.406066e+01 3.356066e+01 1.200000e+01
      vertex   -2.406066e+01 3.356066e+01 7.000000e+00
      vertex   -2.375000e+01 3.379904e+01 1.200000e+01
    endloop
  endfacet
  facet normal 6.087614e-01 -7.933533e-01 0.000000e+00
    outer loop
      vertex   -2.375000e+01 3.379904e+01 1.200000e+01
      vertex   -2.406066e+01 3.356066e+01 7.000000e+00
      vertex   -2.375000e+01 3.379904e+01 7.000000e+00
    endloop
  endfacet
  facet normal 3.826834e-01 -9.238795e-01 0.000000e+00
    outer loop
      vertex   -2.375000e+01 3.379904e+01 1.200000e+01
      vertex   -2.375000e+01 3.379904e+01 7.000000e+00
      vertex   -2.338823e+01 3.394889e+01 1.200000e+01
    endloop
  endfacet
  facet normal 3.826834e-01 -9.238795e-01 2.719129e-16
    outer loop
      vertex   -2.338823e+01 3.394889e+01 1.200000e+01
      vertex   -2.375000e+01 3.379904e+01 7.000000e+00
      vertex   -2.338823e+01 3.394889e+01 7.000000e+00
    endloop
  endfacet
  facet normal 1.305262e-01 -9.914449e-01 9.274444e-17
    outer loop
      vertex   -2.338823e+01 3.394889e+01 1.200000e+01
      vertex   -2.338823e+01 3.394889e+01 7.000000e+00
      vertex   -2.300000e+01 3.400000e+01 1.200000e+01
    endloop
  endfacet
  facet normal 1.305262e-01 -9.914449e-01 0.000000e+00
    outer loop
      vertex   -2.300000e+01 3.400000e+01 1.200000e+01
      vertex   -2.338823e+01 3.394889e+01 7.000000e+00
      vertex   -2.300000e+01 3.400000e+01 7.000000e+00
    endloop
  endfacet
  facet normal -1.305262e-01 -9.914449e-01 -0.000000e+00
    outer loop
      vertex   -2.300000e+01 3.400000e+01 1.200000e+01
      vertex   -2.300000e+01 3.400000e+01 7.000000e+00
      vertex   -2.261177e+01 3.394889e+01 1.200000e+01
    endloop
  endfacet
  facet normal -1.305262e-01 -9.914449e-01 -0.000000e+00
    outer loop
      vertex   -2.261177e+01 3.394889e+01 1.200000e+01
      vertex   -2.300000e+01 3.400000e+01 7.000000e+00
      vertex   -2.261177e+01 3.394889e+01 7.000000e+00
    endloop
  endfacet
  facet normal -3.826834e-01 -9.238795e-01 -0.000000e+00
    outer loop
      vertex   -2.261177e+01 3.394889e+01 1.200000e+01
      vertex   -2.261177e+01 3.394889e+01 7.000000e+00
      vertex   -2.225000e+01 3.379904e+01 1.200000e+01
    endloop
  endfacet
  facet normal -3.826834e-01 -9.238795e-01 1.040999e-15
    outer loop
      vertex   -2.225000e+01 3.379904e+01 1.200000e+01
      vertex   -2.261177e+01 3.394889e+01 7.000000e+00
      vertex   -2.225000e+01 3.379904e+01 7.000000e+00
    endloop
  endfacet
  facet normal -6.087614e-01 -7.933533e-01 6.948719e-16
    outer loop
      vertex   -2.225000e+01 3.379904e+01 1.200000e+01
      vertex   -2.225000e+01 3.379904e+01 7.000000e+00
      vertex   -2.193934e+01 3.356066e+01 1.200000e+01
    endloop
  endfacet
  facet normal -6.087614e-01 -7.933533e-01 -0.000000e+00
    outer loop
      vertex   -2.193934e+01 3.356066e+01 1.200000e+01
      vertex   -2.225000e+01 3.379904e+01 7.000000e+00
      vertex   -2.193934e+01 3.356066e+01 7.000000e+00
    endloop
  endfacet
  facet normal -7.933533e-01 -6.087614e-01 -0.000000e+00
    outer loop
      vertex   -2.193934e+01 3.356066e+01 1.200000e+01
      vertex   -2.193934e+01 3.356066e+01 7.000000e+00
      vertex   -2.170096e+01 3.325000e+01 1.200000e+01
    endloop
  endfacet
  facet normal -7.933533e-01 -6.087614e-01 -0.000000e+00
    outer loop
      vertex   -2.170096e+01 3.325000e+01 1.200000e+01
      vertex   -2.193934e+01 3.356066e+01 7.000000e+00
      vertex   -2.170096e+01 3.325000e+01 7.000000e+00
    endloop
  endfacet
  facet normal -9.238795e-01 -3.826834e-01 -0.000000e+00
    outer loop
      vertex   -2.170096e+01 3.325000e+01 1.200000e+01
      vertex   -2.170096e+01 3.325000e+01 7.000000e+00
      vertex   -2.155111e+01 3.288823e+01 1.200000e+01
    endloop
  endfacet
  facet normal -9.238795e-01 -3.826834e-01 -0.000000e+00
    outer loop
      vertex   -2.155111e+01 3.288823e+01 1.200000e+01
      vertex   -2.170096e+01 3.325000e+01 7.000000e+00
      vertex   -2.155111e+01 3.288823e+01 7.000000e+00
    endloop
  endfacet
  facet normal -9.914449e-01 1.305262e-01 0.000000e+00
    outer loop
      vertex   -2.155111e+01 3.211177e+01 2.000000e+00
      vertex   -2.155111e+01 3.211177e+01 7.000000e+00
      vertex   -2.150000e+01 3.250000e+01 2.000000e+00
    endloop
  endfacet
  facet normal -9.914449e-01 1.305262e-01 0.000000e+00
    outer loop
      vertex   -2.150000e+01 3.250000e+01 2.000000e+00
      vertex   -2.155111e+01 3.211177e+01 7.000000e+00
      vertex   -2.150000e+01 3.250000e+01 7.000000e+00
    endloop
  endfacet
  facet normal -9.914449e-01 -1.305262e-01 0.000000e+00
    outer loop
      vertex   -2.150000e+01 3.250000e+01 2.000000e+00
      vertex   -2.150000e+01 3.250000e+01 7.000000e+00
      vertex   -2.155111e+01 3.288823e+01 2.000000e+00
    endloop
  endfacet
  facet normal -9.914449e-01 -1.305262e-01 0.000000e+00
    outer loop
      vertex   -2.155111e+01 3.288823e+01 2.000000e+00
      vertex   -2.150000e+01 3.250000e+01 7.000000e+00
      vertex   -2.155111e+01 3.288823e+01 7.000000e+00
    endloop
  endfacet
  facet normal -9.238795e-01 -3.826834e-01 0.000000e+00
    outer loop
      vertex   -2.155111e+01 3.288823e+01 2.000000e+00
      vertex   -2.155111e+01 3.288823e+01 7.000000e+00
      vertex   -2.170096e+01 3.325000e+01 2.000000e+00
    endloop
  endfacet
  facet normal -9.238795e-01 -3.826834e-01 5.438259e-16
    outer loop
      vertex   -2.170096e+01 3.325000e+01 2.000000e+00
      vertex   -2.155111e+01 3.288823e+01 7.000000e+00
      vertex   -2.170096e+01 3.325000e+01 7.000000e+00
    endloop
  endfacet
  facet normal -7.933533e-01 -6.087614e-01 8.651020e-16
    outer loop
      vertex   -2.170096e+01 3.325000e+01 2.000000e+00
      vertex   -2.170096e+01 3.325000e+01 7.000000e+00
      vertex   -2.193934e+01 3.356066e+01 2.000000e+00
    endloop
  endfacet
  facet normal -7.933533e-01 -6.087614e-01 0.000000e+00
    outer loop
      vertex   -2.193934e+01 3.356066e+01 2.000000e+00
      vertex   -2.170096e+01 3.325000e+01 7.000000e+00
      vertex   -2.193934e+01 3.356066e+01 7.000000e+00
    endloop
  endfacet
  facet normal -6.087614e-01 -7.933533e-01 0.000000e+00
    outer loop
      vertex   -2.193934e+01 3.356066e+01 2.000000e+00
      vertex   -2.193934e+01 3.356066e+01 7.000000e+00
      vertex   -2.225000e+01 3.379904e+01 2.000000e+00
    endloop
  endfacet
  facet normal -6.087614e-01 -7.933533e-01 0.000000e+00
    outer loop
      vertex   -2.225000e+01 3.379904e+01 2.000000e+00
      vertex   -2.193934e+01 3.356066e+01 7.000000e+00
      vertex   -2.225000e+01 3.379904e+01 7.000000e+00
    endloop
  endfacet
  facet normal -3.826834e-01 -9.238795e-01 0.000000e+00
    outer loop
      vertex   -2.225000e+01 3.379904e+01 2.000000e+00
      vertex   -2.225000e+01 3.379904e+01 7.000000e+00
      vertex   -2.261177e+01 3.394889e+01 2.000000e+00
    endloop
  endfacet
  facet normal -3.826834e-01 -9.238795e-01 0.000000e+00
    outer loop
      vertex   -2.261177e+01 3.394889e+01 2.000000e+00
      vertex   -2.225000e+01 3.379904e+01 7.000000e+00
      vertex   -2.261177e+01 3.394889e+01 7.000000e+00
    endloop
  endfacet
  facet normal -1.305262e-01 -9.914449e-01 0.000000e+00
    outer loop
      vertex   -2.261177e+01 3.394889e+01 2.000000e+00
      vertex   -2.261177e+01 3.394889e+01 7.000000e+00
      vertex   -2.300000e+01 3.400000e+01 2.000000e+00
    endloop
  endfacet
  facet normal -1.305262e-01 -9.914449e-01 0.000000e+00
    outer loop
      vertex   -2.300000e+01 3.400000e+01 2.000000e+00
      vertex   -2.261177e+01 3.394889e+01 7.000000e+00
      vertex   -2.300000e+01 3.400000e+01 7.000000e+00
    endloop
  endfacet
  facet normal 1.305262e-01 -9.914449e-01 0.000000e+00
    outer loop
      vertex   -2.300000e+01 3.400000e+01 2.000000e+00
      vertex   -2.300000e+01 3.400000e+01 7.000000e+00
      vertex   -2.338823e+01 3.394889e+01 2.000000e+00
    endloop
  endfacet
  facet normal 1.305262e-01 -9.914449e-01 0.000000e+00
    outer loop
      vertex   -2.338823e+01 3.394889e+01 2.000000e+00
      vertex   -2.300000e+01 3.400000e+01 7.000000e+00
      vertex   -2.338823e+01 3.394889e+01 7.000000e+00
    endloop
  endfacet
  facet normal 3.826834e-01 -9.238795e-01 0.000000e+00
    outer loop
      vertex   -2.338823e+01 3.394889e+01 2.000000e+00
      vertex   -2.338823e+01 3.394889e+01 7.000000e+00
      vertex   -2.375000e+01 3.379904e+01 2.000000e+00
    endloop
  endfacet
  facet normal 3.826834e-01 -9.238795e-01 2.719129e-16
    outer loop
      vertex   -2.375000e+01 3.379904e+01 2.000000e+00
      vertex   -2.338823e+01 3.394889e+01 7.000000e+00
      vertex   -2.375000e+01 3.379904e+01 7.000000e+00
    endloop
  endfacet
  facet normal 6.087614e-01 -7.933533e-01 4.325510e-16
    outer loop
      vertex   -2.375000e+01 3.379904e+01 2.000000e+00
      vertex   -2.375000e+01 3.379904e+01 7.000000e+00
      vertex   -2.406066e+01 3.356066e+01 2.000000e+00
    endloop
  endfacet
  facet normal 6.087614e-01 -7.933533e-01 0.000000e+00
    outer loop
      vertex   -2.406066e+01 3.356066e+01 2.000000e+00
      vertex   -2.375000e+01 3.379904e+01 7.000000e+00
      vertex   -2.406066e+01 3.356066e+01 7.000000e+00
    endloop
  endfacet
  facet normal 7.933533e-01 -6.087614e-01 0.000000e+00
    outer loop
      vertex   -2.406066e+01 3.356066e+01 2.000000e+00
      vertex   -2.406066e+01 3.356066e+01 7.000000e+00
      vertex   -2.429904e+01 3.325000e+01 2.000000e+00
    endloop
  endfacet
  facet normal 7.933533e-01 -6.087614e-01 0.000000e+00
    outer loop
      vertex   -2.429904e+01 3.325000e+01 2.000000e+00
      vertex   -2.406066e+01 3.356066e+01 7.000000e+00
      vertex   -2.429904e+01 3.325000e+01 7.000000e+00
    endloop
  endfacet
  facet normal 9.238795e-01 -3.826834e-01 0.000000e+00
    outer loop
      vertex   -2.429904e+01 3.325000e+01 2.000000e+00
      vertex   -2.429904e+01 3.325000e+01 7.000000e+00
      vertex   -2.444889e+01 3.288823e+01 2.000000e+00
    endloop
  endfacet
  facet normal 9.238795e-01 -3.826834e-01 0.000000e+00
    outer loop
      vertex   -2.444889e+01 3.288823e+01 2.000000e+00
      vertex   -2.429904e+01 3.325000e+01 7.000000e+00
      vertex   -2.444889e+01 3.288823e+01 7.000000e+00
    endloop
  endfacet
  facet normal 9.914449e-01 -1.305262e-01 0.000000e+00
    outer loop
      vertex   -2.444889e+01 3.288823e+01 2.000000e+00
      vertex   -2.444889e+01 3.288823e+01 7.000000e+00
      vertex   -2.450000e+01 3.250000e+01 2.000000e+00
    endloop
  endfacet
  facet normal 9.914449e-01 -1.305262e-01 0.000000e+00
    outer loop
      vertex   -2.450000e+01 3.250000e+01 2.000000e+00
      vertex   -2.444889e+01 3.288823e+01 7.000000e+00
      vertex   -2.450000e+01 3.250000e+01 7.000000e+00
    endloop
  endfacet
  facet normal 9.914449e-01 1.305262e-01 -0.000000e+00
    outer loop
      vertex   -2.450000e+01 3.250000e+01 2.000000e+00
      vertex   -2.450000e+01 3.250000e+01 7.000000e+00
      vertex   -2.444889e+01 3.211177e+01 2.000000e+00
    endloop
  endfacet
  facet normal 9.914449e-01 1.305262e-01 -0.000000e+00
    outer loop
      vertex   -2.444889e+01 3.211177e+01 2.000000e+00
      vertex   -2.450000e+01 3.250000e+01 7.000000e+00
      vertex   -2.444889e+01 3.211177e+01 7.000000e+00
    endloop
  endfacet
  facet normal 9.238795e-01 3.826834e-01 -0.000000e+00
    outer loop
      vertex   -2.444889e+01 3.211177e+01 2.000000e+00
      vertex   -2.444889e+01 3.211177e+01 7.000000e+00
      vertex   -2.429904e+01 3.175000e+01 2.000000e+00
    endloop
  endfacet
  facet normal 9.238795e-01 3.826834e-01 2.719129e-16
    outer loop
      vertex   -2.429904e+01 3.175000e+01 2.000000e+00
      vertex   -2.444889e+01 3.211177e+01 7.000000e+00
      vertex   -2.429904e+01 3.175000e+01 7.000000e+00
    endloop
  endfacet
  facet normal 7.933533e-01 6.087614e-01 4.325510e-16
    outer loop
      vertex   -2.429904e+01 3.175000e+01 2.000000e+00
      vertex   -2.429904e+01 3.175000e+01 7.000000e+00
      vertex   -2.406066e+01 3.143934e+01 2.000000e+00
    endloop
  endfacet
  facet normal 7.933533e-01 6.087614e-01 -0.000000e+00
    outer loop
      vertex   -2.406066e+01 3.143934e+01 2.000000e+00
      vertex   -2.429904e+01 3.175000e+01 7.000000e+00
      vertex   -2.406066e+01 3.143934e+01 7.000000e+00
    endloop
  endfacet
  facet normal 6.087614e-01 7.933533e-01 -0.000000e+00
    outer loop
      vertex   -2.406066e+01 3.143934e+01 2.000000e+00
      vertex   -2.406066e+01 3.143934e+01 7.000000e+00
      vertex   -2.375000e+01 3.120096e+01 2.000000e+00
    endloop
  endfacet
  facet normal 6.087614e-01 7.933533e-01 -0.000000e+00
    outer loop
      vertex   -2.375000e+01 3.120096e+01 2.000000e+00
      vertex   -2.406066e+01 3.143934e+01 7.000000e+00
      vertex   -2.375000e+01 3.120096e+01 7.000000e+00
    endloop
  endfacet
  facet normal 3.826834e-01 9.238795e-01 -0.000000e+00
    outer loop
      vertex   -2.375000e+01 3.120096e+01 2.000000e+00
      vertex   -2.375000e+01 3.120096e+01 7.000000e+00
      vertex   -2.338823e+01 3.105111e+01 2.000000e+00
    endloop
  endfacet
  facet normal 3.826834e-01 9.238795e-01 -2.719129e-16
    outer loop
      vertex   -2.338823e+01 3.105111e+01 2.000000e+00
      vertex   -2.375000e+01 3.120096e+01 7.000000e+00
      vertex   -2.338823e+01 3.105111e+01 7.000000e+00
    endloop
  endfacet
  facet normal 1.305262e-01 9.914449e-01 -9.274444e-17
    outer loop
      vertex   -2.338823e+01 3.105111e+01 2.000000e+00
      vertex   -2.338823e+01 3.105111e+01 7.000000e+00
      vertex   -2.300000e+01 3.100000e+01 2.000000e+00
    endloop
  endfacet
  facet normal 1.305262e-01 9.914449e-01 -0.000000e+00
    outer loop
      vertex   -2.300000e+01 3.100000e+01 2.000000e+00
      vertex   -2.338823e+01 3.105111e+01 7.000000e+00
      vertex   -2.300000e+01 3.100000e+01 7.000000e+00
    endloop
  endfacet
  facet normal -1.305262e-01 9.914449e-01 0.000000e+00
    outer loop
      vertex   -2.300000e+01 3.100000e+01 2.000000e+00
      vertex   -2.300000e+01 3.100000e+01 7.000000e+00
      vertex   -2.261177e+01 3.105111e+01 2.000000e+00
    endloop
  endfacet
  facet normal -1.305262e-01 9.914449e-01 0.000000e+00
    outer loop
      vertex   -2.261177e+01 3.105111e+01 2.000000e+00
      vertex   -2.300000e+01 3.100000e+01 7.000000e+00
      vertex   -2.261177e+01 3.105111e+01 7.000000e+00
    endloop
  endfacet
  facet normal -3.826834e-01 9.238795e-01 0.000000e+00
    outer loop
      vertex   -2.261177e+01 3.105111e+01 2.000000e+00
      vertex   -2.261177e+01 3.105111e+01 7.000000e+00
      vertex   -2.225000e+01 3.120096e+01 2.000000e+00
    endloop
  endfacet
  facet normal -3.826834e-01 9.238795e-01 -3.845430e-16
    outer loop
      vertex   -2.225000e+01 3.120096e+01 2.000000e+00
      vertex   -2.261177e+01 3.105111e+01 7.000000e+00
      vertex   -2.225000e+01 3.120096e+01 7.000000e+00
    endloop
  endfacet
  facet normal -6.087614e-01 7.933533e-01 -1.311604e-16
    outer loop
      vertex   -2.225000e+01 3.120096e+01 2.000000e+00
      vertex   -2.225000e+01 3.120096e+01 7.000000e+00
      vertex   -2.193934e+01 3.143934e+01 2.000000e+00
    endloop
  endfacet
  facet normal -6.087614e-01 7.933533e-01 0.000000e+00
    outer loop
      vertex   -2.193934e+01 3.143934e+01 2.000000e+00
      vertex   -2.225000e+01 3.120096e+01 7.000000e+00
      vertex   -2.193934e+01 3.143934e+01 7.000000e+00
    endloop
  endfacet
  facet normal -7.933533e-01 6.087614e-01 0.000000e+00
    outer loop
      vertex   -2.193934e+01 3.143934e+01 2.000000e+00
      vertex   -2.193934e+01 3.143934e+01 7.000000e+00
      vertex   -2.170096e+01 3.175000e+01 2.000000e+00
    endloop
  endfacet
  facet normal -7.933533e-01 6.087614e-01 0.000000e+00
    outer loop
      vertex   -2.170096e+01 3.175000e+01 2.000000e+00
      vertex   -2.193934e+01 3.143934e+01 7.000000e+00
      vertex   -2.170096e+01 3.175000e+01 7.000000e+00
    endloop
  endfacet
  facet normal -9.238795e-01 3.826834e-01 0.000000e+00
    outer loop
      vertex   -2.170096e+01 3.175000e+01 2.000000e+00
      vertex   -2.170096e+01 3.175000e+01 7.000000e+00
      vertex   -2.155111e+01 3.211177e+01 2.000000e+00
    endloop
  endfacet
  facet normal -9.238795e-01 3.826834e-01 0.000000e+00
    outer loop
      vertex   -2.155111e+01 3.211177e+01 2.000000e+00
      vertex   -2.170096e+01 3.175000e+01 7.000000e+00
      vertex   -2.155111e+01 3.211177e+01 7.000000e+00
    endloop
  endfacet
  facet normal 9.914449e-01 -1.305262e-01 0.000000e+00
    outer loop
      vertex   -2.058519e+01 3.185295e+01 1.200000e+01
      vertex   -2.058519e+01 3.185295e+01 2.000000e+00
      vertex   -2.050000e+01 3.250000e+01 1.200000e+01
    endloop
  endfacet
  facet normal 9.914449e-01 -1.305262e-01 0.000000e+00
    outer loop
      vertex   -2.050000e+01 3.250000e+01 1.200000e+01
      vertex   -2.058519e+01 3.185295e+01 2.000000e+00
      vertex   -2.050000e+01 3.250000e+01 2.000000e+00
    endloop
  endfacet
  facet normal 9.914449e-01 1.305262e-01 0.000000e+00
    outer loop
      vertex   -2.050000e+01 3.250000e+01 1.200000e+01
      vertex   -2.050000e+01 3.250000e+01 2.000000e+00
      vertex   -2.058519e+01 3.314705e+01 1.200000e+01
    endloop
  endfacet
  facet normal 9.914449e-01 1.305262e-01 0.000000e+00
    outer loop
      vertex   -2.058519e+01 3.314705e+01 1.200000e+01
      vertex   -2.050000e+01 3.250000e+01 2.000000e+00
      vertex   -2.058519e+01 3.314705e+01 2.000000e+00
    endloop
  endfacet
  facet normal 9.238795e-01 3.826834e-01 0.000000e+00
    outer loop
      vertex   -2.058519e+01 3.314705e+01 1.200000e+01
      vertex   -2.058519e+01 3.314705e+01 2.000000e+00
      vertex   -2.083494e+01 3.375000e+01 1.200000e+01
    endloop
  endfacet
  facet normal 9.238795e-01 3.826834e-01 0.000000e+00
    outer loop
      vertex   -2.083494e+01 3.375000e+01 1.200000e+01
      vertex   -2.058519e+01 3.314705e+01 2.000000e+00
      vertex   -2.083494e+01 3.375000e+01 2.000000e+00
    endloop
  endfacet
  facet normal 7.933533e-01 6.087614e-01 0.000000e+00
    outer loop
      vertex   -2.083494e+01 3.375000e+01 1.200000e+01
      vertex   -2.083494e+01 3.375000e+01 2.000000e+00
      vertex   -2.123223e+01 3.426777e+01 1.200000e+01
    endloop
  endfacet
  facet normal 7.933533e-01 6.087614e-01 0.000000e+00
    outer loop
      vertex   -2.123223e+01 3.426777e+01 1.200000e+01
      vertex   -2.083494e+01 3.375000e+01 2.000000e+00
      vertex   -2.123223e+01 3.426777e+01 2.000000e+00
    endloop
  endfacet
  facet normal 6.087614e-01 7.933533e-01 0.000000e+00
    outer loop
      vertex   -2.123223e+01 3.426777e+01 1.200000e+01
      vertex   -2.123223e+01 3.426777e+01 2.000000e+00
      vertex   -2.175000e+01 3.466506e+01 1.200000e+01
    endloop
  endfacet
  facet normal 6.087614e-01 7.933533e-01 0.000000e+00
    outer loop
      vertex   -2.175000e+01 3.466506e+01 1.200000e+01
      vertex   -2.123223e+01 3.426777e+01 2.000000e+00
      vertex   -2.175000e+01 3.466506e+01 2.000000e+00
    endloop
  endfacet
  facet normal 3.826834e-01 9.238795e-01 0.000000e+00
    outer loop
      vertex   -2.175000e+01 3.466506e+01 1.200000e+01
      vertex   -2.175000e+01 3.466506e+01 2.000000e+00
      vertex   -2.235295e+01 3.491481e+01 1.200000e+01
    endloop
  endfacet
  facet normal 3.826834e-01 9.238795e-01 -1.359565e-16
    outer loop
      vertex   -2.235295e+01 3.491481e+01 1.200000e+01
      vertex   -2.175000e+01 3.466506e+01 2.000000e+00
      vertex   -2.235295e+01 3.491481e+01 2.000000e+00
    endloop
  endfacet
  facet normal 1.305262e-01 9.914449e-01 -4.637222e-17
    outer loop
      vertex   -2.235295e+01 3.491481e+01 1.200000e+01
      vertex   -2.235295e+01 3.491481e+01 2.000000e+00
      vertex   -2.300000e+01 3.500000e+01 1.200000e+01
    endloop
  endfacet
  facet normal 1.305262e-01 9.914449e-01 0.000000e+00
    outer loop
      vertex   -2.300000e+01 3.500000e+01 1.200000e+01
      vertex   -2.235295e+01 3.491481e+01 2.000000e+00
      vertex   -2.300000e+01 3.500000e+01 2.000000e+00
    endloop
  endfacet
  facet normal -1.305262e-01 9.914449e-01 0.000000e+00
    outer loop
      vertex   -2.300000e+01 3.500000e+01 1.200000e+01
      vertex   -2.300000e+01 3.500000e+01 2.000000e+00
      vertex   -2.364705e+01 3.491481e+01 1.200000e+01
    endloop
  endfacet
  facet normal -1.305262e-01 9.914449e-01 0.000000e+00
    outer loop
      vertex   -2.364705e+01 3.491481e+01 1.200000e+01
      vertex   -2.300000e+01 3.500000e+01 2.000000e+00
      vertex   -2.364705e+01 3.491481e+01 2.000000e+00
    endloop
  endfacet
  facet normal -3.826834e-01 9.238795e-01 0.000000e+00
    outer loop
      vertex   -2.364705e+01 3.491481e+01 1.200000e+01
      vertex   -2.364705e+01 3.491481e+01 2.000000e+00
      vertex   -2.425000e+01 3.466506e+01 1.200000e+01
    endloop
  endfacet
  facet normal -3.826834e-01 9.238795e-01 0.000000e+00
    outer loop
      vertex   -2.425000e+01 3.466506e+01 1.200000e+01
      vertex   -2.364705e+01 3.491481e+01 2.000000e+00
      vertex   -2.425000e+01 3.466506e+01 2.000000e+00
    endloop
  endfacet
  facet normal -6.087614e-01 7.933533e-01 0.000000e+00
    outer loop
      vertex   -2.425000e+01 3.466506e+01 1.200000e+01
      vertex   -2.425000e+01 3.466506e+01 2.000000e+00
      vertex   -2.476777e+01 3.426777e+01 1.200000e+01
    endloop
  endfacet
  facet normal -6.087614e-01 7.933533e-01 0.000000e+00
    outer loop
      vertex   -2.476777e+01 3.426777e+01 1.200000e+01
      vertex   -2.425000e+01 3.466506e+01 2.000000e+00
      vertex   -2.476777e+01 3.426777e+01 2.000000e+00
    endloop
  endfacet
  facet normal -7.933533e-01 6.087614e-01 0.000000e+00
    outer loop
      vertex   -2.476777e+01 3.426777e+01 1.200000e+01
      vertex   -2.476777e+01 3.426777e+01 2.000000e+00
      vertex   -2.516506e+01 3.375000e+01 1.200000e+01
    endloop
  endfacet
  facet normal -7.933533e-01 6.087614e-01 0.000000e+00
    outer loop
      vertex   -2.516506e+01 3.375000e+01 1.200000e+01
      vertex   -2.476777e+01 3.426777e+01 2.000000e+00
      vertex   -2.516506e+01 3.375000e+01 2.000000e+00
    endloop
  endfacet
  facet normal -9.238795e-01 3.826834e-01 0.000000e+00
    outer loop
      vertex   -2.516506e+01 3.375000e+01 1.200000e+01
      vertex   -2.516506e+01 3.375000e+01 2.000000e+00
      vertex   -2.541481e+01 3.314705e+01 1.200000e+01
    endloop
  endfacet
  facet normal -9.238795e-01 3.826834e-01 -2.719129e-16
    outer loop
      vertex   -2.541481e+01 3.314705e+01 1.200000e+01
      vertex   -2.516506e+01 3.375000e+01 2.000000e+00
      vertex   -2.541481e+01 3.314705e+01 2.000000e+00
    endloop
  endfacet
  facet normal -9.914449e-01 1.305262e-01 -9.274444e-17
    outer loop
      vertex   -2.541481e+01 3.314705e+01 1.200000e+01
      vertex   -2.541481e+01 3.314705e+01 2.000000e+00
      vertex   -2.550000e+01 3.250000e+01 1.200000e+01
    endloop
  endfacet
  facet normal -9.914449e-01 1.305262e-01 0.000000e+00
    outer loop
      vertex   -2.550000e+01 3.250000e+01 1.200000e+01
      vertex   -2.541481e+01 3.314705e+01 2.000000e+00
      vertex   -2.550000e+01 3.250000e+01 2.000000e+00
    endloop
  endfacet
  facet normal -9.914449e-01 -1.305262e-01 -0.000000e+00
    outer loop
      vertex   -2.550000e+01 3.250000e+01 1.200000e+01
      vertex   -2.550000e+01 3.250000e+01 2.000000e+00
      vertex   -2.541481e+01 3.185295e+01 1.200000e+01
    endloop
  endfacet
  facet normal -9.914449e-01 -1.305262e-01 4.637222e-17
    outer loop
      vertex   -2.541481e+01 3.185295e+01 1.200000e+01
      vertex   -2.550000e+01 3.250000e+01 2.000000e+00
      vertex   -2.541481e+01 3.185295e+01 2.000000e+00
    endloop
  endfacet
  facet normal -9.238795e-01 -3.826834e-01 1.359565e-16
    outer loop
      vertex   -2.541481e+01 3.185295e+01 1.200000e+01
      vertex   -2.541481e+01 3.185295e+01 2.000000e+00
      vertex   -2.516506e+01 3.125000e+01 1.200000e+01
    endloop
  endfacet
  facet normal -9.238795e-01 -3.826834e-01 -0.000000e+00
    outer loop
      vertex   -2.516506e+01 3.125000e+01 1.200000e+01
      vertex   -2.541481e+01 3.185295e+01 2.000000e+00
      vertex   -2.516506e+01 3.125000e+01 2.000000e+00
    endloop
  endfacet
  facet normal -7.933533e-01 -6.087614e-01 -0.000000e+00
    outer loop
      vertex   -2.516506e+01 3.125000e+01 1.200000e+01
      vertex   -2.516506e+01 3.125000e+01 2.000000e+00
      vertex   -2.476777e+01 3.073223e+01 1.200000e+01
    endloop
  endfacet
  facet normal -7.933533e-01 -6.087614e-01 -0.000000e+00
    outer loop
      vertex   -2.476777e+01 3.073223e+01 1.200000e+01
      vertex   -2.516506e+01 3.125000e+01 2.000000e+00
      vertex   -2.476777e+01 3.073223e+01 2.000000e+00
    endloop
  endfacet
  facet normal -6.087614e-01 -7.933533e-01 -0.000000e+00
    outer loop
      vertex   -2.476777e+01 3.073223e+01 1.200000e+01
      vertex   -2.476777e+01 3.073223e+01 2.000000e+00
      vertex   -2.425000e+01 3.033494e+01 1.200000e+01
    endloop
  endfacet
  facet normal -6.087614e-01 -7.933533e-01 -0.000000e+00
    outer loop
      vertex   -2.425000e+01 3.033494e+01 1.200000e+01
      vertex   -2.476777e+01 3.073223e+01 2.000000e+00
      vertex   -2.425000e+01 3.033494e+01 2.000000e+00
    endloop
  endfacet
  facet normal -3.826834e-01 -9.238795e-01 -0.000000e+00
    outer loop
      vertex   -2.425000e+01 3.033494e+01 1.200000e+01
      vertex   -2.425000e+01 3.033494e+01 2.000000e+00
      vertex   -2.364705e+01 3.008519e+01 1.200000e+01
    endloop
  endfacet
  facet normal -3.826834e-01 -9.238795e-01 -0.000000e+00
    outer loop
      vertex   -2.364705e+01 3.008519e+01 1.200000e+01
      vertex   -2.425000e+01 3.033494e+01 2.000000e+00
      vertex   -2.364705e+01 3.008519e+01 2.000000e+00
    endloop
  endfacet
  facet normal -1.305262e-01 -9.914449e-01 -0.000000e+00
    outer loop
      vertex   -2.364705e+01 3.008519e+01 1.200000e+01
      vertex   -2.364705e+01 3.008519e+01 2.000000e+00
      vertex   -2.300000e+01 3.000000e+01 1.200000e+01
    endloop
  endfacet
  facet normal -1.305262e-01 -9.914449e-01 -0.000000e+00
    outer loop
      vertex   -2.300000e+01 3.000000e+01 1.200000e+01
      vertex   -2.364705e+01 3.008519e+01 2.000000e+00
      vertex   -2.300000e+01 3.000000e+01 2.000000e+00
    endloop
  endfacet
  facet normal 1.305262e-01 -9.914449e-01 0.000000e+00
    outer loop
      vertex   -2.300000e+01 3.000000e+01 1.200000e+01
      vertex   -2.300000e+01 3.000000e+01 2.000000e+00
      vertex   -2.235295e+01 3.008519e+01 1.200000e+01
    endloop
  endfacet
  facet normal 1.305262e-01 -9.914449e-01 4.637222e-17
    outer loop
      vertex   -2.235295e+01 3.008519e+01 1.200000e+01
      vertex   -2.300000e+01 3.000000e+01 2.000000e+00
      vertex   -2.235295e+01 3.008519e+01 2.000000e+00
    endloop
  endfacet
  facet normal 3.826834e-01 -9.238795e-01 1.359565e-16
    outer loop
      vertex   -2.235295e+01 3.008519e+01 1.200000e+01
      vertex   -2.235295e+01 3.008519e+01 2.000000e+00
      vertex   -2.175000e+01 3.033494e+01 1.200000e+01
    endloop
  endfacet
  facet normal 3.826834e-01 -9.238795e-01 0.000000e+00
    outer loop
      vertex   -2.175000e+01 3.033494e+01 1.200000e+01
      vertex   -2.235295e+01 3.008519e+01 2.000000e+00
      vertex   -2.175000e+01 3.033494e+01 2.000000e+00
    endloop
  endfacet
  facet normal 6.087614e-01 -7.933533e-01 0.000000e+00
    outer loop
      vertex   -2.175000e+01 3.033494e+01 1.200000e+01
      vertex   -2.175000e+01 3.033494e+01 2.000000e+00
      vertex   -2.123223e+01 3.073223e+01 1.200000e+01
    endloop
  endfacet
  facet normal 6.087614e-01 -7.933533e-01 0.000000e+00
    outer loop
      vertex   -2.123223e+01 3.073223e+01 1.200000e+01
      vertex   -2.175000e+01 3.033494e+01 2.000000e+00
      vertex   -2.123223e+01 3.073223e+01 2.000000e+00
    endloop
  endfacet
  facet normal 7.933533e-01 -6.087614e-01 0.000000e+00
    outer loop
      vertex   -2.123223e+01 3.073223e+01 1.200000e+01
      vertex   -2.123223e+01 3.073223e+01 2.000000e+00
      vertex   -2.083494e+01 3.125000e+01 1.200000e+01
    endloop
  endfacet
  facet normal 7.933533e-01 -6.087614e-01 0.000000e+00
    outer loop
      vertex   -2.083494e+01 3.125000e+01 1.200000e+01
      vertex   -2.123223e+01 3.073223e+01 2.000000e+00
      vertex   -2.083494e+01 3.125000e+01 2.000000e+00
    endloop
  endfacet
  facet normal 9.238795e-01 -3.826834e-01 0.000000e+00
    outer loop
      vertex   -2.083494e+01 3.125000e+01 1.200000e+01
      vertex   -2.083494e+01 3.125000e+01 2.000000e+00
      vertex   -2.058519e+01 3.185295e+01 1.200000e+01
    endloop
  endfacet
  facet normal 9.238795e-01 -3.826834e-01 0.000000e+00
    outer loop
      vertex   -2.058519e+01 3.185295e+01 1.200000e+01
      vertex   -2.083494e+01 3.125000e+01 2.000000e+00
      vertex   -2.058519e+01 3.185295e+01 2.000000e+00
    endloop
  endfacet
  facet normal 0.000000e+00 0.000000e+00 1.000000e+00
    outer loop
      vertex   -2.155111e+01 3.288823e+01 1.200000e+01
      vertex   -2.150000e+01 3.250000e+01 1.200000e+01
      vertex   -2.050000e+01 3.250000e+01 1.200000e+01
    endloop
  endfacet
  facet normal 0.000000e+00 0.000000e+00 1.000000e+00
    outer loop
      vertex   -2.050000e+01 3.250000e+01 1.200000e+01
      vertex   -2.150000e+01 3.250000e+01 1.200000e+01
      vertex   -2.155111e+01 3.211177e+01 1.200000e+01
    endloop
  endfacet
  facet normal 0.000000e+00 0.000000e+00 1.000000e+00
    outer loop
      vertex   -2.050000e+01 3.250000e+01 1.200000e+01
      vertex   -2.155111e+01 3.211177e+01 1.200000e+01
      vertex   -2.058519e+01 3.185295e+01 1.200000e+01
    endloop
  endfacet
  facet normal 0.000000e+00 0.000000e+00 1.000000e+00
    outer loop
      vertex   -2.058519e+01 3.185295e+01 1.200000e+01
      vertex   -2.155111e+01 3.211177e+01 1.200000e+01
      vertex   -2.170096e+01 3.175000e+01 1.200000e+01
    endloop
  endfacet
  facet normal 0.000000e+00 0.000000e+00 1.000000e+00
    outer loop
      vertex   -2.058519e+01 3.185295e+01 1.200000e+01
      vertex   -2.170096e+01 3.175000e+01 1.200000e+01
      vertex   -2.083494e+01 3.125000e+01 1.200000e+01
    endloop
  endfacet
  facet normal 0.000000e+00 0.000000e+00 1.000000e+00
    outer loop
      vertex   -2.083494e+01 3.125000e+01 1.200000e+01
      vertex   -2.170096e+01 3.175000e+01 1.200000e+01
      vertex   -2.193934e+01 3.143934e+01 1.200000e+01
    endloop
  endfacet
  facet normal 0.000000e+00 0.000000e+00 1.000000e+00
    outer loop
      vertex   -2.083494e+01 3.125000e+01 1.200000e+01
      vertex   -2.193934e+01 3.143934e+01 1.200000e+01
      vertex   -2.123223e+01 3.073223e+01 1.200000e+01
    endloop
  endfacet
  facet normal 0.000000e+00 0.000000e+00 1.000000e+00
    outer loop
      vertex   -2.123223e+01 3.073223e+01 1.200000e+01
      vertex   -2.193934e+01 3.143934e+01 1.200000e+01
      vertex   -2.225000e+01 3.120096e+01 1.200000e+01
    endloop
  endfacet
  facet normal 0.000000e+00 0.000000e+00 1.000000e+00
    outer loop
      vertex   -2.123223e+01 3.073223e+01 1.200000e+01
      vertex   -2.225000e+01 3.120096e+01 1.200000e+01
      vertex   -2.175000e+01 3.033494e+01 1.200000e+01
    endloop
  endfacet
  facet normal 0.000000e+00 0.000000e+00 1.000000e+00
    outer loop
      vertex   -2.175000e+01 3.033494e+01 1.200000e+01
      vertex   -2.225000e+01 3.120096e+01 1.200000e+01
      vertex   -2.261177e+01 3.105111e+01 1.200000e+01
    endloop
  endfacet
  facet normal 0.000000e+00 0.000000e+00 1.000000e+00
    outer loop
      vertex   -2.175000e+01 3.033494e+01 1.200000e+01
      vertex   -2.261177e+01 3.105111e+01 1.200000e+01
      vertex   -2.235295e+01 3.008519e+01 1.200000e+01
    endloop
  endfacet
  facet normal 0.000000e+00 0.000000e+00 1.000000e+00
    outer loop
      vertex   -2.235295e+01 3.008519e+01 1.200000e+01
      vertex   -2.261177e+01 3.105111e+01 1.200000e+01
      vertex   -2.300000e+01 3.100000e+01 1.200000e+01
    endloop
  endfacet
  facet normal 0.000000e+00 0.000000e+00 1.000000e+00
    outer loop
      vertex   -2.235295e+01 3.008519e+01 1.200000e+01
      vertex   -2.300000e+01 3.100000e+01 1.200000e+01
      vertex   -2.300000e+01 3.000000e+01 1.200000e+01
    endloop
  endfacet
  facet normal 0.000000e+00 -0.000000e+00 1.000000e+00
    outer loop
      vertex   -2.300000e+01 3.000000e+01 1.200000e+01
      vertex   -2.300000e+01 3.100000e+01 1.200000e+01
      vertex   -2.364705e+01 3.008519e+01 1.200000e+01
    endloop
  endfacet
  facet normal 0.000000e+00 0.000000e+00 1.000000e+00
    outer loop
      vertex   -2.364705e+01 3.008519e+01 1.200000e+01
      vertex   -2.300000e+01 3.100000e+01 1.200000e+01
      vertex   -2.338823e+01 3.105111e+01 1.200000e+01
    endloop
  endfacet
  facet normal 0.000000e+00 -0.000000e+00 1.000000e+00
    outer loop
      vertex   -2.364705e+01 3.008519e+01 1.200000e+01
      vertex   -2.338823e+01 3.105111e+01 1.200000e+01
      vertex   -2.425000e+01 3.033494e+01 1.200000e+01
    endloop
  endfacet
  facet normal 0.000000e+00 0.000000e+00 1.000000e+00
    outer loop
      vertex   -2.425000e+01 3.033494e+01 1.200000e+01
      vertex   -2.338823e+01 3.105111e+01 1.200000e+01
      vertex   -2.375000e+01 3.120096e+01 1.200000e+01
    endloop
  endfacet
  facet normal 0.000000e+00 -0.000000e+00 1.000000e+00
    outer loop
      vertex   -2.425000e+01 3.033494e+01 1.200000e+01
      vertex   -2.375000e+01 3.120096e+01 1.200000e+01
      vertex   -2.476777e+01 3.073223e+01 1.200000e+01
    endloop
  endfacet
  facet normal 0.000000e+00 0.000000e+00 1.000000e+00
    outer loop
      vertex   -2.476777e+01 3.073223e+01 1.200000e+01
      vertex   -2.375000e+01 3.120096e+01 1.200000e+01
      vertex   -2.406066e+01 3.143934e+01 1.200000e+01
    endloop
  endfacet
  facet normal 0.000000e+00 -0.000000e+00 1.000000e+00
    outer loop
      vertex   -2.476777e+01 3.073223e+01 1.200000e+01
      vertex   -2.406066e+01 3.143934e+01 1.200000e+01
      vertex   -2.516506e+01 3.125000e+01 1.200000e+01
    endloop
  endfacet
  facet normal 0.000000e+00 0.000000e+00 1.000000e+00
    outer loop
      vertex   -2.516506e+01 3.125000e+01 1.200000e+01
      vertex   -2.406066e+01 3.143934e+01 1.200000e+01
      vertex   -2.429904e+01 3.175000e+01 1.200000e+01
    endloop
  endfacet
  facet normal 0.000000e+00 -0.000000e+00 1.000000e+00
    outer loop
      vertex   -2.516506e+01 3.125000e+01 1.200000e+01
      vertex   -2.429904e+01 3.175000e+01 1.200000e+01
      vertex   -2.541481e+01 3.185295e+01 1.200000e+01
    endloop
  endfacet
  facet normal -0.000000e+00 0.000000e+00 1.000000e+00
    outer loop
      vertex   -2.541481e+01 3.185295e+01 1.200000e+01
      vertex   -2.429904e+01 3.175000e+01 1.200000e+01
      vertex   -2.444889e+01 3.211177e+01 1.200000e+01
    endloop
  endfacet
  facet normal 0.000000e+00 -0.000000e+00 1.000000e+00
    outer loop
      vertex   -2.541481e+01 3.185295e+01 1.200000e+01
      vertex   -2.444889e+01 3.211177e+01 1.200000e+01
      vertex   -2.550000e+01 3.250000e+01 1.200000e+01
    endloop
  endfacet
  facet normal -0.000000e+00 0.000000e+00 1.000000e+00
    outer loop
      vertex   -2.550000e+01 3.250000e+01 1.200000e+01
      vertex   -2.444889e+01 3.211177e+01 1.200000e+01
      vertex   -2.450000e+01 3.250000e+01 1.200000e+01
    endloop
  endfacet
  facet normal 0.000000e+00 0.000000e+00 1.000000e+00
    outer loop
      vertex   -2.550000e+01 3.250000e+01 1.200000e+01
      vertex   -2.450000e+01 3.250000e+01 1.200000e+01
      vertex   -2.541481e+01 3.314705e+01 1.200000e+01
    endloop
  endfacet
  facet normal 0.000000e+00 0.000000e+00 1.000000e+00
    outer loop
      vertex   -2.541481e+01 3.314705e+01 1.200000e+01
      vertex   -2.450000e+01 3.250000e+01 1.200000e+01
      vertex   -2.444889e+01 3.288823e+01 1.200000e+01
    endloop
  endfacet
  facet normal -0.000000e+00 0.000000e+00 1.000000e+00
    outer loop
      vertex   -2.541481e+01 3.314705e+01 1.200000e+01
      vertex   -2.444889e+01 3.288823e+01 1.200000e+01
      vertex   -2.429904e+01 3.325000e+01 1.200000e+01
    endloop
  endfacet
  facet normal 0.000000e+00 0.000000e+00 1.000000e+00
    outer loop
      vertex   -2.541481e+01 3.314705e+01 1.200000e+01
      vertex   -2.429904e+01 3.325000e+01 1.200000e+01
      vertex   -2.516506e+01 3.375000e+01 1.200000e+01
    endloop
  endfacet
  facet normal 0.000000e+00 0.000000e+00 1.000000e+00
    outer loop
      vertex   -2.516506e+01 3.375000e+01 1.200000e+01
      vertex   -2.429904e+01 3.325000e+01 1.200000e+01
      vertex   -2.406066e+01 3.356066e+01 1.200000e+01
    endloop
  endfacet
  facet normal -0.000000e+00 0.000000e+00 1.000000e+00
    outer loop
      vertex   -2.516506e+01 3.375000e+01 1.200000e+01
      vertex   -2.406066e+01 3.356066e+01 1.200000e+01
      vertex   -2.476777e+01 3.426777e+01 1.200000e+01
    endloop
  endfacet
  facet normal 0.000000e+00 0.000000e+00 1.000000e+00
    outer loop
      vertex   -2.476777e+01 3.426777e+01 1.200000e+01
      vertex   -2.406066e+01 3.356066e+01 1.200000e+01
      vertex   -2.375000e+01 3.379904e+01 1.200000e+01
    endloop
  endfacet
  facet normal -0.000000e+00 0.000000e+00 1.000000e+00
    outer loop
      vertex   -2.476777e+01 3.426777e+01 1.200000e+01
      vertex   -2.375000e+01 3.379904e+01 1.200000e+01
      vertex   -2.425000e+01 3.466506e+01 1.200000e+01
    endloop
  endfacet
  facet normal 0.000000e+00 0.000000e+00 1.000000e+00
    outer loop
      vertex   -2.425000e+01 3.466506e+01 1.200000e+01
      vertex   -2.375000e+01 3.379904e+01 1.200000e+01
      vertex   -2.338823e+01 3.394889e+01 1.200000e+01
    endloop
  endfacet
  facet normal -0.000000e+00 0.000000e+00 1.000000e+00
    outer loop
      vertex   -2.425000e+01 3.466506e+01 1.200000e+01
      vertex   -2.338823e+01 3.394889e+01 1.200000e+01
      vertex   -2.364705e+01 3.491481e+01 1.200000e+01
    endloop
  endfacet
  facet normal 0.000000e+00 0.000000e+00 1.000000e+00
    outer loop
      vertex   -2.364705e+01 3.491481e+01 1.200000e+01
      vertex   -2.338823e+01 3.394889e+01 1.200000e+01
      vertex   -2.300000e+01 3.400000e+01 1.200000e+01
    endloop
  endfacet
  facet normal -0.000000e+00 0.000000e+00 1.000000e+00
    outer loop
      vertex   -2.364705e+01 3.491481e+01 1.200000e+01
      vertex   -2.300000e+01 3.400000e+01 1.200000e+01
      vertex   -2.300000e+01 3.500000e+01 1.200000e+01
    endloop
  endfacet
  facet normal 0.000000e+00 0.000000e+00 1.000000e+00
    outer loop
      vertex   -2.300000e+01 3.500000e+01 1.200000e+01
      vertex   -2.300000e+01 3.400000e+01 1.200000e+01
      vertex   -2.235295e+01 3.491481e+01 1.200000e+01
    endloop
  endfacet
  facet normal 0.000000e+00 0.000000e+00 1.000000e+00
    outer loop
      vertex   -2.235295e+01 3.491481e+01 1.200000e+01
      vertex   -2.300000e+01 3.400000e+01 1.200000e+01
      vertex   -2.261177e+01 3.394889e+01 1.200000e+01
    endloop
  endfacet
  facet normal 0.000000e+00 0.000000e+00 1.000000e+00
    outer loop
      vertex   -2.235295e+01 3.491481e+01 1.200000e+01
      vertex   -2.261177e+01 3.394889e+01 1.200000e+01
      vertex   -2.175000e+01 3.466506e+01 1.200000e+01
    endloop
  endfacet
  facet normal 0.000000e+00 0.000000e+00 1.000000e+00
    outer loop
      vertex   -2.175000e+01 3.466506e+01 1.200000e+01
      vertex   -2.261177e+01 3.394889e+01 1.200000e+01
      vertex   -2.225000e+01 3.379904e+01 1.200000e+01
    endloop
  endfacet
  facet normal 0.000000e+00 0.000000e+00 1.000000e+00
    outer loop
      vertex   -2.175000e+01 3.466506e+01 1.200000e+01
      vertex   -2.225000e+01 3.379904e+01 1.200000e+01
      vertex   -2.123223e+01 3.426777e+01 1.200000e+01
    endloop
  endfacet
  facet normal 0.000000e+00 0.000000e+00 1.000000e+00
    outer loop
      vertex   -2.123223e+01 3.426777e+01 1.200000e+01
      vertex   -2.225000e+01 3.379904e+01 1.200000e+01
      vertex   -2.193934e+01 3.356066e+01 1.200000e+01
    endloop
  endfacet
  facet normal 0.000000e+00 0.000000e+00 1.000000e+00
    outer loop
      vertex   -2.123223e+01 3.426777e+01 1.200000e+01
      vertex   -2.193934e+01 3.356066e+01 1.200000e+01
      vertex   -2.083494e+01 3.375000e+01 1.200000e+01
    endloop
  endfacet
  facet normal 0.000000e+00 0.000000e+00 1.000000e+00
    outer loop
      vertex   -2.083494e+01 3.375000e+01 1.200000e+01
      vertex   -2.193934e+01 3.356066e+01 1.200000e+01
      vertex   -2.170096e+01 3.325000e+01 1.200000e+01
    endloop
  endfacet
  facet normal 0.000000e+00 0.000000e+00 1.000000e+00
    outer loop
      vertex   -2.083494e+01 3.375000e+01 1.200000e+01
      vertex   -2.170096e+01 3.325000e+01 1.200000e+01
      vertex   -2.058519e+01 3.314705e+01 1.200000e+01
    endloop
  endfacet
  facet normal 0.000000e+00 0.000000e+00 1.000000e+00
    outer loop
      vertex   -2.058519e+01 3.314705e+01 1.200000e+01
      vertex   -2.170096e+01 3.325000e+01 1.200000e+01
      vertex   -2.155111e+01 3.288823e+01 1.200000e+01
    endloop
  endfacet
  facet normal 0.000000e+00 0.000000e+00 1.000000e+00
    outer loop
      vertex   -2.058519e+01 3.314705e+01 1.200000e+01
      vertex   -2.155111e+01 3.288823e+01 1.200000e+01
      vertex   -2.050000e+01 3.250000e+01 1.200000e+01
    endloop
  endfacet
  facet normal 0.000000e+00 0.000000e+00 1.000000e+00
    outer loop
      vertex   2.541481e+01 -3.185295e+01 2.000000e+00
      vertex   2.550000e+01 -3.250000e+01 2.000000e+00
      vertex   2.850000e+01 -3.250000e+01 2.000000e+00
    endloop
  endfacet
  facet normal 0.000000e+00 0.000000e+00 1.000000e+00
    outer loop
      vertex   2.850000e+01 -3.250000e+01 2.000000e+00
      vertex   2.550000e+01 -3.250000e+01 2.000000e+00
      vertex   2.541481e+01 -3.314705e+01 2.000000e+00
    endloop
  endfacet
  facet normal 0.000000e+00 0.000000e+00 1.000000e+00
    outer loop
      vertex   2.850000e+01 -3.250000e+01 2.000000e+00
      vertex   2.541481e+01 -3.314705e+01 2.000000e+00
      vertex   2.858741e+01 -3.333165e+01 2.000000e+00
    endloop
  endfacet
  facet normal 0.000000e+00 0.000000e+00 1.000000e+00
    outer loop
      vertex   2.858741e+01 -3.333165e+01 2.000000e+00
      vertex   2.541481e+01 -3.314705e+01 2.000000e+00
      vertex   2.516506e+01 -3.375000e+01 2.000000e+00
    endloop
  endfacet
  facet normal 0.000000e+00 0.000000e+00 1.000000e+00
    outer loop
      vertex   2.858741e+01 -3.333165e+01 2.000000e+00
      vertex   2.516506e+01 -3.375000e+01 2.000000e+00
      vertex   2.884582e+01 -3.412695e+01 2.000000e+00
    endloop
  endfacet
  facet normal 0.000000e+00 0.000000e+00 1.000000e+00
    outer loop
      vertex   2.884582e+01 -3.412695e+01 2.000000e+00
      vertex   2.516506e+01 -3.375000e+01 2.000000e+00
      vertex   2.476777e+01 -3.426777e+01 2.000000e+00
    endloop
  endfacet
  facet normal 0.000000e+00 0.000000e+00 1.000000e+00
    outer loop
      vertex   2.884582e+01 -3.412695e+01 2.000000e+00
      vertex   2.476777e+01 -3.426777e+01 2.000000e+00
      vertex   2.926393e+01 -3.485114e+01 2.000000e+00
    endloop
  endfacet
  facet normal 0.000000e+00 0.000000e+00 1.000000e+00
    outer loop
      vertex   2.926393e+01 -3.485114e+01 2.000000e+00
      vertex   2.476777e+01 -3.426777e+01 2.000000e+00
      vertex   2.425000e+01 -3.466506e+01 2.000000e+00
    endloop
  endfacet
  facet normal 0.000000e+00 0.000000e+00 1.000000e+00
    outer loop
      vertex   2.926393e+01 -3.485114e+01 2.000000e+00
      vertex   2.425000e+01 -3.466506e+01 2.000000e+00
      vertex   2.982348e+01 -3.547258e+01 2.000000e+00
    endloop
  endfacet
  facet normal 0.000000e+00 0.000000e+00 1.000000e+00
    outer loop
      vertex   2.982348e+01 -3.547258e+01 2.000000e+00
      vertex   2.425000e+01 -3.466506e+01 2.000000e+00
      vertex   2.364705e+01 -3.491481e+01 2.000000e+00
    endloop
  endfacet
  facet normal 0.000000e+00 0.000000e+00 1.000000e+00
    outer loop
      vertex   2.982348e+01 -3.547258e+01 2.000000e+00
      vertex   2.364705e+01 -3.491481e+01 2.000000e+00
      vertex   3.050000e+01 -3.596410e+01 2.000000e+00
    endloop
  endfacet
  facet normal 0.000000e+00 0.000000e+00 1.000000e+00
    outer loop
      vertex   3.050000e+01 -3.596410e+01 2.000000e+00
      vertex   2.364705e+01 -3.491481e+01 2.000000e+00
      vertex   2.300000e+01 -3.500000e+01 2.000000e+00
    endloop
  endfacet
  facet normal 0.000000e+00 0.000000e+00 1.000000e+00
    outer loop
      vertex   3.050000e+01 -3.596410e+01 2.000000e+00
      vertex   2.300000e+01 -3.500000e+01 2.000000e+00
      vertex   3.126393e+01 -3.630423e+01 2.000000e+00
    endloop
  endfacet
  facet normal 0.000000e+00 0.000000e+00 1.000000e+00
    outer loop
      vertex   3.126393e+01 -3.630423e+01 2.000000e+00
      vertex   2.300000e+01 -3.500000e+01 2.000000e+00
      vertex   3.900000e+01 -3.900000e+01 2.000000e+00
    endloop
  endfacet
  facet normal 0.000000e+00 0.000000e+00 1.000000e+00
    outer loop
      vertex   3.126393e+01 -3.630423e+01 2.000000e+00
      vertex   3.900000e+01 -3.900000e+01 2.000000e+00
      vertex   3.208189e+01 -3.647809e+01 2.000000e+00
    endloop
  endfacet
  facet normal -0.000000e+00 0.000000e+00 1.000000e+00
    outer loop
      vertex   3.208189e+01 -3.647809e+01 2.000000e+00
      vertex   3.900000e+01 -3.900000e+01 2.000000e+00
      vertex   3.291811e+01 -3.647809e+01 2.000000e+00
    endloop
  endfacet
  facet normal -0.000000e+00 0.000000e+00 1.000000e+00
    outer loop
      vertex   3.291811e+01 -3.647809e+01 2.000000e+00
      vertex   3.900000e+01 -3.900000e+01 2.000000e+00
      vertex   3.373607e+01 -3.630423e+01 2.000000e+00
    endloop
  endfacet
  facet normal -0.000000e+00 0.000000e+00 1.000000e+00
    outer loop
      vertex   3.373607e+01 -3.630423e+01 2.000000e+00
      vertex   3.900000e+01 -3.900000e+01 2.000000e+00
      vertex   3.450000e+01 -3.596410e+01 2.000000e+00
    endloop
  endfacet
  facet normal -0.000000e+00 0.000000e+00 1.000000e+00
    outer loop
      vertex   3.450000e+01 -3.596410e+01 2.000000e+00
      vertex   3.900000e+01 -3.900000e+01 2.000000e+00
      vertex   3.517652e+01 -3.547258e+01 2.000000e+00
    endloop
  endfacet
  facet normal -0.000000e+00 0.000000e+00 1.000000e+00
    outer loop
      vertex   3.517652e+01 -3.547258e+01 2.000000e+00
      vertex   3.900000e+01 -3.900000e+01 2.000000e+00
      vertex   3.573607e+01 -3.485114e+01 2.000000e+00
    endloop
  endfacet
  facet normal -0.000000e+00 0.000000e+00 1.000000e+00
    outer loop
      vertex   3.573607e+01 -3.485114e+01 2.000000e+00
      vertex   3.900000e+01 -3.900000e+01 2.000000e+00
      vertex   3.615418e+01 -3.412695e+01 2.000000e+00
    endloop
  endfacet
  facet normal -0.000000e+00 0.000000e+00 1.000000e+00
    outer loop
      vertex   3.615418e+01 -3.412695e+01 2.000000e+00
      vertex   3.900000e+01 -3.900000e+01 2.000000e+00
      vertex   3.641259e+01 -3.333165e+01 2.000000e+00
    endloop
  endfacet
  facet normal -0.000000e+00 0.000000e+00 1.000000e+00
    outer loop
      vertex   3.641259e+01 -3.333165e+01 2.000000e+00
      vertex   3.900000e+01 -3.900000e+01 2.000000e+00
      vertex   3.650000e+01 -3.250000e+01 2.000000e+00
    endloop
  endfacet
  facet normal -0.000000e+00 -0.000000e+00 1.000000e+00
    outer loop
      vertex   3.650000e+01 -3.250000e+01 2.000000e+00
      vertex   3.900000e+01 -3.900000e+01 2.000000e+00
      vertex   3.641259e+01 -3.166835e+01 2.000000e+00
    endloop
  endfacet
  facet normal -0.000000e+00 0.000000e+00 1.000000e+00
    outer loop
      vertex   3.641259e+01 -3.166835e+01 2.000000e+00
      vertex   3.900000e+01 -3.900000e+01 2.000000e+00
      vertex   3.641259e+01 3.166835e+01 2.000000e+00
    endloop
  endfacet
  facet normal 0.000000e+00 -0.000000e+00 1.000000e+00
    outer loop
      vertex   3.641259e+01 -3.166835e+01 2.000000e+00
      vertex   3.641259e+01 3.166835e+01 2.000000e+00
      vertex   3.615418e+01 -3.087305e+01 2.000000e+00
    endloop
  endfacet
  facet normal 0.000000e+00 -0.000000e+00 1.000000e+00
    outer loop
      vertex   3.615418e+01 -3.087305e+01 2.000000e+00
      vertex   3.641259e+01 3.166835e+01 2.000000e+00
      vertex   3.615418e+01 3.087305e+01 2.000000e+00
    endloop
  endfacet
  facet normal 0.000000e+00 0.000000e+00 1.000000e+00
    outer loop
      vertex   3.615418e+01 -3.087305e+01 2.000000e+00
      vertex   3.615418e+01 3.087305e+01 2.000000e+00
      vertex   3.573607e+01 3.014886e+01 2.000000e+00
    endloop
  endfacet
  facet normal 0.000000e+00 0.000000e+00 1.000000e+00
    outer loop
      vertex   2.300000e+01 -3.500000e+01 2.000000e+00
      vertex   2.235295e+01 -3.491481e+01 2.000000e+00
      vertex   3.900000e+01 -3.900000e+01 2.000000e+00
    endloop
  endfacet
  facet normal 0.000000e+00 0.000000e+00 1.000000e+00
    outer loop
      vertex   3.900000e+01 -3.900000e+01 2.000000e+00
      vertex   2.235295e+01 -3.491481e+01 2.000000e+00
      vertex   -2.235295e+01 -3.491481e+01 2.000000e+00
    endloop
  endfacet
  facet normal 0.000000e+00 0.000000e+00 1.000000e+00
    outer loop
      vertex   3.900000e+01 -3.900000e+01 2.000000e+00
      vertex   -2.235295e+01 -3.491481e+01 2.000000e+00
      vertex   -3.900000e+01 -3.900000e+01 2.000000e+00
    endloop
  endfacet
  facet normal 0.000000e+00 0.000000e+00 1.000000e+00
    outer loop
      vertex   -3.900000e+01 -3.900000e+01 2.000000e+00
      vertex   -2.235295e+01 -3.491481e+01 2.000000e+00
      vertex   -2.300000e+01 -3.500000e+01 2.000000e+00
    endloop
  endfacet
  facet normal 0.000000e+00 0.000000e+00 1.000000e+00
    outer loop
      vertex   -3.900000e+01 -3.900000e+01 2.000000e+00
      vertex   -2.300000e+01 -3.500000e+01 2.000000e+00
      vertex   -3.126393e+01 -3.630423e+01 2.000000e+00
    endloop
  endfacet
  facet normal 0.000000e+00 0.000000e+00 1.000000e+00
    outer loop
      vertex   -3.126393e+01 -3.630423e+01 2.000000e+00
      vertex   -2.300000e+01 -3.500000e+01 2.000000e+00
      vertex   -3.050000e+01 -3.596410e+01 2.000000e+00
    endloop
  endfacet
  facet normal 0.000000e+00 0.000000e+00 1.000000e+00
    outer loop
      vertex   -3.050000e+01 -3.596410e+01 2.000000e+00
      vertex   -2.300000e+01 -3.500000e+01 2.000000e+00
      vertex   -2.364705e+01 -3.491481e+01 2.000000e+00
    endloop
  endfacet
  facet normal 0.000000e+00 0.000000e+00 1.000000e+00
    outer loop
      vertex   -3.050000e+01 -3.596410e+01 2.000000e+00
      vertex   -2.364705e+01 -3.491481e+01 2.000000e+00
      vertex   -2.982348e+01 -3.547258e+01 2.000000e+00
    endloop
  endfacet
  facet normal 0.000000e+00 0.000000e+00 1.000000e+00
    outer loop
      vertex   -2.982348e+01 -3.547258e+01 2.000000e+00
      vertex   -2.364705e+01 -3.491481e+01 2.000000e+00
      vertex   -2.425000e+01 -3.466506e+01 2.000000e+00
    endloop
  endfacet
  facet normal 0.000000e+00 0.000000e+00 1.000000e+00
    outer loop
      vertex   -2.982348e+01 -3.547258e+01 2.000000e+00
      vertex   -2.425000e+01 -3.466506e+01 2.000000e+00
      vertex   -2.926393e+01 -3.485114e+01 2.000000e+00
    endloop
  endfacet
  facet normal 0.000000e+00 0.000000e+00 1.000000e+00
    outer loop
      vertex   -2.926393e+01 -3.485114e+01 2.000000e+00
      vertex   -2.425000e+01 -3.466506e+01 2.000000e+00
      vertex   -2.476777e+01 -3.426777e+01 2.000000e+00
    endloop
  endfacet
  facet normal 0.000000e+00 0.000000e+00 1.000000e+00
    outer loop
      vertex   -2.926393e+01 -3.485114e+01 2.000000e+00
      vertex   -2.476777e+01 -3.426777e+01 2.000000e+00
      vertex   -2.884582e+01 -3.412695e+01 2.000000e+00
    endloop
  endfacet
  facet normal -0.000000e+00 0.000000e+00 1.000000e+00
    outer loop
      vertex   -2.884582e+01 -3.412695e+01 2.000000e+00
      vertex   -2.476777e+01 -3.426777e+01 2.000000e+00
      vertex   -2.516506e+01 -3.375000e+01 2.000000e+00
    endloop
  endfacet
  facet normal 0.000000e+00 0.000000e+00 1.000000e+00
    outer loop
      vertex   -2.884582e+01 -3.412695e+01 2.000000e+00
      vertex   -2.516506e+01 -3.375000e+01 2.000000e+00
      vertex   -2.858741e+01 -3.333165e+01 2.000000e+00
    endloop
  endfacet
  facet normal -0.000000e+00 0.000000e+00 1.000000e+00
    outer loop
      vertex   -2.858741e+01 -3.333165e+01 2.000000e+00
      vertex   -2.516506e+01 -3.375000e+01 2.000000e+00
      vertex   -2.541481e+01 -3.314705e+01 2.000000e+00
    endloop
  endfacet
  facet normal 0.000000e+00 0.000000e+00 1.000000e+00
    outer loop
      vertex   -2.858741e+01 -3.333165e+01 2.000000e+00
      vertex   -2.541481e+01 -3.314705e+01 2.000000e+00
      vertex   -2.850000e+01 -3.250000e+01 2.000000e+00
    endloop
  endfacet
  facet normal 0.000000e+00 0.000000e+00 1.000000e+00
    outer loop
      vertex   -2.850000e+01 -3.250000e+01 2.000000e+00
      vertex   -2.541481e+01 -3.314705e+01 2.000000e+00
      vertex   -2.550000e+01 -3.250000e+01 2.000000e+00
    endloop
  endfacet
  facet normal -0.000000e+00 0.000000e+00 1.000000e+00
    outer loop
      vertex   -2.850000e+01 -3.250000e+01 2.000000e+00
      vertex   -2.550000e+01 -3.250000e+01 2.000000e+00
      vertex   -2.541481e+01 -3.185295e+01 2.000000e+00
    endloop
  endfacet
  facet normal 0.000000e+00 0.000000e+00 1.000000e+00
    outer loop
      vertex   -2.235295e+01 -3.491481e+01 2.000000e+00
      vertex   2.235295e+01 -3.491481e+01 2.000000e+00
      vertex   -2.175000e+01 -3.466506e+01 2.000000e+00
    endloop
  endfacet
  facet normal -0.000000e+00 0.000000e+00 1.000000e+00
    outer loop
      vertex   -2.175000e+01 -3.466506e+01 2.000000e+00
      vertex   2.235295e+01 -3.491481e+01 2.000000e+00
      vertex   2.175000e+01 -3.466506e+01 2.000000e+00
    endloop
  endfacet
  facet normal 0.000000e+00 0.000000e+00 1.000000e+00
    outer loop
      vertex   -2.175000e+01 -3.466506e+01 2.000000e+00
      vertex   2.175000e+01 -3.466506e+01 2.000000e+00
      vertex   -2.123223e+01 -3.426777e+01 2.000000e+00
    endloop
  endfacet
  facet normal -0.000000e+00 0.000000e+00 1.000000e+00
    outer loop
      vertex   -2.123223e+01 -3.426777e+01 2.000000e+00
      vertex   2.175000e+01 -3.466506e+01 2.000000e+00
      vertex   2.123223e+01 -3.426777e+01 2.000000e+00
    endloop
  endfacet
  facet normal 0.000000e+00 0.000000e+00 1.000000e+00
    outer loop
      vertex   -2.123223e+01 -3.426777e+01 2.000000e+00
      vertex   2.123223e+01 -3.426777e+01 2.000000e+00
      vertex   -2.083494e+01 -3.375000e+01 2.000000e+00
    endloop
  endfacet
  facet normal -0.000000e+00 0.000000e+00 1.000000e+00
    outer loop
      vertex   -2.083494e+01 -3.375000e+01 2.000000e+00
      vertex   2.123223e+01 -3.426777e+01 2.000000e+00
      vertex   2.083494e+01 -3.375000e+01 2.000000e+00
    endloop
  endfacet
  facet normal 0.000000e+00 0.000000e+00 1.000000e+00
    outer loop
      vertex   -2.083494e+01 -3.375000e+01 2.000000e+00
      vertex   2.083494e+01 -3.375000e+01 2.000000e+00
      vertex   -2.058519e+01 -3.314705e+01 2.000000e+00
    endloop
  endfacet
  facet normal -0.000000e+00 0.000000e+00 1.000000e+00
    outer loop
      vertex   -2.058519e+01 -3.314705e+01 2.000000e+00
      vertex   2.083494e+01 -3.375000e+01 2.000000e+00
      vertex   2.058519e+01 -3.314705e+01 2.000000e+00
    endloop
  endfacet
  facet normal 0.000000e+00 0.000000e+00 1.000000e+00
    outer loop
      vertex   -2.058519e+01 -3.314705e+01 2.000000e+00
      vertex   2.058519e+01 -3.314705e+01 2.000000e+00
      vertex   -2.050000e+01 -3.250000e+01 2.000000e+00
    endloop
  endfacet
  facet normal -0.000000e+00 0.000000e+00 1.000000e+00
    outer loop
      vertex   -2.050000e+01 -3.250000e+01 2.000000e+00
      vertex   2.058519e+01 -3.314705e+01 2.000000e+00
      vertex   2.050000e+01 -3.250000e+01 2.000000e+00
    endloop
  endfacet
  facet normal 0.000000e+00 -0.000000e+00 1.000000e+00
    outer loop
      vertex   -2.050000e+01 -3.250000e+01 2.000000e+00
      vertex   2.050000e+01 -3.250000e+01 2.000000e+00
      vertex   -2.058519e+01 -3.185295e+01 2.000000e+00
    endloop
  endfacet
  facet normal 0.000000e+00 0.000000e+00 1.000000e+00
    outer loop
      vertex   -2.058519e+01 -3.185295e+01 2.000000e+00
      vertex   2.050000e+01 -3.250000e+01 2.000000e+00
      vertex   2.058519e+01 -3.185295e+01 2.000000e+00
    endloop
  endfacet
  facet normal -0.000000e+00 -0.000000e+00 1.000000e+00
    outer loop
      vertex   -2.058519e+01 -3.185295e+01 2.000000e+00
      vertex   2.058519e+01 -3.185295e+01 2.000000e+00
      vertex   -2.083494e+01 -3.125000e+01 2.000000e+00
    endloop
  endfacet
  facet normal -0.000000e+00 0.000000e+00 1.000000e+00
    outer loop
      vertex   -2.083494e+01 -3.125000e+01 2.000000e+00
      vertex   2.058519e+01 -3.185295e+01 2.000000e+00
      vertex   2.083494e+01 -3.125000e+01 2.000000e+00
    endloop
  endfacet
  facet normal 0.000000e+00 -0.000000e+00 1.000000e+00
    outer loop
      vertex   -2.083494e+01 -3.125000e+01 2.000000e+00
      vertex   2.083494e+01 -3.125000e+01 2.000000e+00
      vertex   -2.123223e+01 -3.073223e+01 2.000000e+00
    endloop
  endfacet
  facet normal -0.000000e+00 0.000000e+00 1.000000e+00
    outer loop
      vertex   -2.123223e+01 -3.073223e+01 2.000000e+00
      vertex   2.083494e+01 -3.125000e+01 2.000000e+00
      vertex   2.123223e+01 -3.073223e+01 2.000000e+00
    endloop
  endfacet
  facet normal 0.000000e+00 -0.000000e+00 1.000000e+00
    outer loop
      vertex   -2.123223e+01 -3.073223e+01 2.000000e+00
      vertex   2.123223e+01 -3.073223e+01 2.000000e+00
      vertex   -2.175000e+01 -3.033494e+01 2.000000e+00
    endloop
  endfacet
  facet normal -0.000000e+00 0.000000e+00 1.000000e+00
    outer loop
      vertex   -2.175000e+01 -3.033494e+01 2.000000e+00
      vertex   2.123223e+01 -3.073223e+01 2.000000e+00
      vertex   2.175000e+01 -3.033494e+01 2.000000e+00
    endloop
  endfacet
  facet normal 0.000000e+00 0.000000e+00 1.000000e+00
    outer loop
      vertex   -2.175000e+01 -3.033494e+01 2.000000e+00
      vertex   2.175000e+01 -3.033494e+01 2.000000e+00
      vertex   -2.175000e+01 3.033494e+01 2.000000e+00
    endloop
  endfacet
  facet normal -0.000000e+00 0.000000e+00 1.000000e+00
    outer loop
      vertex   -2.175000e+01 3.033494e+01 2.000000e+00
      vertex   2.175000e+01 -3.033494e+01 2.000000e+00
      vertex   2.175000e+01 3.033494e+01 2.000000e+00
    endloop
  endfacet
  facet normal 0.000000e+00 0.000000e+00 1.000000e+00
    outer loop
      vertex   -2.175000e+01 3.033494e+01 2.000000e+00
      vertex   2.175000e+01 3.033494e+01 2.000000e+00
      vertex   -2.123223e+01 3.073223e+01 2.000000e+00
    endloop
  endfacet
  facet normal -0.000000e+00 0.000000e+00 1.000000e+00
    outer loop
      vertex   -2.123223e+01 3.073223e+01 2.000000e+00
      vertex   2.175000e+01 3.033494e+01 2.000000e+00
      vertex   2.123223e+01 3.073223e+01 2.000000e+00
    endloop
  endfacet
  facet normal 0.000000e+00 0.000000e+00 1.000000e+00
    outer loop
      vertex   -2.123223e+01 3.073223e+01 2.000000e+00
      vertex   2.123223e+01 3.073223e+01 2.000000e+00
      vertex   -2.083494e+01 3.125000e+01 2.000000e+00
    endloop
  endfacet
  facet normal -0.000000e+00 0.000000e+00 1.000000e+00
    outer loop
      vertex   -2.083494e+01 3.125000e+01 2.000000e+00
      vertex   2.123223e+01 3.073223e+01 2.000000e+00
      vertex   2.083494e+01 3.125000e+01 2.000000e+00
    endloop
  endfacet
  facet normal 0.000000e+00 0.000000e+00 1.000000e+00
    outer loop
      vertex   -2.083494e+01 3.125000e+01 2.000000e+00
      vertex   2.083494e+01 3.125000e+01 2.000000e+00
      vertex   -2.058519e+01 3.185295e+01 2.000000e+00
    endloop
  endfacet
  facet normal -0.000000e+00 0.000000e+00 1.000000e+00
    outer loop
      vertex   -2.058519e+01 3.185295e+01 2.000000e+00
      vertex   2.083494e+01 3.125000e+01 2.000000e+00
      vertex   2.058519e+01 3.185295e+01 2.000000e+00
    endloop
  endfacet
  facet normal 0.000000e+00 0.000000e+00 1.000000e+00
    outer loop
      vertex   -2.058519e+01 3.185295e+01 2.000000e+00
      vertex   2.058519e+01 3.185295e+01 2.000000e+00
      vertex   -2.050000e+01 3.250000e+01 2.000000e+00
    endloop
  endfacet
  facet normal -0.000000e+00 0.000000e+00 1.000000e+00
    outer loop
      vertex   -2.050000e+01 3.250000e+01 2.000000e+00
      vertex   2.058519e+01 3.185295e+01 2.000000e+00
      vertex   2.050000e+01 3.250000e+01 2.000000e+00
    endloop
  endfacet
  facet normal 0.000000e+00 -0.000000e+00 1.000000e+00
    outer loop
      vertex   -2.050000e+01 3.250000e+01 2.000000e+00
      vertex   2.050000e+01 3.250000e+01 2.000000e+00
      vertex   -2.058519e+01 3.314705e+01 2.000000e+00
    endloop
  endfacet
  facet normal 0.000000e+00 0.000000e+00 1.000000e+00
    outer loop
      vertex   -2.058519e+01 3.314705e+01 2.000000e+00
      vertex   2.050000e+01 3.250000e+01 2.000000e+00
      vertex   2.058519e+01 3.314705e+01 2.000000e+00
    endloop
  endfacet
  facet normal -0.000000e+00 -0.000000e+00 1.000000e+00
    outer loop
      vertex   -2.058519e+01 3.314705e+01 2.000000e+00
      vertex   2.058519e+01 3.314705e+01 2.000000e+00
      vertex   -2.083494e+01 3.375000e+01 2.000000e+00
    endloop
  endfacet
  facet normal -0.000000e+00 0.000000e+00 1.000000e+00
    outer loop
      vertex   -2.083494e+01 3.375000e+01 2.000000e+00
      vertex   2.058519e+01 3.314705e+01 2.000000e+00
      vertex   2.083494e+01 3.375000e+01 2.000000e+00
    endloop
  endfacet
  facet normal 0.000000e+00 -0.000000e+00 1.000000e+00
    outer loop
      vertex   -2.083494e+01 3.375000e+01 2.000000e+00
      vertex   2.083494e+01 3.375000e+01 2.000000e+00
      vertex   -2.123223e+01 3.426777e+01 2.000000e+00
    endloop
  endfacet
  facet normal -0.000000e+00 0.000000e+00 1.000000e+00
    outer loop
      vertex   -2.123223e+01 3.426777e+01 2.000000e+00
      vertex   2.083494e+01 3.375000e+01 2.000000e+00
      vertex   2.123223e+01 3.426777e+01 2.000000e+00
    endloop
  endfacet
  facet normal 0.000000e+00 -0.000000e+00 1.000000e+00
    outer loop
      vertex   -2.123223e+01 3.426777e+01 2.000000e+00
      vertex   2.123223e+01 3.426777e+01 2.000000e+00
      vertex   -2.175000e+01 3.466506e+01 2.000000e+00
    endloop
  endfacet
  facet normal -0.000000e+00 0.000000e+00 1.000000e+00
    outer loop
      vertex   -2.175000e+01 3.466506e+01 2.000000e+00
      vertex   2.123223e+01 3.426777e+01 2.000000e+00
      vertex   2.175000e+01 3.466506e+01 2.000000e+00
    endloop
  endfacet
  facet normal 0.000000e+00 -0.000000e+00 1.000000e+00
    outer loop
      vertex   -2.175000e+01 3.466506e+01 2.000000e+00
      vertex   2.175000e+01 3.466506e+01 2.000000e+00
      vertex   -2.235295e+01 3.491481e+01 2.000000e+00
    endloop
  endfacet
  facet normal -0.000000e+00 0.000000e+00 1.000000e+00
    outer loop
      vertex   -2.235295e+01 3.491481e+01 2.000000e+00
      vertex   2.175000e+01 3.466506e+01 2.000000e+00
      vertex   2.235295e+01 3.491481e+01 2.000000e+00
    endloop
  endfacet
  facet normal 0.000000e+00 -0.000000e+00 1.000000e+00
    outer loop
      vertex   -2.235295e+01 3.491481e+01 2.000000e+00
      vertex   2.235295e+01 3.491481e+01 2.000000e+00
      vertex   -3.900000e+01 3.900000e+01 2.000000e+00
    endloop
  endfacet
  facet normal -0.000000e+00 0.000000e+00 1.000000e+00
    outer loop
      vertex   -3.900000e+01 3.900000e+01 2.000000e+00
      vertex   2.235295e+01 3.491481e+01 2.000000e+00
      vertex   3.900000e+01 3.900000e+01 2.000000e+00
    endloop
  endfacet
  facet normal 0.000000e+00 0.000000e+00 1.000000e+00
    outer loop
      vertex   3.900000e+01 3.900000e+01 2.000000e+00
      vertex   2.235295e+01 3.491481e+01 2.000000e+00
      vertex   2.300000e+01 3.500000e+01 2.000000e+00
    endloop
  endfacet
  facet normal 0.000000e+00 0.000000e+00 1.000000e+00
    outer loop
      vertex   3.900000e+01 3.900000e+01 2.000000e+00
      vertex   2.300000e+01 3.500000e+01 2.000000e+00
      vertex   3.126393e+01 3.630423e+01 2.000000e+00
    endloop
  endfacet
  facet normal 0.000000e+00 0.000000e+00 1.000000e+00
    outer loop
      vertex   3.126393e+01 3.630423e+01 2.000000e+00
      vertex   2.300000e+01 3.500000e+01 2.000000e+00
      vertex   3.050000e+01 3.596410e+01 2.000000e+00
    endloop
  endfacet
  facet normal 0.000000e+00 0.000000e+00 1.000000e+00
    outer loop
      vertex   3.050000e+01 3.596410e+01 2.000000e+00
      vertex   2.300000e+01 3.500000e+01 2.000000e+00
      vertex   2.364705e+01 3.491481e+01 2.000000e+00
    endloop
  endfacet
  facet normal 0.000000e+00 0.000000e+00 1.000000e+00
    outer loop
      vertex   3.050000e+01 3.596410e+01 2.000000e+00
      vertex   2.364705e+01 3.491481e+01 2.000000e+00
      vertex   2.982348e+01 3.547258e+01 2.000000e+00
    endloop
  endfacet
  facet normal 0.000000e+00 0.000000e+00 1.000000e+00
    outer loop
      vertex   2.982348e+01 3.547258e+01 2.000000e+00
      vertex   2.364705e+01 3.491481e+01 2.000000e+00
      vertex   2.425000e+01 3.466506e+01 2.000000e+00
    endloop
  endfacet
  facet normal 0.000000e+00 0.000000e+00 1.000000e+00
    outer loop
      vertex   2.982348e+01 3.547258e+01 2.000000e+00
      vertex   2.425000e+01 3.466506e+01 2.000000e+00
      vertex   2.926393e+01 3.485114e+01 2.000000e+00
    endloop
  endfacet
  facet normal 0.000000e+00 0.000000e+00 1.000000e+00
    outer loop
      vertex   2.926393e+01 3.485114e+01 2.000000e+00
      vertex   2.425000e+01 3.466506e+01 2.000000e+00
      vertex   2.476777e+01 3.426777e+01 2.000000e+00
    endloop
  endfacet
  facet normal 0.000000e+00 0.000000e+00 1.000000e+00
    outer loop
      vertex   2.926393e+01 3.485114e+01 2.000000e+00
      vertex   2.476777e+01 3.426777e+01 2.000000e+00
      vertex   2.884582e+01 3.412695e+01 2.000000e+00
    endloop
  endfacet
  facet normal 0.000000e+00 0.000000e+00 1.000000e+00
    outer loop
      vertex   2.884582e+01 3.412695e+01 2.000000e+00
      vertex   2.476777e+01 3.426777e+01 2.000000e+00
      vertex   2.516506e+01 3.375000e+01 2.000000e+00
    endloop
  endfacet
  facet normal 0.000000e+00 0.000000e+00 1.000000e+00
    outer loop
      vertex   2.884582e+01 3.412695e+01 2.000000e+00
      vertex   2.516506e+01 3.375000e+01 2.000000e+00
      vertex   2.858741e+01 3.333165e+01 2.000000e+00
    endloop
  endfacet
  facet normal 0.000000e+00 0.000000e+00 1.000000e+00
    outer loop
      vertex   2.858741e+01 3.333165e+01 2.000000e+00
      vertex   2.516506e+01 3.375000e+01 2.000000e+00
      vertex   2.541481e+01 3.314705e+01 2.000000e+00
    endloop
  endfacet
  facet normal 0.000000e+00 0.000000e+00 1.000000e+00
    outer loop
      vertex   2.858741e+01 3.333165e+01 2.000000e+00
      vertex   2.541481e+01 3.314705e+01 2.000000e+00
      vertex   2.850000e+01 3.250000e+01 2.000000e+00
    endloop
  endfacet
  facet normal 0.000000e+00 0.000000e+00 1.000000e+00
    outer loop
      vertex   2.850000e+01 3.250000e+01 2.000000e+00
      vertex   2.541481e+01 3.314705e+01 2.000000e+00
      vertex   2.550000e+01 3.250000e+01 2.000000e+00
    endloop
  endfacet
  facet normal 0.000000e+00 0.000000e+00 1.000000e+00
    outer loop
      vertex   2.850000e+01 3.250000e+01 2.000000e+00
      vertex   2.550000e+01 3.250000e+01 2.000000e+00
      vertex   2.541481e+01 3.185295e+01 2.000000e+00
    endloop
  endfacet
  facet normal 0.000000e+00 0.000000e+00 1.000000e+00
    outer loop
      vertex   2.175000e+01 3.033494e+01 2.000000e+00
      vertex   2.175000e+01 -3.033494e+01 2.000000e+00
      vertex   2.235295e+01 3.008519e+01 2.000000e+00
    endloop
  endfacet
  facet normal 0.000000e+00 0.000000e+00 1.000000e+00
    outer loop
      vertex   2.235295e+01 3.008519e+01 2.000000e+00
      vertex   2.175000e+01 -3.033494e+01 2.000000e+00
      vertex   2.235295e+01 -3.008519e+01 2.000000e+00
    endloop
  endfacet
  facet normal 0.000000e+00 0.000000e+00 1.000000e+00
    outer loop
      vertex   2.235295e+01 3.008519e+01 2.000000e+00
      vertex   2.235295e+01 -3.008519e+01 2.000000e+00
      vertex   2.300000e+01 -3.000000e+01 2.000000e+00
    endloop
  endfacet
  facet normal 0.000000e+00 -0.000000e+00 1.000000e+00
    outer loop
      vertex   2.364705e+01 -3.008519e+01 2.000000e+00
      vertex   3.050000e+01 -2.903590e+01 2.000000e+00
      vertex   2.300000e+01 -3.000000e+01 2.000000e+00
    endloop
  endfacet
  facet normal 0.000000e+00 0.000000e+00 1.000000e+00
    outer loop
      vertex   2.300000e+01 -3.000000e+01 2.000000e+00
      vertex   3.050000e+01 -2.903590e+01 2.000000e+00
      vertex   3.126393e+01 -2.869577e+01 2.000000e+00
    endloop
  endfacet
  facet normal 0.000000e+00 0.000000e+00 1.000000e+00
    outer loop
      vertex   2.300000e+01 -3.000000e+01 2.000000e+00
      vertex   3.126393e+01 -2.869577e+01 2.000000e+00
      vertex   2.300000e+01 3.000000e+01 2.000000e+00
    endloop
  endfacet
  facet normal 0.000000e+00 0.000000e+00 1.000000e+00
    outer loop
      vertex   2.300000e+01 3.000000e+01 2.000000e+00
      vertex   3.126393e+01 -2.869577e+01 2.000000e+00
      vertex   3.126393e+01 2.869577e+01 2.000000e+00
    endloop
  endfacet
  facet normal 0.000000e+00 0.000000e+00 1.000000e+00
    outer loop
      vertex   2.300000e+01 3.000000e+01 2.000000e+00
      vertex   3.126393e+01 2.869577e+01 2.000000e+00
      vertex   3.050000e+01 2.903590e+01 2.000000e+00
    endloop
  endfacet
  facet normal 0.000000e+00 0.000000e+00 1.000000e+00
    outer loop
      vertex   3.050000e+01 -2.903590e+01 2.000000e+00
      vertex   2.364705e+01 -3.008519e+01 2.000000e+00
      vertex   2.982348e+01 -2.952742e+01 2.000000e+00
    endloop
  endfacet
  facet normal 0.000000e+00 0.000000e+00 1.000000e+00
    outer loop
      vertex   2.982348e+01 -2.952742e+01 2.000000e+00
      vertex   2.364705e+01 -3.008519e+01 2.000000e+00
      vertex   2.425000e+01 -3.033494e+01 2.000000e+00
    endloop
  endfacet
  facet normal 0.000000e+00 0.000000e+00 1.000000e+00
    outer loop
      vertex   2.982348e+01 -2.952742e+01 2.000000e+00
      vertex   2.425000e+01 -3.033494e+01 2.000000e+00
      vertex   2.926393e+01 -3.014886e+01 2.000000e+00
    endloop
  endfacet
  facet normal 0.000000e+00 0.000000e+00 1.000000e+00
    outer loop
      vertex   2.926393e+01 -3.014886e+01 2.000000e+00
      vertex   2.425000e+01 -3.033494e+01 2.000000e+00
      vertex   2.476777e+01 -3.073223e+01 2.000000e+00
    endloop
  endfacet
  facet normal 0.000000e+00 0.000000e+00 1.000000e+00
    outer loop
      vertex   2.926393e+01 -3.014886e+01 2.000000e+00
      vertex   2.476777e+01 -3.073223e+01 2.000000e+00
      vertex   2.884582e+01 -3.087305e+01 2.000000e+00
    endloop
  endfacet
  facet normal 0.000000e+00 0.000000e+00 1.000000e+00
    outer loop
      vertex   2.884582e+01 -3.087305e+01 2.000000e+00
      vertex   2.476777e+01 -3.073223e+01 2.000000e+00
      vertex   2.516506e+01 -3.125000e+01 2.000000e+00
    endloop
  endfacet
  facet normal 0.000000e+00 0.000000e+00 1.000000e+00
    outer loop
      vertex   2.884582e+01 -3.087305e+01 2.000000e+00
      vertex   2.516506e+01 -3.125000e+01 2.000000e+00
      vertex   2.858741e+01 -3.166835e+01 2.000000e+00
    endloop
  endfacet
  facet normal 0.000000e+00 0.000000e+00 1.000000e+00
    outer loop
      vertex   2.858741e+01 -3.166835e+01 2.000000e+00
      vertex   2.516506e+01 -3.125000e+01 2.000000e+00
      vertex   2.541481e+01 -3.185295e+01 2.000000e+00
    endloop
  endfacet
  facet normal 0.000000e+00 0.000000e+00 1.000000e+00
    outer loop
      vertex   2.858741e+01 -3.166835e+01 2.000000e+00
      vertex   2.541481e+01 -3.185295e+01 2.000000e+00
      vertex   2.850000e+01 -3.250000e+01 2.000000e+00
    endloop
  endfacet
  facet normal 0.000000e+00 0.000000e+00 1.000000e+00
    outer loop
      vertex   -2.175000e+01 3.033494e+01 2.000000e+00
      vertex   -2.235295e+01 3.008519e+01 2.000000e+00
      vertex   -2.175000e+01 -3.033494e+01 2.000000e+00
    endloop
  endfacet
  facet normal 0.000000e+00 0.000000e+00 1.000000e+00
    outer loop
      vertex   -2.175000e+01 -3.033494e+01 2.000000e+00
      vertex   -2.235295e+01 3.008519e+01 2.000000e+00
      vertex   -2.235295e+01 -3.008519e+01 2.000000e+00
    endloop
  endfacet
  facet normal 0.000000e+00 -0.000000e+00 1.000000e+00
    outer loop
      vertex   -2.235295e+01 -3.008519e+01 2.000000e+00
      vertex   -2.235295e+01 3.008519e+01 2.000000e+00
      vertex   -2.300000e+01 3.000000e+01 2.000000e+00
    endloop
  endfacet
  facet normal 0.000000e+00 0.000000e+00 1.000000e+00
    outer loop
      vertex   -2.235295e+01 -3.008519e+01 2.000000e+00
      vertex   -2.300000e+01 3.000000e+01 2.000000e+00
      vertex   -2.300000e+01 -3.000000e+01 2.000000e+00
    endloop
  endfacet
  facet normal 0.000000e+00 -0.000000e+00 1.000000e+00
    outer loop
      vertex   -2.300000e+01 -3.000000e+01 2.000000e+00
      vertex   -2.300000e+01 3.000000e+01 2.000000e+00
      vertex   -3.126393e+01 2.869577e+01 2.000000e+00
    endloop
  endfacet
  facet normal 0.000000e+00 0.000000e+00 1.000000e+00
    outer loop
      vertex   -2.300000e+01 -3.000000e+01 2.000000e+00
      vertex   -3.126393e+01 2.869577e+01 2.000000e+00
      vertex   -3.126393e+01 -2.869577e+01 2.000000e+00
    endloop
  endfacet
  facet normal 0.000000e+00 -0.000000e+00 1.000000e+00
    outer loop
      vertex   -3.126393e+01 -2.869577e+01 2.000000e+00
      vertex   -3.126393e+01 2.869577e+01 2.000000e+00
      vertex   -3.208189e+01 2.852191e+01 2.000000e+00
    endloop
  endfacet
  facet normal 0.000000e+00 0.000000e+00 1.000000e+00
    outer loop
      vertex   -3.126393e+01 -2.869577e+01 2.000000e+00
      vertex   -3.208189e+01 2.852191e+01 2.000000e+00
      vertex   -3.208189e+01 -2.852191e+01 2.000000e+00
    endloop
  endfacet
  facet normal 0.000000e+00 -0.000000e+00 1.000000e+00
    outer loop
      vertex   -3.208189e+01 -2.852191e+01 2.000000e+00
      vertex   -3.208189e+01 2.852191e+01 2.000000e+00
      vertex   -3.291811e+01 2.852191e+01 2.000000e+00
    endloop
  endfacet
  facet normal 0.000000e+00 0.000000e+00 1.000000e+00
    outer loop
      vertex   -3.208189e+01 -2.852191e+01 2.000000e+00
      vertex   -3.291811e+01 2.852191e+01 2.000000e+00
      vertex   -3.291811e+01 -2.852191e+01 2.000000e+00
    endloop
  endfacet
  facet normal 0.000000e+00 -0.000000e+00 1.000000e+00
    outer loop
      vertex   -3.291811e+01 -2.852191e+01 2.000000e+00
      vertex   -3.291811e+01 2.852191e+01 2.000000e+00
      vertex   -3.373607e+01 -2.869577e+01 2.000000e+00
    endloop
  endfacet
  facet normal 0.000000e+00 0.000000e+00 1.000000e+00
    outer loop
      vertex   -3.373607e+01 -2.869577e+01 2.000000e+00
      vertex   -3.291811e+01 2.852191e+01 2.000000e+00
      vertex   -3.373607e+01 2.869577e+01 2.000000e+00
    endloop
  endfacet
  facet normal 0.000000e+00 -0.000000e+00 1.000000e+00
    outer loop
      vertex   -3.373607e+01 -2.869577e+01 2.000000e+00
      vertex   -3.373607e+01 2.869577e+01 2.000000e+00
      vertex   -3.450000e+01 -2.903590e+01 2.000000e+00
    endloop
  endfacet
  facet normal 0.000000e+00 0.000000e+00 1.000000e+00
    outer loop
      vertex   -3.450000e+01 -2.903590e+01 2.000000e+00
      vertex   -3.373607e+01 2.869577e+01 2.000000e+00
      vertex   -3.450000e+01 2.903590e+01 2.000000e+00
    endloop
  endfacet
  facet normal 0.000000e+00 -0.000000e+00 1.000000e+00
    outer loop
      vertex   -3.450000e+01 -2.903590e+01 2.000000e+00
      vertex   -3.450000e+01 2.903590e+01 2.000000e+00
      vertex   -3.517652e+01 -2.952742e+01 2.000000e+00
    endloop
  endfacet
  facet normal 0.000000e+00 0.000000e+00 1.000000e+00
    outer loop
      vertex   -3.517652e+01 -2.952742e+01 2.000000e+00
      vertex   -3.450000e+01 2.903590e+01 2.000000e+00
      vertex   -3.517652e+01 2.952742e+01 2.000000e+00
    endloop
  endfacet
  facet normal 0.000000e+00 -0.000000e+00 1.000000e+00
    outer loop
      vertex   -3.517652e+01 -2.952742e+01 2.000000e+00
      vertex   -3.517652e+01 2.952742e+01 2.000000e+00
      vertex   -3.573607e+01 -3.014886e+01 2.000000e+00
    endloop
  endfacet
  facet normal 0.000000e+00 -0.000000e+00 1.000000e+00
    outer loop
      vertex   -3.573607e+01 -3.014886e+01 2.000000e+00
      vertex   -3.517652e+01 2.952742e+01 2.000000e+00
      vertex   -3.573607e+01 3.014886e+01 2.000000e+00
    endloop
  endfacet
  facet normal 0.000000e+00 0.000000e+00 1.000000e+00
    outer loop
      vertex   -3.573607e+01 -3.014886e+01 2.000000e+00
      vertex   -3.573607e+01 3.014886e+01 2.000000e+00
      vertex   -3.615418e+01 -3.087305e+01 2.000000e+00
    endloop
  endfacet
  facet normal 0.000000e+00 -0.000000e+00 1.000000e+00
    outer loop
      vertex   -3.615418e+01 -3.087305e+01 2.000000e+00
      vertex   -3.573607e+01 3.014886e+01 2.000000e+00
      vertex   -3.615418e+01 3.087305e+01 2.000000e+00
    endloop
  endfacet
  facet normal 0.000000e+00 0.000000e+00 1.000000e+00
    outer loop
      vertex   -3.615418e+01 -3.087305e+01 2.000000e+00
      vertex   -3.615418e+01 3.087305e+01 2.000000e+00
      vertex   -3.641259e+01 3.166835e+01 2.000000e+00
    endloop
  endfacet
  facet normal 0.000000e+00 0.000000e+00 1.000000e+00
    outer loop
      vertex   -3.126393e+01 2.869577e+01 2.000000e+00
      vertex   -2.300000e+01 3.000000e+01 2.000000e+00
      vertex   -3.050000e+01 2.903590e+01 2.000000e+00
    endloop
  endfacet
  facet normal 0.000000e+00 0.000000e+00 1.000000e+00
    outer loop
      vertex   -3.050000e+01 2.903590e+01 2.000000e+00
      vertex   -2.300000e+01 3.000000e+01 2.000000e+00
      vertex   -2.364705e+01 3.008519e+01 2.000000e+00
    endloop
  endfacet
  facet normal 0.000000e+00 0.000000e+00 1.000000e+00
    outer loop
      vertex   -3.050000e+01 2.903590e+01 2.000000e+00
      vertex   -2.364705e+01 3.008519e+01 2.000000e+00
      vertex   -2.982348e+01 2.952742e+01 2.000000e+00
    endloop
  endfacet
  facet normal 0.000000e+00 0.000000e+00 1.000000e+00
    outer loop
      vertex   -2.982348e+01 2.952742e+01 2.000000e+00
      vertex   -2.364705e+01 3.008519e+01 2.000000e+00
      vertex   -2.425000e+01 3.033494e+01 2.000000e+00
    endloop
  endfacet
  facet normal 0.000000e+00 0.000000e+00 1.000000e+00
    outer loop
      vertex   -2.982348e+01 2.952742e+01 2.000000e+00
      vertex   -2.425000e+01 3.033494e+01 2.000000e+00
      vertex   -2.926393e+01 3.014886e+01 2.000000e+00
    endloop
  endfacet
  facet normal 0.000000e+00 0.000000e+00 1.000000e+00
    outer loop
      vertex   -2.926393e+01 3.014886e+01 2.000000e+00
      vertex   -2.425000e+01 3.033494e+01 2.000000e+00
      vertex   -2.476777e+01 3.073223e+01 2.000000e+00
    endloop
  endfacet
  facet normal 0.000000e+00 0.000000e+00 1.000000e+00
    outer loop
      vertex   -2.926393e+01 3.014886e+01 2.000000e+00
      vertex   -2.476777e+01 3.073223e+01 2.000000e+00
      vertex   -2.884582e+01 3.087305e+01 2.000000e+00
    endloop
  endfacet
  facet normal -0.000000e+00 0.000000e+00 1.000000e+00
    outer loop
      vertex   -2.884582e+01 3.087305e+01 2.000000e+00
      vertex   -2.476777e+01 3.073223e+01 2.000000e+00
      vertex   -2.516506e+01 3.125000e+01 2.000000e+00
    endloop
  endfacet
  facet normal 0.000000e+00 0.000000e+00 1.000000e+00
    outer loop
      vertex   -2.884582e+01 3.087305e+01 2.000000e+00
      vertex   -2.516506e+01 3.125000e+01 2.000000e+00
      vertex   -2.858741e+01 3.166835e+01 2.000000e+00
    endloop
  endfacet
  facet normal -0.000000e+00 0.000000e+00 1.000000e+00
    outer loop
      vertex   -2.858741e+01 3.166835e+01 2.000000e+00
      vertex   -2.516506e+01 3.125000e+01 2.000000e+00
      vertex   -2.541481e+01 3.185295e+01 2.000000e+00
    endloop
  endfacet
  facet normal 0.000000e+00 0.000000e+00 1.000000e+00
    outer loop
      vertex   -2.858741e+01 3.166835e+01 2.000000e+00
      vertex   -2.541481e+01 3.185295e+01 2.000000e+00
      vertex   -2.850000e+01 3.250000e+01 2.000000e+00
    endloop
  endfacet
  facet normal -0.000000e+00 0.000000e+00 1.000000e+00
    outer loop
      vertex   -2.850000e+01 3.250000e+01 2.000000e+00
      vertex   -2.541481e+01 3.185295e+01 2.000000e+00
      vertex   -2.550000e+01 3.250000e+01 2.000000e+00
    endloop
  endfacet
  facet normal 0.000000e+00 0.000000e+00 1.000000e+00
    outer loop
      vertex   -2.850000e+01 3.250000e+01 2.000000e+00
      vertex   -2.550000e+01 3.250000e+01 2.000000e+00
      vertex   -2.541481e+01 3.314705e+01 2.000000e+00
    endloop
  endfacet
  facet normal 0.000000e+00 -0.000000e+00 1.000000e+00
    outer loop
      vertex   -2.850000e+01 3.250000e+01 2.000000e+00
      vertex   -2.541481e+01 3.314705e+01 2.000000e+00
      vertex   -2.858741e+01 3.333165e+01 2.000000e+00
    endloop
  endfacet
  facet normal -0.000000e+00 0.000000e+00 1.000000e+00
    outer loop
      vertex   -2.858741e+01 3.333165e+01 2.000000e+00
      vertex   -2.541481e+01 3.314705e+01 2.000000e+00
      vertex   -2.516506e+01 3.375000e+01 2.000000e+00
    endloop
  endfacet
  facet normal 0.000000e+00 -0.000000e+00 1.000000e+00
    outer loop
      vertex   -2.858741e+01 3.333165e+01 2.000000e+00
      vertex   -2.516506e+01 3.375000e+01 2.000000e+00
      vertex   -2.884582e+01 3.412695e+01 2.000000e+00
    endloop
  endfacet
  facet normal -0.000000e+00 0.000000e+00 1.000000e+00
    outer loop
      vertex   -2.884582e+01 3.412695e+01 2.000000e+00
      vertex   -2.516506e+01 3.375000e+01 2.000000e+00
      vertex   -2.476777e+01 3.426777e+01 2.000000e+00
    endloop
  endfacet
  facet normal 0.000000e+00 -0.000000e+00 1.000000e+00
    outer loop
      vertex   -2.884582e+01 3.412695e+01 2.000000e+00
      vertex   -2.476777e+01 3.426777e+01 2.000000e+00
      vertex   -2.926393e+01 3.485114e+01 2.000000e+00
    endloop
  endfacet
  facet normal 0.000000e+00 0.000000e+00 1.000000e+00
    outer loop
      vertex   -2.926393e+01 3.485114e+01 2.000000e+00
      vertex   -2.476777e+01 3.426777e+01 2.000000e+00
      vertex   -2.425000e+01 3.466506e+01 2.000000e+00
    endloop
  endfacet
  facet normal -0.000000e+00 -0.000000e+00 1.000000e+00
    outer loop
      vertex   -2.926393e+01 3.485114e+01 2.000000e+00
      vertex   -2.425000e+01 3.466506e+01 2.000000e+00
      vertex   -2.982348e+01 3.547258e+01 2.000000e+00
    endloop
  endfacet
  facet normal 0.000000e+00 0.000000e+00 1.000000e+00
    outer loop
      vertex   -2.982348e+01 3.547258e+01 2.000000e+00
      vertex   -2.425000e+01 3.466506e+01 2.000000e+00
      vertex   -2.364705e+01 3.491481e+01 2.000000e+00
    endloop
  endfacet
  facet normal -0.000000e+00 -0.000000e+00 1.000000e+00
    outer loop
      vertex   -2.982348e+01 3.547258e+01 2.000000e+00
      vertex   -2.364705e+01 3.491481e+01 2.000000e+00
      vertex   -3.050000e+01 3.596410e+01 2.000000e+00
    endloop
  endfacet
  facet normal 0.000000e+00 0.000000e+00 1.000000e+00
    outer loop
      vertex   -3.050000e+01 3.596410e+01 2.000000e+00
      vertex   -2.364705e+01 3.491481e+01 2.000000e+00
      vertex   -2.300000e+01 3.500000e+01 2.000000e+00
    endloop
  endfacet
  facet normal -0.000000e+00 -0.000000e+00 1.000000e+00
    outer loop
      vertex   -3.050000e+01 3.596410e+01 2.000000e+00
      vertex   -2.300000e+01 3.500000e+01 2.000000e+00
      vertex   -3.126393e+01 3.630423e+01 2.000000e+00
    endloop
  endfacet
  facet normal -0.000000e+00 -0.000000e+00 1.000000e+00
    outer loop
      vertex   -3.126393e+01 3.630423e+01 2.000000e+00
      vertex   -2.300000e+01 3.500000e+01 2.000000e+00
      vertex   -3.900000e+01 3.900000e+01 2.000000e+00
    endloop
  endfacet
  facet normal 0.000000e+00 0.000000e+00 1.000000e+00
    outer loop
      vertex   -3.126393e+01 3.630423e+01 2.000000e+00
      vertex   -3.900000e+01 3.900000e+01 2.000000e+00
      vertex   -3.208189e+01 3.647809e+01 2.000000e+00
    endloop
  endfacet
  facet normal 0.000000e+00 0.000000e+00 1.000000e+00
    outer loop
      vertex   -3.208189e+01 3.647809e+01 2.000000e+00
      vertex   -3.900000e+01 3.900000e+01 2.000000e+00
      vertex   -3.291811e+01 3.647809e+01 2.000000e+00
    endloop
  endfacet
  facet normal 0.000000e+00 0.000000e+00 1.000000e+00
    outer loop
      vertex   -3.291811e+01 3.647809e+01 2.000000e+00
      vertex   -3.900000e+01 3.900000e+01 2.000000e+00
      vertex   -3.373607e+01 3.630423e+01 2.000000e+00
    endloop
  endfacet
  facet normal 0.000000e+00 0.000000e+00 1.000000e+00
    outer loop
      vertex   -3.373607e+01 3.630423e+01 2.000000e+00
      vertex   -3.900000e+01 3.900000e+01 2.000000e+00
      vertex   -3.450000e+01 3.596410e+01 2.000000e+00
    endloop
  endfacet
  facet normal 0.000000e+00 0.000000e+00 1.000000e+00
    outer loop
      vertex   -3.450000e+01 3.596410e+01 2.000000e+00
      vertex   -3.900000e+01 3.900000e+01 2.000000e+00
      vertex   -3.517652e+01 3.547258e+01 2.000000e+00
    endloop
  endfacet
  facet normal 0.000000e+00 0.000000e+00 1.000000e+00
    outer loop
      vertex   -3.517652e+01 3.547258e+01 2.000000e+00
      vertex   -3.900000e+01 3.900000e+01 2.000000e+00
      vertex   -3.573607e+01 3.485114e+01 2.000000e+00
    endloop
  endfacet
  facet normal 0.000000e+00 0.000000e+00 1.000000e+00
    outer loop
      vertex   -3.573607e+01 3.485114e+01 2.000000e+00
      vertex   -3.900000e+01 3.900000e+01 2.000000e+00
      vertex   -3.615418e+01 3.412695e+01 2.000000e+00
    endloop
  endfacet
  facet normal 0.000000e+00 0.000000e+00 1.000000e+00
    outer loop
      vertex   -3.615418e+01 3.412695e+01 2.000000e+00
      vertex   -3.900000e+01 3.900000e+01 2.000000e+00
      vertex   -3.641259e+01 3.333165e+01 2.000000e+00
    endloop
  endfacet
  facet normal 0.000000e+00 0.000000e+00 1.000000e+00
    outer loop
      vertex   -3.641259e+01 3.333165e+01 2.000000e+00
      vertex   -3.900000e+01 3.900000e+01 2.000000e+00
      vertex   -3.650000e+01 3.250000e+01 2.000000e+00
    endloop
  endfacet
  facet normal 0.000000e+00 0.000000e+00 1.000000e+00
    outer loop
      vertex   -3.650000e+01 3.250000e+01 2.000000e+00
      vertex   -3.900000e+01 3.900000e+01 2.000000e+00
      vertex   -3.641259e+01 3.166835e+01 2.000000e+00
    endloop
  endfacet
  facet normal 0.000000e+00 0.000000e+00 1.000000e+00
    outer loop
      vertex   -3.641259e+01 3.166835e+01 2.000000e+00
      vertex   -3.900000e+01 3.900000e+01 2.000000e+00
      vertex   -3.900000e+01 -3.900000e+01 2.000000e+00
    endloop
  endfacet
  facet normal 0.000000e+00 0.000000e+00 1.000000e+00
    outer loop
      vertex   -3.641259e+01 3.166835e+01 2.000000e+00
      vertex   -3.900000e+01 -3.900000e+01 2.000000e+00
      vertex   -3.641259e+01 -3.166835e+01 2.000000e+00
    endloop
  endfacet
  facet normal 0.000000e+00 0.000000e+00 1.000000e+00
    outer loop
      vertex   -3.641259e+01 -3.166835e+01 2.000000e+00
      vertex   -3.900000e+01 -3.900000e+01 2.000000e+00
      vertex   -3.650000e+01 -3.250000e+01 2.000000e+00
    endloop
  endfacet
  facet normal 0.000000e+00 0.000000e+00 1.000000e+00
    outer loop
      vertex   -3.650000e+01 -3.250000e+01 2.000000e+00
      vertex   -3.900000e+01 -3.900000e+01 2.000000e+00
      vertex   -3.641259e+01 -3.333165e+01 2.000000e+00
    endloop
  endfacet
  facet normal 0.000000e+00 0.000000e+00 1.000000e+00
    outer loop
      vertex   -3.641259e+01 -3.333165e+01 2.000000e+00
      vertex   -3.900000e+01 -3.900000e+01 2.000000e+00
      vertex   -3.615418e+01 -3.412695e+01 2.000000e+00
    endloop
  endfacet
  facet normal 0.000000e+00 0.000000e+00 1.000000e+00
    outer loop
      vertex   -3.615418e+01 -3.412695e+01 2.000000e+00
      vertex   -3.900000e+01 -3.900000e+01 2.000000e+00
      vertex   -3.573607e+01 -3.485114e+01 2.000000e+00
    endloop
  endfacet
  facet normal 0.000000e+00 0.000000e+00 1.000000e+00
    outer loop
      vertex   -3.573607e+01 -3.485114e+01 2.000000e+00
      vertex   -3.900000e+01 -3.900000e+01 2.000000e+00
      vertex   -3.517652e+01 -3.547258e+01 2.000000e+00
    endloop
  endfacet
  facet normal 0.000000e+00 0.000000e+00 1.000000e+00
    outer loop
      vertex   -3.517652e+01 -3.547258e+01 2.000000e+00
      vertex   -3.900000e+01 -3.900000e+01 2.000000e+00
      vertex   -3.450000e+01 -3.596410e+01 2.000000e+00
    endloop
  endfacet
  facet normal 0.000000e+00 0.000000e+00 1.000000e+00
    outer loop
      vertex   -3.450000e+01 -3.596410e+01 2.000000e+00
      vertex   -3.900000e+01 -3.900000e+01 2.000000e+00
      vertex   -3.373607e+01 -3.630423e+01 2.000000e+00
    endloop
  endfacet
  facet normal 0.000000e+00 0.000000e+00 1.000000e+00
    outer loop
      vertex   -3.373607e+01 -3.630423e+01 2.000000e+00
      vertex   -3.900000e+01 -3.900000e+01 2.000000e+00
      vertex   -3.291811e+01 -3.647809e+01 2.000000e+00
    endloop
  endfacet
  facet normal -0.000000e+00 0.000000e+00 1.000000e+00
    outer loop
      vertex   -3.291811e+01 -3.647809e+01 2.000000e+00
      vertex   -3.900000e+01 -3.900000e+01 2.000000e+00
      vertex   -3.208189e+01 -3.647809e+01 2.000000e+00
    endloop
  endfacet
  facet normal -0.000000e+00 0.000000e+00 1.000000e+00
    outer loop
      vertex   -3.208189e+01 -3.647809e+01 2.000000e+00
      vertex   -3.900000e+01 -3.900000e+01 2.000000e+00
      vertex   -3.126393e+01 -3.630423e+01 2.000000e+00
    endloop
  endfacet
  facet normal -0.000000e+00 -0.000000e+00 1.000000e+00
    outer loop
      vertex   -2.300000e+01 3.500000e+01 2.000000e+00
      vertex   -2.235295e+01 3.491481e+01 2.000000e+00
      vertex   -3.900000e+01 3.900000e+01 2.000000e+00
    endloop
  endfacet
  facet normal -0.000000e+00 0.000000e+00 1.000000e+00
    outer loop
      vertex   3.641259e+01 3.333165e+01 2.000000e+00
      vertex   3.650000e+01 3.250000e+01 2.000000e+00
      vertex   3.900000e+01 3.900000e+01 2.000000e+00
    endloop
  endfacet
  facet normal 0.000000e+00 0.000000e+00 1.000000e+00
    outer loop
      vertex   3.900000e+01 3.900000e+01 2.000000e+00
      vertex   3.650000e+01 3.250000e+01 2.000000e+00
      vertex   3.641259e+01 3.166835e+01 2.000000e+00
    endloop
  endfacet
  facet normal 0.000000e+00 0.000000e+00 1.000000e+00
    outer loop
      vertex   3.900000e+01 3.900000e+01 2.000000e+00
      vertex   3.641259e+01 3.166835e+01 2.000000e+00
      vertex   3.900000e+01 -3.900000e+01 2.000000e+00
    endloop
  endfacet
  facet normal 0.000000e+00 0.000000e+00 1.000000e+00
    outer loop
      vertex   3.615418e+01 -3.087305e+01 2.000000e+00
      vertex   3.573607e+01 3.014886e+01 2.000000e+00
      vertex   3.573607e+01 -3.014886e+01 2.000000e+00
    endloop
  endfacet
  facet normal 0.000000e+00 0.000000e+00 1.000000e+00
    outer loop
      vertex   3.573607e+01 -3.014886e+01 2.000000e+00
      vertex   3.573607e+01 3.014886e+01 2.000000e+00
      vertex   3.517652e+01 2.952742e+01 2.000000e+00
    endloop
  endfacet
  facet normal 0.000000e+00 0.000000e+00 1.000000e+00
    outer loop
      vertex   3.573607e+01 -3.014886e+01 2.000000e+00
      vertex   3.517652e+01 2.952742e+01 2.000000e+00
      vertex   3.517652e+01 -2.952742e+01 2.000000e+00
    endloop
  endfacet
  facet normal 0.000000e+00 -0.000000e+00 1.000000e+00
    outer loop
      vertex   3.517652e+01 -2.952742e+01 2.000000e+00
      vertex   3.517652e+01 2.952742e+01 2.000000e+00
      vertex   3.450000e+01 2.903590e+01 2.000000e+00
    endloop
  endfacet
  facet normal 0.000000e+00 0.000000e+00 1.000000e+00
    outer loop
      vertex   3.517652e+01 -2.952742e+01 2.000000e+00
      vertex   3.450000e+01 2.903590e+01 2.000000e+00
      vertex   3.450000e+01 -2.903590e+01 2.000000e+00
    endloop
  endfacet
  facet normal 0.000000e+00 -0.000000e+00 1.000000e+00
    outer loop
      vertex   3.450000e+01 -2.903590e+01 2.000000e+00
      vertex   3.450000e+01 2.903590e+01 2.000000e+00
      vertex   3.373607e+01 2.869577e+01 2.000000e+00
    endloop
  endfacet
  facet normal 0.000000e+00 0.000000e+00 1.000000e+00
    outer loop
      vertex   3.450000e+01 -2.903590e+01 2.000000e+00
      vertex   3.373607e+01 2.869577e+01 2.000000e+00
      vertex   3.373607e+01 -2.869577e+01 2.000000e+00
    endloop
  endfacet
  facet normal 0.000000e+00 -0.000000e+00 1.000000e+00
    outer loop
      vertex   3.373607e+01 -2.869577e+01 2.000000e+00
      vertex   3.373607e+01 2.869577e+01 2.000000e+00
      vertex   3.291811e+01 2.852191e+01 2.000000e+00
    endloop
  endfacet
  facet normal 0.000000e+00 0.000000e+00 1.000000e+00
    outer loop
      vertex   3.373607e+01 -2.869577e+01 2.000000e+00
      vertex   3.291811e+01 2.852191e+01 2.000000e+00
      vertex   3.291811e+01 -2.852191e+01 2.000000e+00
    endloop
  endfacet
  facet normal 0.000000e+00 -0.000000e+00 1.000000e+00
    outer loop
      vertex   3.291811e+01 -2.852191e+01 2.000000e+00
      vertex   3.291811e+01 2.852191e+01 2.000000e+00
      vertex   3.208189e+01 2.852191e+01 2.000000e+00
    endloop
  endfacet
  facet normal 0.000000e+00 0.000000e+00 1.000000e+00
    outer loop
      vertex   3.291811e+01 -2.852191e+01 2.000000e+00
      vertex   3.208189e+01 2.852191e+01 2.000000e+00
      vertex   3.208189e+01 -2.852191e+01 2.000000e+00
    endloop
  endfacet
  facet normal 0.000000e+00 -0.000000e+00 1.000000e+00
    outer loop
      vertex   3.208189e+01 -2.852191e+01 2.000000e+00
      vertex   3.208189e+01 2.852191e+01 2.000000e+00
      vertex   3.126393e+01 -2.869577e+01 2.000000e+00
    endloop
  endfacet
  facet normal 0.000000e+00 0.000000e+00 1.000000e+00
    outer loop
      vertex   3.126393e+01 -2.869577e+01 2.000000e+00
      vertex   3.208189e+01 2.852191e+01 2.000000e+00
      vertex   3.126393e+01 2.869577e+01 2.000000e+00
    endloop
  endfacet
  facet normal -0.000000e+00 0.000000e+00 1.000000e+00
    outer loop
      vertex   2.300000e+01 3.000000e+01 2.000000e+00
      vertex   3.050000e+01 2.903590e+01 2.000000e+00
      vertex   2.364705e+01 3.008519e+01 2.000000e+00
    endloop
  endfacet
  facet normal 0.000000e+00 0.000000e+00 1.000000e+00
    outer loop
      vertex   2.364705e+01 3.008519e+01 2.000000e+00
      vertex   3.050000e+01 2.903590e+01 2.000000e+00
      vertex   2.982348e+01 2.952742e+01 2.000000e+00
    endloop
  endfacet
  facet normal -0.000000e+00 0.000000e+00 1.000000e+00
    outer loop
      vertex   2.364705e+01 3.008519e+01 2.000000e+00
      vertex   2.982348e+01 2.952742e+01 2.000000e+00
      vertex   2.425000e+01 3.033494e+01 2.000000e+00
    endloop
  endfacet
  facet normal 0.000000e+00 0.000000e+00 1.000000e+00
    outer loop
      vertex   2.425000e+01 3.033494e+01 2.000000e+00
      vertex   2.982348e+01 2.952742e+01 2.000000e+00
      vertex   2.926393e+01 3.014886e+01 2.000000e+00
    endloop
  endfacet
  facet normal -0.000000e+00 0.000000e+00 1.000000e+00
    outer loop
      vertex   2.425000e+01 3.033494e+01 2.000000e+00
      vertex   2.926393e+01 3.014886e+01 2.000000e+00
      vertex   2.476777e+01 3.073223e+01 2.000000e+00
    endloop
  endfacet
  facet normal -0.000000e+00 0.000000e+00 1.000000e+00
    outer loop
      vertex   2.476777e+01 3.073223e+01 2.000000e+00
      vertex   2.926393e+01 3.014886e+01 2.000000e+00
      vertex   2.884582e+01 3.087305e+01 2.000000e+00
    endloop
  endfacet
  facet normal 0.000000e+00 0.000000e+00 1.000000e+00
    outer loop
      vertex   2.476777e+01 3.073223e+01 2.000000e+00
      vertex   2.884582e+01 3.087305e+01 2.000000e+00
      vertex   2.516506e+01 3.125000e+01 2.000000e+00
    endloop
  endfacet
  facet normal -0.000000e+00 0.000000e+00 1.000000e+00
    outer loop
      vertex   2.516506e+01 3.125000e+01 2.000000e+00
      vertex   2.884582e+01 3.087305e+01 2.000000e+00
      vertex   2.858741e+01 3.166835e+01 2.000000e+00
    endloop
  endfacet
  facet normal 0.000000e+00 0.000000e+00 1.000000e+00
    outer loop
      vertex   2.516506e+01 3.125000e+01 2.000000e+00
      vertex   2.858741e+01 3.166835e+01 2.000000e+00
      vertex   2.541481e+01 3.185295e+01 2.000000e+00
    endloop
  endfacet
  facet normal -0.000000e+00 0.000000e+00 1.000000e+00
    outer loop
      vertex   2.541481e+01 3.185295e+01 2.000000e+00
      vertex   2.858741e+01 3.166835e+01 2.000000e+00
      vertex   2.850000e+01 3.250000e+01 2.000000e+00
    endloop
  endfacet
  facet normal 0.000000e+00 0.000000e+00 1.000000e+00
    outer loop
      vertex   3.126393e+01 3.630423e+01 2.000000e+00
      vertex   3.208189e+01 3.647809e+01 2.000000e+00
      vertex   3.900000e+01 3.900000e+01 2.000000e+00
    endloop
  endfacet
  facet normal 0.000000e+00 0.000000e+00 1.000000e+00
    outer loop
      vertex   3.900000e+01 3.900000e+01 2.000000e+00
      vertex   3.208189e+01 3.647809e+01 2.000000e+00
      vertex   3.291811e+01 3.647809e+01 2.000000e+00
    endloop
  endfacet
  facet normal 0.000000e+00 0.000000e+00 1.000000e+00
    outer loop
      vertex   3.900000e+01 3.900000e+01 2.000000e+00
      vertex   3.291811e+01 3.647809e+01 2.000000e+00
      vertex   3.373607e+01 3.630423e+01 2.000000e+00
    endloop
  endfacet
  facet normal -0.000000e+00 0.000000e+00 1.000000e+00
    outer loop
      vertex   3.373607e+01 3.630423e+01 2.000000e+00
      vertex   3.450000e+01 3.596410e+01 2.000000e+00
      vertex   3.900000e+01 3.900000e+01 2.000000e+00
    endloop
  endfacet
  facet normal 0.000000e+00 0.000000e+00 1.000000e+00
    outer loop
      vertex   3.900000e+01 3.900000e+01 2.000000e+00
      vertex   3.450000e+01 3.596410e+01 2.000000e+00
      vertex   3.517652e+01 3.547258e+01 2.000000e+00
    endloop
  endfacet
  facet normal 0.000000e+00 0.000000e+00 1.000000e+00
    outer loop
      vertex   3.900000e+01 3.900000e+01 2.000000e+00
      vertex   3.517652e+01 3.547258e+01 2.000000e+00
      vertex   3.573607e+01 3.485114e+01 2.000000e+00
    endloop
  endfacet
  facet normal -0.000000e+00 0.000000e+00 1.000000e+00
    outer loop
      vertex   3.573607e+01 3.485114e+01 2.000000e+00
      vertex   3.615418e+01 3.412695e+01 2.000000e+00
      vertex   3.900000e+01 3.900000e+01 2.000000e+00
    endloop
  endfacet
  facet normal 0.000000e+00 0.000000e+00 1.000000e+00
    outer loop
      vertex   3.900000e+01 3.900000e+01 2.000000e+00
      vertex   3.615418e+01 3.412695e+01 2.000000e+00
      vertex   3.641259e+01 3.333165e+01 2.000000e+00
    endloop
  endfacet
  facet normal 0.000000e+00 0.000000e+00 1.000000e+00
    outer loop
      vertex   -3.641259e+01 -3.166835e+01 2.000000e+00
      vertex   -3.615418e+01 -3.087305e+01 2.000000e+00
      vertex   -3.641259e+01 3.166835e+01 2.000000e+00
    endloop
  endfacet
  facet normal 0.000000e+00 0.000000e+00 1.000000e+00
    outer loop
      vertex   -3.126393e+01 -2.869577e+01 2.000000e+00
      vertex   -3.050000e+01 -2.903590e+01 2.000000e+00
      vertex   -2.300000e+01 -3.000000e+01 2.000000e+00
    endloop
  endfacet
  facet normal 0.000000e+00 0.000000e+00 1.000000e+00
    outer loop
      vertex   -2.300000e+01 -3.000000e+01 2.000000e+00
      vertex   -3.050000e+01 -2.903590e+01 2.000000e+00
      vertex   -2.364705e+01 -3.008519e+01 2.000000e+00
    endloop
  endfacet
  facet normal 0.000000e+00 0.000000e+00 1.000000e+00
    outer loop
      vertex   -2.364705e+01 -3.008519e+01 2.000000e+00
      vertex   -3.050000e+01 -2.903590e+01 2.000000e+00
      vertex   -2.982348e+01 -2.952742e+01 2.000000e+00
    endloop
  endfacet
  facet normal 0.000000e+00 0.000000e+00 1.000000e+00
    outer loop
      vertex   -2.364705e+01 -3.008519e+01 2.000000e+00
      vertex   -2.982348e+01 -2.952742e+01 2.000000e+00
      vertex   -2.425000e+01 -3.033494e+01 2.000000e+00
    endloop
  endfacet
  facet normal 0.000000e+00 0.000000e+00 1.000000e+00
    outer loop
      vertex   -2.425000e+01 -3.033494e+01 2.000000e+00
      vertex   -2.982348e+01 -2.952742e+01 2.000000e+00
      vertex   -2.926393e+01 -3.014886e+01 2.000000e+00
    endloop
  endfacet
  facet normal 0.000000e+00 0.000000e+00 1.000000e+00
    outer loop
      vertex   -2.425000e+01 -3.033494e+01 2.000000e+00
      vertex   -2.926393e+01 -3.014886e+01 2.000000e+00
      vertex   -2.476777e+01 -3.073223e+01 2.000000e+00
    endloop
  endfacet
  facet normal 0.000000e+00 0.000000e+00 1.000000e+00
    outer loop
      vertex   -2.476777e+01 -3.073223e+01 2.000000e+00
      vertex   -2.926393e+01 -3.014886e+01 2.000000e+00
      vertex   -2.884582e+01 -3.087305e+01 2.000000e+00
    endloop
  endfacet
  facet normal 0.000000e+00 0.000000e+00 1.000000e+00
    outer loop
      vertex   -2.476777e+01 -3.073223e+01 2.000000e+00
      vertex   -2.884582e+01 -3.087305e+01 2.000000e+00
      vertex   -2.516506e+01 -3.125000e+01 2.000000e+00
    endloop
  endfacet
  facet normal 0.000000e+00 0.000000e+00 1.000000e+00
    outer loop
      vertex   -2.516506e+01 -3.125000e+01 2.000000e+00
      vertex   -2.884582e+01 -3.087305e+01 2.000000e+00
      vertex   -2.858741e+01 -3.166835e+01 2.000000e+00
    endloop
  endfacet
  facet normal 0.000000e+00 0.000000e+00 1.000000e+00
    outer loop
      vertex   -2.516506e+01 -3.125000e+01 2.000000e+00
      vertex   -2.858741e+01 -3.166835e+01 2.000000e+00
      vertex   -2.541481e+01 -3.185295e+01 2.000000e+00
    endloop
  endfacet
  facet normal 0.000000e+00 0.000000e+00 1.000000e+00
    outer loop
      vertex   -2.541481e+01 -3.185295e+01 2.000000e+00
      vertex   -2.858741e+01 -3.166835e+01 2.000000e+00
      vertex   -2.850000e+01 -3.250000e+01 2.000000e+00
    endloop
  endfacet
  facet normal 0.000000e+00 0.000000e+00 1.000000e+00
    outer loop
      vertex   2.300000e+01 3.000000e+01 2.000000e+00
      vertex   2.235295e+01 3.008519e+01 2.000000e+00
      vertex   2.300000e+01 -3.000000e+01 2.000000e+00
    endloop
  endfacet
  facet normal -9.914449e-01 -1.305262e-01 -0.000000e+00
    outer loop
      vertex   -3.056815e+01 3.301764e+01 1.200000e+01
      vertex   -3.056815e+01 3.301764e+01 2.000000e+00
      vertex   -3.050000e+01 3.250000e+01 1.200000e+01
    endloop
  endfacet
  facet normal -9.914449e-01 -1.305262e-01 -0.000000e+00
    outer loop
      vertex   -3.050000e+01 3.250000e+01 1.200000e+01
      vertex   -3.056815e+01 3.301764e+01 2.000000e+00
      vertex   -3.050000e+01 3.250000e+01 2.000000e+00
    endloop
  endfacet
  facet normal -9.914449e-01 1.305262e-01 0.000000e+00
    outer loop
      vertex   -3.050000e+01 3.250000e+01 1.200000e+01
      vertex   -3.050000e+01 3.250000e+01 2.000000e+00
      vertex   -3.056815e+01 3.198236e+01 1.200000e+01
    endloop
  endfacet
  facet normal -9.914449e-01 1.305262e-01 0.000000e+00
    outer loop
      vertex   -3.056815e+01 3.198236e+01 1.200000e+01
      vertex   -3.050000e+01 3.250000e+01 2.000000e+00
      vertex   -3.056815e+01 3.198236e+01 2.000000e+00
    endloop
  endfacet
  facet normal -9.238795e-01 3.826834e-01 0.000000e+00
    outer loop
      vertex   -3.056815e+01 3.198236e+01 1.200000e+01
      vertex   -3.056815e+01 3.198236e+01 2.000000e+00
      vertex   -3.076795e+01 3.150000e+01 1.200000e+01
    endloop
  endfacet
  facet normal -9.238795e-01 3.826834e-01 -1.359565e-16
    outer loop
      vertex   -3.076795e+01 3.150000e+01 1.200000e+01
      vertex   -3.056815e+01 3.198236e+01 2.000000e+00
      vertex   -3.076795e+01 3.150000e+01 2.000000e+00
    endloop
  endfacet
  facet normal -7.933533e-01 6.087614e-01 -2.162755e-16
    outer loop
      vertex   -3.076795e+01 3.150000e+01 1.200000e+01
      vertex   -3.076795e+01 3.150000e+01 2.000000e+00
      vertex   -3.108579e+01 3.108579e+01 1.200000e+01
    endloop
  endfacet
  facet normal -7.933533e-01 6.087614e-01 0.000000e+00
    outer loop
      vertex   -3.108579e+01 3.108579e+01 1.200000e+01
      vertex   -3.076795e+01 3.150000e+01 2.000000e+00
      vertex   -3.108579e+01 3.108579e+01 2.000000e+00
    endloop
  endfacet
  facet normal -6.087614e-01 7.933533e-01 0.000000e+00
    outer loop
      vertex   -3.108579e+01 3.108579e+01 1.200000e+01
      vertex   -3.108579e+01 3.108579e+01 2.000000e+00
      vertex   -3.150000e+01 3.076795e+01 1.200000e+01
    endloop
  endfacet
  facet normal -6.087614e-01 7.933533e-01 2.162755e-16
    outer loop
      vertex   -3.150000e+01 3.076795e+01 1.200000e+01
      vertex   -3.108579e+01 3.108579e+01 2.000000e+00
      vertex   -3.150000e+01 3.076795e+01 2.000000e+00
    endloop
  endfacet
  facet normal -3.826834e-01 9.238795e-01 1.359565e-16
    outer loop
      vertex   -3.150000e+01 3.076795e+01 1.200000e+01
      vertex   -3.150000e+01 3.076795e+01 2.000000e+00
      vertex   -3.198236e+01 3.056815e+01 1.200000e+01
    endloop
  endfacet
  facet normal -3.826834e-01 9.238795e-01 0.000000e+00
    outer loop
      vertex   -3.198236e+01 3.056815e+01 1.200000e+01
      vertex   -3.150000e+01 3.076795e+01 2.000000e+00
      vertex   -3.198236e+01 3.056815e+01 2.000000e+00
    endloop
  endfacet
  facet normal -1.305262e-01 9.914449e-01 0.000000e+00
    outer loop
      vertex   -3.198236e+01 3.056815e+01 1.200000e+01
      vertex   -3.198236e+01 3.056815e+01 2.000000e+00
      vertex   -3.250000e+01 3.050000e+01 1.200000e+01
    endloop
  endfacet
  facet normal -1.305262e-01 9.914449e-01 0.000000e+00
    outer loop
      vertex   -3.250000e+01 3.050000e+01 1.200000e+01
      vertex   -3.198236e+01 3.056815e+01 2.000000e+00
      vertex   -3.250000e+01 3.050000e+01 2.000000e+00
    endloop
  endfacet
  facet normal 1.305262e-01 9.914449e-01 0.000000e+00
    outer loop
      vertex   -3.250000e+01 3.050000e+01 1.200000e+01
      vertex   -3.250000e+01 3.050000e+01 2.000000e+00
      vertex   -3.301764e+01 3.056815e+01 1.200000e+01
    endloop
  endfacet
  facet normal 1.305262e-01 9.914449e-01 0.000000e+00
    outer loop
      vertex   -3.301764e+01 3.056815e+01 1.200000e+01
      vertex   -3.250000e+01 3.050000e+01 2.000000e+00
      vertex   -3.301764e+01 3.056815e+01 2.000000e+00
    endloop
  endfacet
  facet normal 3.826834e-01 9.238795e-01 0.000000e+00
    outer loop
      vertex   -3.301764e+01 3.056815e+01 1.200000e+01
      vertex   -3.301764e+01 3.056815e+01 2.000000e+00
      vertex   -3.350000e+01 3.076795e+01 1.200000e+01
    endloop
  endfacet
  facet normal 3.826834e-01 9.238795e-01 0.000000e+00
    outer loop
      vertex   -3.350000e+01 3.076795e+01 1.200000e+01
      vertex   -3.301764e+01 3.056815e+01 2.000000e+00
      vertex   -3.350000e+01 3.076795e+01 2.000000e+00
    endloop
  endfacet
  facet normal 6.087614e-01 7.933533e-01 0.000000e+00
    outer loop
      vertex   -3.350000e+01 3.076795e+01 1.200000e+01
      vertex   -3.350000e+01 3.076795e+01 2.000000e+00
      vertex   -3.391421e+01 3.108579e+01 1.200000e+01
    endloop
  endfacet
  facet normal 6.087614e-01 7.933533e-01 0.000000e+00
    outer loop
      vertex   -3.391421e+01 3.108579e+01 1.200000e+01
      vertex   -3.350000e+01 3.076795e+01 2.000000e+00
      vertex   -3.391421e+01 3.108579e+01 2.000000e+00
    endloop
  endfacet
  facet normal 7.933533e-01 6.087614e-01 0.000000e+00
    outer loop
      vertex   -3.391421e+01 3.108579e+01 1.200000e+01
      vertex   -3.391421e+01 3.108579e+01 2.000000e+00
      vertex   -3.423205e+01 3.150000e+01 1.200000e+01
    endloop
  endfacet
  facet normal 7.933533e-01 6.087614e-01 2.162755e-16
    outer loop
      vertex   -3.423205e+01 3.150000e+01 1.200000e+01
      vertex   -3.391421e+01 3.108579e+01 2.000000e+00
      vertex   -3.423205e+01 3.150000e+01 2.000000e+00
    endloop
  endfacet
  facet normal 9.238795e-01 3.826834e-01 1.359565e-16
    outer loop
      vertex   -3.423205e+01 3.150000e+01 1.200000e+01
      vertex   -3.423205e+01 3.150000e+01 2.000000e+00
      vertex   -3.443185e+01 3.198236e+01 1.200000e+01
    endloop
  endfacet
  facet normal 9.238795e-01 3.826834e-01 0.000000e+00
    outer loop
      vertex   -3.443185e+01 3.198236e+01 1.200000e+01
      vertex   -3.423205e+01 3.150000e+01 2.000000e+00
      vertex   -3.443185e+01 3.198236e+01 2.000000e+00
    endloop
  endfacet
  facet normal 9.914449e-01 1.305262e-01 0.000000e+00
    outer loop
      vertex   -3.443185e+01 3.198236e+01 1.200000e+01
      vertex   -3.443185e+01 3.198236e+01 2.000000e+00
      vertex   -3.450000e+01 3.250000e+01 1.200000e+01
    endloop
  endfacet
  facet normal 9.914449e-01 1.305262e-01 0.000000e+00
    outer loop
      vertex   -3.450000e+01 3.250000e+01 1.200000e+01
      vertex   -3.443185e+01 3.198236e+01 2.000000e+00
      vertex   -3.450000e+01 3.250000e+01 2.000000e+00
    endloop
  endfacet
  facet normal 9.914449e-01 -1.305262e-01 0.000000e+00
    outer loop
      vertex   -3.450000e+01 3.250000e+01 1.200000e+01
      vertex   -3.450000e+01 3.250000e+01 2.000000e+00
      vertex   -3.443185e+01 3.301764e+01 1.200000e+01
    endloop
  endfacet
  facet normal 9.914449e-01 -1.305262e-01 0.000000e+00
    outer loop
      vertex   -3.443185e+01 3.301764e+01 1.200000e+01
      vertex   -3.450000e+01 3.250000e+01 2.000000e+00
      vertex   -3.443185e+01 3.301764e+01 2.000000e+00
    endloop
  endfacet
  facet normal 9.238795e-01 -3.826834e-01 0.000000e+00
    outer loop
      vertex   -3.443185e+01 3.301764e+01 1.200000e+01
      vertex   -3.443185e+01 3.301764e+01 2.000000e+00
      vertex   -3.423205e+01 3.350000e+01 1.200000e+01
    endloop
  endfacet
  facet normal 9.238795e-01 -3.826834e-01 0.000000e+00
    outer loop
      vertex   -3.423205e+01 3.350000e+01 1.200000e+01
      vertex   -3.443185e+01 3.301764e+01 2.000000e+00
      vertex   -3.423205e+01 3.350000e+01 2.000000e+00
    endloop
  endfacet
  facet normal 7.933533e-01 -6.087614e-01 0.000000e+00
    outer loop
      vertex   -3.423205e+01 3.350000e+01 1.200000e+01
      vertex   -3.423205e+01 3.350000e+01 2.000000e+00
      vertex   -3.391421e+01 3.391421e+01 1.200000e+01
    endloop
  endfacet
  facet normal 7.933533e-01 -6.087614e-01 0.000000e+00
    outer loop
      vertex   -3.391421e+01 3.391421e+01 1.200000e+01
      vertex   -3.423205e+01 3.350000e+01 2.000000e+00
      vertex   -3.391421e+01 3.391421e+01 2.000000e+00
    endloop
  endfacet
  facet normal 6.087614e-01 -7.933533e-01 0.000000e+00
    outer loop
      vertex   -3.391421e+01 3.391421e+01 1.200000e+01
      vertex   -3.391421e+01 3.391421e+01 2.000000e+00
      vertex   -3.350000e+01 3.423205e+01 1.200000e+01
    endloop
  endfacet
  facet normal 6.087614e-01 -7.933533e-01 0.000000e+00
    outer loop
      vertex   -3.350000e+01 3.423205e+01 1.200000e+01
      vertex   -3.391421e+01 3.391421e+01 2.000000e+00
      vertex   -3.350000e+01 3.423205e+01 2.000000e+00
    endloop
  endfacet
  facet normal 3.826834e-01 -9.238795e-01 0.000000e+00
    outer loop
      vertex   -3.350000e+01 3.423205e+01 1.200000e+01
      vertex   -3.350000e+01 3.423205e+01 2.000000e+00
      vertex   -3.301764e+01 3.443185e+01 1.200000e+01
    endloop
  endfacet
  facet normal 3.826834e-01 -9.238795e-01 0.000000e+00
    outer loop
      vertex   -3.301764e+01 3.443185e+01 1.200000e+01
      vertex   -3.350000e+01 3.423205e+01 2.000000e+00
      vertex   -3.301764e+01 3.443185e+01 2.000000e+00
    endloop
  endfacet
  facet normal 1.305262e-01 -9.914449e-01 0.000000e+00
    outer loop
      vertex   -3.301764e+01 3.443185e+01 1.200000e+01
      vertex   -3.301764e+01 3.443185e+01 2.000000e+00
      vertex   -3.250000e+01 3.450000e+01 1.200000e+01
    endloop
  endfacet
  facet normal 1.305262e-01 -9.914449e-01 0.000000e+00
    outer loop
      vertex   -3.250000e+01 3.450000e+01 1.200000e+01
      vertex   -3.301764e+01 3.443185e+01 2.000000e+00
      vertex   -3.250000e+01 3.450000e+01 2.000000e+00
    endloop
  endfacet
  facet normal -1.305262e-01 -9.914449e-01 -0.000000e+00
    outer loop
      vertex   -3.250000e+01 3.450000e+01 1.200000e+01
      vertex   -3.250000e+01 3.450000e+01 2.000000e+00
      vertex   -3.198236e+01 3.443185e+01 1.200000e+01
    endloop
  endfacet
  facet normal -1.305262e-01 -9.914449e-01 -0.000000e+00
    outer loop
      vertex   -3.198236e+01 3.443185e+01 1.200000e+01
      vertex   -3.250000e+01 3.450000e+01 2.000000e+00
      vertex   -3.198236e+01 3.443185e+01 2.000000e+00
    endloop
  endfacet
  facet normal -3.826834e-01 -9.238795e-01 -0.000000e+00
    outer loop
      vertex   -3.198236e+01 3.443185e+01 1.200000e+01
      vertex   -3.198236e+01 3.443185e+01 2.000000e+00
      vertex   -3.150000e+01 3.423205e+01 1.200000e+01
    endloop
  endfacet
  facet normal -3.826834e-01 -9.238795e-01 -1.359565e-16
    outer loop
      vertex   -3.150000e+01 3.423205e+01 1.200000e+01
      vertex   -3.198236e+01 3.443185e+01 2.000000e+00
      vertex   -3.150000e+01 3.423205e+01 2.000000e+00
    endloop
  endfacet
  facet normal -6.087614e-01 -7.933533e-01 -2.162755e-16
    outer loop
      vertex   -3.150000e+01 3.423205e+01 1.200000e+01
      vertex   -3.150000e+01 3.423205e+01 2.000000e+00
      vertex   -3.108579e+01 3.391421e+01 1.200000e+01
    endloop
  endfacet
  facet normal -6.087614e-01 -7.933533e-01 -0.000000e+00
    outer loop
      vertex   -3.108579e+01 3.391421e+01 1.200000e+01
      vertex   -3.150000e+01 3.423205e+01 2.000000e+00
      vertex   -3.108579e+01 3.391421e+01 2.000000e+00
    endloop
  endfacet
  facet normal -7.933533e-01 -6.087614e-01 -0.000000e+00
    outer loop
      vertex   -3.108579e+01 3.391421e+01 1.200000e+01
      vertex   -3.108579e+01 3.391421e+01 2.000000e+00
      vertex   -3.076795e+01 3.350000e+01 1.200000e+01
    endloop
  endfacet
  facet normal -7.933533e-01 -6.087614e-01 -0.000000e+00
    outer loop
      vertex   -3.076795e+01 3.350000e+01 1.200000e+01
      vertex   -3.108579e+01 3.391421e+01 2.000000e+00
      vertex   -3.076795e+01 3.350000e+01 2.000000e+00
    endloop
  endfacet
  facet normal -9.238795e-01 -3.826834e-01 -0.000000e+00
    outer loop
      vertex   -3.076795e+01 3.350000e+01 1.200000e+01
      vertex   -3.076795e+01 3.350000e+01 2.000000e+00
      vertex   -3.056815e+01 3.301764e+01 1.200000e+01
    endloop
  endfacet
  facet normal -9.238795e-01 -3.826834e-01 -0.000000e+00
    outer loop
      vertex   -3.056815e+01 3.301764e+01 1.200000e+01
      vertex   -3.076795e+01 3.350000e+01 2.000000e+00
      vertex   -3.056815e+01 3.301764e+01 2.000000e+00
    endloop
  endfacet
  facet normal 9.945219e-01 -1.045285e-01 -3.713597e-17
    outer loop
      vertex   -2.858741e+01 3.166835e+01 1.200000e+01
      vertex   -2.858741e+01 3.166835e+01 2.000000e+00
      vertex   -2.850000e+01 3.250000e+01 1.200000e+01
    endloop
  endfacet
  facet normal 9.945219e-01 -1.045285e-01 0.000000e+00
    outer loop
      vertex   -2.850000e+01 3.250000e+01 1.200000e+01
      vertex   -2.858741e+01 3.166835e+01 2.000000e+00
      vertex   -2.850000e+01 3.250000e+01 2.000000e+00
    endloop
  endfacet
  facet normal 9.945219e-01 1.045285e-01 0.000000e+00
    outer loop
      vertex   -2.850000e+01 3.250000e+01 1.200000e+01
      vertex   -2.850000e+01 3.250000e+01 2.000000e+00
      vertex   -2.858741e+01 3.333165e+01 1.200000e+01
    endloop
  endfacet
  facet normal 9.945219e-01 1.045285e-01 0.000000e+00
    outer loop
      vertex   -2.858741e+01 3.333165e+01 1.200000e+01
      vertex   -2.850000e+01 3.250000e+01 2.000000e+00
      vertex   -2.858741e+01 3.333165e+01 2.000000e+00
    endloop
  endfacet
  facet normal 9.510565e-01 3.090170e-01 0.000000e+00
    outer loop
      vertex   -2.858741e+01 3.333165e+01 1.200000e+01
      vertex   -2.858741e+01 3.333165e+01 2.000000e+00
      vertex   -2.884582e+01 3.412695e+01 1.200000e+01
    endloop
  endfacet
  facet normal 9.510565e-01 3.090170e-01 0.000000e+00
    outer loop
      vertex   -2.884582e+01 3.412695e+01 1.200000e+01
      vertex   -2.858741e+01 3.333165e+01 2.000000e+00
      vertex   -2.884582e+01 3.412695e+01 2.000000e+00
    endloop
  endfacet
  facet normal 8.660254e-01 5.000000e-01 0.000000e+00
    outer loop
      vertex   -2.884582e+01 3.412695e+01 1.200000e+01
      vertex   -2.884582e+01 3.412695e+01 2.000000e+00
      vertex   -2.926393e+01 3.485114e+01 1.200000e+01
    endloop
  endfacet
  facet normal 8.660254e-01 5.000000e-01 0.000000e+00
    outer loop
      vertex   -2.926393e+01 3.485114e+01 1.200000e+01
      vertex   -2.884582e+01 3.412695e+01 2.000000e+00
      vertex   -2.926393e+01 3.485114e+01 2.000000e+00
    endloop
  endfacet
  facet normal 7.431448e-01 6.691306e-01 0.000000e+00
    outer loop
      vertex   -2.926393e+01 3.485114e+01 1.200000e+01
      vertex   -2.926393e+01 3.485114e+01 2.000000e+00
      vertex   -2.982348e+01 3.547258e+01 1.200000e+01
    endloop
  endfacet
  facet normal 7.431448e-01 6.691306e-01 0.000000e+00
    outer loop
      vertex   -2.982348e+01 3.547258e+01 1.200000e+01
      vertex   -2.926393e+01 3.485114e+01 2.000000e+00
      vertex   -2.982348e+01 3.547258e+01 2.000000e+00
    endloop
  endfacet
  facet normal 5.877853e-01 8.090170e-01 0.000000e+00
    outer loop
      vertex   -2.982348e+01 3.547258e+01 1.200000e+01
      vertex   -2.982348e+01 3.547258e+01 2.000000e+00
      vertex   -3.050000e+01 3.596410e+01 1.200000e+01
    endloop
  endfacet
  facet normal 5.877853e-01 8.090170e-01 0.000000e+00
    outer loop
      vertex   -3.050000e+01 3.596410e+01 1.200000e+01
      vertex   -2.982348e+01 3.547258e+01 2.000000e+00
      vertex   -3.050000e+01 3.596410e+01 2.000000e+00
    endloop
  endfacet
  facet normal 4.067366e-01 9.135455e-01 0.000000e+00
    outer loop
      vertex   -3.050000e+01 3.596410e+01 1.200000e+01
      vertex   -3.050000e+01 3.596410e+01 2.000000e+00
      vertex   -3.126393e+01 3.630423e+01 1.200000e+01
    endloop
  endfacet
  facet normal 4.067366e-01 9.135455e-01 0.000000e+00
    outer loop
      vertex   -3.126393e+01 3.630423e+01 1.200000e+01
      vertex   -3.050000e+01 3.596410e+01 2.000000e+00
      vertex   -3.126393e+01 3.630423e+01 2.000000e+00
    endloop
  endfacet
  facet normal 2.079117e-01 9.781476e-01 0.000000e+00
    outer loop
      vertex   -3.126393e+01 3.630423e+01 1.200000e+01
      vertex   -3.126393e+01 3.630423e+01 2.000000e+00
      vertex   -3.208189e+01 3.647809e+01 1.200000e+01
    endloop
  endfacet
  facet normal 2.079117e-01 9.781476e-01 0.000000e+00
    outer loop
      vertex   -3.208189e+01 3.647809e+01 1.200000e+01
      vertex   -3.126393e+01 3.630423e+01 2.000000e+00
      vertex   -3.208189e+01 3.647809e+01 2.000000e+00
    endloop
  endfacet
  facet normal 0.000000e+00 1.000000e+00 0.000000e+00
    outer loop
      vertex   -3.208189e+01 3.647809e+01 1.200000e+01
      vertex   -3.208189e+01 3.647809e+01 2.000000e+00
      vertex   -3.291811e+01 3.647809e+01 1.200000e+01
    endloop
  endfacet
  facet normal 0.000000e+00 1.000000e+00 0.000000e+00
    outer loop
      vertex   -3.291811e+01 3.647809e+01 1.200000e+01
      vertex   -3.208189e+01 3.647809e+01 2.000000e+00
      vertex   -3.291811e+01 3.647809e+01 2.000000e+00
    endloop
  endfacet
  facet normal -2.079117e-01 9.781476e-01 1.477301e-16
    outer loop
      vertex   -3.291811e+01 3.647809e+01 1.200000e+01
      vertex   -3.291811e+01 3.647809e+01 2.000000e+00
      vertex   -3.373607e+01 3.630423e+01 1.200000e+01
    endloop
  endfacet
  facet normal -2.079117e-01 9.781476e-01 0.000000e+00
    outer loop
      vertex   -3.373607e+01 3.630423e+01 1.200000e+01
      vertex   -3.291811e+01 3.647809e+01 2.000000e+00
      vertex   -3.373607e+01 3.630423e+01 2.000000e+00
    endloop
  endfacet
  facet normal -4.067366e-01 9.135455e-01 0.000000e+00
    outer loop
      vertex   -3.373607e+01 3.630423e+01 1.200000e+01
      vertex   -3.373607e+01 3.630423e+01 2.000000e+00
      vertex   -3.450000e+01 3.596410e+01 1.200000e+01
    endloop
  endfacet
  facet normal -4.067366e-01 9.135455e-01 0.000000e+00
    outer loop
      vertex   -3.450000e+01 3.596410e+01 1.200000e+01
      vertex   -3.373607e+01 3.630423e+01 2.000000e+00
      vertex   -3.450000e+01 3.596410e+01 2.000000e+00
    endloop
  endfacet
  facet normal -5.877853e-01 8.090170e-01 0.000000e+00
    outer loop
      vertex   -3.450000e+01 3.596410e+01 1.200000e+01
      vertex   -3.450000e+01 3.596410e+01 2.000000e+00
      vertex   -3.517652e+01 3.547258e+01 1.200000e+01
    endloop
  endfacet
  facet normal -5.877853e-01 8.090170e-01 0.000000e+00
    outer loop
      vertex   -3.517652e+01 3.547258e+01 1.200000e+01
      vertex   -3.450000e+01 3.596410e+01 2.000000e+00
      vertex   -3.517652e+01 3.547258e+01 2.000000e+00
    endloop
  endfacet
  facet normal -7.431448e-01 6.691306e-01 0.000000e+00
    outer loop
      vertex   -3.517652e+01 3.547258e+01 1.200000e+01
      vertex   -3.517652e+01 3.547258e+01 2.000000e+00
      vertex   -3.573607e+01 3.485114e+01 1.200000e+01
    endloop
  endfacet
  facet normal -7.431448e-01 6.691306e-01 0.000000e+00
    outer loop
      vertex   -3.573607e+01 3.485114e+01 1.200000e+01
      vertex   -3.517652e+01 3.547258e+01 2.000000e+00
      vertex   -3.573607e+01 3.485114e+01 2.000000e+00
    endloop
  endfacet
  facet normal -8.660254e-01 5.000000e-01 0.000000e+00
    outer loop
      vertex   -3.573607e+01 3.485114e+01 1.200000e+01
      vertex   -3.573607e+01 3.485114e+01 2.000000e+00
      vertex   -3.615418e+01 3.412695e+01 1.200000e+01
    endloop
  endfacet
  facet normal -8.660254e-01 5.000000e-01 0.000000e+00
    outer loop
      vertex   -3.615418e+01 3.412695e+01 1.200000e+01
      vertex   -3.573607e+01 3.485114e+01 2.000000e+00
      vertex   -3.615418e+01 3.412695e+01 2.000000e+00
    endloop
  endfacet
  facet normal -9.510565e-01 3.090170e-01 0.000000e+00
    outer loop
      vertex   -3.615418e+01 3.412695e+01 1.200000e+01
      vertex   -3.615418e+01 3.412695e+01 2.000000e+00
      vertex   -3.641259e+01 3.333165e+01 1.200000e+01
    endloop
  endfacet
  facet normal -9.510565e-01 3.090170e-01 0.000000e+00
    outer loop
      vertex   -3.641259e+01 3.333165e+01 1.200000e+01
      vertex   -3.615418e+01 3.412695e+01 2.000000e+00
      vertex   -3.641259e+01 3.333165e+01 2.000000e+00
    endloop
  endfacet
  facet normal -9.945219e-01 1.045285e-01 0.000000e+00
    outer loop
      vertex   -3.641259e+01 3.333165e+01 1.200000e+01
      vertex   -3.641259e+01 3.333165e+01 2.000000e+00
      vertex   -3.650000e+01 3.250000e+01 1.200000e+01
    endloop
  endfacet
  facet normal -9.945219e-01 1.045285e-01 0.000000e+00
    outer loop
      vertex   -3.650000e+01 3.250000e+01 1.200000e+01
      vertex   -3.641259e+01 3.333165e+01 2.000000e+00
      vertex   -3.650000e+01 3.250000e+01 2.000000e+00
    endloop
  endfacet
  facet normal -9.945219e-01 -1.045285e-01 -0.000000e+00
    outer loop
      vertex   -3.650000e+01 3.250000e+01 1.200000e+01
      vertex   -3.650000e+01 3.250000e+01 2.000000e+00
      vertex   -3.641259e+01 3.166835e+01 1.200000e+01
    endloop
  endfacet
  facet normal -9.945219e-01 -1.045285e-01 3.713597e-17
    outer loop
      vertex   -3.641259e+01 3.166835e+01 1.200000e+01
      vertex   -3.650000e+01 3.250000e+01 2.000000e+00
      vertex   -3.641259e+01 3.166835e+01 2.000000e+00
    endloop
  endfacet
  facet normal -9.510565e-01 -3.090170e-01 1.097849e-16
    outer loop
      vertex   -3.641259e+01 3.166835e+01 1.200000e+01
      vertex   -3.641259e+01 3.166835e+01 2.000000e+00
      vertex   -3.615418e+01 3.087305e+01 1.200000e+01
    endloop
  endfacet
  facet normal -9.510565e-01 -3.090170e-01 -0.000000e+00
    outer loop
      vertex   -3.615418e+01 3.087305e+01 1.200000e+01
      vertex   -3.641259e+01 3.166835e+01 2.000000e+00
      vertex   -3.615418e+01 3.087305e+01 2.000000e+00
    endloop
  endfacet
  facet normal -8.660254e-01 -5.000000e-01 -0.000000e+00
    outer loop
      vertex   -3.615418e+01 3.087305e+01 1.200000e+01
      vertex   -3.615418e+01 3.087305e+01 2.000000e+00
      vertex   -3.573607e+01 3.014886e+01 1.200000e+01
    endloop
  endfacet
  facet normal -8.660254e-01 -5.000000e-01 -0.000000e+00
    outer loop
      vertex   -3.573607e+01 3.014886e+01 1.200000e+01
      vertex   -3.615418e+01 3.087305e+01 2.000000e+00
      vertex   -3.573607e+01 3.014886e+01 2.000000e+00
    endloop
  endfacet
  facet normal -7.431448e-01 -6.691306e-01 -0.000000e+00
    outer loop
      vertex   -3.573607e+01 3.014886e+01 1.200000e+01
      vertex   -3.573607e+01 3.014886e+01 2.000000e+00
      vertex   -3.517652e+01 2.952742e+01 1.200000e+01
    endloop
  endfacet
  facet normal -7.431448e-01 -6.691306e-01 -0.000000e+00
    outer loop
      vertex   -3.517652e+01 2.952742e+01 1.200000e+01
      vertex   -3.573607e+01 3.014886e+01 2.000000e+00
      vertex   -3.517652e+01 2.952742e+01 2.000000e+00
    endloop
  endfacet
  facet normal -5.877853e-01 -8.090170e-01 -0.000000e+00
    outer loop
      vertex   -3.517652e+01 2.952742e+01 1.200000e+01
      vertex   -3.517652e+01 2.952742e+01 2.000000e+00
      vertex   -3.450000e+01 2.903590e+01 1.200000e+01
    endloop
  endfacet
  facet normal -5.877853e-01 -8.090170e-01 -0.000000e+00
    outer loop
      vertex   -3.450000e+01 2.903590e+01 1.200000e+01
      vertex   -3.517652e+01 2.952742e+01 2.000000e+00
      vertex   -3.450000e+01 2.903590e+01 2.000000e+00
    endloop
  endfacet
  facet normal -4.067366e-01 -9.135455e-01 -0.000000e+00
    outer loop
      vertex   -3.450000e+01 2.903590e+01 1.200000e+01
      vertex   -3.450000e+01 2.903590e+01 2.000000e+00
      vertex   -3.373607e+01 2.869577e+01 1.200000e+01
    endloop
  endfacet
  facet normal -4.067366e-01 -9.135455e-01 -0.000000e+00
    outer loop
      vertex   -3.373607e+01 2.869577e+01 1.200000e+01
      vertex   -3.450000e+01 2.903590e+01 2.000000e+00
      vertex   -3.373607e+01 2.869577e+01 2.000000e+00
    endloop
  endfacet
  facet normal -2.079117e-01 -9.781476e-01 -0.000000e+00
    outer loop
      vertex   -3.373607e+01 2.869577e+01 1.200000e+01
      vertex   -3.373607e+01 2.869577e+01 2.000000e+00
      vertex   -3.291811e+01 2.852191e+01 1.200000e+01
    endloop
  endfacet
  facet normal -2.079117e-01 -9.781476e-01 -1.477301e-16
    outer loop
      vertex   -3.291811e+01 2.852191e+01 1.200000e+01
      vertex   -3.373607e+01 2.869577e+01 2.000000e+00
      vertex   -3.291811e+01 2.852191e+01 2.000000e+00
    endloop
  endfacet
  facet normal 0.000000e+00 -1.000000e+00 0.000000e+00
    outer loop
      vertex   -3.291811e+01 2.852191e+01 1.200000e+01
      vertex   -3.291811e+01 2.852191e+01 2.000000e+00
      vertex   -3.208189e+01 2.852191e+01 1.200000e+01
    endloop
  endfacet
  facet normal 0.000000e+00 -1.000000e+00 -0.000000e+00
    outer loop
      vertex   -3.208189e+01 2.852191e+01 1.200000e+01
      vertex   -3.291811e+01 2.852191e+01 2.000000e+00
      vertex   -3.208189e+01 2.852191e+01 2.000000e+00
    endloop
  endfacet
  facet normal 2.079117e-01 -9.781476e-01 0.000000e+00
    outer loop
      vertex   -3.208189e+01 2.852191e+01 1.200000e+01
      vertex   -3.208189e+01 2.852191e+01 2.000000e+00
      vertex   -3.126393e+01 2.869577e+01 1.200000e+01
    endloop
  endfacet
  facet normal 2.079117e-01 -9.781476e-01 0.000000e+00
    outer loop
      vertex   -3.126393e+01 2.869577e+01 1.200000e+01
      vertex   -3.208189e+01 2.852191e+01 2.000000e+00
      vertex   -3.126393e+01 2.869577e+01 2.000000e+00
    endloop
  endfacet
  facet normal 4.067366e-01 -9.135455e-01 0.000000e+00
    outer loop
      vertex   -3.126393e+01 2.869577e+01 1.200000e+01
      vertex   -3.126393e+01 2.869577e+01 2.000000e+00
      vertex   -3.050000e+01 2.903590e+01 1.200000e+01
    endloop
  endfacet
  facet normal 4.067366e-01 -9.135455e-01 0.000000e+00
    outer loop
      vertex   -3.050000e+01 2.903590e+01 1.200000e+01
      vertex   -3.126393e+01 2.869577e+01 2.000000e+00
      vertex   -3.050000e+01 2.903590e+01 2.000000e+00
    endloop
  endfacet
  facet normal 5.877853e-01 -8.090170e-01 0.000000e+00
    outer loop
      vertex   -3.050000e+01 2.903590e+01 1.200000e+01
      vertex   -3.050000e+01 2.903590e+01 2.000000e+00
      vertex   -2.982348e+01 2.952742e+01 1.200000e+01
    endloop
  endfacet
  facet normal 5.877853e-01 -8.090170e-01 0.000000e+00
    outer loop
      vertex   -2.982348e+01 2.952742e+01 1.200000e+01
      vertex   -3.050000e+01 2.903590e+01 2.000000e+00
      vertex   -2.982348e+01 2.952742e+01 2.000000e+00
    endloop
  endfacet
  facet normal 7.431448e-01 -6.691306e-01 0.000000e+00
    outer loop
      vertex   -2.982348e+01 2.952742e+01 1.200000e+01
      vertex   -2.982348e+01 2.952742e+01 2.000000e+00
      vertex   -2.926393e+01 3.014886e+01 1.200000e+01
    endloop
  endfacet
  facet normal 7.431448e-01 -6.691306e-01 0.000000e+00
    outer loop
      vertex   -2.926393e+01 3.014886e+01 1.200000e+01
      vertex   -2.982348e+01 2.952742e+01 2.000000e+00
      vertex   -2.926393e+01 3.014886e+01 2.000000e+00
    endloop
  endfacet
  facet normal 8.660254e-01 -5.000000e-01 0.000000e+00
    outer loop
      vertex   -2.926393e+01 3.014886e+01 1.200000e+01
      vertex   -2.926393e+01 3.014886e+01 2.000000e+00
      vertex   -2.884582e+01 3.087305e+01 1.200000e+01
    endloop
  endfacet
  facet normal 8.660254e-01 -5.000000e-01 0.000000e+00
    outer loop
      vertex   -2.884582e+01 3.087305e+01 1.200000e+01
      vertex   -2.926393e+01 3.014886e+01 2.000000e+00
      vertex   -2.884582e+01 3.087305e+01 2.000000e+00
    endloop
  endfacet
  facet normal 9.510565e-01 -3.090170e-01 0.000000e+00
    outer loop
      vertex   -2.884582e+01 3.087305e+01 1.200000e+01
      vertex   -2.884582e+01 3.087305e+01 2.000000e+00
      vertex   -2.858741e+01 3.166835e+01 1.200000e+01
    endloop
  endfacet
  facet normal 9.510565e-01 -3.090170e-01 -1.097849e-16
    outer loop
      vertex   -2.858741e+01 3.166835e+01 1.200000e+01
      vertex   -2.884582e+01 3.087305e+01 2.000000e+00
      vertex   -2.858741e+01 3.166835e+01 2.000000e+00
    endloop
  endfacet
  facet normal -0.000000e+00 0.000000e+00 1.000000e+00
    outer loop
      vertex   -3.056815e+01 3.198236e+01 1.200000e+01
      vertex   -2.858741e+01 3.166835e+01 1.200000e+01
      vertex   -3.050000e+01 3.250000e+01 1.200000e+01
    endloop
  endfacet
  facet normal -0.000000e+00 0.000000e+00 1.000000e+00
    outer loop
      vertex   -3.050000e+01 3.250000e+01 1.200000e+01
      vertex   -2.858741e+01 3.166835e+01 1.200000e+01
      vertex   -2.850000e+01 3.250000e+01 1.200000e+01
    endloop
  endfacet
  facet normal 0.000000e+00 0.000000e+00 1.000000e+00
    outer loop
      vertex   -3.050000e+01 3.250000e+01 1.200000e+01
      vertex   -2.850000e+01 3.250000e+01 1.200000e+01
      vertex   -2.858741e+01 3.333165e+01 1.200000e+01
    endloop
  endfacet
  facet normal 0.000000e+00 0.000000e+00 1.000000e+00
    outer loop
      vertex   -2.858741e+01 3.166835e+01 1.200000e+01
      vertex   -3.056815e+01 3.198236e+01 1.200000e+01
      vertex   -2.884582e+01 3.087305e+01 1.200000e+01
    endloop
  endfacet
  facet normal 0.000000e+00 0.000000e+00 1.000000e+00
    outer loop
      vertex   -2.884582e+01 3.087305e+01 1.200000e+01
      vertex   -3.056815e+01 3.198236e+01 1.200000e+01
      vertex   -3.076795e+01 3.150000e+01 1.200000e+01
    endloop
  endfacet
  facet normal 0.000000e+00 0.000000e+00 1.000000e+00
    outer loop
      vertex   -2.884582e+01 3.087305e+01 1.200000e+01
      vertex   -3.076795e+01 3.150000e+01 1.200000e+01
      vertex   -2.926393e+01 3.014886e+01 1.200000e+01
    endloop
  endfacet
  facet normal 0.000000e+00 0.000000e+00 1.000000e+00
    outer loop
      vertex   -2.926393e+01 3.014886e+01 1.200000e+01
      vertex   -3.076795e+01 3.150000e+01 1.200000e+01
      vertex   -3.108579e+01 3.108579e+01 1.200000e+01
    endloop
  endfacet
  facet normal 0.000000e+00 0.000000e+00 1.000000e+00
    outer loop
      vertex   -2.926393e+01 3.014886e+01 1.200000e+01
      vertex   -3.108579e+01 3.108579e+01 1.200000e+01
      vertex   -2.982348e+01 2.952742e+01 1.200000e+01
    endloop
  endfacet
  facet normal 0.000000e+00 0.000000e+00 1.000000e+00
    outer loop
      vertex   -2.982348e+01 2.952742e+01 1.200000e+01
      vertex   -3.108579e+01 3.108579e+01 1.200000e+01
      vertex   -3.150000e+01 3.076795e+01 1.200000e+01
    endloop
  endfacet
  facet normal 0.000000e+00 0.000000e+00 1.000000e+00
    outer loop
      vertex   -2.982348e+01 2.952742e+01 1.200000e+01
      vertex   -3.150000e+01 3.076795e+01 1.200000e+01
      vertex   -3.050000e+01 2.903590e+01 1.200000e+01
    endloop
  endfacet
  facet normal 0.000000e+00 0.000000e+00 1.000000e+00
    outer loop
      vertex   -3.050000e+01 2.903590e+01 1.200000e+01
      vertex   -3.150000e+01 3.076795e+01 1.200000e+01
      vertex   -3.126393e+01 2.869577e+01 1.200000e+01
    endloop
  endfacet
  facet normal 0.000000e+00 0.000000e+00 1.000000e+00
    outer loop
      vertex   -3.126393e+01 2.869577e+01 1.200000e+01
      vertex   -3.150000e+01 3.076795e+01 1.200000e+01
      vertex   -3.198236e+01 3.056815e+01 1.200000e+01
    endloop
  endfacet
  facet normal 0.000000e+00 0.000000e+00 1.000000e+00
    outer loop
      vertex   -3.126393e+01 2.869577e+01 1.200000e+01
      vertex   -3.198236e+01 3.056815e+01 1.200000e+01
      vertex   -3.208189e+01 2.852191e+01 1.200000e+01
    endloop
  endfacet
  facet normal 0.000000e+00 -0.000000e+00 1.000000e+00
    outer loop
      vertex   -3.208189e+01 2.852191e+01 1.200000e+01
      vertex   -3.198236e+01 3.056815e+01 1.200000e+01
      vertex   -3.250000e+01 3.050000e+01 1.200000e+01
    endloop
  endfacet
  facet normal 0.000000e+00 0.000000e+00 1.000000e+00
    outer loop
      vertex   -3.208189e+01 2.852191e+01 1.200000e+01
      vertex   -3.250000e+01 3.050000e+01 1.200000e+01
      vertex   -3.291811e+01 2.852191e+01 1.200000e+01
    endloop
  endfacet
  facet normal 0.000000e+00 -0.000000e+00 1.000000e+00
    outer loop
      vertex   -3.291811e+01 2.852191e+01 1.200000e+01
      vertex   -3.250000e+01 3.050000e+01 1.200000e+01
      vertex   -3.301764e+01 3.056815e+01 1.200000e+01
    endloop
  endfacet
  facet normal 0.000000e+00 0.000000e+00 1.000000e+00
    outer loop
      vertex   -3.291811e+01 2.852191e+01 1.200000e+01
      vertex   -3.301764e+01 3.056815e+01 1.200000e+01
      vertex   -3.373607e+01 2.869577e+01 1.200000e+01
    endloop
  endfacet
  facet normal 0.000000e+00 0.000000e+00 1.000000e+00
    outer loop
      vertex   -3.373607e+01 2.869577e+01 1.200000e+01
      vertex   -3.301764e+01 3.056815e+01 1.200000e+01
      vertex   -3.350000e+01 3.076795e+01 1.200000e+01
    endloop
  endfacet
  facet normal 0.000000e+00 -0.000000e+00 1.000000e+00
    outer loop
      vertex   -3.373607e+01 2.869577e+01 1.200000e+01
      vertex   -3.350000e+01 3.076795e+01 1.200000e+01
      vertex   -3.450000e+01 2.903590e+01 1.200000e+01
    endloop
  endfacet
  facet normal 0.000000e+00 -0.000000e+00 1.000000e+00
    outer loop
      vertex   -3.450000e+01 2.903590e+01 1.200000e+01
      vertex   -3.350000e+01 3.076795e+01 1.200000e+01
      vertex   -3.517652e+01 2.952742e+01 1.200000e+01
    endloop
  endfacet
  facet normal 0.000000e+00 0.000000e+00 1.000000e+00
    outer loop
      vertex   -3.517652e+01 2.952742e+01 1.200000e+01
      vertex   -3.350000e+01 3.076795e+01 1.200000e+01
      vertex   -3.391421e+01 3.108579e+01 1.200000e+01
    endloop
  endfacet
  facet normal 0.000000e+00 -0.000000e+00 1.000000e+00
    outer loop
      vertex   -3.517652e+01 2.952742e+01 1.200000e+01
      vertex   -3.391421e+01 3.108579e+01 1.200000e+01
      vertex   -3.573607e+01 3.014886e+01 1.200000e+01
    endloop
  endfacet
  facet normal 0.000000e+00 0.000000e+00 1.000000e+00
    outer loop
      vertex   -3.573607e+01 3.014886e+01 1.200000e+01
      vertex   -3.391421e+01 3.108579e+01 1.200000e+01
      vertex   -3.423205e+01 3.150000e+01 1.200000e+01
    endloop
  endfacet
  facet normal 0.000000e+00 -0.000000e+00 1.000000e+00
    outer loop
      vertex   -3.573607e+01 3.014886e+01 1.200000e+01
      vertex   -3.423205e+01 3.150000e+01 1.200000e+01
      vertex   -3.615418e+01 3.087305e+01 1.200000e+01
    endloop
  endfacet
  facet normal 0.000000e+00 0.000000e+00 1.000000e+00
    outer loop
      vertex   -3.615418e+01 3.087305e+01 1.200000e+01
      vertex   -3.423205e+01 3.150000e+01 1.200000e+01
      vertex   -3.443185e+01 3.198236e+01 1.200000e+01
    endloop
  endfacet
  facet normal 0.000000e+00 -0.000000e+00 1.000000e+00
    outer loop
      vertex   -3.615418e+01 3.087305e+01 1.200000e+01
      vertex   -3.443185e+01 3.198236e+01 1.200000e+01
      vertex   -3.641259e+01 3.166835e+01 1.200000e+01
    endloop
  endfacet
  facet normal 0.000000e+00 0.000000e+00 1.000000e+00
    outer loop
      vertex   -3.641259e+01 3.166835e+01 1.200000e+01
      vertex   -3.443185e+01 3.198236e+01 1.200000e+01
      vertex   -3.450000e+01 3.250000e+01 1.200000e+01
    endloop
  endfacet
  facet normal 0.000000e+00 -0.000000e+00 1.000000e+00
    outer loop
      vertex   -3.641259e+01 3.166835e+01 1.200000e+01
      vertex   -3.450000e+01 3.250000e+01 1.200000e+01
      vertex   -3.650000e+01 3.250000e+01 1.200000e+01
    endloop
  endfacet
  facet normal 0.000000e+00 0.000000e+00 1.000000e+00
    outer loop
      vertex   -3.650000e+01 3.250000e+01 1.200000e+01
      vertex   -3.450000e+01 3.250000e+01 1.200000e+01
      vertex   -3.641259e+01 3.333165e+01 1.200000e+01
    endloop
  endfacet
  facet normal 0.000000e+00 0.000000e+00 1.000000e+00
    outer loop
      vertex   -3.641259e+01 3.333165e+01 1.200000e+01
      vertex   -3.450000e+01 3.250000e+01 1.200000e+01
      vertex   -3.443185e+01 3.301764e+01 1.200000e+01
    endloop
  endfacet
  facet normal -0.000000e+00 0.000000e+00 1.000000e+00
    outer loop
      vertex   -3.641259e+01 3.333165e+01 1.200000e+01
      vertex   -3.443185e+01 3.301764e+01 1.200000e+01
      vertex   -3.615418e+01 3.412695e+01 1.200000e+01
    endloop
  endfacet
  facet normal 0.000000e+00 0.000000e+00 1.000000e+00
    outer loop
      vertex   -3.615418e+01 3.412695e+01 1.200000e+01
      vertex   -3.443185e+01 3.301764e+01 1.200000e+01
      vertex   -3.423205e+01 3.350000e+01 1.200000e+01
    endloop
  endfacet
  facet normal -0.000000e+00 0.000000e+00 1.000000e+00
    outer loop
      vertex   -3.615418e+01 3.412695e+01 1.200000e+01
      vertex   -3.423205e+01 3.350000e+01 1.200000e+01
      vertex   -3.573607e+01 3.485114e+01 1.200000e+01
    endloop
  endfacet
  facet normal 0.000000e+00 0.000000e+00 1.000000e+00
    outer loop
      vertex   -3.573607e+01 3.485114e+01 1.200000e+01
      vertex   -3.423205e+01 3.350000e+01 1.200000e+01
      vertex   -3.391421e+01 3.391421e+01 1.200000e+01
    endloop
  endfacet
  facet normal -0.000000e+00 0.000000e+00 1.000000e+00
    outer loop
      vertex   -3.573607e+01 3.485114e+01 1.200000e+01
      vertex   -3.391421e+01 3.391421e+01 1.200000e+01
      vertex   -3.517652e+01 3.547258e+01 1.200000e+01
    endloop
  endfacet
  facet normal 0.000000e+00 0.000000e+00 1.000000e+00
    outer loop
      vertex   -3.517652e+01 3.547258e+01 1.200000e+01
      vertex   -3.391421e+01 3.391421e+01 1.200000e+01
      vertex   -3.350000e+01 3.423205e+01 1.200000e+01
    endloop
  endfacet
  facet normal -0.000000e+00 0.000000e+00 1.000000e+00
    outer loop
      vertex   -3.517652e+01 3.547258e+01 1.200000e+01
      vertex   -3.350000e+01 3.423205e+01 1.200000e+01
      vertex   -3.450000e+01 3.596410e+01 1.200000e+01
    endloop
  endfacet
  facet normal -0.000000e+00 0.000000e+00 1.000000e+00
    outer loop
      vertex   -3.450000e+01 3.596410e+01 1.200000e+01
      vertex   -3.350000e+01 3.423205e+01 1.200000e+01
      vertex   -3.373607e+01 3.630423e+01 1.200000e+01
    endloop
  endfacet
  facet normal 0.000000e+00 0.000000e+00 1.000000e+00
    outer loop
      vertex   -3.373607e+01 3.630423e+01 1.200000e+01
      vertex   -3.350000e+01 3.423205e+01 1.200000e+01
      vertex   -3.301764e+01 3.443185e+01 1.200000e+01
    endloop
  endfacet
  facet normal -0.000000e+00 0.000000e+00 1.000000e+00
    outer loop
      vertex   -3.373607e+01 3.630423e+01 1.200000e+01
      vertex   -3.301764e+01 3.443185e+01 1.200000e+01
      vertex   -3.291811e+01 3.647809e+01 1.200000e+01
    endloop
  endfacet
  facet normal 0.000000e+00 0.000000e+00 1.000000e+00
    outer loop
      vertex   -3.291811e+01 3.647809e+01 1.200000e+01
      vertex   -3.301764e+01 3.443185e+01 1.200000e+01
      vertex   -3.250000e+01 3.450000e+01 1.200000e+01
    endloop
  endfacet
  facet normal -0.000000e+00 0.000000e+00 1.000000e+00
    outer loop
      vertex   -3.291811e+01 3.647809e+01 1.200000e+01
      vertex   -3.250000e+01 3.450000e+01 1.200000e+01
      vertex   -3.208189e+01 3.647809e+01 1.200000e+01
    endloop
  endfacet
  facet normal 0.000000e+00 0.000000e+00 1.000000e+00
    outer loop
      vertex   -3.208189e+01 3.647809e+01 1.200000e+01
      vertex   -3.250000e+01 3.450000e+01 1.200000e+01
      vertex   -3.198236e+01 3.443185e+01 1.200000e+01
    endloop
  endfacet
  facet normal 0.000000e+00 0.000000e+00 1.000000e+00
    outer loop
      vertex   -3.208189e+01 3.647809e+01 1.200000e+01
      vertex   -3.198236e+01 3.443185e+01 1.200000e+01
      vertex   -3.126393e+01 3.630423e+01 1.200000e+01
    endloop
  endfacet
  facet normal 0.000000e+00 0.000000e+00 1.000000e+00
    outer loop
      vertex   -3.126393e+01 3.630423e+01 1.200000e+01
      vertex   -3.198236e+01 3.443185e+01 1.200000e+01
      vertex   -3.150000e+01 3.423205e+01 1.200000e+01
    endloop
  endfacet
  facet normal 0.000000e+00 0.000000e+00 1.000000e+00
    outer loop
      vertex   -3.126393e+01 3.630423e+01 1.200000e+01
      vertex   -3.150000e+01 3.423205e+01 1.200000e+01
      vertex   -3.050000e+01 3.596410e+01 1.200000e+01
    endloop
  endfacet
  facet normal 0.000000e+00 0.000000e+00 1.000000e+00
    outer loop
      vertex   -3.050000e+01 3.596410e+01 1.200000e+01
      vertex   -3.150000e+01 3.423205e+01 1.200000e+01
      vertex   -2.982348e+01 3.547258e+01 1.200000e+01
    endloop
  endfacet
  facet normal 0.000000e+00 0.000000e+00 1.000000e+00
    outer loop
      vertex   -2.982348e+01 3.547258e+01 1.200000e+01
      vertex   -3.150000e+01 3.423205e+01 1.200000e+01
      vertex   -3.108579e+01 3.391421e+01 1.200000e+01
    endloop
  endfacet
  facet normal 0.000000e+00 0.000000e+00 1.000000e+00
    outer loop
      vertex   -2.982348e+01 3.547258e+01 1.200000e+01
      vertex   -3.108579e+01 3.391421e+01 1.200000e+01
      vertex   -2.926393e+01 3.485114e+01 1.200000e+01
    endloop
  endfacet
  facet normal 0.000000e+00 0.000000e+00 1.000000e+00
    outer loop
      vertex   -2.926393e+01 3.485114e+01 1.200000e+01
      vertex   -3.108579e+01 3.391421e+01 1.200000e+01
      vertex   -3.076795e+01 3.350000e+01 1.200000e+01
    endloop
  endfacet
  facet normal 0.000000e+00 0.000000e+00 1.000000e+00
    outer loop
      vertex   -2.926393e+01 3.485114e+01 1.200000e+01
      vertex   -3.076795e+01 3.350000e+01 1.200000e+01
      vertex   -2.884582e+01 3.412695e+01 1.200000e+01
    endloop
  endfacet
  facet normal 0.000000e+00 0.000000e+00 1.000000e+00
    outer loop
      vertex   -2.884582e+01 3.412695e+01 1.200000e+01
      vertex   -3.076795e+01 3.350000e+01 1.200000e+01
      vertex   -3.056815e+01 3.301764e+01 1.200000e+01
    endloop
  endfacet
  facet normal 0.000000e+00 0.000000e+00 1.000000e+00
    outer loop
      vertex   -2.884582e+01 3.412695e+01 1.200000e+01
      vertex   -3.056815e+01 3.301764e+01 1.200000e+01
      vertex   -2.858741e+01 3.333165e+01 1.200000e+01
    endloop
  endfacet
  facet normal 0.000000e+00 0.000000e+00 1.000000e+00
    outer loop
      vertex   -2.858741e+01 3.333165e+01 1.200000e+01
      vertex   -3.056815e+01 3.301764e+01 1.200000e+01
      vertex   -3.050000e+01 3.250000e+01 1.200000e+01
    endloop
  endfacet
  facet normal 0.000000e+00 0.000000e+00 1.000000e+00
    outer loop
      vertex   -2.155111e+01 3.288823e+01 2.000000e+00
      vertex   -2.444889e+01 3.288823e+01 2.000000e+00
      vertex   -2.150000e+01 3.250000e+01 2.000000e+00
    endloop
  endfacet
  facet normal 0.000000e+00 0.000000e+00 1.000000e+00
    outer loop
      vertex   -2.150000e+01 3.250000e+01 2.000000e+00
      vertex   -2.444889e+01 3.288823e+01 2.000000e+00
      vertex   -2.450000e+01 3.250000e+01 2.000000e+00
    endloop
  endfacet
  facet normal 0.000000e+00 0.000000e+00 1.000000e+00
    outer loop
      vertex   -2.150000e+01 3.250000e+01 2.000000e+00
      vertex   -2.450000e+01 3.250000e+01 2.000000e+00
      vertex   -2.155111e+01 3.211177e+01 2.000000e+00
    endloop
  endfacet
  facet normal 0.000000e+00 0.000000e+00 1.000000e+00
    outer loop
      vertex   -2.155111e+01 3.211177e+01 2.000000e+00
      vertex   -2.450000e+01 3.250000e+01 2.000000e+00
      vertex   -2.444889e+01 3.211177e+01 2.000000e+00
    endloop
  endfacet
  facet normal 0.000000e+00 0.000000e+00 1.000000e+00
    outer loop
      vertex   -2.155111e+01 3.211177e+01 2.000000e+00
      vertex   -2.444889e+01 3.211177e+01 2.000000e+00
      vertex   -2.170096e+01 3.175000e+01 2.000000e+00
    endloop
  endfacet
  facet normal 0.000000e+00 0.000000e+00 1.000000e+00
    outer loop
      vertex   -2.170096e+01 3.175000e+01 2.000000e+00
      vertex   -2.444889e+01 3.211177e+01 2.000000e+00
      vertex   -2.429904e+01 3.175000e+01 2.000000e+00
    endloop
  endfacet
  facet normal 0.000000e+00 0.000000e+00 1.000000e+00
    outer loop
      vertex   -2.170096e+01 3.175000e+01 2.000000e+00
      vertex   -2.429904e+01 3.175000e+01 2.000000e+00
      vertex   -2.193934e+01 3.143934e+01 2.000000e+00
    endloop
  endfacet
  facet normal 0.000000e+00 0.000000e+00 1.000000e+00
    outer loop
      vertex   -2.193934e+01 3.143934e+01 2.000000e+00
      vertex   -2.429904e+01 3.175000e+01 2.000000e+00
      vertex   -2.406066e+01 3.143934e+01 2.000000e+00
    endloop
  endfacet
  facet normal 0.000000e+00 0.000000e+00 1.000000e+00
    outer loop
      vertex   -2.193934e+01 3.143934e+01 2.000000e+00
      vertex   -2.406066e+01 3.143934e+01 2.000000e+00
      vertex   -2.225000e+01 3.120096e+01 2.000000e+00
    endloop
  endfacet
  facet normal 0.000000e+00 0.000000e+00 1.000000e+00
    outer loop
      vertex   -2.225000e+01 3.120096e+01 2.000000e+00
      vertex   -2.406066e+01 3.143934e+01 2.000000e+00
      vertex   -2.375000e+01 3.120096e+01 2.000000e+00
    endloop
  endfacet
  facet normal 0.000000e+00 0.000000e+00 1.000000e+00
    outer loop
      vertex   -2.225000e+01 3.120096e+01 2.000000e+00
      vertex   -2.375000e+01 3.120096e+01 2.000000e+00
      vertex   -2.261177e+01 3.105111e+01 2.000000e+00
    endloop
  endfacet
  facet normal 0.000000e+00 0.000000e+00 1.000000e+00
    outer loop
      vertex   -2.261177e+01 3.105111e+01 2.000000e+00
      vertex   -2.375000e+01 3.120096e+01 2.000000e+00
      vertex   -2.338823e+01 3.105111e+01 2.000000e+00
    endloop
  endfacet
  facet normal 0.000000e+00 0.000000e+00 1.000000e+00
    outer loop
      vertex   -2.261177e+01 3.105111e+01 2.000000e+00
      vertex   -2.338823e+01 3.105111e+01 2.000000e+00
      vertex   -2.300000e+01 3.100000e+01 2.000000e+00
    endloop
  endfacet
  facet normal 0.000000e+00 0.000000e+00 1.000000e+00
    outer loop
      vertex   -2.444889e+01 3.288823e+01 2.000000e+00
      vertex   -2.155111e+01 3.288823e+01 2.000000e+00
      vertex   -2.429904e+01 3.325000e+01 2.000000e+00
    endloop
  endfacet
  facet normal 0.000000e+00 0.000000e+00 1.000000e+00
    outer loop
      vertex   -2.429904e+01 3.325000e+01 2.000000e+00
      vertex   -2.155111e+01 3.288823e+01 2.000000e+00
      vertex   -2.170096e+01 3.325000e+01 2.000000e+00
    endloop
  endfacet
  facet normal -0.000000e+00 0.000000e+00 1.000000e+00
    outer loop
      vertex   -2.429904e+01 3.325000e+01 2.000000e+00
      vertex   -2.170096e+01 3.325000e+01 2.000000e+00
      vertex   -2.406066e+01 3.356066e+01 2.000000e+00
    endloop
  endfacet
  facet normal -0.000000e+00 0.000000e+00 1.000000e+00
    outer loop
      vertex   -2.406066e+01 3.356066e+01 2.000000e+00
      vertex   -2.170096e+01 3.325000e+01 2.000000e+00
      vertex   -2.193934e+01 3.356066e+01 2.000000e+00
    endloop
  endfacet
  facet normal 0.000000e+00 0.000000e+00 1.000000e+00
    outer loop
      vertex   -2.406066e+01 3.356066e+01 2.000000e+00
      vertex   -2.193934e+01 3.356066e+01 2.000000e+00
      vertex   -2.375000e+01 3.379904e+01 2.000000e+00
    endloop
  endfacet
  facet normal -0.000000e+00 0.000000e+00 1.000000e+00
    outer loop
      vertex   -2.375000e+01 3.379904e+01 2.000000e+00
      vertex   -2.193934e+01 3.356066e+01 2.000000e+00
      vertex   -2.225000e+01 3.379904e+01 2.000000e+00
    endloop
  endfacet
  facet normal 0.000000e+00 0.000000e+00 1.000000e+00
    outer loop
      vertex   -2.375000e+01 3.379904e+01 2.000000e+00
      vertex   -2.225000e+01 3.379904e+01 2.000000e+00
      vertex   -2.338823e+01 3.394889e+01 2.000000e+00
    endloop
  endfacet
  facet normal -0.000000e+00 0.000000e+00 1.000000e+00
    outer loop
      vertex   -2.338823e+01 3.394889e+01 2.000000e+00
      vertex   -2.225000e+01 3.379904e+01 2.000000e+00
      vertex   -2.261177e+01 3.394889e+01 2.000000e+00
    endloop
  endfacet
  facet normal 0.000000e+00 0.000000e+00 1.000000e+00
    outer loop
      vertex   -2.338823e+01 3.394889e+01 2.000000e+00
      vertex   -2.261177e+01 3.394889e+01 2.000000e+00
      vertex   -2.300000e+01 3.400000e+01 2.000000e+00
    endloop
  endfacet
  facet normal -9.914449e-01 -1.305262e-01 -0.000000e+00
    outer loop
      vertex   3.443185e+01 3.301764e+01 1.200000e+01
      vertex   3.443185e+01 3.301764e+01 2.000000e+00
      vertex   3.450000e+01 3.250000e+01 1.200000e+01
    endloop
  endfacet
  facet normal -9.914449e-01 -1.305262e-01 -0.000000e+00
    outer loop
      vertex   3.450000e+01 3.250000e+01 1.200000e+01
      vertex   3.443185e+01 3.301764e+01 2.000000e+00
      vertex   3.450000e+01 3.250000e+01 2.000000e+00
    endloop
  endfacet
  facet normal -9.914449e-01 1.305262e-01 0.000000e+00
    outer loop
      vertex   3.450000e+01 3.250000e+01 1.200000e+01
      vertex   3.450000e+01 3.250000e+01 2.000000e+00
      vertex   3.443185e+01 3.198236e+01 1.200000e+01
    endloop
  endfacet
  facet normal -9.914449e-01 1.305262e-01 0.000000e+00
    outer loop
      vertex   3.443185e+01 3.198236e+01 1.200000e+01
      vertex   3.450000e+01 3.250000e+01 2.000000e+00
      vertex   3.443185e+01 3.198236e+01 2.000000e+00
    endloop
  endfacet
  facet normal -9.238795e-01 3.826834e-01 0.000000e+00
    outer loop
      vertex   3.443185e+01 3.198236e+01 1.200000e+01
      vertex   3.443185e+01 3.198236e+01 2.000000e+00
      vertex   3.423205e+01 3.150000e+01 1.200000e+01
    endloop
  endfacet
  facet normal -9.238795e-01 3.826834e-01 0.000000e+00
    outer loop
      vertex   3.423205e+01 3.150000e+01 1.200000e+01
      vertex   3.443185e+01 3.198236e+01 2.000000e+00
      vertex   3.423205e+01 3.150000e+01 2.000000e+00
    endloop
  endfacet
  facet normal -7.933533e-01 6.087614e-01 0.000000e+00
    outer loop
      vertex   3.423205e+01 3.150000e+01 1.200000e+01
      vertex   3.423205e+01 3.150000e+01 2.000000e+00
      vertex   3.391421e+01 3.108579e+01 1.200000e+01
    endloop
  endfacet
  facet normal -7.933533e-01 6.087614e-01 0.000000e+00
    outer loop
      vertex   3.391421e+01 3.108579e+01 1.200000e+01
      vertex   3.423205e+01 3.150000e+01 2.000000e+00
      vertex   3.391421e+01 3.108579e+01 2.000000e+00
    endloop
  endfacet
  facet normal -6.087614e-01 7.933533e-01 0.000000e+00
    outer loop
      vertex   3.391421e+01 3.108579e+01 1.200000e+01
      vertex   3.391421e+01 3.108579e+01 2.000000e+00
      vertex   3.350000e+01 3.076795e+01 1.200000e+01
    endloop
  endfacet
  facet normal -6.087614e-01 7.933533e-01 -5.637115e-16
    outer loop
      vertex   3.350000e+01 3.076795e+01 1.200000e+01
      vertex   3.391421e+01 3.108579e+01 2.000000e+00
      vertex   3.350000e+01 3.076795e+01 2.000000e+00
    endloop
  endfacet
  facet normal -3.826834e-01 9.238795e-01 -6.564559e-16
    outer loop
      vertex   3.350000e+01 3.076795e+01 1.200000e+01
      vertex   3.350000e+01 3.076795e+01 2.000000e+00
      vertex   3.301764e+01 3.056815e+01 1.200000e+01
    endloop
  endfacet
  facet normal -3.826834e-01 9.238795e-01 0.000000e+00
    outer loop
      vertex   3.301764e+01 3.056815e+01 1.200000e+01
      vertex   3.350000e+01 3.076795e+01 2.000000e+00
      vertex   3.301764e+01 3.056815e+01 2.000000e+00
    endloop
  endfacet
  facet normal -1.305262e-01 9.914449e-01 0.000000e+00
    outer loop
      vertex   3.301764e+01 3.056815e+01 1.200000e+01
      vertex   3.301764e+01 3.056815e+01 2.000000e+00
      vertex   3.250000e+01 3.050000e+01 1.200000e+01
    endloop
  endfacet
  facet normal -1.305262e-01 9.914449e-01 0.000000e+00
    outer loop
      vertex   3.250000e+01 3.050000e+01 1.200000e+01
      vertex   3.301764e+01 3.056815e+01 2.000000e+00
      vertex   3.250000e+01 3.050000e+01 2.000000e+00
    endloop
  endfacet
  facet normal 1.305262e-01 9.914449e-01 0.000000e+00
    outer loop
      vertex   3.250000e+01 3.050000e+01 1.200000e+01
      vertex   3.250000e+01 3.050000e+01 2.000000e+00
      vertex   3.198236e+01 3.056815e+01 1.200000e+01
    endloop
  endfacet
  facet normal 1.305262e-01 9.914449e-01 0.000000e+00
    outer loop
      vertex   3.198236e+01 3.056815e+01 1.200000e+01
      vertex   3.250000e+01 3.050000e+01 2.000000e+00
      vertex   3.198236e+01 3.056815e+01 2.000000e+00
    endloop
  endfacet
  facet normal 3.826834e-01 9.238795e-01 0.000000e+00
    outer loop
      vertex   3.198236e+01 3.056815e+01 1.200000e+01
      vertex   3.198236e+01 3.056815e+01 2.000000e+00
      vertex   3.150000e+01 3.076795e+01 1.200000e+01
    endloop
  endfacet
  facet normal 3.826834e-01 9.238795e-01 0.000000e+00
    outer loop
      vertex   3.150000e+01 3.076795e+01 1.200000e+01
      vertex   3.198236e+01 3.056815e+01 2.000000e+00
      vertex   3.150000e+01 3.076795e+01 2.000000e+00
    endloop
  endfacet
  facet normal 6.087614e-01 7.933533e-01 0.000000e+00
    outer loop
      vertex   3.150000e+01 3.076795e+01 1.200000e+01
      vertex   3.150000e+01 3.076795e+01 2.000000e+00
      vertex   3.108579e+01 3.108579e+01 1.200000e+01
    endloop
  endfacet
  facet normal 6.087614e-01 7.933533e-01 0.000000e+00
    outer loop
      vertex   3.108579e+01 3.108579e+01 1.200000e+01
      vertex   3.150000e+01 3.076795e+01 2.000000e+00
      vertex   3.108579e+01 3.108579e+01 2.000000e+00
    endloop
  endfacet
  facet normal 7.933533e-01 6.087614e-01 0.000000e+00
    outer loop
      vertex   3.108579e+01 3.108579e+01 1.200000e+01
      vertex   3.108579e+01 3.108579e+01 2.000000e+00
      vertex   3.076795e+01 3.150000e+01 1.200000e+01
    endloop
  endfacet
  facet normal 7.933533e-01 6.087614e-01 0.000000e+00
    outer loop
      vertex   3.076795e+01 3.150000e+01 1.200000e+01
      vertex   3.108579e+01 3.108579e+01 2.000000e+00
      vertex   3.076795e+01 3.150000e+01 2.000000e+00
    endloop
  endfacet
  facet normal 9.238795e-01 3.826834e-01 0.000000e+00
    outer loop
      vertex   3.076795e+01 3.150000e+01 1.200000e+01
      vertex   3.076795e+01 3.150000e+01 2.000000e+00
      vertex   3.056815e+01 3.198236e+01 1.200000e+01
    endloop
  endfacet
  facet normal 9.238795e-01 3.826834e-01 0.000000e+00
    outer loop
      vertex   3.056815e+01 3.198236e+01 1.200000e+01
      vertex   3.076795e+01 3.150000e+01 2.000000e+00
      vertex   3.056815e+01 3.198236e+01 2.000000e+00
    endloop
  endfacet
  facet normal 9.914449e-01 1.305262e-01 0.000000e+00
    outer loop
      vertex   3.056815e+01 3.198236e+01 1.200000e+01
      vertex   3.056815e+01 3.198236e+01 2.000000e+00
      vertex   3.050000e+01 3.250000e+01 1.200000e+01
    endloop
  endfacet
  facet normal 9.914449e-01 1.305262e-01 0.000000e+00
    outer loop
      vertex   3.050000e+01 3.250000e+01 1.200000e+01
      vertex   3.056815e+01 3.198236e+01 2.000000e+00
      vertex   3.050000e+01 3.250000e+01 2.000000e+00
    endloop
  endfacet
  facet normal 9.914449e-01 -1.305262e-01 0.000000e+00
    outer loop
      vertex   3.050000e+01 3.250000e+01 1.200000e+01
      vertex   3.050000e+01 3.250000e+01 2.000000e+00
      vertex   3.056815e+01 3.301764e+01 1.200000e+01
    endloop
  endfacet
  facet normal 9.914449e-01 -1.305262e-01 0.000000e+00
    outer loop
      vertex   3.056815e+01 3.301764e+01 1.200000e+01
      vertex   3.050000e+01 3.250000e+01 2.000000e+00
      vertex   3.056815e+01 3.301764e+01 2.000000e+00
    endloop
  endfacet
  facet normal 9.238795e-01 -3.826834e-01 0.000000e+00
    outer loop
      vertex   3.056815e+01 3.301764e+01 1.200000e+01
      vertex   3.056815e+01 3.301764e+01 2.000000e+00
      vertex   3.076795e+01 3.350000e+01 1.200000e+01
    endloop
  endfacet
  facet normal 9.238795e-01 -3.826834e-01 0.000000e+00
    outer loop
      vertex   3.076795e+01 3.350000e+01 1.200000e+01
      vertex   3.056815e+01 3.301764e+01 2.000000e+00
      vertex   3.076795e+01 3.350000e+01 2.000000e+00
    endloop
  endfacet
  facet normal 7.933533e-01 -6.087614e-01 0.000000e+00
    outer loop
      vertex   3.076795e+01 3.350000e+01 1.200000e+01
      vertex   3.076795e+01 3.350000e+01 2.000000e+00
      vertex   3.108579e+01 3.391421e+01 1.200000e+01
    endloop
  endfacet
  facet normal 7.933533e-01 -6.087614e-01 0.000000e+00
    outer loop
      vertex   3.108579e+01 3.391421e+01 1.200000e+01
      vertex   3.076795e+01 3.350000e+01 2.000000e+00
      vertex   3.108579e+01 3.391421e+01 2.000000e+00
    endloop
  endfacet
  facet normal 6.087614e-01 -7.933533e-01 0.000000e+00
    outer loop
      vertex   3.108579e+01 3.391421e+01 1.200000e+01
      vertex   3.108579e+01 3.391421e+01 2.000000e+00
      vertex   3.150000e+01 3.423205e+01 1.200000e+01
    endloop
  endfacet
  facet normal 6.087614e-01 -7.933533e-01 0.000000e+00
    outer loop
      vertex   3.150000e+01 3.423205e+01 1.200000e+01
      vertex   3.108579e+01 3.391421e+01 2.000000e+00
      vertex   3.150000e+01 3.423205e+01 2.000000e+00
    endloop
  endfacet
  facet normal 3.826834e-01 -9.238795e-01 0.000000e+00
    outer loop
      vertex   3.150000e+01 3.423205e+01 1.200000e+01
      vertex   3.150000e+01 3.423205e+01 2.000000e+00
      vertex   3.198236e+01 3.443185e+01 1.200000e+01
    endloop
  endfacet
  facet normal 3.826834e-01 -9.238795e-01 0.000000e+00
    outer loop
      vertex   3.198236e+01 3.443185e+01 1.200000e+01
      vertex   3.150000e+01 3.423205e+01 2.000000e+00
      vertex   3.198236e+01 3.443185e+01 2.000000e+00
    endloop
  endfacet
  facet normal 1.305262e-01 -9.914449e-01 0.000000e+00
    outer loop
      vertex   3.198236e+01 3.443185e+01 1.200000e+01
      vertex   3.198236e+01 3.443185e+01 2.000000e+00
      vertex   3.250000e+01 3.450000e+01 1.200000e+01
    endloop
  endfacet
  facet normal 1.305262e-01 -9.914449e-01 0.000000e+00
    outer loop
      vertex   3.250000e+01 3.450000e+01 1.200000e+01
      vertex   3.198236e+01 3.443185e+01 2.000000e+00
      vertex   3.250000e+01 3.450000e+01 2.000000e+00
    endloop
  endfacet
  facet normal -1.305262e-01 -9.914449e-01 -0.000000e+00
    outer loop
      vertex   3.250000e+01 3.450000e+01 1.200000e+01
      vertex   3.250000e+01 3.450000e+01 2.000000e+00
      vertex   3.301764e+01 3.443185e+01 1.200000e+01
    endloop
  endfacet
  facet normal -1.305262e-01 -9.914449e-01 -0.000000e+00
    outer loop
      vertex   3.301764e+01 3.443185e+01 1.200000e+01
      vertex   3.250000e+01 3.450000e+01 2.000000e+00
      vertex   3.301764e+01 3.443185e+01 2.000000e+00
    endloop
  endfacet
  facet normal -3.826834e-01 -9.238795e-01 -0.000000e+00
    outer loop
      vertex   3.301764e+01 3.443185e+01 1.200000e+01
      vertex   3.301764e+01 3.443185e+01 2.000000e+00
      vertex   3.350000e+01 3.423205e+01 1.200000e+01
    endloop
  endfacet
  facet normal -3.826834e-01 -9.238795e-01 6.564559e-16
    outer loop
      vertex   3.350000e+01 3.423205e+01 1.200000e+01
      vertex   3.301764e+01 3.443185e+01 2.000000e+00
      vertex   3.350000e+01 3.423205e+01 2.000000e+00
    endloop
  endfacet
  facet normal -6.087614e-01 -7.933533e-01 5.637115e-16
    outer loop
      vertex   3.350000e+01 3.423205e+01 1.200000e+01
      vertex   3.350000e+01 3.423205e+01 2.000000e+00
      vertex   3.391421e+01 3.391421e+01 1.200000e+01
    endloop
  endfacet
  facet normal -6.087614e-01 -7.933533e-01 -0.000000e+00
    outer loop
      vertex   3.391421e+01 3.391421e+01 1.200000e+01
      vertex   3.350000e+01 3.423205e+01 2.000000e+00
      vertex   3.391421e+01 3.391421e+01 2.000000e+00
    endloop
  endfacet
  facet normal -7.933533e-01 -6.087614e-01 -0.000000e+00
    outer loop
      vertex   3.391421e+01 3.391421e+01 1.200000e+01
      vertex   3.391421e+01 3.391421e+01 2.000000e+00
      vertex   3.423205e+01 3.350000e+01 1.200000e+01
    endloop
  endfacet
  facet normal -7.933533e-01 -6.087614e-01 -0.000000e+00
    outer loop
      vertex   3.423205e+01 3.350000e+01 1.200000e+01
      vertex   3.391421e+01 3.391421e+01 2.000000e+00
      vertex   3.423205e+01 3.350000e+01 2.000000e+00
    endloop
  endfacet
  facet normal -9.238795e-01 -3.826834e-01 -0.000000e+00
    outer loop
      vertex   3.423205e+01 3.350000e+01 1.200000e+01
      vertex   3.423205e+01 3.350000e+01 2.000000e+00
      vertex   3.443185e+01 3.301764e+01 1.200000e+01
    endloop
  endfacet
  facet normal -9.238795e-01 -3.826834e-01 -0.000000e+00
    outer loop
      vertex   3.443185e+01 3.301764e+01 1.200000e+01
      vertex   3.423205e+01 3.350000e+01 2.000000e+00
      vertex   3.443185e+01 3.301764e+01 2.000000e+00
    endloop
  endfacet
  facet normal 9.945219e-01 -1.045285e-01 0.000000e+00
    outer loop
      vertex   3.641259e+01 3.166835e+01 1.200000e+01
      vertex   3.641259e+01 3.166835e+01 2.000000e+00
      vertex   3.650000e+01 3.250000e+01 1.200000e+01
    endloop
  endfacet
  facet normal 9.945219e-01 -1.045285e-01 0.000000e+00
    outer loop
      vertex   3.650000e+01 3.250000e+01 1.200000e+01
      vertex   3.641259e+01 3.166835e+01 2.000000e+00
      vertex   3.650000e+01 3.250000e+01 2.000000e+00
    endloop
  endfacet
  facet normal 9.945219e-01 1.045285e-01 0.000000e+00
    outer loop
      vertex   3.650000e+01 3.250000e+01 1.200000e+01
      vertex   3.650000e+01 3.250000e+01 2.000000e+00
      vertex   3.641259e+01 3.333165e+01 1.200000e+01
    endloop
  endfacet
  facet normal 9.945219e-01 1.045285e-01 0.000000e+00
    outer loop
      vertex   3.641259e+01 3.333165e+01 1.200000e+01
      vertex   3.650000e+01 3.250000e+01 2.000000e+00
      vertex   3.641259e+01 3.333165e+01 2.000000e+00
    endloop
  endfacet
  facet normal 9.510565e-01 3.090170e-01 0.000000e+00
    outer loop
      vertex   3.641259e+01 3.333165e+01 1.200000e+01
      vertex   3.641259e+01 3.333165e+01 2.000000e+00
      vertex   3.615418e+01 3.412695e+01 1.200000e+01
    endloop
  endfacet
  facet normal 9.510565e-01 3.090170e-01 2.195698e-16
    outer loop
      vertex   3.615418e+01 3.412695e+01 1.200000e+01
      vertex   3.641259e+01 3.333165e+01 2.000000e+00
      vertex   3.615418e+01 3.412695e+01 2.000000e+00
    endloop
  endfacet
  facet normal 8.660254e-01 5.000000e-01 3.552714e-16
    outer loop
      vertex   3.615418e+01 3.412695e+01 1.200000e+01
      vertex   3.615418e+01 3.412695e+01 2.000000e+00
      vertex   3.573607e+01 3.485114e+01 1.200000e+01
    endloop
  endfacet
  facet normal 8.660254e-01 5.000000e-01 0.000000e+00
    outer loop
      vertex   3.573607e+01 3.485114e+01 1.200000e+01
      vertex   3.615418e+01 3.412695e+01 2.000000e+00
      vertex   3.573607e+01 3.485114e+01 2.000000e+00
    endloop
  endfacet
  facet normal 7.431448e-01 6.691306e-01 0.000000e+00
    outer loop
      vertex   3.573607e+01 3.485114e+01 1.200000e+01
      vertex   3.573607e+01 3.485114e+01 2.000000e+00
      vertex   3.517652e+01 3.547258e+01 1.200000e+01
    endloop
  endfacet
  facet normal 7.431448e-01 6.691306e-01 -5.280362e-16
    outer loop
      vertex   3.517652e+01 3.547258e+01 1.200000e+01
      vertex   3.573607e+01 3.485114e+01 2.000000e+00
      vertex   3.517652e+01 3.547258e+01 2.000000e+00
    endloop
  endfacet
  facet normal 5.877853e-01 8.090170e-01 -4.176465e-16
    outer loop
      vertex   3.517652e+01 3.547258e+01 1.200000e+01
      vertex   3.517652e+01 3.547258e+01 2.000000e+00
      vertex   3.450000e+01 3.596410e+01 1.200000e+01
    endloop
  endfacet
  facet normal 5.877853e-01 8.090170e-01 0.000000e+00
    outer loop
      vertex   3.450000e+01 3.596410e+01 1.200000e+01
      vertex   3.517652e+01 3.547258e+01 2.000000e+00
      vertex   3.450000e+01 3.596410e+01 2.000000e+00
    endloop
  endfacet
  facet normal 4.067366e-01 9.135455e-01 0.000000e+00
    outer loop
      vertex   3.450000e+01 3.596410e+01 1.200000e+01
      vertex   3.450000e+01 3.596410e+01 2.000000e+00
      vertex   3.373607e+01 3.630423e+01 1.200000e+01
    endloop
  endfacet
  facet normal 4.067366e-01 9.135455e-01 0.000000e+00
    outer loop
      vertex   3.373607e+01 3.630423e+01 1.200000e+01
      vertex   3.450000e+01 3.596410e+01 2.000000e+00
      vertex   3.373607e+01 3.630423e+01 2.000000e+00
    endloop
  endfacet
  facet normal 2.079117e-01 9.781476e-01 0.000000e+00
    outer loop
      vertex   3.373607e+01 3.630423e+01 1.200000e+01
      vertex   3.373607e+01 3.630423e+01 2.000000e+00
      vertex   3.291811e+01 3.647809e+01 1.200000e+01
    endloop
  endfacet
  facet normal 2.079117e-01 9.781476e-01 0.000000e+00
    outer loop
      vertex   3.291811e+01 3.647809e+01 1.200000e+01
      vertex   3.373607e+01 3.630423e+01 2.000000e+00
      vertex   3.291811e+01 3.647809e+01 2.000000e+00
    endloop
  endfacet
  facet normal 0.000000e+00 1.000000e+00 0.000000e+00
    outer loop
      vertex   3.291811e+01 3.647809e+01 1.200000e+01
      vertex   3.291811e+01 3.647809e+01 2.000000e+00
      vertex   3.208189e+01 3.647809e+01 1.200000e+01
    endloop
  endfacet
  facet normal 0.000000e+00 1.000000e+00 0.000000e+00
    outer loop
      vertex   3.208189e+01 3.647809e+01 1.200000e+01
      vertex   3.291811e+01 3.647809e+01 2.000000e+00
      vertex   3.208189e+01 3.647809e+01 2.000000e+00
    endloop
  endfacet
  facet normal -2.079117e-01 9.781476e-01 1.477301e-16
    outer loop
      vertex   3.208189e+01 3.647809e+01 1.200000e+01
      vertex   3.208189e+01 3.647809e+01 2.000000e+00
      vertex   3.126393e+01 3.630423e+01 1.200000e+01
    endloop
  endfacet
  facet normal -2.079117e-01 9.781476e-01 0.000000e+00
    outer loop
      vertex   3.126393e+01 3.630423e+01 1.200000e+01
      vertex   3.208189e+01 3.647809e+01 2.000000e+00
      vertex   3.126393e+01 3.630423e+01 2.000000e+00
    endloop
  endfacet
  facet normal -4.067366e-01 9.135455e-01 0.000000e+00
    outer loop
      vertex   3.126393e+01 3.630423e+01 1.200000e+01
      vertex   3.126393e+01 3.630423e+01 2.000000e+00
      vertex   3.050000e+01 3.596410e+01 1.200000e+01
    endloop
  endfacet
  facet normal -4.067366e-01 9.135455e-01 1.445019e-16
    outer loop
      vertex   3.050000e+01 3.596410e+01 1.200000e+01
      vertex   3.126393e+01 3.630423e+01 2.000000e+00
      vertex   3.050000e+01 3.596410e+01 2.000000e+00
    endloop
  endfacet
  facet normal -5.877853e-01 8.090170e-01 2.088233e-16
    outer loop
      vertex   3.050000e+01 3.596410e+01 1.200000e+01
      vertex   3.050000e+01 3.596410e+01 2.000000e+00
      vertex   2.982348e+01 3.547258e+01 1.200000e+01
    endloop
  endfacet
  facet normal -5.877853e-01 8.090170e-01 4.176465e-16
    outer loop
      vertex   2.982348e+01 3.547258e+01 1.200000e+01
      vertex   3.050000e+01 3.596410e+01 2.000000e+00
      vertex   2.982348e+01 3.547258e+01 2.000000e+00
    endloop
  endfacet
  facet normal -7.431448e-01 6.691306e-01 5.280362e-16
    outer loop
      vertex   2.982348e+01 3.547258e+01 1.200000e+01
      vertex   2.982348e+01 3.547258e+01 2.000000e+00
      vertex   2.926393e+01 3.485114e+01 1.200000e+01
    endloop
  endfacet
  facet normal -7.431448e-01 6.691306e-01 0.000000e+00
    outer loop
      vertex   2.926393e+01 3.485114e+01 1.200000e+01
      vertex   2.982348e+01 3.547258e+01 2.000000e+00
      vertex   2.926393e+01 3.485114e+01 2.000000e+00
    endloop
  endfacet
  facet normal -8.660254e-01 5.000000e-01 0.000000e+00
    outer loop
      vertex   2.926393e+01 3.485114e+01 1.200000e+01
      vertex   2.926393e+01 3.485114e+01 2.000000e+00
      vertex   2.884582e+01 3.412695e+01 1.200000e+01
    endloop
  endfacet
  facet normal -8.660254e-01 5.000000e-01 0.000000e+00
    outer loop
      vertex   2.884582e+01 3.412695e+01 1.200000e+01
      vertex   2.926393e+01 3.485114e+01 2.000000e+00
      vertex   2.884582e+01 3.412695e+01 2.000000e+00
    endloop
  endfacet
  facet normal -9.510565e-01 3.090170e-01 0.000000e+00
    outer loop
      vertex   2.884582e+01 3.412695e+01 1.200000e+01
      vertex   2.884582e+01 3.412695e+01 2.000000e+00
      vertex   2.858741e+01 3.333165e+01 1.200000e+01
    endloop
  endfacet
  facet normal -9.510565e-01 3.090170e-01 0.000000e+00
    outer loop
      vertex   2.858741e+01 3.333165e+01 1.200000e+01
      vertex   2.884582e+01 3.412695e+01 2.000000e+00
      vertex   2.858741e+01 3.333165e+01 2.000000e+00
    endloop
  endfacet
  facet normal -9.945219e-01 1.045285e-01 0.000000e+00
    outer loop
      vertex   2.858741e+01 3.333165e+01 1.200000e+01
      vertex   2.858741e+01 3.333165e+01 2.000000e+00
      vertex   2.850000e+01 3.250000e+01 1.200000e+01
    endloop
  endfacet
  facet normal -9.945219e-01 1.045285e-01 0.000000e+00
    outer loop
      vertex   2.850000e+01 3.250000e+01 1.200000e+01
      vertex   2.858741e+01 3.333165e+01 2.000000e+00
      vertex   2.850000e+01 3.250000e+01 2.000000e+00
    endloop
  endfacet
  facet normal -9.945219e-01 -1.045285e-01 -0.000000e+00
    outer loop
      vertex   2.850000e+01 3.250000e+01 1.200000e+01
      vertex   2.850000e+01 3.250000e+01 2.000000e+00
      vertex   2.858741e+01 3.166835e+01 1.200000e+01
    endloop
  endfacet
  facet normal -9.945219e-01 -1.045285e-01 -0.000000e+00
    outer loop
      vertex   2.858741e+01 3.166835e+01 1.200000e+01
      vertex   2.850000e+01 3.250000e+01 2.000000e+00
      vertex   2.858741e+01 3.166835e+01 2.000000e+00
    endloop
  endfacet
  facet normal -9.510565e-01 -3.090170e-01 -0.000000e+00
    outer loop
      vertex   2.858741e+01 3.166835e+01 1.200000e+01
      vertex   2.858741e+01 3.166835e+01 2.000000e+00
      vertex   2.884582e+01 3.087305e+01 1.200000e+01
    endloop
  endfacet
  facet normal -9.510565e-01 -3.090170e-01 -0.000000e+00
    outer loop
      vertex   2.884582e+01 3.087305e+01 1.200000e+01
      vertex   2.858741e+01 3.166835e+01 2.000000e+00
      vertex   2.884582e+01 3.087305e+01 2.000000e+00
    endloop
  endfacet
  facet normal -8.660254e-01 -5.000000e-01 -0.000000e+00
    outer loop
      vertex   2.884582e+01 3.087305e+01 1.200000e+01
      vertex   2.884582e+01 3.087305e+01 2.000000e+00
      vertex   2.926393e+01 3.014886e+01 1.200000e+01
    endloop
  endfacet
  facet normal -8.660254e-01 -5.000000e-01 -0.000000e+00
    outer loop
      vertex   2.926393e+01 3.014886e+01 1.200000e+01
      vertex   2.884582e+01 3.087305e+01 2.000000e+00
      vertex   2.926393e+01 3.014886e+01 2.000000e+00
    endloop
  endfacet
  facet normal -7.431448e-01 -6.691306e-01 -0.000000e+00
    outer loop
      vertex   2.926393e+01 3.014886e+01 1.200000e+01
      vertex   2.926393e+01 3.014886e+01 2.000000e+00
      vertex   2.982348e+01 2.952742e+01 1.200000e+01
    endloop
  endfacet
  facet normal -7.431448e-01 -6.691306e-01 -5.280362e-16
    outer loop
      vertex   2.982348e+01 2.952742e+01 1.200000e+01
      vertex   2.926393e+01 3.014886e+01 2.000000e+00
      vertex   2.982348e+01 2.952742e+01 2.000000e+00
    endloop
  endfacet
  facet normal -5.877853e-01 -8.090170e-01 -4.176465e-16
    outer loop
      vertex   2.982348e+01 2.952742e+01 1.200000e+01
      vertex   2.982348e+01 2.952742e+01 2.000000e+00
      vertex   3.050000e+01 2.903590e+01 1.200000e+01
    endloop
  endfacet
  facet normal -5.877853e-01 -8.090170e-01 -2.088233e-16
    outer loop
      vertex   3.050000e+01 2.903590e+01 1.200000e+01
      vertex   2.982348e+01 2.952742e+01 2.000000e+00
      vertex   3.050000e+01 2.903590e+01 2.000000e+00
    endloop
  endfacet
  facet normal -4.067366e-01 -9.135455e-01 -1.445019e-16
    outer loop
      vertex   3.050000e+01 2.903590e+01 1.200000e+01
      vertex   3.050000e+01 2.903590e+01 2.000000e+00
      vertex   3.126393e+01 2.869577e+01 1.200000e+01
    endloop
  endfacet
  facet normal -4.067366e-01 -9.135455e-01 -0.000000e+00
    outer loop
      vertex   3.126393e+01 2.869577e+01 1.200000e+01
      vertex   3.050000e+01 2.903590e+01 2.000000e+00
      vertex   3.126393e+01 2.869577e+01 2.000000e+00
    endloop
  endfacet
  facet normal -2.079117e-01 -9.781476e-01 -0.000000e+00
    outer loop
      vertex   3.126393e+01 2.869577e+01 1.200000e+01
      vertex   3.126393e+01 2.869577e+01 2.000000e+00
      vertex   3.208189e+01 2.852191e+01 1.200000e+01
    endloop
  endfacet
  facet normal -2.079117e-01 -9.781476e-01 -1.477301e-16
    outer loop
      vertex   3.208189e+01 2.852191e+01 1.200000e+01
      vertex   3.126393e+01 2.869577e+01 2.000000e+00
      vertex   3.208189e+01 2.852191e+01 2.000000e+00
    endloop
  endfacet
  facet normal 0.000000e+00 -1.000000e+00 0.000000e+00
    outer loop
      vertex   3.208189e+01 2.852191e+01 1.200000e+01
      vertex   3.208189e+01 2.852191e+01 2.000000e+00
      vertex   3.291811e+01 2.852191e+01 1.200000e+01
    endloop
  endfacet
  facet normal 0.000000e+00 -1.000000e+00 -0.000000e+00
    outer loop
      vertex   3.291811e+01 2.852191e+01 1.200000e+01
      vertex   3.208189e+01 2.852191e+01 2.000000e+00
      vertex   3.291811e+01 2.852191e+01 2.000000e+00
    endloop
  endfacet
  facet normal 2.079117e-01 -9.781476e-01 0.000000e+00
    outer loop
      vertex   3.291811e+01 2.852191e+01 1.200000e+01
      vertex   3.291811e+01 2.852191e+01 2.000000e+00
      vertex   3.373607e+01 2.869577e+01 1.200000e+01
    endloop
  endfacet
  facet normal 2.079117e-01 -9.781476e-01 0.000000e+00
    outer loop
      vertex   3.373607e+01 2.869577e+01 1.200000e+01
      vertex   3.291811e+01 2.852191e+01 2.000000e+00
      vertex   3.373607e+01 2.869577e+01 2.000000e+00
    endloop
  endfacet
  facet normal 4.067366e-01 -9.135455e-01 0.000000e+00
    outer loop
      vertex   3.373607e+01 2.869577e+01 1.200000e+01
      vertex   3.373607e+01 2.869577e+01 2.000000e+00
      vertex   3.450000e+01 2.903590e+01 1.200000e+01
    endloop
  endfacet
  facet normal 4.067366e-01 -9.135455e-01 0.000000e+00
    outer loop
      vertex   3.450000e+01 2.903590e+01 1.200000e+01
      vertex   3.373607e+01 2.869577e+01 2.000000e+00
      vertex   3.450000e+01 2.903590e+01 2.000000e+00
    endloop
  endfacet
  facet normal 5.877853e-01 -8.090170e-01 0.000000e+00
    outer loop
      vertex   3.450000e+01 2.903590e+01 1.200000e+01
      vertex   3.450000e+01 2.903590e+01 2.000000e+00
      vertex   3.517652e+01 2.952742e+01 1.200000e+01
    endloop
  endfacet
  facet normal 5.877853e-01 -8.090170e-01 4.176465e-16
    outer loop
      vertex   3.517652e+01 2.952742e+01 1.200000e+01
      vertex   3.450000e+01 2.903590e+01 2.000000e+00
      vertex   3.517652e+01 2.952742e+01 2.000000e+00
    endloop
  endfacet
  facet normal 7.431448e-01 -6.691306e-01 5.280362e-16
    outer loop
      vertex   3.517652e+01 2.952742e+01 1.200000e+01
      vertex   3.517652e+01 2.952742e+01 2.000000e+00
      vertex   3.573607e+01 3.014886e+01 1.200000e+01
    endloop
  endfacet
  facet normal 7.431448e-01 -6.691306e-01 0.000000e+00
    outer loop
      vertex   3.573607e+01 3.014886e+01 1.200000e+01
      vertex   3.517652e+01 2.952742e+01 2.000000e+00
      vertex   3.573607e+01 3.014886e+01 2.000000e+00
    endloop
  endfacet
  facet normal 8.660254e-01 -5.000000e-01 0.000000e+00
    outer loop
      vertex   3.573607e+01 3.014886e+01 1.200000e+01
      vertex   3.573607e+01 3.014886e+01 2.000000e+00
      vertex   3.615418e+01 3.087305e+01 1.200000e+01
    endloop
  endfacet
  facet normal 8.660254e-01 -5.000000e-01 -1.776357e-16
    outer loop
      vertex   3.615418e+01 3.087305e+01 1.200000e+01
      vertex   3.573607e+01 3.014886e+01 2.000000e+00
      vertex   3.615418e+01 3.087305e+01 2.000000e+00
    endloop
  endfacet
  facet normal 9.510565e-01 -3.090170e-01 -1.097849e-16
    outer loop
      vertex   3.615418e+01 3.087305e+01 1.200000e+01
      vertex   3.615418e+01 3.087305e+01 2.000000e+00
      vertex   3.641259e+01 3.166835e+01 1.200000e+01
    endloop
  endfacet
  facet normal 9.510565e-01 -3.090170e-01 0.000000e+00
    outer loop
      vertex   3.641259e+01 3.166835e+01 1.200000e+01
      vertex   3.615418e+01 3.087305e+01 2.000000e+00
      vertex   3.641259e+01 3.166835e+01 2.000000e+00
    endloop
  endfacet
  facet normal -0.000000e+00 0.000000e+00 1.000000e+00
    outer loop
      vertex   3.443185e+01 3.198236e+01 1.200000e+01
      vertex   3.641259e+01 3.166835e+01 1.200000e+01
      vertex   3.450000e+01 3.250000e+01 1.200000e+01
    endloop
  endfacet
  facet normal -0.000000e+00 0.000000e+00 1.000000e+00
    outer loop
      vertex   3.450000e+01 3.250000e+01 1.200000e+01
      vertex   3.641259e+01 3.166835e+01 1.200000e+01
      vertex   3.650000e+01 3.250000e+01 1.200000e+01
    endloop
  endfacet
  facet normal 0.000000e+00 0.000000e+00 1.000000e+00
    outer loop
      vertex   3.450000e+01 3.250000e+01 1.200000e+01
      vertex   3.650000e+01 3.250000e+01 1.200000e+01
      vertex   3.641259e+01 3.333165e+01 1.200000e+01
    endloop
  endfacet
  facet normal 0.000000e+00 0.000000e+00 1.000000e+00
    outer loop
      vertex   3.641259e+01 3.166835e+01 1.200000e+01
      vertex   3.443185e+01 3.198236e+01 1.200000e+01
      vertex   3.615418e+01 3.087305e+01 1.200000e+01
    endloop
  endfacet
  facet normal 0.000000e+00 0.000000e+00 1.000000e+00
    outer loop
      vertex   3.615418e+01 3.087305e+01 1.200000e+01
      vertex   3.443185e+01 3.198236e+01 1.200000e+01
      vertex   3.423205e+01 3.150000e+01 1.200000e+01
    endloop
  endfacet
  facet normal 0.000000e+00 0.000000e+00 1.000000e+00
    outer loop
      vertex   3.615418e+01 3.087305e+01 1.200000e+01
      vertex   3.423205e+01 3.150000e+01 1.200000e+01
      vertex   3.573607e+01 3.014886e+01 1.200000e+01
    endloop
  endfacet
  facet normal 0.000000e+00 0.000000e+00 1.000000e+00
    outer loop
      vertex   3.573607e+01 3.014886e+01 1.200000e+01
      vertex   3.423205e+01 3.150000e+01 1.200000e+01
      vertex   3.391421e+01 3.108579e+01 1.200000e+01
    endloop
  endfacet
  facet normal 0.000000e+00 0.000000e+00 1.000000e+00
    outer loop
      vertex   3.573607e+01 3.014886e+01 1.200000e+01
      vertex   3.391421e+01 3.108579e+01 1.200000e+01
      vertex   3.517652e+01 2.952742e+01 1.200000e+01
    endloop
  endfacet
  facet normal 0.000000e+00 0.000000e+00 1.000000e+00
    outer loop
      vertex   3.517652e+01 2.952742e+01 1.200000e+01
      vertex   3.391421e+01 3.108579e+01 1.200000e+01
      vertex   3.350000e+01 3.076795e+01 1.200000e+01
    endloop
  endfacet
  facet normal 0.000000e+00 0.000000e+00 1.000000e+00
    outer loop
      vertex   3.517652e+01 2.952742e+01 1.200000e+01
      vertex   3.350000e+01 3.076795e+01 1.200000e+01
      vertex   3.450000e+01 2.903590e+01 1.200000e+01
    endloop
  endfacet
  facet normal 0.000000e+00 0.000000e+00 1.000000e+00
    outer loop
      vertex   3.450000e+01 2.903590e+01 1.200000e+01
      vertex   3.350000e+01 3.076795e+01 1.200000e+01
      vertex   3.373607e+01 2.869577e+01 1.200000e+01
    endloop
  endfacet
  facet normal 0.000000e+00 0.000000e+00 1.000000e+00
    outer loop
      vertex   3.373607e+01 2.869577e+01 1.200000e+01
      vertex   3.350000e+01 3.076795e+01 1.200000e+01
      vertex   3.301764e+01 3.056815e+01 1.200000e+01
    endloop
  endfacet
  facet normal 0.000000e+00 0.000000e+00 1.000000e+00
    outer loop
      vertex   3.373607e+01 2.869577e+01 1.200000e+01
      vertex   3.301764e+01 3.056815e+01 1.200000e+01
      vertex   3.291811e+01 2.852191e+01 1.200000e+01
    endloop
  endfacet
  facet normal 0.000000e+00 -0.000000e+00 1.000000e+00
    outer loop
      vertex   3.291811e+01 2.852191e+01 1.200000e+01
      vertex   3.301764e+01 3.056815e+01 1.200000e+01
      vertex   3.250000e+01 3.050000e+01 1.200000e+01
    endloop
  endfacet
  facet normal 0.000000e+00 0.000000e+00 1.000000e+00
    outer loop
      vertex   3.291811e+01 2.852191e+01 1.200000e+01
      vertex   3.250000e+01 3.050000e+01 1.200000e+01
      vertex   3.208189e+01 2.852191e+01 1.200000e+01
    endloop
  endfacet
  facet normal 0.000000e+00 -0.000000e+00 1.000000e+00
    outer loop
      vertex   3.208189e+01 2.852191e+01 1.200000e+01
      vertex   3.250000e+01 3.050000e+01 1.200000e+01
      vertex   3.198236e+01 3.056815e+01 1.200000e+01
    endloop
  endfacet
  facet normal 0.000000e+00 0.000000e+00 1.000000e+00
    outer loop
      vertex   3.208189e+01 2.852191e+01 1.200000e+01
      vertex   3.198236e+01 3.056815e+01 1.200000e+01
      vertex   3.126393e+01 2.869577e+01 1.200000e+01
    endloop
  endfacet
  facet normal 0.000000e+00 0.000000e+00 1.000000e+00
    outer loop
      vertex   3.126393e+01 2.869577e+01 1.200000e+01
      vertex   3.198236e+01 3.056815e+01 1.200000e+01
      vertex   3.150000e+01 3.076795e+01 1.200000e+01
    endloop
  endfacet
  facet normal 0.000000e+00 -0.000000e+00 1.000000e+00
    outer loop
      vertex   3.126393e+01 2.869577e+01 1.200000e+01
      vertex   3.150000e+01 3.076795e+01 1.200000e+01
      vertex   3.050000e+01 2.903590e+01 1.200000e+01
    endloop
  endfacet
  facet normal 0.000000e+00 -0.000000e+00 1.000000e+00
    outer loop
      vertex   3.050000e+01 2.903590e+01 1.200000e+01
      vertex   3.150000e+01 3.076795e+01 1.200000e+01
      vertex   2.982348e+01 2.952742e+01 1.200000e+01
    endloop
  endfacet
  facet normal 0.000000e+00 0.000000e+00 1.000000e+00
    outer loop
      vertex   2.982348e+01 2.952742e+01 1.200000e+01
      vertex   3.150000e+01 3.076795e+01 1.200000e+01
      vertex   3.108579e+01 3.108579e+01 1.200000e+01
    endloop
  endfacet
  facet normal 0.000000e+00 -0.000000e+00 1.000000e+00
    outer loop
      vertex   2.982348e+01 2.952742e+01 1.200000e+01
      vertex   3.108579e+01 3.108579e+01 1.200000e+01
      vertex   2.926393e+01 3.014886e+01 1.200000e+01
    endloop
  endfacet
  facet normal 0.000000e+00 0.000000e+00 1.000000e+00
    outer loop
      vertex   2.926393e+01 3.014886e+01 1.200000e+01
      vertex   3.108579e+01 3.108579e+01 1.200000e+01
      vertex   3.076795e+01 3.150000e+01 1.200000e+01
    endloop
  endfacet
  facet normal 0.000000e+00 -0.000000e+00 1.000000e+00
    outer loop
      vertex   2.926393e+01 3.014886e+01 1.200000e+01
      vertex   3.076795e+01 3.150000e+01 1.200000e+01
      vertex   2.884582e+01 3.087305e+01 1.200000e+01
    endloop
  endfacet
  facet normal 0.000000e+00 0.000000e+00 1.000000e+00
    outer loop
      vertex   2.884582e+01 3.087305e+01 1.200000e+01
      vertex   3.076795e+01 3.150000e+01 1.200000e+01
      vertex   3.056815e+01 3.198236e+01 1.200000e+01
    endloop
  endfacet
  facet normal 0.000000e+00 -0.000000e+00 1.000000e+00
    outer loop
      vertex   2.884582e+01 3.087305e+01 1.200000e+01
      vertex   3.056815e+01 3.198236e+01 1.200000e+01
      vertex   2.858741e+01 3.166835e+01 1.200000e+01
    endloop
  endfacet
  facet normal 0.000000e+00 0.000000e+00 1.000000e+00
    outer loop
      vertex   2.858741e+01 3.166835e+01 1.200000e+01
      vertex   3.056815e+01 3.198236e+01 1.200000e+01
      vertex   3.050000e+01 3.250000e+01 1.200000e+01
    endloop
  endfacet
  facet normal 0.000000e+00 -0.000000e+00 1.000000e+00
    outer loop
      vertex   2.858741e+01 3.166835e+01 1.200000e+01
      vertex   3.050000e+01 3.250000e+01 1.200000e+01
      vertex   2.850000e+01 3.250000e+01 1.200000e+01
    endloop
  endfacet
  facet normal 0.000000e+00 0.000000e+00 1.000000e+00
    outer loop
      vertex   2.850000e+01 3.250000e+01 1.200000e+01
      vertex   3.050000e+01 3.250000e+01 1.200000e+01
      vertex   2.858741e+01 3.333165e+01 1.200000e+01
    endloop
  endfacet
  facet normal 0.000000e+00 0.000000e+00 1.000000e+00
    outer loop
      vertex   2.858741e+01 3.333165e+01 1.200000e+01
      vertex   3.050000e+01 3.250000e+01 1.200000e+01
      vertex   3.056815e+01 3.301764e+01 1.200000e+01
    endloop
  endfacet
  facet normal -0.000000e+00 0.000000e+00 1.000000e+00
    outer loop
      vertex   2.858741e+01 3.333165e+01 1.200000e+01
      vertex   3.056815e+01 3.301764e+01 1.200000e+01
      vertex   2.884582e+01 3.412695e+01 1.200000e+01
    endloop
  endfacet
  facet normal 0.000000e+00 0.000000e+00 1.000000e+00
    outer loop
      vertex   2.884582e+01 3.412695e+01 1.200000e+01
      vertex   3.056815e+01 3.301764e+01 1.200000e+01
      vertex   3.076795e+01 3.350000e+01 1.200000e+01
    endloop
  endfacet
  facet normal -0.000000e+00 0.000000e+00 1.000000e+00
    outer loop
      vertex   2.884582e+01 3.412695e+01 1.200000e+01
      vertex   3.076795e+01 3.350000e+01 1.200000e+01
      vertex   2.926393e+01 3.485114e+01 1.200000e+01
    endloop
  endfacet
  facet normal 0.000000e+00 0.000000e+00 1.000000e+00
    outer loop
      vertex   2.926393e+01 3.485114e+01 1.200000e+01
      vertex   3.076795e+01 3.350000e+01 1.200000e+01
      vertex   3.108579e+01 3.391421e+01 1.200000e+01
    endloop
  endfacet
  facet normal -0.000000e+00 0.000000e+00 1.000000e+00
    outer loop
      vertex   2.926393e+01 3.485114e+01 1.200000e+01
      vertex   3.108579e+01 3.391421e+01 1.200000e+01
      vertex   2.982348e+01 3.547258e+01 1.200000e+01
    endloop
  endfacet
  facet normal 0.000000e+00 0.000000e+00 1.000000e+00
    outer loop
      vertex   2.982348e+01 3.547258e+01 1.200000e+01
      vertex   3.108579e+01 3.391421e+01 1.200000e+01
      vertex   3.150000e+01 3.423205e+01 1.200000e+01
    endloop
  endfacet
  facet normal -0.000000e+00 0.000000e+00 1.000000e+00
    outer loop
      vertex   2.982348e+01 3.547258e+01 1.200000e+01
      vertex   3.150000e+01 3.423205e+01 1.200000e+01
      vertex   3.050000e+01 3.596410e+01 1.200000e+01
    endloop
  endfacet
  facet normal -0.000000e+00 0.000000e+00 1.000000e+00
    outer loop
      vertex   3.050000e+01 3.596410e+01 1.200000e+01
      vertex   3.150000e+01 3.423205e+01 1.200000e+01
      vertex   3.126393e+01 3.630423e+01 1.200000e+01
    endloop
  endfacet
  facet normal 0.000000e+00 0.000000e+00 1.000000e+00
    outer loop
      vertex   3.126393e+01 3.630423e+01 1.200000e+01
      vertex   3.150000e+01 3.423205e+01 1.200000e+01
      vertex   3.198236e+01 3.443185e+01 1.200000e+01
    endloop
  endfacet
  facet normal -0.000000e+00 0.000000e+00 1.000000e+00
    outer loop
      vertex   3.126393e+01 3.630423e+01 1.200000e+01
      vertex   3.198236e+01 3.443185e+01 1.200000e+01
      vertex   3.208189e+01 3.647809e+01 1.200000e+01
    endloop
  endfacet
  facet normal 0.000000e+00 0.000000e+00 1.000000e+00
    outer loop
      vertex   3.208189e+01 3.647809e+01 1.200000e+01
      vertex   3.198236e+01 3.443185e+01 1.200000e+01
      vertex   3.250000e+01 3.450000e+01 1.200000e+01
    endloop
  endfacet
  facet normal -0.000000e+00 0.000000e+00 1.000000e+00
    outer loop
      vertex   3.208189e+01 3.647809e+01 1.200000e+01
      vertex   3.250000e+01 3.450000e+01 1.200000e+01
      vertex   3.291811e+01 3.647809e+01 1.200000e+01
    endloop
  endfacet
  facet normal 0.000000e+00 0.000000e+00 1.000000e+00
    outer loop
      vertex   3.291811e+01 3.647809e+01 1.200000e+01
      vertex   3.250000e+01 3.450000e+01 1.200000e+01
      vertex   3.301764e+01 3.443185e+01 1.200000e+01
    endloop
  endfacet
  facet normal 0.000000e+00 0.000000e+00 1.000000e+00
    outer loop
      vertex   3.291811e+01 3.647809e+01 1.200000e+01
      vertex   3.301764e+01 3.443185e+01 1.200000e+01
      vertex   3.373607e+01 3.630423e+01 1.200000e+01
    endloop
  endfacet
  facet normal 0.000000e+00 0.000000e+00 1.000000e+00
    outer loop
      vertex   3.373607e+01 3.630423e+01 1.200000e+01
      vertex   3.301764e+01 3.443185e+01 1.200000e+01
      vertex   3.350000e+01 3.423205e+01 1.200000e+01
    endloop
  endfacet
  facet normal 0.000000e+00 0.000000e+00 1.000000e+00
    outer loop
      vertex   3.373607e+01 3.630423e+01 1.200000e+01
      vertex   3.350000e+01 3.423205e+01 1.200000e+01
      vertex   3.450000e+01 3.596410e+01 1.200000e+01
    endloop
  endfacet
  facet normal 0.000000e+00 0.000000e+00 1.000000e+00
    outer loop
      vertex   3.450000e+01 3.596410e+01 1.200000e+01
      vertex   3.350000e+01 3.423205e+01 1.200000e+01
      vertex   3.517652e+01 3.547258e+01 1.200000e+01
    endloop
  endfacet
  facet normal 0.000000e+00 0.000000e+00 1.000000e+00
    outer loop
      vertex   3.517652e+01 3.547258e+01 1.200000e+01
      vertex   3.350000e+01 3.423205e+01 1.200000e+01
      vertex   3.391421e+01 3.391421e+01 1.200000e+01
    endloop
  endfacet
  facet normal 0.000000e+00 0.000000e+00 1.000000e+00
    outer loop
      vertex   3.517652e+01 3.547258e+01 1.200000e+01
      vertex   3.391421e+01 3.391421e+01 1.200000e+01
      vertex   3.573607e+01 3.485114e+01 1.200000e+01
    endloop
  endfacet
  facet normal 0.000000e+00 0.000000e+00 1.000000e+00
    outer loop
      vertex   3.573607e+01 3.485114e+01 1.200000e+01
      vertex   3.391421e+01 3.391421e+01 1.200000e+01
      vertex   3.423205e+01 3.350000e+01 1.200000e+01
    endloop
  endfacet
  facet normal 0.000000e+00 0.000000e+00 1.000000e+00
    outer loop
      vertex   3.573607e+01 3.485114e+01 1.200000e+01
      vertex   3.423205e+01 3.350000e+01 1.200000e+01
      vertex   3.615418e+01 3.412695e+01 1.200000e+01
    endloop
  endfacet
  facet normal 0.000000e+00 0.000000e+00 1.000000e+00
    outer loop
      vertex   3.615418e+01 3.412695e+01 1.200000e+01
      vertex   3.423205e+01 3.350000e+01 1.200000e+01
      vertex   3.443185e+01 3.301764e+01 1.200000e+01
    endloop
  endfacet
  facet normal 0.000000e+00 0.000000e+00 1.000000e+00
    outer loop
      vertex   3.615418e+01 3.412695e+01 1.200000e+01
      vertex   3.443185e+01 3.301764e+01 1.200000e+01
      vertex   3.641259e+01 3.333165e+01 1.200000e+01
    endloop
  endfacet
  facet normal 0.000000e+00 0.000000e+00 1.000000e+00
    outer loop
      vertex   3.641259e+01 3.333165e+01 1.200000e+01
      vertex   3.443185e+01 3.301764e+01 1.200000e+01
      vertex   3.450000e+01 3.250000e+01 1.200000e+01
    endloop
  endfacet
  facet normal 0.000000e+00 0.000000e+00 1.000000e+00
    outer loop
      vertex   -3.056815e+01 3.301764e+01 2.000000e+00
      vertex   -3.443185e+01 3.301764e+01 2.000000e+00
      vertex   -3.050000e+01 3.250000e+01 2.000000e+00
    endloop
  endfacet
  facet normal 0.000000e+00 0.000000e+00 1.000000e+00
    outer loop
      vertex   -3.050000e+01 3.250000e+01 2.000000e+00
      vertex   -3.443185e+01 3.301764e+01 2.000000e+00
      vertex   -3.450000e+01 3.250000e+01 2.000000e+00
    endloop
  endfacet
  facet normal 0.000000e+00 0.000000e+00 1.000000e+00
    outer loop
      vertex   -3.050000e+01 3.250000e+01 2.000000e+00
      vertex   -3.450000e+01 3.250000e+01 2.000000e+00
      vertex   -3.056815e+01 3.198236e+01 2.000000e+00
    endloop
  endfacet
  facet normal 0.000000e+00 0.000000e+00 1.000000e+00
    outer loop
      vertex   -3.056815e+01 3.198236e+01 2.000000e+00
      vertex   -3.450000e+01 3.250000e+01 2.000000e+00
      vertex   -3.443185e+01 3.198236e+01 2.000000e+00
    endloop
  endfacet
  facet normal 0.000000e+00 0.000000e+00 1.000000e+00
    outer loop
      vertex   -3.056815e+01 3.198236e+01 2.000000e+00
      vertex   -3.443185e+01 3.198236e+01 2.000000e+00
      vertex   -3.076795e+01 3.150000e+01 2.000000e+00
    endloop
  endfacet
  facet normal 0.000000e+00 0.000000e+00 1.000000e+00
    outer loop
      vertex   -3.076795e+01 3.150000e+01 2.000000e+00
      vertex   -3.443185e+01 3.198236e+01 2.000000e+00
      vertex   -3.423205e+01 3.150000e+01 2.000000e+00
    endloop
  endfacet
  facet normal 0.000000e+00 0.000000e+00 1.000000e+00
    outer loop
      vertex   -3.076795e+01 3.150000e+01 2.000000e+00
      vertex   -3.423205e+01 3.150000e+01 2.000000e+00
      vertex   -3.108579e+01 3.108579e+01 2.000000e+00
    endloop
  endfacet
  facet normal 0.000000e+00 0.000000e+00 1.000000e+00
    outer loop
      vertex   -3.108579e+01 3.108579e+01 2.000000e+00
      vertex   -3.423205e+01 3.150000e+01 2.000000e+00
      vertex   -3.391421e+01 3.108579e+01 2.000000e+00
    endloop
  endfacet
  facet normal 0.000000e+00 0.000000e+00 1.000000e+00
    outer loop
      vertex   -3.108579e+01 3.108579e+01 2.000000e+00
      vertex   -3.391421e+01 3.108579e+01 2.000000e+00
      vertex   -3.150000e+01 3.076795e+01 2.000000e+00
    endloop
  endfacet
  facet normal 0.000000e+00 0.000000e+00 1.000000e+00
    outer loop
      vertex   -3.150000e+01 3.076795e+01 2.000000e+00
      vertex   -3.391421e+01 3.108579e+01 2.000000e+00
      vertex   -3.350000e+01 3.076795e+01 2.000000e+00
    endloop
  endfacet
  facet normal 0.000000e+00 0.000000e+00 1.000000e+00
    outer loop
      vertex   -3.150000e+01 3.076795e+01 2.000000e+00
      vertex   -3.350000e+01 3.076795e+01 2.000000e+00
      vertex   -3.198236e+01 3.056815e+01 2.000000e+00
    endloop
  endfacet
  facet normal 0.000000e+00 0.000000e+00 1.000000e+00
    outer loop
      vertex   -3.198236e+01 3.056815e+01 2.000000e+00
      vertex   -3.350000e+01 3.076795e+01 2.000000e+00
      vertex   -3.301764e+01 3.056815e+01 2.000000e+00
    endloop
  endfacet
  facet normal 0.000000e+00 0.000000e+00 1.000000e+00
    outer loop
      vertex   -3.198236e+01 3.056815e+01 2.000000e+00
      vertex   -3.301764e+01 3.056815e+01 2.000000e+00
      vertex   -3.250000e+01 3.050000e+01 2.000000e+00
    endloop
  endfacet
  facet normal 0.000000e+00 0.000000e+00 1.000000e+00
    outer loop
      vertex   -3.443185e+01 3.301764e+01 2.000000e+00
      vertex   -3.056815e+01 3.301764e+01 2.000000e+00
      vertex   -3.423205e+01 3.350000e+01 2.000000e+00
    endloop
  endfacet
  facet normal -0.000000e+00 0.000000e+00 1.000000e+00
    outer loop
      vertex   -3.423205e+01 3.350000e+01 2.000000e+00
      vertex   -3.056815e+01 3.301764e+01 2.000000e+00
      vertex   -3.076795e+01 3.350000e+01 2.000000e+00
    endloop
  endfacet
  facet normal 0.000000e+00 0.000000e+00 1.000000e+00
    outer loop
      vertex   -3.423205e+01 3.350000e+01 2.000000e+00
      vertex   -3.076795e+01 3.350000e+01 2.000000e+00
      vertex   -3.391421e+01 3.391421e+01 2.000000e+00
    endloop
  endfacet
  facet normal -0.000000e+00 0.000000e+00 1.000000e+00
    outer loop
      vertex   -3.391421e+01 3.391421e+01 2.000000e+00
      vertex   -3.076795e+01 3.350000e+01 2.000000e+00
      vertex   -3.108579e+01 3.391421e+01 2.000000e+00
    endloop
  endfacet
  facet normal 0.000000e+00 0.000000e+00 1.000000e+00
    outer loop
      vertex   -3.391421e+01 3.391421e+01 2.000000e+00
      vertex   -3.108579e+01 3.391421e+01 2.000000e+00
      vertex   -3.350000e+01 3.423205e+01 2.000000e+00
    endloop
  endfacet
  facet normal -0.000000e+00 0.000000e+00 1.000000e+00
    outer loop
      vertex   -3.350000e+01 3.423205e+01 2.000000e+00
      vertex   -3.108579e+01 3.391421e+01 2.000000e+00
      vertex   -3.150000e+01 3.423205e+01 2.000000e+00
    endloop
  endfacet
  facet normal 0.000000e+00 0.000000e+00 1.000000e+00
    outer loop
      vertex   -3.350000e+01 3.423205e+01 2.000000e+00
      vertex   -3.150000e+01 3.423205e+01 2.000000e+00
      vertex   -3.301764e+01 3.443185e+01 2.000000e+00
    endloop
  endfacet
  facet normal -0.000000e+00 0.000000e+00 1.000000e+00
    outer loop
      vertex   -3.301764e+01 3.443185e+01 2.000000e+00
      vertex   -3.150000e+01 3.423205e+01 2.000000e+00
      vertex   -3.198236e+01 3.443185e+01 2.000000e+00
    endloop
  endfacet
  facet normal 0.000000e+00 0.000000e+00 1.000000e+00
    outer loop
      vertex   -3.301764e+01 3.443185e+01 2.000000e+00
      vertex   -3.198236e+01 3.443185e+01 2.000000e+00
      vertex   -3.250000e+01 3.450000e+01 2.000000e+00
    endloop
  endfacet
  facet normal -9.914449e-01 -1.305262e-01 -0.000000e+00
    outer loop
      vertex   -3.056815e+01 -3.198236e+01 1.200000e+01
      vertex   -3.056815e+01 -3.198236e+01 2.000000e+00
      vertex   -3.050000e+01 -3.250000e+01 1.200000e+01
    endloop
  endfacet
  facet normal -9.914449e-01 -1.305262e-01 -0.000000e+00
    outer loop
      vertex   -3.050000e+01 -3.250000e+01 1.200000e+01
      vertex   -3.056815e+01 -3.198236e+01 2.000000e+00
      vertex   -3.050000e+01 -3.250000e+01 2.000000e+00
    endloop
  endfacet
  facet normal -9.914449e-01 1.305262e-01 0.000000e+00
    outer loop
      vertex   -3.050000e+01 -3.250000e+01 1.200000e+01
      vertex   -3.050000e+01 -3.250000e+01 2.000000e+00
      vertex   -3.056815e+01 -3.301764e+01 1.200000e+01
    endloop
  endfacet
  facet normal -9.914449e-01 1.305262e-01 0.000000e+00
    outer loop
      vertex   -3.056815e+01 -3.301764e+01 1.200000e+01
      vertex   -3.050000e+01 -3.250000e+01 2.000000e+00
      vertex   -3.056815e+01 -3.301764e+01 2.000000e+00
    endloop
  endfacet
  facet normal -9.238795e-01 3.826834e-01 0.000000e+00
    outer loop
      vertex   -3.056815e+01 -3.301764e+01 1.200000e+01
      vertex   -3.056815e+01 -3.301764e+01 2.000000e+00
      vertex   -3.076795e+01 -3.350000e+01 1.200000e+01
    endloop
  endfacet
  facet normal -9.238795e-01 3.826834e-01 0.000000e+00
    outer loop
      vertex   -3.076795e+01 -3.350000e+01 1.200000e+01
      vertex   -3.056815e+01 -3.301764e+01 2.000000e+00
      vertex   -3.076795e+01 -3.350000e+01 2.000000e+00
    endloop
  endfacet
  facet normal -7.933533e-01 6.087614e-01 0.000000e+00
    outer loop
      vertex   -3.076795e+01 -3.350000e+01 1.200000e+01
      vertex   -3.076795e+01 -3.350000e+01 2.000000e+00
      vertex   -3.108579e+01 -3.391421e+01 1.200000e+01
    endloop
  endfacet
  facet normal -7.933533e-01 6.087614e-01 0.000000e+00
    outer loop
      vertex   -3.108579e+01 -3.391421e+01 1.200000e+01
      vertex   -3.076795e+01 -3.350000e+01 2.000000e+00
      vertex   -3.108579e+01 -3.391421e+01 2.000000e+00
    endloop
  endfacet
  facet normal -6.087614e-01 7.933533e-01 0.000000e+00
    outer loop
      vertex   -3.108579e+01 -3.391421e+01 1.200000e+01
      vertex   -3.108579e+01 -3.391421e+01 2.000000e+00
      vertex   -3.150000e+01 -3.423205e+01 1.200000e+01
    endloop
  endfacet
  facet normal -6.087614e-01 7.933533e-01 2.162755e-16
    outer loop
      vertex   -3.150000e+01 -3.423205e+01 1.200000e+01
      vertex   -3.108579e+01 -3.391421e+01 2.000000e+00
      vertex   -3.150000e+01 -3.423205e+01 2.000000e+00
    endloop
  endfacet
  facet normal -3.826834e-01 9.238795e-01 1.359565e-16
    outer loop
      vertex   -3.150000e+01 -3.423205e+01 1.200000e+01
      vertex   -3.150000e+01 -3.423205e+01 2.000000e+00
      vertex   -3.198236e+01 -3.443185e+01 1.200000e+01
    endloop
  endfacet
  facet normal -3.826834e-01 9.238795e-01 0.000000e+00
    outer loop
      vertex   -3.198236e+01 -3.443185e+01 1.200000e+01
      vertex   -3.150000e+01 -3.423205e+01 2.000000e+00
      vertex   -3.198236e+01 -3.443185e+01 2.000000e+00
    endloop
  endfacet
  facet normal -1.305262e-01 9.914449e-01 0.000000e+00
    outer loop
      vertex   -3.198236e+01 -3.443185e+01 1.200000e+01
      vertex   -3.198236e+01 -3.443185e+01 2.000000e+00
      vertex   -3.250000e+01 -3.450000e+01 1.200000e+01
    endloop
  endfacet
  facet normal -1.305262e-01 9.914449e-01 0.000000e+00
    outer loop
      vertex   -3.250000e+01 -3.450000e+01 1.200000e+01
      vertex   -3.198236e+01 -3.443185e+01 2.000000e+00
      vertex   -3.250000e+01 -3.450000e+01 2.000000e+00
    endloop
  endfacet
  facet normal 1.305262e-01 9.914449e-01 0.000000e+00
    outer loop
      vertex   -3.250000e+01 -3.450000e+01 1.200000e+01
      vertex   -3.250000e+01 -3.450000e+01 2.000000e+00
      vertex   -3.301764e+01 -3.443185e+01 1.200000e+01
    endloop
  endfacet
  facet normal 1.305262e-01 9.914449e-01 0.000000e+00
    outer loop
      vertex   -3.301764e+01 -3.443185e+01 1.200000e+01
      vertex   -3.250000e+01 -3.450000e+01 2.000000e+00
      vertex   -3.301764e+01 -3.443185e+01 2.000000e+00
    endloop
  endfacet
  facet normal 3.826834e-01 9.238795e-01 0.000000e+00
    outer loop
      vertex   -3.301764e+01 -3.443185e+01 1.200000e+01
      vertex   -3.301764e+01 -3.443185e+01 2.000000e+00
      vertex   -3.350000e+01 -3.423205e+01 1.200000e+01
    endloop
  endfacet
  facet normal 3.826834e-01 9.238795e-01 0.000000e+00
    outer loop
      vertex   -3.350000e+01 -3.423205e+01 1.200000e+01
      vertex   -3.301764e+01 -3.443185e+01 2.000000e+00
      vertex   -3.350000e+01 -3.423205e+01 2.000000e+00
    endloop
  endfacet
  facet normal 6.087614e-01 7.933533e-01 0.000000e+00
    outer loop
      vertex   -3.350000e+01 -3.423205e+01 1.200000e+01
      vertex   -3.350000e+01 -3.423205e+01 2.000000e+00
      vertex   -3.391421e+01 -3.391421e+01 1.200000e+01
    endloop
  endfacet
  facet normal 6.087614e-01 7.933533e-01 0.000000e+00
    outer loop
      vertex   -3.391421e+01 -3.391421e+01 1.200000e+01
      vertex   -3.350000e+01 -3.423205e+01 2.000000e+00
      vertex   -3.391421e+01 -3.391421e+01 2.000000e+00
    endloop
  endfacet
  facet normal 7.933533e-01 6.087614e-01 0.000000e+00
    outer loop
      vertex   -3.391421e+01 -3.391421e+01 1.200000e+01
      vertex   -3.391421e+01 -3.391421e+01 2.000000e+00
      vertex   -3.423205e+01 -3.350000e+01 1.200000e+01
    endloop
  endfacet
  facet normal 7.933533e-01 6.087614e-01 0.000000e+00
    outer loop
      vertex   -3.423205e+01 -3.350000e+01 1.200000e+01
      vertex   -3.391421e+01 -3.391421e+01 2.000000e+00
      vertex   -3.423205e+01 -3.350000e+01 2.000000e+00
    endloop
  endfacet
  facet normal 9.238795e-01 3.826834e-01 0.000000e+00
    outer loop
      vertex   -3.423205e+01 -3.350000e+01 1.200000e+01
      vertex   -3.423205e+01 -3.350000e+01 2.000000e+00
      vertex   -3.443185e+01 -3.301764e+01 1.200000e+01
    endloop
  endfacet
  facet normal 9.238795e-01 3.826834e-01 0.000000e+00
    outer loop
      vertex   -3.443185e+01 -3.301764e+01 1.200000e+01
      vertex   -3.423205e+01 -3.350000e+01 2.000000e+00
      vertex   -3.443185e+01 -3.301764e+01 2.000000e+00
    endloop
  endfacet
  facet normal 9.914449e-01 1.305262e-01 0.000000e+00
    outer loop
      vertex   -3.443185e+01 -3.301764e+01 1.200000e+01
      vertex   -3.443185e+01 -3.301764e+01 2.000000e+00
      vertex   -3.450000e+01 -3.250000e+01 1.200000e+01
    endloop
  endfacet
  facet normal 9.914449e-01 1.305262e-01 0.000000e+00
    outer loop
      vertex   -3.450000e+01 -3.250000e+01 1.200000e+01
      vertex   -3.443185e+01 -3.301764e+01 2.000000e+00
      vertex   -3.450000e+01 -3.250000e+01 2.000000e+00
    endloop
  endfacet
  facet normal 9.914449e-01 -1.305262e-01 0.000000e+00
    outer loop
      vertex   -3.450000e+01 -3.250000e+01 1.200000e+01
      vertex   -3.450000e+01 -3.250000e+01 2.000000e+00
      vertex   -3.443185e+01 -3.198236e+01 1.200000e+01
    endloop
  endfacet
  facet normal 9.914449e-01 -1.305262e-01 0.000000e+00
    outer loop
      vertex   -3.443185e+01 -3.198236e+01 1.200000e+01
      vertex   -3.450000e+01 -3.250000e+01 2.000000e+00
      vertex   -3.443185e+01 -3.198236e+01 2.000000e+00
    endloop
  endfacet
  facet normal 9.238795e-01 -3.826834e-01 0.000000e+00
    outer loop
      vertex   -3.443185e+01 -3.198236e+01 1.200000e+01
      vertex   -3.443185e+01 -3.198236e+01 2.000000e+00
      vertex   -3.423205e+01 -3.150000e+01 1.200000e+01
    endloop
  endfacet
  facet normal 9.238795e-01 -3.826834e-01 -1.359565e-16
    outer loop
      vertex   -3.423205e+01 -3.150000e+01 1.200000e+01
      vertex   -3.443185e+01 -3.198236e+01 2.000000e+00
      vertex   -3.423205e+01 -3.150000e+01 2.000000e+00
    endloop
  endfacet
  facet normal 7.933533e-01 -6.087614e-01 -2.162755e-16
    outer loop
      vertex   -3.423205e+01 -3.150000e+01 1.200000e+01
      vertex   -3.423205e+01 -3.150000e+01 2.000000e+00
      vertex   -3.391421e+01 -3.108579e+01 1.200000e+01
    endloop
  endfacet
  facet normal 7.933533e-01 -6.087614e-01 0.000000e+00
    outer loop
      vertex   -3.391421e+01 -3.108579e+01 1.200000e+01
      vertex   -3.423205e+01 -3.150000e+01 2.000000e+00
      vertex   -3.391421e+01 -3.108579e+01 2.000000e+00
    endloop
  endfacet
  facet normal 6.087614e-01 -7.933533e-01 0.000000e+00
    outer loop
      vertex   -3.391421e+01 -3.108579e+01 1.200000e+01
      vertex   -3.391421e+01 -3.108579e+01 2.000000e+00
      vertex   -3.350000e+01 -3.076795e+01 1.200000e+01
    endloop
  endfacet
  facet normal 6.087614e-01 -7.933533e-01 0.000000e+00
    outer loop
      vertex   -3.350000e+01 -3.076795e+01 1.200000e+01
      vertex   -3.391421e+01 -3.108579e+01 2.000000e+00
      vertex   -3.350000e+01 -3.076795e+01 2.000000e+00
    endloop
  endfacet
  facet normal 3.826834e-01 -9.238795e-01 0.000000e+00
    outer loop
      vertex   -3.350000e+01 -3.076795e+01 1.200000e+01
      vertex   -3.350000e+01 -3.076795e+01 2.000000e+00
      vertex   -3.301764e+01 -3.056815e+01 1.200000e+01
    endloop
  endfacet
  facet normal 3.826834e-01 -9.238795e-01 0.000000e+00
    outer loop
      vertex   -3.301764e+01 -3.056815e+01 1.200000e+01
      vertex   -3.350000e+01 -3.076795e+01 2.000000e+00
      vertex   -3.301764e+01 -3.056815e+01 2.000000e+00
    endloop
  endfacet
  facet normal 1.305262e-01 -9.914449e-01 0.000000e+00
    outer loop
      vertex   -3.301764e+01 -3.056815e+01 1.200000e+01
      vertex   -3.301764e+01 -3.056815e+01 2.000000e+00
      vertex   -3.250000e+01 -3.050000e+01 1.200000e+01
    endloop
  endfacet
  facet normal 1.305262e-01 -9.914449e-01 0.000000e+00
    outer loop
      vertex   -3.250000e+01 -3.050000e+01 1.200000e+01
      vertex   -3.301764e+01 -3.056815e+01 2.000000e+00
      vertex   -3.250000e+01 -3.050000e+01 2.000000e+00
    endloop
  endfacet
  facet normal -1.305262e-01 -9.914449e-01 -0.000000e+00
    outer loop
      vertex   -3.250000e+01 -3.050000e+01 1.200000e+01
      vertex   -3.250000e+01 -3.050000e+01 2.000000e+00
      vertex   -3.198236e+01 -3.056815e+01 1.200000e+01
    endloop
  endfacet
  facet normal -1.305262e-01 -9.914449e-01 -0.000000e+00
    outer loop
      vertex   -3.198236e+01 -3.056815e+01 1.200000e+01
      vertex   -3.250000e+01 -3.050000e+01 2.000000e+00
      vertex   -3.198236e+01 -3.056815e+01 2.000000e+00
    endloop
  endfacet
  facet normal -3.826834e-01 -9.238795e-01 -0.000000e+00
    outer loop
      vertex   -3.198236e+01 -3.056815e+01 1.200000e+01
      vertex   -3.198236e+01 -3.056815e+01 2.000000e+00
      vertex   -3.150000e+01 -3.076795e+01 1.200000e+01
    endloop
  endfacet
  facet normal -3.826834e-01 -9.238795e-01 -1.359565e-16
    outer loop
      vertex   -3.150000e+01 -3.076795e+01 1.200000e+01
      vertex   -3.198236e+01 -3.056815e+01 2.000000e+00
      vertex   -3.150000e+01 -3.076795e+01 2.000000e+00
    endloop
  endfacet
  facet normal -6.087614e-01 -7.933533e-01 -2.162755e-16
    outer loop
      vertex   -3.150000e+01 -3.076795e+01 1.200000e+01
      vertex   -3.150000e+01 -3.076795e+01 2.000000e+00
      vertex   -3.108579e+01 -3.108579e+01 1.200000e+01
    endloop
  endfacet
  facet normal -6.087614e-01 -7.933533e-01 -0.000000e+00
    outer loop
      vertex   -3.108579e+01 -3.108579e+01 1.200000e+01
      vertex   -3.150000e+01 -3.076795e+01 2.000000e+00
      vertex   -3.108579e+01 -3.108579e+01 2.000000e+00
    endloop
  endfacet
  facet normal -7.933533e-01 -6.087614e-01 -0.000000e+00
    outer loop
      vertex   -3.108579e+01 -3.108579e+01 1.200000e+01
      vertex   -3.108579e+01 -3.108579e+01 2.000000e+00
      vertex   -3.076795e+01 -3.150000e+01 1.200000e+01
    endloop
  endfacet
  facet normal -7.933533e-01 -6.087614e-01 2.162755e-16
    outer loop
      vertex   -3.076795e+01 -3.150000e+01 1.200000e+01
      vertex   -3.108579e+01 -3.108579e+01 2.000000e+00
      vertex   -3.076795e+01 -3.150000e+01 2.000000e+00
    endloop
  endfacet
  facet normal -9.238795e-01 -3.826834e-01 1.359565e-16
    outer loop
      vertex   -3.076795e+01 -3.150000e+01 1.200000e+01
      vertex   -3.076795e+01 -3.150000e+01 2.000000e+00
      vertex   -3.056815e+01 -3.198236e+01 1.200000e+01
    endloop
  endfacet
  facet normal -9.238795e-01 -3.826834e-01 -0.000000e+00
    outer loop
      vertex   -3.056815e+01 -3.198236e+01 1.200000e+01
      vertex   -3.076795e+01 -3.150000e+01 2.000000e+00
      vertex   -3.056815e+01 -3.198236e+01 2.000000e+00
    endloop
  endfacet
  facet normal 9.945219e-01 -1.045285e-01 0.000000e+00
    outer loop
      vertex   -2.858741e+01 -3.333165e+01 1.200000e+01
      vertex   -2.858741e+01 -3.333165e+01 2.000000e+00
      vertex   -2.850000e+01 -3.250000e+01 1.200000e+01
    endloop
  endfacet
  facet normal 9.945219e-01 -1.045285e-01 0.000000e+00
    outer loop
      vertex   -2.850000e+01 -3.250000e+01 1.200000e+01
      vertex   -2.858741e+01 -3.333165e+01 2.000000e+00
      vertex   -2.850000e+01 -3.250000e+01 2.000000e+00
    endloop
  endfacet
  facet normal 9.945219e-01 1.045285e-01 0.000000e+00
    outer loop
      vertex   -2.850000e+01 -3.250000e+01 1.200000e+01
      vertex   -2.850000e+01 -3.250000e+01 2.000000e+00
      vertex   -2.858741e+01 -3.166835e+01 1.200000e+01
    endloop
  endfacet
  facet normal 9.945219e-01 1.045285e-01 0.000000e+00
    outer loop
      vertex   -2.858741e+01 -3.166835e+01 1.200000e+01
      vertex   -2.850000e+01 -3.250000e+01 2.000000e+00
      vertex   -2.858741e+01 -3.166835e+01 2.000000e+00
    endloop
  endfacet
  facet normal 9.510565e-01 3.090170e-01 0.000000e+00
    outer loop
      vertex   -2.858741e+01 -3.166835e+01 1.200000e+01
      vertex   -2.858741e+01 -3.166835e+01 2.000000e+00
      vertex   -2.884582e+01 -3.087305e+01 1.200000e+01
    endloop
  endfacet
  facet normal 9.510565e-01 3.090170e-01 1.097849e-16
    outer loop
      vertex   -2.884582e+01 -3.087305e+01 1.200000e+01
      vertex   -2.858741e+01 -3.166835e+01 2.000000e+00
      vertex   -2.884582e+01 -3.087305e+01 2.000000e+00
    endloop
  endfacet
  facet normal 8.660254e-01 5.000000e-01 1.776357e-16
    outer loop
      vertex   -2.884582e+01 -3.087305e+01 1.200000e+01
      vertex   -2.884582e+01 -3.087305e+01 2.000000e+00
      vertex   -2.926393e+01 -3.014886e+01 1.200000e+01
    endloop
  endfacet
  facet normal 8.660254e-01 5.000000e-01 0.000000e+00
    outer loop
      vertex   -2.926393e+01 -3.014886e+01 1.200000e+01
      vertex   -2.884582e+01 -3.087305e+01 2.000000e+00
      vertex   -2.926393e+01 -3.014886e+01 2.000000e+00
    endloop
  endfacet
  facet normal 7.431448e-01 6.691306e-01 0.000000e+00
    outer loop
      vertex   -2.926393e+01 -3.014886e+01 1.200000e+01
      vertex   -2.926393e+01 -3.014886e+01 2.000000e+00
      vertex   -2.982348e+01 -2.952742e+01 1.200000e+01
    endloop
  endfacet
  facet normal 7.431448e-01 6.691306e-01 -5.280362e-16
    outer loop
      vertex   -2.982348e+01 -2.952742e+01 1.200000e+01
      vertex   -2.926393e+01 -3.014886e+01 2.000000e+00
      vertex   -2.982348e+01 -2.952742e+01 2.000000e+00
    endloop
  endfacet
  facet normal 5.877853e-01 8.090170e-01 -4.176465e-16
    outer loop
      vertex   -2.982348e+01 -2.952742e+01 1.200000e+01
      vertex   -2.982348e+01 -2.952742e+01 2.000000e+00
      vertex   -3.050000e+01 -2.903590e+01 1.200000e+01
    endloop
  endfacet
  facet normal 5.877853e-01 8.090170e-01 -2.088233e-16
    outer loop
      vertex   -3.050000e+01 -2.903590e+01 1.200000e+01
      vertex   -2.982348e+01 -2.952742e+01 2.000000e+00
      vertex   -3.050000e+01 -2.903590e+01 2.000000e+00
    endloop
  endfacet
  facet normal 4.067366e-01 9.135455e-01 -1.445019e-16
    outer loop
      vertex   -3.050000e+01 -2.903590e+01 1.200000e+01
      vertex   -3.050000e+01 -2.903590e+01 2.000000e+00
      vertex   -3.126393e+01 -2.869577e+01 1.200000e+01
    endloop
  endfacet
  facet normal 4.067366e-01 9.135455e-01 0.000000e+00
    outer loop
      vertex   -3.126393e+01 -2.869577e+01 1.200000e+01
      vertex   -3.050000e+01 -2.903590e+01 2.000000e+00
      vertex   -3.126393e+01 -2.869577e+01 2.000000e+00
    endloop
  endfacet
  facet normal 2.079117e-01 9.781476e-01 0.000000e+00
    outer loop
      vertex   -3.126393e+01 -2.869577e+01 1.200000e+01
      vertex   -3.126393e+01 -2.869577e+01 2.000000e+00
      vertex   -3.208189e+01 -2.852191e+01 1.200000e+01
    endloop
  endfacet
  facet normal 2.079117e-01 9.781476e-01 0.000000e+00
    outer loop
      vertex   -3.208189e+01 -2.852191e+01 1.200000e+01
      vertex   -3.126393e+01 -2.869577e+01 2.000000e+00
      vertex   -3.208189e+01 -2.852191e+01 2.000000e+00
    endloop
  endfacet
  facet normal 0.000000e+00 1.000000e+00 0.000000e+00
    outer loop
      vertex   -3.208189e+01 -2.852191e+01 1.200000e+01
      vertex   -3.208189e+01 -2.852191e+01 2.000000e+00
      vertex   -3.291811e+01 -2.852191e+01 1.200000e+01
    endloop
  endfacet
  facet normal 0.000000e+00 1.000000e+00 0.000000e+00
    outer loop
      vertex   -3.291811e+01 -2.852191e+01 1.200000e+01
      vertex   -3.208189e+01 -2.852191e+01 2.000000e+00
      vertex   -3.291811e+01 -2.852191e+01 2.000000e+00
    endloop
  endfacet
  facet normal -2.079117e-01 9.781476e-01 1.477301e-16
    outer loop
      vertex   -3.291811e+01 -2.852191e+01 1.200000e+01
      vertex   -3.291811e+01 -2.852191e+01 2.000000e+00
      vertex   -3.373607e+01 -2.869577e+01 1.200000e+01
    endloop
  endfacet
  facet normal -2.079117e-01 9.781476e-01 0.000000e+00
    outer loop
      vertex   -3.373607e+01 -2.869577e+01 1.200000e+01
      vertex   -3.291811e+01 -2.852191e+01 2.000000e+00
      vertex   -3.373607e+01 -2.869577e+01 2.000000e+00
    endloop
  endfacet
  facet normal -4.067366e-01 9.135455e-01 0.000000e+00
    outer loop
      vertex   -3.373607e+01 -2.869577e+01 1.200000e+01
      vertex   -3.373607e+01 -2.869577e+01 2.000000e+00
      vertex   -3.450000e+01 -2.903590e+01 1.200000e+01
    endloop
  endfacet
  facet normal -4.067366e-01 9.135455e-01 0.000000e+00
    outer loop
      vertex   -3.450000e+01 -2.903590e+01 1.200000e+01
      vertex   -3.373607e+01 -2.869577e+01 2.000000e+00
      vertex   -3.450000e+01 -2.903590e+01 2.000000e+00
    endloop
  endfacet
  facet normal -5.877853e-01 8.090170e-01 0.000000e+00
    outer loop
      vertex   -3.450000e+01 -2.903590e+01 1.200000e+01
      vertex   -3.450000e+01 -2.903590e+01 2.000000e+00
      vertex   -3.517652e+01 -2.952742e+01 1.200000e+01
    endloop
  endfacet
  facet normal -5.877853e-01 8.090170e-01 4.176465e-16
    outer loop
      vertex   -3.517652e+01 -2.952742e+01 1.200000e+01
      vertex   -3.450000e+01 -2.903590e+01 2.000000e+00
      vertex   -3.517652e+01 -2.952742e+01 2.000000e+00
    endloop
  endfacet
  facet normal -7.431448e-01 6.691306e-01 5.280362e-16
    outer loop
      vertex   -3.517652e+01 -2.952742e+01 1.200000e+01
      vertex   -3.517652e+01 -2.952742e+01 2.000000e+00
      vertex   -3.573607e+01 -3.014886e+01 1.200000e+01
    endloop
  endfacet
  facet normal -7.431448e-01 6.691306e-01 0.000000e+00
    outer loop
      vertex   -3.573607e+01 -3.014886e+01 1.200000e+01
      vertex   -3.517652e+01 -2.952742e+01 2.000000e+00
      vertex   -3.573607e+01 -3.014886e+01 2.000000e+00
    endloop
  endfacet
  facet normal -8.660254e-01 5.000000e-01 0.000000e+00
    outer loop
      vertex   -3.573607e+01 -3.014886e+01 1.200000e+01
      vertex   -3.573607e+01 -3.014886e+01 2.000000e+00
      vertex   -3.615418e+01 -3.087305e+01 1.200000e+01
    endloop
  endfacet
  facet normal -8.660254e-01 5.000000e-01 0.000000e+00
    outer loop
      vertex   -3.615418e+01 -3.087305e+01 1.200000e+01
      vertex   -3.573607e+01 -3.014886e+01 2.000000e+00
      vertex   -3.615418e+01 -3.087305e+01 2.000000e+00
    endloop
  endfacet
  facet normal -9.510565e-01 3.090170e-01 0.000000e+00
    outer loop
      vertex   -3.615418e+01 -3.087305e+01 1.200000e+01
      vertex   -3.615418e+01 -3.087305e+01 2.000000e+00
      vertex   -3.641259e+01 -3.166835e+01 1.200000e+01
    endloop
  endfacet
  facet normal -9.510565e-01 3.090170e-01 0.000000e+00
    outer loop
      vertex   -3.641259e+01 -3.166835e+01 1.200000e+01
      vertex   -3.615418e+01 -3.087305e+01 2.000000e+00
      vertex   -3.641259e+01 -3.166835e+01 2.000000e+00
    endloop
  endfacet
  facet normal -9.945219e-01 1.045285e-01 0.000000e+00
    outer loop
      vertex   -3.641259e+01 -3.166835e+01 1.200000e+01
      vertex   -3.641259e+01 -3.166835e+01 2.000000e+00
      vertex   -3.650000e+01 -3.250000e+01 1.200000e+01
    endloop
  endfacet
  facet normal -9.945219e-01 1.045285e-01 0.000000e+00
    outer loop
      vertex   -3.650000e+01 -3.250000e+01 1.200000e+01
      vertex   -3.641259e+01 -3.166835e+01 2.000000e+00
      vertex   -3.650000e+01 -3.250000e+01 2.000000e+00
    endloop
  endfacet
  facet normal -9.945219e-01 -1.045285e-01 -0.000000e+00
    outer loop
      vertex   -3.650000e+01 -3.250000e+01 1.200000e+01
      vertex   -3.650000e+01 -3.250000e+01 2.000000e+00
      vertex   -3.641259e+01 -3.333165e+01 1.200000e+01
    endloop
  endfacet
  facet normal -9.945219e-01 -1.045285e-01 -0.000000e+00
    outer loop
      vertex   -3.641259e+01 -3.333165e+01 1.200000e+01
      vertex   -3.650000e+01 -3.250000e+01 2.000000e+00
      vertex   -3.641259e+01 -3.333165e+01 2.000000e+00
    endloop
  endfacet
  facet normal -9.510565e-01 -3.090170e-01 -0.000000e+00
    outer loop
      vertex   -3.641259e+01 -3.333165e+01 1.200000e+01
      vertex   -3.641259e+01 -3.333165e+01 2.000000e+00
      vertex   -3.615418e+01 -3.412695e+01 1.200000e+01
    endloop
  endfacet
  facet normal -9.510565e-01 -3.090170e-01 -0.000000e+00
    outer loop
      vertex   -3.615418e+01 -3.412695e+01 1.200000e+01
      vertex   -3.641259e+01 -3.333165e+01 2.000000e+00
      vertex   -3.615418e+01 -3.412695e+01 2.000000e+00
    endloop
  endfacet
  facet normal -8.660254e-01 -5.000000e-01 -0.000000e+00
    outer loop
      vertex   -3.615418e+01 -3.412695e+01 1.200000e+01
      vertex   -3.615418e+01 -3.412695e+01 2.000000e+00
      vertex   -3.573607e+01 -3.485114e+01 1.200000e+01
    endloop
  endfacet
  facet normal -8.660254e-01 -5.000000e-01 -0.000000e+00
    outer loop
      vertex   -3.573607e+01 -3.485114e+01 1.200000e+01
      vertex   -3.615418e+01 -3.412695e+01 2.000000e+00
      vertex   -3.573607e+01 -3.485114e+01 2.000000e+00
    endloop
  endfacet
  facet normal -7.431448e-01 -6.691306e-01 -0.000000e+00
    outer loop
      vertex   -3.573607e+01 -3.485114e+01 1.200000e+01
      vertex   -3.573607e+01 -3.485114e+01 2.000000e+00
      vertex   -3.517652e+01 -3.547258e+01 1.200000e+01
    endloop
  endfacet
  facet normal -7.431448e-01 -6.691306e-01 -5.280362e-16
    outer loop
      vertex   -3.517652e+01 -3.547258e+01 1.200000e+01
      vertex   -3.573607e+01 -3.485114e+01 2.000000e+00
      vertex   -3.517652e+01 -3.547258e+01 2.000000e+00
    endloop
  endfacet
  facet normal -5.877853e-01 -8.090170e-01 -4.176465e-16
    outer loop
      vertex   -3.517652e+01 -3.547258e+01 1.200000e+01
      vertex   -3.517652e+01 -3.547258e+01 2.000000e+00
      vertex   -3.450000e+01 -3.596410e+01 1.200000e+01
    endloop
  endfacet
  facet normal -5.877853e-01 -8.090170e-01 -0.000000e+00
    outer loop
      vertex   -3.450000e+01 -3.596410e+01 1.200000e+01
      vertex   -3.517652e+01 -3.547258e+01 2.000000e+00
      vertex   -3.450000e+01 -3.596410e+01 2.000000e+00
    endloop
  endfacet
  facet normal -4.067366e-01 -9.135455e-01 -0.000000e+00
    outer loop
      vertex   -3.450000e+01 -3.596410e+01 1.200000e+01
      vertex   -3.450000e+01 -3.596410e+01 2.000000e+00
      vertex   -3.373607e+01 -3.630423e+01 1.200000e+01
    endloop
  endfacet
  facet normal -4.067366e-01 -9.135455e-01 -0.000000e+00
    outer loop
      vertex   -3.373607e+01 -3.630423e+01 1.200000e+01
      vertex   -3.450000e+01 -3.596410e+01 2.000000e+00
      vertex   -3.373607e+01 -3.630423e+01 2.000000e+00
    endloop
  endfacet
  facet normal -2.079117e-01 -9.781476e-01 -0.000000e+00
    outer loop
      vertex   -3.373607e+01 -3.630423e+01 1.200000e+01
      vertex   -3.373607e+01 -3.630423e+01 2.000000e+00
      vertex   -3.291811e+01 -3.647809e+01 1.200000e+01
    endloop
  endfacet
  facet normal -2.079117e-01 -9.781476e-01 -1.477301e-16
    outer loop
      vertex   -3.291811e+01 -3.647809e+01 1.200000e+01
      vertex   -3.373607e+01 -3.630423e+01 2.000000e+00
      vertex   -3.291811e+01 -3.647809e+01 2.000000e+00
    endloop
  endfacet
  facet normal 0.000000e+00 -1.000000e+00 0.000000e+00
    outer loop
      vertex   -3.291811e+01 -3.647809e+01 1.200000e+01
      vertex   -3.291811e+01 -3.647809e+01 2.000000e+00
      vertex   -3.208189e+01 -3.647809e+01 1.200000e+01
    endloop
  endfacet
  facet normal 0.000000e+00 -1.000000e+00 -0.000000e+00
    outer loop
      vertex   -3.208189e+01 -3.647809e+01 1.200000e+01
      vertex   -3.291811e+01 -3.647809e+01 2.000000e+00
      vertex   -3.208189e+01 -3.647809e+01 2.000000e+00
    endloop
  endfacet
  facet normal 2.079117e-01 -9.781476e-01 0.000000e+00
    outer loop
      vertex   -3.208189e+01 -3.647809e+01 1.200000e+01
      vertex   -3.208189e+01 -3.647809e+01 2.000000e+00
      vertex   -3.126393e+01 -3.630423e+01 1.200000e+01
    endloop
  endfacet
  facet normal 2.079117e-01 -9.781476e-01 0.000000e+00
    outer loop
      vertex   -3.126393e+01 -3.630423e+01 1.200000e+01
      vertex   -3.208189e+01 -3.647809e+01 2.000000e+00
      vertex   -3.126393e+01 -3.630423e+01 2.000000e+00
    endloop
  endfacet
  facet normal 4.067366e-01 -9.135455e-01 0.000000e+00
    outer loop
      vertex   -3.126393e+01 -3.630423e+01 1.200000e+01
      vertex   -3.126393e+01 -3.630423e+01 2.000000e+00
      vertex   -3.050000e+01 -3.596410e+01 1.200000e+01
    endloop
  endfacet
  facet normal 4.067366e-01 -9.135455e-01 1.445019e-16
    outer loop
      vertex   -3.050000e+01 -3.596410e+01 1.200000e+01
      vertex   -3.126393e+01 -3.630423e+01 2.000000e+00
      vertex   -3.050000e+01 -3.596410e+01 2.000000e+00
    endloop
  endfacet
  facet normal 5.877853e-01 -8.090170e-01 2.088233e-16
    outer loop
      vertex   -3.050000e+01 -3.596410e+01 1.200000e+01
      vertex   -3.050000e+01 -3.596410e+01 2.000000e+00
      vertex   -2.982348e+01 -3.547258e+01 1.200000e+01
    endloop
  endfacet
  facet normal 5.877853e-01 -8.090170e-01 4.176465e-16
    outer loop
      vertex   -2.982348e+01 -3.547258e+01 1.200000e+01
      vertex   -3.050000e+01 -3.596410e+01 2.000000e+00
      vertex   -2.982348e+01 -3.547258e+01 2.000000e+00
    endloop
  endfacet
  facet normal 7.431448e-01 -6.691306e-01 5.280362e-16
    outer loop
      vertex   -2.982348e+01 -3.547258e+01 1.200000e+01
      vertex   -2.982348e+01 -3.547258e+01 2.000000e+00
      vertex   -2.926393e+01 -3.485114e+01 1.200000e+01
    endloop
  endfacet
  facet normal 7.431448e-01 -6.691306e-01 0.000000e+00
    outer loop
      vertex   -2.926393e+01 -3.485114e+01 1.200000e+01
      vertex   -2.982348e+01 -3.547258e+01 2.000000e+00
      vertex   -2.926393e+01 -3.485114e+01 2.000000e+00
    endloop
  endfacet
  facet normal 8.660254e-01 -5.000000e-01 0.000000e+00
    outer loop
      vertex   -2.926393e+01 -3.485114e+01 1.200000e+01
      vertex   -2.926393e+01 -3.485114e+01 2.000000e+00
      vertex   -2.884582e+01 -3.412695e+01 1.200000e+01
    endloop
  endfacet
  facet normal 8.660254e-01 -5.000000e-01 -3.552714e-16
    outer loop
      vertex   -2.884582e+01 -3.412695e+01 1.200000e+01
      vertex   -2.926393e+01 -3.485114e+01 2.000000e+00
      vertex   -2.884582e+01 -3.412695e+01 2.000000e+00
    endloop
  endfacet
  facet normal 9.510565e-01 -3.090170e-01 -2.195698e-16
    outer loop
      vertex   -2.884582e+01 -3.412695e+01 1.200000e+01
      vertex   -2.884582e+01 -3.412695e+01 2.000000e+00
      vertex   -2.858741e+01 -3.333165e+01 1.200000e+01
    endloop
  endfacet
  facet normal 9.510565e-01 -3.090170e-01 0.000000e+00
    outer loop
      vertex   -2.858741e+01 -3.333165e+01 1.200000e+01
      vertex   -2.884582e+01 -3.412695e+01 2.000000e+00
      vertex   -2.858741e+01 -3.333165e+01 2.000000e+00
    endloop
  endfacet
  facet normal -0.000000e+00 0.000000e+00 1.000000e+00
    outer loop
      vertex   -3.056815e+01 -3.301764e+01 1.200000e+01
      vertex   -2.858741e+01 -3.333165e+01 1.200000e+01
      vertex   -3.050000e+01 -3.250000e+01 1.200000e+01
    endloop
  endfacet
  facet normal -0.000000e+00 0.000000e+00 1.000000e+00
    outer loop
      vertex   -3.050000e+01 -3.250000e+01 1.200000e+01
      vertex   -2.858741e+01 -3.333165e+01 1.200000e+01
      vertex   -2.850000e+01 -3.250000e+01 1.200000e+01
    endloop
  endfacet
  facet normal 0.000000e+00 0.000000e+00 1.000000e+00
    outer loop
      vertex   -3.050000e+01 -3.250000e+01 1.200000e+01
      vertex   -2.850000e+01 -3.250000e+01 1.200000e+01
      vertex   -2.858741e+01 -3.166835e+01 1.200000e+01
    endloop
  endfacet
  facet normal 0.000000e+00 0.000000e+00 1.000000e+00
    outer loop
      vertex   -2.858741e+01 -3.333165e+01 1.200000e+01
      vertex   -3.056815e+01 -3.301764e+01 1.200000e+01
      vertex   -2.884582e+01 -3.412695e+01 1.200000e+01
    endloop
  endfacet
  facet normal 0.000000e+00 0.000000e+00 1.000000e+00
    outer loop
      vertex   -2.884582e+01 -3.412695e+01 1.200000e+01
      vertex   -3.056815e+01 -3.301764e+01 1.200000e+01
      vertex   -3.076795e+01 -3.350000e+01 1.200000e+01
    endloop
  endfacet
  facet normal 0.000000e+00 0.000000e+00 1.000000e+00
    outer loop
      vertex   -2.884582e+01 -3.412695e+01 1.200000e+01
      vertex   -3.076795e+01 -3.350000e+01 1.200000e+01
      vertex   -2.926393e+01 -3.485114e+01 1.200000e+01
    endloop
  endfacet
  facet normal 0.000000e+00 0.000000e+00 1.000000e+00
    outer loop
      vertex   -2.926393e+01 -3.485114e+01 1.200000e+01
      vertex   -3.076795e+01 -3.350000e+01 1.200000e+01
      vertex   -3.108579e+01 -3.391421e+01 1.200000e+01
    endloop
  endfacet
  facet normal 0.000000e+00 0.000000e+00 1.000000e+00
    outer loop
      vertex   -2.926393e+01 -3.485114e+01 1.200000e+01
      vertex   -3.108579e+01 -3.391421e+01 1.200000e+01
      vertex   -2.982348e+01 -3.547258e+01 1.200000e+01
    endloop
  endfacet
  facet normal 0.000000e+00 0.000000e+00 1.000000e+00
    outer loop
      vertex   -2.982348e+01 -3.547258e+01 1.200000e+01
      vertex   -3.108579e+01 -3.391421e+01 1.200000e+01
      vertex   -3.150000e+01 -3.423205e+01 1.200000e+01
    endloop
  endfacet
  facet normal 0.000000e+00 0.000000e+00 1.000000e+00
    outer loop
      vertex   -2.982348e+01 -3.547258e+01 1.200000e+01
      vertex   -3.150000e+01 -3.423205e+01 1.200000e+01
      vertex   -3.050000e+01 -3.596410e+01 1.200000e+01
    endloop
  endfacet
  facet normal 0.000000e+00 0.000000e+00 1.000000e+00
    outer loop
      vertex   -3.050000e+01 -3.596410e+01 1.200000e+01
      vertex   -3.150000e+01 -3.423205e+01 1.200000e+01
      vertex   -3.126393e+01 -3.630423e+01 1.200000e+01
    endloop
  endfacet
  facet normal 0.000000e+00 0.000000e+00 1.000000e+00
    outer loop
      vertex   -3.126393e+01 -3.630423e+01 1.200000e+01
      vertex   -3.150000e+01 -3.423205e+01 1.200000e+01
      vertex   -3.198236e+01 -3.443185e+01 1.200000e+01
    endloop
  endfacet
  facet normal 0.000000e+00 0.000000e+00 1.000000e+00
    outer loop
      vertex   -3.126393e+01 -3.630423e+01 1.200000e+01
      vertex   -3.198236e+01 -3.443185e+01 1.200000e+01
      vertex   -3.208189e+01 -3.647809e+01 1.200000e+01
    endloop
  endfacet
  facet normal 0.000000e+00 -0.000000e+00 1.000000e+00
    outer loop
      vertex   -3.208189e+01 -3.647809e+01 1.200000e+01
      vertex   -3.198236e+01 -3.443185e+01 1.200000e+01
      vertex   -3.250000e+01 -3.450000e+01 1.200000e+01
    endloop
  endfacet
  facet normal 0.000000e+00 0.000000e+00 1.000000e+00
    outer loop
      vertex   -3.208189e+01 -3.647809e+01 1.200000e+01
      vertex   -3.250000e+01 -3.450000e+01 1.200000e+01
      vertex   -3.291811e+01 -3.647809e+01 1.200000e+01
    endloop
  endfacet
  facet normal 0.000000e+00 -0.000000e+00 1.000000e+00
    outer loop
      vertex   -3.291811e+01 -3.647809e+01 1.200000e+01
      vertex   -3.250000e+01 -3.450000e+01 1.200000e+01
      vertex   -3.301764e+01 -3.443185e+01 1.200000e+01
    endloop
  endfacet
  facet normal 0.000000e+00 0.000000e+00 1.000000e+00
    outer loop
      vertex   -3.291811e+01 -3.647809e+01 1.200000e+01
      vertex   -3.301764e+01 -3.443185e+01 1.200000e+01
      vertex   -3.373607e+01 -3.630423e+01 1.200000e+01
    endloop
  endfacet
  facet normal 0.000000e+00 0.000000e+00 1.000000e+00
    outer loop
      vertex   -3.373607e+01 -3.630423e+01 1.200000e+01
      vertex   -3.301764e+01 -3.443185e+01 1.200000e+01
      vertex   -3.350000e+01 -3.423205e+01 1.200000e+01
    endloop
  endfacet
  facet normal 0.000000e+00 -0.000000e+00 1.000000e+00
    outer loop
      vertex   -3.373607e+01 -3.630423e+01 1.200000e+01
      vertex   -3.350000e+01 -3.423205e+01 1.200000e+01
      vertex   -3.450000e+01 -3.596410e+01 1.200000e+01
    endloop
  endfacet
  facet normal 0.000000e+00 -0.000000e+00 1.000000e+00
    outer loop
      vertex   -3.450000e+01 -3.596410e+01 1.200000e+01
      vertex   -3.350000e+01 -3.423205e+01 1.200000e+01
      vertex   -3.517652e+01 -3.547258e+01 1.200000e+01
    endloop
  endfacet
  facet normal 0.000000e+00 0.000000e+00 1.000000e+00
    outer loop
      vertex   -3.517652e+01 -3.547258e+01 1.200000e+01
      vertex   -3.350000e+01 -3.423205e+01 1.200000e+01
      vertex   -3.391421e+01 -3.391421e+01 1.200000e+01
    endloop
  endfacet
  facet normal 0.000000e+00 -0.000000e+00 1.000000e+00
    outer loop
      vertex   -3.517652e+01 -3.547258e+01 1.200000e+01
      vertex   -3.391421e+01 -3.391421e+01 1.200000e+01
      vertex   -3.573607e+01 -3.485114e+01 1.200000e+01
    endloop
  endfacet
  facet normal 0.000000e+00 0.000000e+00 1.000000e+00
    outer loop
      vertex   -3.573607e+01 -3.485114e+01 1.200000e+01
      vertex   -3.391421e+01 -3.391421e+01 1.200000e+01
      vertex   -3.423205e+01 -3.350000e+01 1.200000e+01
    endloop
  endfacet
  facet normal 0.000000e+00 -0.000000e+00 1.000000e+00
    outer loop
      vertex   -3.573607e+01 -3.485114e+01 1.200000e+01
      vertex   -3.423205e+01 -3.350000e+01 1.200000e+01
      vertex   -3.615418e+01 -3.412695e+01 1.200000e+01
    endloop
  endfacet
  facet normal 0.000000e+00 0.000000e+00 1.000000e+00
    outer loop
      vertex   -3.615418e+01 -3.412695e+01 1.200000e+01
      vertex   -3.423205e+01 -3.350000e+01 1.200000e+01
      vertex   -3.443185e+01 -3.301764e+01 1.200000e+01
    endloop
  endfacet
  facet normal 0.000000e+00 -0.000000e+00 1.000000e+00
    outer loop
      vertex   -3.615418e+01 -3.412695e+01 1.200000e+01
      vertex   -3.443185e+01 -3.301764e+01 1.200000e+01
      vertex   -3.641259e+01 -3.333165e+01 1.200000e+01
    endloop
  endfacet
  facet normal 0.000000e+00 0.000000e+00 1.000000e+00
    outer loop
      vertex   -3.641259e+01 -3.333165e+01 1.200000e+01
      vertex   -3.443185e+01 -3.301764e+01 1.200000e+01
      vertex   -3.450000e+01 -3.250000e+01 1.200000e+01
    endloop
  endfacet
  facet normal 0.000000e+00 -0.000000e+00 1.000000e+00
    outer loop
      vertex   -3.641259e+01 -3.333165e+01 1.200000e+01
      vertex   -3.450000e+01 -3.250000e+01 1.200000e+01
      vertex   -3.650000e+01 -3.250000e+01 1.200000e+01
    endloop
  endfacet
  facet normal 0.000000e+00 0.000000e+00 1.000000e+00
    outer loop
      vertex   -3.650000e+01 -3.250000e+01 1.200000e+01
      vertex   -3.450000e+01 -3.250000e+01 1.200000e+01
      vertex   -3.641259e+01 -3.166835e+01 1.200000e+01
    endloop
  endfacet
  facet normal 0.000000e+00 0.000000e+00 1.000000e+00
    outer loop
      vertex   -3.641259e+01 -3.166835e+01 1.200000e+01
      vertex   -3.450000e+01 -3.250000e+01 1.200000e+01
      vertex   -3.443185e+01 -3.198236e+01 1.200000e+01
    endloop
  endfacet
  facet normal -0.000000e+00 0.000000e+00 1.000000e+00
    outer loop
      vertex   -3.641259e+01 -3.166835e+01 1.200000e+01
      vertex   -3.443185e+01 -3.198236e+01 1.200000e+01
      vertex   -3.615418e+01 -3.087305e+01 1.200000e+01
    endloop
  endfacet
  facet normal 0.000000e+00 0.000000e+00 1.000000e+00
    outer loop
      vertex   -3.615418e+01 -3.087305e+01 1.200000e+01
      vertex   -3.443185e+01 -3.198236e+01 1.200000e+01
      vertex   -3.423205e+01 -3.150000e+01 1.200000e+01
    endloop
  endfacet
  facet normal -0.000000e+00 0.000000e+00 1.000000e+00
    outer loop
      vertex   -3.615418e+01 -3.087305e+01 1.200000e+01
      vertex   -3.423205e+01 -3.150000e+01 1.200000e+01
      vertex   -3.573607e+01 -3.014886e+01 1.200000e+01
    endloop
  endfacet
  facet normal 0.000000e+00 0.000000e+00 1.000000e+00
    outer loop
      vertex   -3.573607e+01 -3.014886e+01 1.200000e+01
      vertex   -3.423205e+01 -3.150000e+01 1.200000e+01
      vertex   -3.391421e+01 -3.108579e+01 1.200000e+01
    endloop
  endfacet
  facet normal -0.000000e+00 0.000000e+00 1.000000e+00
    outer loop
      vertex   -3.573607e+01 -3.014886e+01 1.200000e+01
      vertex   -3.391421e+01 -3.108579e+01 1.200000e+01
      vertex   -3.517652e+01 -2.952742e+01 1.200000e+01
    endloop
  endfacet
  facet normal 0.000000e+00 0.000000e+00 1.000000e+00
    outer loop
      vertex   -3.517652e+01 -2.952742e+01 1.200000e+01
      vertex   -3.391421e+01 -3.108579e+01 1.200000e+01
      vertex   -3.350000e+01 -3.076795e+01 1.200000e+01
    endloop
  endfacet
  facet normal -0.000000e+00 0.000000e+00 1.000000e+00
    outer loop
      vertex   -3.517652e+01 -2.952742e+01 1.200000e+01
      vertex   -3.350000e+01 -3.076795e+01 1.200000e+01
      vertex   -3.450000e+01 -2.903590e+01 1.200000e+01
    endloop
  endfacet
  facet normal -0.000000e+00 0.000000e+00 1.000000e+00
    outer loop
      vertex   -3.450000e+01 -2.903590e+01 1.200000e+01
      vertex   -3.350000e+01 -3.076795e+01 1.200000e+01
      vertex   -3.373607e+01 -2.869577e+01 1.200000e+01
    endloop
  endfacet
  facet normal 0.000000e+00 0.000000e+00 1.000000e+00
    outer loop
      vertex   -3.373607e+01 -2.869577e+01 1.200000e+01
      vertex   -3.350000e+01 -3.076795e+01 1.200000e+01
      vertex   -3.301764e+01 -3.056815e+01 1.200000e+01
    endloop
  endfacet
  facet normal -0.000000e+00 0.000000e+00 1.000000e+00
    outer loop
      vertex   -3.373607e+01 -2.869577e+01 1.200000e+01
      vertex   -3.301764e+01 -3.056815e+01 1.200000e+01
      vertex   -3.291811e+01 -2.852191e+01 1.200000e+01
    endloop
  endfacet
  facet normal 0.000000e+00 0.000000e+00 1.000000e+00
    outer loop
      vertex   -3.291811e+01 -2.852191e+01 1.200000e+01
      vertex   -3.301764e+01 -3.056815e+01 1.200000e+01
      vertex   -3.250000e+01 -3.050000e+01 1.200000e+01
    endloop
  endfacet
  facet normal -0.000000e+00 0.000000e+00 1.000000e+00
    outer loop
      vertex   -3.291811e+01 -2.852191e+01 1.200000e+01
      vertex   -3.250000e+01 -3.050000e+01 1.200000e+01
      vertex   -3.208189e+01 -2.852191e+01 1.200000e+01
    endloop
  endfacet
  facet normal 0.000000e+00 0.000000e+00 1.000000e+00
    outer loop
      vertex   -3.208189e+01 -2.852191e+01 1.200000e+01
      vertex   -3.250000e+01 -3.050000e+01 1.200000e+01
      vertex   -3.198236e+01 -3.056815e+01 1.200000e+01
    endloop
  endfacet
  facet normal 0.000000e+00 0.000000e+00 1.000000e+00
    outer loop
      vertex   -3.208189e+01 -2.852191e+01 1.200000e+01
      vertex   -3.198236e+01 -3.056815e+01 1.200000e+01
      vertex   -3.126393e+01 -2.869577e+01 1.200000e+01
    endloop
  endfacet
  facet normal 0.000000e+00 0.000000e+00 1.000000e+00
    outer loop
      vertex   -3.126393e+01 -2.869577e+01 1.200000e+01
      vertex   -3.198236e+01 -3.056815e+01 1.200000e+01
      vertex   -3.150000e+01 -3.076795e+01 1.200000e+01
    endloop
  endfacet
  facet normal 0.000000e+00 0.000000e+00 1.000000e+00
    outer loop
      vertex   -3.126393e+01 -2.869577e+01 1.200000e+01
      vertex   -3.150000e+01 -3.076795e+01 1.200000e+01
      vertex   -3.050000e+01 -2.903590e+01 1.200000e+01
    endloop
  endfacet
  facet normal 0.000000e+00 0.000000e+00 1.000000e+00
    outer loop
      vertex   -3.050000e+01 -2.903590e+01 1.200000e+01
      vertex   -3.150000e+01 -3.076795e+01 1.200000e+01
      vertex   -2.982348e+01 -2.952742e+01 1.200000e+01
    endloop
  endfacet
  facet normal 0.000000e+00 0.000000e+00 1.000000e+00
    outer loop
      vertex   -2.982348e+01 -2.952742e+01 1.200000e+01
      vertex   -3.150000e+01 -3.076795e+01 1.200000e+01
      vertex   -3.108579e+01 -3.108579e+01 1.200000e+01
    endloop
  endfacet
  facet normal 0.000000e+00 0.000000e+00 1.000000e+00
    outer loop
      vertex   -2.982348e+01 -2.952742e+01 1.200000e+01
      vertex   -3.108579e+01 -3.108579e+01 1.200000e+01
      vertex   -2.926393e+01 -3.014886e+01 1.200000e+01
    endloop
  endfacet
  facet normal 0.000000e+00 0.000000e+00 1.000000e+00
    outer loop
      vertex   -2.926393e+01 -3.014886e+01 1.200000e+01
      vertex   -3.108579e+01 -3.108579e+01 1.200000e+01
      vertex   -3.076795e+01 -3.150000e+01 1.200000e+01
    endloop
  endfacet
  facet normal 0.000000e+00 0.000000e+00 1.000000e+00
    outer loop
      vertex   -2.926393e+01 -3.014886e+01 1.200000e+01
      vertex   -3.076795e+01 -3.150000e+01 1.200000e+01
      vertex   -2.884582e+01 -3.087305e+01 1.200000e+01
    endloop
  endfacet
  facet normal 0.000000e+00 0.000000e+00 1.000000e+00
    outer loop
      vertex   -2.884582e+01 -3.087305e+01 1.200000e+01
      vertex   -3.076795e+01 -3.150000e+01 1.200000e+01
      vertex   -3.056815e+01 -3.198236e+01 1.200000e+01
    endloop
  endfacet
  facet normal 0.000000e+00 0.000000e+00 1.000000e+00
    outer loop
      vertex   -2.884582e+01 -3.087305e+01 1.200000e+01
      vertex   -3.056815e+01 -3.198236e+01 1.200000e+01
      vertex   -2.858741e+01 -3.166835e+01 1.200000e+01
    endloop
  endfacet
  facet normal 0.000000e+00 0.000000e+00 1.000000e+00
    outer loop
      vertex   -2.858741e+01 -3.166835e+01 1.200000e+01
      vertex   -3.056815e+01 -3.198236e+01 1.200000e+01
      vertex   -3.050000e+01 -3.250000e+01 1.200000e+01
    endloop
  endfacet
  facet normal 0.000000e+00 0.000000e+00 1.000000e+00
    outer loop
      vertex   3.443185e+01 3.301764e+01 2.000000e+00
      vertex   3.056815e+01 3.301764e+01 2.000000e+00
      vertex   3.450000e+01 3.250000e+01 2.000000e+00
    endloop
  endfacet
  facet normal 0.000000e+00 0.000000e+00 1.000000e+00
    outer loop
      vertex   3.450000e+01 3.250000e+01 2.000000e+00
      vertex   3.056815e+01 3.301764e+01 2.000000e+00
      vertex   3.050000e+01 3.250000e+01 2.000000e+00
    endloop
  endfacet
  facet normal 0.000000e+00 0.000000e+00 1.000000e+00
    outer loop
      vertex   3.450000e+01 3.250000e+01 2.000000e+00
      vertex   3.050000e+01 3.250000e+01 2.000000e+00
      vertex   3.443185e+01 3.198236e+01 2.000000e+00
    endloop
  endfacet
  facet normal 0.000000e+00 0.000000e+00 1.000000e+00
    outer loop
      vertex   3.443185e+01 3.198236e+01 2.000000e+00
      vertex   3.050000e+01 3.250000e+01 2.000000e+00
      vertex   3.056815e+01 3.198236e+01 2.000000e+00
    endloop
  endfacet
  facet normal 0.000000e+00 0.000000e+00 1.000000e+00
    outer loop
      vertex   3.443185e+01 3.198236e+01 2.000000e+00
      vertex   3.056815e+01 3.198236e+01 2.000000e+00
      vertex   3.423205e+01 3.150000e+01 2.000000e+00
    endloop
  endfacet
  facet normal 0.000000e+00 0.000000e+00 1.000000e+00
    outer loop
      vertex   3.423205e+01 3.150000e+01 2.000000e+00
      vertex   3.056815e+01 3.198236e+01 2.000000e+00
      vertex   3.076795e+01 3.150000e+01 2.000000e+00
    endloop
  endfacet
  facet normal 0.000000e+00 0.000000e+00 1.000000e+00
    outer loop
      vertex   3.423205e+01 3.150000e+01 2.000000e+00
      vertex   3.076795e+01 3.150000e+01 2.000000e+00
      vertex   3.391421e+01 3.108579e+01 2.000000e+00
    endloop
  endfacet
  facet normal 0.000000e+00 0.000000e+00 1.000000e+00
    outer loop
      vertex   3.391421e+01 3.108579e+01 2.000000e+00
      vertex   3.076795e+01 3.150000e+01 2.000000e+00
      vertex   3.108579e+01 3.108579e+01 2.000000e+00
    endloop
  endfacet
  facet normal 0.000000e+00 0.000000e+00 1.000000e+00
    outer loop
      vertex   3.391421e+01 3.108579e+01 2.000000e+00
      vertex   3.108579e+01 3.108579e+01 2.000000e+00
      vertex   3.350000e+01 3.076795e+01 2.000000e+00
    endloop
  endfacet
  facet normal 0.000000e+00 0.000000e+00 1.000000e+00
    outer loop
      vertex   3.350000e+01 3.076795e+01 2.000000e+00
      vertex   3.108579e+01 3.108579e+01 2.000000e+00
      vertex   3.150000e+01 3.076795e+01 2.000000e+00
    endloop
  endfacet
  facet normal 0.000000e+00 0.000000e+00 1.000000e+00
    outer loop
      vertex   3.350000e+01 3.076795e+01 2.000000e+00
      vertex   3.150000e+01 3.076795e+01 2.000000e+00
      vertex   3.301764e+01 3.056815e+01 2.000000e+00
    endloop
  endfacet
  facet normal 0.000000e+00 0.000000e+00 1.000000e+00
    outer loop
      vertex   3.301764e+01 3.056815e+01 2.000000e+00
      vertex   3.150000e+01 3.076795e+01 2.000000e+00
      vertex   3.198236e+01 3.056815e+01 2.000000e+00
    endloop
  endfacet
  facet normal 0.000000e+00 0.000000e+00 1.000000e+00
    outer loop
      vertex   3.301764e+01 3.056815e+01 2.000000e+00
      vertex   3.198236e+01 3.056815e+01 2.000000e+00
      vertex   3.250000e+01 3.050000e+01 2.000000e+00
    endloop
  endfacet
  facet normal 0.000000e+00 0.000000e+00 1.000000e+00
    outer loop
      vertex   3.056815e+01 3.301764e+01 2.000000e+00
      vertex   3.443185e+01 3.301764e+01 2.000000e+00
      vertex   3.076795e+01 3.350000e+01 2.000000e+00
    endloop
  endfacet
  facet normal -0.000000e+00 0.000000e+00 1.000000e+00
    outer loop
      vertex   3.076795e+01 3.350000e+01 2.000000e+00
      vertex   3.443185e+01 3.301764e+01 2.000000e+00
      vertex   3.423205e+01 3.350000e+01 2.000000e+00
    endloop
  endfacet
  facet normal 0.000000e+00 0.000000e+00 1.000000e+00
    outer loop
      vertex   3.076795e+01 3.350000e+01 2.000000e+00
      vertex   3.423205e+01 3.350000e+01 2.000000e+00
      vertex   3.108579e+01 3.391421e+01 2.000000e+00
    endloop
  endfacet
  facet normal -0.000000e+00 0.000000e+00 1.000000e+00
    outer loop
      vertex   3.108579e+01 3.391421e+01 2.000000e+00
      vertex   3.423205e+01 3.350000e+01 2.000000e+00
      vertex   3.391421e+01 3.391421e+01 2.000000e+00
    endloop
  endfacet
  facet normal 0.000000e+00 0.000000e+00 1.000000e+00
    outer loop
      vertex   3.108579e+01 3.391421e+01 2.000000e+00
      vertex   3.391421e+01 3.391421e+01 2.000000e+00
      vertex   3.150000e+01 3.423205e+01 2.000000e+00
    endloop
  endfacet
  facet normal -0.000000e+00 0.000000e+00 1.000000e+00
    outer loop
      vertex   3.150000e+01 3.423205e+01 2.000000e+00
      vertex   3.391421e+01 3.391421e+01 2.000000e+00
      vertex   3.350000e+01 3.423205e+01 2.000000e+00
    endloop
  endfacet
  facet normal 0.000000e+00 0.000000e+00 1.000000e+00
    outer loop
      vertex   3.150000e+01 3.423205e+01 2.000000e+00
      vertex   3.350000e+01 3.423205e+01 2.000000e+00
      vertex   3.198236e+01 3.443185e+01 2.000000e+00
    endloop
  endfacet
  facet normal -0.000000e+00 0.000000e+00 1.000000e+00
    outer loop
      vertex   3.198236e+01 3.443185e+01 2.000000e+00
      vertex   3.350000e+01 3.423205e+01 2.000000e+00
      vertex   3.301764e+01 3.443185e+01 2.000000e+00
    endloop
  endfacet
  facet normal 0.000000e+00 0.000000e+00 1.000000e+00
    outer loop
      vertex   3.198236e+01 3.443185e+01 2.000000e+00
      vertex   3.301764e+01 3.443185e+01 2.000000e+00
      vertex   3.250000e+01 3.450000e+01 2.000000e+00
    endloop
  endfacet
  facet normal -9.914449e-01 -1.305262e-01 -0.000000e+00
    outer loop
      vertex   3.443185e+01 -3.198236e+01 1.200000e+01
      vertex   3.443185e+01 -3.198236e+01 2.000000e+00
      vertex   3.450000e+01 -3.250000e+01 1.200000e+01
    endloop
  endfacet
  facet normal -9.914449e-01 -1.305262e-01 -0.000000e+00
    outer loop
      vertex   3.450000e+01 -3.250000e+01 1.200000e+01
      vertex   3.443185e+01 -3.198236e+01 2.000000e+00
      vertex   3.450000e+01 -3.250000e+01 2.000000e+00
    endloop
  endfacet
  facet normal -9.914449e-01 1.305262e-01 0.000000e+00
    outer loop
      vertex   3.450000e+01 -3.250000e+01 1.200000e+01
      vertex   3.450000e+01 -3.250000e+01 2.000000e+00
      vertex   3.443185e+01 -3.301764e+01 1.200000e+01
    endloop
  endfacet
  facet normal -9.914449e-01 1.305262e-01 0.000000e+00
    outer loop
      vertex   3.443185e+01 -3.301764e+01 1.200000e+01
      vertex   3.450000e+01 -3.250000e+01 2.000000e+00
      vertex   3.443185e+01 -3.301764e+01 2.000000e+00
    endloop
  endfacet
  facet normal -9.238795e-01 3.826834e-01 0.000000e+00
    outer loop
      vertex   3.443185e+01 -3.301764e+01 1.200000e+01
      vertex   3.443185e+01 -3.301764e+01 2.000000e+00
      vertex   3.423205e+01 -3.350000e+01 1.200000e+01
    endloop
  endfacet
  facet normal -9.238795e-01 3.826834e-01 0.000000e+00
    outer loop
      vertex   3.423205e+01 -3.350000e+01 1.200000e+01
      vertex   3.443185e+01 -3.301764e+01 2.000000e+00
      vertex   3.423205e+01 -3.350000e+01 2.000000e+00
    endloop
  endfacet
  facet normal -7.933533e-01 6.087614e-01 0.000000e+00
    outer loop
      vertex   3.423205e+01 -3.350000e+01 1.200000e+01
      vertex   3.423205e+01 -3.350000e+01 2.000000e+00
      vertex   3.391421e+01 -3.391421e+01 1.200000e+01
    endloop
  endfacet
  facet normal -7.933533e-01 6.087614e-01 0.000000e+00
    outer loop
      vertex   3.391421e+01 -3.391421e+01 1.200000e+01
      vertex   3.423205e+01 -3.350000e+01 2.000000e+00
      vertex   3.391421e+01 -3.391421e+01 2.000000e+00
    endloop
  endfacet
  facet normal -6.087614e-01 7.933533e-01 0.000000e+00
    outer loop
      vertex   3.391421e+01 -3.391421e+01 1.200000e+01
      vertex   3.391421e+01 -3.391421e+01 2.000000e+00
      vertex   3.350000e+01 -3.423205e+01 1.200000e+01
    endloop
  endfacet
  facet normal -6.087614e-01 7.933533e-01 0.000000e+00
    outer loop
      vertex   3.350000e+01 -3.423205e+01 1.200000e+01
      vertex   3.391421e+01 -3.391421e+01 2.000000e+00
      vertex   3.350000e+01 -3.423205e+01 2.000000e+00
    endloop
  endfacet
  facet normal -3.826834e-01 9.238795e-01 0.000000e+00
    outer loop
      vertex   3.350000e+01 -3.423205e+01 1.200000e+01
      vertex   3.350000e+01 -3.423205e+01 2.000000e+00
      vertex   3.301764e+01 -3.443185e+01 1.200000e+01
    endloop
  endfacet
  facet normal -3.826834e-01 9.238795e-01 0.000000e+00
    outer loop
      vertex   3.301764e+01 -3.443185e+01 1.200000e+01
      vertex   3.350000e+01 -3.423205e+01 2.000000e+00
      vertex   3.301764e+01 -3.443185e+01 2.000000e+00
    endloop
  endfacet
  facet normal -1.305262e-01 9.914449e-01 0.000000e+00
    outer loop
      vertex   3.301764e+01 -3.443185e+01 1.200000e+01
      vertex   3.301764e+01 -3.443185e+01 2.000000e+00
      vertex   3.250000e+01 -3.450000e+01 1.200000e+01
    endloop
  endfacet
  facet normal -1.305262e-01 9.914449e-01 0.000000e+00
    outer loop
      vertex   3.250000e+01 -3.450000e+01 1.200000e+01
      vertex   3.301764e+01 -3.443185e+01 2.000000e+00
      vertex   3.250000e+01 -3.450000e+01 2.000000e+00
    endloop
  endfacet
  facet normal 1.305262e-01 9.914449e-01 0.000000e+00
    outer loop
      vertex   3.250000e+01 -3.450000e+01 1.200000e+01
      vertex   3.250000e+01 -3.450000e+01 2.000000e+00
      vertex   3.198236e+01 -3.443185e+01 1.200000e+01
    endloop
  endfacet
  facet normal 1.305262e-01 9.914449e-01 0.000000e+00
    outer loop
      vertex   3.198236e+01 -3.443185e+01 1.200000e+01
      vertex   3.250000e+01 -3.450000e+01 2.000000e+00
      vertex   3.198236e+01 -3.443185e+01 2.000000e+00
    endloop
  endfacet
  facet normal 3.826834e-01 9.238795e-01 0.000000e+00
    outer loop
      vertex   3.198236e+01 -3.443185e+01 1.200000e+01
      vertex   3.198236e+01 -3.443185e+01 2.000000e+00
      vertex   3.150000e+01 -3.423205e+01 1.200000e+01
    endloop
  endfacet
  facet normal 3.826834e-01 9.238795e-01 -1.359565e-16
    outer loop
      vertex   3.150000e+01 -3.423205e+01 1.200000e+01
      vertex   3.198236e+01 -3.443185e+01 2.000000e+00
      vertex   3.150000e+01 -3.423205e+01 2.000000e+00
    endloop
  endfacet
  facet normal 6.087614e-01 7.933533e-01 -2.162755e-16
    outer loop
      vertex   3.150000e+01 -3.423205e+01 1.200000e+01
      vertex   3.150000e+01 -3.423205e+01 2.000000e+00
      vertex   3.108579e+01 -3.391421e+01 1.200000e+01
    endloop
  endfacet
  facet normal 6.087614e-01 7.933533e-01 0.000000e+00
    outer loop
      vertex   3.108579e+01 -3.391421e+01 1.200000e+01
      vertex   3.150000e+01 -3.423205e+01 2.000000e+00
      vertex   3.108579e+01 -3.391421e+01 2.000000e+00
    endloop
  endfacet
  facet normal 7.933533e-01 6.087614e-01 0.000000e+00
    outer loop
      vertex   3.108579e+01 -3.391421e+01 1.200000e+01
      vertex   3.108579e+01 -3.391421e+01 2.000000e+00
      vertex   3.076795e+01 -3.350000e+01 1.200000e+01
    endloop
  endfacet
  facet normal 7.933533e-01 6.087614e-01 0.000000e+00
    outer loop
      vertex   3.076795e+01 -3.350000e+01 1.200000e+01
      vertex   3.108579e+01 -3.391421e+01 2.000000e+00
      vertex   3.076795e+01 -3.350000e+01 2.000000e+00
    endloop
  endfacet
  facet normal 9.238795e-01 3.826834e-01 0.000000e+00
    outer loop
      vertex   3.076795e+01 -3.350000e+01 1.200000e+01
      vertex   3.076795e+01 -3.350000e+01 2.000000e+00
      vertex   3.056815e+01 -3.301764e+01 1.200000e+01
    endloop
  endfacet
  facet normal 9.238795e-01 3.826834e-01 0.000000e+00
    outer loop
      vertex   3.056815e+01 -3.301764e+01 1.200000e+01
      vertex   3.076795e+01 -3.350000e+01 2.000000e+00
      vertex   3.056815e+01 -3.301764e+01 2.000000e+00
    endloop
  endfacet
  facet normal 9.914449e-01 1.305262e-01 0.000000e+00
    outer loop
      vertex   3.056815e+01 -3.301764e+01 1.200000e+01
      vertex   3.056815e+01 -3.301764e+01 2.000000e+00
      vertex   3.050000e+01 -3.250000e+01 1.200000e+01
    endloop
  endfacet
  facet normal 9.914449e-01 1.305262e-01 0.000000e+00
    outer loop
      vertex   3.050000e+01 -3.250000e+01 1.200000e+01
      vertex   3.056815e+01 -3.301764e+01 2.000000e+00
      vertex   3.050000e+01 -3.250000e+01 2.000000e+00
    endloop
  endfacet
  facet normal 9.914449e-01 -1.305262e-01 0.000000e+00
    outer loop
      vertex   3.050000e+01 -3.250000e+01 1.200000e+01
      vertex   3.050000e+01 -3.250000e+01 2.000000e+00
      vertex   3.056815e+01 -3.198236e+01 1.200000e+01
    endloop
  endfacet
  facet normal 9.914449e-01 -1.305262e-01 0.000000e+00
    outer loop
      vertex   3.056815e+01 -3.198236e+01 1.200000e+01
      vertex   3.050000e+01 -3.250000e+01 2.000000e+00
      vertex   3.056815e+01 -3.198236e+01 2.000000e+00
    endloop
  endfacet
  facet normal 9.238795e-01 -3.826834e-01 0.000000e+00
    outer loop
      vertex   3.056815e+01 -3.198236e+01 1.200000e+01
      vertex   3.056815e+01 -3.198236e+01 2.000000e+00
      vertex   3.076795e+01 -3.150000e+01 1.200000e+01
    endloop
  endfacet
  facet normal 9.238795e-01 -3.826834e-01 -1.359565e-16
    outer loop
      vertex   3.076795e+01 -3.150000e+01 1.200000e+01
      vertex   3.056815e+01 -3.198236e+01 2.000000e+00
      vertex   3.076795e+01 -3.150000e+01 2.000000e+00
    endloop
  endfacet
  facet normal 7.933533e-01 -6.087614e-01 -2.162755e-16
    outer loop
      vertex   3.076795e+01 -3.150000e+01 1.200000e+01
      vertex   3.076795e+01 -3.150000e+01 2.000000e+00
      vertex   3.108579e+01 -3.108579e+01 1.200000e+01
    endloop
  endfacet
  facet normal 7.933533e-01 -6.087614e-01 0.000000e+00
    outer loop
      vertex   3.108579e+01 -3.108579e+01 1.200000e+01
      vertex   3.076795e+01 -3.150000e+01 2.000000e+00
      vertex   3.108579e+01 -3.108579e+01 2.000000e+00
    endloop
  endfacet
  facet normal 6.087614e-01 -7.933533e-01 0.000000e+00
    outer loop
      vertex   3.108579e+01 -3.108579e+01 1.200000e+01
      vertex   3.108579e+01 -3.108579e+01 2.000000e+00
      vertex   3.150000e+01 -3.076795e+01 1.200000e+01
    endloop
  endfacet
  facet normal 6.087614e-01 -7.933533e-01 2.162755e-16
    outer loop
      vertex   3.150000e+01 -3.076795e+01 1.200000e+01
      vertex   3.108579e+01 -3.108579e+01 2.000000e+00
      vertex   3.150000e+01 -3.076795e+01 2.000000e+00
    endloop
  endfacet
  facet normal 3.826834e-01 -9.238795e-01 1.359565e-16
    outer loop
      vertex   3.150000e+01 -3.076795e+01 1.200000e+01
      vertex   3.150000e+01 -3.076795e+01 2.000000e+00
      vertex   3.198236e+01 -3.056815e+01 1.200000e+01
    endloop
  endfacet
  facet normal 3.826834e-01 -9.238795e-01 0.000000e+00
    outer loop
      vertex   3.198236e+01 -3.056815e+01 1.200000e+01
      vertex   3.150000e+01 -3.076795e+01 2.000000e+00
      vertex   3.198236e+01 -3.056815e+01 2.000000e+00
    endloop
  endfacet
  facet normal 1.305262e-01 -9.914449e-01 0.000000e+00
    outer loop
      vertex   3.198236e+01 -3.056815e+01 1.200000e+01
      vertex   3.198236e+01 -3.056815e+01 2.000000e+00
      vertex   3.250000e+01 -3.050000e+01 1.200000e+01
    endloop
  endfacet
  facet normal 1.305262e-01 -9.914449e-01 0.000000e+00
    outer loop
      vertex   3.250000e+01 -3.050000e+01 1.200000e+01
      vertex   3.198236e+01 -3.056815e+01 2.000000e+00
      vertex   3.250000e+01 -3.050000e+01 2.000000e+00
    endloop
  endfacet
  facet normal -1.305262e-01 -9.914449e-01 -0.000000e+00
    outer loop
      vertex   3.250000e+01 -3.050000e+01 1.200000e+01
      vertex   3.250000e+01 -3.050000e+01 2.000000e+00
      vertex   3.301764e+01 -3.056815e+01 1.200000e+01
    endloop
  endfacet
  facet normal -1.305262e-01 -9.914449e-01 -0.000000e+00
    outer loop
      vertex   3.301764e+01 -3.056815e+01 1.200000e+01
      vertex   3.250000e+01 -3.050000e+01 2.000000e+00
      vertex   3.301764e+01 -3.056815e+01 2.000000e+00
    endloop
  endfacet
  facet normal -3.826834e-01 -9.238795e-01 -0.000000e+00
    outer loop
      vertex   3.301764e+01 -3.056815e+01 1.200000e+01
      vertex   3.301764e+01 -3.056815e+01 2.000000e+00
      vertex   3.350000e+01 -3.076795e+01 1.200000e+01
    endloop
  endfacet
  facet normal -3.826834e-01 -9.238795e-01 -0.000000e+00
    outer loop
      vertex   3.350000e+01 -3.076795e+01 1.200000e+01
      vertex   3.301764e+01 -3.056815e+01 2.000000e+00
      vertex   3.350000e+01 -3.076795e+01 2.000000e+00
    endloop
  endfacet
  facet normal -6.087614e-01 -7.933533e-01 -0.000000e+00
    outer loop
      vertex   3.350000e+01 -3.076795e+01 1.200000e+01
      vertex   3.350000e+01 -3.076795e+01 2.000000e+00
      vertex   3.391421e+01 -3.108579e+01 1.200000e+01
    endloop
  endfacet
  facet normal -6.087614e-01 -7.933533e-01 -0.000000e+00
    outer loop
      vertex   3.391421e+01 -3.108579e+01 1.200000e+01
      vertex   3.350000e+01 -3.076795e+01 2.000000e+00
      vertex   3.391421e+01 -3.108579e+01 2.000000e+00
    endloop
  endfacet
  facet normal -7.933533e-01 -6.087614e-01 -0.000000e+00
    outer loop
      vertex   3.391421e+01 -3.108579e+01 1.200000e+01
      vertex   3.391421e+01 -3.108579e+01 2.000000e+00
      vertex   3.423205e+01 -3.150000e+01 1.200000e+01
    endloop
  endfacet
  facet normal -7.933533e-01 -6.087614e-01 2.162755e-16
    outer loop
      vertex   3.423205e+01 -3.150000e+01 1.200000e+01
      vertex   3.391421e+01 -3.108579e+01 2.000000e+00
      vertex   3.423205e+01 -3.150000e+01 2.000000e+00
    endloop
  endfacet
  facet normal -9.238795e-01 -3.826834e-01 1.359565e-16
    outer loop
      vertex   3.423205e+01 -3.150000e+01 1.200000e+01
      vertex   3.423205e+01 -3.150000e+01 2.000000e+00
      vertex   3.443185e+01 -3.198236e+01 1.200000e+01
    endloop
  endfacet
  facet normal -9.238795e-01 -3.826834e-01 -0.000000e+00
    outer loop
      vertex   3.443185e+01 -3.198236e+01 1.200000e+01
      vertex   3.423205e+01 -3.150000e+01 2.000000e+00
      vertex   3.443185e+01 -3.198236e+01 2.000000e+00
    endloop
  endfacet
  facet normal 9.945219e-01 -1.045285e-01 0.000000e+00
    outer loop
      vertex   3.641259e+01 -3.333165e+01 1.200000e+01
      vertex   3.641259e+01 -3.333165e+01 2.000000e+00
      vertex   3.650000e+01 -3.250000e+01 1.200000e+01
    endloop
  endfacet
  facet normal 9.945219e-01 -1.045285e-01 0.000000e+00
    outer loop
      vertex   3.650000e+01 -3.250000e+01 1.200000e+01
      vertex   3.641259e+01 -3.333165e+01 2.000000e+00
      vertex   3.650000e+01 -3.250000e+01 2.000000e+00
    endloop
  endfacet
  facet normal 9.945219e-01 1.045285e-01 0.000000e+00
    outer loop
      vertex   3.650000e+01 -3.250000e+01 1.200000e+01
      vertex   3.650000e+01 -3.250000e+01 2.000000e+00
      vertex   3.641259e+01 -3.166835e+01 1.200000e+01
    endloop
  endfacet
  facet normal 9.945219e-01 1.045285e-01 3.713597e-17
    outer loop
      vertex   3.641259e+01 -3.166835e+01 1.200000e+01
      vertex   3.650000e+01 -3.250000e+01 2.000000e+00
      vertex   3.641259e+01 -3.166835e+01 2.000000e+00
    endloop
  endfacet
  facet normal 9.510565e-01 3.090170e-01 1.097849e-16
    outer loop
      vertex   3.641259e+01 -3.166835e+01 1.200000e+01
      vertex   3.641259e+01 -3.166835e+01 2.000000e+00
      vertex   3.615418e+01 -3.087305e+01 1.200000e+01
    endloop
  endfacet
  facet normal 9.510565e-01 3.090170e-01 0.000000e+00
    outer loop
      vertex   3.615418e+01 -3.087305e+01 1.200000e+01
      vertex   3.641259e+01 -3.166835e+01 2.000000e+00
      vertex   3.615418e+01 -3.087305e+01 2.000000e+00
    endloop
  endfacet
  facet normal 8.660254e-01 5.000000e-01 0.000000e+00
    outer loop
      vertex   3.615418e+01 -3.087305e+01 1.200000e+01
      vertex   3.615418e+01 -3.087305e+01 2.000000e+00
      vertex   3.573607e+01 -3.014886e+01 1.200000e+01
    endloop
  endfacet
  facet normal 8.660254e-01 5.000000e-01 0.000000e+00
    outer loop
      vertex   3.573607e+01 -3.014886e+01 1.200000e+01
      vertex   3.615418e+01 -3.087305e+01 2.000000e+00
      vertex   3.573607e+01 -3.014886e+01 2.000000e+00
    endloop
  endfacet
  facet normal 7.431448e-01 6.691306e-01 0.000000e+00
    outer loop
      vertex   3.573607e+01 -3.014886e+01 1.200000e+01
      vertex   3.573607e+01 -3.014886e+01 2.000000e+00
      vertex   3.517652e+01 -2.952742e+01 1.200000e+01
    endloop
  endfacet
  facet normal 7.431448e-01 6.691306e-01 0.000000e+00
    outer loop
      vertex   3.517652e+01 -2.952742e+01 1.200000e+01
      vertex   3.573607e+01 -3.014886e+01 2.000000e+00
      vertex   3.517652e+01 -2.952742e+01 2.000000e+00
    endloop
  endfacet
  facet normal 5.877853e-01 8.090170e-01 0.000000e+00
    outer loop
      vertex   3.517652e+01 -2.952742e+01 1.200000e+01
      vertex   3.517652e+01 -2.952742e+01 2.000000e+00
      vertex   3.450000e+01 -2.903590e+01 1.200000e+01
    endloop
  endfacet
  facet normal 5.877853e-01 8.090170e-01 0.000000e+00
    outer loop
      vertex   3.450000e+01 -2.903590e+01 1.200000e+01
      vertex   3.517652e+01 -2.952742e+01 2.000000e+00
      vertex   3.450000e+01 -2.903590e+01 2.000000e+00
    endloop
  endfacet
  facet normal 4.067366e-01 9.135455e-01 0.000000e+00
    outer loop
      vertex   3.450000e+01 -2.903590e+01 1.200000e+01
      vertex   3.450000e+01 -2.903590e+01 2.000000e+00
      vertex   3.373607e+01 -2.869577e+01 1.200000e+01
    endloop
  endfacet
  facet normal 4.067366e-01 9.135455e-01 0.000000e+00
    outer loop
      vertex   3.373607e+01 -2.869577e+01 1.200000e+01
      vertex   3.450000e+01 -2.903590e+01 2.000000e+00
      vertex   3.373607e+01 -2.869577e+01 2.000000e+00
    endloop
  endfacet
  facet normal 2.079117e-01 9.781476e-01 0.000000e+00
    outer loop
      vertex   3.373607e+01 -2.869577e+01 1.200000e+01
      vertex   3.373607e+01 -2.869577e+01 2.000000e+00
      vertex   3.291811e+01 -2.852191e+01 1.200000e+01
    endloop
  endfacet
  facet normal 2.079117e-01 9.781476e-01 0.000000e+00
    outer loop
      vertex   3.291811e+01 -2.852191e+01 1.200000e+01
      vertex   3.373607e+01 -2.869577e+01 2.000000e+00
      vertex   3.291811e+01 -2.852191e+01 2.000000e+00
    endloop
  endfacet
  facet normal 0.000000e+00 1.000000e+00 0.000000e+00
    outer loop
      vertex   3.291811e+01 -2.852191e+01 1.200000e+01
      vertex   3.291811e+01 -2.852191e+01 2.000000e+00
      vertex   3.208189e+01 -2.852191e+01 1.200000e+01
    endloop
  endfacet
  facet normal 0.000000e+00 1.000000e+00 0.000000e+00
    outer loop
      vertex   3.208189e+01 -2.852191e+01 1.200000e+01
      vertex   3.291811e+01 -2.852191e+01 2.000000e+00
      vertex   3.208189e+01 -2.852191e+01 2.000000e+00
    endloop
  endfacet
  facet normal -2.079117e-01 9.781476e-01 1.477301e-16
    outer loop
      vertex   3.208189e+01 -2.852191e+01 1.200000e+01
      vertex   3.208189e+01 -2.852191e+01 2.000000e+00
      vertex   3.126393e+01 -2.869577e+01 1.200000e+01
    endloop
  endfacet
  facet normal -2.079117e-01 9.781476e-01 0.000000e+00
    outer loop
      vertex   3.126393e+01 -2.869577e+01 1.200000e+01
      vertex   3.208189e+01 -2.852191e+01 2.000000e+00
      vertex   3.126393e+01 -2.869577e+01 2.000000e+00
    endloop
  endfacet
  facet normal -4.067366e-01 9.135455e-01 0.000000e+00
    outer loop
      vertex   3.126393e+01 -2.869577e+01 1.200000e+01
      vertex   3.126393e+01 -2.869577e+01 2.000000e+00
      vertex   3.050000e+01 -2.903590e+01 1.200000e+01
    endloop
  endfacet
  facet normal -4.067366e-01 9.135455e-01 0.000000e+00
    outer loop
      vertex   3.050000e+01 -2.903590e+01 1.200000e+01
      vertex   3.126393e+01 -2.869577e+01 2.000000e+00
      vertex   3.050000e+01 -2.903590e+01 2.000000e+00
    endloop
  endfacet
  facet normal -5.877853e-01 8.090170e-01 0.000000e+00
    outer loop
      vertex   3.050000e+01 -2.903590e+01 1.200000e+01
      vertex   3.050000e+01 -2.903590e+01 2.000000e+00
      vertex   2.982348e+01 -2.952742e+01 1.200000e+01
    endloop
  endfacet
  facet normal -5.877853e-01 8.090170e-01 0.000000e+00
    outer loop
      vertex   2.982348e+01 -2.952742e+01 1.200000e+01
      vertex   3.050000e+01 -2.903590e+01 2.000000e+00
      vertex   2.982348e+01 -2.952742e+01 2.000000e+00
    endloop
  endfacet
  facet normal -7.431448e-01 6.691306e-01 0.000000e+00
    outer loop
      vertex   2.982348e+01 -2.952742e+01 1.200000e+01
      vertex   2.982348e+01 -2.952742e+01 2.000000e+00
      vertex   2.926393e+01 -3.014886e+01 1.200000e+01
    endloop
  endfacet
  facet normal -7.431448e-01 6.691306e-01 0.000000e+00
    outer loop
      vertex   2.926393e+01 -3.014886e+01 1.200000e+01
      vertex   2.982348e+01 -2.952742e+01 2.000000e+00
      vertex   2.926393e+01 -3.014886e+01 2.000000e+00
    endloop
  endfacet
  facet normal -8.660254e-01 5.000000e-01 0.000000e+00
    outer loop
      vertex   2.926393e+01 -3.014886e+01 1.200000e+01
      vertex   2.926393e+01 -3.014886e+01 2.000000e+00
      vertex   2.884582e+01 -3.087305e+01 1.200000e+01
    endloop
  endfacet
  facet normal -8.660254e-01 5.000000e-01 0.000000e+00
    outer loop
      vertex   2.884582e+01 -3.087305e+01 1.200000e+01
      vertex   2.926393e+01 -3.014886e+01 2.000000e+00
      vertex   2.884582e+01 -3.087305e+01 2.000000e+00
    endloop
  endfacet
  facet normal -9.510565e-01 3.090170e-01 0.000000e+00
    outer loop
      vertex   2.884582e+01 -3.087305e+01 1.200000e+01
      vertex   2.884582e+01 -3.087305e+01 2.000000e+00
      vertex   2.858741e+01 -3.166835e+01 1.200000e+01
    endloop
  endfacet
  facet normal -9.510565e-01 3.090170e-01 -1.097849e-16
    outer loop
      vertex   2.858741e+01 -3.166835e+01 1.200000e+01
      vertex   2.884582e+01 -3.087305e+01 2.000000e+00
      vertex   2.858741e+01 -3.166835e+01 2.000000e+00
    endloop
  endfacet
  facet normal -9.945219e-01 1.045285e-01 -3.713597e-17
    outer loop
      vertex   2.858741e+01 -3.166835e+01 1.200000e+01
      vertex   2.858741e+01 -3.166835e+01 2.000000e+00
      vertex   2.850000e+01 -3.250000e+01 1.200000e+01
    endloop
  endfacet
  facet normal -9.945219e-01 1.045285e-01 0.000000e+00
    outer loop
      vertex   2.850000e+01 -3.250000e+01 1.200000e+01
      vertex   2.858741e+01 -3.166835e+01 2.000000e+00
      vertex   2.850000e+01 -3.250000e+01 2.000000e+00
    endloop
  endfacet
  facet normal -9.945219e-01 -1.045285e-01 -0.000000e+00
    outer loop
      vertex   2.850000e+01 -3.250000e+01 1.200000e+01
      vertex   2.850000e+01 -3.250000e+01 2.000000e+00
      vertex   2.858741e+01 -3.333165e+01 1.200000e+01
    endloop
  endfacet
  facet normal -9.945219e-01 -1.045285e-01 -0.000000e+00
    outer loop
      vertex   2.858741e+01 -3.333165e+01 1.200000e+01
      vertex   2.850000e+01 -3.250000e+01 2.000000e+00
      vertex   2.858741e+01 -3.333165e+01 2.000000e+00
    endloop
  endfacet
  facet normal -9.510565e-01 -3.090170e-01 -0.000000e+00
    outer loop
      vertex   2.858741e+01 -3.333165e+01 1.200000e+01
      vertex   2.858741e+01 -3.333165e+01 2.000000e+00
      vertex   2.884582e+01 -3.412695e+01 1.200000e+01
    endloop
  endfacet
  facet normal -9.510565e-01 -3.090170e-01 -0.000000e+00
    outer loop
      vertex   2.884582e+01 -3.412695e+01 1.200000e+01
      vertex   2.858741e+01 -3.333165e+01 2.000000e+00
      vertex   2.884582e+01 -3.412695e+01 2.000000e+00
    endloop
  endfacet
  facet normal -8.660254e-01 -5.000000e-01 -0.000000e+00
    outer loop
      vertex   2.884582e+01 -3.412695e+01 1.200000e+01
      vertex   2.884582e+01 -3.412695e+01 2.000000e+00
      vertex   2.926393e+01 -3.485114e+01 1.200000e+01
    endloop
  endfacet
  facet normal -8.660254e-01 -5.000000e-01 -0.000000e+00
    outer loop
      vertex   2.926393e+01 -3.485114e+01 1.200000e+01
      vertex   2.884582e+01 -3.412695e+01 2.000000e+00
      vertex   2.926393e+01 -3.485114e+01 2.000000e+00
    endloop
  endfacet
  facet normal -7.431448e-01 -6.691306e-01 -0.000000e+00
    outer loop
      vertex   2.926393e+01 -3.485114e+01 1.200000e+01
      vertex   2.926393e+01 -3.485114e+01 2.000000e+00
      vertex   2.982348e+01 -3.547258e+01 1.200000e+01
    endloop
  endfacet
  facet normal -7.431448e-01 -6.691306e-01 -0.000000e+00
    outer loop
      vertex   2.982348e+01 -3.547258e+01 1.200000e+01
      vertex   2.926393e+01 -3.485114e+01 2.000000e+00
      vertex   2.982348e+01 -3.547258e+01 2.000000e+00
    endloop
  endfacet
  facet normal -5.877853e-01 -8.090170e-01 -0.000000e+00
    outer loop
      vertex   2.982348e+01 -3.547258e+01 1.200000e+01
      vertex   2.982348e+01 -3.547258e+01 2.000000e+00
      vertex   3.050000e+01 -3.596410e+01 1.200000e+01
    endloop
  endfacet
  facet normal -5.877853e-01 -8.090170e-01 -0.000000e+00
    outer loop
      vertex   3.050000e+01 -3.596410e+01 1.200000e+01
      vertex   2.982348e+01 -3.547258e+01 2.000000e+00
      vertex   3.050000e+01 -3.596410e+01 2.000000e+00
    endloop
  endfacet
  facet normal -4.067366e-01 -9.135455e-01 -0.000000e+00
    outer loop
      vertex   3.050000e+01 -3.596410e+01 1.200000e+01
      vertex   3.050000e+01 -3.596410e+01 2.000000e+00
      vertex   3.126393e+01 -3.630423e+01 1.200000e+01
    endloop
  endfacet
  facet normal -4.067366e-01 -9.135455e-01 -0.000000e+00
    outer loop
      vertex   3.126393e+01 -3.630423e+01 1.200000e+01
      vertex   3.050000e+01 -3.596410e+01 2.000000e+00
      vertex   3.126393e+01 -3.630423e+01 2.000000e+00
    endloop
  endfacet
  facet normal -2.079117e-01 -9.781476e-01 -0.000000e+00
    outer loop
      vertex   3.126393e+01 -3.630423e+01 1.200000e+01
      vertex   3.126393e+01 -3.630423e+01 2.000000e+00
      vertex   3.208189e+01 -3.647809e+01 1.200000e+01
    endloop
  endfacet
  facet normal -2.079117e-01 -9.781476e-01 -1.477301e-16
    outer loop
      vertex   3.208189e+01 -3.647809e+01 1.200000e+01
      vertex   3.126393e+01 -3.630423e+01 2.000000e+00
      vertex   3.208189e+01 -3.647809e+01 2.000000e+00
    endloop
  endfacet
  facet normal 0.000000e+00 -1.000000e+00 0.000000e+00
    outer loop
      vertex   3.208189e+01 -3.647809e+01 1.200000e+01
      vertex   3.208189e+01 -3.647809e+01 2.000000e+00
      vertex   3.291811e+01 -3.647809e+01 1.200000e+01
    endloop
  endfacet
  facet normal 0.000000e+00 -1.000000e+00 -0.000000e+00
    outer loop
      vertex   3.291811e+01 -3.647809e+01 1.200000e+01
      vertex   3.208189e+01 -3.647809e+01 2.000000e+00
      vertex   3.291811e+01 -3.647809e+01 2.000000e+00
    endloop
  endfacet
  facet normal 2.079117e-01 -9.781476e-01 0.000000e+00
    outer loop
      vertex   3.291811e+01 -3.647809e+01 1.200000e+01
      vertex   3.291811e+01 -3.647809e+01 2.000000e+00
      vertex   3.373607e+01 -3.630423e+01 1.200000e+01
    endloop
  endfacet
  facet normal 2.079117e-01 -9.781476e-01 0.000000e+00
    outer loop
      vertex   3.373607e+01 -3.630423e+01 1.200000e+01
      vertex   3.291811e+01 -3.647809e+01 2.000000e+00
      vertex   3.373607e+01 -3.630423e+01 2.000000e+00
    endloop
  endfacet
  facet normal 4.067366e-01 -9.135455e-01 0.000000e+00
    outer loop
      vertex   3.373607e+01 -3.630423e+01 1.200000e+01
      vertex   3.373607e+01 -3.630423e+01 2.000000e+00
      vertex   3.450000e+01 -3.596410e+01 1.200000e+01
    endloop
  endfacet
  facet normal 4.067366e-01 -9.135455e-01 0.000000e+00
    outer loop
      vertex   3.450000e+01 -3.596410e+01 1.200000e+01
      vertex   3.373607e+01 -3.630423e+01 2.000000e+00
      vertex   3.450000e+01 -3.596410e+01 2.000000e+00
    endloop
  endfacet
  facet normal 5.877853e-01 -8.090170e-01 0.000000e+00
    outer loop
      vertex   3.450000e+01 -3.596410e+01 1.200000e+01
      vertex   3.450000e+01 -3.596410e+01 2.000000e+00
      vertex   3.517652e+01 -3.547258e+01 1.200000e+01
    endloop
  endfacet
  facet normal 5.877853e-01 -8.090170e-01 0.000000e+00
    outer loop
      vertex   3.517652e+01 -3.547258e+01 1.200000e+01
      vertex   3.450000e+01 -3.596410e+01 2.000000e+00
      vertex   3.517652e+01 -3.547258e+01 2.000000e+00
    endloop
  endfacet
  facet normal 7.431448e-01 -6.691306e-01 0.000000e+00
    outer loop
      vertex   3.517652e+01 -3.547258e+01 1.200000e+01
      vertex   3.517652e+01 -3.547258e+01 2.000000e+00
      vertex   3.573607e+01 -3.485114e+01 1.200000e+01
    endloop
  endfacet
  facet normal 7.431448e-01 -6.691306e-01 0.000000e+00
    outer loop
      vertex   3.573607e+01 -3.485114e+01 1.200000e+01
      vertex   3.517652e+01 -3.547258e+01 2.000000e+00
      vertex   3.573607e+01 -3.485114e+01 2.000000e+00
    endloop
  endfacet
  facet normal 8.660254e-01 -5.000000e-01 0.000000e+00
    outer loop
      vertex   3.573607e+01 -3.485114e+01 1.200000e+01
      vertex   3.573607e+01 -3.485114e+01 2.000000e+00
      vertex   3.615418e+01 -3.412695e+01 1.200000e+01
    endloop
  endfacet
  facet normal 8.660254e-01 -5.000000e-01 0.000000e+00
    outer loop
      vertex   3.615418e+01 -3.412695e+01 1.200000e+01
      vertex   3.573607e+01 -3.485114e+01 2.000000e+00
      vertex   3.615418e+01 -3.412695e+01 2.000000e+00
    endloop
  endfacet
  facet normal 9.510565e-01 -3.090170e-01 0.000000e+00
    outer loop
      vertex   3.615418e+01 -3.412695e+01 1.200000e+01
      vertex   3.615418e+01 -3.412695e+01 2.000000e+00
      vertex   3.641259e+01 -3.333165e+01 1.200000e+01
    endloop
  endfacet
  facet normal 9.510565e-01 -3.090170e-01 0.000000e+00
    outer loop
      vertex   3.641259e+01 -3.333165e+01 1.200000e+01
      vertex   3.615418e+01 -3.412695e+01 2.000000e+00
      vertex   3.641259e+01 -3.333165e+01 2.000000e+00
    endloop
  endfacet
  facet normal -0.000000e+00 0.000000e+00 1.000000e+00
    outer loop
      vertex   3.443185e+01 -3.301764e+01 1.200000e+01
      vertex   3.641259e+01 -3.333165e+01 1.200000e+01
      vertex   3.450000e+01 -3.250000e+01 1.200000e+01
    endloop
  endfacet
  facet normal -0.000000e+00 0.000000e+00 1.000000e+00
    outer loop
      vertex   3.450000e+01 -3.250000e+01 1.200000e+01
      vertex   3.641259e+01 -3.333165e+01 1.200000e+01
      vertex   3.650000e+01 -3.250000e+01 1.200000e+01
    endloop
  endfacet
  facet normal 0.000000e+00 0.000000e+00 1.000000e+00
    outer loop
      vertex   3.450000e+01 -3.250000e+01 1.200000e+01
      vertex   3.650000e+01 -3.250000e+01 1.200000e+01
      vertex   3.641259e+01 -3.166835e+01 1.200000e+01
    endloop
  endfacet
  facet normal 0.000000e+00 0.000000e+00 1.000000e+00
    outer loop
      vertex   3.641259e+01 -3.333165e+01 1.200000e+01
      vertex   3.443185e+01 -3.301764e+01 1.200000e+01
      vertex   3.615418e+01 -3.412695e+01 1.200000e+01
    endloop
  endfacet
  facet normal 0.000000e+00 0.000000e+00 1.000000e+00
    outer loop
      vertex   3.615418e+01 -3.412695e+01 1.200000e+01
      vertex   3.443185e+01 -3.301764e+01 1.200000e+01
      vertex   3.423205e+01 -3.350000e+01 1.200000e+01
    endloop
  endfacet
  facet normal 0.000000e+00 0.000000e+00 1.000000e+00
    outer loop
      vertex   3.615418e+01 -3.412695e+01 1.200000e+01
      vertex   3.423205e+01 -3.350000e+01 1.200000e+01
      vertex   3.573607e+01 -3.485114e+01 1.200000e+01
    endloop
  endfacet
  facet normal 0.000000e+00 0.000000e+00 1.000000e+00
    outer loop
      vertex   3.573607e+01 -3.485114e+01 1.200000e+01
      vertex   3.423205e+01 -3.350000e+01 1.200000e+01
      vertex   3.391421e+01 -3.391421e+01 1.200000e+01
    endloop
  endfacet
  facet normal 0.000000e+00 0.000000e+00 1.000000e+00
    outer loop
      vertex   3.573607e+01 -3.485114e+01 1.200000e+01
      vertex   3.391421e+01 -3.391421e+01 1.200000e+01
      vertex   3.517652e+01 -3.547258e+01 1.200000e+01
    endloop
  endfacet
  facet normal 0.000000e+00 0.000000e+00 1.000000e+00
    outer loop
      vertex   3.517652e+01 -3.547258e+01 1.200000e+01
      vertex   3.391421e+01 -3.391421e+01 1.200000e+01
      vertex   3.350000e+01 -3.423205e+01 1.200000e+01
    endloop
  endfacet
  facet normal 0.000000e+00 0.000000e+00 1.000000e+00
    outer loop
      vertex   3.517652e+01 -3.547258e+01 1.200000e+01
      vertex   3.350000e+01 -3.423205e+01 1.200000e+01
      vertex   3.450000e+01 -3.596410e+01 1.200000e+01
    endloop
  endfacet
  facet normal 0.000000e+00 0.000000e+00 1.000000e+00
    outer loop
      vertex   3.450000e+01 -3.596410e+01 1.200000e+01
      vertex   3.350000e+01 -3.423205e+01 1.200000e+01
      vertex   3.373607e+01 -3.630423e+01 1.200000e+01
    endloop
  endfacet
  facet normal 0.000000e+00 0.000000e+00 1.000000e+00
    outer loop
      vertex   3.373607e+01 -3.630423e+01 1.200000e+01
      vertex   3.350000e+01 -3.423205e+01 1.200000e+01
      vertex   3.301764e+01 -3.443185e+01 1.200000e+01
    endloop
  endfacet
  facet normal 0.000000e+00 0.000000e+00 1.000000e+00
    outer loop
      vertex   3.373607e+01 -3.630423e+01 1.200000e+01
      vertex   3.301764e+01 -3.443185e+01 1.200000e+01
      vertex   3.291811e+01 -3.647809e+01 1.200000e+01
    endloop
  endfacet
  facet normal 0.000000e+00 -0.000000e+00 1.000000e+00
    outer loop
      vertex   3.291811e+01 -3.647809e+01 1.200000e+01
      vertex   3.301764e+01 -3.443185e+01 1.200000e+01
      vertex   3.250000e+01 -3.450000e+01 1.200000e+01
    endloop
  endfacet
  facet normal 0.000000e+00 0.000000e+00 1.000000e+00
    outer loop
      vertex   3.291811e+01 -3.647809e+01 1.200000e+01
      vertex   3.250000e+01 -3.450000e+01 1.200000e+01
      vertex   3.208189e+01 -3.647809e+01 1.200000e+01
    endloop
  endfacet
  facet normal 0.000000e+00 -0.000000e+00 1.000000e+00
    outer loop
      vertex   3.208189e+01 -3.647809e+01 1.200000e+01
      vertex   3.250000e+01 -3.450000e+01 1.200000e+01
      vertex   3.198236e+01 -3.443185e+01 1.200000e+01
    endloop
  endfacet
  facet normal 0.000000e+00 0.000000e+00 1.000000e+00
    outer loop
      vertex   3.208189e+01 -3.647809e+01 1.200000e+01
      vertex   3.198236e+01 -3.443185e+01 1.200000e+01
      vertex   3.126393e+01 -3.630423e+01 1.200000e+01
    endloop
  endfacet
  facet normal 0.000000e+00 0.000000e+00 1.000000e+00
    outer loop
      vertex   3.126393e+01 -3.630423e+01 1.200000e+01
      vertex   3.198236e+01 -3.443185e+01 1.200000e+01
      vertex   3.150000e+01 -3.423205e+01 1.200000e+01
    endloop
  endfacet
  facet normal 0.000000e+00 -0.000000e+00 1.000000e+00
    outer loop
      vertex   3.126393e+01 -3.630423e+01 1.200000e+01
      vertex   3.150000e+01 -3.423205e+01 1.200000e+01
      vertex   3.050000e+01 -3.596410e+01 1.200000e+01
    endloop
  endfacet
  facet normal 0.000000e+00 -0.000000e+00 1.000000e+00
    outer loop
      vertex   3.050000e+01 -3.596410e+01 1.200000e+01
      vertex   3.150000e+01 -3.423205e+01 1.200000e+01
      vertex   2.982348e+01 -3.547258e+01 1.200000e+01
    endloop
  endfacet
  facet normal 0.000000e+00 0.000000e+00 1.000000e+00
    outer loop
      vertex   2.982348e+01 -3.547258e+01 1.200000e+01
      vertex   3.150000e+01 -3.423205e+01 1.200000e+01
      vertex   3.108579e+01 -3.391421e+01 1.200000e+01
    endloop
  endfacet
  facet normal 0.000000e+00 -0.000000e+00 1.000000e+00
    outer loop
      vertex   2.982348e+01 -3.547258e+01 1.200000e+01
      vertex   3.108579e+01 -3.391421e+01 1.200000e+01
      vertex   2.926393e+01 -3.485114e+01 1.200000e+01
    endloop
  endfacet
  facet normal 0.000000e+00 0.000000e+00 1.000000e+00
    outer loop
      vertex   2.926393e+01 -3.485114e+01 1.200000e+01
      vertex   3.108579e+01 -3.391421e+01 1.200000e+01
      vertex   3.076795e+01 -3.350000e+01 1.200000e+01
    endloop
  endfacet
  facet normal 0.000000e+00 -0.000000e+00 1.000000e+00
    outer loop
      vertex   2.926393e+01 -3.485114e+01 1.200000e+01
      vertex   3.076795e+01 -3.350000e+01 1.200000e+01
      vertex   2.884582e+01 -3.412695e+01 1.200000e+01
    endloop
  endfacet
  facet normal 0.000000e+00 0.000000e+00 1.000000e+00
    outer loop
      vertex   2.884582e+01 -3.412695e+01 1.200000e+01
      vertex   3.076795e+01 -3.350000e+01 1.200000e+01
      vertex   3.056815e+01 -3.301764e+01 1.200000e+01
    endloop
  endfacet
  facet normal 0.000000e+00 -0.000000e+00 1.000000e+00
    outer loop
      vertex   2.884582e+01 -3.412695e+01 1.200000e+01
      vertex   3.056815e+01 -3.301764e+01 1.200000e+01
      vertex   2.858741e+01 -3.333165e+01 1.200000e+01
    endloop
  endfacet
  facet normal 0.000000e+00 0.000000e+00 1.000000e+00
    outer loop
      vertex   2.858741e+01 -3.333165e+01 1.200000e+01
      vertex   3.056815e+01 -3.301764e+01 1.200000e+01
      vertex   3.050000e+01 -3.250000e+01 1.200000e+01
    endloop
  endfacet
  facet normal 0.000000e+00 -0.000000e+00 1.000000e+00
    outer loop
      vertex   2.858741e+01 -3.333165e+01 1.200000e+01
      vertex   3.050000e+01 -3.250000e+01 1.200000e+01
      vertex   2.850000e+01 -3.250000e+01 1.200000e+01
    endloop
  endfacet
  facet normal 0.000000e+00 0.000000e+00 1.000000e+00
    outer loop
      vertex   2.850000e+01 -3.250000e+01 1.200000e+01
      vertex   3.050000e+01 -3.250000e+01 1.200000e+01
      vertex   2.858741e+01 -3.166835e+01 1.200000e+01
    endloop
  endfacet
  facet normal 0.000000e+00 0.000000e+00 1.000000e+00
    outer loop
      vertex   2.858741e+01 -3.166835e+01 1.200000e+01
      vertex   3.050000e+01 -3.250000e+01 1.200000e+01
      vertex   3.056815e+01 -3.198236e+01 1.200000e+01
    endloop
  endfacet
  facet normal -0.000000e+00 0.000000e+00 1.000000e+00
    outer loop
      vertex   2.858741e+01 -3.166835e+01 1.200000e+01
      vertex   3.056815e+01 -3.198236e+01 1.200000e+01
      vertex   2.884582e+01 -3.087305e+01 1.200000e+01
    endloop
  endfacet
  facet normal 0.000000e+00 0.000000e+00 1.000000e+00
    outer loop
      vertex   2.884582e+01 -3.087305e+01 1.200000e+01
      vertex   3.056815e+01 -3.198236e+01 1.200000e+01
      vertex   3.076795e+01 -3.150000e+01 1.200000e+01
    endloop
  endfacet
  facet normal -0.000000e+00 0.000000e+00 1.000000e+00
    outer loop
      vertex   2.884582e+01 -3.087305e+01 1.200000e+01
      vertex   3.076795e+01 -3.150000e+01 1.200000e+01
      vertex   2.926393e+01 -3.014886e+01 1.200000e+01
    endloop
  endfacet
  facet normal 0.000000e+00 0.000000e+00 1.000000e+00
    outer loop
      vertex   2.926393e+01 -3.014886e+01 1.200000e+01
      vertex   3.076795e+01 -3.150000e+01 1.200000e+01
      vertex   3.108579e+01 -3.108579e+01 1.200000e+01
    endloop
  endfacet
  facet normal -0.000000e+00 0.000000e+00 1.000000e+00
    outer loop
      vertex   2.926393e+01 -3.014886e+01 1.200000e+01
      vertex   3.108579e+01 -3.108579e+01 1.200000e+01
      vertex   2.982348e+01 -2.952742e+01 1.200000e+01
    endloop
  endfacet
  facet normal 0.000000e+00 0.000000e+00 1.000000e+00
    outer loop
      vertex   2.982348e+01 -2.952742e+01 1.200000e+01
      vertex   3.108579e+01 -3.108579e+01 1.200000e+01
      vertex   3.150000e+01 -3.076795e+01 1.200000e+01
    endloop
  endfacet
  facet normal -0.000000e+00 0.000000e+00 1.000000e+00
    outer loop
      vertex   2.982348e+01 -2.952742e+01 1.200000e+01
      vertex   3.150000e+01 -3.076795e+01 1.200000e+01
      vertex   3.050000e+01 -2.903590e+01 1.200000e+01
    endloop
  endfacet
  facet normal -0.000000e+00 0.000000e+00 1.000000e+00
    outer loop
      vertex   3.050000e+01 -2.903590e+01 1.200000e+01
      vertex   3.150000e+01 -3.076795e+01 1.200000e+01
      vertex   3.126393e+01 -2.869577e+01 1.200000e+01
    endloop
  endfacet
  facet normal 0.000000e+00 0.000000e+00 1.000000e+00
    outer loop
      vertex   3.126393e+01 -2.869577e+01 1.200000e+01
      vertex   3.150000e+01 -3.076795e+01 1.200000e+01
      vertex   3.198236e+01 -3.056815e+01 1.200000e+01
    endloop
  endfacet
  facet normal -0.000000e+00 0.000000e+00 1.000000e+00
    outer loop
      vertex   3.126393e+01 -2.869577e+01 1.200000e+01
      vertex   3.198236e+01 -3.056815e+01 1.200000e+01
      vertex   3.208189e+01 -2.852191e+01 1.200000e+01
    endloop
  endfacet
  facet normal 0.000000e+00 0.000000e+00 1.000000e+00
    outer loop
      vertex   3.208189e+01 -2.852191e+01 1.200000e+01
      vertex   3.198236e+01 -3.056815e+01 1.200000e+01
      vertex   3.250000e+01 -3.050000e+01 1.200000e+01
    endloop
  endfacet
  facet normal -0.000000e+00 0.000000e+00 1.000000e+00
    outer loop
      vertex   3.208189e+01 -2.852191e+01 1.200000e+01
      vertex   3.250000e+01 -3.050000e+01 1.200000e+01
      vertex   3.291811e+01 -2.852191e+01 1.200000e+01
    endloop
  endfacet
  facet normal 0.000000e+00 0.000000e+00 1.000000e+00
    outer loop
      vertex   3.291811e+01 -2.852191e+01 1.200000e+01
      vertex   3.250000e+01 -3.050000e+01 1.200000e+01
      vertex   3.301764e+01 -3.056815e+01 1.200000e+01
    endloop
  endfacet
  facet normal 0.000000e+00 0.000000e+00 1.000000e+00
    outer loop
      vertex   3.291811e+01 -2.852191e+01 1.200000e+01
      vertex   3.301764e+01 -3.056815e+01 1.200000e+01
      vertex   3.373607e+01 -2.869577e+01 1.200000e+01
    endloop
  endfacet
  facet normal 0.000000e+00 0.000000e+00 1.000000e+00
    outer loop
      vertex   3.373607e+01 -2.869577e+01 1.200000e+01
      vertex   3.301764e+01 -3.056815e+01 1.200000e+01
      vertex   3.350000e+01 -3.076795e+01 1.200000e+01
    endloop
  endfacet
  facet normal 0.000000e+00 0.000000e+00 1.000000e+00
    outer loop
      vertex   3.373607e+01 -2.869577e+01 1.200000e+01
      vertex   3.350000e+01 -3.076795e+01 1.200000e+01
      vertex   3.450000e+01 -2.903590e+01 1.200000e+01
    endloop
  endfacet
  facet normal 0.000000e+00 0.000000e+00 1.000000e+00
    outer loop
      vertex   3.450000e+01 -2.903590e+01 1.200000e+01
      vertex   3.350000e+01 -3.076795e+01 1.200000e+01
      vertex   3.517652e+01 -2.952742e+01 1.200000e+01
    endloop
  endfacet
  facet normal 0.000000e+00 0.000000e+00 1.000000e+00
    outer loop
      vertex   3.517652e+01 -2.952742e+01 1.200000e+01
      vertex   3.350000e+01 -3.076795e+01 1.200000e+01
      vertex   3.391421e+01 -3.108579e+01 1.200000e+01
    endloop
  endfacet
  facet normal 0.000000e+00 0.000000e+00 1.000000e+00
    outer loop
      vertex   3.517652e+01 -2.952742e+01 1.200000e+01
      vertex   3.391421e+01 -3.108579e+01 1.200000e+01
      vertex   3.573607e+01 -3.014886e+01 1.200000e+01
    endloop
  endfacet
  facet normal 0.000000e+00 0.000000e+00 1.000000e+00
    outer loop
      vertex   3.573607e+01 -3.014886e+01 1.200000e+01
      vertex   3.391421e+01 -3.108579e+01 1.200000e+01
      vertex   3.423205e+01 -3.150000e+01 1.200000e+01
    endloop
  endfacet
  facet normal 0.000000e+00 0.000000e+00 1.000000e+00
    outer loop
      vertex   3.573607e+01 -3.014886e+01 1.200000e+01
      vertex   3.423205e+01 -3.150000e+01 1.200000e+01
      vertex   3.615418e+01 -3.087305e+01 1.200000e+01
    endloop
  endfacet
  facet normal 0.000000e+00 0.000000e+00 1.000000e+00
    outer loop
      vertex   3.615418e+01 -3.087305e+01 1.200000e+01
      vertex   3.423205e+01 -3.150000e+01 1.200000e+01
      vertex   3.443185e+01 -3.198236e+01 1.200000e+01
    endloop
  endfacet
  facet normal 0.000000e+00 0.000000e+00 1.000000e+00
    outer loop
      vertex   3.615418e+01 -3.087305e+01 1.200000e+01
      vertex   3.443185e+01 -3.198236e+01 1.200000e+01
      vertex   3.641259e+01 -3.166835e+01 1.200000e+01
    endloop
  endfacet
  facet normal 0.000000e+00 0.000000e+00 1.000000e+00
    outer loop
      vertex   3.641259e+01 -3.166835e+01 1.200000e+01
      vertex   3.443185e+01 -3.198236e+01 1.200000e+01
      vertex   3.450000e+01 -3.250000e+01 1.200000e+01
    endloop
  endfacet
  facet normal 0.000000e+00 0.000000e+00 1.000000e+00
    outer loop
      vertex   -3.056815e+01 -3.198236e+01 2.000000e+00
      vertex   -3.443185e+01 -3.198236e+01 2.000000e+00
      vertex   -3.050000e+01 -3.250000e+01 2.000000e+00
    endloop
  endfacet
  facet normal 0.000000e+00 0.000000e+00 1.000000e+00
    outer loop
      vertex   -3.050000e+01 -3.250000e+01 2.000000e+00
      vertex   -3.443185e+01 -3.198236e+01 2.000000e+00
      vertex   -3.450000e+01 -3.250000e+01 2.000000e+00
    endloop
  endfacet
  facet normal 0.000000e+00 0.000000e+00 1.000000e+00
    outer loop
      vertex   -3.050000e+01 -3.250000e+01 2.000000e+00
      vertex   -3.450000e+01 -3.250000e+01 2.000000e+00
      vertex   -3.056815e+01 -3.301764e+01 2.000000e+00
    endloop
  endfacet
  facet normal 0.000000e+00 0.000000e+00 1.000000e+00
    outer loop
      vertex   -3.056815e+01 -3.301764e+01 2.000000e+00
      vertex   -3.450000e+01 -3.250000e+01 2.000000e+00
      vertex   -3.443185e+01 -3.301764e+01 2.000000e+00
    endloop
  endfacet
  facet normal 0.000000e+00 0.000000e+00 1.000000e+00
    outer loop
      vertex   -3.056815e+01 -3.301764e+01 2.000000e+00
      vertex   -3.443185e+01 -3.301764e+01 2.000000e+00
      vertex   -3.076795e+01 -3.350000e+01 2.000000e+00
    endloop
  endfacet
  facet normal 0.000000e+00 0.000000e+00 1.000000e+00
    outer loop
      vertex   -3.076795e+01 -3.350000e+01 2.000000e+00
      vertex   -3.443185e+01 -3.301764e+01 2.000000e+00
      vertex   -3.423205e+01 -3.350000e+01 2.000000e+00
    endloop
  endfacet
  facet normal 0.000000e+00 0.000000e+00 1.000000e+00
    outer loop
      vertex   -3.076795e+01 -3.350000e+01 2.000000e+00
      vertex   -3.423205e+01 -3.350000e+01 2.000000e+00
      vertex   -3.108579e+01 -3.391421e+01 2.000000e+00
    endloop
  endfacet
  facet normal 0.000000e+00 0.000000e+00 1.000000e+00
    outer loop
      vertex   -3.108579e+01 -3.391421e+01 2.000000e+00
      vertex   -3.423205e+01 -3.350000e+01 2.000000e+00
      vertex   -3.391421e+01 -3.391421e+01 2.000000e+00
    endloop
  endfacet
  facet normal 0.000000e+00 0.000000e+00 1.000000e+00
    outer loop
      vertex   -3.108579e+01 -3.391421e+01 2.000000e+00
      vertex   -3.391421e+01 -3.391421e+01 2.000000e+00
      vertex   -3.150000e+01 -3.423205e+01 2.000000e+00
    endloop
  endfacet
  facet normal 0.000000e+00 0.000000e+00 1.000000e+00
    outer loop
      vertex   -3.150000e+01 -3.423205e+01 2.000000e+00
      vertex   -3.391421e+01 -3.391421e+01 2.000000e+00
      vertex   -3.350000e+01 -3.423205e+01 2.000000e+00
    endloop
  endfacet
  facet normal 0.000000e+00 0.000000e+00 1.000000e+00
    outer loop
      vertex   -3.150000e+01 -3.423205e+01 2.000000e+00
      vertex   -3.350000e+01 -3.423205e+01 2.000000e+00
      vertex   -3.198236e+01 -3.443185e+01 2.000000e+00
    endloop
  endfacet
  facet normal 0.000000e+00 0.000000e+00 1.000000e+00
    outer loop
      vertex   -3.198236e+01 -3.443185e+01 2.000000e+00
      vertex   -3.350000e+01 -3.423205e+01 2.000000e+00
      vertex   -3.301764e+01 -3.443185e+01 2.000000e+00
    endloop
  endfacet
  facet normal 0.000000e+00 0.000000e+00 1.000000e+00
    outer loop
      vertex   -3.198236e+01 -3.443185e+01 2.000000e+00
      vertex   -3.301764e+01 -3.443185e+01 2.000000e+00
      vertex   -3.250000e+01 -3.450000e+01 2.000000e+00
    endloop
  endfacet
  facet normal 0.000000e+00 0.000000e+00 1.000000e+00
    outer loop
      vertex   -3.443185e+01 -3.198236e+01 2.000000e+00
      vertex   -3.056815e+01 -3.198236e+01 2.000000e+00
      vertex   -3.423205e+01 -3.150000e+01 2.000000e+00
    endloop
  endfacet
  facet normal 0.000000e+00 0.000000e+00 1.000000e+00
    outer loop
      vertex   -3.423205e+01 -3.150000e+01 2.000000e+00
      vertex   -3.056815e+01 -3.198236e+01 2.000000e+00
      vertex   -3.076795e+01 -3.150000e+01 2.000000e+00
    endloop
  endfacet
  facet normal -0.000000e+00 0.000000e+00 1.000000e+00
    outer loop
      vertex   -3.423205e+01 -3.150000e+01 2.000000e+00
      vertex   -3.076795e+01 -3.150000e+01 2.000000e+00
      vertex   -3.391421e+01 -3.108579e+01 2.000000e+00
    endloop
  endfacet
  facet normal -0.000000e+00 0.000000e+00 1.000000e+00
    outer loop
      vertex   -3.391421e+01 -3.108579e+01 2.000000e+00
      vertex   -3.076795e+01 -3.150000e+01 2.000000e+00
      vertex   -3.108579e+01 -3.108579e+01 2.000000e+00
    endloop
  endfacet
  facet normal 0.000000e+00 0.000000e+00 1.000000e+00
    outer loop
      vertex   -3.391421e+01 -3.108579e+01 2.000000e+00
      vertex   -3.108579e+01 -3.108579e+01 2.000000e+00
      vertex   -3.350000e+01 -3.076795e+01 2.000000e+00
    endloop
  endfacet
  facet normal -0.000000e+00 0.000000e+00 1.000000e+00
    outer loop
      vertex   -3.350000e+01 -3.076795e+01 2.000000e+00
      vertex   -3.108579e+01 -3.108579e+01 2.000000e+00
      vertex   -3.150000e+01 -3.076795e+01 2.000000e+00
    endloop
  endfacet
  facet normal 0.000000e+00 0.000000e+00 1.000000e+00
    outer loop
      vertex   -3.350000e+01 -3.076795e+01 2.000000e+00
      vertex   -3.150000e+01 -3.076795e+01 2.000000e+00
      vertex   -3.301764e+01 -3.056815e+01 2.000000e+00
    endloop
  endfacet
  facet normal -0.000000e+00 0.000000e+00 1.000000e+00
    outer loop
      vertex   -3.301764e+01 -3.056815e+01 2.000000e+00
      vertex   -3.150000e+01 -3.076795e+01 2.000000e+00
      vertex   -3.198236e+01 -3.056815e+01 2.000000e+00
    endloop
  endfacet
  facet normal 0.000000e+00 0.000000e+00 1.000000e+00
    outer loop
      vertex   -3.301764e+01 -3.056815e+01 2.000000e+00
      vertex   -3.198236e+01 -3.056815e+01 2.000000e+00
      vertex   -3.250000e+01 -3.050000e+01 2.000000e+00
    endloop
  endfacet
  facet normal -9.927089e-01 1.205367e-01 0.000000e+00
    outer loop
      vertex   5.041283e+01 -7.179470e-01 3.000000e+01
      vertex   5.041283e+01 -7.179470e-01 3.300000e+01
      vertex   5.050000e+01 3.673940e-16 3.000000e+01
    endloop
  endfacet
  facet normal -9.927089e-01 1.205367e-01 0.000000e+00
    outer loop
      vertex   5.050000e+01 3.673940e-16 3.000000e+01
      vertex   5.041283e+01 -7.179470e-01 3.300000e+01
      vertex   5.050000e+01 3.673940e-16 3.300000e+01
    endloop
  endfacet
  facet normal -9.927089e-01 -1.205367e-01 0.000000e+00
    outer loop
      vertex   5.050000e+01 3.673940e-16 3.000000e+01
      vertex   5.050000e+01 3.673940e-16 3.300000e+01
      vertex   5.041283e+01 7.179470e-01 3.000000e+01
    endloop
  endfacet
  facet normal -9.927089e-01 -1.205367e-01 0.000000e+00
    outer loop
      vertex   5.041283e+01 7.179470e-01 3.000000e+01
      vertex   5.050000e+01 3.673940e-16 3.300000e+01
      vertex   5.041283e+01 7.179470e-01 3.300000e+01
    endloop
  endfacet
  facet normal -9.350162e-01 -3.546049e-01 0.000000e+00
    outer loop
      vertex   5.041283e+01 7.179470e-01 3.000000e+01
      vertex   5.041283e+01 7.179470e-01 3.300000e+01
      vertex   5.015637e+01 1.394170e+00 3.000000e+01
    endloop
  endfacet
  facet normal -9.350162e-01 -3.546049e-01 0.000000e+00
    outer loop
      vertex   5.015637e+01 1.394170e+00 3.000000e+01
      vertex   5.041283e+01 7.179470e-01 3.300000e+01
      vertex   5.015637e+01 1.394170e+00 3.300000e+01
    endloop
  endfacet
  facet normal -8.229839e-01 -5.680647e-01 0.000000e+00
    outer loop
      vertex   5.015637e+01 1.394170e+00 3.000000e+01
      vertex   5.015637e+01 1.394170e+00 3.300000e+01
      vertex   4.974553e+01 1.989368e+00 3.000000e+01
    endloop
  endfacet
  facet normal -8.229839e-01 -5.680647e-01 0.000000e+00
    outer loop
      vertex   4.974553e+01 1.989368e+00 3.000000e+01
      vertex   5.015637e+01 1.394170e+00 3.300000e+01
      vertex   4.974553e+01 1.989368e+00 3.300000e+01
    endloop
  endfacet
  facet normal -6.631227e-01 -7.485107e-01 0.000000e+00
    outer loop
      vertex   4.974553e+01 1.989368e+00 3.000000e+01
      vertex   4.974553e+01 1.989368e+00 3.300000e+01
      vertex   4.920419e+01 2.468952e+00 3.000000e+01
    endloop
  endfacet
  facet normal -6.631227e-01 -7.485107e-01 0.000000e+00
    outer loop
      vertex   4.920419e+01 2.468952e+00 3.000000e+01
      vertex   4.974553e+01 1.989368e+00 3.300000e+01
      vertex   4.920419e+01 2.468952e+00 3.300000e+01
    endloop
  endfacet
  facet normal -4.647232e-01 -8.854560e-01 0.000000e+00
    outer loop
      vertex   4.920419e+01 2.468952e+00 3.000000e+01
      vertex   4.920419e+01 2.468952e+00 3.300000e+01
      vertex   4.856382e+01 2.805049e+00 3.000000e+01
    endloop
  endfacet
  facet normal -4.647232e-01 -8.854560e-01 0.000000e+00
    outer loop
      vertex   4.856382e+01 2.805049e+00 3.000000e+01
      vertex   4.920419e+01 2.468952e+00 3.300000e+01
      vertex   4.856382e+01 2.805049e+00 3.300000e+01
    endloop
  endfacet
  facet normal -2.393157e-01 -9.709418e-01 0.000000e+00
    outer loop
      vertex   4.856382e+01 2.805049e+00 3.000000e+01
      vertex   4.856382e+01 2.805049e+00 3.300000e+01
      vertex   4.786161e+01 2.978127e+00 3.000000e+01
    endloop
  endfacet
  facet normal -2.393157e-01 -9.709418e-01 0.000000e+00
    outer loop
      vertex   4.786161e+01 2.978127e+00 3.000000e+01
      vertex   4.856382e+01 2.805049e+00 3.300000e+01
      vertex   4.786161e+01 2.978127e+00 3.300000e+01
    endloop
  endfacet
  facet normal 0.000000e+00 -1.000000e+00 0.000000e+00
    outer loop
      vertex   4.786161e+01 2.978127e+00 3.000000e+01
      vertex   4.786161e+01 2.978127e+00 3.300000e+01
      vertex   4.713839e+01 2.978127e+00 3.000000e+01
    endloop
  endfacet
  facet normal 0.000000e+00 -1.000000e+00 0.000000e+00
    outer loop
      vertex   4.713839e+01 2.978127e+00 3.000000e+01
      vertex   4.786161e+01 2.978127e+00 3.300000e+01
      vertex   4.713839e+01 2.978127e+00 3.300000e+01
    endloop
  endfacet
  facet normal 2.393157e-01 -9.709418e-01 0.000000e+00
    outer loop
      vertex   4.713839e+01 2.978127e+00 3.000000e+01
      vertex   4.713839e+01 2.978127e+00 3.300000e+01
      vertex   4.643619e+01 2.805049e+00 3.000000e+01
    endloop
  endfacet
  facet normal 2.393157e-01 -9.709418e-01 0.000000e+00
    outer loop
      vertex   4.643619e+01 2.805049e+00 3.000000e+01
      vertex   4.713839e+01 2.978127e+00 3.300000e+01
      vertex   4.643619e+01 2.805049e+00 3.300000e+01
    endloop
  endfacet
  facet normal 4.647232e-01 -8.854560e-01 0.000000e+00
    outer loop
      vertex   4.643619e+01 2.805049e+00 3.000000e+01
      vertex   4.643619e+01 2.805049e+00 3.300000e+01
      vertex   4.579581e+01 2.468952e+00 3.000000e+01
    endloop
  endfacet
  facet normal 4.647232e-01 -8.854560e-01 0.000000e+00
    outer loop
      vertex   4.579581e+01 2.468952e+00 3.000000e+01
      vertex   4.643619e+01 2.805049e+00 3.300000e+01
      vertex   4.579581e+01 2.468952e+00 3.300000e+01
    endloop
  endfacet
  facet normal 6.631227e-01 -7.485107e-01 0.000000e+00
    outer loop
      vertex   4.579581e+01 2.468952e+00 3.000000e+01
      vertex   4.579581e+01 2.468952e+00 3.300000e+01
      vertex   4.525447e+01 1.989368e+00 3.000000e+01
    endloop
  endfacet
  facet normal 6.631227e-01 -7.485107e-01 0.000000e+00
    outer loop
      vertex   4.525447e+01 1.989368e+00 3.000000e+01
      vertex   4.579581e+01 2.468952e+00 3.300000e+01
      vertex   4.525447e+01 1.989368e+00 3.300000e+01
    endloop
  endfacet
  facet normal 8.229839e-01 -5.680647e-01 0.000000e+00
    outer loop
      vertex   4.525447e+01 1.989368e+00 3.000000e+01
      vertex   4.525447e+01 1.989368e+00 3.300000e+01
      vertex   4.484363e+01 1.394170e+00 3.000000e+01
    endloop
  endfacet
  facet normal 8.229839e-01 -5.680647e-01 0.000000e+00
    outer loop
      vertex   4.484363e+01 1.394170e+00 3.000000e+01
      vertex   4.525447e+01 1.989368e+00 3.300000e+01
      vertex   4.484363e+01 1.394170e+00 3.300000e+01
    endloop
  endfacet
  facet normal 9.350162e-01 -3.546049e-01 0.000000e+00
    outer loop
      vertex   4.484363e+01 1.394170e+00 3.000000e+01
      vertex   4.484363e+01 1.394170e+00 3.300000e+01
      vertex   4.458718e+01 7.179470e-01 3.000000e+01
    endloop
  endfacet
  facet normal 9.350162e-01 -3.546049e-01 0.000000e+00
    outer loop
      vertex   4.458718e+01 7.179470e-01 3.000000e+01
      vertex   4.484363e+01 1.394170e+00 3.300000e+01
      vertex   4.458718e+01 7.179470e-01 3.300000e+01
    endloop
  endfacet
  facet normal 9.927089e-01 -1.205367e-01 0.000000e+00
    outer loop
      vertex   4.458718e+01 7.179470e-01 3.000000e+01
      vertex   4.458718e+01 7.179470e-01 3.300000e+01
      vertex   4.450000e+01 0.000000e+00 3.000000e+01
    endloop
  endfacet
  facet normal 9.927089e-01 -1.205367e-01 0.000000e+00
    outer loop
      vertex   4.450000e+01 0.000000e+00 3.000000e+01
      vertex   4.458718e+01 7.179470e-01 3.300000e+01
      vertex   4.450000e+01 0.000000e+00 3.300000e+01
    endloop
  endfacet
  facet normal 9.927089e-01 1.205367e-01 -0.000000e+00
    outer loop
      vertex   4.450000e+01 0.000000e+00 3.000000e+01
      vertex   4.450000e+01 0.000000e+00 3.300000e+01
      vertex   4.458718e+01 -7.179470e-01 3.000000e+01
    endloop
  endfacet
  facet normal 9.927089e-01 1.205367e-01 -0.000000e+00
    outer loop
      vertex   4.458718e+01 -7.179470e-01 3.000000e+01
      vertex   4.450000e+01 0.000000e+00 3.300000e+01
      vertex   4.458718e+01 -7.179470e-01 3.300000e+01
    endloop
  endfacet
  facet normal 9.350162e-01 3.546049e-01 -0.000000e+00
    outer loop
      vertex   4.458718e+01 -7.179470e-01 3.000000e+01
      vertex   4.458718e+01 -7.179470e-01 3.300000e+01
      vertex   4.484363e+01 -1.394170e+00 3.000000e+01
    endloop
  endfacet
  facet normal 9.350162e-01 3.546049e-01 -0.000000e+00
    outer loop
      vertex   4.484363e+01 -1.394170e+00 3.000000e+01
      vertex   4.458718e+01 -7.179470e-01 3.300000e+01
      vertex   4.484363e+01 -1.394170e+00 3.300000e+01
    endloop
  endfacet
  facet normal 8.229839e-01 5.680647e-01 -0.000000e+00
    outer loop
      vertex   4.484363e+01 -1.394170e+00 3.000000e+01
      vertex   4.484363e+01 -1.394170e+00 3.300000e+01
      vertex   4.525447e+01 -1.989368e+00 3.000000e+01
    endloop
  endfacet
  facet normal 8.229839e-01 5.680647e-01 -0.000000e+00
    outer loop
      vertex   4.525447e+01 -1.989368e+00 3.000000e+01
      vertex   4.484363e+01 -1.394170e+00 3.300000e+01
      vertex   4.525447e+01 -1.989368e+00 3.300000e+01
    endloop
  endfacet
  facet normal 6.631227e-01 7.485107e-01 -0.000000e+00
    outer loop
      vertex   4.525447e+01 -1.989368e+00 3.000000e+01
      vertex   4.525447e+01 -1.989368e+00 3.300000e+01
      vertex   4.579581e+01 -2.468952e+00 3.000000e+01
    endloop
  endfacet
  facet normal 6.631227e-01 7.485107e-01 -0.000000e+00
    outer loop
      vertex   4.579581e+01 -2.468952e+00 3.000000e+01
      vertex   4.525447e+01 -1.989368e+00 3.300000e+01
      vertex   4.579581e+01 -2.468952e+00 3.300000e+01
    endloop
  endfacet
  facet normal 4.647232e-01 8.854560e-01 -0.000000e+00
    outer loop
      vertex   4.579581e+01 -2.468952e+00 3.000000e+01
      vertex   4.579581e+01 -2.468952e+00 3.300000e+01
      vertex   4.643619e+01 -2.805049e+00 3.000000e+01
    endloop
  endfacet
  facet normal 4.647232e-01 8.854560e-01 -0.000000e+00
    outer loop
      vertex   4.643619e+01 -2.805049e+00 3.000000e+01
      vertex   4.579581e+01 -2.468952e+00 3.300000e+01
      vertex   4.643619e+01 -2.805049e+00 3.300000e+01
    endloop
  endfacet
  facet normal 2.393157e-01 9.709418e-01 -0.000000e+00
    outer loop
      vertex   4.643619e+01 -2.805049e+00 3.000000e+01
      vertex   4.643619e+01 -2.805049e+00 3.300000e+01
      vertex   4.713839e+01 -2.978127e+00 3.000000e+01
    endloop
  endfacet
  facet normal 2.393157e-01 9.709418e-01 -0.000000e+00
    outer loop
      vertex   4.713839e+01 -2.978127e+00 3.000000e+01
      vertex   4.643619e+01 -2.805049e+00 3.300000e+01
      vertex   4.713839e+01 -2.978127e+00 3.300000e+01
    endloop
  endfacet
  facet normal 1.228089e-15 1.000000e+00 -0.000000e+00
    outer loop
      vertex   4.713839e+01 -2.978127e+00 3.000000e+01
      vertex   4.713839e+01 -2.978127e+00 3.300000e+01
      vertex   4.786161e+01 -2.978127e+00 3.000000e+01
    endloop
  endfacet
  facet normal 1.228089e-15 1.000000e+00 -0.000000e+00
    outer loop
      vertex   4.786161e+01 -2.978127e+00 3.000000e+01
      vertex   4.713839e+01 -2.978127e+00 3.300000e+01
      vertex   4.786161e+01 -2.978127e+00 3.300000e+01
    endloop
  endfacet
  facet normal -2.393157e-01 9.709418e-01 0.000000e+00
    outer loop
      vertex   4.786161e+01 -2.978127e+00 3.000000e+01
      vertex   4.786161e+01 -2.978127e+00 3.300000e+01
      vertex   4.856382e+01 -2.805049e+00 3.000000e+01
    endloop
  endfacet
  facet normal -2.393157e-01 9.709418e-01 0.000000e+00
    outer loop
      vertex   4.856382e+01 -2.805049e+00 3.000000e+01
      vertex   4.786161e+01 -2.978127e+00 3.300000e+01
      vertex   4.856382e+01 -2.805049e+00 3.300000e+01
    endloop
  endfacet
  facet normal -4.647232e-01 8.854560e-01 0.000000e+00
    outer loop
      vertex   4.856382e+01 -2.805049e+00 3.000000e+01
      vertex   4.856382e+01 -2.805049e+00 3.300000e+01
      vertex   4.920419e+01 -2.468952e+00 3.000000e+01
    endloop
  endfacet
  facet normal -4.647232e-01 8.854560e-01 0.000000e+00
    outer loop
      vertex   4.920419e+01 -2.468952e+00 3.000000e+01
      vertex   4.856382e+01 -2.805049e+00 3.300000e+01
      vertex   4.920419e+01 -2.468952e+00 3.300000e+01
    endloop
  endfacet
  facet normal -6.631227e-01 7.485107e-01 0.000000e+00
    outer loop
      vertex   4.920419e+01 -2.468952e+00 3.000000e+01
      vertex   4.920419e+01 -2.468952e+00 3.300000e+01
      vertex   4.974553e+01 -1.989368e+00 3.000000e+01
    endloop
  endfacet
  facet normal -6.631227e-01 7.485107e-01 0.000000e+00
    outer loop
      vertex   4.974553e+01 -1.989368e+00 3.000000e+01
      vertex   4.920419e+01 -2.468952e+00 3.300000e+01
      vertex   4.974553e+01 -1.989368e+00 3.300000e+01
    endloop
  endfacet
  facet normal -8.229839e-01 5.680647e-01 0.000000e+00
    outer loop
      vertex   4.974553e+01 -1.989368e+00 3.000000e+01
      vertex   4.974553e+01 -1.989368e+00 3.300000e+01
      vertex   5.015637e+01 -1.394170e+00 3.000000e+01
    endloop
  endfacet
  facet normal -8.229839e-01 5.680647e-01 0.000000e+00
    outer loop
      vertex   5.015637e+01 -1.394170e+00 3.000000e+01
      vertex   4.974553e+01 -1.989368e+00 3.300000e+01
      vertex   5.015637e+01 -1.394170e+00 3.300000e+01
    endloop
  endfacet
  facet normal -9.350162e-01 3.546049e-01 0.000000e+00
    outer loop
      vertex   5.015637e+01 -1.394170e+00 3.000000e+01
      vertex   5.015637e+01 -1.394170e+00 3.300000e+01
      vertex   5.041283e+01 -7.179470e-01 3.000000e+01
    endloop
  endfacet
  facet normal -9.350162e-01 3.546049e-01 0.000000e+00
    outer loop
      vertex   5.041283e+01 -7.179470e-01 3.000000e+01
      vertex   5.015637e+01 -1.394170e+00 3.300000e+01
      vertex   5.041283e+01 -7.179470e-01 3.300000e+01
    endloop
  endfacet
  facet normal -0.000000e+00 1.000000e+00 0.000000e+00
    outer loop
      vertex   4.250000e+01 5.000000e+00 3.300000e+01
      vertex   5.250000e+01 5.000000e+00 3.300000e+01
      vertex   4.250000e+01 5.000000e+00 3.000000e+01
    endloop
  endfacet
  facet normal 0.000000e+00 1.000000e+00 0.000000e+00
    outer loop
      vertex   4.250000e+01 5.000000e+00 3.000000e+01
      vertex   5.250000e+01 5.000000e+00 3.300000e+01
      vertex   5.250000e+01 5.000000e+00 3.000000e+01
    endloop
  endfacet
  facet normal -0.000000e+00 -1.000000e+00 -0.000000e+00
    outer loop
      vertex   5.250000e+01 -5.000000e+00 3.300000e+01
      vertex   4.250000e+01 -5.000000e+00 3.300000e+01
      vertex   5.250000e+01 -5.000000e+00 3.000000e+01
    endloop
  endfacet
  facet normal 0.000000e+00 -1.000000e+00 0.000000e+00
    outer loop
      vertex   5.250000e+01 -5.000000e+00 3.000000e+01
      vertex   4.250000e+01 -5.000000e+00 3.300000e+01
      vertex   4.250000e+01 -5.000000e+00 3.000000e+01
    endloop
  endfacet
  facet normal 1.000000e+00 0.000000e+00 0.000000e+00
    outer loop
      vertex   5.250000e+01 5.000000e+00 3.300000e+01
      vertex   5.250000e+01 -5.000000e+00 3.300000e+01
      vertex   5.250000e+01 5.000000e+00 3.000000e+01
    endloop
  endfacet
  facet normal 1.000000e+00 0.000000e+00 0.000000e+00
    outer loop
      vertex   5.250000e+01 5.000000e+00 3.000000e+01
      vertex   5.250000e+01 -5.000000e+00 3.300000e+01
      vertex   5.250000e+01 -5.000000e+00 3.000000e+01
    endloop
  endfacet
  facet normal 0.000000e+00 0.000000e+00 -1.000000e+00
    outer loop
      vertex   5.041283e+01 7.179470e-01 3.000000e+01
      vertex   5.250000e+01 5.000000e+00 3.000000e+01
      vertex   5.050000e+01 3.673940e-16 3.000000e+01
    endloop
  endfacet
  facet normal 0.000000e+00 0.000000e+00 -1.000000e+00
    outer loop
      vertex   5.050000e+01 3.673940e-16 3.000000e+01
      vertex   5.250000e+01 5.000000e+00 3.000000e+01
      vertex   5.250000e+01 -5.000000e+00 3.000000e+01
    endloop
  endfacet
  facet normal 0.000000e+00 -0.000000e+00 -1.000000e+00
    outer loop
      vertex   5.050000e+01 3.673940e-16 3.000000e+01
      vertex   5.250000e+01 -5.000000e+00 3.000000e+01
      vertex   5.041283e+01 -7.179470e-01 3.000000e+01
    endloop
  endfacet
  facet normal 0.000000e+00 -0.000000e+00 -1.000000e+00
    outer loop
      vertex   5.041283e+01 -7.179470e-01 3.000000e+01
      vertex   5.250000e+01 -5.000000e+00 3.000000e+01
      vertex   5.015637e+01 -1.394170e+00 3.000000e+01
    endloop
  endfacet
  facet normal 0.000000e+00 -0.000000e+00 -1.000000e+00
    outer loop
      vertex   5.015637e+01 -1.394170e+00 3.000000e+01
      vertex   5.250000e+01 -5.000000e+00 3.000000e+01
      vertex   4.974553e+01 -1.989368e+00 3.000000e+01
    endloop
  endfacet
  facet normal 0.000000e+00 -0.000000e+00 -1.000000e+00
    outer loop
      vertex   4.974553e+01 -1.989368e+00 3.000000e+01
      vertex   5.250000e+01 -5.000000e+00 3.000000e+01
      vertex   4.920419e+01 -2.468952e+00 3.000000e+01
    endloop
  endfacet
  facet normal 0.000000e+00 -0.000000e+00 -1.000000e+00
    outer loop
      vertex   4.920419e+01 -2.468952e+00 3.000000e+01
      vertex   5.250000e+01 -5.000000e+00 3.000000e+01
      vertex   4.856382e+01 -2.805049e+00 3.000000e+01
    endloop
  endfacet
  facet normal 0.000000e+00 -0.000000e+00 -1.000000e+00
    outer loop
      vertex   4.856382e+01 -2.805049e+00 3.000000e+01
      vertex   5.250000e+01 -5.000000e+00 3.000000e+01
      vertex   4.786161e+01 -2.978127e+00 3.000000e+01
    endloop
  endfacet
  facet normal 0.000000e+00 -0.000000e+00 -1.000000e+00
    outer loop
      vertex   4.786161e+01 -2.978127e+00 3.000000e+01
      vertex   5.250000e+01 -5.000000e+00 3.000000e+01
      vertex   4.250000e+01 -5.000000e+00 3.000000e+01
    endloop
  endfacet
  facet normal -0.000000e+00 0.000000e+00 -1.000000e+00
    outer loop
      vertex   4.786161e+01 -2.978127e+00 3.000000e+01
      vertex   4.250000e+01 -5.000000e+00 3.000000e+01
      vertex   4.713839e+01 -2.978127e+00 3.000000e+01
    endloop
  endfacet
  facet normal -0.000000e+00 0.000000e+00 -1.000000e+00
    outer loop
      vertex   4.713839e+01 -2.978127e+00 3.000000e+01
      vertex   4.250000e+01 -5.000000e+00 3.000000e+01
      vertex   4.643619e+01 -2.805049e+00 3.000000e+01
    endloop
  endfacet
  facet normal -0.000000e+00 0.000000e+00 -1.000000e+00
    outer loop
      vertex   4.643619e+01 -2.805049e+00 3.000000e+01
      vertex   4.250000e+01 -5.000000e+00 3.000000e+01
      vertex   4.579581e+01 -2.468952e+00 3.000000e+01
    endloop
  endfacet
  facet normal -0.000000e+00 0.000000e+00 -1.000000e+00
    outer loop
      vertex   4.579581e+01 -2.468952e+00 3.000000e+01
      vertex   4.250000e+01 -5.000000e+00 3.000000e+01
      vertex   4.525447e+01 -1.989368e+00 3.000000e+01
    endloop
  endfacet
  facet normal -0.000000e+00 0.000000e+00 -1.000000e+00
    outer loop
      vertex   4.525447e+01 -1.989368e+00 3.000000e+01
      vertex   4.250000e+01 -5.000000e+00 3.000000e+01
      vertex   4.484363e+01 -1.394170e+00 3.000000e+01
    endloop
  endfacet
  facet normal -0.000000e+00 0.000000e+00 -1.000000e+00
    outer loop
      vertex   4.484363e+01 -1.394170e+00 3.000000e+01
      vertex   4.250000e+01 -5.000000e+00 3.000000e+01
      vertex   4.458718e+01 -7.179470e-01 3.000000e+01
    endloop
  endfacet
  facet normal -0.000000e+00 0.000000e+00 -1.000000e+00
    outer loop
      vertex   4.458718e+01 -7.179470e-01 3.000000e+01
      vertex   4.250000e+01 -5.000000e+00 3.000000e+01
      vertex   4.450000e+01 0.000000e+00 3.000000e+01
    endloop
  endfacet
  facet normal -0.000000e+00 0.000000e+00 -1.000000e+00
    outer loop
      vertex   4.450000e+01 0.000000e+00 3.000000e+01
      vertex   4.250000e+01 -5.000000e+00 3.000000e+01
      vertex   4.250000e+01 5.000000e+00 3.000000e+01
    endloop
  endfacet
  facet normal 0.000000e+00 0.000000e+00 -1.000000e+00
    outer loop
      vertex   4.450000e+01 0.000000e+00 3.000000e+01
      vertex   4.250000e+01 5.000000e+00 3.000000e+01
      vertex   4.458718e+01 7.179470e-01 3.000000e+01
    endloop
  endfacet
  facet normal 0.000000e+00 0.000000e+00 -1.000000e+00
    outer loop
      vertex   4.458718e+01 7.179470e-01 3.000000e+01
      vertex   4.250000e+01 5.000000e+00 3.000000e+01
      vertex   4.484363e+01 1.394170e+00 3.000000e+01
    endloop
  endfacet
  facet normal 0.000000e+00 0.000000e+00 -1.000000e+00
    outer loop
      vertex   4.484363e+01 1.394170e+00 3.000000e+01
      vertex   4.250000e+01 5.000000e+00 3.000000e+01
      vertex   4.525447e+01 1.989368e+00 3.000000e+01
    endloop
  endfacet
  facet normal 0.000000e+00 0.000000e+00 -1.000000e+00
    outer loop
      vertex   4.525447e+01 1.989368e+00 3.000000e+01
      vertex   4.250000e+01 5.000000e+00 3.000000e+01
      vertex   4.579581e+01 2.468952e+00 3.000000e+01
    endloop
  endfacet
  facet normal 0.000000e+00 0.000000e+00 -1.000000e+00
    outer loop
      vertex   4.579581e+01 2.468952e+00 3.000000e+01
      vertex   4.250000e+01 5.000000e+00 3.000000e+01
      vertex   4.643619e+01 2.805049e+00 3.000000e+01
    endloop
  endfacet
  facet normal 0.000000e+00 0.000000e+00 -1.000000e+00
    outer loop
      vertex   4.643619e+01 2.805049e+00 3.000000e+01
      vertex   4.250000e+01 5.000000e+00 3.000000e+01
      vertex   4.713839e+01 2.978127e+00 3.000000e+01
    endloop
  endfacet
  facet normal 0.000000e+00 0.000000e+00 -1.000000e+00
    outer loop
      vertex   4.713839e+01 2.978127e+00 3.000000e+01
      vertex   4.250000e+01 5.000000e+00 3.000000e+01
      vertex   5.250000e+01 5.000000e+00 3.000000e+01
    endloop
  endfacet
  facet normal 0.000000e+00 0.000000e+00 -1.000000e+00
    outer loop
      vertex   4.713839e+01 2.978127e+00 3.000000e+01
      vertex   5.250000e+01 5.000000e+00 3.000000e+01
      vertex   4.786161e+01 2.978127e+00 3.000000e+01
    endloop
  endfacet
  facet normal 0.000000e+00 0.000000e+00 -1.000000e+00
    outer loop
      vertex   4.786161e+01 2.978127e+00 3.000000e+01
      vertex   5.250000e+01 5.000000e+00 3.000000e+01
      vertex   4.856382e+01 2.805049e+00 3.000000e+01
    endloop
  endfacet
  facet normal 0.000000e+00 0.000000e+00 -1.000000e+00
    outer loop
      vertex   4.856382e+01 2.805049e+00 3.000000e+01
      vertex   5.250000e+01 5.000000e+00 3.000000e+01
      vertex   4.920419e+01 2.468952e+00 3.000000e+01
    endloop
  endfacet
  facet normal 0.000000e+00 0.000000e+00 -1.000000e+00
    outer loop
      vertex   4.920419e+01 2.468952e+00 3.000000e+01
      vertex   5.250000e+01 5.000000e+00 3.000000e+01
      vertex   4.974553e+01 1.989368e+00 3.000000e+01
    endloop
  endfacet
  facet normal 0.000000e+00 0.000000e+00 -1.000000e+00
    outer loop
      vertex   4.974553e+01 1.989368e+00 3.000000e+01
      vertex   5.250000e+01 5.000000e+00 3.000000e+01
      vertex   5.015637e+01 1.394170e+00 3.000000e+01
    endloop
  endfacet
  facet normal 0.000000e+00 0.000000e+00 -1.000000e+00
    outer loop
      vertex   5.015637e+01 1.394170e+00 3.000000e+01
      vertex   5.250000e+01 5.000000e+00 3.000000e+01
      vertex   5.041283e+01 7.179470e-01 3.000000e+01
    endloop
  endfacet
  facet normal -9.927089e-01 1.205367e-01 0.000000e+00
    outer loop
      vertex   -4.458718e+01 -7.179470e-01 3.000000e+01
      vertex   -4.458718e+01 -7.179470e-01 3.300000e+01
      vertex   -4.450000e+01 3.673940e-16 3.000000e+01
    endloop
  endfacet
  facet normal -9.927089e-01 1.205367e-01 0.000000e+00
    outer loop
      vertex   -4.450000e+01 3.673940e-16 3.000000e+01
      vertex   -4.458718e+01 -7.179470e-01 3.300000e+01
      vertex   -4.450000e+01 3.673940e-16 3.300000e+01
    endloop
  endfacet
  facet normal -9.927089e-01 -1.205367e-01 0.000000e+00
    outer loop
      vertex   -4.450000e+01 3.673940e-16 3.000000e+01
      vertex   -4.450000e+01 3.673940e-16 3.300000e+01
      vertex   -4.458718e+01 7.179470e-01 3.000000e+01
    endloop
  endfacet
  facet normal -9.927089e-01 -1.205367e-01 0.000000e+00
    outer loop
      vertex   -4.458718e+01 7.179470e-01 3.000000e+01
      vertex   -4.450000e+01 3.673940e-16 3.300000e+01
      vertex   -4.458718e+01 7.179470e-01 3.300000e+01
    endloop
  endfacet
  facet normal -9.350162e-01 -3.546049e-01 0.000000e+00
    outer loop
      vertex   -4.458718e+01 7.179470e-01 3.000000e+01
      vertex   -4.458718e+01 7.179470e-01 3.300000e+01
      vertex   -4.484363e+01 1.394170e+00 3.000000e+01
    endloop
  endfacet
  facet normal -9.350162e-01 -3.546049e-01 0.000000e+00
    outer loop
      vertex   -4.484363e+01 1.394170e+00 3.000000e+01
      vertex   -4.458718e+01 7.179470e-01 3.300000e+01
      vertex   -4.484363e+01 1.394170e+00 3.300000e+01
    endloop
  endfacet
  facet normal -8.229839e-01 -5.680647e-01 0.000000e+00
    outer loop
      vertex   -4.484363e+01 1.394170e+00 3.000000e+01
      vertex   -4.484363e+01 1.394170e+00 3.300000e+01
      vertex   -4.525447e+01 1.989368e+00 3.000000e+01
    endloop
  endfacet
  facet normal -8.229839e-01 -5.680647e-01 0.000000e+00
    outer loop
      vertex   -4.525447e+01 1.989368e+00 3.000000e+01
      vertex   -4.484363e+01 1.394170e+00 3.300000e+01
      vertex   -4.525447e+01 1.989368e+00 3.300000e+01
    endloop
  endfacet
  facet normal -6.631227e-01 -7.485107e-01 0.000000e+00
    outer loop
      vertex   -4.525447e+01 1.989368e+00 3.000000e+01
      vertex   -4.525447e+01 1.989368e+00 3.300000e+01
      vertex   -4.579581e+01 2.468952e+00 3.000000e+01
    endloop
  endfacet
  facet normal -6.631227e-01 -7.485107e-01 0.000000e+00
    outer loop
      vertex   -4.579581e+01 2.468952e+00 3.000000e+01
      vertex   -4.525447e+01 1.989368e+00 3.300000e+01
      vertex   -4.579581e+01 2.468952e+00 3.300000e+01
    endloop
  endfacet
  facet normal -4.647232e-01 -8.854560e-01 0.000000e+00
    outer loop
      vertex   -4.579581e+01 2.468952e+00 3.000000e+01
      vertex   -4.579581e+01 2.468952e+00 3.300000e+01
      vertex   -4.643619e+01 2.805049e+00 3.000000e+01
    endloop
  endfacet
  facet normal -4.647232e-01 -8.854560e-01 0.000000e+00
    outer loop
      vertex   -4.643619e+01 2.805049e+00 3.000000e+01
      vertex   -4.579581e+01 2.468952e+00 3.300000e+01
      vertex   -4.643619e+01 2.805049e+00 3.300000e+01
    endloop
  endfacet
  facet normal -2.393157e-01 -9.709418e-01 0.000000e+00
    outer loop
      vertex   -4.643619e+01 2.805049e+00 3.000000e+01
      vertex   -4.643619e+01 2.805049e+00 3.300000e+01
      vertex   -4.713839e+01 2.978127e+00 3.000000e+01
    endloop
  endfacet
  facet normal -2.393157e-01 -9.709418e-01 0.000000e+00
    outer loop
      vertex   -4.713839e+01 2.978127e+00 3.000000e+01
      vertex   -4.643619e+01 2.805049e+00 3.300000e+01
      vertex   -4.713839e+01 2.978127e+00 3.300000e+01
    endloop
  endfacet
  facet normal 0.000000e+00 -1.000000e+00 0.000000e+00
    outer loop
      vertex   -4.713839e+01 2.978127e+00 3.000000e+01
      vertex   -4.713839e+01 2.978127e+00 3.300000e+01
      vertex   -4.786161e+01 2.978127e+00 3.000000e+01
    endloop
  endfacet
  facet normal 0.000000e+00 -1.000000e+00 0.000000e+00
    outer loop
      vertex   -4.786161e+01 2.978127e+00 3.000000e+01
      vertex   -4.713839e+01 2.978127e+00 3.300000e+01
      vertex   -4.786161e+01 2.978127e+00 3.300000e+01
    endloop
  endfacet
  facet normal 2.393157e-01 -9.709418e-01 0.000000e+00
    outer loop
      vertex   -4.786161e+01 2.978127e+00 3.000000e+01
      vertex   -4.786161e+01 2.978127e+00 3.300000e+01
      vertex   -4.856382e+01 2.805049e+00 3.000000e+01
    endloop
  endfacet
  facet normal 2.393157e-01 -9.709418e-01 0.000000e+00
    outer loop
      vertex   -4.856382e+01 2.805049e+00 3.000000e+01
      vertex   -4.786161e+01 2.978127e+00 3.300000e+01
      vertex   -4.856382e+01 2.805049e+00 3.300000e+01
    endloop
  endfacet
  facet normal 4.647232e-01 -8.854560e-01 0.000000e+00
    outer loop
      vertex   -4.856382e+01 2.805049e+00 3.000000e+01
      vertex   -4.856382e+01 2.805049e+00 3.300000e+01
      vertex   -4.920419e+01 2.468952e+00 3.000000e+01
    endloop
  endfacet
  facet normal 4.647232e-01 -8.854560e-01 0.000000e+00
    outer loop
      vertex   -4.920419e+01 2.468952e+00 3.000000e+01
      vertex   -4.856382e+01 2.805049e+00 3.300000e+01
      vertex   -4.920419e+01 2.468952e+00 3.300000e+01
    endloop
  endfacet
  facet normal 6.631227e-01 -7.485107e-01 0.000000e+00
    outer loop
      vertex   -4.920419e+01 2.468952e+00 3.000000e+01
      vertex   -4.920419e+01 2.468952e+00 3.300000e+01
      vertex   -4.974553e+01 1.989368e+00 3.000000e+01
    endloop
  endfacet
  facet normal 6.631227e-01 -7.485107e-01 0.000000e+00
    outer loop
      vertex   -4.974553e+01 1.989368e+00 3.000000e+01
      vertex   -4.920419e+01 2.468952e+00 3.300000e+01
      vertex   -4.974553e+01 1.989368e+00 3.300000e+01
    endloop
  endfacet
  facet normal 8.229839e-01 -5.680647e-01 0.000000e+00
    outer loop
      vertex   -4.974553e+01 1.989368e+00 3.000000e+01
      vertex   -4.974553e+01 1.989368e+00 3.300000e+01
      vertex   -5.015637e+01 1.394170e+00 3.000000e+01
    endloop
  endfacet
  facet normal 8.229839e-01 -5.680647e-01 0.000000e+00
    outer loop
      vertex   -5.015637e+01 1.394170e+00 3.000000e+01
      vertex   -4.974553e+01 1.989368e+00 3.300000e+01
      vertex   -5.015637e+01 1.394170e+00 3.300000e+01
    endloop
  endfacet
  facet normal 9.350162e-01 -3.546049e-01 0.000000e+00
    outer loop
      vertex   -5.015637e+01 1.394170e+00 3.000000e+01
      vertex   -5.015637e+01 1.394170e+00 3.300000e+01
      vertex   -5.041283e+01 7.179470e-01 3.000000e+01
    endloop
  endfacet
  facet normal 9.350162e-01 -3.546049e-01 0.000000e+00
    outer loop
      vertex   -5.041283e+01 7.179470e-01 3.000000e+01
      vertex   -5.015637e+01 1.394170e+00 3.300000e+01
      vertex   -5.041283e+01 7.179470e-01 3.300000e+01
    endloop
  endfacet
  facet normal 9.927089e-01 -1.205367e-01 0.000000e+00
    outer loop
      vertex   -5.041283e+01 7.179470e-01 3.000000e+01
      vertex   -5.041283e+01 7.179470e-01 3.300000e+01
      vertex   -5.050000e+01 0.000000e+00 3.000000e+01
    endloop
  endfacet
  facet normal 9.927089e-01 -1.205367e-01 0.000000e+00
    outer loop
      vertex   -5.050000e+01 0.000000e+00 3.000000e+01
      vertex   -5.041283e+01 7.179470e-01 3.300000e+01
      vertex   -5.050000e+01 0.000000e+00 3.300000e+01
    endloop
  endfacet
  facet normal 9.927089e-01 1.205367e-01 -0.000000e+00
    outer loop
      vertex   -5.050000e+01 0.000000e+00 3.000000e+01
      vertex   -5.050000e+01 0.000000e+00 3.300000e+01
      vertex   -5.041283e+01 -7.179470e-01 3.000000e+01
    endloop
  endfacet
  facet normal 9.927089e-01 1.205367e-01 -0.000000e+00
    outer loop
      vertex   -5.041283e+01 -7.179470e-01 3.000000e+01
      vertex   -5.050000e+01 0.000000e+00 3.300000e+01
      vertex   -5.041283e+01 -7.179470e-01 3.300000e+01
    endloop
  endfacet
  facet normal 9.350162e-01 3.546049e-01 -0.000000e+00
    outer loop
      vertex   -5.041283e+01 -7.179470e-01 3.000000e+01
      vertex   -5.041283e+01 -7.179470e-01 3.300000e+01
      vertex   -5.015637e+01 -1.394170e+00 3.000000e+01
    endloop
  endfacet
  facet normal 9.350162e-01 3.546049e-01 -0.000000e+00
    outer loop
      vertex   -5.015637e+01 -1.394170e+00 3.000000e+01
      vertex   -5.041283e+01 -7.179470e-01 3.300000e+01
      vertex   -5.015637e+01 -1.394170e+00 3.300000e+01
    endloop
  endfacet
  facet normal 8.229839e-01 5.680647e-01 -0.000000e+00
    outer loop
      vertex   -5.015637e+01 -1.394170e+00 3.000000e+01
      vertex   -5.015637e+01 -1.394170e+00 3.300000e+01
      vertex   -4.974553e+01 -1.989368e+00 3.000000e+01
    endloop
  endfacet
  facet normal 8.229839e-01 5.680647e-01 -0.000000e+00
    outer loop
      vertex   -4.974553e+01 -1.989368e+00 3.000000e+01
      vertex   -5.015637e+01 -1.394170e+00 3.300000e+01
      vertex   -4.974553e+01 -1.989368e+00 3.300000e+01
    endloop
  endfacet
  facet normal 6.631227e-01 7.485107e-01 -0.000000e+00
    outer loop
      vertex   -4.974553e+01 -1.989368e+00 3.000000e+01
      vertex   -4.974553e+01 -1.989368e+00 3.300000e+01
      vertex   -4.920419e+01 -2.468952e+00 3.000000e+01
    endloop
  endfacet
  facet normal 6.631227e-01 7.485107e-01 -0.000000e+00
    outer loop
      vertex   -4.920419e+01 -2.468952e+00 3.000000e+01
      vertex   -4.974553e+01 -1.989368e+00 3.300000e+01
      vertex   -4.920419e+01 -2.468952e+00 3.300000e+01
    endloop
  endfacet
  facet normal 4.647232e-01 8.854560e-01 -0.000000e+00
    outer loop
      vertex   -4.920419e+01 -2.468952e+00 3.000000e+01
      vertex   -4.920419e+01 -2.468952e+00 3.300000e+01
      vertex   -4.856382e+01 -2.805049e+00 3.000000e+01
    endloop
  endfacet
  facet normal 4.647232e-01 8.854560e-01 -0.000000e+00
    outer loop
      vertex   -4.856382e+01 -2.805049e+00 3.000000e+01
      vertex   -4.920419e+01 -2.468952e+00 3.300000e+01
      vertex   -4.856382e+01 -2.805049e+00 3.300000e+01
    endloop
  endfacet
  facet normal 2.393157e-01 9.709418e-01 -0.000000e+00
    outer loop
      vertex   -4.856382e+01 -2.805049e+00 3.000000e+01
      vertex   -4.856382e+01 -2.805049e+00 3.300000e+01
      vertex   -4.786161e+01 -2.978127e+00 3.000000e+01
    endloop
  endfacet
  facet normal 2.393157e-01 9.709418e-01 -0.000000e+00
    outer loop
      vertex   -4.786161e+01 -2.978127e+00 3.000000e+01
      vertex   -4.856382e+01 -2.805049e+00 3.300000e+01
      vertex   -4.786161e+01 -2.978127e+00 3.300000e+01
    endloop
  endfacet
  facet normal 1.228089e-15 1.000000e+00 -0.000000e+00
    outer loop
      vertex   -4.786161e+01 -2.978127e+00 3.000000e+01
      vertex   -4.786161e+01 -2.978127e+00 3.300000e+01
      vertex   -4.713839e+01 -2.978127e+00 3.000000e+01
    endloop
  endfacet
  facet normal 1.228089e-15 1.000000e+00 -0.000000e+00
    outer loop
      vertex   -4.713839e+01 -2.978127e+00 3.000000e+01
      vertex   -4.786161e+01 -2.978127e+00 3.300000e+01
      vertex   -4.713839e+01 -2.978127e+00 3.300000e+01
    endloop
  endfacet
  facet normal -2.393157e-01 9.709418e-01 0.000000e+00
    outer loop
      vertex   -4.713839e+01 -2.978127e+00 3.000000e+01
      vertex   -4.713839e+01 -2.978127e+00 3.300000e+01
      vertex   -4.643619e+01 -2.805049e+00 3.000000e+01
    endloop
  endfacet
  facet normal -2.393157e-01 9.709418e-01 0.000000e+00
    outer loop
      vertex   -4.643619e+01 -2.805049e+00 3.000000e+01
      vertex   -4.713839e+01 -2.978127e+00 3.300000e+01
      vertex   -4.643619e+01 -2.805049e+00 3.300000e+01
    endloop
  endfacet
  facet normal -4.647232e-01 8.854560e-01 0.000000e+00
    outer loop
      vertex   -4.643619e+01 -2.805049e+00 3.000000e+01
      vertex   -4.643619e+01 -2.805049e+00 3.300000e+01
      vertex   -4.579581e+01 -2.468952e+00 3.000000e+01
    endloop
  endfacet
  facet normal -4.647232e-01 8.854560e-01 0.000000e+00
    outer loop
      vertex   -4.579581e+01 -2.468952e+00 3.000000e+01
      vertex   -4.643619e+01 -2.805049e+00 3.300000e+01
      vertex   -4.579581e+01 -2.468952e+00 3.300000e+01
    endloop
  endfacet
  facet normal -6.631227e-01 7.485107e-01 0.000000e+00
    outer loop
      vertex   -4.579581e+01 -2.468952e+00 3.000000e+01
      vertex   -4.579581e+01 -2.468952e+00 3.300000e+01
      vertex   -4.525447e+01 -1.989368e+00 3.000000e+01
    endloop
  endfacet
  facet normal -6.631227e-01 7.485107e-01 0.000000e+00
    outer loop
      vertex   -4.525447e+01 -1.989368e+00 3.000000e+01
      vertex   -4.579581e+01 -2.468952e+00 3.300000e+01
      vertex   -4.525447e+01 -1.989368e+00 3.300000e+01
    endloop
  endfacet
  facet normal -8.229839e-01 5.680647e-01 0.000000e+00
    outer loop
      vertex   -4.525447e+01 -1.989368e+00 3.000000e+01
      vertex   -4.525447e+01 -1.989368e+00 3.300000e+01
      vertex   -4.484363e+01 -1.394170e+00 3.000000e+01
    endloop
  endfacet
  facet normal -8.229839e-01 5.680647e-01 0.000000e+00
    outer loop
      vertex   -4.484363e+01 -1.394170e+00 3.000000e+01
      vertex   -4.525447e+01 -1.989368e+00 3.300000e+01
      vertex   -4.484363e+01 -1.394170e+00 3.300000e+01
    endloop
  endfacet
  facet normal -9.350162e-01 3.546049e-01 0.000000e+00
    outer loop
      vertex   -4.484363e+01 -1.394170e+00 3.000000e+01
      vertex   -4.484363e+01 -1.394170e+00 3.300000e+01
      vertex   -4.458718e+01 -7.179470e-01 3.000000e+01
    endloop
  endfacet
  facet normal -9.350162e-01 3.546049e-01 0.000000e+00
    outer loop
      vertex   -4.458718e+01 -7.179470e-01 3.000000e+01
      vertex   -4.484363e+01 -1.394170e+00 3.300000e+01
      vertex   -4.458718e+01 -7.179470e-01 3.300000e+01
    endloop
  endfacet
  facet normal -1.000000e+00 0.000000e+00 0.000000e+00
    outer loop
      vertex   -5.250000e+01 -5.000000e+00 3.300000e+01
      vertex   -5.250000e+01 5.000000e+00 3.300000e+01
      vertex   -5.250000e+01 -5.000000e+00 3.000000e+01
    endloop
  endfacet
  facet normal -1.000000e+00 0.000000e+00 0.000000e+00
    outer loop
      vertex   -5.250000e+01 -5.000000e+00 3.000000e+01
      vertex   -5.250000e+01 5.000000e+00 3.300000e+01
      vertex   -5.250000e+01 5.000000e+00 3.000000e+01
    endloop
  endfacet
  facet normal -0.000000e+00 -1.000000e+00 -0.000000e+00
    outer loop
      vertex   -4.250000e+01 -5.000000e+00 3.300000e+01
      vertex   -5.250000e+01 -5.000000e+00 3.300000e+01
      vertex   -4.250000e+01 -5.000000e+00 3.000000e+01
    endloop
  endfacet
  facet normal 0.000000e+00 -1.000000e+00 0.000000e+00
    outer loop
      vertex   -4.250000e+01 -5.000000e+00 3.000000e+01
      vertex   -5.250000e+01 -5.000000e+00 3.300000e+01
      vertex   -5.250000e+01 -5.000000e+00 3.000000e+01
    endloop
  endfacet
  facet normal -0.000000e+00 1.000000e+00 0.000000e+00
    outer loop
      vertex   -5.250000e+01 5.000000e+00 3.300000e+01
      vertex   -4.250000e+01 5.000000e+00 3.300000e+01
      vertex   -5.250000e+01 5.000000e+00 3.000000e+01
    endloop
  endfacet
  facet normal 0.000000e+00 1.000000e+00 0.000000e+00
    outer loop
      vertex   -5.250000e+01 5.000000e+00 3.000000e+01
      vertex   -4.250000e+01 5.000000e+00 3.300000e+01
      vertex   -4.250000e+01 5.000000e+00 3.000000e+01
    endloop
  endfacet
  facet normal 0.000000e+00 0.000000e+00 -1.000000e+00
    outer loop
      vertex   -4.458718e+01 7.179470e-01 3.000000e+01
      vertex   -4.250000e+01 5.000000e+00 3.000000e+01
      vertex   -4.450000e+01 3.673940e-16 3.000000e+01
    endloop
  endfacet
  facet normal 0.000000e+00 0.000000e+00 -1.000000e+00
    outer loop
      vertex   -4.450000e+01 3.673940e-16 3.000000e+01
      vertex   -4.250000e+01 5.000000e+00 3.000000e+01
      vertex   -4.250000e+01 -5.000000e+00 3.000000e+01
    endloop
  endfacet
  facet normal 0.000000e+00 -0.000000e+00 -1.000000e+00
    outer loop
      vertex   -4.450000e+01 3.673940e-16 3.000000e+01
      vertex   -4.250000e+01 -5.000000e+00 3.000000e+01
      vertex   -4.458718e+01 -7.179470e-01 3.000000e+01
    endloop
  endfacet
  facet normal 0.000000e+00 -0.000000e+00 -1.000000e+00
    outer loop
      vertex   -4.458718e+01 -7.179470e-01 3.000000e+01
      vertex   -4.250000e+01 -5.000000e+00 3.000000e+01
      vertex   -4.484363e+01 -1.394170e+00 3.000000e+01
    endloop
  endfacet
  facet normal 0.000000e+00 -0.000000e+00 -1.000000e+00
    outer loop
      vertex   -4.484363e+01 -1.394170e+00 3.000000e+01
      vertex   -4.250000e+01 -5.000000e+00 3.000000e+01
      vertex   -4.525447e+01 -1.989368e+00 3.000000e+01
    endloop
  endfacet
  facet normal 0.000000e+00 -0.000000e+00 -1.000000e+00
    outer loop
      vertex   -4.525447e+01 -1.989368e+00 3.000000e+01
      vertex   -4.250000e+01 -5.000000e+00 3.000000e+01
      vertex   -4.579581e+01 -2.468952e+00 3.000000e+01
    endloop
  endfacet
  facet normal 0.000000e+00 -0.000000e+00 -1.000000e+00
    outer loop
      vertex   -4.579581e+01 -2.468952e+00 3.000000e+01
      vertex   -4.250000e+01 -5.000000e+00 3.000000e+01
      vertex   -4.643619e+01 -2.805049e+00 3.000000e+01
    endloop
  endfacet
  facet normal 0.000000e+00 -0.000000e+00 -1.000000e+00
    outer loop
      vertex   -4.643619e+01 -2.805049e+00 3.000000e+01
      vertex   -4.250000e+01 -5.000000e+00 3.000000e+01
      vertex   -4.713839e+01 -2.978127e+00 3.000000e+01
    endloop
  endfacet
  facet normal 0.000000e+00 -0.000000e+00 -1.000000e+00
    outer loop
      vertex   -4.713839e+01 -2.978127e+00 3.000000e+01
      vertex   -4.250000e+01 -5.000000e+00 3.000000e+01
      vertex   -5.250000e+01 -5.000000e+00 3.000000e+01
    endloop
  endfacet
  facet normal -0.000000e+00 0.000000e+00 -1.000000e+00
    outer loop
      vertex   -4.713839e+01 -2.978127e+00 3.000000e+01
      vertex   -5.250000e+01 -5.000000e+00 3.000000e+01
      vertex   -4.786161e+01 -2.978127e+00 3.000000e+01
    endloop
  endfacet
  facet normal -0.000000e+00 0.000000e+00 -1.000000e+00
    outer loop
      vertex   -4.786161e+01 -2.978127e+00 3.000000e+01
      vertex   -5.250000e+01 -5.000000e+00 3.000000e+01
      vertex   -4.856382e+01 -2.805049e+00 3.000000e+01
    endloop
  endfacet
  facet normal -0.000000e+00 0.000000e+00 -1.000000e+00
    outer loop
      vertex   -4.856382e+01 -2.805049e+00 3.000000e+01
      vertex   -5.250000e+01 -5.000000e+00 3.000000e+01
      vertex   -4.920419e+01 -2.468952e+00 3.000000e+01
    endloop
  endfacet
  facet normal -0.000000e+00 0.000000e+00 -1.000000e+00
    outer loop
      vertex   -4.920419e+01 -2.468952e+00 3.000000e+01
      vertex   -5.250000e+01 -5.000000e+00 3.000000e+01
      vertex   -4.974553e+01 -1.989368e+00 3.000000e+01
    endloop
  endfacet
  facet normal -0.000000e+00 0.000000e+00 -1.000000e+00
    outer loop
      vertex   -4.974553e+01 -1.989368e+00 3.000000e+01
      vertex   -5.250000e+01 -5.000000e+00 3.000000e+01
      vertex   -5.015637e+01 -1.394170e+00 3.000000e+01
    endloop
  endfacet
  facet normal -0.000000e+00 0.000000e+00 -1.000000e+00
    outer loop
      vertex   -5.015637e+01 -1.394170e+00 3.000000e+01
      vertex   -5.250000e+01 -5.000000e+00 3.000000e+01
      vertex   -5.041283e+01 -7.179470e-01 3.000000e+01
    endloop
  endfacet
  facet normal -0.000000e+00 0.000000e+00 -1.000000e+00
    outer loop
      vertex   -5.041283e+01 -7.179470e-01 3.000000e+01
      vertex   -5.250000e+01 -5.000000e+00 3.000000e+01
      vertex   -5.050000e+01 0.000000e+00 3.000000e+01
    endloop
  endfacet
  facet normal -0.000000e+00 0.000000e+00 -1.000000e+00
    outer loop
      vertex   -5.050000e+01 0.000000e+00 3.000000e+01
      vertex   -5.250000e+01 -5.000000e+00 3.000000e+01
      vertex   -5.250000e+01 5.000000e+00 3.000000e+01
    endloop
  endfacet
  facet normal 0.000000e+00 0.000000e+00 -1.000000e+00
    outer loop
      vertex   -5.050000e+01 0.000000e+00 3.000000e+01
      vertex   -5.250000e+01 5.000000e+00 3.000000e+01
      vertex   -5.041283e+01 7.179470e-01 3.000000e+01
    endloop
  endfacet
  facet normal 0.000000e+00 0.000000e+00 -1.000000e+00
    outer loop
      vertex   -5.041283e+01 7.179470e-01 3.000000e+01
      vertex   -5.250000e+01 5.000000e+00 3.000000e+01
      vertex   -5.015637e+01 1.394170e+00 3.000000e+01
    endloop
  endfacet
  facet normal 0.000000e+00 0.000000e+00 -1.000000e+00
    outer loop
      vertex   -5.015637e+01 1.394170e+00 3.000000e+01
      vertex   -5.250000e+01 5.000000e+00 3.000000e+01
      vertex   -4.974553e+01 1.989368e+00 3.000000e+01
    endloop
  endfacet
  facet normal 0.000000e+00 0.000000e+00 -1.000000e+00
    outer loop
      vertex   -4.974553e+01 1.989368e+00 3.000000e+01
      vertex   -5.250000e+01 5.000000e+00 3.000000e+01
      vertex   -4.920419e+01 2.468952e+00 3.000000e+01
    endloop
  endfacet
  facet normal 0.000000e+00 0.000000e+00 -1.000000e+00
    outer loop
      vertex   -4.920419e+01 2.468952e+00 3.000000e+01
      vertex   -5.250000e+01 5.000000e+00 3.000000e+01
      vertex   -4.856382e+01 2.805049e+00 3.000000e+01
    endloop
  endfacet
  facet normal 0.000000e+00 0.000000e+00 -1.000000e+00
    outer loop
      vertex   -4.856382e+01 2.805049e+00 3.000000e+01
      vertex   -5.250000e+01 5.000000e+00 3.000000e+01
      vertex   -4.786161e+01 2.978127e+00 3.000000e+01
    endloop
  endfacet
  facet normal 0.000000e+00 0.000000e+00 -1.000000e+00
    outer loop
      vertex   -4.786161e+01 2.978127e+00 3.000000e+01
      vertex   -5.250000e+01 5.000000e+00 3.000000e+01
      vertex   -4.250000e+01 5.000000e+00 3.000000e+01
    endloop
  endfacet
  facet normal 0.000000e+00 0.000000e+00 -1.000000e+00
    outer loop
      vertex   -4.786161e+01 2.978127e+00 3.000000e+01
      vertex   -4.250000e+01 5.000000e+00 3.000000e+01
      vertex   -4.713839e+01 2.978127e+00 3.000000e+01
    endloop
  endfacet
  facet normal 0.000000e+00 0.000000e+00 -1.000000e+00
    outer loop
      vertex   -4.713839e+01 2.978127e+00 3.000000e+01
      vertex   -4.250000e+01 5.000000e+00 3.000000e+01
      vertex   -4.643619e+01 2.805049e+00 3.000000e+01
    endloop
  endfacet
  facet normal 0.000000e+00 0.000000e+00 -1.000000e+00
    outer loop
      vertex   -4.643619e+01 2.805049e+00 3.000000e+01
      vertex   -4.250000e+01 5.000000e+00 3.000000e+01
      vertex   -4.579581e+01 2.468952e+00 3.000000e+01
    endloop
  endfacet
  facet normal 0.000000e+00 0.000000e+00 -1.000000e+00
    outer loop
      vertex   -4.579581e+01 2.468952e+00 3.000000e+01
      vertex   -4.250000e+01 5.000000e+00 3.000000e+01
      vertex   -4.525447e+01 1.989368e+00 3.000000e+01
    endloop
  endfacet
  facet normal 0.000000e+00 0.000000e+00 -1.000000e+00
    outer loop
      vertex   -4.525447e+01 1.989368e+00 3.000000e+01
      vertex   -4.250000e+01 5.000000e+00 3.000000e+01
      vertex   -4.484363e+01 1.394170e+00 3.000000e+01
    endloop
  endfacet
  facet normal 0.000000e+00 0.000000e+00 -1.000000e+00
    outer loop
      vertex   -4.484363e+01 1.394170e+00 3.000000e+01
      vertex   -4.250000e+01 5.000000e+00 3.000000e+01
      vertex   -4.458718e+01 7.179470e-01 3.000000e+01
    endloop
  endfacet
  facet normal 0.000000e+00 0.000000e+00 1.000000e+00
    outer loop
      vertex   3.443185e+01 -3.198236e+01 2.000000e+00
      vertex   3.056815e+01 -3.198236e+01 2.000000e+00
      vertex   3.450000e+01 -3.250000e+01 2.000000e+00
    endloop
  endfacet
  facet normal 0.000000e+00 0.000000e+00 1.000000e+00
    outer loop
      vertex   3.450000e+01 -3.250000e+01 2.000000e+00
      vertex   3.056815e+01 -3.198236e+01 2.000000e+00
      vertex   3.050000e+01 -3.250000e+01 2.000000e+00
    endloop
  endfacet
  facet normal 0.000000e+00 0.000000e+00 1.000000e+00
    outer loop
      vertex   3.450000e+01 -3.250000e+01 2.000000e+00
      vertex   3.050000e+01 -3.250000e+01 2.000000e+00
      vertex   3.443185e+01 -3.301764e+01 2.000000e+00
    endloop
  endfacet
  facet normal 0.000000e+00 0.000000e+00 1.000000e+00
    outer loop
      vertex   3.443185e+01 -3.301764e+01 2.000000e+00
      vertex   3.050000e+01 -3.250000e+01 2.000000e+00
      vertex   3.056815e+01 -3.301764e+01 2.000000e+00
    endloop
  endfacet
  facet normal 0.000000e+00 0.000000e+00 1.000000e+00
    outer loop
      vertex   3.443185e+01 -3.301764e+01 2.000000e+00
      vertex   3.056815e+01 -3.301764e+01 2.000000e+00
      vertex   3.423205e+01 -3.350000e+01 2.000000e+00
    endloop
  endfacet
  facet normal 0.000000e+00 0.000000e+00 1.000000e+00
    outer loop
      vertex   3.423205e+01 -3.350000e+01 2.000000e+00
      vertex   3.056815e+01 -3.301764e+01 2.000000e+00
      vertex   3.076795e+01 -3.350000e+01 2.000000e+00
    endloop
  endfacet
  facet normal 0.000000e+00 0.000000e+00 1.000000e+00
    outer loop
      vertex   3.423205e+01 -3.350000e+01 2.000000e+00
      vertex   3.076795e+01 -3.350000e+01 2.000000e+00
      vertex   3.391421e+01 -3.391421e+01 2.000000e+00
    endloop
  endfacet
  facet normal 0.000000e+00 0.000000e+00 1.000000e+00
    outer loop
      vertex   3.391421e+01 -3.391421e+01 2.000000e+00
      vertex   3.076795e+01 -3.350000e+01 2.000000e+00
      vertex   3.108579e+01 -3.391421e+01 2.000000e+00
    endloop
  endfacet
  facet normal 0.000000e+00 0.000000e+00 1.000000e+00
    outer loop
      vertex   3.391421e+01 -3.391421e+01 2.000000e+00
      vertex   3.108579e+01 -3.391421e+01 2.000000e+00
      vertex   3.350000e+01 -3.423205e+01 2.000000e+00
    endloop
  endfacet
  facet normal 0.000000e+00 0.000000e+00 1.000000e+00
    outer loop
      vertex   3.350000e+01 -3.423205e+01 2.000000e+00
      vertex   3.108579e+01 -3.391421e+01 2.000000e+00
      vertex   3.150000e+01 -3.423205e+01 2.000000e+00
    endloop
  endfacet
  facet normal 0.000000e+00 0.000000e+00 1.000000e+00
    outer loop
      vertex   3.350000e+01 -3.423205e+01 2.000000e+00
      vertex   3.150000e+01 -3.423205e+01 2.000000e+00
      vertex   3.301764e+01 -3.443185e+01 2.000000e+00
    endloop
  endfacet
  facet normal 0.000000e+00 0.000000e+00 1.000000e+00
    outer loop
      vertex   3.301764e+01 -3.443185e+01 2.000000e+00
      vertex   3.150000e+01 -3.423205e+01 2.000000e+00
      vertex   3.198236e+01 -3.443185e+01 2.000000e+00
    endloop
  endfacet
  facet normal 0.000000e+00 0.000000e+00 1.000000e+00
    outer loop
      vertex   3.301764e+01 -3.443185e+01 2.000000e+00
      vertex   3.198236e+01 -3.443185e+01 2.000000e+00
      vertex   3.250000e+01 -3.450000e+01 2.000000e+00
    endloop
  endfacet
  facet normal 0.000000e+00 0.000000e+00 1.000000e+00
    outer loop
      vertex   3.056815e+01 -3.198236e+01 2.000000e+00
      vertex   3.443185e+01 -3.198236e+01 2.000000e+00
      vertex   3.076795e+01 -3.150000e+01 2.000000e+00
    endloop
  endfacet
  facet normal 0.000000e+00 0.000000e+00 1.000000e+00
    outer loop
      vertex   3.076795e+01 -3.150000e+01 2.000000e+00
      vertex   3.443185e+01 -3.198236e+01 2.000000e+00
      vertex   3.423205e+01 -3.150000e+01 2.000000e+00
    endloop
  endfacet
  facet normal -0.000000e+00 0.000000e+00 1.000000e+00
    outer loop
      vertex   3.076795e+01 -3.150000e+01 2.000000e+00
      vertex   3.423205e+01 -3.150000e+01 2.000000e+00
      vertex   3.108579e+01 -3.108579e+01 2.000000e+00
    endloop
  endfacet
  facet normal -0.000000e+00 0.000000e+00 1.000000e+00
    outer loop
      vertex   3.108579e+01 -3.108579e+01 2.000000e+00
      vertex   3.423205e+01 -3.150000e+01 2.000000e+00
      vertex   3.391421e+01 -3.108579e+01 2.000000e+00
    endloop
  endfacet
  facet normal 0.000000e+00 0.000000e+00 1.000000e+00
    outer loop
      vertex   3.108579e+01 -3.108579e+01 2.000000e+00
      vertex   3.391421e+01 -3.108579e+01 2.000000e+00
      vertex   3.150000e+01 -3.076795e+01 2.000000e+00
    endloop
  endfacet
  facet normal -0.000000e+00 0.000000e+00 1.000000e+00
    outer loop
      vertex   3.150000e+01 -3.076795e+01 2.000000e+00
      vertex   3.391421e+01 -3.108579e+01 2.000000e+00
      vertex   3.350000e+01 -3.076795e+01 2.000000e+00
    endloop
  endfacet
  facet normal 0.000000e+00 0.000000e+00 1.000000e+00
    outer loop
      vertex   3.150000e+01 -3.076795e+01 2.000000e+00
      vertex   3.350000e+01 -3.076795e+01 2.000000e+00
      vertex   3.198236e+01 -3.056815e+01 2.000000e+00
    endloop
  endfacet
  facet normal -0.000000e+00 0.000000e+00 1.000000e+00
    outer loop
      vertex   3.198236e+01 -3.056815e+01 2.000000e+00
      vertex   3.350000e+01 -3.076795e+01 2.000000e+00
      vertex   3.301764e+01 -3.056815e+01 2.000000e+00
    endloop
  endfacet
  facet normal 0.000000e+00 0.000000e+00 1.000000e+00
    outer loop
      vertex   3.198236e+01 -3.056815e+01 2.000000e+00
      vertex   3.301764e+01 -3.056815e+01 2.000000e+00
      vertex   3.250000e+01 -3.050000e+01 2.000000e+00
    endloop
  endfacet
  facet normal 1.000000e+00 0.000000e+00 0.000000e+00
    outer loop
      vertex   -3.900000e+01 -3.900000e+01 2.000000e+00
      vertex   -3.900000e+01 3.900000e+01 2.000000e+00
      vertex   -3.900000e+01 -3.900000e+01 3.300000e+01
    endloop
  endfacet
  facet normal 1.000000e+00 -0.000000e+00 0.000000e+00
    outer loop
      vertex   -3.900000e+01 -3.900000e+01 3.300000e+01
      vertex   -3.900000e+01 3.900000e+01 2.000000e+00
      vertex   -3.900000e+01 3.900000e+01 3.300000e+01
    endloop
  endfacet
  facet normal 0.000000e+00 -1.000000e+00 0.000000e+00
    outer loop
      vertex   -3.900000e+01 3.900000e+01 2.000000e+00
      vertex   3.900000e+01 3.900000e+01 2.000000e+00
      vertex   -3.900000e+01 3.900000e+01 3.300000e+01
    endloop
  endfacet
  facet normal 0.000000e+00 -1.000000e+00 0.000000e+00
    outer loop
      vertex   -3.900000e+01 3.900000e+01 3.300000e+01
      vertex   3.900000e+01 3.900000e+01 2.000000e+00
      vertex   3.900000e+01 3.900000e+01 3.300000e+01
    endloop
  endfacet
  facet normal 0.000000e+00 1.000000e+00 -0.000000e+00
    outer loop
      vertex   3.900000e+01 -3.900000e+01 2.000000e+00
      vertex   -3.900000e+01 -3.900000e+01 2.000000e+00
      vertex   3.900000e+01 -3.900000e+01 3.300000e+01
    endloop
  endfacet
  facet normal 0.000000e+00 1.000000e+00 0.000000e+00
    outer loop
      vertex   3.900000e+01 -3.900000e+01 3.300000e+01
      vertex   -3.900000e+01 -3.900000e+01 2.000000e+00
      vertex   -3.900000e+01 -3.900000e+01 3.300000e+01
    endloop
  endfacet
  facet normal -1.000000e+00 0.000000e+00 0.000000e+00
    outer loop
      vertex   3.900000e+01 3.900000e+01 2.000000e+00
      vertex   3.900000e+01 -3.900000e+01 2.000000e+00
      vertex   3.900000e+01 3.900000e+01 3.300000e+01
    endloop
  endfacet
  facet normal -1.000000e+00 -0.000000e+00 0.000000e+00
    outer loop
      vertex   3.900000e+01 3.900000e+01 3.300000e+01
      vertex   3.900000e+01 -3.900000e+01 2.000000e+00
      vertex   3.900000e+01 -3.900000e+01 3.300000e+01
    endloop
  endfacet
  facet normal 0.000000e+00 -1.000000e+00 0.000000e+00
    outer loop
      vertex   -4.250000e+01 -4.250000e+01 0.000000e+00
      vertex   4.250000e+01 -4.250000e+01 0.000000e+00
      vertex   -4.250000e+01 -4.250000e+01 3.300000e+01
    endloop
  endfacet
  facet normal 0.000000e+00 -1.000000e+00 0.000000e+00
    outer loop
      vertex   -4.250000e+01 -4.250000e+01 3.300000e+01
      vertex   4.250000e+01 -4.250000e+01 0.000000e+00
      vertex   4.250000e+01 -4.250000e+01 3.300000e+01
    endloop
  endfacet
  facet normal -1.000000e+00 1.688798e-08 0.000000e+00
    outer loop
      vertex   -4.250000e+01 5.000000e+00 3.300000e+01
      vertex   -4.250000e+01 4.250000e+01 3.300000e+01
      vertex   -4.250000e+01 5.000000e+00 3.000000e+01
    endloop
  endfacet
  facet normal -1.000000e+00 1.688798e-08 2.153160e-16
    outer loop
      vertex   -4.250000e+01 5.000000e+00 3.000000e+01
      vertex   -4.250000e+01 4.250000e+01 3.300000e+01
      vertex   -4.250000e+01 4.250000e+01 0.000000e+00
    endloop
  endfacet
  facet normal -1.000000e+00 0.000000e+00 -2.110998e-08
    outer loop
      vertex   -4.250000e+01 5.000000e+00 3.000000e+01
      vertex   -4.250000e+01 4.250000e+01 0.000000e+00
      vertex   -4.250000e+01 -4.250000e+01 0.000000e+00
    endloop
  endfacet
  facet normal -1.000000e+00 -0.000000e+00 -2.110998e-08
    outer loop
      vertex   -4.250000e+01 5.000000e+00 3.000000e+01
      vertex   -4.250000e+01 -4.250000e+01 0.000000e+00
      vertex   -4.250000e+01 -5.000000e+00 3.000000e+01
    endloop
  endfacet
  facet normal -1.000000e+00 -1.688798e-08 2.153160e-16
    outer loop
      vertex   -4.250000e+01 -5.000000e+00 3.000000e+01
      vertex   -4.250000e+01 -4.250000e+01 0.000000e+00
      vertex   -4.250000e+01 -4.250000e+01 3.300000e+01
    endloop
  endfacet
  facet normal -1.000000e+00 -1.688798e-08 0.000000e+00
    outer loop
      vertex   -4.250000e+01 -5.000000e+00 3.000000e+01
      vertex   -4.250000e+01 -4.250000e+01 3.300000e+01
      vertex   -4.250000e+01 -5.000000e+00 3.300000e+01
    endloop
  endfacet
  facet normal 0.000000e+00 1.000000e+00 -0.000000e+00
    outer loop
      vertex   4.250000e+01 4.250000e+01 0.000000e+00
      vertex   -4.250000e+01 4.250000e+01 0.000000e+00
      vertex   4.250000e+01 4.250000e+01 3.300000e+01
    endloop
  endfacet
  facet normal 0.000000e+00 1.000000e+00 0.000000e+00
    outer loop
      vertex   4.250000e+01 4.250000e+01 3.300000e+01
      vertex   -4.250000e+01 4.250000e+01 0.000000e+00
      vertex   -4.250000e+01 4.250000e+01 3.300000e+01
    endloop
  endfacet
  facet normal 1.000000e+00 -1.688798e-08 0.000000e+00
    outer loop
      vertex   4.250000e+01 -5.000000e+00 3.300000e+01
      vertex   4.250000e+01 -4.250000e+01 3.300000e+01
      vertex   4.250000e+01 -5.000000e+00 3.000000e+01
    endloop
  endfacet
  facet normal 1.000000e+00 -1.688798e-08 -4.277944e-25
    outer loop
      vertex   4.250000e+01 -5.000000e+00 3.000000e+01
      vertex   4.250000e+01 -4.250000e+01 3.300000e+01
      vertex   4.250000e+01 -4.250000e+01 0.000000e+00
    endloop
  endfacet
  facet normal 1.000000e+00 0.000000e+00 -2.110998e-08
    outer loop
      vertex   4.250000e+01 -5.000000e+00 3.000000e+01
      vertex   4.250000e+01 -4.250000e+01 0.000000e+00
      vertex   4.250000e+01 5.000000e+00 3.000000e+01
    endloop
  endfacet
  facet normal 1.000000e+00 0.000000e+00 -2.110998e-08
    outer loop
      vertex   4.250000e+01 5.000000e+00 3.000000e+01
      vertex   4.250000e+01 -4.250000e+01 0.000000e+00
      vertex   4.250000e+01 4.250000e+01 0.000000e+00
    endloop
  endfacet
  facet normal 1.000000e+00 1.688798e-08 -4.277944e-25
    outer loop
      vertex   4.250000e+01 5.000000e+00 3.000000e+01
      vertex   4.250000e+01 4.250000e+01 0.000000e+00
      vertex   4.250000e+01 4.250000e+01 3.300000e+01
    endloop
  endfacet
  facet normal 1.000000e+00 1.688798e-08 -4.705739e-24
    outer loop
      vertex   4.250000e+01 4.250000e+01 3.300000e+01
      vertex   4.250000e+01 5.000000e+00 3.300000e+01
      vertex   4.250000e+01 5.000000e+00 3.000000e+01
    endloop
  endfacet
  facet normal -0.000000e+00 0.000000e+00 1.000000e+00
    outer loop
      vertex   5.041283e+01 -7.179470e-01 3.300000e+01
      vertex   5.250000e+01 -5.000000e+00 3.300000e+01
      vertex   5.050000e+01 3.673940e-16 3.300000e+01
    endloop
  endfacet
  facet normal -0.000000e+00 0.000000e+00 1.000000e+00
    outer loop
      vertex   5.050000e+01 3.673940e-16 3.300000e+01
      vertex   5.250000e+01 -5.000000e+00 3.300000e+01
      vertex   5.250000e+01 5.000000e+00 3.300000e+01
    endloop
  endfacet
  facet normal 0.000000e+00 -0.000000e+00 1.000000e+00
    outer loop
      vertex   5.050000e+01 3.673940e-16 3.300000e+01
      vertex   5.250000e+01 5.000000e+00 3.300000e+01
      vertex   5.041283e+01 7.179470e-01 3.300000e+01
    endloop
  endfacet
  facet normal 0.000000e+00 -0.000000e+00 1.000000e+00
    outer loop
      vertex   5.041283e+01 7.179470e-01 3.300000e+01
      vertex   5.250000e+01 5.000000e+00 3.300000e+01
      vertex   5.015637e+01 1.394170e+00 3.300000e+01
    endloop
  endfacet
  facet normal 0.000000e+00 -0.000000e+00 1.000000e+00
    outer loop
      vertex   5.015637e+01 1.394170e+00 3.300000e+01
      vertex   5.250000e+01 5.000000e+00 3.300000e+01
      vertex   4.974553e+01 1.989368e+00 3.300000e+01
    endloop
  endfacet
  facet normal 0.000000e+00 -0.000000e+00 1.000000e+00
    outer loop
      vertex   4.974553e+01 1.989368e+00 3.300000e+01
      vertex   5.250000e+01 5.000000e+00 3.300000e+01
      vertex   4.920419e+01 2.468952e+00 3.300000e+01
    endloop
  endfacet
  facet normal 0.000000e+00 -0.000000e+00 1.000000e+00
    outer loop
      vertex   4.920419e+01 2.468952e+00 3.300000e+01
      vertex   5.250000e+01 5.000000e+00 3.300000e+01
      vertex   4.856382e+01 2.805049e+00 3.300000e+01
    endloop
  endfacet
  facet normal 0.000000e+00 -0.000000e+00 1.000000e+00
    outer loop
      vertex   4.856382e+01 2.805049e+00 3.300000e+01
      vertex   5.250000e+01 5.000000e+00 3.300000e+01
      vertex   4.786161e+01 2.978127e+00 3.300000e+01
    endloop
  endfacet
  facet normal 0.000000e+00 -0.000000e+00 1.000000e+00
    outer loop
      vertex   4.786161e+01 2.978127e+00 3.300000e+01
      vertex   5.250000e+01 5.000000e+00 3.300000e+01
      vertex   4.250000e+01 5.000000e+00 3.300000e+01
    endloop
  endfacet
  facet normal 0.000000e+00 0.000000e+00 1.000000e+00
    outer loop
      vertex   4.786161e+01 2.978127e+00 3.300000e+01
      vertex   4.250000e+01 5.000000e+00 3.300000e+01
      vertex   4.713839e+01 2.978127e+00 3.300000e+01
    endloop
  endfacet
  facet normal 0.000000e+00 0.000000e+00 1.000000e+00
    outer loop
      vertex   4.713839e+01 2.978127e+00 3.300000e+01
      vertex   4.250000e+01 5.000000e+00 3.300000e+01
      vertex   4.643619e+01 2.805049e+00 3.300000e+01
    endloop
  endfacet
  facet normal 0.000000e+00 0.000000e+00 1.000000e+00
    outer loop
      vertex   4.643619e+01 2.805049e+00 3.300000e+01
      vertex   4.250000e+01 5.000000e+00 3.300000e+01
      vertex   4.579581e+01 2.468952e+00 3.300000e+01
    endloop
  endfacet
  facet normal 0.000000e+00 0.000000e+00 1.000000e+00
    outer loop
      vertex   4.579581e+01 2.468952e+00 3.300000e+01
      vertex   4.250000e+01 5.000000e+00 3.300000e+01
      vertex   4.525447e+01 1.989368e+00 3.300000e+01
    endloop
  endfacet
  facet normal 0.000000e+00 0.000000e+00 1.000000e+00
    outer loop
      vertex   4.525447e+01 1.989368e+00 3.300000e+01
      vertex   4.250000e+01 5.000000e+00 3.300000e+01
      vertex   4.484363e+01 1.394170e+00 3.300000e+01
    endloop
  endfacet
  facet normal 0.000000e+00 0.000000e+00 1.000000e+00
    outer loop
      vertex   4.484363e+01 1.394170e+00 3.300000e+01
      vertex   4.250000e+01 5.000000e+00 3.300000e+01
      vertex   4.458718e+01 7.179470e-01 3.300000e+01
    endloop
  endfacet
  facet normal 0.000000e+00 0.000000e+00 1.000000e+00
    outer loop
      vertex   4.458718e+01 7.179470e-01 3.300000e+01
      vertex   4.250000e+01 5.000000e+00 3.300000e+01
      vertex   4.450000e+01 0.000000e+00 3.300000e+01
    endloop
  endfacet
  facet normal 0.000000e+00 0.000000e+00 1.000000e+00
    outer loop
      vertex   4.450000e+01 0.000000e+00 3.300000e+01
      vertex   4.250000e+01 5.000000e+00 3.300000e+01
      vertex   4.250000e+01 -5.000000e+00 3.300000e+01
    endloop
  endfacet
  facet normal 0.000000e+00 0.000000e+00 1.000000e+00
    outer loop
      vertex   4.450000e+01 0.000000e+00 3.300000e+01
      vertex   4.250000e+01 -5.000000e+00 3.300000e+01
      vertex   4.458718e+01 -7.179470e-01 3.300000e+01
    endloop
  endfacet
  facet normal 0.000000e+00 0.000000e+00 1.000000e+00
    outer loop
      vertex   4.458718e+01 -7.179470e-01 3.300000e+01
      vertex   4.250000e+01 -5.000000e+00 3.300000e+01
      vertex   4.484363e+01 -1.394170e+00 3.300000e+01
    endloop
  endfacet
  facet normal 0.000000e+00 0.000000e+00 1.000000e+00
    outer loop
      vertex   4.484363e+01 -1.394170e+00 3.300000e+01
      vertex   4.250000e+01 -5.000000e+00 3.300000e+01
      vertex   4.525447e+01 -1.989368e+00 3.300000e+01
    endloop
  endfacet
  facet normal 0.000000e+00 0.000000e+00 1.000000e+00
    outer loop
      vertex   4.525447e+01 -1.989368e+00 3.300000e+01
      vertex   4.250000e+01 -5.000000e+00 3.300000e+01
      vertex   4.579581e+01 -2.468952e+00 3.300000e+01
    endloop
  endfacet
  facet normal 0.000000e+00 0.000000e+00 1.000000e+00
    outer loop
      vertex   4.579581e+01 -2.468952e+00 3.300000e+01
      vertex   4.250000e+01 -5.000000e+00 3.300000e+01
      vertex   4.643619e+01 -2.805049e+00 3.300000e+01
    endloop
  endfacet
  facet normal 0.000000e+00 0.000000e+00 1.000000e+00
    outer loop
      vertex   4.643619e+01 -2.805049e+00 3.300000e+01
      vertex   4.250000e+01 -5.000000e+00 3.300000e+01
      vertex   4.713839e+01 -2.978127e+00 3.300000e+01
    endloop
  endfacet
  facet normal 0.000000e+00 0.000000e+00 1.000000e+00
    outer loop
      vertex   4.713839e+01 -2.978127e+00 3.300000e+01
      vertex   4.250000e+01 -5.000000e+00 3.300000e+01
      vertex   5.250000e+01 -5.000000e+00 3.300000e+01
    endloop
  endfacet
  facet normal 0.000000e+00 0.000000e+00 1.000000e+00
    outer loop
      vertex   4.713839e+01 -2.978127e+00 3.300000e+01
      vertex   5.250000e+01 -5.000000e+00 3.300000e+01
      vertex   4.786161e+01 -2.978127e+00 3.300000e+01
    endloop
  endfacet
  facet normal -0.000000e+00 0.000000e+00 1.000000e+00
    outer loop
      vertex   4.786161e+01 -2.978127e+00 3.300000e+01
      vertex   5.250000e+01 -5.000000e+00 3.300000e+01
      vertex   4.856382e+01 -2.805049e+00 3.300000e+01
    endloop
  endfacet
  facet normal -0.000000e+00 0.000000e+00 1.000000e+00
    outer loop
      vertex   4.856382e+01 -2.805049e+00 3.300000e+01
      vertex   5.250000e+01 -5.000000e+00 3.300000e+01
      vertex   4.920419e+01 -2.468952e+00 3.300000e+01
    endloop
  endfacet
  facet normal -0.000000e+00 0.000000e+00 1.000000e+00
    outer loop
      vertex   4.920419e+01 -2.468952e+00 3.300000e+01
      vertex   5.250000e+01 -5.000000e+00 3.300000e+01
      vertex   4.974553e+01 -1.989368e+00 3.300000e+01
    endloop
  endfacet
  facet normal -0.000000e+00 0.000000e+00 1.000000e+00
    outer loop
      vertex   4.974553e+01 -1.989368e+00 3.300000e+01
      vertex   5.250000e+01 -5.000000e+00 3.300000e+01
      vertex   5.015637e+01 -1.394170e+00 3.300000e+01
    endloop
  endfacet
  facet normal -0.000000e+00 0.000000e+00 1.000000e+00
    outer loop
      vertex   5.015637e+01 -1.394170e+00 3.300000e+01
      vertex   5.250000e+01 -5.000000e+00 3.300000e+01
      vertex   5.041283e+01 -7.179470e-01 3.300000e+01
    endloop
  endfacet
  facet normal -0.000000e+00 0.000000e+00 1.000000e+00
    outer loop
      vertex   -4.458718e+01 -7.179470e-01 3.300000e+01
      vertex   -4.250000e+01 -5.000000e+00 3.300000e+01
      vertex   -4.450000e+01 3.673940e-16 3.300000e+01
    endloop
  endfacet
  facet normal -0.000000e+00 0.000000e+00 1.000000e+00
    outer loop
      vertex   -4.450000e+01 3.673940e-16 3.300000e+01
      vertex   -4.250000e+01 -5.000000e+00 3.300000e+01
      vertex   -4.250000e+01 5.000000e+00 3.300000e+01
    endloop
  endfacet
  facet normal 0.000000e+00 -0.000000e+00 1.000000e+00
    outer loop
      vertex   -4.450000e+01 3.673940e-16 3.300000e+01
      vertex   -4.250000e+01 5.000000e+00 3.300000e+01
      vertex   -4.458718e+01 7.179470e-01 3.300000e+01
    endloop
  endfacet
  facet normal 0.000000e+00 -0.000000e+00 1.000000e+00
    outer loop
      vertex   -4.458718e+01 7.179470e-01 3.300000e+01
      vertex   -4.250000e+01 5.000000e+00 3.300000e+01
      vertex   -4.484363e+01 1.394170e+00 3.300000e+01
    endloop
  endfacet
  facet normal 0.000000e+00 -0.000000e+00 1.000000e+00
    outer loop
      vertex   -4.484363e+01 1.394170e+00 3.300000e+01
      vertex   -4.250000e+01 5.000000e+00 3.300000e+01
      vertex   -4.525447e+01 1.989368e+00 3.300000e+01
    endloop
  endfacet
  facet normal 0.000000e+00 -0.000000e+00 1.000000e+00
    outer loop
      vertex   -4.525447e+01 1.989368e+00 3.300000e+01
      vertex   -4.250000e+01 5.000000e+00 3.300000e+01
      vertex   -4.579581e+01 2.468952e+00 3.300000e+01
    endloop
  endfacet
  facet normal 0.000000e+00 -0.000000e+00 1.000000e+00
    outer loop
      vertex   -4.579581e+01 2.468952e+00 3.300000e+01
      vertex   -4.250000e+01 5.000000e+00 3.300000e+01
      vertex   -4.643619e+01 2.805049e+00 3.300000e+01
    endloop
  endfacet
  facet normal 0.000000e+00 -0.000000e+00 1.000000e+00
    outer loop
      vertex   -4.643619e+01 2.805049e+00 3.300000e+01
      vertex   -4.250000e+01 5.000000e+00 3.300000e+01
      vertex   -4.713839e+01 2.978127e+00 3.300000e+01
    endloop
  endfacet
  facet normal 0.000000e+00 -0.000000e+00 1.000000e+00
    outer loop
      vertex   -4.713839e+01 2.978127e+00 3.300000e+01
      vertex   -4.250000e+01 5.000000e+00 3.300000e+01
      vertex   -5.250000e+01 5.000000e+00 3.300000e+01
    endloop
  endfacet
  facet normal 0.000000e+00 0.000000e+00 1.000000e+00
    outer loop
      vertex   -4.713839e+01 2.978127e+00 3.300000e+01
      vertex   -5.250000e+01 5.000000e+00 3.300000e+01
      vertex   -4.786161e+01 2.978127e+00 3.300000e+01
    endloop
  endfacet
  facet normal 0.000000e+00 0.000000e+00 1.000000e+00
    outer loop
      vertex   -4.786161e+01 2.978127e+00 3.300000e+01
      vertex   -5.250000e+01 5.000000e+00 3.300000e+01
      vertex   -4.856382e+01 2.805049e+00 3.300000e+01
    endloop
  endfacet
  facet normal 0.000000e+00 0.000000e+00 1.000000e+00
    outer loop
      vertex   -4.856382e+01 2.805049e+00 3.300000e+01
      vertex   -5.250000e+01 5.000000e+00 3.300000e+01
      vertex   -4.920419e+01 2.468952e+00 3.300000e+01
    endloop
  endfacet
  facet normal 0.000000e+00 0.000000e+00 1.000000e+00
    outer loop
      vertex   -4.920419e+01 2.468952e+00 3.300000e+01
      vertex   -5.250000e+01 5.000000e+00 3.300000e+01
      vertex   -4.974553e+01 1.989368e+00 3.300000e+01
    endloop
  endfacet
  facet normal 0.000000e+00 0.000000e+00 1.000000e+00
    outer loop
      vertex   -4.974553e+01 1.989368e+00 3.300000e+01
      vertex   -5.250000e+01 5.000000e+00 3.300000e+01
      vertex   -5.015637e+01 1.394170e+00 3.300000e+01
    endloop
  endfacet
  facet normal 0.000000e+00 0.000000e+00 1.000000e+00
    outer loop
      vertex   -5.015637e+01 1.394170e+00 3.300000e+01
      vertex   -5.250000e+01 5.000000e+00 3.300000e+01
      vertex   -5.041283e+01 7.179470e-01 3.300000e+01
    endloop
  endfacet
  facet normal 0.000000e+00 0.000000e+00 1.000000e+00
    outer loop
      vertex   -5.041283e+01 7.179470e-01 3.300000e+01
      vertex   -5.250000e+01 5.000000e+00 3.300000e+01
      vertex   -5.050000e+01 0.000000e+00 3.300000e+01
    endloop
  endfacet
  facet normal 0.000000e+00 0.000000e+00 1.000000e+00
    outer loop
      vertex   -5.050000e+01 0.000000e+00 3.300000e+01
      vertex   -5.250000e+01 5.000000e+00 3.300000e+01
      vertex   -5.250000e+01 -5.000000e+00 3.300000e+01
    endloop
  endfacet
  facet normal 0.000000e+00 0.000000e+00 1.000000e+00
    outer loop
      vertex   -5.050000e+01 0.000000e+00 3.300000e+01
      vertex   -5.250000e+01 -5.000000e+00 3.300000e+01
      vertex   -5.041283e+01 -7.179470e-01 3.300000e+01
    endloop
  endfacet
  facet normal 0.000000e+00 0.000000e+00 1.000000e+00
    outer loop
      vertex   -5.041283e+01 -7.179470e-01 3.300000e+01
      vertex   -5.250000e+01 -5.000000e+00 3.300000e+01
      vertex   -5.015637e+01 -1.394170e+00 3.300000e+01
    endloop
  endfacet
  facet normal 0.000000e+00 0.000000e+00 1.000000e+00
    outer loop
      vertex   -5.015637e+01 -1.394170e+00 3.300000e+01
      vertex   -5.250000e+01 -5.000000e+00 3.300000e+01
      vertex   -4.974553e+01 -1.989368e+00 3.300000e+01
    endloop
  endfacet
  facet normal 0.000000e+00 0.000000e+00 1.000000e+00
    outer loop
      vertex   -4.974553e+01 -1.989368e+00 3.300000e+01
      vertex   -5.250000e+01 -5.000000e+00 3.300000e+01
      vertex   -4.920419e+01 -2.468952e+00 3.300000e+01
    endloop
  endfacet
  facet normal 0.000000e+00 0.000000e+00 1.000000e+00
    outer loop
      vertex   -4.920419e+01 -2.468952e+00 3.300000e+01
      vertex   -5.250000e+01 -5.000000e+00 3.300000e+01
      vertex   -4.856382e+01 -2.805049e+00 3.300000e+01
    endloop
  endfacet
  facet normal 0.000000e+00 0.000000e+00 1.000000e+00
    outer loop
      vertex   -4.856382e+01 -2.805049e+00 3.300000e+01
      vertex   -5.250000e+01 -5.000000e+00 3.300000e+01
      vertex   -4.786161e+01 -2.978127e+00 3.300000e+01
    endloop
  endfacet
  facet normal 0.000000e+00 0.000000e+00 1.000000e+00
    outer loop
      vertex   -4.786161e+01 -2.978127e+00 3.300000e+01
      vertex   -5.250000e+01 -5.000000e+00 3.300000e+01
      vertex   -4.250000e+01 -5.000000e+00 3.300000e+01
    endloop
  endfacet
  facet normal 0.000000e+00 0.000000e+00 1.000000e+00
    outer loop
      vertex   -4.786161e+01 -2.978127e+00 3.300000e+01
      vertex   -4.250000e+01 -5.000000e+00 3.300000e+01
      vertex   -4.713839e+01 -2.978127e+00 3.300000e+01
    endloop
  endfacet
  facet normal -0.000000e+00 0.000000e+00 1.000000e+00
    outer loop
      vertex   -4.713839e+01 -2.978127e+00 3.300000e+01
      vertex   -4.250000e+01 -5.000000e+00 3.300000e+01
      vertex   -4.643619e+01 -2.805049e+00 3.300000e+01
    endloop
  endfacet
  facet normal -0.000000e+00 0.000000e+00 1.000000e+00
    outer loop
      vertex   -4.643619e+01 -2.805049e+00 3.300000e+01
      vertex   -4.250000e+01 -5.000000e+00 3.300000e+01
      vertex   -4.579581e+01 -2.468952e+00 3.300000e+01
    endloop
  endfacet
  facet normal -0.000000e+00 0.000000e+00 1.000000e+00
    outer loop
      vertex   -4.579581e+01 -2.468952e+00 3.300000e+01
      vertex   -4.250000e+01 -5.000000e+00 3.300000e+01
      vertex   -4.525447e+01 -1.989368e+00 3.300000e+01
    endloop
  endfacet
  facet normal -0.000000e+00 0.000000e+00 1.000000e+00
    outer loop
      vertex   -4.525447e+01 -1.989368e+00 3.300000e+01
      vertex   -4.250000e+01 -5.000000e+00 3.300000e+01
      vertex   -4.484363e+01 -1.394170e+00 3.300000e+01
    endloop
  endfacet
  facet normal -0.000000e+00 0.000000e+00 1.000000e+00
    outer loop
      vertex   -4.484363e+01 -1.394170e+00 3.300000e+01
      vertex   -4.250000e+01 -5.000000e+00 3.300000e+01
      vertex   -4.458718e+01 -7.179470e-01 3.300000e+01
    endloop
  endfacet
  facet normal 0.000000e+00 0.000000e+00 1.000000e+00
    outer loop
      vertex   3.900000e+01 -3.900000e+01 3.300000e+01
      vertex   4.250000e+01 5.000000e+00 3.300000e+01
      vertex   3.900000e+01 3.900000e+01 3.300000e+01
    endloop
  endfacet
  facet normal -0.000000e+00 0.000000e+00 1.000000e+00
    outer loop
      vertex   3.900000e+01 3.900000e+01 3.300000e+01
      vertex   4.250000e+01 5.000000e+00 3.300000e+01
      vertex   4.250000e+01 4.250000e+01 3.300000e+01
    endloop
  endfacet
  facet normal 0.000000e+00 -0.000000e+00 1.000000e+00
    outer loop
      vertex   3.900000e+01 3.900000e+01 3.300000e+01
      vertex   4.250000e+01 4.250000e+01 3.300000e+01
      vertex   -4.250000e+01 4.250000e+01 3.300000e+01
    endloop
  endfacet
  facet normal -0.000000e+00 0.000000e+00 1.000000e+00
    outer loop
      vertex   -3.900000e+01 -3.900000e+01 3.300000e+01
      vertex   4.250000e+01 -4.250000e+01 3.300000e+01
      vertex   3.900000e+01 -3.900000e+01 3.300000e+01
    endloop
  endfacet
  facet normal -0.000000e+00 0.000000e+00 1.000000e+00
    outer loop
      vertex   3.900000e+01 -3.900000e+01 3.300000e+01
      vertex   4.250000e+01 -4.250000e+01 3.300000e+01
      vertex   4.250000e+01 -5.000000e+00 3.300000e+01
    endloop
  endfacet
  facet normal 0.000000e+00 0.000000e+00 1.000000e+00
    outer loop
      vertex   3.900000e+01 -3.900000e+01 3.300000e+01
      vertex   4.250000e+01 -5.000000e+00 3.300000e+01
      vertex   4.250000e+01 5.000000e+00 3.300000e+01
    endloop
  endfacet
  facet normal 0.000000e+00 0.000000e+00 1.000000e+00
    outer loop
      vertex   -3.900000e+01 3.900000e+01 3.300000e+01
      vertex   -4.250000e+01 5.000000e+00 3.300000e+01
      vertex   -3.900000e+01 -3.900000e+01 3.300000e+01
    endloop
  endfacet
  facet normal 0.000000e+00 0.000000e+00 1.000000e+00
    outer loop
      vertex   -3.900000e+01 -3.900000e+01 3.300000e+01
      vertex   -4.250000e+01 5.000000e+00 3.300000e+01
      vertex   -4.250000e+01 -5.000000e+00 3.300000e+01
    endloop
  endfacet
  facet normal 0.000000e+00 0.000000e+00 1.000000e+00
    outer loop
      vertex   -3.900000e+01 -3.900000e+01 3.300000e+01
      vertex   -4.250000e+01 -5.000000e+00 3.300000e+01
      vertex   -4.250000e+01 -4.250000e+01 3.300000e+01
    endloop
  endfacet
  facet normal 0.000000e+00 0.000000e+00 1.000000e+00
    outer loop
      vertex   -4.250000e+01 5.000000e+00 3.300000e+01
      vertex   -3.900000e+01 3.900000e+01 3.300000e+01
      vertex   -4.250000e+01 4.250000e+01 3.300000e+01
    endloop
  endfacet
  facet normal 0.000000e+00 0.000000e+00 1.000000e+00
    outer loop
      vertex   -4.250000e+01 4.250000e+01 3.300000e+01
      vertex   -3.900000e+01 3.900000e+01 3.300000e+01
      vertex   3.900000e+01 3.900000e+01 3.300000e+01
    endloop
  endfacet
  facet normal 0.000000e+00 0.000000e+00 1.000000e+00
    outer loop
      vertex   -4.250000e+01 -4.250000e+01 3.300000e+01
      vertex   4.250000e+01 -4.250000e+01 3.300000e+01
      vertex   -3.900000e+01 -3.900000e+01 3.300000e+01
    endloop
  endfacet
  facet normal 0.000000e+00 0.000000e+00 -1.000000e+00
    outer loop
      vertex   4.250000e+01 -4.250000e+01 0.000000e+00
      vertex   -4.250000e+01 -4.250000e+01 0.000000e+00
      vertex   4.250000e+01 4.250000e+01 0.000000e+00
    endloop
  endfacet
  facet normal -0.000000e+00 0.000000e+00 -1.000000e+00
    outer loop
      vertex   4.250000e+01 4.250000e+01 0.000000e+00
      vertex   -4.250000e+01 -4.250000e+01 0.000000e+00
      vertex   -4.250000e+01 4.250000e+01 0.000000e+00
    endloop
  endfacet
endsolid
