solid ASCII
  facet normal -9.800174e-02 7.069121e-07 9.951862e-01
    outer loop
      vertex   7.691302e-01 5.499449e+01 -4.192426e+01
      vertex   7.691161e-01 5.699468e+01 -4.192426e+01
      vertex   0.000000e+00 5.500000e+01 -4.200000e+01
    endloop
  endfacet
  facet normal -9.800078e-02 3.336622e-07 9.951863e-01
    outer loop
      vertex   0.000000e+00 5.500000e+01 -4.200000e+01
      vertex   7.691161e-01 5.699468e+01 -4.192426e+01
      vertex   3.966734e-15 5.700000e+01 -4.200000e+01
    endloop
  endfacet
  facet normal 9.800078e-02 3.336622e-07 9.951863e-01
    outer loop
      vertex   0.000000e+00 5.500000e+01 -4.200000e+01
      vertex   3.966734e-15 5.700000e+01 -4.200000e+01
      vertex   -7.691161e-01 5.699468e+01 -4.192426e+01
    endloop
  endfacet
  facet normal -2.876757e-01 -6.866775e-07 9.577279e-01
    outer loop
      vertex   7.691161e-01 5.699468e+01 -4.192426e+01
      vertex   7.691302e-01 5.499449e+01 -4.192426e+01
      vertex   1.530963e+00 5.697944e+01 -4.169542e+01
    endloop
  endfacet
  facet normal -2.876796e-01 9.319245e-07 9.577267e-01
    outer loop
      vertex   1.530963e+00 5.697944e+01 -4.169542e+01
      vertex   7.691302e-01 5.499449e+01 -4.192426e+01
      vertex   1.530981e+00 5.497869e+01 -4.169542e+01
    endloop
  endfacet
  facet normal -4.738907e-01 -9.317396e-07 8.805837e-01
    outer loop
      vertex   1.530963e+00 5.697944e+01 -4.169542e+01
      vertex   1.530981e+00 5.497869e+01 -4.169542e+01
      vertex   2.231328e+00 5.695626e+01 -4.131852e+01
    endloop
  endfacet
  facet normal -4.738940e-01 5.503291e-07 8.805819e-01
    outer loop
      vertex   2.231328e+00 5.695626e+01 -4.131852e+01
      vertex   1.530981e+00 5.497869e+01 -4.169542e+01
      vertex   2.231338e+00 5.495467e+01 -4.131851e+01
    endloop
  endfacet
  facet normal -6.344432e-01 -6.701381e-07 7.729695e-01
    outer loop
      vertex   2.231328e+00 5.695626e+01 -4.131852e+01
      vertex   2.231338e+00 5.495467e+01 -4.131851e+01
      vertex   2.828428e+00 5.692978e+01 -4.082843e+01
    endloop
  endfacet
  facet normal -6.344445e-01 9.319115e-09 7.729684e-01
    outer loop
      vertex   2.828428e+00 5.692978e+01 -4.082843e+01
      vertex   2.231338e+00 5.495467e+01 -4.131851e+01
      vertex   2.828428e+00 5.492723e+01 -4.082843e+01
    endloop
  endfacet
  facet normal -7.729699e-01 -9.319274e-09 6.344427e-01
    outer loop
      vertex   2.828428e+00 5.692978e+01 -4.082843e+01
      vertex   2.828428e+00 5.492723e+01 -4.082843e+01
      vertex   3.318520e+00 5.690329e+01 -4.023133e+01
    endloop
  endfacet
  facet normal -7.729688e-01 -6.550202e-07 6.344440e-01
    outer loop
      vertex   3.318520e+00 5.690329e+01 -4.023133e+01
      vertex   2.828428e+00 5.492723e+01 -4.082843e+01
      vertex   3.318513e+00 5.489977e+01 -4.023134e+01
    endloop
  endfacet
  facet normal -8.805839e-01 5.322922e-07 4.738903e-01
    outer loop
      vertex   3.318520e+00 5.690329e+01 -4.023133e+01
      vertex   3.318513e+00 5.489977e+01 -4.023134e+01
      vertex   3.695423e+00 5.688008e+01 -3.953096e+01
    endloop
  endfacet
  facet normal -8.805822e-01 -9.203361e-07 4.738935e-01
    outer loop
      vertex   3.695423e+00 5.688008e+01 -3.953096e+01
      vertex   3.318513e+00 5.489977e+01 -4.023134e+01
      vertex   3.695416e+00 5.487571e+01 -3.953098e+01
    endloop
  endfacet
  facet normal -9.577279e-01 9.205224e-07 2.876755e-01
    outer loop
      vertex   3.695423e+00 5.688008e+01 -3.953096e+01
      vertex   3.695416e+00 5.487571e+01 -3.953098e+01
      vertex   3.924262e+00 5.686481e+01 -3.876912e+01
    endloop
  endfacet
  facet normal -9.577268e-01 -6.828372e-07 2.876794e-01
    outer loop
      vertex   3.924262e+00 5.686481e+01 -3.876912e+01
      vertex   3.695416e+00 5.487571e+01 -3.953098e+01
      vertex   3.924259e+00 5.485988e+01 -3.876913e+01
    endloop
  endfacet
  facet normal -9.951863e-01 7.017759e-07 9.800073e-02
    outer loop
      vertex   3.924262e+00 5.686481e+01 -3.876912e+01
      vertex   3.924259e+00 5.485988e+01 -3.876913e+01
      vertex   4.000000e+00 5.685948e+01 -3.800000e+01
    endloop
  endfacet
  facet normal -9.951862e-01 -3.472853e-16 9.800254e-02
    outer loop
      vertex   4.000000e+00 5.685948e+01 -3.800000e+01
      vertex   3.924259e+00 5.485988e+01 -3.876913e+01
      vertex   4.000000e+00 5.485435e+01 -3.800000e+01
    endloop
  endfacet
  facet normal -9.951862e-01 3.472853e-16 -9.800254e-02
    outer loop
      vertex   4.000000e+00 5.685948e+01 -3.800000e+01
      vertex   4.000000e+00 5.485435e+01 -3.800000e+01
      vertex   3.924259e+00 5.485988e+01 -3.723087e+01
    endloop
  endfacet
  facet normal -9.951863e-01 7.017759e-07 -9.800073e-02
    outer loop
      vertex   4.000000e+00 5.685948e+01 -3.800000e+01
      vertex   3.924259e+00 5.485988e+01 -3.723087e+01
      vertex   3.924262e+00 5.686481e+01 -3.723088e+01
    endloop
  endfacet
  facet normal -9.577268e-01 -6.828372e-07 -2.876794e-01
    outer loop
      vertex   3.924262e+00 5.686481e+01 -3.723088e+01
      vertex   3.924259e+00 5.485988e+01 -3.723087e+01
      vertex   3.695416e+00 5.487571e+01 -3.646902e+01
    endloop
  endfacet
  facet normal -9.577279e-01 9.205224e-07 -2.876755e-01
    outer loop
      vertex   3.924262e+00 5.686481e+01 -3.723088e+01
      vertex   3.695416e+00 5.487571e+01 -3.646902e+01
      vertex   3.695423e+00 5.688008e+01 -3.646904e+01
    endloop
  endfacet
  facet normal -8.805822e-01 -9.203361e-07 -4.738935e-01
    outer loop
      vertex   3.695423e+00 5.688008e+01 -3.646904e+01
      vertex   3.695416e+00 5.487571e+01 -3.646902e+01
      vertex   3.318513e+00 5.489977e+01 -3.576866e+01
    endloop
  endfacet
  facet normal -8.805839e-01 5.322922e-07 -4.738903e-01
    outer loop
      vertex   3.695423e+00 5.688008e+01 -3.646904e+01
      vertex   3.318513e+00 5.489977e+01 -3.576866e+01
      vertex   3.318520e+00 5.690329e+01 -3.576867e+01
    endloop
  endfacet
  facet normal -7.729688e-01 -6.550202e-07 -6.344440e-01
    outer loop
      vertex   3.318520e+00 5.690329e+01 -3.576867e+01
      vertex   3.318513e+00 5.489977e+01 -3.576866e+01
      vertex   2.828428e+00 5.492723e+01 -3.517157e+01
    endloop
  endfacet
  facet normal -7.729699e-01 -9.319273e-09 -6.344427e-01
    outer loop
      vertex   3.318520e+00 5.690329e+01 -3.576867e+01
      vertex   2.828428e+00 5.492723e+01 -3.517157e+01
      vertex   2.828428e+00 5.692978e+01 -3.517157e+01
    endloop
  endfacet
  facet normal -6.344445e-01 9.319118e-09 -7.729684e-01
    outer loop
      vertex   2.828428e+00 5.692978e+01 -3.517157e+01
      vertex   2.828428e+00 5.492723e+01 -3.517157e+01
      vertex   2.231338e+00 5.495467e+01 -3.468149e+01
    endloop
  endfacet
  facet normal -6.344432e-01 -6.701381e-07 -7.729695e-01
    outer loop
      vertex   2.828428e+00 5.692978e+01 -3.517157e+01
      vertex   2.231338e+00 5.495467e+01 -3.468149e+01
      vertex   2.231328e+00 5.695626e+01 -3.468148e+01
    endloop
  endfacet
  facet normal -4.738940e-01 5.503291e-07 -8.805819e-01
    outer loop
      vertex   2.231328e+00 5.695626e+01 -3.468148e+01
      vertex   2.231338e+00 5.495467e+01 -3.468149e+01
      vertex   1.530981e+00 5.497869e+01 -3.430458e+01
    endloop
  endfacet
  facet normal -4.738907e-01 -9.317396e-07 -8.805837e-01
    outer loop
      vertex   2.231328e+00 5.695626e+01 -3.468148e+01
      vertex   1.530981e+00 5.497869e+01 -3.430458e+01
      vertex   1.530963e+00 5.697944e+01 -3.430458e+01
    endloop
  endfacet
  facet normal -2.876796e-01 9.319245e-07 -9.577267e-01
    outer loop
      vertex   1.530963e+00 5.697944e+01 -3.430458e+01
      vertex   1.530981e+00 5.497869e+01 -3.430458e+01
      vertex   7.691302e-01 5.499449e+01 -3.407574e+01
    endloop
  endfacet
  facet normal -2.876757e-01 -6.866775e-07 -9.577279e-01
    outer loop
      vertex   1.530963e+00 5.697944e+01 -3.430458e+01
      vertex   7.691302e-01 5.499449e+01 -3.407574e+01
      vertex   7.691161e-01 5.699468e+01 -3.407574e+01
    endloop
  endfacet
  facet normal -9.800260e-02 7.069059e-07 -9.951862e-01
    outer loop
      vertex   7.691161e-01 5.699468e+01 -3.407574e+01
      vertex   7.691302e-01 5.499449e+01 -3.407574e+01
      vertex   1.688464e-15 5.500000e+01 -3.400000e+01
    endloop
  endfacet
  facet normal -9.800079e-02 6.735925e-15 -9.951863e-01
    outer loop
      vertex   7.691161e-01 5.699468e+01 -3.407574e+01
      vertex   1.688464e-15 5.500000e+01 -3.400000e+01
      vertex   -5.181041e-15 5.700000e+01 -3.400000e+01
    endloop
  endfacet
  facet normal 9.800079e-02 7.407833e-15 -9.951863e-01
    outer loop
      vertex   -5.181041e-15 5.700000e+01 -3.400000e+01
      vertex   1.688464e-15 5.500000e+01 -3.400000e+01
      vertex   -7.691161e-01 5.699468e+01 -3.407574e+01
    endloop
  endfacet
  facet normal 9.800260e-02 7.069059e-07 -9.951862e-01
    outer loop
      vertex   -7.691161e-01 5.699468e+01 -3.407574e+01
      vertex   1.688464e-15 5.500000e+01 -3.400000e+01
      vertex   -7.691302e-01 5.499449e+01 -3.407574e+01
    endloop
  endfacet
  facet normal 2.876757e-01 -6.866775e-07 -9.577279e-01
    outer loop
      vertex   -7.691161e-01 5.699468e+01 -3.407574e+01
      vertex   -7.691302e-01 5.499449e+01 -3.407574e+01
      vertex   -1.530963e+00 5.697944e+01 -3.430458e+01
    endloop
  endfacet
  facet normal 2.876796e-01 9.319245e-07 -9.577267e-01
    outer loop
      vertex   -1.530963e+00 5.697944e+01 -3.430458e+01
      vertex   -7.691302e-01 5.499449e+01 -3.407574e+01
      vertex   -1.530981e+00 5.497869e+01 -3.430458e+01
    endloop
  endfacet
  facet normal 4.738907e-01 -9.317396e-07 -8.805837e-01
    outer loop
      vertex   -1.530963e+00 5.697944e+01 -3.430458e+01
      vertex   -1.530981e+00 5.497869e+01 -3.430458e+01
      vertex   -2.231328e+00 5.695626e+01 -3.468148e+01
    endloop
  endfacet
  facet normal 4.738940e-01 5.503291e-07 -8.805819e-01
    outer loop
      vertex   -2.231328e+00 5.695626e+01 -3.468148e+01
      vertex   -1.530981e+00 5.497869e+01 -3.430458e+01
      vertex   -2.231338e+00 5.495467e+01 -3.468149e+01
    endloop
  endfacet
  facet normal 6.344432e-01 -6.701381e-07 -7.729695e-01
    outer loop
      vertex   -2.231328e+00 5.695626e+01 -3.468148e+01
      vertex   -2.231338e+00 5.495467e+01 -3.468149e+01
      vertex   -2.828428e+00 5.692978e+01 -3.517157e+01
    endloop
  endfacet
  facet normal 6.344445e-01 9.319115e-09 -7.729684e-01
    outer loop
      vertex   -2.828428e+00 5.692978e+01 -3.517157e+01
      vertex   -2.231338e+00 5.495467e+01 -3.468149e+01
      vertex   -2.828428e+00 5.492723e+01 -3.517157e+01
    endloop
  endfacet
  facet normal 7.729699e-01 -9.319274e-09 -6.344427e-01
    outer loop
      vertex   -2.828428e+00 5.692978e+01 -3.517157e+01
      vertex   -2.828428e+00 5.492723e+01 -3.517157e+01
      vertex   -3.318520e+00 5.690329e+01 -3.576867e+01
    endloop
  endfacet
  facet normal 7.729688e-01 -6.550202e-07 -6.344440e-01
    outer loop
      vertex   -3.318520e+00 5.690329e+01 -3.576867e+01
      vertex   -2.828428e+00 5.492723e+01 -3.517157e+01
      vertex   -3.318513e+00 5.489977e+01 -3.576866e+01
    endloop
  endfacet
  facet normal 8.805839e-01 5.322922e-07 -4.738903e-01
    outer loop
      vertex   -3.318520e+00 5.690329e+01 -3.576867e+01
      vertex   -3.318513e+00 5.489977e+01 -3.576866e+01
      vertex   -3.695423e+00 5.688008e+01 -3.646904e+01
    endloop
  endfacet
  facet normal 8.805822e-01 -9.203361e-07 -4.738935e-01
    outer loop
      vertex   -3.695423e+00 5.688008e+01 -3.646904e+01
      vertex   -3.318513e+00 5.489977e+01 -3.576866e+01
      vertex   -3.695416e+00 5.487571e+01 -3.646902e+01
    endloop
  endfacet
  facet normal 9.577279e-01 9.205224e-07 -2.876755e-01
    outer loop
      vertex   -3.695423e+00 5.688008e+01 -3.646904e+01
      vertex   -3.695416e+00 5.487571e+01 -3.646902e+01
      vertex   -3.924262e+00 5.686481e+01 -3.723088e+01
    endloop
  endfacet
  facet normal 9.577268e-01 -6.828372e-07 -2.876794e-01
    outer loop
      vertex   -3.924262e+00 5.686481e+01 -3.723088e+01
      vertex   -3.695416e+00 5.487571e+01 -3.646902e+01
      vertex   -3.924259e+00 5.485988e+01 -3.723087e+01
    endloop
  endfacet
  facet normal 9.951863e-01 7.017759e-07 -9.800073e-02
    outer loop
      vertex   -3.924262e+00 5.686481e+01 -3.723088e+01
      vertex   -3.924259e+00 5.485988e+01 -3.723087e+01
      vertex   -4.000000e+00 5.685948e+01 -3.800000e+01
    endloop
  endfacet
  facet normal 9.951862e-01 -3.472853e-16 -9.800254e-02
    outer loop
      vertex   -4.000000e+00 5.685948e+01 -3.800000e+01
      vertex   -3.924259e+00 5.485988e+01 -3.723087e+01
      vertex   -4.000000e+00 5.485435e+01 -3.800000e+01
    endloop
  endfacet
  facet normal 9.951862e-01 3.472853e-16 9.800254e-02
    outer loop
      vertex   -4.000000e+00 5.685948e+01 -3.800000e+01
      vertex   -4.000000e+00 5.485435e+01 -3.800000e+01
      vertex   -3.924259e+00 5.485988e+01 -3.876913e+01
    endloop
  endfacet
  facet normal 9.951863e-01 7.017759e-07 9.800073e-02
    outer loop
      vertex   -4.000000e+00 5.685948e+01 -3.800000e+01
      vertex   -3.924259e+00 5.485988e+01 -3.876913e+01
      vertex   -3.924262e+00 5.686481e+01 -3.876912e+01
    endloop
  endfacet
  facet normal 9.577268e-01 -6.828372e-07 2.876794e-01
    outer loop
      vertex   -3.924262e+00 5.686481e+01 -3.876912e+01
      vertex   -3.924259e+00 5.485988e+01 -3.876913e+01
      vertex   -3.695416e+00 5.487571e+01 -3.953098e+01
    endloop
  endfacet
  facet normal 9.577279e-01 9.205224e-07 2.876755e-01
    outer loop
      vertex   -3.924262e+00 5.686481e+01 -3.876912e+01
      vertex   -3.695416e+00 5.487571e+01 -3.953098e+01
      vertex   -3.695423e+00 5.688008e+01 -3.953096e+01
    endloop
  endfacet
  facet normal 8.805822e-01 -9.203361e-07 4.738935e-01
    outer loop
      vertex   -3.695423e+00 5.688008e+01 -3.953096e+01
      vertex   -3.695416e+00 5.487571e+01 -3.953098e+01
      vertex   -3.318513e+00 5.489977e+01 -4.023134e+01
    endloop
  endfacet
  facet normal 8.805839e-01 5.322922e-07 4.738903e-01
    outer loop
      vertex   -3.695423e+00 5.688008e+01 -3.953096e+01
      vertex   -3.318513e+00 5.489977e+01 -4.023134e+01
      vertex   -3.318520e+00 5.690329e+01 -4.023133e+01
    endloop
  endfacet
  facet normal 7.729688e-01 -6.550202e-07 6.344440e-01
    outer loop
      vertex   -3.318520e+00 5.690329e+01 -4.023133e+01
      vertex   -3.318513e+00 5.489977e+01 -4.023134e+01
      vertex   -2.828428e+00 5.492723e+01 -4.082843e+01
    endloop
  endfacet
  facet normal 7.729699e-01 -9.319276e-09 6.344427e-01
    outer loop
      vertex   -3.318520e+00 5.690329e+01 -4.023133e+01
      vertex   -2.828428e+00 5.492723e+01 -4.082843e+01
      vertex   -2.828428e+00 5.692978e+01 -4.082843e+01
    endloop
  endfacet
  facet normal 6.344445e-01 9.319113e-09 7.729684e-01
    outer loop
      vertex   -2.828428e+00 5.692978e+01 -4.082843e+01
      vertex   -2.828428e+00 5.492723e+01 -4.082843e+01
      vertex   -2.231338e+00 5.495467e+01 -4.131851e+01
    endloop
  endfacet
  facet normal 6.344432e-01 -6.701381e-07 7.729695e-01
    outer loop
      vertex   -2.828428e+00 5.692978e+01 -4.082843e+01
      vertex   -2.231338e+00 5.495467e+01 -4.131851e+01
      vertex   -2.231328e+00 5.695626e+01 -4.131852e+01
    endloop
  endfacet
  facet normal 4.738940e-01 5.503291e-07 8.805819e-01
    outer loop
      vertex   -2.231328e+00 5.695626e+01 -4.131852e+01
      vertex   -2.231338e+00 5.495467e+01 -4.131851e+01
      vertex   -1.530981e+00 5.497869e+01 -4.169542e+01
    endloop
  endfacet
  facet normal 4.738907e-01 -9.317396e-07 8.805837e-01
    outer loop
      vertex   -2.231328e+00 5.695626e+01 -4.131852e+01
      vertex   -1.530981e+00 5.497869e+01 -4.169542e+01
      vertex   -1.530963e+00 5.697944e+01 -4.169542e+01
    endloop
  endfacet
  facet normal 2.876796e-01 9.319245e-07 9.577267e-01
    outer loop
      vertex   -1.530963e+00 5.697944e+01 -4.169542e+01
      vertex   -1.530981e+00 5.497869e+01 -4.169542e+01
      vertex   -7.691302e-01 5.499449e+01 -4.192426e+01
    endloop
  endfacet
  facet normal 2.876757e-01 -6.866775e-07 9.577279e-01
    outer loop
      vertex   -1.530963e+00 5.697944e+01 -4.169542e+01
      vertex   -7.691302e-01 5.499449e+01 -4.192426e+01
      vertex   -7.691161e-01 5.699468e+01 -4.192426e+01
    endloop
  endfacet
  facet normal 9.800174e-02 7.069121e-07 9.951862e-01
    outer loop
      vertex   -7.691161e-01 5.699468e+01 -4.192426e+01
      vertex   -7.691302e-01 5.499449e+01 -4.192426e+01
      vertex   0.000000e+00 5.500000e+01 -4.200000e+01
    endloop
  endfacet
  facet normal 4.132494e-02 -9.991448e-01 -1.352749e-03
    outer loop
      vertex   -4.541864e+00 5.481215e+01 0.000000e+00
      vertex   -2.231338e+00 5.495467e+01 -3.468149e+01
      vertex   0.000000e+00 5.500000e+01 0.000000e+00
    endloop
  endfacet
  facet normal 3.477856e-02 -9.993946e-01 -9.312424e-04
    outer loop
      vertex   0.000000e+00 5.500000e+01 0.000000e+00
      vertex   -2.231338e+00 5.495467e+01 -3.468149e+01
      vertex   -1.530981e+00 5.497869e+01 -3.430458e+01
    endloop
  endfacet
  facet normal 2.082917e-02 -9.997830e-01 -3.084529e-04
    outer loop
      vertex   0.000000e+00 5.500000e+01 0.000000e+00
      vertex   -1.530981e+00 5.497869e+01 -3.430458e+01
      vertex   -7.691302e-01 5.499449e+01 -3.407574e+01
    endloop
  endfacet
  facet normal 1.236926e-01 -9.923206e-01 2.615741e-17
    outer loop
      vertex   -9.052703e+00 5.424987e+01 0.000000e+00
      vertex   -9.052703e+00 5.424987e+01 -4.200000e+01
      vertex   -4.541864e+00 5.481215e+01 0.000000e+00
    endloop
  endfacet
  facet normal 1.236926e-01 -9.923206e-01 2.877315e-17
    outer loop
      vertex   -4.541864e+00 5.481215e+01 0.000000e+00
      vertex   -9.052703e+00 5.424987e+01 -4.200000e+01
      vertex   -4.541864e+00 5.481215e+01 -4.200000e+01
    endloop
  endfacet
  facet normal 7.765426e-02 -9.969803e-01 1.806379e-17
    outer loop
      vertex   -4.541864e+00 5.481215e+01 0.000000e+00
      vertex   -4.541864e+00 5.481215e+01 -4.200000e+01
      vertex   -4.000000e+00 5.485435e+01 -3.800000e+01
    endloop
  endfacet
  facet normal 7.559293e-02 -9.971387e-01 2.809111e-04
    outer loop
      vertex   -4.000000e+00 5.485435e+01 -3.800000e+01
      vertex   -4.541864e+00 5.481215e+01 -4.200000e+01
      vertex   -3.924259e+00 5.485988e+01 -3.876913e+01
    endloop
  endfacet
  facet normal 7.215359e-02 -9.973931e-01 9.421239e-04
    outer loop
      vertex   -3.924259e+00 5.485988e+01 -3.876913e+01
      vertex   -4.541864e+00 5.481215e+01 -4.200000e+01
      vertex   -3.695416e+00 5.487571e+01 -3.953098e+01
    endloop
  endfacet
  facet normal 6.805140e-02 -9.976790e-01 2.355832e-03
    outer loop
      vertex   -3.695416e+00 5.487571e+01 -3.953098e+01
      vertex   -4.541864e+00 5.481215e+01 -4.200000e+01
      vertex   -3.318513e+00 5.489977e+01 -4.023134e+01
    endloop
  endfacet
  facet normal 6.303144e-02 -9.979944e-01 5.843662e-03
    outer loop
      vertex   -3.318513e+00 5.489977e+01 -4.023134e+01
      vertex   -4.541864e+00 5.481215e+01 -4.200000e+01
      vertex   -2.828428e+00 5.492723e+01 -4.082843e+01
    endloop
  endfacet
  facet normal 5.742571e-02 -9.982507e-01 1.406726e-02
    outer loop
      vertex   -2.828428e+00 5.492723e+01 -4.082843e+01
      vertex   -4.541864e+00 5.481215e+01 -4.200000e+01
      vertex   -2.231338e+00 5.495467e+01 -4.131851e+01
    endloop
  endfacet
  facet normal 5.188960e-02 -9.981138e-01 3.280832e-02
    outer loop
      vertex   -2.231338e+00 5.495467e+01 -4.131851e+01
      vertex   -4.541864e+00 5.481215e+01 -4.200000e+01
      vertex   -1.530981e+00 5.497869e+01 -4.169542e+01
    endloop
  endfacet
  facet normal 4.638132e-02 -9.952418e-01 8.568880e-02
    outer loop
      vertex   -1.530981e+00 5.497869e+01 -4.169542e+01
      vertex   -4.541864e+00 5.481215e+01 -4.200000e+01
      vertex   -7.691302e-01 5.499449e+01 -4.192426e+01
    endloop
  endfacet
  facet normal 3.904191e-02 -9.439463e-01 3.277820e-01
    outer loop
      vertex   -7.691302e-01 5.499449e+01 -4.192426e+01
      vertex   -4.541864e+00 5.481215e+01 -4.200000e+01
      vertex   0.000000e+00 5.500000e+01 -4.200000e+01
    endloop
  endfacet
  facet normal 2.052153e-01 -9.787168e-01 4.339710e-17
    outer loop
      vertex   -9.052703e+00 5.424987e+01 -4.200000e+01
      vertex   -9.052703e+00 5.424987e+01 0.000000e+00
      vertex   -1.350170e+01 5.331702e+01 -4.200000e+01
    endloop
  endfacet
  facet normal 2.052153e-01 -9.787168e-01 4.339710e-17
    outer loop
      vertex   -1.350170e+01 5.331702e+01 -4.200000e+01
      vertex   -9.052703e+00 5.424987e+01 0.000000e+00
      vertex   -1.350170e+01 5.331702e+01 0.000000e+00
    endloop
  endfacet
  facet normal 2.853362e-01 -9.584275e-01 6.034035e-17
    outer loop
      vertex   -1.350170e+01 5.331702e+01 -4.200000e+01
      vertex   -1.350170e+01 5.331702e+01 0.000000e+00
      vertex   -1.785847e+01 5.201995e+01 -4.200000e+01
    endloop
  endfacet
  facet normal 2.853362e-01 -9.584275e-01 4.827228e-17
    outer loop
      vertex   -1.785847e+01 5.201995e+01 -4.200000e+01
      vertex   -1.350170e+01 5.331702e+01 0.000000e+00
      vertex   -1.785847e+01 5.201995e+01 0.000000e+00
    endloop
  endfacet
  facet normal 3.635080e-01 -9.315911e-01 6.149713e-17
    outer loop
      vertex   -1.785847e+01 5.201995e+01 -4.200000e+01
      vertex   -1.785847e+01 5.201995e+01 0.000000e+00
      vertex   -2.209325e+01 5.036753e+01 -4.200000e+01
    endloop
  endfacet
  facet normal 3.635080e-01 -9.315911e-01 9.224570e-17
    outer loop
      vertex   -2.209325e+01 5.036753e+01 -4.200000e+01
      vertex   -1.785847e+01 5.201995e+01 0.000000e+00
      vertex   -2.209325e+01 5.036753e+01 0.000000e+00
    endloop
  endfacet
  facet normal 4.391966e-01 -8.983910e-01 1.114528e-16
    outer loop
      vertex   -2.209325e+01 5.036753e+01 -4.200000e+01
      vertex   -2.209325e+01 5.036753e+01 0.000000e+00
      vertex   -2.617711e+01 4.837106e+01 -4.200000e+01
    endloop
  endfacet
  facet normal 4.391966e-01 -8.983910e-01 -1.148360e-16
    outer loop
      vertex   -2.617711e+01 4.837106e+01 -4.200000e+01
      vertex   -2.209325e+01 5.036753e+01 0.000000e+00
      vertex   -2.617711e+01 4.837106e+01 0.000000e+00
    endloop
  endfacet
  facet normal 5.118850e-01 -8.590540e-01 -1.020325e-16
    outer loop
      vertex   -2.617711e+01 4.837106e+01 -4.200000e+01
      vertex   -2.617711e+01 4.837106e+01 0.000000e+00
      vertex   -3.008215e+01 4.604416e+01 -4.200000e+01
    endloop
  endfacet
  facet normal 5.118850e-01 -8.590540e-01 2.786616e-17
    outer loop
      vertex   -3.008215e+01 4.604416e+01 -4.200000e+01
      vertex   -2.617711e+01 4.837106e+01 0.000000e+00
      vertex   -3.008215e+01 4.604416e+01 0.000000e+00
    endloop
  endfacet
  facet normal 5.810768e-01 -8.138487e-01 5.892513e-17
    outer loop
      vertex   -3.008215e+01 4.604416e+01 -4.200000e+01
      vertex   -3.008215e+01 4.604416e+01 0.000000e+00
      vertex   -3.378170e+01 4.340273e+01 -4.200000e+01
    endloop
  endfacet
  facet normal 5.810768e-01 -8.138487e-01 1.966095e-16
    outer loop
      vertex   -3.378170e+01 4.340273e+01 -4.200000e+01
      vertex   -3.008215e+01 4.604416e+01 0.000000e+00
      vertex   -3.378170e+01 4.340273e+01 0.000000e+00
    endloop
  endfacet
  facet normal 6.462992e-01 -7.630841e-01 2.186777e-16
    outer loop
      vertex   -3.378170e+01 4.340273e+01 -4.200000e+01
      vertex   -3.378170e+01 4.340273e+01 0.000000e+00
      vertex   -3.725049e+01 4.046482e+01 -4.200000e+01
    endloop
  endfacet
  facet normal 6.462992e-01 -7.630841e-01 -1.975729e-17
    outer loop
      vertex   -3.725049e+01 4.046482e+01 -4.200000e+01
      vertex   -3.378170e+01 4.340273e+01 0.000000e+00
      vertex   -3.725049e+01 4.046482e+01 0.000000e+00
    endloop
  endfacet
  facet normal 7.071068e-01 -7.071068e-01 2.644392e-31
    outer loop
      vertex   -3.725049e+01 4.046482e+01 -4.200000e+01
      vertex   -3.725049e+01 4.046482e+01 0.000000e+00
      vertex   -4.046482e+01 3.725049e+01 -4.200000e+01
    endloop
  endfacet
  facet normal 7.071068e-01 -7.071068e-01 -1.196261e-16
    outer loop
      vertex   -4.046482e+01 3.725049e+01 -4.200000e+01
      vertex   -3.725049e+01 4.046482e+01 0.000000e+00
      vertex   -4.046482e+01 3.725049e+01 0.000000e+00
    endloop
  endfacet
  facet normal 7.630841e-01 -6.462992e-01 -1.093389e-16
    outer loop
      vertex   -4.046482e+01 3.725049e+01 -4.200000e+01
      vertex   -4.046482e+01 3.725049e+01 0.000000e+00
      vertex   -4.340273e+01 3.378170e+01 -4.200000e+01
    endloop
  endfacet
  facet normal 7.630841e-01 -6.462992e-01 -1.093389e-16
    outer loop
      vertex   -4.340273e+01 3.378170e+01 -4.200000e+01
      vertex   -4.046482e+01 3.725049e+01 0.000000e+00
      vertex   -4.340273e+01 3.378170e+01 0.000000e+00
    endloop
  endfacet
  facet normal 8.138487e-01 -5.810768e-01 -9.830474e-17
    outer loop
      vertex   -4.340273e+01 3.378170e+01 -4.200000e+01
      vertex   -4.340273e+01 3.378170e+01 0.000000e+00
      vertex   -4.604416e+01 3.008215e+01 -4.200000e+01
    endloop
  endfacet
  facet normal 8.138487e-01 -5.810768e-01 -9.772755e-18
    outer loop
      vertex   -4.604416e+01 3.008215e+01 -4.200000e+01
      vertex   -4.340273e+01 3.378170e+01 0.000000e+00
      vertex   -4.604416e+01 3.008215e+01 0.000000e+00
    endloop
  endfacet
  facet normal 8.590540e-01 -5.118850e-01 1.543339e-17
    outer loop
      vertex   -4.604416e+01 3.008215e+01 -4.200000e+01
      vertex   -4.604416e+01 3.008215e+01 0.000000e+00
      vertex   -4.837106e+01 2.617711e+01 -4.200000e+01
    endloop
  endfacet
  facet normal 8.590540e-01 -5.118850e-01 2.473645e-16
    outer loop
      vertex   -4.837106e+01 2.617711e+01 -4.200000e+01
      vertex   -4.604416e+01 3.008215e+01 0.000000e+00
      vertex   -4.837106e+01 2.617711e+01 0.000000e+00
    endloop
  endfacet
  facet normal 8.983910e-01 -4.391966e-01 2.668230e-16
    outer loop
      vertex   -4.837106e+01 2.617711e+01 -4.200000e+01
      vertex   -4.837106e+01 2.617711e+01 0.000000e+00
      vertex   -5.036753e+01 2.209325e+01 -4.200000e+01
    endloop
  endfacet
  facet normal 8.983910e-01 -4.391966e-01 -1.114528e-16
    outer loop
      vertex   -5.036753e+01 2.209325e+01 -4.200000e+01
      vertex   -4.837106e+01 2.617711e+01 0.000000e+00
      vertex   -5.036753e+01 2.209325e+01 0.000000e+00
    endloop
  endfacet
  facet normal 9.315911e-01 -3.635080e-01 -9.224570e-17
    outer loop
      vertex   -5.036753e+01 2.209325e+01 -4.200000e+01
      vertex   -5.036753e+01 2.209325e+01 0.000000e+00
      vertex   -5.201995e+01 1.785847e+01 -4.200000e+01
    endloop
  endfacet
  facet normal 9.315911e-01 -3.635080e-01 -6.149713e-17
    outer loop
      vertex   -5.201995e+01 1.785847e+01 -4.200000e+01
      vertex   -5.036753e+01 2.209325e+01 0.000000e+00
      vertex   -5.201995e+01 1.785847e+01 0.000000e+00
    endloop
  endfacet
  facet normal 9.584275e-01 -2.853362e-01 -4.827228e-17
    outer loop
      vertex   -5.201995e+01 1.785847e+01 -4.200000e+01
      vertex   -5.201995e+01 1.785847e+01 0.000000e+00
      vertex   -5.331702e+01 1.350170e+01 -4.200000e+01
    endloop
  endfacet
  facet normal 9.584275e-01 -2.853362e-01 -4.827228e-17
    outer loop
      vertex   -5.331702e+01 1.350170e+01 -4.200000e+01
      vertex   -5.201995e+01 1.785847e+01 0.000000e+00
      vertex   -5.331702e+01 1.350170e+01 0.000000e+00
    endloop
  endfacet
  facet normal 9.787168e-01 -2.052153e-01 -3.471768e-17
    outer loop
      vertex   -5.331702e+01 1.350170e+01 -4.200000e+01
      vertex   -5.331702e+01 1.350170e+01 0.000000e+00
      vertex   -5.424987e+01 9.052703e+00 -4.200000e+01
    endloop
  endfacet
  facet normal 9.787168e-01 -2.052153e-01 -5.207653e-17
    outer loop
      vertex   -5.424987e+01 9.052703e+00 -4.200000e+01
      vertex   -5.331702e+01 1.350170e+01 0.000000e+00
      vertex   -5.424987e+01 9.052703e+00 0.000000e+00
    endloop
  endfacet
  facet normal 9.923206e-01 -1.236926e-01 -3.138889e-17
    outer loop
      vertex   -5.424987e+01 9.052703e+00 -4.200000e+01
      vertex   -5.424987e+01 9.052703e+00 0.000000e+00
      vertex   -5.481215e+01 4.541864e+00 -4.200000e+01
    endloop
  endfacet
  facet normal 9.923206e-01 -1.236926e-01 -2.877315e-17
    outer loop
      vertex   -5.481215e+01 4.541864e+00 -4.200000e+01
      vertex   -5.424987e+01 9.052703e+00 0.000000e+00
      vertex   -5.481215e+01 4.541864e+00 0.000000e+00
    endloop
  endfacet
  facet normal 9.991458e-01 -4.132497e-02 -9.612939e-18
    outer loop
      vertex   -5.481215e+01 4.541864e+00 -4.200000e+01
      vertex   -5.481215e+01 4.541864e+00 0.000000e+00
      vertex   -5.500000e+01 3.367779e-15 -4.200000e+01
    endloop
  endfacet
  facet normal 9.991458e-01 -4.132497e-02 -9.940955e-18
    outer loop
      vertex   -5.500000e+01 3.367779e-15 -4.200000e+01
      vertex   -5.481215e+01 4.541864e+00 0.000000e+00
      vertex   -5.500000e+01 -6.735557e-15 0.000000e+00
    endloop
  endfacet
  facet normal 9.991458e-01 4.132497e-02 9.940955e-18
    outer loop
      vertex   -5.500000e+01 3.367779e-15 -4.200000e+01
      vertex   -5.500000e+01 -6.735557e-15 0.000000e+00
      vertex   -5.481215e+01 -4.541864e+00 -4.200000e+01
    endloop
  endfacet
  facet normal 9.991458e-01 4.132497e-02 1.048684e-17
    outer loop
      vertex   -5.481215e+01 -4.541864e+00 -4.200000e+01
      vertex   -5.500000e+01 -6.735557e-15 0.000000e+00
      vertex   -5.481215e+01 -4.541864e+00 0.000000e+00
    endloop
  endfacet
  facet normal 9.923206e-01 1.236926e-01 3.138889e-17
    outer loop
      vertex   -5.481215e+01 -4.541864e+00 -4.200000e+01
      vertex   -5.481215e+01 -4.541864e+00 0.000000e+00
      vertex   -5.424987e+01 -9.052703e+00 -4.200000e+01
    endloop
  endfacet
  facet normal 9.923206e-01 1.236926e-01 2.615741e-17
    outer loop
      vertex   -5.424987e+01 -9.052703e+00 -4.200000e+01
      vertex   -5.481215e+01 -4.541864e+00 0.000000e+00
      vertex   -5.424987e+01 -9.052703e+00 0.000000e+00
    endloop
  endfacet
  facet normal 9.787168e-01 2.052153e-01 4.339710e-17
    outer loop
      vertex   -5.424987e+01 -9.052703e+00 -4.200000e+01
      vertex   -5.424987e+01 -9.052703e+00 0.000000e+00
      vertex   -5.331702e+01 -1.350170e+01 -4.200000e+01
    endloop
  endfacet
  facet normal 9.787168e-01 2.052153e-01 5.207653e-17
    outer loop
      vertex   -5.331702e+01 -1.350170e+01 -4.200000e+01
      vertex   -5.424987e+01 -9.052703e+00 0.000000e+00
      vertex   -5.331702e+01 -1.350170e+01 0.000000e+00
    endloop
  endfacet
  facet normal 9.584275e-01 2.853362e-01 7.240842e-17
    outer loop
      vertex   -5.331702e+01 -1.350170e+01 -4.200000e+01
      vertex   -5.331702e+01 -1.350170e+01 0.000000e+00
      vertex   -5.201995e+01 -1.785847e+01 -4.200000e+01
    endloop
  endfacet
  facet normal 9.584275e-01 2.853362e-01 4.827228e-17
    outer loop
      vertex   -5.201995e+01 -1.785847e+01 -4.200000e+01
      vertex   -5.331702e+01 -1.350170e+01 0.000000e+00
      vertex   -5.201995e+01 -1.785847e+01 0.000000e+00
    endloop
  endfacet
  facet normal 9.315911e-01 3.635080e-01 6.149713e-17
    outer loop
      vertex   -5.201995e+01 -1.785847e+01 -4.200000e+01
      vertex   -5.201995e+01 -1.785847e+01 0.000000e+00
      vertex   -5.036753e+01 -2.209325e+01 -4.200000e+01
    endloop
  endfacet
  facet normal 9.315911e-01 3.635080e-01 6.149713e-17
    outer loop
      vertex   -5.036753e+01 -2.209325e+01 -4.200000e+01
      vertex   -5.201995e+01 -1.785847e+01 0.000000e+00
      vertex   -5.036753e+01 -2.209325e+01 0.000000e+00
    endloop
  endfacet
  facet normal 8.983910e-01 4.391966e-01 7.430189e-17
    outer loop
      vertex   -5.036753e+01 -2.209325e+01 -4.200000e+01
      vertex   -5.036753e+01 -2.209325e+01 0.000000e+00
      vertex   -4.837106e+01 -2.617711e+01 -4.200000e+01
    endloop
  endfacet
  facet normal 8.983910e-01 4.391966e-01 -7.768506e-17
    outer loop
      vertex   -4.837106e+01 -2.617711e+01 -4.200000e+01
      vertex   -5.036753e+01 -2.209325e+01 0.000000e+00
      vertex   -4.837106e+01 -2.617711e+01 0.000000e+00
    endloop
  endfacet
  facet normal 8.590540e-01 5.118850e-01 -5.873294e-17
    outer loop
      vertex   -4.837106e+01 -2.617711e+01 -4.200000e+01
      vertex   -4.837106e+01 -2.617711e+01 0.000000e+00
      vertex   -4.604416e+01 -3.008215e+01 -4.200000e+01
    endloop
  endfacet
  facet normal 8.590540e-01 5.118850e-01 -5.873294e-17
    outer loop
      vertex   -4.604416e+01 -3.008215e+01 -4.200000e+01
      vertex   -4.837106e+01 -2.617711e+01 0.000000e+00
      vertex   -4.604416e+01 -3.008215e+01 0.000000e+00
    endloop
  endfacet
  facet normal 8.138487e-01 5.810768e-01 -3.937962e-17
    outer loop
      vertex   -4.604416e+01 -3.008215e+01 -4.200000e+01
      vertex   -4.604416e+01 -3.008215e+01 0.000000e+00
      vertex   -4.340273e+01 -3.378170e+01 -4.200000e+01
    endloop
  endfacet
  facet normal 8.138487e-01 5.810768e-01 9.830474e-17
    outer loop
      vertex   -4.340273e+01 -3.378170e+01 -4.200000e+01
      vertex   -4.604416e+01 -3.008215e+01 0.000000e+00
      vertex   -4.340273e+01 -3.378170e+01 0.000000e+00
    endloop
  endfacet
  facet normal 7.630841e-01 6.462992e-01 1.093389e-16
    outer loop
      vertex   -4.340273e+01 -3.378170e+01 -4.200000e+01
      vertex   -4.340273e+01 -3.378170e+01 0.000000e+00
      vertex   -4.046482e+01 -3.725049e+01 -4.200000e+01
    endloop
  endfacet
  facet normal 7.630841e-01 6.462992e-01 8.958158e-17
    outer loop
      vertex   -4.046482e+01 -3.725049e+01 -4.200000e+01
      vertex   -4.340273e+01 -3.378170e+01 0.000000e+00
      vertex   -4.046482e+01 -3.725049e+01 0.000000e+00
    endloop
  endfacet
  facet normal 7.071068e-01 7.071068e-01 1.196261e-16
    outer loop
      vertex   -4.046482e+01 -3.725049e+01 -4.200000e+01
      vertex   -4.046482e+01 -3.725049e+01 0.000000e+00
      vertex   -3.725049e+01 -4.046482e+01 -4.200000e+01
    endloop
  endfacet
  facet normal 7.071068e-01 7.071068e-01 1.196261e-16
    outer loop
      vertex   -3.725049e+01 -4.046482e+01 -4.200000e+01
      vertex   -4.046482e+01 -3.725049e+01 0.000000e+00
      vertex   -3.725049e+01 -4.046482e+01 0.000000e+00
    endloop
  endfacet
  facet normal 6.462992e-01 7.630841e-01 1.290962e-16
    outer loop
      vertex   -3.725049e+01 -4.046482e+01 -4.200000e+01
      vertex   -3.725049e+01 -4.046482e+01 0.000000e+00
      vertex   -3.378170e+01 -4.340273e+01 -4.200000e+01
    endloop
  endfacet
  facet normal 6.462992e-01 7.630841e-01 -1.093389e-16
    outer loop
      vertex   -3.378170e+01 -4.340273e+01 -4.200000e+01
      vertex   -3.725049e+01 -4.046482e+01 0.000000e+00
      vertex   -3.378170e+01 -4.340273e+01 0.000000e+00
    endloop
  endfacet
  facet normal 5.810768e-01 8.138487e-01 -9.830474e-17
    outer loop
      vertex   -3.378170e+01 -4.340273e+01 -4.200000e+01
      vertex   -3.378170e+01 -4.340273e+01 0.000000e+00
      vertex   -3.008215e+01 -4.604416e+01 -4.200000e+01
    endloop
  endfacet
  facet normal 5.810768e-01 8.138487e-01 3.937962e-17
    outer loop
      vertex   -3.008215e+01 -4.604416e+01 -4.200000e+01
      vertex   -3.378170e+01 -4.340273e+01 0.000000e+00
      vertex   -3.008215e+01 -4.604416e+01 0.000000e+00
    endloop
  endfacet
  facet normal 5.118850e-01 8.590540e-01 5.873294e-17
    outer loop
      vertex   -3.008215e+01 -4.604416e+01 -4.200000e+01
      vertex   -3.008215e+01 -4.604416e+01 0.000000e+00
      vertex   -2.617711e+01 -4.837106e+01 -4.200000e+01
    endloop
  endfacet
  facet normal 5.118850e-01 8.590540e-01 1.020325e-16
    outer loop
      vertex   -2.617711e+01 -4.837106e+01 -4.200000e+01
      vertex   -3.008215e+01 -4.604416e+01 0.000000e+00
      vertex   -2.617711e+01 -4.837106e+01 0.000000e+00
    endloop
  endfacet
  facet normal 4.391966e-01 8.983910e-01 1.148360e-16
    outer loop
      vertex   -2.617711e+01 -4.837106e+01 -4.200000e+01
      vertex   -2.617711e+01 -4.837106e+01 0.000000e+00
      vertex   -2.209325e+01 -5.036753e+01 -4.200000e+01
    endloop
  endfacet
  facet normal 4.391966e-01 8.983910e-01 -7.430189e-17
    outer loop
      vertex   -2.209325e+01 -5.036753e+01 -4.200000e+01
      vertex   -2.617711e+01 -4.837106e+01 0.000000e+00
      vertex   -2.209325e+01 -5.036753e+01 0.000000e+00
    endloop
  endfacet
  facet normal 3.635080e-01 9.315911e-01 -6.149713e-17
    outer loop
      vertex   -2.209325e+01 -5.036753e+01 -4.200000e+01
      vertex   -2.209325e+01 -5.036753e+01 0.000000e+00
      vertex   -1.785847e+01 -5.201995e+01 -4.200000e+01
    endloop
  endfacet
  facet normal 3.635080e-01 9.315911e-01 -6.149713e-17
    outer loop
      vertex   -1.785847e+01 -5.201995e+01 -4.200000e+01
      vertex   -2.209325e+01 -5.036753e+01 0.000000e+00
      vertex   -1.785847e+01 -5.201995e+01 0.000000e+00
    endloop
  endfacet
  facet normal 2.853362e-01 9.584275e-01 -4.827228e-17
    outer loop
      vertex   -1.785847e+01 -5.201995e+01 -4.200000e+01
      vertex   -1.785847e+01 -5.201995e+01 0.000000e+00
      vertex   -1.350170e+01 -5.331702e+01 -4.200000e+01
    endloop
  endfacet
  facet normal 2.853362e-01 9.584275e-01 -7.240842e-17
    outer loop
      vertex   -1.350170e+01 -5.331702e+01 -4.200000e+01
      vertex   -1.785847e+01 -5.201995e+01 0.000000e+00
      vertex   -1.350170e+01 -5.331702e+01 0.000000e+00
    endloop
  endfacet
  facet normal 2.052153e-01 9.787168e-01 -5.207653e-17
    outer loop
      vertex   -1.350170e+01 -5.331702e+01 -4.200000e+01
      vertex   -1.350170e+01 -5.331702e+01 0.000000e+00
      vertex   -9.052703e+00 -5.424987e+01 -4.200000e+01
    endloop
  endfacet
  facet normal 2.052153e-01 9.787168e-01 1.134997e-16
    outer loop
      vertex   -9.052703e+00 -5.424987e+01 -4.200000e+01
      vertex   -1.350170e+01 -5.331702e+01 0.000000e+00
      vertex   -9.052703e+00 -5.424987e+01 0.000000e+00
    endloop
  endfacet
  facet normal 1.236926e-01 9.923206e-01 1.364888e-16
    outer loop
      vertex   -9.052703e+00 -5.424987e+01 -4.200000e+01
      vertex   -9.052703e+00 -5.424987e+01 0.000000e+00
      vertex   -4.541864e+00 -5.481215e+01 -4.200000e+01
    endloop
  endfacet
  facet normal 1.236926e-01 9.923206e-01 -2.877315e-17
    outer loop
      vertex   -4.541864e+00 -5.481215e+01 -4.200000e+01
      vertex   -9.052703e+00 -5.424987e+01 0.000000e+00
      vertex   -4.541864e+00 -5.481215e+01 0.000000e+00
    endloop
  endfacet
  facet normal 4.132497e-02 9.991458e-01 -9.612939e-18
    outer loop
      vertex   -4.541864e+00 -5.481215e+01 -4.200000e+01
      vertex   -4.541864e+00 -5.481215e+01 0.000000e+00
      vertex   -6.735557e-15 -5.500000e+01 -4.200000e+01
    endloop
  endfacet
  facet normal 4.132497e-02 9.991458e-01 -9.940955e-18
    outer loop
      vertex   -6.735557e-15 -5.500000e+01 -4.200000e+01
      vertex   -4.541864e+00 -5.481215e+01 0.000000e+00
      vertex   3.367779e-15 -5.500000e+01 0.000000e+00
    endloop
  endfacet
  facet normal -4.132497e-02 9.991458e-01 9.940955e-18
    outer loop
      vertex   -6.735557e-15 -5.500000e+01 -4.200000e+01
      vertex   3.367779e-15 -5.500000e+01 0.000000e+00
      vertex   4.541864e+00 -5.481215e+01 -4.200000e+01
    endloop
  endfacet
  facet normal -4.132497e-02 9.991458e-01 9.612939e-18
    outer loop
      vertex   4.541864e+00 -5.481215e+01 -4.200000e+01
      vertex   3.367779e-15 -5.500000e+01 0.000000e+00
      vertex   4.541864e+00 -5.481215e+01 0.000000e+00
    endloop
  endfacet
  facet normal -1.236926e-01 9.923206e-01 2.877315e-17
    outer loop
      vertex   4.541864e+00 -5.481215e+01 -4.200000e+01
      vertex   4.541864e+00 -5.481215e+01 0.000000e+00
      vertex   9.052703e+00 -5.424987e+01 -4.200000e+01
    endloop
  endfacet
  facet normal -1.236926e-01 9.923206e-01 -1.364888e-16
    outer loop
      vertex   9.052703e+00 -5.424987e+01 -4.200000e+01
      vertex   4.541864e+00 -5.481215e+01 0.000000e+00
      vertex   9.052703e+00 -5.424987e+01 0.000000e+00
    endloop
  endfacet
  facet normal -2.052153e-01 9.787168e-01 -1.134997e-16
    outer loop
      vertex   9.052703e+00 -5.424987e+01 -4.200000e+01
      vertex   9.052703e+00 -5.424987e+01 0.000000e+00
      vertex   1.350170e+01 -5.331702e+01 -4.200000e+01
    endloop
  endfacet
  facet normal -2.052153e-01 9.787168e-01 5.207653e-17
    outer loop
      vertex   1.350170e+01 -5.331702e+01 -4.200000e+01
      vertex   9.052703e+00 -5.424987e+01 0.000000e+00
      vertex   1.350170e+01 -5.331702e+01 0.000000e+00
    endloop
  endfacet
  facet normal -2.853362e-01 9.584275e-01 7.240842e-17
    outer loop
      vertex   1.350170e+01 -5.331702e+01 -4.200000e+01
      vertex   1.350170e+01 -5.331702e+01 0.000000e+00
      vertex   1.785847e+01 -5.201995e+01 -4.200000e+01
    endloop
  endfacet
  facet normal -2.853362e-01 9.584275e-01 4.827228e-17
    outer loop
      vertex   1.785847e+01 -5.201995e+01 -4.200000e+01
      vertex   1.350170e+01 -5.331702e+01 0.000000e+00
      vertex   1.785847e+01 -5.201995e+01 0.000000e+00
    endloop
  endfacet
  facet normal -3.635080e-01 9.315911e-01 6.149713e-17
    outer loop
      vertex   1.785847e+01 -5.201995e+01 -4.200000e+01
      vertex   1.785847e+01 -5.201995e+01 0.000000e+00
      vertex   2.209325e+01 -5.036753e+01 -4.200000e+01
    endloop
  endfacet
  facet normal -3.635080e-01 9.315911e-01 9.224570e-17
    outer loop
      vertex   2.209325e+01 -5.036753e+01 -4.200000e+01
      vertex   1.785847e+01 -5.201995e+01 0.000000e+00
      vertex   2.209325e+01 -5.036753e+01 0.000000e+00
    endloop
  endfacet
  facet normal -4.391966e-01 8.983910e-01 1.114528e-16
    outer loop
      vertex   2.209325e+01 -5.036753e+01 -4.200000e+01
      vertex   2.209325e+01 -5.036753e+01 0.000000e+00
      vertex   2.617711e+01 -4.837106e+01 -4.200000e+01
    endloop
  endfacet
  facet normal -4.391966e-01 8.983910e-01 1.114528e-16
    outer loop
      vertex   2.617711e+01 -4.837106e+01 -4.200000e+01
      vertex   2.209325e+01 -5.036753e+01 0.000000e+00
      vertex   2.617711e+01 -4.837106e+01 0.000000e+00
    endloop
  endfacet
  facet normal -5.118850e-01 8.590540e-01 1.298986e-16
    outer loop
      vertex   2.617711e+01 -4.837106e+01 -4.200000e+01
      vertex   2.617711e+01 -4.837106e+01 0.000000e+00
      vertex   3.008215e+01 -4.604416e+01 -4.200000e+01
    endloop
  endfacet
  facet normal -5.118850e-01 8.590540e-01 -1.543339e-17
    outer loop
      vertex   3.008215e+01 -4.604416e+01 -4.200000e+01
      vertex   2.617711e+01 -4.837106e+01 0.000000e+00
      vertex   3.008215e+01 -4.604416e+01 0.000000e+00
    endloop
  endfacet
  facet normal -5.810768e-01 8.138487e-01 9.772755e-18
    outer loop
      vertex   3.008215e+01 -4.604416e+01 -4.200000e+01
      vertex   3.008215e+01 -4.604416e+01 0.000000e+00
      vertex   3.378170e+01 -4.340273e+01 -4.200000e+01
    endloop
  endfacet
  facet normal -5.810768e-01 8.138487e-01 9.830474e-17
    outer loop
      vertex   3.378170e+01 -4.340273e+01 -4.200000e+01
      vertex   3.008215e+01 -4.604416e+01 0.000000e+00
      vertex   3.378170e+01 -4.340273e+01 0.000000e+00
    endloop
  endfacet
  facet normal -6.462992e-01 7.630841e-01 1.093389e-16
    outer loop
      vertex   3.378170e+01 -4.340273e+01 -4.200000e+01
      vertex   3.378170e+01 -4.340273e+01 0.000000e+00
      vertex   3.725049e+01 -4.046482e+01 -4.200000e+01
    endloop
  endfacet
  facet normal -6.462992e-01 7.630841e-01 8.958158e-17
    outer loop
      vertex   3.725049e+01 -4.046482e+01 -4.200000e+01
      vertex   3.378170e+01 -4.340273e+01 0.000000e+00
      vertex   3.725049e+01 -4.046482e+01 0.000000e+00
    endloop
  endfacet
  facet normal -7.071068e-01 7.071068e-01 1.196261e-16
    outer loop
      vertex   3.725049e+01 -4.046482e+01 -4.200000e+01
      vertex   3.725049e+01 -4.046482e+01 0.000000e+00
      vertex   4.046482e+01 -3.725049e+01 -4.200000e+01
    endloop
  endfacet
  facet normal -7.071068e-01 7.071068e-01 0.000000e+00
    outer loop
      vertex   4.046482e+01 -3.725049e+01 -4.200000e+01
      vertex   3.725049e+01 -4.046482e+01 0.000000e+00
      vertex   4.046482e+01 -3.725049e+01 0.000000e+00
    endloop
  endfacet
  facet normal -7.630841e-01 6.462992e-01 0.000000e+00
    outer loop
      vertex   4.046482e+01 -3.725049e+01 -4.200000e+01
      vertex   4.046482e+01 -3.725049e+01 0.000000e+00
      vertex   4.340273e+01 -3.378170e+01 -4.200000e+01
    endloop
  endfacet
  facet normal -7.630841e-01 6.462992e-01 -2.186777e-16
    outer loop
      vertex   4.340273e+01 -3.378170e+01 -4.200000e+01
      vertex   4.046482e+01 -3.725049e+01 0.000000e+00
      vertex   4.340273e+01 -3.378170e+01 0.000000e+00
    endloop
  endfacet
  facet normal -8.138487e-01 5.810768e-01 -1.966095e-16
    outer loop
      vertex   4.340273e+01 -3.378170e+01 -4.200000e+01
      vertex   4.340273e+01 -3.378170e+01 0.000000e+00
      vertex   4.604416e+01 -3.008215e+01 -4.200000e+01
    endloop
  endfacet
  facet normal -8.138487e-01 5.810768e-01 -5.892513e-17
    outer loop
      vertex   4.604416e+01 -3.008215e+01 -4.200000e+01
      vertex   4.340273e+01 -3.378170e+01 0.000000e+00
      vertex   4.604416e+01 -3.008215e+01 0.000000e+00
    endloop
  endfacet
  facet normal -8.590540e-01 5.118850e-01 -2.786616e-17
    outer loop
      vertex   4.604416e+01 -3.008215e+01 -4.200000e+01
      vertex   4.604416e+01 -3.008215e+01 0.000000e+00
      vertex   4.837106e+01 -2.617711e+01 -4.200000e+01
    endloop
  endfacet
  facet normal -8.590540e-01 5.118850e-01 7.116571e-17
    outer loop
      vertex   4.837106e+01 -2.617711e+01 -4.200000e+01
      vertex   4.604416e+01 -3.008215e+01 0.000000e+00
      vertex   4.837106e+01 -2.617711e+01 0.000000e+00
    endloop
  endfacet
  facet normal -8.983910e-01 4.391966e-01 3.376778e-17
    outer loop
      vertex   4.837106e+01 -2.617711e+01 -4.200000e+01
      vertex   4.837106e+01 -2.617711e+01 0.000000e+00
      vertex   5.036753e+01 -2.209325e+01 -4.200000e+01
    endloop
  endfacet
  facet normal -8.983910e-01 4.391966e-01 -1.823716e-16
    outer loop
      vertex   5.036753e+01 -2.209325e+01 -4.200000e+01
      vertex   4.837106e+01 -2.617711e+01 0.000000e+00
      vertex   5.036753e+01 -2.209325e+01 0.000000e+00
    endloop
  endfacet
  facet normal -9.315911e-01 3.635080e-01 -1.191334e-16
    outer loop
      vertex   5.036753e+01 -2.209325e+01 -4.200000e+01
      vertex   5.036753e+01 -2.209325e+01 0.000000e+00
      vertex   5.201995e+01 -1.785847e+01 -4.200000e+01
    endloop
  endfacet
  facet normal -9.315911e-01 3.635080e-01 -6.149713e-17
    outer loop
      vertex   5.201995e+01 -1.785847e+01 -4.200000e+01
      vertex   5.036753e+01 -2.209325e+01 0.000000e+00
      vertex   5.201995e+01 -1.785847e+01 0.000000e+00
    endloop
  endfacet
  facet normal -9.584275e-01 2.853362e-01 -4.827228e-17
    outer loop
      vertex   5.201995e+01 -1.785847e+01 -4.200000e+01
      vertex   5.201995e+01 -1.785847e+01 0.000000e+00
      vertex   5.331702e+01 -1.350170e+01 -4.200000e+01
    endloop
  endfacet
  facet normal -9.584275e-01 2.853362e-01 2.413614e-17
    outer loop
      vertex   5.331702e+01 -1.350170e+01 -4.200000e+01
      vertex   5.201995e+01 -1.785847e+01 0.000000e+00
      vertex   5.331702e+01 -1.350170e+01 0.000000e+00
    endloop
  endfacet
  facet normal -9.787168e-01 2.052153e-01 1.735884e-17
    outer loop
      vertex   5.331702e+01 -1.350170e+01 -4.200000e+01
      vertex   5.331702e+01 -1.350170e+01 0.000000e+00
      vertex   5.424987e+01 -9.052703e+00 -4.200000e+01
    endloop
  endfacet
  facet normal -9.787168e-01 2.052153e-01 -1.649090e-16
    outer loop
      vertex   5.424987e+01 -9.052703e+00 -4.200000e+01
      vertex   5.331702e+01 -1.350170e+01 0.000000e+00
      vertex   5.424987e+01 -9.052703e+00 0.000000e+00
    endloop
  endfacet
  facet normal -9.923206e-01 1.236926e-01 -9.939816e-17
    outer loop
      vertex   5.424987e+01 -9.052703e+00 -4.200000e+01
      vertex   5.424987e+01 -9.052703e+00 0.000000e+00
      vertex   5.481215e+01 -4.541864e+00 -4.200000e+01
    endloop
  endfacet
  facet normal -9.923206e-01 1.236926e-01 -6.539353e-17
    outer loop
      vertex   5.481215e+01 -4.541864e+00 -4.200000e+01
      vertex   5.424987e+01 -9.052703e+00 0.000000e+00
      vertex   5.481215e+01 -4.541864e+00 0.000000e+00
    endloop
  endfacet
  facet normal -9.991458e-01 4.132497e-02 -2.184759e-17
    outer loop
      vertex   5.481215e+01 -4.541864e+00 -4.200000e+01
      vertex   5.481215e+01 -4.541864e+00 0.000000e+00
      vertex   5.500000e+01 -1.010334e-14 -4.200000e+01
    endloop
  endfacet
  facet normal -9.991458e-01 4.132497e-02 -9.940955e-18
    outer loop
      vertex   5.500000e+01 -1.010334e-14 -4.200000e+01
      vertex   5.481215e+01 -4.541864e+00 0.000000e+00
      vertex   5.500000e+01 0.000000e+00 0.000000e+00
    endloop
  endfacet
  facet normal -9.991458e-01 -4.132497e-02 9.940955e-18
    outer loop
      vertex   5.500000e+01 -1.010334e-14 -4.200000e+01
      vertex   5.500000e+01 0.000000e+00 0.000000e+00
      vertex   5.481215e+01 4.541864e+00 -4.200000e+01
    endloop
  endfacet
  facet normal -9.991458e-01 -4.132497e-02 -8.739036e-19
    outer loop
      vertex   5.481215e+01 4.541864e+00 -4.200000e+01
      vertex   5.500000e+01 0.000000e+00 0.000000e+00
      vertex   5.481215e+01 4.541864e+00 0.000000e+00
    endloop
  endfacet
  facet normal -9.923206e-01 -1.236926e-01 -2.615741e-18
    outer loop
      vertex   5.481215e+01 4.541864e+00 -4.200000e+01
      vertex   5.481215e+01 4.541864e+00 0.000000e+00
      vertex   5.424987e+01 9.052703e+00 -4.200000e+01
    endloop
  endfacet
  facet normal -9.923206e-01 -1.236926e-01 -4.185186e-17
    outer loop
      vertex   5.424987e+01 9.052703e+00 -4.200000e+01
      vertex   5.481215e+01 4.541864e+00 0.000000e+00
      vertex   5.424987e+01 9.052703e+00 0.000000e+00
    endloop
  endfacet
  facet normal -9.787168e-01 -2.052153e-01 -6.943537e-17
    outer loop
      vertex   5.424987e+01 9.052703e+00 -4.200000e+01
      vertex   5.424987e+01 9.052703e+00 0.000000e+00
      vertex   5.331702e+01 1.350170e+01 -4.200000e+01
    endloop
  endfacet
  facet normal -9.787168e-01 -2.052153e-01 1.041531e-16
    outer loop
      vertex   5.331702e+01 1.350170e+01 -4.200000e+01
      vertex   5.424987e+01 9.052703e+00 0.000000e+00
      vertex   5.331702e+01 1.350170e+01 0.000000e+00
    endloop
  endfacet
  facet normal -9.584275e-01 -2.853362e-01 1.448168e-16
    outer loop
      vertex   5.331702e+01 1.350170e+01 -4.200000e+01
      vertex   5.331702e+01 1.350170e+01 0.000000e+00
      vertex   5.201995e+01 1.785847e+01 -4.200000e+01
    endloop
  endfacet
  facet normal -9.584275e-01 -2.853362e-01 7.240842e-17
    outer loop
      vertex   5.201995e+01 1.785847e+01 -4.200000e+01
      vertex   5.331702e+01 1.350170e+01 0.000000e+00
      vertex   5.201995e+01 1.785847e+01 0.000000e+00
    endloop
  endfacet
  facet normal -9.315911e-01 -3.635080e-01 9.224570e-17
    outer loop
      vertex   5.201995e+01 1.785847e+01 -4.200000e+01
      vertex   5.201995e+01 1.785847e+01 0.000000e+00
      vertex   5.036753e+01 2.209325e+01 -4.200000e+01
    endloop
  endfacet
  facet normal -9.315911e-01 -3.635080e-01 -3.074857e-17
    outer loop
      vertex   5.036753e+01 2.209325e+01 -4.200000e+01
      vertex   5.201995e+01 1.785847e+01 0.000000e+00
      vertex   5.036753e+01 2.209325e+01 0.000000e+00
    endloop
  endfacet
  facet normal -8.983910e-01 -4.391966e-01 -3.715095e-17
    outer loop
      vertex   5.036753e+01 2.209325e+01 -4.200000e+01
      vertex   5.036753e+01 2.209325e+01 0.000000e+00
      vertex   4.837106e+01 2.617711e+01 -4.200000e+01
    endloop
  endfacet
  facet normal -8.983910e-01 -4.391966e-01 -1.216023e-16
    outer loop
      vertex   4.837106e+01 2.617711e+01 -4.200000e+01
      vertex   5.036753e+01 2.209325e+01 0.000000e+00
      vertex   4.837106e+01 2.617711e+01 0.000000e+00
    endloop
  endfacet
  facet normal -8.590540e-01 -5.118850e-01 -4.630017e-17
    outer loop
      vertex   4.837106e+01 2.617711e+01 -4.200000e+01
      vertex   4.837106e+01 2.617711e+01 0.000000e+00
      vertex   4.604416e+01 3.008215e+01 -4.200000e+01
    endloop
  endfacet
  facet normal -8.590540e-01 -5.118850e-01 -7.416633e-17
    outer loop
      vertex   4.604416e+01 3.008215e+01 -4.200000e+01
      vertex   4.837106e+01 2.617711e+01 0.000000e+00
      vertex   4.604416e+01 3.008215e+01 0.000000e+00
    endloop
  endfacet
  facet normal -8.138487e-01 -5.810768e-01 -2.960686e-17
    outer loop
      vertex   4.604416e+01 3.008215e+01 -4.200000e+01
      vertex   4.604416e+01 3.008215e+01 0.000000e+00
      vertex   4.340273e+01 3.378170e+01 -4.200000e+01
    endloop
  endfacet
  facet normal -8.138487e-01 -5.810768e-01 -1.376844e-16
    outer loop
      vertex   4.340273e+01 3.378170e+01 -4.200000e+01
      vertex   4.604416e+01 3.008215e+01 0.000000e+00
      vertex   4.340273e+01 3.378170e+01 0.000000e+00
    endloop
  endfacet
  facet normal -7.630841e-01 -6.462992e-01 -1.290962e-16
    outer loop
      vertex   4.340273e+01 3.378170e+01 -4.200000e+01
      vertex   4.340273e+01 3.378170e+01 0.000000e+00
      vertex   4.046482e+01 3.725049e+01 -4.200000e+01
    endloop
  endfacet
  facet normal -7.630841e-01 -6.462992e-01 -1.093389e-16
    outer loop
      vertex   4.046482e+01 3.725049e+01 -4.200000e+01
      vertex   4.340273e+01 3.378170e+01 0.000000e+00
      vertex   4.046482e+01 3.725049e+01 0.000000e+00
    endloop
  endfacet
  facet normal -7.071068e-01 -7.071068e-01 -1.196261e-16
    outer loop
      vertex   4.046482e+01 3.725049e+01 -4.200000e+01
      vertex   4.046482e+01 3.725049e+01 0.000000e+00
      vertex   3.725049e+01 4.046482e+01 -4.200000e+01
    endloop
  endfacet
  facet normal -7.071068e-01 -7.071068e-01 -1.196261e-16
    outer loop
      vertex   3.725049e+01 4.046482e+01 -4.200000e+01
      vertex   4.046482e+01 3.725049e+01 0.000000e+00
      vertex   3.725049e+01 4.046482e+01 0.000000e+00
    endloop
  endfacet
  facet normal -6.462992e-01 -7.630841e-01 -6.982429e-17
    outer loop
      vertex   3.725049e+01 4.046482e+01 -4.200000e+01
      vertex   3.725049e+01 4.046482e+01 0.000000e+00
      vertex   3.378170e+01 4.340273e+01 -4.200000e+01
    endloop
  endfacet
  facet normal -6.462992e-01 -7.630841e-01 -2.186777e-16
    outer loop
      vertex   3.378170e+01 4.340273e+01 -4.200000e+01
      vertex   3.725049e+01 4.046482e+01 0.000000e+00
      vertex   3.378170e+01 4.340273e+01 0.000000e+00
    endloop
  endfacet
  facet normal -5.810768e-01 -8.138487e-01 -1.966095e-16
    outer loop
      vertex   3.378170e+01 4.340273e+01 -4.200000e+01
      vertex   3.378170e+01 4.340273e+01 0.000000e+00
      vertex   3.008215e+01 4.604416e+01 -4.200000e+01
    endloop
  endfacet
  facet normal -5.810768e-01 -8.138487e-01 0.000000e+00
    outer loop
      vertex   3.008215e+01 4.604416e+01 -4.200000e+01
      vertex   3.378170e+01 4.340273e+01 0.000000e+00
      vertex   3.008215e+01 4.604416e+01 0.000000e+00
    endloop
  endfacet
  facet normal -5.118850e-01 -8.590540e-01 0.000000e+00
    outer loop
      vertex   3.008215e+01 4.604416e+01 -4.200000e+01
      vertex   3.008215e+01 4.604416e+01 0.000000e+00
      vertex   2.617711e+01 4.837106e+01 -4.200000e+01
    endloop
  endfacet
  facet normal -5.118850e-01 -8.590540e-01 2.786616e-17
    outer loop
      vertex   2.617711e+01 4.837106e+01 -4.200000e+01
      vertex   3.008215e+01 4.604416e+01 0.000000e+00
      vertex   2.617711e+01 4.837106e+01 0.000000e+00
    endloop
  endfacet
  facet normal -4.391966e-01 -8.983910e-01 -3.383165e-18
    outer loop
      vertex   2.617711e+01 4.837106e+01 -4.200000e+01
      vertex   2.617711e+01 4.837106e+01 0.000000e+00
      vertex   2.209325e+01 5.036753e+01 -4.200000e+01
    endloop
  endfacet
  facet normal -4.391966e-01 -8.983910e-01 -2.229057e-16
    outer loop
      vertex   2.209325e+01 5.036753e+01 -4.200000e+01
      vertex   2.617711e+01 4.837106e+01 0.000000e+00
      vertex   2.209325e+01 5.036753e+01 0.000000e+00
    endloop
  endfacet
  facet normal -3.635080e-01 -9.315911e-01 -1.844914e-16
    outer loop
      vertex   2.209325e+01 5.036753e+01 -4.200000e+01
      vertex   2.209325e+01 5.036753e+01 0.000000e+00
      vertex   1.785847e+01 5.201995e+01 -4.200000e+01
    endloop
  endfacet
  facet normal -3.635080e-01 -9.315911e-01 -9.224570e-17
    outer loop
      vertex   1.785847e+01 5.201995e+01 -4.200000e+01
      vertex   2.209325e+01 5.036753e+01 0.000000e+00
      vertex   1.785847e+01 5.201995e+01 0.000000e+00
    endloop
  endfacet
  facet normal -2.853362e-01 -9.584275e-01 -7.240842e-17
    outer loop
      vertex   1.785847e+01 5.201995e+01 -4.200000e+01
      vertex   1.785847e+01 5.201995e+01 0.000000e+00
      vertex   1.350170e+01 5.331702e+01 -4.200000e+01
    endloop
  endfacet
  facet normal -2.853362e-01 -9.584275e-01 1.206807e-17
    outer loop
      vertex   1.350170e+01 5.331702e+01 -4.200000e+01
      vertex   1.785847e+01 5.201995e+01 0.000000e+00
      vertex   1.350170e+01 5.331702e+01 0.000000e+00
    endloop
  endfacet
  facet normal -2.052153e-01 -9.787168e-01 8.679421e-18
    outer loop
      vertex   1.350170e+01 5.331702e+01 -4.200000e+01
      vertex   1.350170e+01 5.331702e+01 0.000000e+00
      vertex   9.052703e+00 5.424987e+01 -4.200000e+01
    endloop
  endfacet
  facet normal -2.052153e-01 -9.787168e-01 -9.614086e-17
    outer loop
      vertex   9.052703e+00 5.424987e+01 -4.200000e+01
      vertex   1.350170e+01 5.331702e+01 0.000000e+00
      vertex   9.052703e+00 5.424987e+01 0.000000e+00
    endloop
  endfacet
  facet normal -1.236926e-01 -9.923206e-01 -1.260258e-16
    outer loop
      vertex   9.052703e+00 5.424987e+01 -4.200000e+01
      vertex   9.052703e+00 5.424987e+01 0.000000e+00
      vertex   4.541864e+00 5.481215e+01 -4.200000e+01
    endloop
  endfacet
  facet normal -1.236926e-01 -9.923206e-01 -6.539353e-17
    outer loop
      vertex   4.541864e+00 5.481215e+01 -4.200000e+01
      vertex   9.052703e+00 5.424987e+01 0.000000e+00
      vertex   4.541864e+00 5.481215e+01 0.000000e+00
    endloop
  endfacet
  facet normal -7.765426e-02 -9.969803e-01 -4.105407e-17
    outer loop
      vertex   4.541864e+00 5.481215e+01 -4.200000e+01
      vertex   4.541864e+00 5.481215e+01 0.000000e+00
      vertex   4.000000e+00 5.485435e+01 -3.800000e+01
    endloop
  endfacet
  facet normal -7.337565e-02 -9.973044e-01 -6.137103e-05
    outer loop
      vertex   4.000000e+00 5.485435e+01 -3.800000e+01
      vertex   4.541864e+00 5.481215e+01 0.000000e+00
      vertex   3.924259e+00 5.485988e+01 -3.723087e+01
    endloop
  endfacet
  facet normal -6.945259e-02 -9.975852e-01 -1.268089e-04
    outer loop
      vertex   3.924259e+00 5.485988e+01 -3.723087e+01
      vertex   4.541864e+00 5.481215e+01 0.000000e+00
      vertex   3.695416e+00 5.487571e+01 -3.646902e+01
    endloop
  endfacet
  facet normal -6.415570e-02 -9.979399e-01 -2.503680e-04
    outer loop
      vertex   3.695416e+00 5.487571e+01 -3.646902e+01
      vertex   4.541864e+00 5.481215e+01 0.000000e+00
      vertex   3.318513e+00 5.489977e+01 -3.576866e+01
    endloop
  endfacet
  facet normal -5.655757e-02 -9.983992e-01 -5.113628e-04
    outer loop
      vertex   3.318513e+00 5.489977e+01 -3.576866e+01
      vertex   4.541864e+00 5.481215e+01 0.000000e+00
      vertex   2.828428e+00 5.492723e+01 -3.517157e+01
    endloop
  endfacet
  facet normal -4.672392e-02 -9.989073e-01 -9.920861e-04
    outer loop
      vertex   2.828428e+00 5.492723e+01 -3.517157e+01
      vertex   4.541864e+00 5.481215e+01 0.000000e+00
      vertex   2.231338e+00 5.495467e+01 -3.468149e+01
    endloop
  endfacet
  facet normal -4.132494e-02 -9.991448e-01 -1.352749e-03
    outer loop
      vertex   2.231338e+00 5.495467e+01 -3.468149e+01
      vertex   4.541864e+00 5.481215e+01 0.000000e+00
      vertex   0.000000e+00 5.500000e+01 0.000000e+00
    endloop
  endfacet
  facet normal -3.477856e-02 -9.993946e-01 -9.312424e-04
    outer loop
      vertex   2.231338e+00 5.495467e+01 -3.468149e+01
      vertex   0.000000e+00 5.500000e+01 0.000000e+00
      vertex   1.530981e+00 5.497869e+01 -3.430458e+01
    endloop
  endfacet
  facet normal -2.082917e-02 -9.997830e-01 -3.084529e-04
    outer loop
      vertex   1.530981e+00 5.497869e+01 -3.430458e+01
      vertex   0.000000e+00 5.500000e+01 0.000000e+00
      vertex   7.691302e-01 5.499449e+01 -3.407574e+01
    endloop
  endfacet
  facet normal -7.164760e-03 -9.999743e-01 -4.183169e-16
    outer loop
      vertex   7.691302e-01 5.499449e+01 -3.407574e+01
      vertex   0.000000e+00 5.500000e+01 0.000000e+00
      vertex   1.688464e-15 5.500000e+01 -3.400000e+01
    endloop
  endfacet
  facet normal 7.164760e-03 -9.999743e-01 -4.175998e-16
    outer loop
      vertex   1.688464e-15 5.500000e+01 -3.400000e+01
      vertex   0.000000e+00 5.500000e+01 0.000000e+00
      vertex   -7.691302e-01 5.499449e+01 -3.407574e+01
    endloop
  endfacet
  facet normal -3.904191e-02 -9.439463e-01 3.277820e-01
    outer loop
      vertex   0.000000e+00 5.500000e+01 -4.200000e+01
      vertex   4.541864e+00 5.481215e+01 -4.200000e+01
      vertex   7.691302e-01 5.499449e+01 -4.192426e+01
    endloop
  endfacet
  facet normal -4.638132e-02 -9.952418e-01 8.568880e-02
    outer loop
      vertex   7.691302e-01 5.499449e+01 -4.192426e+01
      vertex   4.541864e+00 5.481215e+01 -4.200000e+01
      vertex   1.530981e+00 5.497869e+01 -4.169542e+01
    endloop
  endfacet
  facet normal -5.188960e-02 -9.981138e-01 3.280832e-02
    outer loop
      vertex   1.530981e+00 5.497869e+01 -4.169542e+01
      vertex   4.541864e+00 5.481215e+01 -4.200000e+01
      vertex   2.231338e+00 5.495467e+01 -4.131851e+01
    endloop
  endfacet
  facet normal -5.742571e-02 -9.982507e-01 1.406726e-02
    outer loop
      vertex   2.231338e+00 5.495467e+01 -4.131851e+01
      vertex   4.541864e+00 5.481215e+01 -4.200000e+01
      vertex   2.828428e+00 5.492723e+01 -4.082843e+01
    endloop
  endfacet
  facet normal -6.303144e-02 -9.979944e-01 5.843662e-03
    outer loop
      vertex   2.828428e+00 5.492723e+01 -4.082843e+01
      vertex   4.541864e+00 5.481215e+01 -4.200000e+01
      vertex   3.318513e+00 5.489977e+01 -4.023134e+01
    endloop
  endfacet
  facet normal -6.805140e-02 -9.976790e-01 2.355832e-03
    outer loop
      vertex   3.318513e+00 5.489977e+01 -4.023134e+01
      vertex   4.541864e+00 5.481215e+01 -4.200000e+01
      vertex   3.695416e+00 5.487571e+01 -3.953098e+01
    endloop
  endfacet
  facet normal -7.215359e-02 -9.973931e-01 9.421239e-04
    outer loop
      vertex   3.695416e+00 5.487571e+01 -3.953098e+01
      vertex   4.541864e+00 5.481215e+01 -4.200000e+01
      vertex   3.924259e+00 5.485988e+01 -3.876913e+01
    endloop
  endfacet
  facet normal -7.559293e-02 -9.971387e-01 2.809111e-04
    outer loop
      vertex   3.924259e+00 5.485988e+01 -3.876913e+01
      vertex   4.541864e+00 5.481215e+01 -4.200000e+01
      vertex   4.000000e+00 5.485435e+01 -3.800000e+01
    endloop
  endfacet
  facet normal 7.337565e-02 -9.973044e-01 -6.137103e-05
    outer loop
      vertex   -4.000000e+00 5.485435e+01 -3.800000e+01
      vertex   -3.924259e+00 5.485988e+01 -3.723087e+01
      vertex   -4.541864e+00 5.481215e+01 0.000000e+00
    endloop
  endfacet
  facet normal 6.945259e-02 -9.975852e-01 -1.268089e-04
    outer loop
      vertex   -4.541864e+00 5.481215e+01 0.000000e+00
      vertex   -3.924259e+00 5.485988e+01 -3.723087e+01
      vertex   -3.695416e+00 5.487571e+01 -3.646902e+01
    endloop
  endfacet
  facet normal 6.415570e-02 -9.979399e-01 -2.503680e-04
    outer loop
      vertex   -4.541864e+00 5.481215e+01 0.000000e+00
      vertex   -3.695416e+00 5.487571e+01 -3.646902e+01
      vertex   -3.318513e+00 5.489977e+01 -3.576866e+01
    endloop
  endfacet
  facet normal 5.655757e-02 -9.983992e-01 -5.113628e-04
    outer loop
      vertex   -3.318513e+00 5.489977e+01 -3.576866e+01
      vertex   -2.828428e+00 5.492723e+01 -3.517157e+01
      vertex   -4.541864e+00 5.481215e+01 0.000000e+00
    endloop
  endfacet
  facet normal 4.672392e-02 -9.989073e-01 -9.920861e-04
    outer loop
      vertex   -4.541864e+00 5.481215e+01 0.000000e+00
      vertex   -2.828428e+00 5.492723e+01 -3.517157e+01
      vertex   -2.231338e+00 5.495467e+01 -3.468149e+01
    endloop
  endfacet
  facet normal 1.000000e+00 0.000000e+00 0.000000e+00
    outer loop
      vertex   -3.000000e+00 1.049571e+02 -4.500000e+01
      vertex   -3.000000e+00 1.016224e+02 -4.200000e+01
      vertex   -3.000000e+00 8.994999e+01 -4.500000e+01
    endloop
  endfacet
  facet normal 1.000000e+00 0.000000e+00 -0.000000e+00
    outer loop
      vertex   -3.000000e+00 8.994999e+01 -4.500000e+01
      vertex   -3.000000e+00 1.016224e+02 -4.200000e+01
      vertex   -3.000000e+00 8.661473e+01 -4.200000e+01
    endloop
  endfacet
  facet normal -1.000000e+00 0.000000e+00 0.000000e+00
    outer loop
      vertex   3.000000e+00 1.049571e+02 -4.500000e+01
      vertex   3.000000e+00 8.994999e+01 -4.500000e+01
      vertex   3.000000e+00 1.016224e+02 -4.200000e+01
    endloop
  endfacet
  facet normal -1.000000e+00 -0.000000e+00 0.000000e+00
    outer loop
      vertex   3.000000e+00 1.016224e+02 -4.200000e+01
      vertex   3.000000e+00 8.994999e+01 -4.500000e+01
      vertex   3.000000e+00 8.661473e+01 -4.200000e+01
    endloop
  endfacet
  facet normal 9.860786e-01 0.000000e+00 -1.662800e-01
    outer loop
      vertex   -3.000000e+00 1.016224e+02 -4.200000e+01
      vertex   -2.834386e+00 1.005355e+02 -4.101787e+01
      vertex   -3.000000e+00 8.661473e+01 -4.200000e+01
    endloop
  endfacet
  facet normal 9.861072e-01 -1.234053e-05 -1.661100e-01
    outer loop
      vertex   -3.000000e+00 8.661473e+01 -4.200000e+01
      vertex   -2.834386e+00 1.005355e+02 -4.101787e+01
      vertex   -2.834768e+00 8.552975e+01 -4.101902e+01
    endloop
  endfacet
  facet normal 9.121412e-01 8.250996e-06 -4.098762e-01
    outer loop
      vertex   -2.834768e+00 8.552975e+01 -4.101902e+01
      vertex   -2.834386e+00 1.005355e+02 -4.101787e+01
      vertex   -2.614938e+00 8.499293e+01 -4.052982e+01
    endloop
  endfacet
  facet normal 9.119589e-01 -7.052488e-06 -4.102816e-01
    outer loop
      vertex   -2.614938e+00 8.499293e+01 -4.052982e+01
      vertex   -2.834386e+00 1.005355e+02 -4.101787e+01
      vertex   -2.614390e+00 9.999791e+01 -4.052886e+01
    endloop
  endfacet
  facet normal 8.221912e-01 6.395854e-06 -5.692114e-01
    outer loop
      vertex   -2.614938e+00 8.499293e+01 -4.052982e+01
      vertex   -2.614390e+00 9.999791e+01 -4.052886e+01
      vertex   -2.298188e+00 9.949807e+01 -4.007213e+01
    endloop
  endfacet
  facet normal 8.223322e-01 -3.114892e-06 -5.690076e-01
    outer loop
      vertex   -2.614938e+00 8.499293e+01 -4.052982e+01
      vertex   -2.298188e+00 9.949807e+01 -4.007213e+01
      vertex   -2.298578e+00 8.449389e+01 -4.007262e+01
    endloop
  endfacet
  facet normal 7.015304e-01 4.653593e-06 -7.126395e-01
    outer loop
      vertex   -2.298578e+00 8.449389e+01 -4.007262e+01
      vertex   -2.298188e+00 9.949807e+01 -4.007213e+01
      vertex   -1.889549e+00 9.905961e+01 -3.966987e+01
    endloop
  endfacet
  facet normal 7.016291e-01 -8.036670e-07 -7.125424e-01
    outer loop
      vertex   -2.298578e+00 8.449389e+01 -4.007262e+01
      vertex   -1.889549e+00 9.905961e+01 -3.966987e+01
      vertex   -1.889612e+00 8.405645e+01 -3.966991e+01
    endloop
  endfacet
  facet normal 5.439048e-01 2.309459e-07 -8.391469e-01
    outer loop
      vertex   -1.889612e+00 8.405645e+01 -3.966991e+01
      vertex   -1.889549e+00 9.905961e+01 -3.966987e+01
      vertex   -1.358475e+00 9.868581e+01 -3.932565e+01
    endloop
  endfacet
  facet normal 5.439175e-01 -4.219712e-07 -8.391387e-01
    outer loop
      vertex   -1.889612e+00 8.405645e+01 -3.966991e+01
      vertex   -1.358475e+00 9.868581e+01 -3.932565e+01
      vertex   -1.358584e+00 8.368420e+01 -3.932571e+01
    endloop
  endfacet
  facet normal 4.024233e-01 9.240323e-07 -9.154537e-01
    outer loop
      vertex   -1.358584e+00 8.368420e+01 -3.932571e+01
      vertex   -1.358475e+00 9.868581e+01 -3.932565e+01
      vertex   -1.045462e+00 8.353575e+01 -3.918806e+01
    endloop
  endfacet
  facet normal 4.023804e-01 -1.333467e-07 -9.154725e-01
    outer loop
      vertex   -1.045462e+00 8.353575e+01 -3.918806e+01
      vertex   -1.358475e+00 9.868581e+01 -3.932565e+01
      vertex   -1.045457e+00 9.853675e+01 -3.918806e+01
    endloop
  endfacet
  facet normal 2.910541e-01 -1.007232e-07 -9.567066e-01
    outer loop
      vertex   -1.045462e+00 8.353575e+01 -3.918806e+01
      vertex   -1.045457e+00 9.853675e+01 -3.918806e+01
      vertex   -7.081499e-01 9.842570e+01 -3.908545e+01
    endloop
  endfacet
  facet normal 2.910505e-01 -1.155062e-08 -9.567077e-01
    outer loop
      vertex   -1.045462e+00 8.353575e+01 -3.918806e+01
      vertex   -7.081499e-01 9.842570e+01 -3.908545e+01
      vertex   -7.080505e-01 8.342520e+01 -3.908542e+01
    endloop
  endfacet
  facet normal 1.778465e-01 -8.169103e-07 -9.840582e-01
    outer loop
      vertex   -7.080505e-01 8.342520e+01 -3.908542e+01
      vertex   -7.081499e-01 9.842570e+01 -3.908545e+01
      vertex   -3.561335e-01 9.835692e+01 -3.902183e+01
    endloop
  endfacet
  facet normal 1.777881e-01 6.065538e-07 -9.840688e-01
    outer loop
      vertex   -7.080505e-01 8.342520e+01 -3.908542e+01
      vertex   -3.561335e-01 9.835692e+01 -3.902183e+01
      vertex   -3.559983e-01 8.335678e+01 -3.902181e+01
    endloop
  endfacet
  facet normal 6.117455e-02 -4.587906e-07 -9.981271e-01
    outer loop
      vertex   -3.559983e-01 8.335678e+01 -3.902181e+01
      vertex   -3.561335e-01 9.835692e+01 -3.902183e+01
      vertex   -6.026566e-11 9.833333e+01 -3.900000e+01
    endloop
  endfacet
  facet normal 6.115532e-02 6.016534e-13 -9.981283e-01
    outer loop
      vertex   -3.559983e-01 8.335678e+01 -3.902181e+01
      vertex   -6.026566e-11 9.833333e+01 -3.900000e+01
      vertex   8.730612e-11 8.333333e+01 -3.900000e+01
    endloop
  endfacet
  facet normal -6.115532e-02 -6.016533e-13 -9.981283e-01
    outer loop
      vertex   8.730612e-11 8.333333e+01 -3.900000e+01
      vertex   -6.026566e-11 9.833333e+01 -3.900000e+01
      vertex   3.559983e-01 8.335678e+01 -3.902181e+01
    endloop
  endfacet
  facet normal -6.117455e-02 -4.587894e-07 -9.981271e-01
    outer loop
      vertex   3.559983e-01 8.335678e+01 -3.902181e+01
      vertex   -6.026566e-11 9.833333e+01 -3.900000e+01
      vertex   3.561335e-01 9.835692e+01 -3.902183e+01
    endloop
  endfacet
  facet normal -1.777881e-01 6.065527e-07 -9.840688e-01
    outer loop
      vertex   3.559983e-01 8.335678e+01 -3.902181e+01
      vertex   3.561335e-01 9.835692e+01 -3.902183e+01
      vertex   7.080505e-01 8.342520e+01 -3.908542e+01
    endloop
  endfacet
  facet normal -1.778465e-01 -8.169092e-07 -9.840582e-01
    outer loop
      vertex   7.080505e-01 8.342520e+01 -3.908542e+01
      vertex   3.561335e-01 9.835692e+01 -3.902183e+01
      vertex   7.081499e-01 9.842570e+01 -3.908545e+01
    endloop
  endfacet
  facet normal -2.910505e-01 -1.155178e-08 -9.567077e-01
    outer loop
      vertex   7.080505e-01 8.342520e+01 -3.908542e+01
      vertex   7.081499e-01 9.842570e+01 -3.908545e+01
      vertex   1.045462e+00 8.353575e+01 -3.918806e+01
    endloop
  endfacet
  facet normal -2.910541e-01 -1.007220e-07 -9.567066e-01
    outer loop
      vertex   1.045462e+00 8.353575e+01 -3.918806e+01
      vertex   7.081499e-01 9.842570e+01 -3.908545e+01
      vertex   1.045457e+00 9.853675e+01 -3.918806e+01
    endloop
  endfacet
  facet normal -4.023804e-01 -1.333478e-07 -9.154725e-01
    outer loop
      vertex   1.045462e+00 8.353575e+01 -3.918806e+01
      vertex   1.045457e+00 9.853675e+01 -3.918806e+01
      vertex   1.358475e+00 9.868581e+01 -3.932565e+01
    endloop
  endfacet
  facet normal -4.024233e-01 9.240334e-07 -9.154537e-01
    outer loop
      vertex   1.045462e+00 8.353575e+01 -3.918806e+01
      vertex   1.358475e+00 9.868581e+01 -3.932565e+01
      vertex   1.358584e+00 8.368420e+01 -3.932571e+01
    endloop
  endfacet
  facet normal -5.439045e-01 -4.218436e-07 -8.391471e-01
    outer loop
      vertex   1.358584e+00 8.368420e+01 -3.932571e+01
      vertex   1.358475e+00 9.868581e+01 -3.932565e+01
      vertex   1.889549e+00 9.905961e+01 -3.966987e+01
    endloop
  endfacet
  facet normal -5.439178e-01 2.308684e-07 -8.391385e-01
    outer loop
      vertex   1.358584e+00 8.368420e+01 -3.932571e+01
      vertex   1.889549e+00 9.905961e+01 -3.966987e+01
      vertex   1.889612e+00 8.405645e+01 -3.966991e+01
    endloop
  endfacet
  facet normal -7.015275e-01 -8.029468e-07 -7.126424e-01
    outer loop
      vertex   1.889612e+00 8.405645e+01 -3.966991e+01
      vertex   1.889549e+00 9.905961e+01 -3.966987e+01
      vertex   2.298188e+00 9.949807e+01 -4.007213e+01
    endloop
  endfacet
  facet normal -7.016321e-01 4.647727e-06 -7.125394e-01
    outer loop
      vertex   1.889612e+00 8.405645e+01 -3.966991e+01
      vertex   2.298188e+00 9.949807e+01 -4.007213e+01
      vertex   2.298578e+00 8.449389e+01 -4.007262e+01
    endloop
  endfacet
  facet normal -8.221863e-01 -3.104308e-06 -5.692185e-01
    outer loop
      vertex   2.298578e+00 8.449389e+01 -4.007262e+01
      vertex   2.298188e+00 9.949807e+01 -4.007213e+01
      vertex   2.614390e+00 9.999791e+01 -4.052886e+01
    endloop
  endfacet
  facet normal -8.223371e-01 6.377038e-06 -5.690006e-01
    outer loop
      vertex   2.298578e+00 8.449389e+01 -4.007262e+01
      vertex   2.614390e+00 9.999791e+01 -4.052886e+01
      vertex   2.614938e+00 8.499293e+01 -4.052982e+01
    endloop
  endfacet
  facet normal -9.119589e-01 -7.052490e-06 -4.102816e-01
    outer loop
      vertex   2.614938e+00 8.499293e+01 -4.052982e+01
      vertex   2.614390e+00 9.999791e+01 -4.052886e+01
      vertex   2.834386e+00 1.005355e+02 -4.101787e+01
    endloop
  endfacet
  facet normal -9.121412e-01 8.250997e-06 -4.098762e-01
    outer loop
      vertex   2.614938e+00 8.499293e+01 -4.052982e+01
      vertex   2.834386e+00 1.005355e+02 -4.101787e+01
      vertex   2.834768e+00 8.552975e+01 -4.101902e+01
    endloop
  endfacet
  facet normal -9.860763e-01 -1.232568e-05 -1.662933e-01
    outer loop
      vertex   2.834768e+00 8.552975e+01 -4.101902e+01
      vertex   2.834386e+00 1.005355e+02 -4.101787e+01
      vertex   3.000000e+00 1.016224e+02 -4.200000e+01
    endloop
  endfacet
  facet normal -9.861095e-01 -5.395809e-19 -1.660967e-01
    outer loop
      vertex   2.834768e+00 8.552975e+01 -4.101902e+01
      vertex   3.000000e+00 1.016224e+02 -4.200000e+01
      vertex   3.000000e+00 8.661473e+01 -4.200000e+01
    endloop
  endfacet
  facet normal 0.000000e+00 -0.000000e+00 -1.000000e+00
    outer loop
      vertex   -3.000000e+00 1.049571e+02 -4.500000e+01
      vertex   -3.000000e+00 8.994999e+01 -4.500000e+01
      vertex   -9.274208e+00 1.045896e+02 -4.500000e+01
    endloop
  endfacet
  facet normal 0.000000e+00 0.000000e+00 -1.000000e+00
    outer loop
      vertex   -9.274208e+00 1.045896e+02 -4.500000e+01
      vertex   -3.000000e+00 8.994999e+01 -4.500000e+01
      vertex   -8.814379e+00 8.956733e+01 -4.500000e+01
    endloop
  endfacet
  facet normal 0.000000e+00 -0.000000e+00 -1.000000e+00
    outer loop
      vertex   -9.274208e+00 1.045896e+02 -4.500000e+01
      vertex   -8.814379e+00 8.956733e+01 -4.500000e+01
      vertex   -1.551519e+01 1.038474e+02 -4.500000e+01
    endloop
  endfacet
  facet normal 0.000000e+00 0.000000e+00 -1.000000e+00
    outer loop
      vertex   -1.551519e+01 1.038474e+02 -4.500000e+01
      vertex   -8.814379e+00 8.956733e+01 -4.500000e+01
      vertex   -1.459181e+01 8.880923e+01 -4.500000e+01
    endloop
  endfacet
  facet normal 0.000000e+00 -0.000000e+00 -1.000000e+00
    outer loop
      vertex   -1.551519e+01 1.038474e+02 -4.500000e+01
      vertex   -1.459181e+01 8.880923e+01 -4.500000e+01
      vertex   -2.170058e+01 1.027331e+02 -4.500000e+01
    endloop
  endfacet
  facet normal 0.000000e+00 0.000000e+00 -1.000000e+00
    outer loop
      vertex   -2.170058e+01 1.027331e+02 -4.500000e+01
      vertex   -1.459181e+01 8.880923e+01 -4.500000e+01
      vertex   -2.030807e+01 8.767886e+01 -4.500000e+01
    endloop
  endfacet
  facet normal 0.000000e+00 -0.000000e+00 -1.000000e+00
    outer loop
      vertex   -2.170058e+01 1.027331e+02 -4.500000e+01
      vertex   -2.030807e+01 8.767886e+01 -4.500000e+01
      vertex   -2.780822e+01 1.012507e+02 -4.500000e+01
    endloop
  endfacet
  facet normal 0.000000e+00 0.000000e+00 -1.000000e+00
    outer loop
      vertex   -2.780822e+01 1.012507e+02 -4.500000e+01
      vertex   -2.030807e+01 8.767886e+01 -4.500000e+01
      vertex   -2.593921e+01 8.618096e+01 -4.500000e+01
    endloop
  endfacet
  facet normal 0.000000e+00 -0.000000e+00 -1.000000e+00
    outer loop
      vertex   -2.780822e+01 1.012507e+02 -4.500000e+01
      vertex   -2.593921e+01 8.618096e+01 -4.500000e+01
      vertex   -3.381623e+01 9.940555e+01 -4.500000e+01
    endloop
  endfacet
  facet normal 0.000000e+00 0.000000e+00 -1.000000e+00
    outer loop
      vertex   -3.381623e+01 9.940555e+01 -4.500000e+01
      vertex   -2.593921e+01 8.618096e+01 -4.500000e+01
      vertex   -3.146162e+01 8.432181e+01 -4.500000e+01
    endloop
  endfacet
  facet normal 0.000000e+00 -0.000000e+00 -1.000000e+00
    outer loop
      vertex   -3.381623e+01 9.940555e+01 -4.500000e+01
      vertex   -3.146162e+01 8.432181e+01 -4.500000e+01
      vertex   -3.970308e+01 9.720425e+01 -4.500000e+01
    endloop
  endfacet
  facet normal 0.000000e+00 0.000000e+00 -1.000000e+00
    outer loop
      vertex   -3.970308e+01 9.720425e+01 -4.500000e+01
      vertex   -3.146162e+01 8.432181e+01 -4.500000e+01
      vertex   -3.685214e+01 8.210919e+01 -4.500000e+01
    endloop
  endfacet
  facet normal 0.000000e+00 -0.000000e+00 -1.000000e+00
    outer loop
      vertex   -3.970308e+01 9.720425e+01 -4.500000e+01
      vertex   -3.685214e+01 8.210919e+01 -4.500000e+01
      vertex   -4.544768e+01 9.465468e+01 -4.500000e+01
    endloop
  endfacet
  facet normal 0.000000e+00 0.000000e+00 -1.000000e+00
    outer loop
      vertex   -4.544768e+01 9.465468e+01 -4.500000e+01
      vertex   -3.685214e+01 8.210919e+01 -4.500000e+01
      vertex   -4.208819e+01 7.955240e+01 -4.500000e+01
    endloop
  endfacet
  facet normal 0.000000e+00 -0.000000e+00 -1.000000e+00
    outer loop
      vertex   -4.544768e+01 9.465468e+01 -4.500000e+01
      vertex   -4.208819e+01 7.955240e+01 -4.500000e+01
      vertex   -5.102945e+01 9.176598e+01 -4.500000e+01
    endloop
  endfacet
  facet normal 0.000000e+00 0.000000e+00 -1.000000e+00
    outer loop
      vertex   -5.102945e+01 9.176598e+01 -4.500000e+01
      vertex   -4.208819e+01 7.955240e+01 -4.500000e+01
      vertex   -4.714782e+01 7.666214e+01 -4.500000e+01
    endloop
  endfacet
  facet normal 0.000000e+00 -0.000000e+00 -1.000000e+00
    outer loop
      vertex   -5.102945e+01 9.176598e+01 -4.500000e+01
      vertex   -4.714782e+01 7.666214e+01 -4.500000e+01
      vertex   -5.642839e+01 8.854850e+01 -4.500000e+01
    endloop
  endfacet
  facet normal 0.000000e+00 0.000000e+00 -1.000000e+00
    outer loop
      vertex   -5.642839e+01 8.854850e+01 -4.500000e+01
      vertex   -4.714782e+01 7.666214e+01 -4.500000e+01
      vertex   -5.200981e+01 7.345053e+01 -4.500000e+01
    endloop
  endfacet
  facet normal 0.000000e+00 -0.000000e+00 -1.000000e+00
    outer loop
      vertex   -5.642839e+01 8.854850e+01 -4.500000e+01
      vertex   -5.200981e+01 7.345053e+01 -4.500000e+01
      vertex   -6.162516e+01 8.501376e+01 -4.500000e+01
    endloop
  endfacet
  facet normal 0.000000e+00 0.000000e+00 -1.000000e+00
    outer loop
      vertex   -6.162516e+01 8.501376e+01 -4.500000e+01
      vertex   -5.200981e+01 7.345053e+01 -4.500000e+01
      vertex   -5.665379e+01 6.993102e+01 -4.500000e+01
    endloop
  endfacet
  facet normal 0.000000e+00 -0.000000e+00 -1.000000e+00
    outer loop
      vertex   -6.162516e+01 8.501376e+01 -4.500000e+01
      vertex   -5.665379e+01 6.993102e+01 -4.500000e+01
      vertex   -6.660114e+01 8.117444e+01 -4.500000e+01
    endloop
  endfacet
  facet normal 0.000000e+00 0.000000e+00 -1.000000e+00
    outer loop
      vertex   -6.660114e+01 8.117444e+01 -4.500000e+01
      vertex   -5.665379e+01 6.993102e+01 -4.500000e+01
      vertex   -6.106029e+01 6.611839e+01 -4.500000e+01
    endloop
  endfacet
  facet normal 0.000000e+00 -0.000000e+00 -1.000000e+00
    outer loop
      vertex   -6.660114e+01 8.117444e+01 -4.500000e+01
      vertex   -6.106029e+01 6.611839e+01 -4.500000e+01
      vertex   -7.133849e+01 7.704428e+01 -4.500000e+01
    endloop
  endfacet
  facet normal 0.000000e+00 -0.000000e+00 -1.000000e+00
    outer loop
      vertex   -7.133849e+01 7.704428e+01 -4.500000e+01
      vertex   -6.106029e+01 6.611839e+01 -4.500000e+01
      vertex   -7.582025e+01 7.263808e+01 -4.500000e+01
    endloop
  endfacet
  facet normal 0.000000e+00 0.000000e+00 -1.000000e+00
    outer loop
      vertex   -7.582025e+01 7.263808e+01 -4.500000e+01
      vertex   -6.106029e+01 6.611839e+01 -4.500000e+01
      vertex   -6.521084e+01 6.202860e+01 -4.500000e+01
    endloop
  endfacet
  facet normal 0.000000e+00 -0.000000e+00 -1.000000e+00
    outer loop
      vertex   -7.582025e+01 7.263808e+01 -4.500000e+01
      vertex   -6.521084e+01 6.202860e+01 -4.500000e+01
      vertex   -8.003036e+01 6.797163e+01 -4.500000e+01
    endloop
  endfacet
  facet normal 0.000000e+00 0.000000e+00 -1.000000e+00
    outer loop
      vertex   -8.003036e+01 6.797163e+01 -4.500000e+01
      vertex   -6.521084e+01 6.202860e+01 -4.500000e+01
      vertex   -6.908803e+01 5.767880e+01 -4.500000e+01
    endloop
  endfacet
  facet normal 0.000000e+00 -0.000000e+00 -1.000000e+00
    outer loop
      vertex   -8.003036e+01 6.797163e+01 -4.500000e+01
      vertex   -6.908803e+01 5.767880e+01 -4.500000e+01
      vertex   -8.395373e+01 6.306165e+01 -4.500000e+01
    endloop
  endfacet
  facet normal 0.000000e+00 0.000000e+00 -1.000000e+00
    outer loop
      vertex   -8.395373e+01 6.306165e+01 -4.500000e+01
      vertex   -6.908803e+01 5.767880e+01 -4.500000e+01
      vertex   -7.267563e+01 5.308722e+01 -4.500000e+01
    endloop
  endfacet
  facet normal 0.000000e+00 -0.000000e+00 -1.000000e+00
    outer loop
      vertex   -8.395373e+01 6.306165e+01 -4.500000e+01
      vertex   -7.267563e+01 5.308722e+01 -4.500000e+01
      vertex   -8.757631e+01 5.792573e+01 -4.500000e+01
    endloop
  endfacet
  facet normal 0.000000e+00 0.000000e+00 -1.000000e+00
    outer loop
      vertex   -8.757631e+01 5.792573e+01 -4.500000e+01
      vertex   -7.267563e+01 5.308722e+01 -4.500000e+01
      vertex   -7.595859e+01 4.827311e+01 -4.500000e+01
    endloop
  endfacet
  facet normal 0.000000e+00 -0.000000e+00 -1.000000e+00
    outer loop
      vertex   -8.757631e+01 5.792573e+01 -4.500000e+01
      vertex   -7.595859e+01 4.827311e+01 -4.500000e+01
      vertex   -9.088512e+01 5.258228e+01 -4.500000e+01
    endloop
  endfacet
  facet normal 0.000000e+00 0.000000e+00 -1.000000e+00
    outer loop
      vertex   -9.088512e+01 5.258228e+01 -4.500000e+01
      vertex   -7.595859e+01 4.827311e+01 -4.500000e+01
      vertex   -7.892314e+01 4.325666e+01 -4.500000e+01
    endloop
  endfacet
  facet normal 0.000000e+00 -0.000000e+00 -1.000000e+00
    outer loop
      vertex   -9.088512e+01 5.258228e+01 -4.500000e+01
      vertex   -7.892314e+01 4.325666e+01 -4.500000e+01
      vertex   -9.386830e+01 4.705043e+01 -4.500000e+01
    endloop
  endfacet
  facet normal 0.000000e+00 0.000000e+00 -1.000000e+00
    outer loop
      vertex   -9.386830e+01 4.705043e+01 -4.500000e+01
      vertex   -7.892314e+01 4.325666e+01 -4.500000e+01
      vertex   -8.155686e+01 3.805888e+01 -4.500000e+01
    endloop
  endfacet
  facet normal 0.000000e+00 -0.000000e+00 -1.000000e+00
    outer loop
      vertex   -9.386830e+01 4.705043e+01 -4.500000e+01
      vertex   -8.155686e+01 3.805888e+01 -4.500000e+01
      vertex   -9.651517e+01 4.135000e+01 -4.500000e+01
    endloop
  endfacet
  facet normal 0.000000e+00 0.000000e+00 -1.000000e+00
    outer loop
      vertex   -9.651517e+01 4.135000e+01 -4.500000e+01
      vertex   -8.155686e+01 3.805888e+01 -4.500000e+01
      vertex   -8.384872e+01 3.270156e+01 -4.500000e+01
    endloop
  endfacet
  facet normal 0.000000e+00 -0.000000e+00 -1.000000e+00
    outer loop
      vertex   -9.651517e+01 4.135000e+01 -4.500000e+01
      vertex   -8.384872e+01 3.270156e+01 -4.500000e+01
      vertex   -9.881624e+01 3.550143e+01 -4.500000e+01
    endloop
  endfacet
  facet normal 0.000000e+00 0.000000e+00 -1.000000e+00
    outer loop
      vertex   -9.881624e+01 3.550143e+01 -4.500000e+01
      vertex   -8.384872e+01 3.270156e+01 -4.500000e+01
      vertex   -8.578910e+01 2.720717e+01 -4.500000e+01
    endloop
  endfacet
  facet normal 0.000000e+00 -0.000000e+00 -1.000000e+00
    outer loop
      vertex   -9.881624e+01 3.550143e+01 -4.500000e+01
      vertex   -8.578910e+01 2.720717e+01 -4.500000e+01
      vertex   -1.007633e+02 2.952566e+01 -4.500000e+01
    endloop
  endfacet
  facet normal 0.000000e+00 0.000000e+00 -1.000000e+00
    outer loop
      vertex   -1.007633e+02 2.952566e+01 -4.500000e+01
      vertex   -8.578910e+01 2.720717e+01 -4.500000e+01
      vertex   -8.736987e+01 2.159873e+01 -4.500000e+01
    endloop
  endfacet
  facet normal 0.000000e+00 -0.000000e+00 -1.000000e+00
    outer loop
      vertex   -1.007633e+02 2.952566e+01 -4.500000e+01
      vertex   -8.736987e+01 2.159873e+01 -4.500000e+01
      vertex   -1.023493e+02 2.344410e+01 -4.500000e+01
    endloop
  endfacet
  facet normal 0.000000e+00 0.000000e+00 -1.000000e+00
    outer loop
      vertex   -1.023493e+02 2.344410e+01 -4.500000e+01
      vertex   -8.736987e+01 2.159873e+01 -4.500000e+01
      vertex   -8.858441e+01 1.589976e+01 -4.500000e+01
    endloop
  endfacet
  facet normal 0.000000e+00 -0.000000e+00 -1.000000e+00
    outer loop
      vertex   -1.023493e+02 2.344410e+01 -4.500000e+01
      vertex   -8.858441e+01 1.589976e+01 -4.500000e+01
      vertex   -1.035686e+02 1.727855e+01 -4.500000e+01
    endloop
  endfacet
  facet normal 0.000000e+00 0.000000e+00 -1.000000e+00
    outer loop
      vertex   -1.035686e+02 1.727855e+01 -4.500000e+01
      vertex   -8.858441e+01 1.589976e+01 -4.500000e+01
      vertex   -8.942762e+01 1.013413e+01 -4.500000e+01
    endloop
  endfacet
  facet normal 0.000000e+00 -0.000000e+00 -1.000000e+00
    outer loop
      vertex   -1.035686e+02 1.727855e+01 -4.500000e+01
      vertex   -8.942762e+01 1.013413e+01 -4.500000e+01
      vertex   -1.044168e+02 1.105109e+01 -4.500000e+01
    endloop
  endfacet
  facet normal 0.000000e+00 0.000000e+00 -1.000000e+00
    outer loop
      vertex   -1.044168e+02 1.105109e+01 -4.500000e+01
      vertex   -8.942762e+01 1.013413e+01 -4.500000e+01
      vertex   -8.989597e+01 4.326029e+00 -4.500000e+01
    endloop
  endfacet
  facet normal 0.000000e+00 -0.000000e+00 -1.000000e+00
    outer loop
      vertex   -1.044168e+02 1.105109e+01 -4.500000e+01
      vertex   -8.989597e+01 4.326029e+00 -4.500000e+01
      vertex   -1.048910e+02 4.784040e+00 -4.500000e+01
    endloop
  endfacet
  facet normal 0.000000e+00 0.000000e+00 -1.000000e+00
    outer loop
      vertex   -1.048910e+02 4.784040e+00 -4.500000e+01
      vertex   -8.989597e+01 4.326029e+00 -4.500000e+01
      vertex   -8.998750e+01 -1.500208e+00 -4.500000e+01
    endloop
  endfacet
  facet normal 0.000000e+00 -0.000000e+00 -1.000000e+00
    outer loop
      vertex   -1.048910e+02 4.784040e+00 -4.500000e+01
      vertex   -8.998750e+01 -1.500208e+00 -4.500000e+01
      vertex   -1.049893e+02 -1.500153e+00 -4.500000e+01
    endloop
  endfacet
  facet normal 0.000000e+00 0.000000e+00 -1.000000e+00
    outer loop
      vertex   -1.049893e+02 -1.500153e+00 -4.500000e+01
      vertex   -8.998750e+01 -1.500208e+00 -4.500000e+01
      vertex   -1.047115e+02 -7.778971e+00 -4.500000e+01
    endloop
  endfacet
  facet normal 0.000000e+00 0.000000e+00 -1.000000e+00
    outer loop
      vertex   -1.047115e+02 -7.778971e+00 -4.500000e+01
      vertex   -8.998750e+01 -1.500208e+00 -4.500000e+01
      vertex   -8.970181e+01 -7.320158e+00 -4.500000e+01
    endloop
  endfacet
  facet normal 0.000000e+00 0.000000e+00 -1.000000e+00
    outer loop
      vertex   -1.047115e+02 -7.778971e+00 -4.500000e+01
      vertex   -8.970181e+01 -7.320158e+00 -4.500000e+01
      vertex   -1.040585e+02 -1.402992e+01 -4.500000e+01
    endloop
  endfacet
  facet normal 0.000000e+00 0.000000e+00 -1.000000e+00
    outer loop
      vertex   -1.040585e+02 -1.402992e+01 -4.500000e+01
      vertex   -8.970181e+01 -7.320158e+00 -4.500000e+01
      vertex   -8.904012e+01 -1.310942e+01 -4.500000e+01
    endloop
  endfacet
  facet normal 0.000000e+00 0.000000e+00 -1.000000e+00
    outer loop
      vertex   -1.040585e+02 -1.402992e+01 -4.500000e+01
      vertex   -8.904012e+01 -1.310942e+01 -4.500000e+01
      vertex   -1.030326e+02 -2.023060e+01 -4.500000e+01
    endloop
  endfacet
  facet normal 0.000000e+00 0.000000e+00 -1.000000e+00
    outer loop
      vertex   -1.030326e+02 -2.023060e+01 -4.500000e+01
      vertex   -8.904012e+01 -1.310942e+01 -4.500000e+01
      vertex   -8.800519e+01 -1.884374e+01 -4.500000e+01
    endloop
  endfacet
  facet normal 0.000000e+00 0.000000e+00 -1.000000e+00
    outer loop
      vertex   -1.030326e+02 -2.023060e+01 -4.500000e+01
      vertex   -8.800519e+01 -1.884374e+01 -4.500000e+01
      vertex   -1.016377e+02 -2.635880e+01 -4.500000e+01
    endloop
  endfacet
  facet normal 0.000000e+00 0.000000e+00 -1.000000e+00
    outer loop
      vertex   -1.016377e+02 -2.635880e+01 -4.500000e+01
      vertex   -8.800519e+01 -1.884374e+01 -4.500000e+01
      vertex   -8.660136e+01 -2.449906e+01 -4.500000e+01
    endloop
  endfacet
  facet normal 0.000000e+00 0.000000e+00 -1.000000e+00
    outer loop
      vertex   -1.016377e+02 -2.635880e+01 -4.500000e+01
      vertex   -8.660136e+01 -2.449906e+01 -4.500000e+01
      vertex   -9.987854e+01 -3.239255e+01 -4.500000e+01
    endloop
  endfacet
  facet normal 0.000000e+00 0.000000e+00 -1.000000e+00
    outer loop
      vertex   -9.987854e+01 -3.239255e+01 -4.500000e+01
      vertex   -8.660136e+01 -2.449906e+01 -4.500000e+01
      vertex   -8.483452e+01 -3.005169e+01 -4.500000e+01
    endloop
  endfacet
  facet normal 0.000000e+00 0.000000e+00 -1.000000e+00
    outer loop
      vertex   -9.987854e+01 -3.239255e+01 -4.500000e+01
      vertex   -8.483452e+01 -3.005169e+01 -4.500000e+01
      vertex   -9.776157e+01 -3.831026e+01 -4.500000e+01
    endloop
  endfacet
  facet normal 0.000000e+00 0.000000e+00 -1.000000e+00
    outer loop
      vertex   -9.776157e+01 -3.831026e+01 -4.500000e+01
      vertex   -8.483452e+01 -3.005169e+01 -4.500000e+01
      vertex   -8.271207e+01 -3.547835e+01 -4.500000e+01
    endloop
  endfacet
  facet normal 0.000000e+00 0.000000e+00 -1.000000e+00
    outer loop
      vertex   -9.776157e+01 -3.831026e+01 -4.500000e+01
      vertex   -8.271207e+01 -3.547835e+01 -4.500000e+01
      vertex   -9.529434e+01 -4.409070e+01 -4.500000e+01
    endloop
  endfacet
  facet normal 0.000000e+00 0.000000e+00 -1.000000e+00
    outer loop
      vertex   -9.529434e+01 -4.409070e+01 -4.500000e+01
      vertex   -8.271207e+01 -3.547835e+01 -4.500000e+01
      vertex   -8.024291e+01 -4.075629e+01 -4.500000e+01
    endloop
  endfacet
  facet normal 0.000000e+00 0.000000e+00 -1.000000e+00
    outer loop
      vertex   -9.529434e+01 -4.409070e+01 -4.500000e+01
      vertex   -8.024291e+01 -4.075629e+01 -4.500000e+01
      vertex   -9.248568e+01 -4.971317e+01 -4.500000e+01
    endloop
  endfacet
  facet normal 0.000000e+00 0.000000e+00 -1.000000e+00
    outer loop
      vertex   -9.248568e+01 -4.971317e+01 -4.500000e+01
      vertex   -8.024291e+01 -4.075629e+01 -4.500000e+01
      vertex   -7.743739e+01 -4.586339e+01 -4.500000e+01
    endloop
  endfacet
  facet normal 0.000000e+00 0.000000e+00 -1.000000e+00
    outer loop
      vertex   -9.248568e+01 -4.971317e+01 -4.500000e+01
      vertex   -7.743739e+01 -4.586339e+01 -4.500000e+01
      vertex   -8.934566e+01 -5.515753e+01 -4.500000e+01
    endloop
  endfacet
  facet normal 0.000000e+00 0.000000e+00 -1.000000e+00
    outer loop
      vertex   -8.934566e+01 -5.515753e+01 -4.500000e+01
      vertex   -7.743739e+01 -4.586339e+01 -4.500000e+01
      vertex   -7.430727e+01 -5.077824e+01 -4.500000e+01
    endloop
  endfacet
  facet normal 0.000000e+00 0.000000e+00 -1.000000e+00
    outer loop
      vertex   -8.934566e+01 -5.515753e+01 -4.500000e+01
      vertex   -7.430727e+01 -5.077824e+01 -4.500000e+01
      vertex   -8.588553e+01 -6.040426e+01 -4.500000e+01
    endloop
  endfacet
  facet normal 0.000000e+00 0.000000e+00 -1.000000e+00
    outer loop
      vertex   -8.588553e+01 -6.040426e+01 -4.500000e+01
      vertex   -7.430727e+01 -5.077824e+01 -4.500000e+01
      vertex   -7.086567e+01 -5.548024e+01 -4.500000e+01
    endloop
  endfacet
  facet normal 0.000000e+00 0.000000e+00 -1.000000e+00
    outer loop
      vertex   -8.588553e+01 -6.040426e+01 -4.500000e+01
      vertex   -7.086567e+01 -5.548024e+01 -4.500000e+01
      vertex   -8.211769e+01 -6.543458e+01 -4.500000e+01
    endloop
  endfacet
  facet normal 0.000000e+00 0.000000e+00 -1.000000e+00
    outer loop
      vertex   -8.211769e+01 -6.543458e+01 -4.500000e+01
      vertex   -7.086567e+01 -5.548024e+01 -4.500000e+01
      vertex   -6.712701e+01 -5.994968e+01 -4.500000e+01
    endloop
  endfacet
  facet normal 0.000000e+00 0.000000e+00 -1.000000e+00
    outer loop
      vertex   -8.211769e+01 -6.543458e+01 -4.500000e+01
      vertex   -6.712701e+01 -5.994968e+01 -4.500000e+01
      vertex   -7.805564e+01 -7.023046e+01 -4.500000e+01
    endloop
  endfacet
  facet normal 0.000000e+00 0.000000e+00 -1.000000e+00
    outer loop
      vertex   -7.805564e+01 -7.023046e+01 -4.500000e+01
      vertex   -6.712701e+01 -5.994968e+01 -4.500000e+01
      vertex   -6.310698e+01 -6.416782e+01 -4.500000e+01
    endloop
  endfacet
  facet normal 0.000000e+00 0.000000e+00 -1.000000e+00
    outer loop
      vertex   -7.805564e+01 -7.023046e+01 -4.500000e+01
      vertex   -6.310698e+01 -6.416782e+01 -4.500000e+01
      vertex   -7.371392e+01 -7.477472e+01 -4.500000e+01
    endloop
  endfacet
  facet normal 0.000000e+00 0.000000e+00 -1.000000e+00
    outer loop
      vertex   -7.371392e+01 -7.477472e+01 -4.500000e+01
      vertex   -6.310698e+01 -6.416782e+01 -4.500000e+01
      vertex   -6.910810e+01 -7.905106e+01 -4.500000e+01
    endloop
  endfacet
  facet normal 0.000000e+00 0.000000e+00 -1.000000e+00
    outer loop
      vertex   -6.910810e+01 -7.905106e+01 -4.500000e+01
      vertex   -6.310698e+01 -6.416782e+01 -4.500000e+01
      vertex   -5.882241e+01 -6.811699e+01 -4.500000e+01
    endloop
  endfacet
  facet normal 0.000000e+00 0.000000e+00 -1.000000e+00
    outer loop
      vertex   -6.910810e+01 -7.905106e+01 -4.500000e+01
      vertex   -5.882241e+01 -6.811699e+01 -4.500000e+01
      vertex   -6.425468e+01 -8.304419e+01 -4.500000e+01
    endloop
  endfacet
  facet normal 0.000000e+00 0.000000e+00 -1.000000e+00
    outer loop
      vertex   -6.425468e+01 -8.304419e+01 -4.500000e+01
      vertex   -5.882241e+01 -6.811699e+01 -4.500000e+01
      vertex   -5.429127e+01 -7.178062e+01 -4.500000e+01
    endloop
  endfacet
  facet normal 0.000000e+00 0.000000e+00 -1.000000e+00
    outer loop
      vertex   -6.425468e+01 -8.304419e+01 -4.500000e+01
      vertex   -5.429127e+01 -7.178062e+01 -4.500000e+01
      vertex   -5.917104e+01 -8.673978e+01 -4.500000e+01
    endloop
  endfacet
  facet normal 0.000000e+00 0.000000e+00 -1.000000e+00
    outer loop
      vertex   -5.917104e+01 -8.673978e+01 -4.500000e+01
      vertex   -5.429127e+01 -7.178062e+01 -4.500000e+01
      vertex   -4.953256e+01 -7.514337e+01 -4.500000e+01
    endloop
  endfacet
  facet normal 0.000000e+00 0.000000e+00 -1.000000e+00
    outer loop
      vertex   -5.917104e+01 -8.673978e+01 -4.500000e+01
      vertex   -4.953256e+01 -7.514337e+01 -4.500000e+01
      vertex   -5.387540e+01 -9.012459e+01 -4.500000e+01
    endloop
  endfacet
  facet normal 0.000000e+00 0.000000e+00 -1.000000e+00
    outer loop
      vertex   -5.387540e+01 -9.012459e+01 -4.500000e+01
      vertex   -4.953256e+01 -7.514337e+01 -4.500000e+01
      vertex   -4.456622e+01 -7.819113e+01 -4.500000e+01
    endloop
  endfacet
  facet normal 0.000000e+00 0.000000e+00 -1.000000e+00
    outer loop
      vertex   -5.387540e+01 -9.012459e+01 -4.500000e+01
      vertex   -4.456622e+01 -7.819113e+01 -4.500000e+01
      vertex   -4.838674e+01 -9.318650e+01 -4.500000e+01
    endloop
  endfacet
  facet normal 0.000000e+00 0.000000e+00 -1.000000e+00
    outer loop
      vertex   -4.838674e+01 -9.318650e+01 -4.500000e+01
      vertex   -4.456622e+01 -7.819113e+01 -4.500000e+01
      vertex   -3.941306e+01 -8.091113e+01 -4.500000e+01
    endloop
  endfacet
  facet normal 0.000000e+00 0.000000e+00 -1.000000e+00
    outer loop
      vertex   -4.838674e+01 -9.318650e+01 -4.500000e+01
      vertex   -3.941306e+01 -8.091113e+01 -4.500000e+01
      vertex   -4.272471e+01 -9.591454e+01 -4.500000e+01
    endloop
  endfacet
  facet normal 0.000000e+00 0.000000e+00 -1.000000e+00
    outer loop
      vertex   -4.272471e+01 -9.591454e+01 -4.500000e+01
      vertex   -3.941306e+01 -8.091113e+01 -4.500000e+01
      vertex   -3.409469e+01 -8.329197e+01 -4.500000e+01
    endloop
  endfacet
  facet normal 0.000000e+00 0.000000e+00 -1.000000e+00
    outer loop
      vertex   -4.272471e+01 -9.591454e+01 -4.500000e+01
      vertex   -3.409469e+01 -8.329197e+01 -4.500000e+01
      vertex   -3.690961e+01 -9.829894e+01 -4.500000e+01
    endloop
  endfacet
  facet normal 0.000000e+00 0.000000e+00 -1.000000e+00
    outer loop
      vertex   -3.690961e+01 -9.829894e+01 -4.500000e+01
      vertex   -3.409469e+01 -8.329197e+01 -4.500000e+01
      vertex   -2.863341e+01 -8.532367e+01 -4.500000e+01
    endloop
  endfacet
  facet normal 0.000000e+00 0.000000e+00 -1.000000e+00
    outer loop
      vertex   -3.690961e+01 -9.829894e+01 -4.500000e+01
      vertex   -2.863341e+01 -8.532367e+01 -4.500000e+01
      vertex   -3.096227e+01 -1.003311e+02 -4.500000e+01
    endloop
  endfacet
  facet normal 0.000000e+00 0.000000e+00 -1.000000e+00
    outer loop
      vertex   -3.096227e+01 -1.003311e+02 -4.500000e+01
      vertex   -2.863341e+01 -8.532367e+01 -4.500000e+01
      vertex   -2.305210e+01 -8.699771e+01 -4.500000e+01
    endloop
  endfacet
  facet normal 0.000000e+00 0.000000e+00 -1.000000e+00
    outer loop
      vertex   -3.096227e+01 -1.003311e+02 -4.500000e+01
      vertex   -2.305210e+01 -8.699771e+01 -4.500000e+01
      vertex   -2.490399e+01 -1.020039e+02 -4.500000e+01
    endloop
  endfacet
  facet normal 0.000000e+00 0.000000e+00 -1.000000e+00
    outer loop
      vertex   -2.490399e+01 -1.020039e+02 -4.500000e+01
      vertex   -2.305210e+01 -8.699771e+01 -4.500000e+01
      vertex   -1.737416e+01 -8.830707e+01 -4.500000e+01
    endloop
  endfacet
  facet normal 0.000000e+00 0.000000e+00 -1.000000e+00
    outer loop
      vertex   -2.490399e+01 -1.020039e+02 -4.500000e+01
      vertex   -1.737416e+01 -8.830707e+01 -4.500000e+01
      vertex   -1.875649e+01 -1.033112e+02 -4.500000e+01
    endloop
  endfacet
  facet normal 0.000000e+00 0.000000e+00 -1.000000e+00
    outer loop
      vertex   -1.875649e+01 -1.033112e+02 -4.500000e+01
      vertex   -1.737416e+01 -8.830707e+01 -4.500000e+01
      vertex   -1.162339e+01 -8.924627e+01 -4.500000e+01
    endloop
  endfacet
  facet normal 0.000000e+00 0.000000e+00 -1.000000e+00
    outer loop
      vertex   -1.875649e+01 -1.033112e+02 -4.500000e+01
      vertex   -1.162339e+01 -8.924627e+01 -4.500000e+01
      vertex   -1.254179e+01 -1.042483e+02 -4.500000e+01
    endloop
  endfacet
  facet normal 0.000000e+00 0.000000e+00 -1.000000e+00
    outer loop
      vertex   -1.254179e+01 -1.042483e+02 -4.500000e+01
      vertex   -1.162339e+01 -8.924627e+01 -4.500000e+01
      vertex   -5.823903e+00 -8.981137e+01 -4.500000e+01
    endloop
  endfacet
  facet normal 0.000000e+00 0.000000e+00 -1.000000e+00
    outer loop
      vertex   -1.254179e+01 -1.042483e+02 -4.500000e+01
      vertex   -5.823903e+00 -8.981137e+01 -4.500000e+01
      vertex   -6.282146e+00 -1.048119e+02 -4.500000e+01
    endloop
  endfacet
  facet normal 0.000000e+00 0.000000e+00 -1.000000e+00
    outer loop
      vertex   -6.282146e+00 -1.048119e+02 -4.500000e+01
      vertex   -5.823903e+00 -8.981137e+01 -4.500000e+01
      vertex   -1.447310e-14 -9.000000e+01 -4.500000e+01
    endloop
  endfacet
  facet normal 0.000000e+00 0.000000e+00 -1.000000e+00
    outer loop
      vertex   -6.282146e+00 -1.048119e+02 -4.500000e+01
      vertex   -1.447310e-14 -9.000000e+01 -4.500000e+01
      vertex   6.429396e-15 -1.050000e+02 -4.500000e+01
    endloop
  endfacet
  facet normal 0.000000e+00 0.000000e+00 -1.000000e+00
    outer loop
      vertex   6.429396e-15 -1.050000e+02 -4.500000e+01
      vertex   -1.447310e-14 -9.000000e+01 -4.500000e+01
      vertex   6.282146e+00 -1.048119e+02 -4.500000e+01
    endloop
  endfacet
  facet normal 0.000000e+00 0.000000e+00 -1.000000e+00
    outer loop
      vertex   6.282146e+00 -1.048119e+02 -4.500000e+01
      vertex   -1.447310e-14 -9.000000e+01 -4.500000e+01
      vertex   5.823903e+00 -8.981137e+01 -4.500000e+01
    endloop
  endfacet
  facet normal 0.000000e+00 0.000000e+00 -1.000000e+00
    outer loop
      vertex   6.282146e+00 -1.048119e+02 -4.500000e+01
      vertex   5.823903e+00 -8.981137e+01 -4.500000e+01
      vertex   1.254179e+01 -1.042483e+02 -4.500000e+01
    endloop
  endfacet
  facet normal 0.000000e+00 0.000000e+00 -1.000000e+00
    outer loop
      vertex   1.254179e+01 -1.042483e+02 -4.500000e+01
      vertex   5.823903e+00 -8.981137e+01 -4.500000e+01
      vertex   1.162339e+01 -8.924627e+01 -4.500000e+01
    endloop
  endfacet
  facet normal 0.000000e+00 0.000000e+00 -1.000000e+00
    outer loop
      vertex   1.254179e+01 -1.042483e+02 -4.500000e+01
      vertex   1.162339e+01 -8.924627e+01 -4.500000e+01
      vertex   1.875649e+01 -1.033112e+02 -4.500000e+01
    endloop
  endfacet
  facet normal 0.000000e+00 0.000000e+00 -1.000000e+00
    outer loop
      vertex   1.875649e+01 -1.033112e+02 -4.500000e+01
      vertex   1.162339e+01 -8.924627e+01 -4.500000e+01
      vertex   1.737416e+01 -8.830707e+01 -4.500000e+01
    endloop
  endfacet
  facet normal 0.000000e+00 0.000000e+00 -1.000000e+00
    outer loop
      vertex   1.875649e+01 -1.033112e+02 -4.500000e+01
      vertex   1.737416e+01 -8.830707e+01 -4.500000e+01
      vertex   2.490399e+01 -1.020039e+02 -4.500000e+01
    endloop
  endfacet
  facet normal 0.000000e+00 0.000000e+00 -1.000000e+00
    outer loop
      vertex   2.490399e+01 -1.020039e+02 -4.500000e+01
      vertex   1.737416e+01 -8.830707e+01 -4.500000e+01
      vertex   2.305210e+01 -8.699771e+01 -4.500000e+01
    endloop
  endfacet
  facet normal 0.000000e+00 0.000000e+00 -1.000000e+00
    outer loop
      vertex   2.490399e+01 -1.020039e+02 -4.500000e+01
      vertex   2.305210e+01 -8.699771e+01 -4.500000e+01
      vertex   3.096227e+01 -1.003311e+02 -4.500000e+01
    endloop
  endfacet
  facet normal 0.000000e+00 0.000000e+00 -1.000000e+00
    outer loop
      vertex   3.096227e+01 -1.003311e+02 -4.500000e+01
      vertex   2.305210e+01 -8.699771e+01 -4.500000e+01
      vertex   2.863341e+01 -8.532367e+01 -4.500000e+01
    endloop
  endfacet
  facet normal 0.000000e+00 0.000000e+00 -1.000000e+00
    outer loop
      vertex   3.096227e+01 -1.003311e+02 -4.500000e+01
      vertex   2.863341e+01 -8.532367e+01 -4.500000e+01
      vertex   3.690961e+01 -9.829894e+01 -4.500000e+01
    endloop
  endfacet
  facet normal 0.000000e+00 0.000000e+00 -1.000000e+00
    outer loop
      vertex   3.690961e+01 -9.829894e+01 -4.500000e+01
      vertex   2.863341e+01 -8.532367e+01 -4.500000e+01
      vertex   3.409469e+01 -8.329197e+01 -4.500000e+01
    endloop
  endfacet
  facet normal 0.000000e+00 0.000000e+00 -1.000000e+00
    outer loop
      vertex   3.690961e+01 -9.829894e+01 -4.500000e+01
      vertex   3.409469e+01 -8.329197e+01 -4.500000e+01
      vertex   4.272471e+01 -9.591454e+01 -4.500000e+01
    endloop
  endfacet
  facet normal 0.000000e+00 0.000000e+00 -1.000000e+00
    outer loop
      vertex   4.272471e+01 -9.591454e+01 -4.500000e+01
      vertex   3.409469e+01 -8.329197e+01 -4.500000e+01
      vertex   3.941306e+01 -8.091113e+01 -4.500000e+01
    endloop
  endfacet
  facet normal 0.000000e+00 0.000000e+00 -1.000000e+00
    outer loop
      vertex   4.272471e+01 -9.591454e+01 -4.500000e+01
      vertex   3.941306e+01 -8.091113e+01 -4.500000e+01
      vertex   4.838674e+01 -9.318650e+01 -4.500000e+01
    endloop
  endfacet
  facet normal 0.000000e+00 0.000000e+00 -1.000000e+00
    outer loop
      vertex   4.838674e+01 -9.318650e+01 -4.500000e+01
      vertex   3.941306e+01 -8.091113e+01 -4.500000e+01
      vertex   4.456622e+01 -7.819113e+01 -4.500000e+01
    endloop
  endfacet
  facet normal 0.000000e+00 0.000000e+00 -1.000000e+00
    outer loop
      vertex   4.838674e+01 -9.318650e+01 -4.500000e+01
      vertex   4.456622e+01 -7.819113e+01 -4.500000e+01
      vertex   5.387540e+01 -9.012459e+01 -4.500000e+01
    endloop
  endfacet
  facet normal 0.000000e+00 0.000000e+00 -1.000000e+00
    outer loop
      vertex   5.387540e+01 -9.012459e+01 -4.500000e+01
      vertex   4.456622e+01 -7.819113e+01 -4.500000e+01
      vertex   4.953256e+01 -7.514337e+01 -4.500000e+01
    endloop
  endfacet
  facet normal 0.000000e+00 0.000000e+00 -1.000000e+00
    outer loop
      vertex   5.387540e+01 -9.012459e+01 -4.500000e+01
      vertex   4.953256e+01 -7.514337e+01 -4.500000e+01
      vertex   5.917104e+01 -8.673978e+01 -4.500000e+01
    endloop
  endfacet
  facet normal 0.000000e+00 0.000000e+00 -1.000000e+00
    outer loop
      vertex   5.917104e+01 -8.673978e+01 -4.500000e+01
      vertex   4.953256e+01 -7.514337e+01 -4.500000e+01
      vertex   5.429127e+01 -7.178062e+01 -4.500000e+01
    endloop
  endfacet
  facet normal 0.000000e+00 0.000000e+00 -1.000000e+00
    outer loop
      vertex   5.917104e+01 -8.673978e+01 -4.500000e+01
      vertex   5.429127e+01 -7.178062e+01 -4.500000e+01
      vertex   6.425468e+01 -8.304419e+01 -4.500000e+01
    endloop
  endfacet
  facet normal 0.000000e+00 0.000000e+00 -1.000000e+00
    outer loop
      vertex   6.425468e+01 -8.304419e+01 -4.500000e+01
      vertex   5.429127e+01 -7.178062e+01 -4.500000e+01
      vertex   5.882241e+01 -6.811699e+01 -4.500000e+01
    endloop
  endfacet
  facet normal 0.000000e+00 0.000000e+00 -1.000000e+00
    outer loop
      vertex   6.425468e+01 -8.304419e+01 -4.500000e+01
      vertex   5.882241e+01 -6.811699e+01 -4.500000e+01
      vertex   6.910810e+01 -7.905106e+01 -4.500000e+01
    endloop
  endfacet
  facet normal 0.000000e+00 0.000000e+00 -1.000000e+00
    outer loop
      vertex   6.910810e+01 -7.905106e+01 -4.500000e+01
      vertex   5.882241e+01 -6.811699e+01 -4.500000e+01
      vertex   6.310698e+01 -6.416782e+01 -4.500000e+01
    endloop
  endfacet
  facet normal 0.000000e+00 0.000000e+00 -1.000000e+00
    outer loop
      vertex   6.910810e+01 -7.905106e+01 -4.500000e+01
      vertex   6.310698e+01 -6.416782e+01 -4.500000e+01
      vertex   7.371392e+01 -7.477472e+01 -4.500000e+01
    endloop
  endfacet
  facet normal 0.000000e+00 0.000000e+00 -1.000000e+00
    outer loop
      vertex   7.371392e+01 -7.477472e+01 -4.500000e+01
      vertex   6.310698e+01 -6.416782e+01 -4.500000e+01
      vertex   7.805564e+01 -7.023046e+01 -4.500000e+01
    endloop
  endfacet
  facet normal 0.000000e+00 0.000000e+00 -1.000000e+00
    outer loop
      vertex   7.805564e+01 -7.023046e+01 -4.500000e+01
      vertex   6.310698e+01 -6.416782e+01 -4.500000e+01
      vertex   6.712701e+01 -5.994968e+01 -4.500000e+01
    endloop
  endfacet
  facet normal 0.000000e+00 0.000000e+00 -1.000000e+00
    outer loop
      vertex   7.805564e+01 -7.023046e+01 -4.500000e+01
      vertex   6.712701e+01 -5.994968e+01 -4.500000e+01
      vertex   8.211769e+01 -6.543458e+01 -4.500000e+01
    endloop
  endfacet
  facet normal 0.000000e+00 0.000000e+00 -1.000000e+00
    outer loop
      vertex   8.211769e+01 -6.543458e+01 -4.500000e+01
      vertex   6.712701e+01 -5.994968e+01 -4.500000e+01
      vertex   7.086567e+01 -5.548024e+01 -4.500000e+01
    endloop
  endfacet
  facet normal 0.000000e+00 0.000000e+00 -1.000000e+00
    outer loop
      vertex   8.211769e+01 -6.543458e+01 -4.500000e+01
      vertex   7.086567e+01 -5.548024e+01 -4.500000e+01
      vertex   8.588553e+01 -6.040426e+01 -4.500000e+01
    endloop
  endfacet
  facet normal 0.000000e+00 0.000000e+00 -1.000000e+00
    outer loop
      vertex   8.588553e+01 -6.040426e+01 -4.500000e+01
      vertex   7.086567e+01 -5.548024e+01 -4.500000e+01
      vertex   7.430727e+01 -5.077824e+01 -4.500000e+01
    endloop
  endfacet
  facet normal 0.000000e+00 0.000000e+00 -1.000000e+00
    outer loop
      vertex   8.588553e+01 -6.040426e+01 -4.500000e+01
      vertex   7.430727e+01 -5.077824e+01 -4.500000e+01
      vertex   8.934566e+01 -5.515753e+01 -4.500000e+01
    endloop
  endfacet
  facet normal 0.000000e+00 0.000000e+00 -1.000000e+00
    outer loop
      vertex   8.934566e+01 -5.515753e+01 -4.500000e+01
      vertex   7.430727e+01 -5.077824e+01 -4.500000e+01
      vertex   7.743739e+01 -4.586339e+01 -4.500000e+01
    endloop
  endfacet
  facet normal 0.000000e+00 0.000000e+00 -1.000000e+00
    outer loop
      vertex   8.934566e+01 -5.515753e+01 -4.500000e+01
      vertex   7.743739e+01 -4.586339e+01 -4.500000e+01
      vertex   9.248568e+01 -4.971317e+01 -4.500000e+01
    endloop
  endfacet
  facet normal 0.000000e+00 0.000000e+00 -1.000000e+00
    outer loop
      vertex   9.248568e+01 -4.971317e+01 -4.500000e+01
      vertex   7.743739e+01 -4.586339e+01 -4.500000e+01
      vertex   8.024291e+01 -4.075629e+01 -4.500000e+01
    endloop
  endfacet
  facet normal 0.000000e+00 0.000000e+00 -1.000000e+00
    outer loop
      vertex   9.248568e+01 -4.971317e+01 -4.500000e+01
      vertex   8.024291e+01 -4.075629e+01 -4.500000e+01
      vertex   9.529434e+01 -4.409070e+01 -4.500000e+01
    endloop
  endfacet
  facet normal 0.000000e+00 0.000000e+00 -1.000000e+00
    outer loop
      vertex   9.529434e+01 -4.409070e+01 -4.500000e+01
      vertex   8.024291e+01 -4.075629e+01 -4.500000e+01
      vertex   8.271207e+01 -3.547835e+01 -4.500000e+01
    endloop
  endfacet
  facet normal 0.000000e+00 0.000000e+00 -1.000000e+00
    outer loop
      vertex   9.529434e+01 -4.409070e+01 -4.500000e+01
      vertex   8.271207e+01 -3.547835e+01 -4.500000e+01
      vertex   9.776157e+01 -3.831026e+01 -4.500000e+01
    endloop
  endfacet
  facet normal 0.000000e+00 0.000000e+00 -1.000000e+00
    outer loop
      vertex   9.776157e+01 -3.831026e+01 -4.500000e+01
      vertex   8.271207e+01 -3.547835e+01 -4.500000e+01
      vertex   8.483452e+01 -3.005169e+01 -4.500000e+01
    endloop
  endfacet
  facet normal 0.000000e+00 0.000000e+00 -1.000000e+00
    outer loop
      vertex   9.776157e+01 -3.831026e+01 -4.500000e+01
      vertex   8.483452e+01 -3.005169e+01 -4.500000e+01
      vertex   9.987854e+01 -3.239255e+01 -4.500000e+01
    endloop
  endfacet
  facet normal 0.000000e+00 0.000000e+00 -1.000000e+00
    outer loop
      vertex   9.987854e+01 -3.239255e+01 -4.500000e+01
      vertex   8.483452e+01 -3.005169e+01 -4.500000e+01
      vertex   8.660136e+01 -2.449906e+01 -4.500000e+01
    endloop
  endfacet
  facet normal 0.000000e+00 0.000000e+00 -1.000000e+00
    outer loop
      vertex   9.987854e+01 -3.239255e+01 -4.500000e+01
      vertex   8.660136e+01 -2.449906e+01 -4.500000e+01
      vertex   1.016377e+02 -2.635880e+01 -4.500000e+01
    endloop
  endfacet
  facet normal 0.000000e+00 0.000000e+00 -1.000000e+00
    outer loop
      vertex   1.016377e+02 -2.635880e+01 -4.500000e+01
      vertex   8.660136e+01 -2.449906e+01 -4.500000e+01
      vertex   8.800519e+01 -1.884374e+01 -4.500000e+01
    endloop
  endfacet
  facet normal 0.000000e+00 0.000000e+00 -1.000000e+00
    outer loop
      vertex   1.016377e+02 -2.635880e+01 -4.500000e+01
      vertex   8.800519e+01 -1.884374e+01 -4.500000e+01
      vertex   1.030326e+02 -2.023060e+01 -4.500000e+01
    endloop
  endfacet
  facet normal 0.000000e+00 0.000000e+00 -1.000000e+00
    outer loop
      vertex   1.030326e+02 -2.023060e+01 -4.500000e+01
      vertex   8.800519e+01 -1.884374e+01 -4.500000e+01
      vertex   8.904012e+01 -1.310942e+01 -4.500000e+01
    endloop
  endfacet
  facet normal 0.000000e+00 0.000000e+00 -1.000000e+00
    outer loop
      vertex   1.030326e+02 -2.023060e+01 -4.500000e+01
      vertex   8.904012e+01 -1.310942e+01 -4.500000e+01
      vertex   1.040585e+02 -1.402992e+01 -4.500000e+01
    endloop
  endfacet
  facet normal 0.000000e+00 0.000000e+00 -1.000000e+00
    outer loop
      vertex   1.040585e+02 -1.402992e+01 -4.500000e+01
      vertex   8.904012e+01 -1.310942e+01 -4.500000e+01
      vertex   8.970181e+01 -7.320158e+00 -4.500000e+01
    endloop
  endfacet
  facet normal 0.000000e+00 0.000000e+00 -1.000000e+00
    outer loop
      vertex   1.040585e+02 -1.402992e+01 -4.500000e+01
      vertex   8.970181e+01 -7.320158e+00 -4.500000e+01
      vertex   1.047115e+02 -7.778971e+00 -4.500000e+01
    endloop
  endfacet
  facet normal 0.000000e+00 0.000000e+00 -1.000000e+00
    outer loop
      vertex   1.047115e+02 -7.778971e+00 -4.500000e+01
      vertex   8.970181e+01 -7.320158e+00 -4.500000e+01
      vertex   8.998750e+01 -1.500208e+00 -4.500000e+01
    endloop
  endfacet
  facet normal 0.000000e+00 0.000000e+00 -1.000000e+00
    outer loop
      vertex   1.047115e+02 -7.778971e+00 -4.500000e+01
      vertex   8.998750e+01 -1.500208e+00 -4.500000e+01
      vertex   1.049893e+02 -1.500153e+00 -4.500000e+01
    endloop
  endfacet
  facet normal -0.000000e+00 0.000000e+00 -1.000000e+00
    outer loop
      vertex   1.049893e+02 -1.500153e+00 -4.500000e+01
      vertex   8.998750e+01 -1.500208e+00 -4.500000e+01
      vertex   1.048910e+02 4.784040e+00 -4.500000e+01
    endloop
  endfacet
  facet normal 0.000000e+00 0.000000e+00 -1.000000e+00
    outer loop
      vertex   1.048910e+02 4.784040e+00 -4.500000e+01
      vertex   8.998750e+01 -1.500208e+00 -4.500000e+01
      vertex   8.989597e+01 4.326029e+00 -4.500000e+01
    endloop
  endfacet
  facet normal -0.000000e+00 0.000000e+00 -1.000000e+00
    outer loop
      vertex   1.048910e+02 4.784040e+00 -4.500000e+01
      vertex   8.989597e+01 4.326029e+00 -4.500000e+01
      vertex   1.044168e+02 1.105109e+01 -4.500000e+01
    endloop
  endfacet
  facet normal 0.000000e+00 0.000000e+00 -1.000000e+00
    outer loop
      vertex   1.044168e+02 1.105109e+01 -4.500000e+01
      vertex   8.989597e+01 4.326029e+00 -4.500000e+01
      vertex   8.942762e+01 1.013413e+01 -4.500000e+01
    endloop
  endfacet
  facet normal -0.000000e+00 0.000000e+00 -1.000000e+00
    outer loop
      vertex   1.044168e+02 1.105109e+01 -4.500000e+01
      vertex   8.942762e+01 1.013413e+01 -4.500000e+01
      vertex   1.035686e+02 1.727855e+01 -4.500000e+01
    endloop
  endfacet
  facet normal 0.000000e+00 0.000000e+00 -1.000000e+00
    outer loop
      vertex   1.035686e+02 1.727855e+01 -4.500000e+01
      vertex   8.942762e+01 1.013413e+01 -4.500000e+01
      vertex   8.858441e+01 1.589976e+01 -4.500000e+01
    endloop
  endfacet
  facet normal -0.000000e+00 0.000000e+00 -1.000000e+00
    outer loop
      vertex   1.035686e+02 1.727855e+01 -4.500000e+01
      vertex   8.858441e+01 1.589976e+01 -4.500000e+01
      vertex   1.023493e+02 2.344410e+01 -4.500000e+01
    endloop
  endfacet
  facet normal 0.000000e+00 0.000000e+00 -1.000000e+00
    outer loop
      vertex   1.023493e+02 2.344410e+01 -4.500000e+01
      vertex   8.858441e+01 1.589976e+01 -4.500000e+01
      vertex   8.736987e+01 2.159873e+01 -4.500000e+01
    endloop
  endfacet
  facet normal -0.000000e+00 0.000000e+00 -1.000000e+00
    outer loop
      vertex   1.023493e+02 2.344410e+01 -4.500000e+01
      vertex   8.736987e+01 2.159873e+01 -4.500000e+01
      vertex   1.007633e+02 2.952566e+01 -4.500000e+01
    endloop
  endfacet
  facet normal 0.000000e+00 0.000000e+00 -1.000000e+00
    outer loop
      vertex   1.007633e+02 2.952566e+01 -4.500000e+01
      vertex   8.736987e+01 2.159873e+01 -4.500000e+01
      vertex   8.578910e+01 2.720717e+01 -4.500000e+01
    endloop
  endfacet
  facet normal -0.000000e+00 0.000000e+00 -1.000000e+00
    outer loop
      vertex   1.007633e+02 2.952566e+01 -4.500000e+01
      vertex   8.578910e+01 2.720717e+01 -4.500000e+01
      vertex   9.881624e+01 3.550143e+01 -4.500000e+01
    endloop
  endfacet
  facet normal 0.000000e+00 0.000000e+00 -1.000000e+00
    outer loop
      vertex   9.881624e+01 3.550143e+01 -4.500000e+01
      vertex   8.578910e+01 2.720717e+01 -4.500000e+01
      vertex   8.384872e+01 3.270156e+01 -4.500000e+01
    endloop
  endfacet
  facet normal -0.000000e+00 0.000000e+00 -1.000000e+00
    outer loop
      vertex   9.881624e+01 3.550143e+01 -4.500000e+01
      vertex   8.384872e+01 3.270156e+01 -4.500000e+01
      vertex   9.651517e+01 4.135000e+01 -4.500000e+01
    endloop
  endfacet
  facet normal 0.000000e+00 0.000000e+00 -1.000000e+00
    outer loop
      vertex   9.651517e+01 4.135000e+01 -4.500000e+01
      vertex   8.384872e+01 3.270156e+01 -4.500000e+01
      vertex   8.155686e+01 3.805888e+01 -4.500000e+01
    endloop
  endfacet
  facet normal -0.000000e+00 0.000000e+00 -1.000000e+00
    outer loop
      vertex   9.651517e+01 4.135000e+01 -4.500000e+01
      vertex   8.155686e+01 3.805888e+01 -4.500000e+01
      vertex   9.386830e+01 4.705043e+01 -4.500000e+01
    endloop
  endfacet
  facet normal 0.000000e+00 0.000000e+00 -1.000000e+00
    outer loop
      vertex   9.386830e+01 4.705043e+01 -4.500000e+01
      vertex   8.155686e+01 3.805888e+01 -4.500000e+01
      vertex   7.892314e+01 4.325666e+01 -4.500000e+01
    endloop
  endfacet
  facet normal -0.000000e+00 0.000000e+00 -1.000000e+00
    outer loop
      vertex   9.386830e+01 4.705043e+01 -4.500000e+01
      vertex   7.892314e+01 4.325666e+01 -4.500000e+01
      vertex   9.088512e+01 5.258228e+01 -4.500000e+01
    endloop
  endfacet
  facet normal 0.000000e+00 0.000000e+00 -1.000000e+00
    outer loop
      vertex   9.088512e+01 5.258228e+01 -4.500000e+01
      vertex   7.892314e+01 4.325666e+01 -4.500000e+01
      vertex   7.595859e+01 4.827311e+01 -4.500000e+01
    endloop
  endfacet
  facet normal -0.000000e+00 0.000000e+00 -1.000000e+00
    outer loop
      vertex   9.088512e+01 5.258228e+01 -4.500000e+01
      vertex   7.595859e+01 4.827311e+01 -4.500000e+01
      vertex   8.757631e+01 5.792573e+01 -4.500000e+01
    endloop
  endfacet
  facet normal 0.000000e+00 0.000000e+00 -1.000000e+00
    outer loop
      vertex   8.757631e+01 5.792573e+01 -4.500000e+01
      vertex   7.595859e+01 4.827311e+01 -4.500000e+01
      vertex   7.267563e+01 5.308722e+01 -4.500000e+01
    endloop
  endfacet
  facet normal -0.000000e+00 0.000000e+00 -1.000000e+00
    outer loop
      vertex   8.757631e+01 5.792573e+01 -4.500000e+01
      vertex   7.267563e+01 5.308722e+01 -4.500000e+01
      vertex   8.395373e+01 6.306165e+01 -4.500000e+01
    endloop
  endfacet
  facet normal 0.000000e+00 0.000000e+00 -1.000000e+00
    outer loop
      vertex   8.395373e+01 6.306165e+01 -4.500000e+01
      vertex   7.267563e+01 5.308722e+01 -4.500000e+01
      vertex   6.908803e+01 5.767880e+01 -4.500000e+01
    endloop
  endfacet
  facet normal -0.000000e+00 0.000000e+00 -1.000000e+00
    outer loop
      vertex   8.395373e+01 6.306165e+01 -4.500000e+01
      vertex   6.908803e+01 5.767880e+01 -4.500000e+01
      vertex   8.003036e+01 6.797163e+01 -4.500000e+01
    endloop
  endfacet
  facet normal 0.000000e+00 0.000000e+00 -1.000000e+00
    outer loop
      vertex   8.003036e+01 6.797163e+01 -4.500000e+01
      vertex   6.908803e+01 5.767880e+01 -4.500000e+01
      vertex   6.521084e+01 6.202860e+01 -4.500000e+01
    endloop
  endfacet
  facet normal -0.000000e+00 0.000000e+00 -1.000000e+00
    outer loop
      vertex   8.003036e+01 6.797163e+01 -4.500000e+01
      vertex   6.521084e+01 6.202860e+01 -4.500000e+01
      vertex   7.582025e+01 7.263808e+01 -4.500000e+01
    endloop
  endfacet
  facet normal 0.000000e+00 0.000000e+00 -1.000000e+00
    outer loop
      vertex   7.582025e+01 7.263808e+01 -4.500000e+01
      vertex   6.521084e+01 6.202860e+01 -4.500000e+01
      vertex   6.106029e+01 6.611839e+01 -4.500000e+01
    endloop
  endfacet
  facet normal -0.000000e+00 0.000000e+00 -1.000000e+00
    outer loop
      vertex   7.582025e+01 7.263808e+01 -4.500000e+01
      vertex   6.106029e+01 6.611839e+01 -4.500000e+01
      vertex   7.133849e+01 7.704428e+01 -4.500000e+01
    endloop
  endfacet
  facet normal -0.000000e+00 0.000000e+00 -1.000000e+00
    outer loop
      vertex   7.133849e+01 7.704428e+01 -4.500000e+01
      vertex   6.106029e+01 6.611839e+01 -4.500000e+01
      vertex   6.660114e+01 8.117444e+01 -4.500000e+01
    endloop
  endfacet
  facet normal 0.000000e+00 0.000000e+00 -1.000000e+00
    outer loop
      vertex   6.660114e+01 8.117444e+01 -4.500000e+01
      vertex   6.106029e+01 6.611839e+01 -4.500000e+01
      vertex   5.665379e+01 6.993102e+01 -4.500000e+01
    endloop
  endfacet
  facet normal -0.000000e+00 0.000000e+00 -1.000000e+00
    outer loop
      vertex   6.660114e+01 8.117444e+01 -4.500000e+01
      vertex   5.665379e+01 6.993102e+01 -4.500000e+01
      vertex   6.162516e+01 8.501376e+01 -4.500000e+01
    endloop
  endfacet
  facet normal 0.000000e+00 0.000000e+00 -1.000000e+00
    outer loop
      vertex   6.162516e+01 8.501376e+01 -4.500000e+01
      vertex   5.665379e+01 6.993102e+01 -4.500000e+01
      vertex   5.200981e+01 7.345053e+01 -4.500000e+01
    endloop
  endfacet
  facet normal -0.000000e+00 0.000000e+00 -1.000000e+00
    outer loop
      vertex   6.162516e+01 8.501376e+01 -4.500000e+01
      vertex   5.200981e+01 7.345053e+01 -4.500000e+01
      vertex   5.642839e+01 8.854850e+01 -4.500000e+01
    endloop
  endfacet
  facet normal 0.000000e+00 0.000000e+00 -1.000000e+00
    outer loop
      vertex   5.642839e+01 8.854850e+01 -4.500000e+01
      vertex   5.200981e+01 7.345053e+01 -4.500000e+01
      vertex   4.714782e+01 7.666214e+01 -4.500000e+01
    endloop
  endfacet
  facet normal -0.000000e+00 0.000000e+00 -1.000000e+00
    outer loop
      vertex   5.642839e+01 8.854850e+01 -4.500000e+01
      vertex   4.714782e+01 7.666214e+01 -4.500000e+01
      vertex   5.102945e+01 9.176598e+01 -4.500000e+01
    endloop
  endfacet
  facet normal 0.000000e+00 0.000000e+00 -1.000000e+00
    outer loop
      vertex   5.102945e+01 9.176598e+01 -4.500000e+01
      vertex   4.714782e+01 7.666214e+01 -4.500000e+01
      vertex   4.208819e+01 7.955240e+01 -4.500000e+01
    endloop
  endfacet
  facet normal -0.000000e+00 0.000000e+00 -1.000000e+00
    outer loop
      vertex   5.102945e+01 9.176598e+01 -4.500000e+01
      vertex   4.208819e+01 7.955240e+01 -4.500000e+01
      vertex   4.544768e+01 9.465468e+01 -4.500000e+01
    endloop
  endfacet
  facet normal 0.000000e+00 0.000000e+00 -1.000000e+00
    outer loop
      vertex   4.544768e+01 9.465468e+01 -4.500000e+01
      vertex   4.208819e+01 7.955240e+01 -4.500000e+01
      vertex   3.685214e+01 8.210919e+01 -4.500000e+01
    endloop
  endfacet
  facet normal -0.000000e+00 0.000000e+00 -1.000000e+00
    outer loop
      vertex   4.544768e+01 9.465468e+01 -4.500000e+01
      vertex   3.685214e+01 8.210919e+01 -4.500000e+01
      vertex   3.970308e+01 9.720425e+01 -4.500000e+01
    endloop
  endfacet
  facet normal 0.000000e+00 0.000000e+00 -1.000000e+00
    outer loop
      vertex   3.970308e+01 9.720425e+01 -4.500000e+01
      vertex   3.685214e+01 8.210919e+01 -4.500000e+01
      vertex   3.146162e+01 8.432181e+01 -4.500000e+01
    endloop
  endfacet
  facet normal -0.000000e+00 0.000000e+00 -1.000000e+00
    outer loop
      vertex   3.970308e+01 9.720425e+01 -4.500000e+01
      vertex   3.146162e+01 8.432181e+01 -4.500000e+01
      vertex   3.381623e+01 9.940555e+01 -4.500000e+01
    endloop
  endfacet
  facet normal 0.000000e+00 0.000000e+00 -1.000000e+00
    outer loop
      vertex   3.381623e+01 9.940555e+01 -4.500000e+01
      vertex   3.146162e+01 8.432181e+01 -4.500000e+01
      vertex   2.593921e+01 8.618096e+01 -4.500000e+01
    endloop
  endfacet
  facet normal -0.000000e+00 0.000000e+00 -1.000000e+00
    outer loop
      vertex   3.381623e+01 9.940555e+01 -4.500000e+01
      vertex   2.593921e+01 8.618096e+01 -4.500000e+01
      vertex   2.780822e+01 1.012507e+02 -4.500000e+01
    endloop
  endfacet
  facet normal 0.000000e+00 0.000000e+00 -1.000000e+00
    outer loop
      vertex   2.780822e+01 1.012507e+02 -4.500000e+01
      vertex   2.593921e+01 8.618096e+01 -4.500000e+01
      vertex   2.030807e+01 8.767886e+01 -4.500000e+01
    endloop
  endfacet
  facet normal -0.000000e+00 0.000000e+00 -1.000000e+00
    outer loop
      vertex   2.780822e+01 1.012507e+02 -4.500000e+01
      vertex   2.030807e+01 8.767886e+01 -4.500000e+01
      vertex   2.170058e+01 1.027331e+02 -4.500000e+01
    endloop
  endfacet
  facet normal 0.000000e+00 0.000000e+00 -1.000000e+00
    outer loop
      vertex   2.170058e+01 1.027331e+02 -4.500000e+01
      vertex   2.030807e+01 8.767886e+01 -4.500000e+01
      vertex   1.459181e+01 8.880923e+01 -4.500000e+01
    endloop
  endfacet
  facet normal -0.000000e+00 0.000000e+00 -1.000000e+00
    outer loop
      vertex   2.170058e+01 1.027331e+02 -4.500000e+01
      vertex   1.459181e+01 8.880923e+01 -4.500000e+01
      vertex   1.551519e+01 1.038474e+02 -4.500000e+01
    endloop
  endfacet
  facet normal 0.000000e+00 0.000000e+00 -1.000000e+00
    outer loop
      vertex   1.551519e+01 1.038474e+02 -4.500000e+01
      vertex   1.459181e+01 8.880923e+01 -4.500000e+01
      vertex   8.814379e+00 8.956733e+01 -4.500000e+01
    endloop
  endfacet
  facet normal -0.000000e+00 0.000000e+00 -1.000000e+00
    outer loop
      vertex   1.551519e+01 1.038474e+02 -4.500000e+01
      vertex   8.814379e+00 8.956733e+01 -4.500000e+01
      vertex   9.274208e+00 1.045896e+02 -4.500000e+01
    endloop
  endfacet
  facet normal 0.000000e+00 0.000000e+00 -1.000000e+00
    outer loop
      vertex   9.274208e+00 1.045896e+02 -4.500000e+01
      vertex   8.814379e+00 8.956733e+01 -4.500000e+01
      vertex   3.000000e+00 8.994999e+01 -4.500000e+01
    endloop
  endfacet
  facet normal -0.000000e+00 0.000000e+00 -1.000000e+00
    outer loop
      vertex   9.274208e+00 1.045896e+02 -4.500000e+01
      vertex   3.000000e+00 8.994999e+01 -4.500000e+01
      vertex   3.000000e+00 1.049571e+02 -4.500000e+01
    endloop
  endfacet
  facet normal 4.396510e-02 -6.680416e-01 -7.428240e-01
    outer loop
      vertex   -8.814379e+00 8.956733e+01 -4.500000e+01
      vertex   -3.000000e+00 8.994999e+01 -4.500000e+01
      vertex   -3.486215e+00 5.689329e+01 -1.530000e+01
    endloop
  endfacet
  facet normal 5.170497e-02 -6.678568e-01 -7.424916e-01
    outer loop
      vertex   -3.486215e+00 5.689329e+01 -1.530000e+01
      vertex   -3.000000e+00 8.994999e+01 -4.500000e+01
      vertex   -3.000000e+00 8.661473e+01 -4.200000e+01
    endloop
  endfacet
  facet normal 2.555802e-02 -6.682958e-01 -7.434564e-01
    outer loop
      vertex   -3.486215e+00 5.689329e+01 -1.530000e+01
      vertex   -3.000000e+00 8.661473e+01 -4.200000e+01
      vertex   -2.834768e+00 8.552975e+01 -4.101902e+01
    endloop
  endfacet
  facet normal 2.266715e-02 -6.683060e-01 -7.435410e-01
    outer loop
      vertex   -2.834768e+00 8.552975e+01 -4.101902e+01
      vertex   -2.614938e+00 8.499293e+01 -4.052982e+01
      vertex   -3.486215e+00 5.689329e+01 -1.530000e+01
    endloop
  endfacet
  facet normal 2.047374e-02 -6.683000e-01 -7.436101e-01
    outer loop
      vertex   -3.486215e+00 5.689329e+01 -1.530000e+01
      vertex   -2.614938e+00 8.499293e+01 -4.052982e+01
      vertex   -2.298578e+00 8.449389e+01 -4.007262e+01
    endloop
  endfacet
  facet normal 1.752113e-02 -6.682672e-01 -7.437150e-01
    outer loop
      vertex   -3.486215e+00 5.689329e+01 -1.530000e+01
      vertex   -2.298578e+00 8.449389e+01 -4.007262e+01
      vertex   -1.889612e+00 8.405645e+01 -3.966991e+01
    endloop
  endfacet
  facet normal 1.377556e-02 -6.681844e-01 -7.438682e-01
    outer loop
      vertex   -1.889612e+00 8.405645e+01 -3.966991e+01
      vertex   -1.358584e+00 8.368420e+01 -3.932571e+01
      vertex   -3.486215e+00 5.689329e+01 -1.530000e+01
    endloop
  endfacet
  facet normal 1.363272e-02 -6.681794e-01 -7.438753e-01
    outer loop
      vertex   -3.486215e+00 5.689329e+01 -1.530000e+01
      vertex   -1.358584e+00 8.368420e+01 -3.932571e+01
      vertex   1.162717e+00 5.698814e+01 -1.530000e+01
    endloop
  endfacet
  facet normal 1.005709e-02 -6.683945e-01 -7.437390e-01
    outer loop
      vertex   1.162717e+00 5.698814e+01 -1.530000e+01
      vertex   -1.358584e+00 8.368420e+01 -3.932571e+01
      vertex   -1.045462e+00 8.353575e+01 -3.918806e+01
    endloop
  endfacet
  facet normal 7.191366e-03 -6.685428e-01 -7.436389e-01
    outer loop
      vertex   1.162717e+00 5.698814e+01 -1.530000e+01
      vertex   -1.045462e+00 8.353575e+01 -3.918806e+01
      vertex   -7.080505e-01 8.342520e+01 -3.908542e+01
    endloop
  endfacet
  facet normal 4.372097e-03 -6.686640e-01 -7.435519e-01
    outer loop
      vertex   -7.080505e-01 8.342520e+01 -3.908542e+01
      vertex   -3.559983e-01 8.335678e+01 -3.902181e+01
      vertex   1.162717e+00 5.698814e+01 -1.530000e+01
    endloop
  endfacet
  facet normal 1.512555e-03 -6.687606e-01 -7.434762e-01
    outer loop
      vertex   1.162717e+00 5.698814e+01 -1.530000e+01
      vertex   -3.559983e-01 8.335678e+01 -3.902181e+01
      vertex   8.730612e-11 8.333333e+01 -3.900000e+01
    endloop
  endfacet
  facet normal -1.503654e-03 -6.688342e-01 -7.434101e-01
    outer loop
      vertex   1.162717e+00 5.698814e+01 -1.530000e+01
      vertex   8.730612e-11 8.333333e+01 -3.900000e+01
      vertex   3.559983e-01 8.335678e+01 -3.902181e+01
    endloop
  endfacet
  facet normal -4.296499e-03 -6.688760e-01 -7.433616e-01
    outer loop
      vertex   3.559983e-01 8.335678e+01 -3.902181e+01
      vertex   7.080505e-01 8.342520e+01 -3.908542e+01
      vertex   1.162717e+00 5.698814e+01 -1.530000e+01
    endloop
  endfacet
  facet normal -6.982350e-03 -6.688914e-01 -7.433273e-01
    outer loop
      vertex   1.162717e+00 5.698814e+01 -1.530000e+01
      vertex   7.080505e-01 8.342520e+01 -3.908542e+01
      vertex   1.045462e+00 8.353575e+01 -3.918806e+01
    endloop
  endfacet
  facet normal -9.634689e-03 -6.688832e-01 -7.433051e-01
    outer loop
      vertex   1.162717e+00 5.698814e+01 -1.530000e+01
      vertex   1.045462e+00 8.353575e+01 -3.918806e+01
      vertex   1.358584e+00 8.368420e+01 -3.932571e+01
    endloop
  endfacet
  facet normal -1.293750e-02 -6.688448e-01 -7.432895e-01
    outer loop
      vertex   1.358584e+00 8.368420e+01 -3.932571e+01
      vertex   1.889612e+00 8.405645e+01 -3.966991e+01
      vertex   1.162717e+00 5.698814e+01 -1.530000e+01
    endloop
  endfacet
  facet normal -1.658927e-02 -6.687546e-01 -7.432981e-01
    outer loop
      vertex   1.162717e+00 5.698814e+01 -1.530000e+01
      vertex   1.889612e+00 8.405645e+01 -3.966991e+01
      vertex   2.298578e+00 8.449389e+01 -4.007262e+01
    endloop
  endfacet
  facet normal -1.949572e-02 -6.686532e-01 -7.433188e-01
    outer loop
      vertex   1.162717e+00 5.698814e+01 -1.530000e+01
      vertex   2.298578e+00 8.449389e+01 -4.007262e+01
      vertex   2.614938e+00 8.499293e+01 -4.052982e+01
    endloop
  endfacet
  facet normal -2.159079e-02 -6.685643e-01 -7.433408e-01
    outer loop
      vertex   2.614938e+00 8.499293e+01 -4.052982e+01
      vertex   2.834768e+00 8.552975e+01 -4.101902e+01
      vertex   1.162717e+00 5.698814e+01 -1.530000e+01
    endloop
  endfacet
  facet normal -2.405794e-02 -6.684468e-01 -7.433708e-01
    outer loop
      vertex   1.162717e+00 5.698814e+01 -1.530000e+01
      vertex   2.834768e+00 8.552975e+01 -4.101902e+01
      vertex   3.000000e+00 8.661473e+01 -4.200000e+01
    endloop
  endfacet
  facet normal -4.090217e-02 -6.675031e-01 -7.434827e-01
    outer loop
      vertex   1.162717e+00 5.698814e+01 -1.530000e+01
      vertex   3.000000e+00 8.661473e+01 -4.200000e+01
      vertex   5.803910e+00 5.670375e+01 -1.530000e+01
    endloop
  endfacet
  facet normal -4.445719e-02 -6.675870e-01 -7.432033e-01
    outer loop
      vertex   5.803910e+00 5.670375e+01 -1.530000e+01
      vertex   3.000000e+00 8.661473e+01 -4.200000e+01
      vertex   8.814379e+00 8.956733e+01 -4.500000e+01
    endloop
  endfacet
  facet normal -8.706910e-02 -6.635462e-01 -7.430514e-01
    outer loop
      vertex   5.803910e+00 5.670375e+01 -1.530000e+01
      vertex   8.814379e+00 8.956733e+01 -4.500000e+01
      vertex   1.459181e+01 8.880923e+01 -4.500000e+01
    endloop
  endfacet
  facet normal -4.396924e-02 -6.681046e-01 -7.427671e-01
    outer loop
      vertex   3.000000e+00 8.661473e+01 -4.200000e+01
      vertex   3.000000e+00 8.994999e+01 -4.500000e+01
      vertex   8.814379e+00 8.956733e+01 -4.500000e+01
    endloop
  endfacet
  facet normal -9.515685e-02 -6.618304e-01 -7.435897e-01
    outer loop
      vertex   5.803910e+00 5.670375e+01 -1.530000e+01
      vertex   1.459181e+01 8.880923e+01 -4.500000e+01
      vertex   1.040648e+01 5.604200e+01 -1.530000e+01
    endloop
  endfacet
  facet normal -1.298666e-01 -6.567329e-01 -7.428570e-01
    outer loop
      vertex   1.040648e+01 5.604200e+01 -1.530000e+01
      vertex   1.459181e+01 8.880923e+01 -4.500000e+01
      vertex   2.030807e+01 8.767886e+01 -4.500000e+01
    endloop
  endfacet
  facet normal -1.487416e-01 -6.516797e-01 -7.437671e-01
    outer loop
      vertex   1.040648e+01 5.604200e+01 -1.530000e+01
      vertex   2.030807e+01 8.767886e+01 -4.500000e+01
      vertex   1.493980e+01 5.500730e+01 -1.530000e+01
    endloop
  endfacet
  facet normal -1.721004e-01 -6.469861e-01 -7.428260e-01
    outer loop
      vertex   1.493980e+01 5.500730e+01 -1.530000e+01
      vertex   2.030807e+01 8.767886e+01 -4.500000e+01
      vertex   2.593921e+01 8.618096e+01 -4.500000e+01
    endloop
  endfacet
  facet normal -2.013913e-01 -6.374719e-01 -7.436875e-01
    outer loop
      vertex   1.493980e+01 5.500730e+01 -1.530000e+01
      vertex   2.593921e+01 8.618096e+01 -4.500000e+01
      vertex   1.937369e+01 5.360653e+01 -1.530000e+01
    endloop
  endfacet
  facet normal -2.135594e-01 -6.343544e-01 -7.429582e-01
    outer loop
      vertex   1.937369e+01 5.360653e+01 -1.530000e+01
      vertex   2.593921e+01 8.618096e+01 -4.500000e+01
      vertex   3.146162e+01 8.432181e+01 -4.500000e+01
    endloop
  endfacet
  facet normal -2.528226e-01 -6.192821e-01 -7.433508e-01
    outer loop
      vertex   1.937369e+01 5.360653e+01 -1.530000e+01
      vertex   3.146162e+01 8.432181e+01 -4.500000e+01
      vertex   2.367866e+01 5.184902e+01 -1.530000e+01
    endloop
  endfacet
  facet normal -2.540364e-01 -6.189021e-01 -7.432535e-01
    outer loop
      vertex   2.367866e+01 5.184902e+01 -1.530000e+01
      vertex   3.146162e+01 8.432181e+01 -4.500000e+01
      vertex   3.685214e+01 8.210919e+01 -4.500000e+01
    endloop
  endfacet
  facet normal -2.936716e-01 -6.014088e-01 -7.430104e-01
    outer loop
      vertex   2.367866e+01 5.184902e+01 -1.530000e+01
      vertex   3.685214e+01 8.210919e+01 -4.500000e+01
      vertex   4.208819e+01 7.955240e+01 -4.500000e+01
    endloop
  endfacet
  facet normal -3.023161e-01 -5.963330e-01 -7.436342e-01
    outer loop
      vertex   2.367866e+01 5.184902e+01 -1.530000e+01
      vertex   4.208819e+01 7.955240e+01 -4.500000e+01
      vertex   2.782604e+01 4.974647e+01 -1.530000e+01
    endloop
  endfacet
  facet normal -3.320663e-01 -5.813076e-01 -7.428415e-01
    outer loop
      vertex   2.782604e+01 4.974647e+01 -1.530000e+01
      vertex   4.208819e+01 7.955240e+01 -4.500000e+01
      vertex   4.714782e+01 7.666214e+01 -4.500000e+01
    endloop
  endfacet
  facet normal -3.498369e-01 -5.695770e-01 -7.437716e-01
    outer loop
      vertex   2.782604e+01 4.974647e+01 -1.530000e+01
      vertex   4.714782e+01 7.666214e+01 -4.500000e+01
      vertex   3.178825e+01 4.731286e+01 -1.530000e+01
    endloop
  endfacet
  facet normal -3.689902e-01 -5.586065e-01 -7.428358e-01
    outer loop
      vertex   3.178825e+01 4.731286e+01 -1.530000e+01
      vertex   4.714782e+01 7.666214e+01 -4.500000e+01
      vertex   5.200981e+01 7.345053e+01 -4.500000e+01
    endloop
  endfacet
  facet normal -3.951773e-01 -5.392741e-01 -7.436520e-01
    outer loop
      vertex   3.178825e+01 4.731286e+01 -1.530000e+01
      vertex   5.200981e+01 7.345053e+01 -4.500000e+01
      vertex   3.553892e+01 4.456440e+01 -1.530000e+01
    endloop
  endfacet
  facet normal -4.042586e-01 -5.334189e-01 -7.429935e-01
    outer loop
      vertex   3.553892e+01 4.456440e+01 -1.530000e+01
      vertex   5.200981e+01 7.345053e+01 -4.500000e+01
      vertex   5.665379e+01 6.993102e+01 -4.500000e+01
    endloop
  endfacet
  facet normal -4.377207e-01 -5.059008e-01 -7.432799e-01
    outer loop
      vertex   3.553892e+01 4.456440e+01 -1.530000e+01
      vertex   5.665379e+01 6.993102e+01 -4.500000e+01
      vertex   6.106029e+01 6.611839e+01 -4.500000e+01
    endloop
  endfacet
  facet normal -4.380614e-01 -5.055498e-01 -7.433180e-01
    outer loop
      vertex   3.553892e+01 4.456440e+01 -1.530000e+01
      vertex   6.106029e+01 6.611839e+01 -4.500000e+01
      vertex   3.905308e+01 4.151936e+01 -1.530000e+01
    endloop
  endfacet
  facet normal -4.697790e-01 -4.767580e-01 -7.429734e-01
    outer loop
      vertex   3.905308e+01 4.151936e+01 -1.530000e+01
      vertex   6.106029e+01 6.611839e+01 -4.500000e+01
      vertex   6.521084e+01 6.202860e+01 -4.500000e+01
    endloop
  endfacet
  facet normal -4.775292e-01 -4.678857e-01 -7.436725e-01
    outer loop
      vertex   3.905308e+01 4.151936e+01 -1.530000e+01
      vertex   6.521084e+01 6.202860e+01 -4.500000e+01
      vertex   4.230735e+01 3.819802e+01 -1.530000e+01
    endloop
  endfacet
  facet normal -4.997644e-01 -4.454653e-01 -7.428298e-01
    outer loop
      vertex   4.230735e+01 3.819802e+01 -1.530000e+01
      vertex   6.521084e+01 6.202860e+01 -4.500000e+01
      vertex   6.908803e+01 5.767880e+01 -4.500000e+01
    endloop
  endfacet
  facet normal -5.139941e-01 -4.273366e-01 -7.437698e-01
    outer loop
      vertex   4.230735e+01 3.819802e+01 -1.530000e+01
      vertex   6.908803e+01 5.767880e+01 -4.500000e+01
      vertex   4.528006e+01 3.462248e+01 -1.530000e+01
    endloop
  endfacet
  facet normal -5.275257e-01 -4.121784e-01 -7.428496e-01
    outer loop
      vertex   4.528006e+01 3.462248e+01 -1.530000e+01
      vertex   6.908803e+01 5.767880e+01 -4.500000e+01
      vertex   7.267563e+01 5.308722e+01 -4.500000e+01
    endloop
  endfacet
  facet normal -5.472610e-01 -3.841213e-01 -7.436103e-01
    outer loop
      vertex   4.528006e+01 3.462248e+01 -1.530000e+01
      vertex   7.267563e+01 5.308722e+01 -4.500000e+01
      vertex   4.795145e+01 3.081653e+01 -1.530000e+01
    endloop
  endfacet
  facet normal -5.529243e-01 -3.770639e-01 -7.430327e-01
    outer loop
      vertex   4.795145e+01 3.081653e+01 -1.530000e+01
      vertex   7.267563e+01 5.308722e+01 -4.500000e+01
      vertex   7.595859e+01 4.827311e+01 -4.500000e+01
    endloop
  endfacet
  facet normal -5.759847e-01 -3.403872e-01 -7.432215e-01
    outer loop
      vertex   4.795145e+01 3.081653e+01 -1.530000e+01
      vertex   7.595859e+01 4.827311e+01 -4.500000e+01
      vertex   7.892314e+01 4.325666e+01 -4.500000e+01
    endloop
  endfacet
  facet normal -5.769606e-01 -3.383602e-01 -7.433901e-01
    outer loop
      vertex   4.795145e+01 3.081653e+01 -1.530000e+01
      vertex   7.892314e+01 4.325666e+01 -4.500000e+01
      vertex   5.030373e+01 2.680550e+01 -1.530000e+01
    endloop
  endfacet
  facet normal -5.970825e-01 -3.025429e-01 -7.429403e-01
    outer loop
      vertex   5.030373e+01 2.680550e+01 -1.530000e+01
      vertex   7.892314e+01 4.325666e+01 -4.500000e+01
      vertex   8.155686e+01 3.805888e+01 -4.500000e+01
    endloop
  endfacet
  facet normal -6.023053e-01 -2.900549e-01 -7.437046e-01
    outer loop
      vertex   5.030373e+01 2.680550e+01 -1.530000e+01
      vertex   8.155686e+01 3.805888e+01 -4.500000e+01
      vertex   5.232125e+01 2.261608e+01 -1.530000e+01
    endloop
  endfacet
  facet normal -6.155292e-01 -2.633231e-01 -7.428222e-01
    outer loop
      vertex   5.232125e+01 2.261608e+01 -1.530000e+01
      vertex   8.155686e+01 3.805888e+01 -4.500000e+01
      vertex   8.384872e+01 3.270156e+01 -4.500000e+01
    endloop
  endfacet
  facet normal -6.238838e-01 -2.399734e-01 -7.437619e-01
    outer loop
      vertex   5.232125e+01 2.261608e+01 -1.530000e+01
      vertex   8.384872e+01 3.270156e+01 -4.500000e+01
      vertex   5.399057e+01 1.827616e+01 -1.530000e+01
    endloop
  endfacet
  facet normal -6.312314e-01 -2.229236e-01 -7.428674e-01
    outer loop
      vertex   5.399057e+01 1.827616e+01 -1.530000e+01
      vertex   8.384872e+01 3.270156e+01 -4.500000e+01
      vertex   8.578910e+01 2.720717e+01 -4.500000e+01
    endloop
  endfacet
  facet normal -6.415810e-01 -1.883852e-01 -7.435623e-01
    outer loop
      vertex   5.399057e+01 1.827616e+01 -1.530000e+01
      vertex   8.578910e+01 2.720717e+01 -4.500000e+01
      vertex   5.530060e+01 1.381462e+01 -1.530000e+01
    endloop
  endfacet
  facet normal -6.441111e-01 -1.815466e-01 -7.430759e-01
    outer loop
      vertex   5.530060e+01 1.381462e+01 -1.530000e+01
      vertex   8.578910e+01 2.720717e+01 -4.500000e+01
      vertex   8.736987e+01 2.159873e+01 -4.500000e+01
    endloop
  endfacet
  facet normal -6.544100e-01 -1.394646e-01 -7.431670e-01
    outer loop
      vertex   5.530060e+01 1.381462e+01 -1.530000e+01
      vertex   8.736987e+01 2.159873e+01 -4.500000e+01
      vertex   8.858441e+01 1.589976e+01 -4.500000e+01
    endloop
  endfacet
  facet normal -6.549170e-01 -1.354875e-01 -7.434560e-01
    outer loop
      vertex   5.530060e+01 1.381462e+01 -1.530000e+01
      vertex   8.858441e+01 1.589976e+01 -4.500000e+01
      vertex   5.624261e+01 9.261140e+00 -1.530000e+01
    endloop
  endfacet
  facet normal -6.623442e-01 -9.686646e-02 -7.429112e-01
    outer loop
      vertex   5.624261e+01 9.261140e+00 -1.530000e+01
      vertex   8.858441e+01 1.589976e+01 -4.500000e+01
      vertex   8.942762e+01 1.013413e+01 -4.500000e+01
    endloop
  endfacet
  facet normal -6.634785e-01 -8.161758e-02 -7.437304e-01
    outer loop
      vertex   5.624261e+01 9.261140e+00 -1.530000e+01
      vertex   8.942762e+01 1.013413e+01 -4.500000e+01
      vertex   5.681034e+01 4.646029e+00 -1.530000e+01
    endloop
  endfacet
  facet normal -6.673268e-01 -5.381140e-02 -7.428185e-01
    outer loop
      vertex   5.681034e+01 4.646029e+00 -1.530000e+01
      vertex   8.942762e+01 1.013413e+01 -4.500000e+01
      vertex   8.989597e+01 4.326029e+00 -4.500000e+01
    endloop
  endfacet
  facet normal -6.679041e-01 -2.726556e-02 -7.437477e-01
    outer loop
      vertex   5.681034e+01 4.646029e+00 -1.530000e+01
      vertex   8.989597e+01 4.326029e+00 -4.500000e+01
      vertex   5.700000e+01 6.980487e-15 -1.530000e+01
    endloop
  endfacet
  facet normal -6.693319e-01 -1.051465e-02 -7.428892e-01
    outer loop
      vertex   5.700000e+01 6.980487e-15 -1.530000e+01
      vertex   8.989597e+01 4.326029e+00 -4.500000e+01
      vertex   8.998750e+01 -1.500208e+00 -4.500000e+01
    endloop
  endfacet
  facet normal -6.681704e-01 2.727643e-02 -7.435081e-01
    outer loop
      vertex   5.700000e+01 6.980487e-15 -1.530000e+01
      vertex   8.998750e+01 -1.500208e+00 -4.500000e+01
      vertex   5.681034e+01 -4.646029e+00 -1.530000e+01
    endloop
  endfacet
  facet normal -6.683501e-01 3.280714e-02 -7.431230e-01
    outer loop
      vertex   5.681034e+01 -4.646029e+00 -1.530000e+01
      vertex   8.998750e+01 -1.500208e+00 -4.500000e+01
      vertex   8.970181e+01 -7.320158e+00 -4.500000e+01
    endloop
  endfacet
  facet normal -6.648336e-01 7.598816e-02 -7.431165e-01
    outer loop
      vertex   5.681034e+01 -4.646029e+00 -1.530000e+01
      vertex   8.970181e+01 -7.320158e+00 -4.500000e+01
      vertex   8.904012e+01 -1.310942e+01 -4.500000e+01
    endloop
  endfacet
  facet normal -6.637155e-01 8.164673e-02 -7.435157e-01
    outer loop
      vertex   5.681034e+01 -4.646029e+00 -1.530000e+01
      vertex   8.904012e+01 -1.310942e+01 -4.500000e+01
      vertex   5.624261e+01 -9.261140e+00 -1.530000e+01
    endloop
  endfacet
  facet normal -6.587747e-01 1.188957e-01 -7.428860e-01
    outer loop
      vertex   5.624261e+01 -9.261140e+00 -1.530000e+01
      vertex   8.904012e+01 -1.310942e+01 -4.500000e+01
      vertex   8.800519e+01 -1.884374e+01 -4.500000e+01
    endloop
  endfacet
  facet normal -6.545969e-01 1.354212e-01 -7.437499e-01
    outer loop
      vertex   5.624261e+01 -9.261140e+00 -1.530000e+01
      vertex   8.800519e+01 -1.884374e+01 -4.500000e+01
      vertex   5.530060e+01 -1.381462e+01 -1.530000e+01
    endloop
  endfacet
  facet normal -6.497727e-01 1.612939e-01 -7.428188e-01
    outer loop
      vertex   5.530060e+01 -1.381462e+01 -1.530000e+01
      vertex   8.800519e+01 -1.884374e+01 -4.500000e+01
      vertex   8.660136e+01 -2.449906e+01 -4.500000e+01
    endloop
  endfacet
  facet normal -6.414049e-01 1.883335e-01 -7.437273e-01
    outer loop
      vertex   5.530060e+01 -1.381462e+01 -1.530000e+01
      vertex   8.660136e+01 -2.449906e+01 -4.500000e+01
      vertex   5.399057e+01 -1.827616e+01 -1.530000e+01
    endloop
  endfacet
  facet normal -6.378719e-01 2.029703e-01 -7.429149e-01
    outer loop
      vertex   5.399057e+01 -1.827616e+01 -1.530000e+01
      vertex   8.660136e+01 -2.449906e+01 -4.500000e+01
      vertex   8.483452e+01 -3.005169e+01 -4.500000e+01
    endloop
  endfacet
  facet normal -6.242100e-01 2.400989e-01 -7.434476e-01
    outer loop
      vertex   5.399057e+01 -1.827616e+01 -1.530000e+01
      vertex   8.483452e+01 -3.005169e+01 -4.500000e+01
      vertex   5.232125e+01 -2.261608e+01 -1.530000e+01
    endloop
  endfacet
  facet normal -6.231328e-01 2.437168e-01 -7.431741e-01
    outer loop
      vertex   5.232125e+01 -2.261608e+01 -1.530000e+01
      vertex   8.483452e+01 -3.005169e+01 -4.500000e+01
      vertex   8.271207e+01 -3.547835e+01 -4.500000e+01
    endloop
  endfacet
  facet normal -6.061606e-01 2.835779e-01 -7.430699e-01
    outer loop
      vertex   5.232125e+01 -2.261608e+01 -1.530000e+01
      vertex   8.271207e+01 -3.547835e+01 -4.500000e+01
      vertex   8.024291e+01 -4.075629e+01 -4.500000e+01
    endloop
  endfacet
  facet normal -6.024411e-01 2.901203e-01 -7.435691e-01
    outer loop
      vertex   5.232125e+01 -2.261608e+01 -1.530000e+01
      vertex   8.024291e+01 -4.075629e+01 -4.500000e+01
      vertex   5.030373e+01 -2.680550e+01 -1.530000e+01
    endloop
  endfacet
  facet normal -5.867394e-01 3.223178e-01 -7.428648e-01
    outer loop
      vertex   5.030373e+01 -2.680550e+01 -1.530000e+01
      vertex   8.024291e+01 -4.075629e+01 -4.500000e+01
      vertex   7.743739e+01 -4.586339e+01 -4.500000e+01
    endloop
  endfacet
  facet normal -5.766026e-01 3.381502e-01 -7.437633e-01
    outer loop
      vertex   5.030373e+01 -2.680550e+01 -1.530000e+01
      vertex   7.743739e+01 -4.586339e+01 -4.500000e+01
      vertex   4.795145e+01 -3.081653e+01 -1.530000e+01
    endloop
  endfacet
  facet normal -5.646916e-01 3.596352e-01 -7.428230e-01
    outer loop
      vertex   4.795145e+01 -3.081653e+01 -1.530000e+01
      vertex   7.743739e+01 -4.586339e+01 -4.500000e+01
      vertex   7.430727e+01 -5.077824e+01 -4.500000e+01
    endloop
  endfacet
  facet normal -5.471787e-01 3.840636e-01 -7.437006e-01
    outer loop
      vertex   4.795145e+01 -3.081653e+01 -1.530000e+01
      vertex   7.430727e+01 -5.077824e+01 -4.500000e+01
      vertex   4.528006e+01 -3.462248e+01 -1.530000e+01
    endloop
  endfacet
  facet normal -5.401272e-01 3.953430e-01 -7.429445e-01
    outer loop
      vertex   4.528006e+01 -3.462248e+01 -1.530000e+01
      vertex   7.430727e+01 -5.077824e+01 -4.500000e+01
      vertex   7.086567e+01 -5.548024e+01 -4.500000e+01
    endloop
  endfacet
  facet normal -5.143267e-01 4.276131e-01 -7.433809e-01
    outer loop
      vertex   4.528006e+01 -3.462248e+01 -1.530000e+01
      vertex   7.086567e+01 -5.548024e+01 -4.500000e+01
      vertex   4.230735e+01 -3.819802e+01 -1.530000e+01
    endloop
  endfacet
  facet normal -5.131702e-01 4.292633e-01 -7.432291e-01
    outer loop
      vertex   4.230735e+01 -3.819802e+01 -1.530000e+01
      vertex   7.086567e+01 -5.548024e+01 -4.500000e+01
      vertex   6.712701e+01 -5.994968e+01 -4.500000e+01
    endloop
  endfacet
  facet normal -4.844792e-01 4.617255e-01 -7.430273e-01
    outer loop
      vertex   4.230735e+01 -3.819802e+01 -1.530000e+01
      vertex   6.712701e+01 -5.994968e+01 -4.500000e+01
      vertex   6.310698e+01 -6.416782e+01 -4.500000e+01
    endloop
  endfacet
  facet normal -4.775740e-01 4.679295e-01 -7.436162e-01
    outer loop
      vertex   4.230735e+01 -3.819802e+01 -1.530000e+01
      vertex   6.310698e+01 -6.416782e+01 -4.500000e+01
      vertex   3.905308e+01 -4.151936e+01 -1.530000e+01
    endloop
  endfacet
  facet normal -4.537207e-01 4.922550e-01 -7.428476e-01
    outer loop
      vertex   3.905308e+01 -4.151936e+01 -1.530000e+01
      vertex   6.310698e+01 -6.416782e+01 -4.500000e+01
      vertex   5.882241e+01 -6.811699e+01 -4.500000e+01
    endloop
  endfacet
  facet normal -4.377319e-01 5.051696e-01 -7.437704e-01
    outer loop
      vertex   3.905308e+01 -4.151936e+01 -1.530000e+01
      vertex   5.882241e+01 -6.811699e+01 -4.500000e+01
      vertex   3.553892e+01 -4.456440e+01 -1.530000e+01
    endloop
  endfacet
  facet normal -4.209274e-01 5.205978e-01 -7.428312e-01
    outer loop
      vertex   3.553892e+01 -4.456440e+01 -1.530000e+01
      vertex   5.882241e+01 -6.811699e+01 -4.500000e+01
      vertex   5.429127e+01 -7.178062e+01 -4.500000e+01
    endloop
  endfacet
  facet normal -3.951669e-01 5.392600e-01 -7.436678e-01
    outer loop
      vertex   3.553892e+01 -4.456440e+01 -1.530000e+01
      vertex   5.429127e+01 -7.178062e+01 -4.500000e+01
      vertex   3.178825e+01 -4.731286e+01 -1.530000e+01
    endloop
  endfacet
  facet normal -3.862631e-01 5.466117e-01 -7.429781e-01
    outer loop
      vertex   3.178825e+01 -4.731286e+01 -1.530000e+01
      vertex   5.429127e+01 -7.178062e+01 -4.500000e+01
      vertex   4.953256e+01 -7.514337e+01 -4.500000e+01
    endloop
  endfacet
  facet normal -3.501067e-01 5.700164e-01 -7.433079e-01
    outer loop
      vertex   3.178825e+01 -4.731286e+01 -1.530000e+01
      vertex   4.953256e+01 -7.514337e+01 -4.500000e+01
      vertex   2.782604e+01 -4.974647e+01 -1.530000e+01
    endloop
  endfacet
  facet normal -3.499023e-01 5.701678e-01 -7.432880e-01
    outer loop
      vertex   2.782604e+01 -4.974647e+01 -1.530000e+01
      vertex   4.953256e+01 -7.514337e+01 -4.500000e+01
      vertex   4.456622e+01 -7.819113e+01 -4.500000e+01
    endloop
  endfacet
  facet normal -3.124286e-01 5.919091e-01 -7.429886e-01
    outer loop
      vertex   2.782604e+01 -4.974647e+01 -1.530000e+01
      vertex   4.456622e+01 -7.819113e+01 -4.500000e+01
      vertex   3.941306e+01 -8.091113e+01 -4.500000e+01
    endloop
  endfacet
  facet normal -3.023046e-01 5.963103e-01 -7.436571e-01
    outer loop
      vertex   2.782604e+01 -4.974647e+01 -1.530000e+01
      vertex   3.941306e+01 -8.091113e+01 -4.500000e+01
      vertex   2.367866e+01 -5.184902e+01 -1.530000e+01
    endloop
  endfacet
  facet normal -2.735413e-01 6.110421e-01 -7.428343e-01
    outer loop
      vertex   2.367866e+01 -5.184902e+01 -1.530000e+01
      vertex   3.941306e+01 -8.091113e+01 -4.500000e+01
      vertex   3.409469e+01 -8.329197e+01 -4.500000e+01
    endloop
  endfacet
  facet normal -2.526459e-01 6.188492e-01 -7.437713e-01
    outer loop
      vertex   2.367866e+01 -5.184902e+01 -1.530000e+01
      vertex   3.409469e+01 -8.329197e+01 -4.500000e+01
      vertex   1.937369e+01 -5.360653e+01 -1.530000e+01
    endloop
  endfacet
  facet normal -2.334239e-01 6.274528e-01 -7.428433e-01
    outer loop
      vertex   1.937369e+01 -5.360653e+01 -1.530000e+01
      vertex   3.409469e+01 -8.329197e+01 -4.500000e+01
      vertex   2.863341e+01 -8.532367e+01 -4.500000e+01
    endloop
  endfacet
  facet normal -2.014111e-01 6.375343e-01 -7.436287e-01
    outer loop
      vertex   1.937369e+01 -5.360653e+01 -1.530000e+01
      vertex   2.863341e+01 -8.532367e+01 -4.500000e+01
      vertex   1.493980e+01 -5.500730e+01 -1.530000e+01
    endloop
  endfacet
  facet normal -1.922773e-01 6.410594e-01 -7.430157e-01
    outer loop
      vertex   1.493980e+01 -5.500730e+01 -1.530000e+01
      vertex   2.863341e+01 -8.532367e+01 -4.500000e+01
      vertex   2.305210e+01 -8.699771e+01 -4.500000e+01
    endloop
  endfacet
  facet normal -1.503339e-01 6.519092e-01 -7.432457e-01
    outer loop
      vertex   1.493980e+01 -5.500730e+01 -1.530000e+01
      vertex   2.305210e+01 -8.699771e+01 -4.500000e+01
      vertex   1.737416e+01 -8.830707e+01 -4.500000e+01
    endloop
  endfacet
  facet normal -1.488423e-01 6.521206e-01 -7.433604e-01
    outer loop
      vertex   1.493980e+01 -5.500730e+01 -1.530000e+01
      vertex   1.737416e+01 -8.830707e+01 -4.500000e+01
      vertex   1.040648e+01 -5.604200e+01 -1.530000e+01
    endloop
  endfacet
  facet normal -1.078860e-01 6.605908e-01 -7.429538e-01
    outer loop
      vertex   1.040648e+01 -5.604200e+01 -1.530000e+01
      vertex   1.737416e+01 -8.830707e+01 -4.500000e+01
      vertex   1.162339e+01 -8.924627e+01 -4.500000e+01
    endloop
  endfacet
  facet normal -9.514069e-02 6.617180e-01 -7.436918e-01
    outer loop
      vertex   1.040648e+01 -5.604200e+01 -1.530000e+01
      vertex   1.162339e+01 -8.924627e+01 -4.500000e+01
      vertex   5.803910e+00 -5.670375e+01 -1.530000e+01
    endloop
  endfacet
  facet normal -6.492689e-02 6.663300e-01 -7.428249e-01
    outer loop
      vertex   5.803910e+00 -5.670375e+01 -1.530000e+01
      vertex   1.162339e+01 -8.924627e+01 -4.500000e+01
      vertex   5.823903e+00 -8.981137e+01 -4.500000e+01
    endloop
  endfacet
  facet normal -4.088291e-02 6.671887e-01 -7.437660e-01
    outer loop
      vertex   5.803910e+00 -5.670375e+01 -1.530000e+01
      vertex   5.823903e+00 -8.981137e+01 -4.500000e+01
      vertex   1.162717e+00 -5.698814e+01 -1.530000e+01
    endloop
  endfacet
  facet normal -2.167134e-02 6.690966e-01 -7.428594e-01
    outer loop
      vertex   1.162717e+00 -5.698814e+01 -1.530000e+01
      vertex   5.823903e+00 -8.981137e+01 -4.500000e+01
      vertex   -1.447310e-14 -9.000000e+01 -4.500000e+01
    endloop
  endfacet
  facet normal 1.363935e-02 6.685042e-01 -7.435833e-01
    outer loop
      vertex   1.162717e+00 -5.698814e+01 -1.530000e+01
      vertex   -1.447310e-14 -9.000000e+01 -4.500000e+01
      vertex   -3.486215e+00 -5.689329e+01 -1.530000e+01
    endloop
  endfacet
  facet normal 2.166423e-02 6.688772e-01 -7.430572e-01
    outer loop
      vertex   -3.486215e+00 -5.689329e+01 -1.530000e+01
      vertex   -1.447310e-14 -9.000000e+01 -4.500000e+01
      vertex   -5.823903e+00 -8.981137e+01 -4.500000e+01
    endloop
  endfacet
  facet normal 6.488763e-02 6.659271e-01 -7.431895e-01
    outer loop
      vertex   -3.486215e+00 -5.689329e+01 -1.530000e+01
      vertex   -5.823903e+00 -8.981137e+01 -4.500000e+01
      vertex   -1.162339e+01 -8.924627e+01 -4.500000e+01
    endloop
  endfacet
  facet normal 6.810073e-02 6.653388e-01 -7.434290e-01
    outer loop
      vertex   -3.486215e+00 -5.689329e+01 -1.530000e+01
      vertex   -1.162339e+01 -8.924627e+01 -4.500000e+01
      vertex   -8.111946e+00 -5.641982e+01 -1.530000e+01
    endloop
  endfacet
  facet normal 1.078915e-01 6.606246e-01 -7.429230e-01
    outer loop
      vertex   -8.111946e+00 -5.641982e+01 -1.530000e+01
      vertex   -1.162339e+01 -8.924627e+01 -4.500000e+01
      vertex   -1.737416e+01 -8.830707e+01 -4.500000e+01
    endloop
  endfacet
  facet normal 1.220463e-01 6.572556e-01 -7.437202e-01
    outer loop
      vertex   -8.111946e+00 -5.641982e+01 -1.530000e+01
      vertex   -1.737416e+01 -8.830707e+01 -4.500000e+01
      vertex   -1.268369e+01 -5.557089e+01 -1.530000e+01
    endloop
  endfacet
  facet normal 1.504402e-01 6.523702e-01 -7.428196e-01
    outer loop
      vertex   -1.268369e+01 -5.557089e+01 -1.530000e+01
      vertex   -1.737416e+01 -8.830707e+01 -4.500000e+01
      vertex   -2.305210e+01 -8.699771e+01 -4.500000e+01
    endloop
  endfacet
  facet normal 1.752026e-01 6.450840e-01 -7.437544e-01
    outer loop
      vertex   -1.268369e+01 -5.557089e+01 -1.530000e+01
      vertex   -2.305210e+01 -8.699771e+01 -4.500000e+01
      vertex   -1.717103e+01 -5.435215e+01 -1.530000e+01
    endloop
  endfacet
  facet normal 1.923207e-01 6.412042e-01 -7.428795e-01
    outer loop
      vertex   -1.717103e+01 -5.435215e+01 -1.530000e+01
      vertex   -2.305210e+01 -8.699771e+01 -4.500000e+01
      vertex   -2.863341e+01 -8.532367e+01 -4.500000e+01
    endloop
  endfacet
  facet normal 2.272842e-01 6.288899e-01 -7.435317e-01
    outer loop
      vertex   -1.717103e+01 -5.435215e+01 -1.530000e+01
      vertex   -2.863341e+01 -8.532367e+01 -4.500000e+01
      vertex   -2.154410e+01 -5.277169e+01 -1.530000e+01
    endloop
  endfacet
  facet normal 2.333236e-01 6.271831e-01 -7.431026e-01
    outer loop
      vertex   -2.154410e+01 -5.277169e+01 -1.530000e+01
      vertex   -2.863341e+01 -8.532367e+01 -4.500000e+01
      vertex   -3.409469e+01 -8.329197e+01 -4.500000e+01
    endloop
  endfacet
  facet normal 2.734038e-01 6.107350e-01 -7.431373e-01
    outer loop
      vertex   -2.154410e+01 -5.277169e+01 -1.530000e+01
      vertex   -3.409469e+01 -8.329197e+01 -4.500000e+01
      vertex   -3.941306e+01 -8.091113e+01 -4.500000e+01
    endloop
  endfacet
  facet normal 2.778070e-01 6.083125e-01 -7.434912e-01
    outer loop
      vertex   -2.154410e+01 -5.277169e+01 -1.530000e+01
      vertex   -3.941306e+01 -8.091113e+01 -4.500000e+01
      vertex   -2.577380e+01 -5.084006e+01 -1.530000e+01
    endloop
  endfacet
  facet normal 3.124765e-01 5.919998e-01 -7.428962e-01
    outer loop
      vertex   -2.577380e+01 -5.084006e+01 -1.530000e+01
      vertex   -3.941306e+01 -8.091113e+01 -4.500000e+01
      vertex   -4.456622e+01 -7.819113e+01 -4.500000e+01
    endloop
  endfacet
  facet normal 3.263293e-01 5.834007e-01 -7.437424e-01
    outer loop
      vertex   -2.577380e+01 -5.084006e+01 -1.530000e+01
      vertex   -4.456622e+01 -7.819113e+01 -4.500000e+01
      vertex   -2.983198e+01 -4.857009e+01 -1.530000e+01
    endloop
  endfacet
  facet normal 3.501751e-01 5.706124e-01 -7.428182e-01
    outer loop
      vertex   -2.983198e+01 -4.857009e+01 -1.530000e+01
      vertex   -4.456622e+01 -7.819113e+01 -4.500000e+01
      vertex   -4.953256e+01 -7.514337e+01 -4.500000e+01
    endloop
  endfacet
  facet normal 3.727997e-01 5.548659e-01 -7.437367e-01
    outer loop
      vertex   -2.983198e+01 -4.857009e+01 -1.530000e+01
      vertex   -4.953256e+01 -7.514337e+01 -4.500000e+01
      vertex   -3.369163e+01 -4.597689e+01 -1.530000e+01
    endloop
  endfacet
  facet normal 3.863109e-01 5.466793e-01 -7.429035e-01
    outer loop
      vertex   -3.369163e+01 -4.597689e+01 -1.530000e+01
      vertex   -4.953256e+01 -7.514337e+01 -4.500000e+01
      vertex   -5.429127e+01 -7.178062e+01 -4.500000e+01
    endloop
  endfacet
  facet normal 4.169681e-01 5.228615e-01 -7.434739e-01
    outer loop
      vertex   -3.369163e+01 -4.597689e+01 -1.530000e+01
      vertex   -5.429127e+01 -7.178062e+01 -4.500000e+01
      vertex   -3.732706e+01 -4.307773e+01 -1.530000e+01
    endloop
  endfacet
  facet normal 4.207034e-01 5.203208e-01 -7.431520e-01
    outer loop
      vertex   -3.732706e+01 -4.307773e+01 -1.530000e+01
      vertex   -5.429127e+01 -7.178062e+01 -4.500000e+01
      vertex   -5.882241e+01 -6.811699e+01 -4.500000e+01
    endloop
  endfacet
  facet normal 4.535390e-01 4.920579e-01 -7.430891e-01
    outer loop
      vertex   -3.732706e+01 -4.307773e+01 -1.530000e+01
      vertex   -5.882241e+01 -6.811699e+01 -4.500000e+01
      vertex   -6.310698e+01 -6.416782e+01 -4.500000e+01
    endloop
  endfacet
  facet normal 4.581429e-01 4.870755e-01 -7.435473e-01
    outer loop
      vertex   -3.732706e+01 -4.307773e+01 -1.530000e+01
      vertex   -6.310698e+01 -6.416782e+01 -4.500000e+01
      vertex   -4.071409e+01 -3.989189e+01 -1.530000e+01
    endloop
  endfacet
  facet normal 4.846029e-01 4.618434e-01 -7.428733e-01
    outer loop
      vertex   -4.071409e+01 -3.989189e+01 -1.530000e+01
      vertex   -6.310698e+01 -6.416782e+01 -4.500000e+01
      vertex   -6.712701e+01 -5.994968e+01 -4.500000e+01
    endloop
  endfacet
  facet normal 4.961453e-01 4.479545e-01 -7.437584e-01
    outer loop
      vertex   -4.071409e+01 -3.989189e+01 -1.530000e+01
      vertex   -6.712701e+01 -5.994968e+01 -4.500000e+01
      vertex   -4.383018e+01 -3.644057e+01 -1.530000e+01
    endloop
  endfacet
  facet normal 5.135179e-01 4.295541e-01 -7.428207e-01
    outer loop
      vertex   -4.383018e+01 -3.644057e+01 -1.530000e+01
      vertex   -6.712701e+01 -5.994968e+01 -4.500000e+01
      vertex   -7.086567e+01 -5.548024e+01 -4.500000e+01
    endloop
  endfacet
  facet normal 5.310473e-01 4.060545e-01 -7.437127e-01
    outer loop
      vertex   -4.383018e+01 -3.644057e+01 -1.530000e+01
      vertex   -7.086567e+01 -5.548024e+01 -4.500000e+01
      vertex   -4.665458e+01 -3.274675e+01 -1.530000e+01
    endloop
  endfacet
  facet normal 5.401389e-01 3.953515e-01 -7.429315e-01
    outer loop
      vertex   -4.665458e+01 -3.274675e+01 -1.530000e+01
      vertex   -7.086567e+01 -5.548024e+01 -4.500000e+01
      vertex   -7.430727e+01 -5.077824e+01 -4.500000e+01
    endloop
  endfacet
  facet normal 5.626608e-01 3.616001e-01 -7.434098e-01
    outer loop
      vertex   -4.665458e+01 -3.274675e+01 -1.530000e+01
      vertex   -7.430727e+01 -5.077824e+01 -4.500000e+01
      vertex   -4.916851e+01 -2.883501e+01 -1.530000e+01
    endloop
  endfacet
  facet normal 5.643335e-01 3.594071e-01 -7.432054e-01
    outer loop
      vertex   -4.916851e+01 -2.883501e+01 -1.530000e+01
      vertex   -7.430727e+01 -5.077824e+01 -4.500000e+01
      vertex   -7.743739e+01 -4.586339e+01 -4.500000e+01
    endloop
  endfacet
  facet normal 5.865643e-01 3.222217e-01 -7.430448e-01
    outer loop
      vertex   -4.916851e+01 -2.883501e+01 -1.530000e+01
      vertex   -7.743739e+01 -4.586339e+01 -4.500000e+01
      vertex   -8.024291e+01 -4.075629e+01 -4.500000e+01
    endloop
  endfacet
  facet normal 5.900786e-01 3.144370e-01 -7.435971e-01
    outer loop
      vertex   -4.916851e+01 -2.883501e+01 -1.530000e+01
      vertex   -8.024291e+01 -4.075629e+01 -4.500000e+01
      vertex   -5.135523e+01 -2.473137e+01 -1.530000e+01
    endloop
  endfacet
  facet normal 6.063773e-01 2.836793e-01 -7.428544e-01
    outer loop
      vertex   -5.135523e+01 -2.473137e+01 -1.530000e+01
      vertex   -8.024291e+01 -4.075629e+01 -4.500000e+01
      vertex   -8.271207e+01 -3.547835e+01 -4.500000e+01
    endloop
  endfacet
  facet normal 6.135700e-01 2.652183e-01 -7.437682e-01
    outer loop
      vertex   -5.135523e+01 -2.473137e+01 -1.530000e+01
      vertex   -8.271207e+01 -3.547835e+01 -4.500000e+01
      vertex   -5.320018e+01 -2.046315e+01 -1.530000e+01
    endloop
  endfacet
  facet normal 6.234914e-01 2.438570e-01 -7.428272e-01
    outer loop
      vertex   -5.320018e+01 -2.046315e+01 -1.530000e+01
      vertex   -8.271207e+01 -3.547835e+01 -4.500000e+01
      vertex   -8.483452e+01 -3.005169e+01 -4.500000e+01
    endloop
  endfacet
  facet normal 6.332365e-01 2.143547e-01 -7.436824e-01
    outer loop
      vertex   -5.320018e+01 -2.046315e+01 -1.530000e+01
      vertex   -8.483452e+01 -3.005169e+01 -4.500000e+01
      vertex   -5.469110e+01 -1.605876e+01 -1.530000e+01
    endloop
  endfacet
  facet normal 6.378205e-01 2.029539e-01 -7.429634e-01
    outer loop
      vertex   -5.469110e+01 -1.605876e+01 -1.530000e+01
      vertex   -8.483452e+01 -3.005169e+01 -4.500000e+01
      vertex   -8.660136e+01 -2.449906e+01 -4.500000e+01
    endloop
  endfacet
  facet normal 6.489713e-01 1.621193e-01 -7.433395e-01
    outer loop
      vertex   -5.469110e+01 -1.605876e+01 -1.530000e+01
      vertex   -8.660136e+01 -2.449906e+01 -4.500000e+01
      vertex   -5.581806e+01 -1.154749e+01 -1.530000e+01
    endloop
  endfacet
  facet normal 6.492944e-01 1.611751e-01 -7.432626e-01
    outer loop
      vertex   -5.581806e+01 -1.154749e+01 -1.530000e+01
      vertex   -8.660136e+01 -2.449906e+01 -4.500000e+01
      vertex   -8.800519e+01 -1.884374e+01 -4.500000e+01
    endloop
  endfacet
  facet normal 6.586454e-01 1.188724e-01 -7.430044e-01
    outer loop
      vertex   -5.581806e+01 -1.154749e+01 -1.530000e+01
      vertex   -8.800519e+01 -1.884374e+01 -4.500000e+01
      vertex   -8.904012e+01 -1.310942e+01 -4.500000e+01
    endloop
  endfacet
  facet normal 6.596958e-01 1.086282e-01 -7.436406e-01
    outer loop
      vertex   -5.581806e+01 -1.154749e+01 -1.530000e+01
      vertex   -8.904012e+01 -1.310942e+01 -4.500000e+01
      vertex   -5.657356e+01 -6.959376e+00 -1.530000e+01
    endloop
  endfacet
  facet normal 6.651392e-01 7.602309e-02 -7.428394e-01
    outer loop
      vertex   -5.657356e+01 -6.959376e+00 -1.530000e+01
      vertex   -8.904012e+01 -1.310942e+01 -4.500000e+01
      vertex   -8.970181e+01 -7.320158e+00 -4.500000e+01
    endloop
  endfacet
  facet normal 6.662096e-01 5.448355e-02 -7.437717e-01
    outer loop
      vertex   -5.657356e+01 -6.959376e+00 -1.530000e+01
      vertex   -8.970181e+01 -7.320158e+00 -4.500000e+01
      vertex   -5.695257e+01 -2.324949e+00 -1.530000e+01
    endloop
  endfacet
  facet normal 6.686664e-01 3.282267e-02 -7.428377e-01
    outer loop
      vertex   -5.695257e+01 -2.324949e+00 -1.530000e+01
      vertex   -8.970181e+01 -7.320158e+00 -4.500000e+01
      vertex   -8.998750e+01 -1.500208e+00 -4.500000e+01
    endloop
  endfacet
  facet normal 6.685736e-01 0.000000e+00 -7.436459e-01
    outer loop
      vertex   -5.695257e+01 -2.324949e+00 -1.530000e+01
      vertex   -8.998750e+01 -1.500208e+00 -4.500000e+01
      vertex   -5.695257e+01 2.324949e+00 -1.530000e+01
    endloop
  endfacet
  facet normal 6.692096e-01 -1.051273e-02 -7.429993e-01
    outer loop
      vertex   -5.695257e+01 2.324949e+00 -1.530000e+01
      vertex   -8.998750e+01 -1.500208e+00 -4.500000e+01
      vertex   -8.989597e+01 4.326029e+00 -4.500000e+01
    endloop
  endfacet
  facet normal 6.668265e-01 -5.377106e-02 -7.432706e-01
    outer loop
      vertex   -5.695257e+01 2.324949e+00 -1.530000e+01
      vertex   -8.989597e+01 4.326029e+00 -4.500000e+01
      vertex   -8.942762e+01 1.013413e+01 -4.500000e+01
    endloop
  endfacet
  facet normal 6.666995e-01 -5.452362e-02 -7.433296e-01
    outer loop
      vertex   -5.695257e+01 2.324949e+00 -1.530000e+01
      vertex   -8.942762e+01 1.013413e+01 -4.500000e+01
      vertex   -5.657356e+01 6.959376e+00 -1.530000e+01
    endloop
  endfacet
  facet normal 6.622818e-01 -9.685734e-02 -7.429680e-01
    outer loop
      vertex   -5.657356e+01 6.959376e+00 -1.530000e+01
      vertex   -8.942762e+01 1.013413e+01 -4.500000e+01
      vertex   -8.858441e+01 1.589976e+01 -4.500000e+01
    endloop
  endfacet
  facet normal 6.596549e-01 -1.086215e-01 -7.436779e-01
    outer loop
      vertex   -5.657356e+01 6.959376e+00 -1.530000e+01
      vertex   -8.858441e+01 1.589976e+01 -4.500000e+01
      vertex   -5.581806e+01 1.154749e+01 -1.530000e+01
    endloop
  endfacet
  facet normal 6.547776e-01 -1.395429e-01 -7.428284e-01
    outer loop
      vertex   -5.581806e+01 1.154749e+01 -1.530000e+01
      vertex   -8.858441e+01 1.589976e+01 -4.500000e+01
      vertex   -8.736987e+01 2.159873e+01 -4.500000e+01
    endloop
  endfacet
  facet normal 6.485079e-01 -1.620035e-01 -7.437690e-01
    outer loop
      vertex   -5.581806e+01 1.154749e+01 -1.530000e+01
      vertex   -8.736987e+01 2.159873e+01 -4.500000e+01
      vertex   -5.469110e+01 1.605876e+01 -1.530000e+01
    endloop
  endfacet
  facet normal 6.443501e-01 -1.816140e-01 -7.428521e-01
    outer loop
      vertex   -5.469110e+01 1.605876e+01 -1.530000e+01
      vertex   -8.736987e+01 2.159873e+01 -4.500000e+01
      vertex   -8.578910e+01 2.720717e+01 -4.500000e+01
    endloop
  endfacet
  facet normal 6.333200e-01 -2.143830e-01 -7.436032e-01
    outer loop
      vertex   -5.469110e+01 1.605876e+01 -1.530000e+01
      vertex   -8.578910e+01 2.720717e+01 -4.500000e+01
      vertex   -5.320018e+01 2.046315e+01 -1.530000e+01
    endloop
  endfacet
  facet normal 6.310516e-01 -2.228601e-01 -7.430392e-01
    outer loop
      vertex   -5.320018e+01 2.046315e+01 -1.530000e+01
      vertex   -8.578910e+01 2.720717e+01 -4.500000e+01
      vertex   -8.384872e+01 3.270156e+01 -4.500000e+01
    endloop
  endfacet
  facet normal 6.151305e-01 -2.631526e-01 -7.432128e-01
    outer loop
      vertex   -5.320018e+01 2.046315e+01 -1.530000e+01
      vertex   -8.384872e+01 3.270156e+01 -4.500000e+01
      vertex   -8.155686e+01 3.805888e+01 -4.500000e+01
    endloop
  endfacet
  facet normal 6.139450e-01 -2.653804e-01 -7.434008e-01
    outer loop
      vertex   -5.320018e+01 2.046315e+01 -1.530000e+01
      vertex   -8.155686e+01 3.805888e+01 -4.500000e+01
      vertex   -5.135523e+01 2.473137e+01 -1.530000e+01
    endloop
  endfacet
  facet normal 5.970872e-01 -3.025453e-01 -7.429355e-01
    outer loop
      vertex   -5.135523e+01 2.473137e+01 -1.530000e+01
      vertex   -8.155686e+01 3.805888e+01 -4.500000e+01
      vertex   -7.892314e+01 4.325666e+01 -4.500000e+01
    endloop
  endfacet
  facet normal 5.899688e-01 -3.143784e-01 -7.437090e-01
    outer loop
      vertex   -5.135523e+01 2.473137e+01 -1.530000e+01
      vertex   -7.892314e+01 4.325666e+01 -4.500000e+01
      vertex   -4.916851e+01 2.883501e+01 -1.530000e+01
    endloop
  endfacet
  facet normal 5.763672e-01 -3.406132e-01 -7.428214e-01
    outer loop
      vertex   -4.916851e+01 2.883501e+01 -1.530000e+01
      vertex   -7.892314e+01 4.325666e+01 -4.500000e+01
      vertex   -7.595859e+01 4.827311e+01 -4.500000e+01
    endloop
  endfacet
  facet normal 5.623331e-01 -3.613896e-01 -7.437601e-01
    outer loop
      vertex   -4.916851e+01 2.883501e+01 -1.530000e+01
      vertex   -7.595859e+01 4.827311e+01 -4.500000e+01
      vertex   -4.665458e+01 3.274675e+01 -1.530000e+01
    endloop
  endfacet
  facet normal 5.530730e-01 -3.771653e-01 -7.428705e-01
    outer loop
      vertex   -4.665458e+01 3.274675e+01 -1.530000e+01
      vertex   -7.595859e+01 4.827311e+01 -4.500000e+01
      vertex   -7.267563e+01 5.308722e+01 -4.500000e+01
    endloop
  endfacet
  facet normal 5.311873e-01 -4.061615e-01 -7.435543e-01
    outer loop
      vertex   -4.665458e+01 3.274675e+01 -1.530000e+01
      vertex   -7.267563e+01 5.308722e+01 -4.500000e+01
      vertex   -4.383018e+01 3.644057e+01 -1.530000e+01
    endloop
  endfacet
  facet normal 5.273216e-01 -4.120190e-01 -7.430830e-01
    outer loop
      vertex   -4.383018e+01 3.644057e+01 -1.530000e+01
      vertex   -7.267563e+01 5.308722e+01 -4.500000e+01
      vertex   -6.908803e+01 5.767880e+01 -4.500000e+01
    endloop
  endfacet
  facet normal 4.994917e-01 -4.452223e-01 -7.431589e-01
    outer loop
      vertex   -4.383018e+01 3.644057e+01 -1.530000e+01
      vertex   -6.908803e+01 5.767880e+01 -4.500000e+01
      vertex   -6.521084e+01 6.202860e+01 -4.500000e+01
    endloop
  endfacet
  facet normal 4.963869e-01 -4.481727e-01 -7.434657e-01
    outer loop
      vertex   -4.383018e+01 3.644057e+01 -1.530000e+01
      vertex   -6.521084e+01 6.202860e+01 -4.500000e+01
      vertex   -4.071409e+01 3.989189e+01 -1.530000e+01
    endloop
  endfacet
  facet normal 4.698308e-01 -4.768105e-01 -7.429070e-01
    outer loop
      vertex   -4.071409e+01 3.989189e+01 -1.530000e+01
      vertex   -6.521084e+01 6.202860e+01 -4.500000e+01
      vertex   -6.106029e+01 6.611839e+01 -4.500000e+01
    endloop
  endfacet
  facet normal 4.580007e-01 -4.869244e-01 -7.437338e-01
    outer loop
      vertex   -4.071409e+01 3.989189e+01 -1.530000e+01
      vertex   -6.106029e+01 6.611839e+01 -4.500000e+01
      vertex   -3.732706e+01 4.307773e+01 -1.530000e+01
    endloop
  endfacet
  facet normal 4.380561e-01 -5.062884e-01 -7.428183e-01
    outer loop
      vertex   -3.732706e+01 4.307773e+01 -1.530000e+01
      vertex   -6.106029e+01 6.611839e+01 -4.500000e+01
      vertex   -5.665379e+01 6.993102e+01 -4.500000e+01
    endloop
  endfacet
  facet normal 4.167802e-01 -5.226258e-01 -7.437449e-01
    outer loop
      vertex   -3.732706e+01 4.307773e+01 -1.530000e+01
      vertex   -5.665379e+01 6.993102e+01 -4.500000e+01
      vertex   -3.369163e+01 4.597689e+01 -1.530000e+01
    endloop
  endfacet
  facet normal 4.043260e-01 -5.335079e-01 -7.428929e-01
    outer loop
      vertex   -3.369163e+01 4.597689e+01 -1.530000e+01
      vertex   -5.665379e+01 6.993102e+01 -4.500000e+01
      vertex   -5.200981e+01 7.345053e+01 -4.500000e+01
    endloop
  endfacet
  facet normal 3.729470e-01 -5.550853e-01 -7.434991e-01
    outer loop
      vertex   -3.369163e+01 4.597689e+01 -1.530000e+01
      vertex   -5.200981e+01 7.345053e+01 -4.500000e+01
      vertex   -2.983198e+01 4.857009e+01 -1.530000e+01
    endloop
  endfacet
  facet normal 3.688098e-01 -5.583334e-01 -7.431307e-01
    outer loop
      vertex   -2.983198e+01 4.857009e+01 -1.530000e+01
      vertex   -5.200981e+01 7.345053e+01 -4.500000e+01
      vertex   -4.714782e+01 7.666214e+01 -4.500000e+01
    endloop
  endfacet
  facet normal 3.319190e-01 -5.810498e-01 -7.431090e-01
    outer loop
      vertex   -2.983198e+01 4.857009e+01 -1.530000e+01
      vertex   -4.714782e+01 7.666214e+01 -4.500000e+01
      vertex   -4.208819e+01 7.955240e+01 -4.500000e+01
    endloop
  endfacet
  facet normal 3.264477e-01 -5.836123e-01 -7.435244e-01
    outer loop
      vertex   -2.983198e+01 4.857009e+01 -1.530000e+01
      vertex   -4.208819e+01 7.955240e+01 -4.500000e+01
      vertex   -2.577380e+01 5.084006e+01 -1.530000e+01
    endloop
  endfacet
  facet normal 2.937339e-01 -6.015364e-01 -7.428825e-01
    outer loop
      vertex   -2.577380e+01 5.084006e+01 -1.530000e+01
      vertex   -4.208819e+01 7.955240e+01 -4.500000e+01
      vertex   -3.685214e+01 8.210919e+01 -4.500000e+01
    endloop
  endfacet
  facet normal 2.776863e-01 -6.080482e-01 -7.437524e-01
    outer loop
      vertex   -2.577380e+01 5.084006e+01 -1.530000e+01
      vertex   -3.685214e+01 8.210919e+01 -4.500000e+01
      vertex   -2.154410e+01 5.277169e+01 -1.530000e+01
    endloop
  endfacet
  facet normal 2.542195e-01 -6.193482e-01 -7.428192e-01
    outer loop
      vertex   -2.154410e+01 5.277169e+01 -1.530000e+01
      vertex   -3.685214e+01 8.210919e+01 -4.500000e+01
      vertex   -3.146162e+01 8.432181e+01 -4.500000e+01
    endloop
  endfacet
  facet normal 2.272117e-01 -6.286892e-01 -7.437236e-01
    outer loop
      vertex   -2.154410e+01 5.277169e+01 -1.530000e+01
      vertex   -3.146162e+01 8.432181e+01 -4.500000e+01
      vertex   -1.717103e+01 5.435215e+01 -1.530000e+01
    endloop
  endfacet
  facet normal 2.135732e-01 -6.343954e-01 -7.429192e-01
    outer loop
      vertex   -1.717103e+01 5.435215e+01 -1.530000e+01
      vertex   -3.146162e+01 8.432181e+01 -4.500000e+01
      vertex   -2.593921e+01 8.618096e+01 -4.500000e+01
    endloop
  endfacet
  facet normal 1.752950e-01 -6.454240e-01 -7.434376e-01
    outer loop
      vertex   -1.717103e+01 5.435215e+01 -1.530000e+01
      vertex   -2.593921e+01 8.618096e+01 -4.500000e+01
      vertex   -1.268369e+01 5.557089e+01 -1.530000e+01
    endloop
  endfacet
  facet normal 1.719987e-01 -6.466038e-01 -7.431824e-01
    outer loop
      vertex   -1.268369e+01 5.557089e+01 -1.530000e+01
      vertex   -2.593921e+01 8.618096e+01 -4.500000e+01
      vertex   -2.030807e+01 8.767886e+01 -4.500000e+01
    endloop
  endfacet
  facet normal 1.298222e-01 -6.565086e-01 -7.430630e-01
    outer loop
      vertex   -1.268369e+01 5.557089e+01 -1.530000e+01
      vertex   -2.030807e+01 8.767886e+01 -4.500000e+01
      vertex   -1.459181e+01 8.880923e+01 -4.500000e+01
    endloop
  endfacet
  facet normal 1.220754e-01 -6.574125e-01 -7.435768e-01
    outer loop
      vertex   -1.268369e+01 5.557089e+01 -1.530000e+01
      vertex   -1.459181e+01 8.880923e+01 -4.500000e+01
      vertex   -8.111946e+00 5.641982e+01 -1.530000e+01
    endloop
  endfacet
  facet normal 8.709647e-02 -6.637548e-01 -7.428619e-01
    outer loop
      vertex   -8.111946e+00 5.641982e+01 -1.530000e+01
      vertex   -1.459181e+01 8.880923e+01 -4.500000e+01
      vertex   -8.814379e+00 8.956733e+01 -4.500000e+01
    endloop
  endfacet
  facet normal 6.806270e-02 -6.649672e-01 -7.437648e-01
    outer loop
      vertex   -8.111946e+00 5.641982e+01 -1.530000e+01
      vertex   -8.814379e+00 8.956733e+01 -4.500000e+01
      vertex   -3.486215e+00 5.689329e+01 -1.530000e+01
    endloop
  endfacet
  facet normal 0.000000e+00 0.000000e+00 1.000000e+00
    outer loop
      vertex   0.000000e+00 5.500000e+01 -4.200000e+01
      vertex   -4.541864e+00 5.481215e+01 -4.200000e+01
      vertex   4.541864e+00 5.481215e+01 -4.200000e+01
    endloop
  endfacet
  facet normal 0.000000e+00 0.000000e+00 1.000000e+00
    outer loop
      vertex   4.541864e+00 5.481215e+01 -4.200000e+01
      vertex   -4.541864e+00 5.481215e+01 -4.200000e+01
      vertex   9.052703e+00 5.424987e+01 -4.200000e+01
    endloop
  endfacet
  facet normal 0.000000e+00 0.000000e+00 1.000000e+00
    outer loop
      vertex   9.052703e+00 5.424987e+01 -4.200000e+01
      vertex   -4.541864e+00 5.481215e+01 -4.200000e+01
      vertex   -9.052703e+00 5.424987e+01 -4.200000e+01
    endloop
  endfacet
  facet normal 0.000000e+00 0.000000e+00 1.000000e+00
    outer loop
      vertex   9.052703e+00 5.424987e+01 -4.200000e+01
      vertex   -9.052703e+00 5.424987e+01 -4.200000e+01
      vertex   1.350170e+01 5.331702e+01 -4.200000e+01
    endloop
  endfacet
  facet normal 0.000000e+00 0.000000e+00 1.000000e+00
    outer loop
      vertex   1.350170e+01 5.331702e+01 -4.200000e+01
      vertex   -9.052703e+00 5.424987e+01 -4.200000e+01
      vertex   -1.350170e+01 5.331702e+01 -4.200000e+01
    endloop
  endfacet
  facet normal 0.000000e+00 0.000000e+00 1.000000e+00
    outer loop
      vertex   1.350170e+01 5.331702e+01 -4.200000e+01
      vertex   -1.350170e+01 5.331702e+01 -4.200000e+01
      vertex   1.785847e+01 5.201995e+01 -4.200000e+01
    endloop
  endfacet
  facet normal 0.000000e+00 0.000000e+00 1.000000e+00
    outer loop
      vertex   1.785847e+01 5.201995e+01 -4.200000e+01
      vertex   -1.350170e+01 5.331702e+01 -4.200000e+01
      vertex   -1.785847e+01 5.201995e+01 -4.200000e+01
    endloop
  endfacet
  facet normal 0.000000e+00 0.000000e+00 1.000000e+00
    outer loop
      vertex   1.785847e+01 5.201995e+01 -4.200000e+01
      vertex   -1.785847e+01 5.201995e+01 -4.200000e+01
      vertex   2.209325e+01 5.036753e+01 -4.200000e+01
    endloop
  endfacet
  facet normal 0.000000e+00 0.000000e+00 1.000000e+00
    outer loop
      vertex   2.209325e+01 5.036753e+01 -4.200000e+01
      vertex   -1.785847e+01 5.201995e+01 -4.200000e+01
      vertex   -2.209325e+01 5.036753e+01 -4.200000e+01
    endloop
  endfacet
  facet normal 0.000000e+00 0.000000e+00 1.000000e+00
    outer loop
      vertex   2.209325e+01 5.036753e+01 -4.200000e+01
      vertex   -2.209325e+01 5.036753e+01 -4.200000e+01
      vertex   2.617711e+01 4.837106e+01 -4.200000e+01
    endloop
  endfacet
  facet normal 0.000000e+00 0.000000e+00 1.000000e+00
    outer loop
      vertex   2.617711e+01 4.837106e+01 -4.200000e+01
      vertex   -2.209325e+01 5.036753e+01 -4.200000e+01
      vertex   -2.617711e+01 4.837106e+01 -4.200000e+01
    endloop
  endfacet
  facet normal 0.000000e+00 0.000000e+00 1.000000e+00
    outer loop
      vertex   2.617711e+01 4.837106e+01 -4.200000e+01
      vertex   -2.617711e+01 4.837106e+01 -4.200000e+01
      vertex   3.008215e+01 4.604416e+01 -4.200000e+01
    endloop
  endfacet
  facet normal 0.000000e+00 0.000000e+00 1.000000e+00
    outer loop
      vertex   3.008215e+01 4.604416e+01 -4.200000e+01
      vertex   -2.617711e+01 4.837106e+01 -4.200000e+01
      vertex   -3.008215e+01 4.604416e+01 -4.200000e+01
    endloop
  endfacet
  facet normal 0.000000e+00 0.000000e+00 1.000000e+00
    outer loop
      vertex   3.008215e+01 4.604416e+01 -4.200000e+01
      vertex   -3.008215e+01 4.604416e+01 -4.200000e+01
      vertex   3.378170e+01 4.340273e+01 -4.200000e+01
    endloop
  endfacet
  facet normal 0.000000e+00 0.000000e+00 1.000000e+00
    outer loop
      vertex   3.378170e+01 4.340273e+01 -4.200000e+01
      vertex   -3.008215e+01 4.604416e+01 -4.200000e+01
      vertex   -3.378170e+01 4.340273e+01 -4.200000e+01
    endloop
  endfacet
  facet normal 0.000000e+00 0.000000e+00 1.000000e+00
    outer loop
      vertex   3.378170e+01 4.340273e+01 -4.200000e+01
      vertex   -3.378170e+01 4.340273e+01 -4.200000e+01
      vertex   3.725049e+01 4.046482e+01 -4.200000e+01
    endloop
  endfacet
  facet normal 0.000000e+00 0.000000e+00 1.000000e+00
    outer loop
      vertex   3.725049e+01 4.046482e+01 -4.200000e+01
      vertex   -3.378170e+01 4.340273e+01 -4.200000e+01
      vertex   -3.725049e+01 4.046482e+01 -4.200000e+01
    endloop
  endfacet
  facet normal 0.000000e+00 0.000000e+00 1.000000e+00
    outer loop
      vertex   3.725049e+01 4.046482e+01 -4.200000e+01
      vertex   -3.725049e+01 4.046482e+01 -4.200000e+01
      vertex   4.046482e+01 3.725049e+01 -4.200000e+01
    endloop
  endfacet
  facet normal 0.000000e+00 0.000000e+00 1.000000e+00
    outer loop
      vertex   4.046482e+01 3.725049e+01 -4.200000e+01
      vertex   -3.725049e+01 4.046482e+01 -4.200000e+01
      vertex   -4.046482e+01 3.725049e+01 -4.200000e+01
    endloop
  endfacet
  facet normal 0.000000e+00 0.000000e+00 1.000000e+00
    outer loop
      vertex   4.046482e+01 3.725049e+01 -4.200000e+01
      vertex   -4.046482e+01 3.725049e+01 -4.200000e+01
      vertex   4.340273e+01 3.378170e+01 -4.200000e+01
    endloop
  endfacet
  facet normal 0.000000e+00 0.000000e+00 1.000000e+00
    outer loop
      vertex   4.340273e+01 3.378170e+01 -4.200000e+01
      vertex   -4.046482e+01 3.725049e+01 -4.200000e+01
      vertex   -4.340273e+01 3.378170e+01 -4.200000e+01
    endloop
  endfacet
  facet normal 0.000000e+00 0.000000e+00 1.000000e+00
    outer loop
      vertex   4.340273e+01 3.378170e+01 -4.200000e+01
      vertex   -4.340273e+01 3.378170e+01 -4.200000e+01
      vertex   4.604416e+01 3.008215e+01 -4.200000e+01
    endloop
  endfacet
  facet normal 0.000000e+00 0.000000e+00 1.000000e+00
    outer loop
      vertex   4.604416e+01 3.008215e+01 -4.200000e+01
      vertex   -4.340273e+01 3.378170e+01 -4.200000e+01
      vertex   -4.604416e+01 3.008215e+01 -4.200000e+01
    endloop
  endfacet
  facet normal 0.000000e+00 0.000000e+00 1.000000e+00
    outer loop
      vertex   4.604416e+01 3.008215e+01 -4.200000e+01
      vertex   -4.604416e+01 3.008215e+01 -4.200000e+01
      vertex   4.837106e+01 2.617711e+01 -4.200000e+01
    endloop
  endfacet
  facet normal 0.000000e+00 0.000000e+00 1.000000e+00
    outer loop
      vertex   4.837106e+01 2.617711e+01 -4.200000e+01
      vertex   -4.604416e+01 3.008215e+01 -4.200000e+01
      vertex   -4.837106e+01 2.617711e+01 -4.200000e+01
    endloop
  endfacet
  facet normal 0.000000e+00 0.000000e+00 1.000000e+00
    outer loop
      vertex   4.837106e+01 2.617711e+01 -4.200000e+01
      vertex   -4.837106e+01 2.617711e+01 -4.200000e+01
      vertex   5.036753e+01 2.209325e+01 -4.200000e+01
    endloop
  endfacet
  facet normal 0.000000e+00 0.000000e+00 1.000000e+00
    outer loop
      vertex   5.036753e+01 2.209325e+01 -4.200000e+01
      vertex   -4.837106e+01 2.617711e+01 -4.200000e+01
      vertex   -5.036753e+01 2.209325e+01 -4.200000e+01
    endloop
  endfacet
  facet normal 0.000000e+00 0.000000e+00 1.000000e+00
    outer loop
      vertex   5.036753e+01 2.209325e+01 -4.200000e+01
      vertex   -5.036753e+01 2.209325e+01 -4.200000e+01
      vertex   5.201995e+01 1.785847e+01 -4.200000e+01
    endloop
  endfacet
  facet normal 0.000000e+00 0.000000e+00 1.000000e+00
    outer loop
      vertex   5.201995e+01 1.785847e+01 -4.200000e+01
      vertex   -5.036753e+01 2.209325e+01 -4.200000e+01
      vertex   -5.201995e+01 1.785847e+01 -4.200000e+01
    endloop
  endfacet
  facet normal 0.000000e+00 0.000000e+00 1.000000e+00
    outer loop
      vertex   5.201995e+01 1.785847e+01 -4.200000e+01
      vertex   -5.201995e+01 1.785847e+01 -4.200000e+01
      vertex   5.331702e+01 1.350170e+01 -4.200000e+01
    endloop
  endfacet
  facet normal 0.000000e+00 0.000000e+00 1.000000e+00
    outer loop
      vertex   5.331702e+01 1.350170e+01 -4.200000e+01
      vertex   -5.201995e+01 1.785847e+01 -4.200000e+01
      vertex   -5.331702e+01 1.350170e+01 -4.200000e+01
    endloop
  endfacet
  facet normal 0.000000e+00 0.000000e+00 1.000000e+00
    outer loop
      vertex   5.331702e+01 1.350170e+01 -4.200000e+01
      vertex   -5.331702e+01 1.350170e+01 -4.200000e+01
      vertex   5.424987e+01 9.052703e+00 -4.200000e+01
    endloop
  endfacet
  facet normal 0.000000e+00 0.000000e+00 1.000000e+00
    outer loop
      vertex   5.424987e+01 9.052703e+00 -4.200000e+01
      vertex   -5.331702e+01 1.350170e+01 -4.200000e+01
      vertex   -5.424987e+01 9.052703e+00 -4.200000e+01
    endloop
  endfacet
  facet normal 0.000000e+00 0.000000e+00 1.000000e+00
    outer loop
      vertex   5.424987e+01 9.052703e+00 -4.200000e+01
      vertex   -5.424987e+01 9.052703e+00 -4.200000e+01
      vertex   5.481215e+01 4.541864e+00 -4.200000e+01
    endloop
  endfacet
  facet normal 0.000000e+00 0.000000e+00 1.000000e+00
    outer loop
      vertex   5.481215e+01 4.541864e+00 -4.200000e+01
      vertex   -5.424987e+01 9.052703e+00 -4.200000e+01
      vertex   -5.481215e+01 4.541864e+00 -4.200000e+01
    endloop
  endfacet
  facet normal 0.000000e+00 0.000000e+00 1.000000e+00
    outer loop
      vertex   5.481215e+01 4.541864e+00 -4.200000e+01
      vertex   -5.481215e+01 4.541864e+00 -4.200000e+01
      vertex   5.500000e+01 -1.010334e-14 -4.200000e+01
    endloop
  endfacet
  facet normal 0.000000e+00 0.000000e+00 1.000000e+00
    outer loop
      vertex   5.500000e+01 -1.010334e-14 -4.200000e+01
      vertex   -5.481215e+01 4.541864e+00 -4.200000e+01
      vertex   -5.500000e+01 3.367779e-15 -4.200000e+01
    endloop
  endfacet
  facet normal 0.000000e+00 0.000000e+00 1.000000e+00
    outer loop
      vertex   5.500000e+01 -1.010334e-14 -4.200000e+01
      vertex   -5.500000e+01 3.367779e-15 -4.200000e+01
      vertex   5.481215e+01 -4.541864e+00 -4.200000e+01
    endloop
  endfacet
  facet normal 0.000000e+00 0.000000e+00 1.000000e+00
    outer loop
      vertex   5.481215e+01 -4.541864e+00 -4.200000e+01
      vertex   -5.500000e+01 3.367779e-15 -4.200000e+01
      vertex   -5.481215e+01 -4.541864e+00 -4.200000e+01
    endloop
  endfacet
  facet normal 0.000000e+00 0.000000e+00 1.000000e+00
    outer loop
      vertex   5.481215e+01 -4.541864e+00 -4.200000e+01
      vertex   -5.481215e+01 -4.541864e+00 -4.200000e+01
      vertex   5.424987e+01 -9.052703e+00 -4.200000e+01
    endloop
  endfacet
  facet normal 0.000000e+00 0.000000e+00 1.000000e+00
    outer loop
      vertex   5.424987e+01 -9.052703e+00 -4.200000e+01
      vertex   -5.481215e+01 -4.541864e+00 -4.200000e+01
      vertex   -5.424987e+01 -9.052703e+00 -4.200000e+01
    endloop
  endfacet
  facet normal 0.000000e+00 0.000000e+00 1.000000e+00
    outer loop
      vertex   5.424987e+01 -9.052703e+00 -4.200000e+01
      vertex   -5.424987e+01 -9.052703e+00 -4.200000e+01
      vertex   5.331702e+01 -1.350170e+01 -4.200000e+01
    endloop
  endfacet
  facet normal 0.000000e+00 0.000000e+00 1.000000e+00
    outer loop
      vertex   5.331702e+01 -1.350170e+01 -4.200000e+01
      vertex   -5.424987e+01 -9.052703e+00 -4.200000e+01
      vertex   -5.331702e+01 -1.350170e+01 -4.200000e+01
    endloop
  endfacet
  facet normal 0.000000e+00 0.000000e+00 1.000000e+00
    outer loop
      vertex   5.331702e+01 -1.350170e+01 -4.200000e+01
      vertex   -5.331702e+01 -1.350170e+01 -4.200000e+01
      vertex   5.201995e+01 -1.785847e+01 -4.200000e+01
    endloop
  endfacet
  facet normal 0.000000e+00 0.000000e+00 1.000000e+00
    outer loop
      vertex   5.201995e+01 -1.785847e+01 -4.200000e+01
      vertex   -5.331702e+01 -1.350170e+01 -4.200000e+01
      vertex   -5.201995e+01 -1.785847e+01 -4.200000e+01
    endloop
  endfacet
  facet normal 0.000000e+00 0.000000e+00 1.000000e+00
    outer loop
      vertex   5.201995e+01 -1.785847e+01 -4.200000e+01
      vertex   -5.201995e+01 -1.785847e+01 -4.200000e+01
      vertex   5.036753e+01 -2.209325e+01 -4.200000e+01
    endloop
  endfacet
  facet normal 0.000000e+00 0.000000e+00 1.000000e+00
    outer loop
      vertex   5.036753e+01 -2.209325e+01 -4.200000e+01
      vertex   -5.201995e+01 -1.785847e+01 -4.200000e+01
      vertex   -5.036753e+01 -2.209325e+01 -4.200000e+01
    endloop
  endfacet
  facet normal 0.000000e+00 0.000000e+00 1.000000e+00
    outer loop
      vertex   5.036753e+01 -2.209325e+01 -4.200000e+01
      vertex   -5.036753e+01 -2.209325e+01 -4.200000e+01
      vertex   4.837106e+01 -2.617711e+01 -4.200000e+01
    endloop
  endfacet
  facet normal 0.000000e+00 0.000000e+00 1.000000e+00
    outer loop
      vertex   4.837106e+01 -2.617711e+01 -4.200000e+01
      vertex   -5.036753e+01 -2.209325e+01 -4.200000e+01
      vertex   -4.837106e+01 -2.617711e+01 -4.200000e+01
    endloop
  endfacet
  facet normal 0.000000e+00 0.000000e+00 1.000000e+00
    outer loop
      vertex   4.837106e+01 -2.617711e+01 -4.200000e+01
      vertex   -4.837106e+01 -2.617711e+01 -4.200000e+01
      vertex   4.604416e+01 -3.008215e+01 -4.200000e+01
    endloop
  endfacet
  facet normal 0.000000e+00 0.000000e+00 1.000000e+00
    outer loop
      vertex   4.604416e+01 -3.008215e+01 -4.200000e+01
      vertex   -4.837106e+01 -2.617711e+01 -4.200000e+01
      vertex   -4.604416e+01 -3.008215e+01 -4.200000e+01
    endloop
  endfacet
  facet normal 0.000000e+00 0.000000e+00 1.000000e+00
    outer loop
      vertex   4.604416e+01 -3.008215e+01 -4.200000e+01
      vertex   -4.604416e+01 -3.008215e+01 -4.200000e+01
      vertex   4.340273e+01 -3.378170e+01 -4.200000e+01
    endloop
  endfacet
  facet normal 0.000000e+00 0.000000e+00 1.000000e+00
    outer loop
      vertex   4.340273e+01 -3.378170e+01 -4.200000e+01
      vertex   -4.604416e+01 -3.008215e+01 -4.200000e+01
      vertex   -4.340273e+01 -3.378170e+01 -4.200000e+01
    endloop
  endfacet
  facet normal 0.000000e+00 0.000000e+00 1.000000e+00
    outer loop
      vertex   4.340273e+01 -3.378170e+01 -4.200000e+01
      vertex   -4.340273e+01 -3.378170e+01 -4.200000e+01
      vertex   4.046482e+01 -3.725049e+01 -4.200000e+01
    endloop
  endfacet
  facet normal 0.000000e+00 0.000000e+00 1.000000e+00
    outer loop
      vertex   4.046482e+01 -3.725049e+01 -4.200000e+01
      vertex   -4.340273e+01 -3.378170e+01 -4.200000e+01
      vertex   -4.046482e+01 -3.725049e+01 -4.200000e+01
    endloop
  endfacet
  facet normal 0.000000e+00 0.000000e+00 1.000000e+00
    outer loop
      vertex   4.046482e+01 -3.725049e+01 -4.200000e+01
      vertex   -4.046482e+01 -3.725049e+01 -4.200000e+01
      vertex   3.725049e+01 -4.046482e+01 -4.200000e+01
    endloop
  endfacet
  facet normal 0.000000e+00 0.000000e+00 1.000000e+00
    outer loop
      vertex   3.725049e+01 -4.046482e+01 -4.200000e+01
      vertex   -4.046482e+01 -3.725049e+01 -4.200000e+01
      vertex   -3.725049e+01 -4.046482e+01 -4.200000e+01
    endloop
  endfacet
  facet normal 0.000000e+00 0.000000e+00 1.000000e+00
    outer loop
      vertex   3.725049e+01 -4.046482e+01 -4.200000e+01
      vertex   -3.725049e+01 -4.046482e+01 -4.200000e+01
      vertex   3.378170e+01 -4.340273e+01 -4.200000e+01
    endloop
  endfacet
  facet normal 0.000000e+00 0.000000e+00 1.000000e+00
    outer loop
      vertex   3.378170e+01 -4.340273e+01 -4.200000e+01
      vertex   -3.725049e+01 -4.046482e+01 -4.200000e+01
      vertex   -3.378170e+01 -4.340273e+01 -4.200000e+01
    endloop
  endfacet
  facet normal 0.000000e+00 0.000000e+00 1.000000e+00
    outer loop
      vertex   3.378170e+01 -4.340273e+01 -4.200000e+01
      vertex   -3.378170e+01 -4.340273e+01 -4.200000e+01
      vertex   3.008215e+01 -4.604416e+01 -4.200000e+01
    endloop
  endfacet
  facet normal 0.000000e+00 0.000000e+00 1.000000e+00
    outer loop
      vertex   3.008215e+01 -4.604416e+01 -4.200000e+01
      vertex   -3.378170e+01 -4.340273e+01 -4.200000e+01
      vertex   -3.008215e+01 -4.604416e+01 -4.200000e+01
    endloop
  endfacet
  facet normal 0.000000e+00 0.000000e+00 1.000000e+00
    outer loop
      vertex   3.008215e+01 -4.604416e+01 -4.200000e+01
      vertex   -3.008215e+01 -4.604416e+01 -4.200000e+01
      vertex   2.617711e+01 -4.837106e+01 -4.200000e+01
    endloop
  endfacet
  facet normal 0.000000e+00 0.000000e+00 1.000000e+00
    outer loop
      vertex   2.617711e+01 -4.837106e+01 -4.200000e+01
      vertex   -3.008215e+01 -4.604416e+01 -4.200000e+01
      vertex   -2.617711e+01 -4.837106e+01 -4.200000e+01
    endloop
  endfacet
  facet normal 0.000000e+00 0.000000e+00 1.000000e+00
    outer loop
      vertex   2.617711e+01 -4.837106e+01 -4.200000e+01
      vertex   -2.617711e+01 -4.837106e+01 -4.200000e+01
      vertex   2.209325e+01 -5.036753e+01 -4.200000e+01
    endloop
  endfacet
  facet normal 0.000000e+00 0.000000e+00 1.000000e+00
    outer loop
      vertex   2.209325e+01 -5.036753e+01 -4.200000e+01
      vertex   -2.617711e+01 -4.837106e+01 -4.200000e+01
      vertex   -2.209325e+01 -5.036753e+01 -4.200000e+01
    endloop
  endfacet
  facet normal 0.000000e+00 0.000000e+00 1.000000e+00
    outer loop
      vertex   2.209325e+01 -5.036753e+01 -4.200000e+01
      vertex   -2.209325e+01 -5.036753e+01 -4.200000e+01
      vertex   1.785847e+01 -5.201995e+01 -4.200000e+01
    endloop
  endfacet
  facet normal 0.000000e+00 0.000000e+00 1.000000e+00
    outer loop
      vertex   1.785847e+01 -5.201995e+01 -4.200000e+01
      vertex   -2.209325e+01 -5.036753e+01 -4.200000e+01
      vertex   -1.785847e+01 -5.201995e+01 -4.200000e+01
    endloop
  endfacet
  facet normal 0.000000e+00 0.000000e+00 1.000000e+00
    outer loop
      vertex   1.785847e+01 -5.201995e+01 -4.200000e+01
      vertex   -1.785847e+01 -5.201995e+01 -4.200000e+01
      vertex   1.350170e+01 -5.331702e+01 -4.200000e+01
    endloop
  endfacet
  facet normal 0.000000e+00 0.000000e+00 1.000000e+00
    outer loop
      vertex   1.350170e+01 -5.331702e+01 -4.200000e+01
      vertex   -1.785847e+01 -5.201995e+01 -4.200000e+01
      vertex   -1.350170e+01 -5.331702e+01 -4.200000e+01
    endloop
  endfacet
  facet normal 0.000000e+00 0.000000e+00 1.000000e+00
    outer loop
      vertex   1.350170e+01 -5.331702e+01 -4.200000e+01
      vertex   -1.350170e+01 -5.331702e+01 -4.200000e+01
      vertex   9.052703e+00 -5.424987e+01 -4.200000e+01
    endloop
  endfacet
  facet normal 0.000000e+00 0.000000e+00 1.000000e+00
    outer loop
      vertex   9.052703e+00 -5.424987e+01 -4.200000e+01
      vertex   -1.350170e+01 -5.331702e+01 -4.200000e+01
      vertex   -9.052703e+00 -5.424987e+01 -4.200000e+01
    endloop
  endfacet
  facet normal 0.000000e+00 0.000000e+00 1.000000e+00
    outer loop
      vertex   9.052703e+00 -5.424987e+01 -4.200000e+01
      vertex   -9.052703e+00 -5.424987e+01 -4.200000e+01
      vertex   4.541864e+00 -5.481215e+01 -4.200000e+01
    endloop
  endfacet
  facet normal 0.000000e+00 0.000000e+00 1.000000e+00
    outer loop
      vertex   4.541864e+00 -5.481215e+01 -4.200000e+01
      vertex   -9.052703e+00 -5.424987e+01 -4.200000e+01
      vertex   -4.541864e+00 -5.481215e+01 -4.200000e+01
    endloop
  endfacet
  facet normal 0.000000e+00 0.000000e+00 1.000000e+00
    outer loop
      vertex   4.541864e+00 -5.481215e+01 -4.200000e+01
      vertex   -4.541864e+00 -5.481215e+01 -4.200000e+01
      vertex   -6.735557e-15 -5.500000e+01 -4.200000e+01
    endloop
  endfacet
  facet normal 7.726957e-02 9.970100e-01 6.994944e-04
    outer loop
      vertex   3.924262e+00 5.686481e+01 -3.723088e+01
      vertex   5.803910e+00 5.670375e+01 -1.530000e+01
      vertex   4.000000e+00 5.685948e+01 -3.800000e+01
    endloop
  endfacet
  facet normal 1.039019e-01 9.945865e-01 -1.433533e-03
    outer loop
      vertex   4.000000e+00 5.685948e+01 -3.800000e+01
      vertex   5.803910e+00 5.670375e+01 -1.530000e+01
      vertex   8.111946e+00 5.641982e+01 -4.500000e+01
    endloop
  endfacet
  facet normal 1.018226e-01 9.947990e-01 -2.668280e-03
    outer loop
      vertex   4.000000e+00 5.685948e+01 -3.800000e+01
      vertex   8.111946e+00 5.641982e+01 -4.500000e+01
      vertex   3.486215e+00 5.689329e+01 -4.500000e+01
    endloop
  endfacet
  facet normal 7.078257e-02 9.974910e-01 1.259014e-03
    outer loop
      vertex   3.924262e+00 5.686481e+01 -3.723088e+01
      vertex   3.695423e+00 5.688008e+01 -3.646904e+01
      vertex   5.803910e+00 5.670375e+01 -1.530000e+01
    endloop
  endfacet
  facet normal 6.488202e-02 9.978912e-01 1.850056e-03
    outer loop
      vertex   5.803910e+00 5.670375e+01 -1.530000e+01
      vertex   3.695423e+00 5.688008e+01 -3.646904e+01
      vertex   3.318520e+00 5.690329e+01 -3.576867e+01
    endloop
  endfacet
  facet normal 6.116150e-02 9.981252e-01 2.304099e-03
    outer loop
      vertex   5.803910e+00 5.670375e+01 -1.530000e+01
      vertex   3.318520e+00 5.690329e+01 -3.576867e+01
      vertex   1.162717e+00 5.698814e+01 -1.530000e+01
    endloop
  endfacet
  facet normal 5.612697e-02 9.984221e-01 1.772621e-03
    outer loop
      vertex   1.162717e+00 5.698814e+01 -1.530000e+01
      vertex   3.318520e+00 5.690329e+01 -3.576867e+01
      vertex   2.828428e+00 5.692978e+01 -3.517157e+01
    endloop
  endfacet
  facet normal 4.498602e-02 9.989873e-01 8.370842e-04
    outer loop
      vertex   1.162717e+00 5.698814e+01 -1.530000e+01
      vertex   2.828428e+00 5.692978e+01 -3.517157e+01
      vertex   2.231328e+00 5.695626e+01 -3.468148e+01
    endloop
  endfacet
  facet normal 3.317447e-02 9.994496e-01 1.850864e-04
    outer loop
      vertex   2.231328e+00 5.695626e+01 -3.468148e+01
      vertex   1.530963e+00 5.697944e+01 -3.430458e+01
      vertex   1.162717e+00 5.698814e+01 -1.530000e+01
    endloop
  endfacet
  facet normal 1.998743e-02 9.998002e-01 -7.059616e-05
    outer loop
      vertex   1.162717e+00 5.698814e+01 -1.530000e+01
      vertex   1.530963e+00 5.697944e+01 -3.430458e+01
      vertex   7.691161e-01 5.699468e+01 -3.407574e+01
    endloop
  endfacet
  facet normal 6.933250e-03 9.999759e-01 2.031231e-04
    outer loop
      vertex   1.162717e+00 5.698814e+01 -1.530000e+01
      vertex   7.691161e-01 5.699468e+01 -3.407574e+01
      vertex   -5.181041e-15 5.700000e+01 -3.400000e+01
    endloop
  endfacet
  facet normal -7.018669e-03 9.999748e-01 1.070616e-03
    outer loop
      vertex   -5.181041e-15 5.700000e+01 -3.400000e+01
      vertex   -7.691161e-01 5.699468e+01 -3.407574e+01
      vertex   1.162717e+00 5.698814e+01 -1.530000e+01
    endloop
  endfacet
  facet normal -2.039848e-02 9.997889e-01 2.447197e-03
    outer loop
      vertex   1.162717e+00 5.698814e+01 -1.530000e+01
      vertex   -7.691161e-01 5.699468e+01 -3.407574e+01
      vertex   -3.486215e+00 5.689329e+01 -1.530000e+01
    endloop
  endfacet
  facet normal -2.072897e-02 9.997823e-01 2.399334e-03
    outer loop
      vertex   -3.486215e+00 5.689329e+01 -1.530000e+01
      vertex   -7.691161e-01 5.699468e+01 -3.407574e+01
      vertex   -1.530963e+00 5.697944e+01 -3.430458e+01
    endloop
  endfacet
  facet normal -3.364932e-02 9.994331e-01 1.068465e-03
    outer loop
      vertex   -3.486215e+00 5.689329e+01 -1.530000e+01
      vertex   -1.530963e+00 5.697944e+01 -3.430458e+01
      vertex   -2.231328e+00 5.695626e+01 -3.468148e+01
    endloop
  endfacet
  facet normal -4.459395e-02 9.990051e-01 3.584459e-04
    outer loop
      vertex   -2.231328e+00 5.695626e+01 -3.468148e+01
      vertex   -2.828428e+00 5.692978e+01 -3.517157e+01
      vertex   -3.486215e+00 5.689329e+01 -1.530000e+01
    endloop
  endfacet
  facet normal -5.402881e-02 9.985394e-01 4.527884e-05
    outer loop
      vertex   -3.486215e+00 5.689329e+01 -1.530000e+01
      vertex   -2.828428e+00 5.692978e+01 -3.517157e+01
      vertex   -3.318520e+00 5.690329e+01 -3.576867e+01
    endloop
  endfacet
  facet normal -6.142890e-02 9.981115e-01 -1.555748e-05
    outer loop
      vertex   -3.486215e+00 5.689329e+01 -1.530000e+01
      vertex   -3.318520e+00 5.690329e+01 -3.576867e+01
      vertex   -3.695423e+00 5.688008e+01 -3.646904e+01
    endloop
  endfacet
  facet normal -6.673319e-02 9.977709e-01 3.707604e-05
    outer loop
      vertex   -3.695423e+00 5.688008e+01 -3.646904e+01
      vertex   -3.924262e+00 5.686481e+01 -3.723088e+01
      vertex   -3.486215e+00 5.689329e+01 -1.530000e+01
    endloop
  endfacet
  facet normal -1.018230e-01 9.948023e-01 7.418135e-04
    outer loop
      vertex   -3.486215e+00 5.689329e+01 -1.530000e+01
      vertex   -3.924262e+00 5.686481e+01 -3.723088e+01
      vertex   -8.111946e+00 5.641982e+01 -1.530000e+01
    endloop
  endfacet
  facet normal -9.433916e-02 9.955377e-01 2.185761e-03
    outer loop
      vertex   -8.111946e+00 5.641982e+01 -1.530000e+01
      vertex   -3.924262e+00 5.686481e+01 -3.723088e+01
      vertex   -5.803910e+00 5.670375e+01 -4.500000e+01
    endloop
  endfacet
  facet normal -1.423147e-01 9.898202e-01 -1.597151e-03
    outer loop
      vertex   -8.111946e+00 5.641982e+01 -1.530000e+01
      vertex   -5.803910e+00 5.670375e+01 -4.500000e+01
      vertex   -1.040648e+01 5.604200e+01 -4.500000e+01
    endloop
  endfacet
  facet normal -9.575404e-02 9.954018e-01 2.530893e-03
    outer loop
      vertex   -3.924262e+00 5.686481e+01 -3.723088e+01
      vertex   -4.000000e+00 5.685948e+01 -3.800000e+01
      vertex   -5.803910e+00 5.670375e+01 -4.500000e+01
    endloop
  endfacet
  facet normal -8.164571e-02 9.966608e-01 -1.132854e-03
    outer loop
      vertex   -5.803910e+00 5.670375e+01 -4.500000e+01
      vertex   -4.000000e+00 5.685948e+01 -3.800000e+01
      vertex   -3.924262e+00 5.686481e+01 -3.876912e+01
    endloop
  endfacet
  facet normal -7.602225e-02 9.971021e-01 -2.840670e-03
    outer loop
      vertex   -5.803910e+00 5.670375e+01 -4.500000e+01
      vertex   -3.924262e+00 5.686481e+01 -3.876912e+01
      vertex   -3.695423e+00 5.688008e+01 -3.953096e+01
    endloop
  endfacet
  facet normal -7.060354e-02 9.974922e-01 -4.942335e-03
    outer loop
      vertex   -3.695423e+00 5.688008e+01 -3.953096e+01
      vertex   -3.318520e+00 5.690329e+01 -4.023133e+01
      vertex   -5.803910e+00 5.670375e+01 -4.500000e+01
    endloop
  endfacet
  facet normal -6.410727e-02 9.979081e-01 -8.345538e-03
    outer loop
      vertex   -5.803910e+00 5.670375e+01 -4.500000e+01
      vertex   -3.318520e+00 5.690329e+01 -4.023133e+01
      vertex   -2.828428e+00 5.692978e+01 -4.082843e+01
    endloop
  endfacet
  facet normal -6.115832e-02 9.980733e-01 -1.045790e-02
    outer loop
      vertex   -5.803910e+00 5.670375e+01 -4.500000e+01
      vertex   -2.828428e+00 5.692978e+01 -4.082843e+01
      vertex   -1.162717e+00 5.698814e+01 -4.500000e+01
    endloop
  endfacet
  facet normal -4.882295e-02 9.987922e-01 -5.522327e-03
    outer loop
      vertex   -1.162717e+00 5.698814e+01 -4.500000e+01
      vertex   -2.828428e+00 5.692978e+01 -4.082843e+01
      vertex   -2.231328e+00 5.695626e+01 -4.131852e+01
    endloop
  endfacet
  facet normal -3.367730e-02 9.994321e-01 -1.120508e-03
    outer loop
      vertex   -1.162717e+00 5.698814e+01 -4.500000e+01
      vertex   -2.231328e+00 5.695626e+01 -4.131852e+01
      vertex   -1.530963e+00 5.697944e+01 -4.169542e+01
    endloop
  endfacet
  facet normal -1.988323e-02 9.998022e-01 4.176139e-04
    outer loop
      vertex   -1.530963e+00 5.697944e+01 -4.169542e+01
      vertex   -7.691161e-01 5.699468e+01 -4.192426e+01
      vertex   -1.162717e+00 5.698814e+01 -4.500000e+01
    endloop
  endfacet
  facet normal -7.034072e-03 9.999745e-01 -1.227053e-03
    outer loop
      vertex   -1.162717e+00 5.698814e+01 -4.500000e+01
      vertex   -7.691161e-01 5.699468e+01 -4.192426e+01
      vertex   3.966734e-15 5.700000e+01 -4.200000e+01
    endloop
  endfacet
  facet normal 7.592098e-03 9.999474e-01 -6.895644e-03
    outer loop
      vertex   -1.162717e+00 5.698814e+01 -4.500000e+01
      vertex   3.966734e-15 5.700000e+01 -4.200000e+01
      vertex   7.691161e-01 5.699468e+01 -4.192426e+01
    endloop
  endfacet
  facet normal 2.544130e-02 9.995123e-01 -1.810558e-02
    outer loop
      vertex   7.691161e-01 5.699468e+01 -4.192426e+01
      vertex   1.530963e+00 5.697944e+01 -4.169542e+01
      vertex   -1.162717e+00 5.698814e+01 -4.500000e+01
    endloop
  endfacet
  facet normal 2.039654e-02 9.996940e-01 -1.399293e-02
    outer loop
      vertex   -1.162717e+00 5.698814e+01 -4.500000e+01
      vertex   1.530963e+00 5.697944e+01 -4.169542e+01
      vertex   3.486215e+00 5.689329e+01 -4.500000e+01
    endloop
  endfacet
  facet normal 3.571839e-02 9.993498e-01 -4.918331e-03
    outer loop
      vertex   3.486215e+00 5.689329e+01 -4.500000e+01
      vertex   1.530963e+00 5.697944e+01 -4.169542e+01
      vertex   2.231328e+00 5.695626e+01 -4.131852e+01
    endloop
  endfacet
  facet normal 4.557227e-02 9.989598e-01 -1.552821e-03
    outer loop
      vertex   3.486215e+00 5.689329e+01 -4.500000e+01
      vertex   2.231328e+00 5.695626e+01 -4.131852e+01
      vertex   2.828428e+00 5.692978e+01 -4.082843e+01
    endloop
  endfacet
  facet normal 5.420246e-02 9.985299e-01 -1.882250e-04
    outer loop
      vertex   2.828428e+00 5.692978e+01 -4.082843e+01
      vertex   3.318520e+00 5.690329e+01 -4.023133e+01
      vertex   3.486215e+00 5.689329e+01 -4.500000e+01
    endloop
  endfacet
  facet normal 6.133990e-02 9.981169e-01 6.363632e-05
    outer loop
      vertex   3.486215e+00 5.689329e+01 -4.500000e+01
      vertex   3.318520e+00 5.690329e+01 -4.023133e+01
      vertex   3.695423e+00 5.688008e+01 -3.953096e+01
    endloop
  endfacet
  facet normal 6.713741e-02 9.977437e-01 -1.590390e-04
    outer loop
      vertex   3.486215e+00 5.689329e+01 -4.500000e+01
      vertex   3.695423e+00 5.688008e+01 -3.953096e+01
      vertex   3.924262e+00 5.686481e+01 -3.876912e+01
    endloop
  endfacet
  facet normal 8.344723e-02 9.965113e-01 -1.311294e-03
    outer loop
      vertex   3.924262e+00 5.686481e+01 -3.876912e+01
      vertex   4.000000e+00 5.685948e+01 -3.800000e+01
      vertex   3.486215e+00 5.689329e+01 -4.500000e+01
    endloop
  endfacet
  facet normal -9.991665e-01 -4.078853e-02 -1.597151e-03
    outer loop
      vertex   -5.681034e+01 -4.646029e+00 -4.500000e+01
      vertex   -5.695257e+01 -2.324949e+00 -1.530000e+01
      vertex   -5.700000e+01 0.000000e+00 -4.500000e+01
    endloop
  endfacet
  facet normal -9.999987e-01 3.047897e-19 1.597151e-03
    outer loop
      vertex   -5.700000e+01 0.000000e+00 -4.500000e+01
      vertex   -5.695257e+01 -2.324949e+00 -1.530000e+01
      vertex   -5.695257e+01 2.324949e+00 -1.530000e+01
    endloop
  endfacet
  facet normal -9.991665e-01 4.078853e-02 -1.597151e-03
    outer loop
      vertex   -5.700000e+01 0.000000e+00 -4.500000e+01
      vertex   -5.695257e+01 2.324949e+00 -1.530000e+01
      vertex   -5.681034e+01 4.646029e+00 -4.500000e+01
    endloop
  endfacet
  facet normal -9.966713e-01 8.150918e-02 1.597151e-03
    outer loop
      vertex   -5.681034e+01 4.646029e+00 -4.500000e+01
      vertex   -5.695257e+01 2.324949e+00 -1.530000e+01
      vertex   -5.657356e+01 6.959376e+00 -1.530000e+01
    endloop
  endfacet
  facet normal -9.925172e-01 1.220942e-01 -1.597151e-03
    outer loop
      vertex   -5.681034e+01 4.646029e+00 -4.500000e+01
      vertex   -5.657356e+01 6.959376e+00 -1.530000e+01
      vertex   -5.624261e+01 9.261140e+00 -4.500000e+01
    endloop
  endfacet
  facet normal -9.867112e-01 1.624759e-01 1.597151e-03
    outer loop
      vertex   -5.624261e+01 9.261140e+00 -4.500000e+01
      vertex   -5.657356e+01 6.959376e+00 -1.530000e+01
      vertex   -5.581806e+01 1.154749e+01 -1.530000e+01
    endloop
  endfacet
  facet normal -9.792629e-01 2.025873e-01 -1.597151e-03
    outer loop
      vertex   -5.624261e+01 9.261140e+00 -4.500000e+01
      vertex   -5.581806e+01 1.154749e+01 -1.530000e+01
      vertex   -5.530060e+01 1.381462e+01 -4.500000e+01
    endloop
  endfacet
  facet normal -9.701847e-01 2.423614e-01 1.597151e-03
    outer loop
      vertex   -5.530060e+01 1.381462e+01 -4.500000e+01
      vertex   -5.581806e+01 1.154749e+01 -1.530000e+01
      vertex   -5.469110e+01 1.605876e+01 -1.530000e+01
    endloop
  endfacet
  facet normal -9.594917e-01 2.817322e-01 -1.597151e-03
    outer loop
      vertex   -5.530060e+01 1.381462e+01 -4.500000e+01
      vertex   -5.469110e+01 1.605876e+01 -1.530000e+01
      vertex   -5.399057e+01 1.827616e+01 -4.500000e+01
    endloop
  endfacet
  facet normal -9.472018e-01 3.206341e-01 1.597151e-03
    outer loop
      vertex   -5.399057e+01 1.827616e+01 -4.500000e+01
      vertex   -5.469110e+01 1.605876e+01 -1.530000e+01
      vertex   -5.320018e+01 2.046315e+01 -1.530000e+01
    endloop
  endfacet
  facet normal -9.333353e-01 3.590022e-01 -1.597151e-03
    outer loop
      vertex   -5.399057e+01 1.827616e+01 -4.500000e+01
      vertex   -5.320018e+01 2.046315e+01 -1.530000e+01
      vertex   -5.232125e+01 2.261608e+01 -4.500000e+01
    endloop
  endfacet
  facet normal -9.179154e-01 3.967729e-01 1.597151e-03
    outer loop
      vertex   -5.232125e+01 2.261608e+01 -4.500000e+01
      vertex   -5.320018e+01 2.046315e+01 -1.530000e+01
      vertex   -5.135523e+01 2.473137e+01 -1.530000e+01
    endloop
  endfacet
  facet normal -9.009677e-01 4.338832e-01 -1.597151e-03
    outer loop
      vertex   -5.232125e+01 2.261608e+01 -4.500000e+01
      vertex   -5.135523e+01 2.473137e+01 -1.530000e+01
      vertex   -5.030373e+01 2.680550e+01 -4.500000e+01
    endloop
  endfacet
  facet normal -8.825205e-01 4.702713e-01 1.597151e-03
    outer loop
      vertex   -5.030373e+01 2.680550e+01 -4.500000e+01
      vertex   -5.135523e+01 2.473137e+01 -1.530000e+01
      vertex   -4.916851e+01 2.883501e+01 -1.530000e+01
    endloop
  endfacet
  facet normal -8.626043e-01 5.058767e-01 -1.597151e-03
    outer loop
      vertex   -5.030373e+01 2.680550e+01 -4.500000e+01
      vertex   -4.916851e+01 2.883501e+01 -1.530000e+01
      vertex   -4.795145e+01 3.081653e+01 -4.500000e+01
    endloop
  endfacet
  facet normal -8.412525e-01 5.406401e-01 1.597151e-03
    outer loop
      vertex   -4.795145e+01 3.081653e+01 -4.500000e+01
      vertex   -4.916851e+01 2.883501e+01 -1.530000e+01
      vertex   -4.665458e+01 3.274675e+01 -1.530000e+01
    endloop
  endfacet
  facet normal -8.185004e-01 5.745037e-01 -1.597151e-03
    outer loop
      vertex   -4.795145e+01 3.081653e+01 -4.500000e+01
      vertex   -4.665458e+01 3.274675e+01 -1.530000e+01
      vertex   -4.528006e+01 3.462248e+01 -4.500000e+01
    endloop
  endfacet
  facet normal -7.943861e-01 6.074111e-01 1.597151e-03
    outer loop
      vertex   -4.528006e+01 3.462248e+01 -4.500000e+01
      vertex   -4.665458e+01 3.274675e+01 -1.530000e+01
      vertex   -4.383018e+01 3.644057e+01 -1.530000e+01
    endloop
  endfacet
  facet normal -7.689495e-01 6.393075e-01 -1.597151e-03
    outer loop
      vertex   -4.528006e+01 3.462248e+01 -4.500000e+01
      vertex   -4.383018e+01 3.644057e+01 -1.530000e+01
      vertex   -4.230735e+01 3.819802e+01 -4.500000e+01
    endloop
  endfacet
  facet normal -7.422332e-01 6.701398e-01 1.597151e-03
    outer loop
      vertex   -4.230735e+01 3.819802e+01 -4.500000e+01
      vertex   -4.383018e+01 3.644057e+01 -1.530000e+01
      vertex   -4.071409e+01 3.989189e+01 -1.530000e+01
    endloop
  endfacet
  facet normal -7.142814e-01 6.998568e-01 -1.597151e-03
    outer loop
      vertex   -4.230735e+01 3.819802e+01 -4.500000e+01
      vertex   -4.071409e+01 3.989189e+01 -1.530000e+01
      vertex   -3.905308e+01 4.151936e+01 -4.500000e+01
    endloop
  endfacet
  facet normal -6.851408e-01 7.284089e-01 1.597151e-03
    outer loop
      vertex   -3.905308e+01 4.151936e+01 -4.500000e+01
      vertex   -4.071409e+01 3.989189e+01 -1.530000e+01
      vertex   -3.732706e+01 4.307773e+01 -1.530000e+01
    endloop
  endfacet
  facet normal -6.548599e-01 7.557486e-01 -1.597151e-03
    outer loop
      vertex   -3.905308e+01 4.151936e+01 -4.500000e+01
      vertex   -3.732706e+01 4.307773e+01 -1.530000e+01
      vertex   -3.553892e+01 4.456440e+01 -4.500000e+01
    endloop
  endfacet
  facet normal -6.234890e-01 7.818305e-01 1.597151e-03
    outer loop
      vertex   -3.553892e+01 4.456440e+01 -4.500000e+01
      vertex   -3.732706e+01 4.307773e+01 -1.530000e+01
      vertex   -3.369163e+01 4.597689e+01 -1.530000e+01
    endloop
  endfacet
  facet normal -5.910804e-01 8.066111e-01 -1.597151e-03
    outer loop
      vertex   -3.553892e+01 4.456440e+01 -4.500000e+01
      vertex   -3.369163e+01 4.597689e+01 -1.530000e+01
      vertex   -3.178825e+01 4.731286e+01 -4.500000e+01
    endloop
  endfacet
  facet normal -5.576880e-01 8.300492e-01 1.597151e-03
    outer loop
      vertex   -3.178825e+01 4.731286e+01 -4.500000e+01
      vertex   -3.369163e+01 4.597689e+01 -1.530000e+01
      vertex   -2.983198e+01 4.857009e+01 -1.530000e+01
    endloop
  endfacet
  facet normal -5.233673e-01 8.521057e-01 -1.597151e-03
    outer loop
      vertex   -3.178825e+01 4.731286e+01 -4.500000e+01
      vertex   -2.983198e+01 4.857009e+01 -1.530000e+01
      vertex   -2.782604e+01 4.974647e+01 -4.500000e+01
    endloop
  endfacet
  facet normal -4.881756e-01 8.727440e-01 1.597151e-03
    outer loop
      vertex   -2.782604e+01 4.974647e+01 -4.500000e+01
      vertex   -2.983198e+01 4.857009e+01 -1.530000e+01
      vertex   -2.577380e+01 5.084006e+01 -1.530000e+01
    endloop
  endfacet
  facet normal -4.521713e-01 8.919297e-01 -1.597151e-03
    outer loop
      vertex   -2.782604e+01 4.974647e+01 -4.500000e+01
      vertex   -2.577380e+01 5.084006e+01 -1.530000e+01
      vertex   -2.367866e+01 5.184902e+01 -4.500000e+01
    endloop
  endfacet
  facet normal -4.154145e-01 9.096308e-01 1.597151e-03
    outer loop
      vertex   -2.367866e+01 5.184902e+01 -4.500000e+01
      vertex   -2.577380e+01 5.084006e+01 -1.530000e+01
      vertex   -2.154410e+01 5.277169e+01 -1.530000e+01
    endloop
  endfacet
  facet normal -3.779662e-01 9.258180e-01 -1.597151e-03
    outer loop
      vertex   -2.367866e+01 5.184902e+01 -4.500000e+01
      vertex   -2.154410e+01 5.277169e+01 -1.530000e+01
      vertex   -1.937369e+01 5.360653e+01 -4.500000e+01
    endloop
  endfacet
  facet normal -3.398889e-01 9.404643e-01 1.597151e-03
    outer loop
      vertex   -1.937369e+01 5.360653e+01 -4.500000e+01
      vertex   -2.154410e+01 5.277169e+01 -1.530000e+01
      vertex   -1.717103e+01 5.435215e+01 -1.530000e+01
    endloop
  endfacet
  facet normal -3.012458e-01 9.535452e-01 -1.597151e-03
    outer loop
      vertex   -1.937369e+01 5.360653e+01 -4.500000e+01
      vertex   -1.717103e+01 5.435215e+01 -1.530000e+01
      vertex   -1.493980e+01 5.500730e+01 -4.500000e+01
    endloop
  endfacet
  facet normal -2.621013e-01 9.650390e-01 1.597151e-03
    outer loop
      vertex   -1.493980e+01 5.500730e+01 -4.500000e+01
      vertex   -1.717103e+01 5.435215e+01 -1.530000e+01
      vertex   -1.268369e+01 5.557089e+01 -1.530000e+01
    endloop
  endfacet
  facet normal -2.225207e-01 9.749267e-01 -1.597151e-03
    outer loop
      vertex   -1.493980e+01 5.500730e+01 -4.500000e+01
      vertex   -1.268369e+01 5.557089e+01 -1.530000e+01
      vertex   -1.040648e+01 5.604200e+01 -4.500000e+01
    endloop
  endfacet
  facet normal -1.825696e-01 9.831916e-01 1.597151e-03
    outer loop
      vertex   -1.040648e+01 5.604200e+01 -4.500000e+01
      vertex   -1.268369e+01 5.557089e+01 -1.530000e+01
      vertex   -8.111946e+00 5.641982e+01 -1.530000e+01
    endloop
  endfacet
  facet normal -9.966713e-01 -8.150918e-02 1.597151e-03
    outer loop
      vertex   -5.695257e+01 -2.324949e+00 -1.530000e+01
      vertex   -5.681034e+01 -4.646029e+00 -4.500000e+01
      vertex   -5.657356e+01 -6.959376e+00 -1.530000e+01
    endloop
  endfacet
  facet normal -9.925172e-01 -1.220942e-01 -1.597151e-03
    outer loop
      vertex   -5.657356e+01 -6.959376e+00 -1.530000e+01
      vertex   -5.681034e+01 -4.646029e+00 -4.500000e+01
      vertex   -5.624261e+01 -9.261140e+00 -4.500000e+01
    endloop
  endfacet
  facet normal -9.867112e-01 -1.624759e-01 1.597151e-03
    outer loop
      vertex   -5.657356e+01 -6.959376e+00 -1.530000e+01
      vertex   -5.624261e+01 -9.261140e+00 -4.500000e+01
      vertex   -5.581806e+01 -1.154749e+01 -1.530000e+01
    endloop
  endfacet
  facet normal -9.792629e-01 -2.025873e-01 -1.597151e-03
    outer loop
      vertex   -5.581806e+01 -1.154749e+01 -1.530000e+01
      vertex   -5.624261e+01 -9.261140e+00 -4.500000e+01
      vertex   -5.530060e+01 -1.381462e+01 -4.500000e+01
    endloop
  endfacet
  facet normal -9.701847e-01 -2.423614e-01 1.597151e-03
    outer loop
      vertex   -5.581806e+01 -1.154749e+01 -1.530000e+01
      vertex   -5.530060e+01 -1.381462e+01 -4.500000e+01
      vertex   -5.469110e+01 -1.605876e+01 -1.530000e+01
    endloop
  endfacet
  facet normal -9.594917e-01 -2.817322e-01 -1.597151e-03
    outer loop
      vertex   -5.469110e+01 -1.605876e+01 -1.530000e+01
      vertex   -5.530060e+01 -1.381462e+01 -4.500000e+01
      vertex   -5.399057e+01 -1.827616e+01 -4.500000e+01
    endloop
  endfacet
  facet normal -9.472018e-01 -3.206341e-01 1.597151e-03
    outer loop
      vertex   -5.469110e+01 -1.605876e+01 -1.530000e+01
      vertex   -5.399057e+01 -1.827616e+01 -4.500000e+01
      vertex   -5.320018e+01 -2.046315e+01 -1.530000e+01
    endloop
  endfacet
  facet normal -9.333353e-01 -3.590022e-01 -1.597151e-03
    outer loop
      vertex   -5.320018e+01 -2.046315e+01 -1.530000e+01
      vertex   -5.399057e+01 -1.827616e+01 -4.500000e+01
      vertex   -5.232125e+01 -2.261608e+01 -4.500000e+01
    endloop
  endfacet
  facet normal -9.179154e-01 -3.967729e-01 1.597151e-03
    outer loop
      vertex   -5.320018e+01 -2.046315e+01 -1.530000e+01
      vertex   -5.232125e+01 -2.261608e+01 -4.500000e+01
      vertex   -5.135523e+01 -2.473137e+01 -1.530000e+01
    endloop
  endfacet
  facet normal -9.009677e-01 -4.338832e-01 -1.597151e-03
    outer loop
      vertex   -5.135523e+01 -2.473137e+01 -1.530000e+01
      vertex   -5.232125e+01 -2.261608e+01 -4.500000e+01
      vertex   -5.030373e+01 -2.680550e+01 -4.500000e+01
    endloop
  endfacet
  facet normal -8.825205e-01 -4.702713e-01 1.597151e-03
    outer loop
      vertex   -5.135523e+01 -2.473137e+01 -1.530000e+01
      vertex   -5.030373e+01 -2.680550e+01 -4.500000e+01
      vertex   -4.916851e+01 -2.883501e+01 -1.530000e+01
    endloop
  endfacet
  facet normal -8.626043e-01 -5.058767e-01 -1.597151e-03
    outer loop
      vertex   -4.916851e+01 -2.883501e+01 -1.530000e+01
      vertex   -5.030373e+01 -2.680550e+01 -4.500000e+01
      vertex   -4.795145e+01 -3.081653e+01 -4.500000e+01
    endloop
  endfacet
  facet normal -8.412525e-01 -5.406401e-01 1.597151e-03
    outer loop
      vertex   -4.916851e+01 -2.883501e+01 -1.530000e+01
      vertex   -4.795145e+01 -3.081653e+01 -4.500000e+01
      vertex   -4.665458e+01 -3.274675e+01 -1.530000e+01
    endloop
  endfacet
  facet normal -8.185004e-01 -5.745037e-01 -1.597151e-03
    outer loop
      vertex   -4.665458e+01 -3.274675e+01 -1.530000e+01
      vertex   -4.795145e+01 -3.081653e+01 -4.500000e+01
      vertex   -4.528006e+01 -3.462248e+01 -4.500000e+01
    endloop
  endfacet
  facet normal -7.943861e-01 -6.074111e-01 1.597151e-03
    outer loop
      vertex   -4.665458e+01 -3.274675e+01 -1.530000e+01
      vertex   -4.528006e+01 -3.462248e+01 -4.500000e+01
      vertex   -4.383018e+01 -3.644057e+01 -1.530000e+01
    endloop
  endfacet
  facet normal -7.689495e-01 -6.393075e-01 -1.597151e-03
    outer loop
      vertex   -4.383018e+01 -3.644057e+01 -1.530000e+01
      vertex   -4.528006e+01 -3.462248e+01 -4.500000e+01
      vertex   -4.230735e+01 -3.819802e+01 -4.500000e+01
    endloop
  endfacet
  facet normal -7.422332e-01 -6.701398e-01 1.597151e-03
    outer loop
      vertex   -4.383018e+01 -3.644057e+01 -1.530000e+01
      vertex   -4.230735e+01 -3.819802e+01 -4.500000e+01
      vertex   -4.071409e+01 -3.989189e+01 -1.530000e+01
    endloop
  endfacet
  facet normal -7.142814e-01 -6.998568e-01 -1.597151e-03
    outer loop
      vertex   -4.071409e+01 -3.989189e+01 -1.530000e+01
      vertex   -4.230735e+01 -3.819802e+01 -4.500000e+01
      vertex   -3.905308e+01 -4.151936e+01 -4.500000e+01
    endloop
  endfacet
  facet normal -6.851408e-01 -7.284089e-01 1.597151e-03
    outer loop
      vertex   -4.071409e+01 -3.989189e+01 -1.530000e+01
      vertex   -3.905308e+01 -4.151936e+01 -4.500000e+01
      vertex   -3.732706e+01 -4.307773e+01 -1.530000e+01
    endloop
  endfacet
  facet normal -6.548599e-01 -7.557486e-01 -1.597151e-03
    outer loop
      vertex   -3.732706e+01 -4.307773e+01 -1.530000e+01
      vertex   -3.905308e+01 -4.151936e+01 -4.500000e+01
      vertex   -3.553892e+01 -4.456440e+01 -4.500000e+01
    endloop
  endfacet
  facet normal -6.234890e-01 -7.818305e-01 1.597151e-03
    outer loop
      vertex   -3.732706e+01 -4.307773e+01 -1.530000e+01
      vertex   -3.553892e+01 -4.456440e+01 -4.500000e+01
      vertex   -3.369163e+01 -4.597689e+01 -1.530000e+01
    endloop
  endfacet
  facet normal -5.910804e-01 -8.066111e-01 -1.597151e-03
    outer loop
      vertex   -3.369163e+01 -4.597689e+01 -1.530000e+01
      vertex   -3.553892e+01 -4.456440e+01 -4.500000e+01
      vertex   -3.178825e+01 -4.731286e+01 -4.500000e+01
    endloop
  endfacet
  facet normal -5.576880e-01 -8.300492e-01 1.597151e-03
    outer loop
      vertex   -3.369163e+01 -4.597689e+01 -1.530000e+01
      vertex   -3.178825e+01 -4.731286e+01 -4.500000e+01
      vertex   -2.983198e+01 -4.857009e+01 -1.530000e+01
    endloop
  endfacet
  facet normal -5.233673e-01 -8.521057e-01 -1.597151e-03
    outer loop
      vertex   -2.983198e+01 -4.857009e+01 -1.530000e+01
      vertex   -3.178825e+01 -4.731286e+01 -4.500000e+01
      vertex   -2.782604e+01 -4.974647e+01 -4.500000e+01
    endloop
  endfacet
  facet normal -4.881756e-01 -8.727440e-01 1.597151e-03
    outer loop
      vertex   -2.983198e+01 -4.857009e+01 -1.530000e+01
      vertex   -2.782604e+01 -4.974647e+01 -4.500000e+01
      vertex   -2.577380e+01 -5.084006e+01 -1.530000e+01
    endloop
  endfacet
  facet normal -4.521713e-01 -8.919297e-01 -1.597151e-03
    outer loop
      vertex   -2.577380e+01 -5.084006e+01 -1.530000e+01
      vertex   -2.782604e+01 -4.974647e+01 -4.500000e+01
      vertex   -2.367866e+01 -5.184902e+01 -4.500000e+01
    endloop
  endfacet
  facet normal -4.154145e-01 -9.096308e-01 1.597151e-03
    outer loop
      vertex   -2.577380e+01 -5.084006e+01 -1.530000e+01
      vertex   -2.367866e+01 -5.184902e+01 -4.500000e+01
      vertex   -2.154410e+01 -5.277169e+01 -1.530000e+01
    endloop
  endfacet
  facet normal -3.779662e-01 -9.258180e-01 -1.597151e-03
    outer loop
      vertex   -2.154410e+01 -5.277169e+01 -1.530000e+01
      vertex   -2.367866e+01 -5.184902e+01 -4.500000e+01
      vertex   -1.937369e+01 -5.360653e+01 -4.500000e+01
    endloop
  endfacet
  facet normal -3.398889e-01 -9.404643e-01 1.597151e-03
    outer loop
      vertex   -2.154410e+01 -5.277169e+01 -1.530000e+01
      vertex   -1.937369e+01 -5.360653e+01 -4.500000e+01
      vertex   -1.717103e+01 -5.435215e+01 -1.530000e+01
    endloop
  endfacet
  facet normal -3.012458e-01 -9.535452e-01 -1.597151e-03
    outer loop
      vertex   -1.717103e+01 -5.435215e+01 -1.530000e+01
      vertex   -1.937369e+01 -5.360653e+01 -4.500000e+01
      vertex   -1.493980e+01 -5.500730e+01 -4.500000e+01
    endloop
  endfacet
  facet normal -2.621013e-01 -9.650390e-01 1.597151e-03
    outer loop
      vertex   -1.717103e+01 -5.435215e+01 -1.530000e+01
      vertex   -1.493980e+01 -5.500730e+01 -4.500000e+01
      vertex   -1.268369e+01 -5.557089e+01 -1.530000e+01
    endloop
  endfacet
  facet normal -2.225207e-01 -9.749267e-01 -1.597151e-03
    outer loop
      vertex   -1.268369e+01 -5.557089e+01 -1.530000e+01
      vertex   -1.493980e+01 -5.500730e+01 -4.500000e+01
      vertex   -1.040648e+01 -5.604200e+01 -4.500000e+01
    endloop
  endfacet
  facet normal -1.825696e-01 -9.831916e-01 1.597151e-03
    outer loop
      vertex   -1.268369e+01 -5.557089e+01 -1.530000e+01
      vertex   -1.040648e+01 -5.604200e+01 -4.500000e+01
      vertex   -8.111946e+00 -5.641982e+01 -1.530000e+01
    endloop
  endfacet
  facet normal -1.423147e-01 -9.898202e-01 -1.597151e-03
    outer loop
      vertex   -8.111946e+00 -5.641982e+01 -1.530000e+01
      vertex   -1.040648e+01 -5.604200e+01 -4.500000e+01
      vertex   -5.803910e+00 -5.670375e+01 -4.500000e+01
    endloop
  endfacet
  facet normal -1.018229e-01 -9.948013e-01 1.597151e-03
    outer loop
      vertex   -8.111946e+00 -5.641982e+01 -1.530000e+01
      vertex   -5.803910e+00 -5.670375e+01 -4.500000e+01
      vertex   -3.486215e+00 -5.689329e+01 -1.530000e+01
    endloop
  endfacet
  facet normal -6.116158e-02 -9.981266e-01 -1.597151e-03
    outer loop
      vertex   -3.486215e+00 -5.689329e+01 -1.530000e+01
      vertex   -5.803910e+00 -5.670375e+01 -4.500000e+01
      vertex   -1.162717e+00 -5.698814e+01 -4.500000e+01
    endloop
  endfacet
  facet normal -2.039851e-02 -9.997907e-01 1.597151e-03
    outer loop
      vertex   -3.486215e+00 -5.689329e+01 -1.530000e+01
      vertex   -1.162717e+00 -5.698814e+01 -4.500000e+01
      vertex   1.162717e+00 -5.698814e+01 -1.530000e+01
    endloop
  endfacet
  facet normal 2.039851e-02 -9.997907e-01 -1.597151e-03
    outer loop
      vertex   1.162717e+00 -5.698814e+01 -1.530000e+01
      vertex   -1.162717e+00 -5.698814e+01 -4.500000e+01
      vertex   3.486215e+00 -5.689329e+01 -4.500000e+01
    endloop
  endfacet
  facet normal 6.116158e-02 -9.981266e-01 1.597151e-03
    outer loop
      vertex   1.162717e+00 -5.698814e+01 -1.530000e+01
      vertex   3.486215e+00 -5.689329e+01 -4.500000e+01
      vertex   5.803910e+00 -5.670375e+01 -1.530000e+01
    endloop
  endfacet
  facet normal 1.018229e-01 -9.948013e-01 -1.597151e-03
    outer loop
      vertex   5.803910e+00 -5.670375e+01 -1.530000e+01
      vertex   3.486215e+00 -5.689329e+01 -4.500000e+01
      vertex   8.111946e+00 -5.641982e+01 -4.500000e+01
    endloop
  endfacet
  facet normal 1.423147e-01 -9.898202e-01 1.597151e-03
    outer loop
      vertex   5.803910e+00 -5.670375e+01 -1.530000e+01
      vertex   8.111946e+00 -5.641982e+01 -4.500000e+01
      vertex   1.040648e+01 -5.604200e+01 -1.530000e+01
    endloop
  endfacet
  facet normal 1.825696e-01 -9.831916e-01 -1.597151e-03
    outer loop
      vertex   1.040648e+01 -5.604200e+01 -1.530000e+01
      vertex   8.111946e+00 -5.641982e+01 -4.500000e+01
      vertex   1.268369e+01 -5.557089e+01 -4.500000e+01
    endloop
  endfacet
  facet normal 2.225207e-01 -9.749267e-01 1.597151e-03
    outer loop
      vertex   1.040648e+01 -5.604200e+01 -1.530000e+01
      vertex   1.268369e+01 -5.557089e+01 -4.500000e+01
      vertex   1.493980e+01 -5.500730e+01 -1.530000e+01
    endloop
  endfacet
  facet normal 2.621013e-01 -9.650390e-01 -1.597151e-03
    outer loop
      vertex   1.493980e+01 -5.500730e+01 -1.530000e+01
      vertex   1.268369e+01 -5.557089e+01 -4.500000e+01
      vertex   1.717103e+01 -5.435215e+01 -4.500000e+01
    endloop
  endfacet
  facet normal 3.012458e-01 -9.535452e-01 1.597151e-03
    outer loop
      vertex   1.493980e+01 -5.500730e+01 -1.530000e+01
      vertex   1.717103e+01 -5.435215e+01 -4.500000e+01
      vertex   1.937369e+01 -5.360653e+01 -1.530000e+01
    endloop
  endfacet
  facet normal 3.398889e-01 -9.404643e-01 -1.597151e-03
    outer loop
      vertex   1.937369e+01 -5.360653e+01 -1.530000e+01
      vertex   1.717103e+01 -5.435215e+01 -4.500000e+01
      vertex   2.154410e+01 -5.277169e+01 -4.500000e+01
    endloop
  endfacet
  facet normal 3.779662e-01 -9.258180e-01 1.597151e-03
    outer loop
      vertex   1.937369e+01 -5.360653e+01 -1.530000e+01
      vertex   2.154410e+01 -5.277169e+01 -4.500000e+01
      vertex   2.367866e+01 -5.184902e+01 -1.530000e+01
    endloop
  endfacet
  facet normal 4.154145e-01 -9.096308e-01 -1.597151e-03
    outer loop
      vertex   2.367866e+01 -5.184902e+01 -1.530000e+01
      vertex   2.154410e+01 -5.277169e+01 -4.500000e+01
      vertex   2.577380e+01 -5.084006e+01 -4.500000e+01
    endloop
  endfacet
  facet normal 4.521713e-01 -8.919297e-01 1.597151e-03
    outer loop
      vertex   2.367866e+01 -5.184902e+01 -1.530000e+01
      vertex   2.577380e+01 -5.084006e+01 -4.500000e+01
      vertex   2.782604e+01 -4.974647e+01 -1.530000e+01
    endloop
  endfacet
  facet normal 4.881756e-01 -8.727440e-01 -1.597151e-03
    outer loop
      vertex   2.782604e+01 -4.974647e+01 -1.530000e+01
      vertex   2.577380e+01 -5.084006e+01 -4.500000e+01
      vertex   2.983198e+01 -4.857009e+01 -4.500000e+01
    endloop
  endfacet
  facet normal 5.233673e-01 -8.521057e-01 1.597151e-03
    outer loop
      vertex   2.782604e+01 -4.974647e+01 -1.530000e+01
      vertex   2.983198e+01 -4.857009e+01 -4.500000e+01
      vertex   3.178825e+01 -4.731286e+01 -1.530000e+01
    endloop
  endfacet
  facet normal 5.576880e-01 -8.300492e-01 -1.597151e-03
    outer loop
      vertex   3.178825e+01 -4.731286e+01 -1.530000e+01
      vertex   2.983198e+01 -4.857009e+01 -4.500000e+01
      vertex   3.369163e+01 -4.597689e+01 -4.500000e+01
    endloop
  endfacet
  facet normal 5.910804e-01 -8.066111e-01 1.597151e-03
    outer loop
      vertex   3.178825e+01 -4.731286e+01 -1.530000e+01
      vertex   3.369163e+01 -4.597689e+01 -4.500000e+01
      vertex   3.553892e+01 -4.456440e+01 -1.530000e+01
    endloop
  endfacet
  facet normal 6.234890e-01 -7.818305e-01 -1.597151e-03
    outer loop
      vertex   3.553892e+01 -4.456440e+01 -1.530000e+01
      vertex   3.369163e+01 -4.597689e+01 -4.500000e+01
      vertex   3.732706e+01 -4.307773e+01 -4.500000e+01
    endloop
  endfacet
  facet normal 6.548599e-01 -7.557486e-01 1.597151e-03
    outer loop
      vertex   3.553892e+01 -4.456440e+01 -1.530000e+01
      vertex   3.732706e+01 -4.307773e+01 -4.500000e+01
      vertex   3.905308e+01 -4.151936e+01 -1.530000e+01
    endloop
  endfacet
  facet normal 6.851408e-01 -7.284089e-01 -1.597151e-03
    outer loop
      vertex   3.905308e+01 -4.151936e+01 -1.530000e+01
      vertex   3.732706e+01 -4.307773e+01 -4.500000e+01
      vertex   4.071409e+01 -3.989189e+01 -4.500000e+01
    endloop
  endfacet
  facet normal 7.142814e-01 -6.998568e-01 1.597151e-03
    outer loop
      vertex   3.905308e+01 -4.151936e+01 -1.530000e+01
      vertex   4.071409e+01 -3.989189e+01 -4.500000e+01
      vertex   4.230735e+01 -3.819802e+01 -1.530000e+01
    endloop
  endfacet
  facet normal 7.422332e-01 -6.701398e-01 -1.597151e-03
    outer loop
      vertex   4.230735e+01 -3.819802e+01 -1.530000e+01
      vertex   4.071409e+01 -3.989189e+01 -4.500000e+01
      vertex   4.383018e+01 -3.644057e+01 -4.500000e+01
    endloop
  endfacet
  facet normal 7.689495e-01 -6.393075e-01 1.597151e-03
    outer loop
      vertex   4.230735e+01 -3.819802e+01 -1.530000e+01
      vertex   4.383018e+01 -3.644057e+01 -4.500000e+01
      vertex   4.528006e+01 -3.462248e+01 -1.530000e+01
    endloop
  endfacet
  facet normal 7.943861e-01 -6.074111e-01 -1.597151e-03
    outer loop
      vertex   4.528006e+01 -3.462248e+01 -1.530000e+01
      vertex   4.383018e+01 -3.644057e+01 -4.500000e+01
      vertex   4.665458e+01 -3.274675e+01 -4.500000e+01
    endloop
  endfacet
  facet normal 8.185004e-01 -5.745037e-01 1.597151e-03
    outer loop
      vertex   4.528006e+01 -3.462248e+01 -1.530000e+01
      vertex   4.665458e+01 -3.274675e+01 -4.500000e+01
      vertex   4.795145e+01 -3.081653e+01 -1.530000e+01
    endloop
  endfacet
  facet normal 8.412525e-01 -5.406401e-01 -1.597151e-03
    outer loop
      vertex   4.795145e+01 -3.081653e+01 -1.530000e+01
      vertex   4.665458e+01 -3.274675e+01 -4.500000e+01
      vertex   4.916851e+01 -2.883501e+01 -4.500000e+01
    endloop
  endfacet
  facet normal 8.626043e-01 -5.058767e-01 1.597151e-03
    outer loop
      vertex   4.795145e+01 -3.081653e+01 -1.530000e+01
      vertex   4.916851e+01 -2.883501e+01 -4.500000e+01
      vertex   5.030373e+01 -2.680550e+01 -1.530000e+01
    endloop
  endfacet
  facet normal 8.825205e-01 -4.702713e-01 -1.597151e-03
    outer loop
      vertex   5.030373e+01 -2.680550e+01 -1.530000e+01
      vertex   4.916851e+01 -2.883501e+01 -4.500000e+01
      vertex   5.135523e+01 -2.473137e+01 -4.500000e+01
    endloop
  endfacet
  facet normal 9.009677e-01 -4.338832e-01 1.597151e-03
    outer loop
      vertex   5.030373e+01 -2.680550e+01 -1.530000e+01
      vertex   5.135523e+01 -2.473137e+01 -4.500000e+01
      vertex   5.232125e+01 -2.261608e+01 -1.530000e+01
    endloop
  endfacet
  facet normal 9.179154e-01 -3.967729e-01 -1.597151e-03
    outer loop
      vertex   5.232125e+01 -2.261608e+01 -1.530000e+01
      vertex   5.135523e+01 -2.473137e+01 -4.500000e+01
      vertex   5.320018e+01 -2.046315e+01 -4.500000e+01
    endloop
  endfacet
  facet normal 9.333353e-01 -3.590022e-01 1.597151e-03
    outer loop
      vertex   5.232125e+01 -2.261608e+01 -1.530000e+01
      vertex   5.320018e+01 -2.046315e+01 -4.500000e+01
      vertex   5.399057e+01 -1.827616e+01 -1.530000e+01
    endloop
  endfacet
  facet normal 9.472018e-01 -3.206341e-01 -1.597151e-03
    outer loop
      vertex   5.399057e+01 -1.827616e+01 -1.530000e+01
      vertex   5.320018e+01 -2.046315e+01 -4.500000e+01
      vertex   5.469110e+01 -1.605876e+01 -4.500000e+01
    endloop
  endfacet
  facet normal 9.594917e-01 -2.817322e-01 1.597151e-03
    outer loop
      vertex   5.399057e+01 -1.827616e+01 -1.530000e+01
      vertex   5.469110e+01 -1.605876e+01 -4.500000e+01
      vertex   5.530060e+01 -1.381462e+01 -1.530000e+01
    endloop
  endfacet
  facet normal 9.701847e-01 -2.423614e-01 -1.597151e-03
    outer loop
      vertex   5.530060e+01 -1.381462e+01 -1.530000e+01
      vertex   5.469110e+01 -1.605876e+01 -4.500000e+01
      vertex   5.581806e+01 -1.154749e+01 -4.500000e+01
    endloop
  endfacet
  facet normal 9.792629e-01 -2.025873e-01 1.597151e-03
    outer loop
      vertex   5.530060e+01 -1.381462e+01 -1.530000e+01
      vertex   5.581806e+01 -1.154749e+01 -4.500000e+01
      vertex   5.624261e+01 -9.261140e+00 -1.530000e+01
    endloop
  endfacet
  facet normal 9.867112e-01 -1.624759e-01 -1.597151e-03
    outer loop
      vertex   5.624261e+01 -9.261140e+00 -1.530000e+01
      vertex   5.581806e+01 -1.154749e+01 -4.500000e+01
      vertex   5.657356e+01 -6.959376e+00 -4.500000e+01
    endloop
  endfacet
  facet normal 9.925172e-01 -1.220942e-01 1.597151e-03
    outer loop
      vertex   5.624261e+01 -9.261140e+00 -1.530000e+01
      vertex   5.657356e+01 -6.959376e+00 -4.500000e+01
      vertex   5.681034e+01 -4.646029e+00 -1.530000e+01
    endloop
  endfacet
  facet normal 9.966713e-01 -8.150918e-02 -1.597151e-03
    outer loop
      vertex   5.681034e+01 -4.646029e+00 -1.530000e+01
      vertex   5.657356e+01 -6.959376e+00 -4.500000e+01
      vertex   5.695257e+01 -2.324949e+00 -4.500000e+01
    endloop
  endfacet
  facet normal 9.991665e-01 -4.078853e-02 1.597151e-03
    outer loop
      vertex   5.681034e+01 -4.646029e+00 -1.530000e+01
      vertex   5.695257e+01 -2.324949e+00 -4.500000e+01
      vertex   5.700000e+01 6.980487e-15 -1.530000e+01
    endloop
  endfacet
  facet normal 9.999987e-01 3.047897e-19 -1.597151e-03
    outer loop
      vertex   5.700000e+01 6.980487e-15 -1.530000e+01
      vertex   5.695257e+01 -2.324949e+00 -4.500000e+01
      vertex   5.695257e+01 2.324949e+00 -4.500000e+01
    endloop
  endfacet
  facet normal 9.991665e-01 4.078853e-02 1.597151e-03
    outer loop
      vertex   5.700000e+01 6.980487e-15 -1.530000e+01
      vertex   5.695257e+01 2.324949e+00 -4.500000e+01
      vertex   5.681034e+01 4.646029e+00 -1.530000e+01
    endloop
  endfacet
  facet normal 9.966713e-01 8.150918e-02 -1.597151e-03
    outer loop
      vertex   5.681034e+01 4.646029e+00 -1.530000e+01
      vertex   5.695257e+01 2.324949e+00 -4.500000e+01
      vertex   5.657356e+01 6.959376e+00 -4.500000e+01
    endloop
  endfacet
  facet normal 9.925172e-01 1.220942e-01 1.597151e-03
    outer loop
      vertex   5.681034e+01 4.646029e+00 -1.530000e+01
      vertex   5.657356e+01 6.959376e+00 -4.500000e+01
      vertex   5.624261e+01 9.261140e+00 -1.530000e+01
    endloop
  endfacet
  facet normal 9.867112e-01 1.624759e-01 -1.597151e-03
    outer loop
      vertex   5.624261e+01 9.261140e+00 -1.530000e+01
      vertex   5.657356e+01 6.959376e+00 -4.500000e+01
      vertex   5.581806e+01 1.154749e+01 -4.500000e+01
    endloop
  endfacet
  facet normal 9.792629e-01 2.025873e-01 1.597151e-03
    outer loop
      vertex   5.624261e+01 9.261140e+00 -1.530000e+01
      vertex   5.581806e+01 1.154749e+01 -4.500000e+01
      vertex   5.530060e+01 1.381462e+01 -1.530000e+01
    endloop
  endfacet
  facet normal 9.701847e-01 2.423614e-01 -1.597151e-03
    outer loop
      vertex   5.530060e+01 1.381462e+01 -1.530000e+01
      vertex   5.581806e+01 1.154749e+01 -4.500000e+01
      vertex   5.469110e+01 1.605876e+01 -4.500000e+01
    endloop
  endfacet
  facet normal 9.594917e-01 2.817322e-01 1.597151e-03
    outer loop
      vertex   5.530060e+01 1.381462e+01 -1.530000e+01
      vertex   5.469110e+01 1.605876e+01 -4.500000e+01
      vertex   5.399057e+01 1.827616e+01 -1.530000e+01
    endloop
  endfacet
  facet normal 9.472018e-01 3.206341e-01 -1.597151e-03
    outer loop
      vertex   5.399057e+01 1.827616e+01 -1.530000e+01
      vertex   5.469110e+01 1.605876e+01 -4.500000e+01
      vertex   5.320018e+01 2.046315e+01 -4.500000e+01
    endloop
  endfacet
  facet normal 9.333353e-01 3.590022e-01 1.597151e-03
    outer loop
      vertex   5.399057e+01 1.827616e+01 -1.530000e+01
      vertex   5.320018e+01 2.046315e+01 -4.500000e+01
      vertex   5.232125e+01 2.261608e+01 -1.530000e+01
    endloop
  endfacet
  facet normal 9.179154e-01 3.967729e-01 -1.597151e-03
    outer loop
      vertex   5.232125e+01 2.261608e+01 -1.530000e+01
      vertex   5.320018e+01 2.046315e+01 -4.500000e+01
      vertex   5.135523e+01 2.473137e+01 -4.500000e+01
    endloop
  endfacet
  facet normal 9.009677e-01 4.338832e-01 1.597151e-03
    outer loop
      vertex   5.232125e+01 2.261608e+01 -1.530000e+01
      vertex   5.135523e+01 2.473137e+01 -4.500000e+01
      vertex   5.030373e+01 2.680550e+01 -1.530000e+01
    endloop
  endfacet
  facet normal 8.825205e-01 4.702713e-01 -1.597151e-03
    outer loop
      vertex   5.030373e+01 2.680550e+01 -1.530000e+01
      vertex   5.135523e+01 2.473137e+01 -4.500000e+01
      vertex   4.916851e+01 2.883501e+01 -4.500000e+01
    endloop
  endfacet
  facet normal 8.626043e-01 5.058767e-01 1.597151e-03
    outer loop
      vertex   5.030373e+01 2.680550e+01 -1.530000e+01
      vertex   4.916851e+01 2.883501e+01 -4.500000e+01
      vertex   4.795145e+01 3.081653e+01 -1.530000e+01
    endloop
  endfacet
  facet normal 8.412525e-01 5.406401e-01 -1.597151e-03
    outer loop
      vertex   4.795145e+01 3.081653e+01 -1.530000e+01
      vertex   4.916851e+01 2.883501e+01 -4.500000e+01
      vertex   4.665458e+01 3.274675e+01 -4.500000e+01
    endloop
  endfacet
  facet normal 8.185004e-01 5.745037e-01 1.597151e-03
    outer loop
      vertex   4.795145e+01 3.081653e+01 -1.530000e+01
      vertex   4.665458e+01 3.274675e+01 -4.500000e+01
      vertex   4.528006e+01 3.462248e+01 -1.530000e+01
    endloop
  endfacet
  facet normal 7.943861e-01 6.074111e-01 -1.597151e-03
    outer loop
      vertex   4.528006e+01 3.462248e+01 -1.530000e+01
      vertex   4.665458e+01 3.274675e+01 -4.500000e+01
      vertex   4.383018e+01 3.644057e+01 -4.500000e+01
    endloop
  endfacet
  facet normal 7.689495e-01 6.393075e-01 1.597151e-03
    outer loop
      vertex   4.528006e+01 3.462248e+01 -1.530000e+01
      vertex   4.383018e+01 3.644057e+01 -4.500000e+01
      vertex   4.230735e+01 3.819802e+01 -1.530000e+01
    endloop
  endfacet
  facet normal 7.422332e-01 6.701398e-01 -1.597151e-03
    outer loop
      vertex   4.230735e+01 3.819802e+01 -1.530000e+01
      vertex   4.383018e+01 3.644057e+01 -4.500000e+01
      vertex   4.071409e+01 3.989189e+01 -4.500000e+01
    endloop
  endfacet
  facet normal 7.142814e-01 6.998568e-01 1.597151e-03
    outer loop
      vertex   4.230735e+01 3.819802e+01 -1.530000e+01
      vertex   4.071409e+01 3.989189e+01 -4.500000e+01
      vertex   3.905308e+01 4.151936e+01 -1.530000e+01
    endloop
  endfacet
  facet normal 6.851408e-01 7.284089e-01 -1.597151e-03
    outer loop
      vertex   3.905308e+01 4.151936e+01 -1.530000e+01
      vertex   4.071409e+01 3.989189e+01 -4.500000e+01
      vertex   3.732706e+01 4.307773e+01 -4.500000e+01
    endloop
  endfacet
  facet normal 6.548599e-01 7.557486e-01 1.597151e-03
    outer loop
      vertex   3.905308e+01 4.151936e+01 -1.530000e+01
      vertex   3.732706e+01 4.307773e+01 -4.500000e+01
      vertex   3.553892e+01 4.456440e+01 -1.530000e+01
    endloop
  endfacet
  facet normal 6.234890e-01 7.818305e-01 -1.597151e-03
    outer loop
      vertex   3.553892e+01 4.456440e+01 -1.530000e+01
      vertex   3.732706e+01 4.307773e+01 -4.500000e+01
      vertex   3.369163e+01 4.597689e+01 -4.500000e+01
    endloop
  endfacet
  facet normal 5.910804e-01 8.066111e-01 1.597151e-03
    outer loop
      vertex   3.553892e+01 4.456440e+01 -1.530000e+01
      vertex   3.369163e+01 4.597689e+01 -4.500000e+01
      vertex   3.178825e+01 4.731286e+01 -1.530000e+01
    endloop
  endfacet
  facet normal 5.576880e-01 8.300492e-01 -1.597151e-03
    outer loop
      vertex   3.178825e+01 4.731286e+01 -1.530000e+01
      vertex   3.369163e+01 4.597689e+01 -4.500000e+01
      vertex   2.983198e+01 4.857009e+01 -4.500000e+01
    endloop
  endfacet
  facet normal 5.233673e-01 8.521057e-01 1.597151e-03
    outer loop
      vertex   3.178825e+01 4.731286e+01 -1.530000e+01
      vertex   2.983198e+01 4.857009e+01 -4.500000e+01
      vertex   2.782604e+01 4.974647e+01 -1.530000e+01
    endloop
  endfacet
  facet normal 4.881756e-01 8.727440e-01 -1.597151e-03
    outer loop
      vertex   2.782604e+01 4.974647e+01 -1.530000e+01
      vertex   2.983198e+01 4.857009e+01 -4.500000e+01
      vertex   2.577380e+01 5.084006e+01 -4.500000e+01
    endloop
  endfacet
  facet normal 4.521713e-01 8.919297e-01 1.597151e-03
    outer loop
      vertex   2.782604e+01 4.974647e+01 -1.530000e+01
      vertex   2.577380e+01 5.084006e+01 -4.500000e+01
      vertex   2.367866e+01 5.184902e+01 -1.530000e+01
    endloop
  endfacet
  facet normal 4.154145e-01 9.096308e-01 -1.597151e-03
    outer loop
      vertex   2.367866e+01 5.184902e+01 -1.530000e+01
      vertex   2.577380e+01 5.084006e+01 -4.500000e+01
      vertex   2.154410e+01 5.277169e+01 -4.500000e+01
    endloop
  endfacet
  facet normal 3.779662e-01 9.258180e-01 1.597151e-03
    outer loop
      vertex   2.367866e+01 5.184902e+01 -1.530000e+01
      vertex   2.154410e+01 5.277169e+01 -4.500000e+01
      vertex   1.937369e+01 5.360653e+01 -1.530000e+01
    endloop
  endfacet
  facet normal 3.398889e-01 9.404643e-01 -1.597151e-03
    outer loop
      vertex   1.937369e+01 5.360653e+01 -1.530000e+01
      vertex   2.154410e+01 5.277169e+01 -4.500000e+01
      vertex   1.717103e+01 5.435215e+01 -4.500000e+01
    endloop
  endfacet
  facet normal 3.012458e-01 9.535452e-01 1.597151e-03
    outer loop
      vertex   1.937369e+01 5.360653e+01 -1.530000e+01
      vertex   1.717103e+01 5.435215e+01 -4.500000e+01
      vertex   1.493980e+01 5.500730e+01 -1.530000e+01
    endloop
  endfacet
  facet normal 2.621013e-01 9.650390e-01 -1.597151e-03
    outer loop
      vertex   1.493980e+01 5.500730e+01 -1.530000e+01
      vertex   1.717103e+01 5.435215e+01 -4.500000e+01
      vertex   1.268369e+01 5.557089e+01 -4.500000e+01
    endloop
  endfacet
  facet normal 2.225207e-01 9.749267e-01 1.597151e-03
    outer loop
      vertex   1.493980e+01 5.500730e+01 -1.530000e+01
      vertex   1.268369e+01 5.557089e+01 -4.500000e+01
      vertex   1.040648e+01 5.604200e+01 -1.530000e+01
    endloop
  endfacet
  facet normal 1.825696e-01 9.831916e-01 -1.597151e-03
    outer loop
      vertex   1.040648e+01 5.604200e+01 -1.530000e+01
      vertex   1.268369e+01 5.557089e+01 -4.500000e+01
      vertex   8.111946e+00 5.641982e+01 -4.500000e+01
    endloop
  endfacet
  facet normal 1.423147e-01 9.898202e-01 1.597151e-03
    outer loop
      vertex   1.040648e+01 5.604200e+01 -1.530000e+01
      vertex   8.111946e+00 5.641982e+01 -4.500000e+01
      vertex   5.803910e+00 5.670375e+01 -1.530000e+01
    endloop
  endfacet
  facet normal 0.000000e+00 -0.000000e+00 -1.000000e+00
    outer loop
      vertex   -5.681034e+01 4.646029e+00 -4.500000e+01
      vertex   5.695257e+01 2.324949e+00 -4.500000e+01
      vertex   -5.700000e+01 0.000000e+00 -4.500000e+01
    endloop
  endfacet
  facet normal 0.000000e+00 0.000000e+00 -1.000000e+00
    outer loop
      vertex   -5.700000e+01 0.000000e+00 -4.500000e+01
      vertex   5.695257e+01 2.324949e+00 -4.500000e+01
      vertex   5.695257e+01 -2.324949e+00 -4.500000e+01
    endloop
  endfacet
  facet normal 0.000000e+00 0.000000e+00 -1.000000e+00
    outer loop
      vertex   -5.700000e+01 0.000000e+00 -4.500000e+01
      vertex   5.695257e+01 -2.324949e+00 -4.500000e+01
      vertex   -5.681034e+01 -4.646029e+00 -4.500000e+01
    endloop
  endfacet
  facet normal 0.000000e+00 0.000000e+00 -1.000000e+00
    outer loop
      vertex   -5.681034e+01 -4.646029e+00 -4.500000e+01
      vertex   5.695257e+01 -2.324949e+00 -4.500000e+01
      vertex   5.657356e+01 -6.959376e+00 -4.500000e+01
    endloop
  endfacet
  facet normal 0.000000e+00 0.000000e+00 -1.000000e+00
    outer loop
      vertex   -5.681034e+01 -4.646029e+00 -4.500000e+01
      vertex   5.657356e+01 -6.959376e+00 -4.500000e+01
      vertex   -5.624261e+01 -9.261140e+00 -4.500000e+01
    endloop
  endfacet
  facet normal 0.000000e+00 0.000000e+00 -1.000000e+00
    outer loop
      vertex   -5.624261e+01 -9.261140e+00 -4.500000e+01
      vertex   5.657356e+01 -6.959376e+00 -4.500000e+01
      vertex   5.581806e+01 -1.154749e+01 -4.500000e+01
    endloop
  endfacet
  facet normal 0.000000e+00 0.000000e+00 -1.000000e+00
    outer loop
      vertex   -5.624261e+01 -9.261140e+00 -4.500000e+01
      vertex   5.581806e+01 -1.154749e+01 -4.500000e+01
      vertex   -5.530060e+01 -1.381462e+01 -4.500000e+01
    endloop
  endfacet
  facet normal 0.000000e+00 0.000000e+00 -1.000000e+00
    outer loop
      vertex   -5.530060e+01 -1.381462e+01 -4.500000e+01
      vertex   5.581806e+01 -1.154749e+01 -4.500000e+01
      vertex   5.469110e+01 -1.605876e+01 -4.500000e+01
    endloop
  endfacet
  facet normal 0.000000e+00 0.000000e+00 -1.000000e+00
    outer loop
      vertex   -5.530060e+01 -1.381462e+01 -4.500000e+01
      vertex   5.469110e+01 -1.605876e+01 -4.500000e+01
      vertex   -5.399057e+01 -1.827616e+01 -4.500000e+01
    endloop
  endfacet
  facet normal 0.000000e+00 0.000000e+00 -1.000000e+00
    outer loop
      vertex   -5.399057e+01 -1.827616e+01 -4.500000e+01
      vertex   5.469110e+01 -1.605876e+01 -4.500000e+01
      vertex   5.320018e+01 -2.046315e+01 -4.500000e+01
    endloop
  endfacet
  facet normal 0.000000e+00 0.000000e+00 -1.000000e+00
    outer loop
      vertex   -5.399057e+01 -1.827616e+01 -4.500000e+01
      vertex   5.320018e+01 -2.046315e+01 -4.500000e+01
      vertex   -5.232125e+01 -2.261608e+01 -4.500000e+01
    endloop
  endfacet
  facet normal 0.000000e+00 0.000000e+00 -1.000000e+00
    outer loop
      vertex   -5.232125e+01 -2.261608e+01 -4.500000e+01
      vertex   5.320018e+01 -2.046315e+01 -4.500000e+01
      vertex   5.135523e+01 -2.473137e+01 -4.500000e+01
    endloop
  endfacet
  facet normal 0.000000e+00 0.000000e+00 -1.000000e+00
    outer loop
      vertex   -5.232125e+01 -2.261608e+01 -4.500000e+01
      vertex   5.135523e+01 -2.473137e+01 -4.500000e+01
      vertex   -5.030373e+01 -2.680550e+01 -4.500000e+01
    endloop
  endfacet
  facet normal 0.000000e+00 0.000000e+00 -1.000000e+00
    outer loop
      vertex   -5.030373e+01 -2.680550e+01 -4.500000e+01
      vertex   5.135523e+01 -2.473137e+01 -4.500000e+01
      vertex   4.916851e+01 -2.883501e+01 -4.500000e+01
    endloop
  endfacet
  facet normal 0.000000e+00 0.000000e+00 -1.000000e+00
    outer loop
      vertex   -5.030373e+01 -2.680550e+01 -4.500000e+01
      vertex   4.916851e+01 -2.883501e+01 -4.500000e+01
      vertex   -4.795145e+01 -3.081653e+01 -4.500000e+01
    endloop
  endfacet
  facet normal 0.000000e+00 0.000000e+00 -1.000000e+00
    outer loop
      vertex   -4.795145e+01 -3.081653e+01 -4.500000e+01
      vertex   4.916851e+01 -2.883501e+01 -4.500000e+01
      vertex   4.665458e+01 -3.274675e+01 -4.500000e+01
    endloop
  endfacet
  facet normal 0.000000e+00 0.000000e+00 -1.000000e+00
    outer loop
      vertex   -4.795145e+01 -3.081653e+01 -4.500000e+01
      vertex   4.665458e+01 -3.274675e+01 -4.500000e+01
      vertex   -4.528006e+01 -3.462248e+01 -4.500000e+01
    endloop
  endfacet
  facet normal 0.000000e+00 0.000000e+00 -1.000000e+00
    outer loop
      vertex   -4.528006e+01 -3.462248e+01 -4.500000e+01
      vertex   4.665458e+01 -3.274675e+01 -4.500000e+01
      vertex   4.383018e+01 -3.644057e+01 -4.500000e+01
    endloop
  endfacet
  facet normal 0.000000e+00 0.000000e+00 -1.000000e+00
    outer loop
      vertex   -4.528006e+01 -3.462248e+01 -4.500000e+01
      vertex   4.383018e+01 -3.644057e+01 -4.500000e+01
      vertex   -4.230735e+01 -3.819802e+01 -4.500000e+01
    endloop
  endfacet
  facet normal 0.000000e+00 0.000000e+00 -1.000000e+00
    outer loop
      vertex   -4.230735e+01 -3.819802e+01 -4.500000e+01
      vertex   4.383018e+01 -3.644057e+01 -4.500000e+01
      vertex   4.071409e+01 -3.989189e+01 -4.500000e+01
    endloop
  endfacet
  facet normal 0.000000e+00 0.000000e+00 -1.000000e+00
    outer loop
      vertex   -4.230735e+01 -3.819802e+01 -4.500000e+01
      vertex   4.071409e+01 -3.989189e+01 -4.500000e+01
      vertex   -3.905308e+01 -4.151936e+01 -4.500000e+01
    endloop
  endfacet
  facet normal 0.000000e+00 0.000000e+00 -1.000000e+00
    outer loop
      vertex   -3.905308e+01 -4.151936e+01 -4.500000e+01
      vertex   4.071409e+01 -3.989189e+01 -4.500000e+01
      vertex   3.732706e+01 -4.307773e+01 -4.500000e+01
    endloop
  endfacet
  facet normal 0.000000e+00 0.000000e+00 -1.000000e+00
    outer loop
      vertex   -3.905308e+01 -4.151936e+01 -4.500000e+01
      vertex   3.732706e+01 -4.307773e+01 -4.500000e+01
      vertex   -3.553892e+01 -4.456440e+01 -4.500000e+01
    endloop
  endfacet
  facet normal 0.000000e+00 0.000000e+00 -1.000000e+00
    outer loop
      vertex   -3.553892e+01 -4.456440e+01 -4.500000e+01
      vertex   3.732706e+01 -4.307773e+01 -4.500000e+01
      vertex   3.369163e+01 -4.597689e+01 -4.500000e+01
    endloop
  endfacet
  facet normal 0.000000e+00 0.000000e+00 -1.000000e+00
    outer loop
      vertex   -3.553892e+01 -4.456440e+01 -4.500000e+01
      vertex   3.369163e+01 -4.597689e+01 -4.500000e+01
      vertex   -3.178825e+01 -4.731286e+01 -4.500000e+01
    endloop
  endfacet
  facet normal 0.000000e+00 0.000000e+00 -1.000000e+00
    outer loop
      vertex   -3.178825e+01 -4.731286e+01 -4.500000e+01
      vertex   3.369163e+01 -4.597689e+01 -4.500000e+01
      vertex   2.983198e+01 -4.857009e+01 -4.500000e+01
    endloop
  endfacet
  facet normal 0.000000e+00 0.000000e+00 -1.000000e+00
    outer loop
      vertex   -3.178825e+01 -4.731286e+01 -4.500000e+01
      vertex   2.983198e+01 -4.857009e+01 -4.500000e+01
      vertex   -2.782604e+01 -4.974647e+01 -4.500000e+01
    endloop
  endfacet
  facet normal 0.000000e+00 0.000000e+00 -1.000000e+00
    outer loop
      vertex   -2.782604e+01 -4.974647e+01 -4.500000e+01
      vertex   2.983198e+01 -4.857009e+01 -4.500000e+01
      vertex   2.577380e+01 -5.084006e+01 -4.500000e+01
    endloop
  endfacet
  facet normal 0.000000e+00 0.000000e+00 -1.000000e+00
    outer loop
      vertex   -2.782604e+01 -4.974647e+01 -4.500000e+01
      vertex   2.577380e+01 -5.084006e+01 -4.500000e+01
      vertex   -2.367866e+01 -5.184902e+01 -4.500000e+01
    endloop
  endfacet
  facet normal 0.000000e+00 0.000000e+00 -1.000000e+00
    outer loop
      vertex   -2.367866e+01 -5.184902e+01 -4.500000e+01
      vertex   2.577380e+01 -5.084006e+01 -4.500000e+01
      vertex   2.154410e+01 -5.277169e+01 -4.500000e+01
    endloop
  endfacet
  facet normal 0.000000e+00 0.000000e+00 -1.000000e+00
    outer loop
      vertex   -2.367866e+01 -5.184902e+01 -4.500000e+01
      vertex   2.154410e+01 -5.277169e+01 -4.500000e+01
      vertex   -1.937369e+01 -5.360653e+01 -4.500000e+01
    endloop
  endfacet
  facet normal 0.000000e+00 0.000000e+00 -1.000000e+00
    outer loop
      vertex   -1.937369e+01 -5.360653e+01 -4.500000e+01
      vertex   2.154410e+01 -5.277169e+01 -4.500000e+01
      vertex   1.717103e+01 -5.435215e+01 -4.500000e+01
    endloop
  endfacet
  facet normal 0.000000e+00 0.000000e+00 -1.000000e+00
    outer loop
      vertex   -1.937369e+01 -5.360653e+01 -4.500000e+01
      vertex   1.717103e+01 -5.435215e+01 -4.500000e+01
      vertex   -1.493980e+01 -5.500730e+01 -4.500000e+01
    endloop
  endfacet
  facet normal 0.000000e+00 0.000000e+00 -1.000000e+00
    outer loop
      vertex   -1.493980e+01 -5.500730e+01 -4.500000e+01
      vertex   1.717103e+01 -5.435215e+01 -4.500000e+01
      vertex   1.268369e+01 -5.557089e+01 -4.500000e+01
    endloop
  endfacet
  facet normal 0.000000e+00 0.000000e+00 -1.000000e+00
    outer loop
      vertex   -1.493980e+01 -5.500730e+01 -4.500000e+01
      vertex   1.268369e+01 -5.557089e+01 -4.500000e+01
      vertex   -1.040648e+01 -5.604200e+01 -4.500000e+01
    endloop
  endfacet
  facet normal 0.000000e+00 0.000000e+00 -1.000000e+00
    outer loop
      vertex   -1.040648e+01 -5.604200e+01 -4.500000e+01
      vertex   1.268369e+01 -5.557089e+01 -4.500000e+01
      vertex   8.111946e+00 -5.641982e+01 -4.500000e+01
    endloop
  endfacet
  facet normal 0.000000e+00 0.000000e+00 -1.000000e+00
    outer loop
      vertex   -1.040648e+01 -5.604200e+01 -4.500000e+01
      vertex   8.111946e+00 -5.641982e+01 -4.500000e+01
      vertex   -5.803910e+00 -5.670375e+01 -4.500000e+01
    endloop
  endfacet
  facet normal 0.000000e+00 0.000000e+00 -1.000000e+00
    outer loop
      vertex   -5.803910e+00 -5.670375e+01 -4.500000e+01
      vertex   8.111946e+00 -5.641982e+01 -4.500000e+01
      vertex   3.486215e+00 -5.689329e+01 -4.500000e+01
    endloop
  endfacet
  facet normal 0.000000e+00 0.000000e+00 -1.000000e+00
    outer loop
      vertex   -5.803910e+00 -5.670375e+01 -4.500000e+01
      vertex   3.486215e+00 -5.689329e+01 -4.500000e+01
      vertex   -1.162717e+00 -5.698814e+01 -4.500000e+01
    endloop
  endfacet
  facet normal 0.000000e+00 0.000000e+00 -1.000000e+00
    outer loop
      vertex   5.695257e+01 2.324949e+00 -4.500000e+01
      vertex   -5.681034e+01 4.646029e+00 -4.500000e+01
      vertex   5.657356e+01 6.959376e+00 -4.500000e+01
    endloop
  endfacet
  facet normal -0.000000e+00 0.000000e+00 -1.000000e+00
    outer loop
      vertex   5.657356e+01 6.959376e+00 -4.500000e+01
      vertex   -5.681034e+01 4.646029e+00 -4.500000e+01
      vertex   -5.624261e+01 9.261140e+00 -4.500000e+01
    endloop
  endfacet
  facet normal 0.000000e+00 0.000000e+00 -1.000000e+00
    outer loop
      vertex   5.657356e+01 6.959376e+00 -4.500000e+01
      vertex   -5.624261e+01 9.261140e+00 -4.500000e+01
      vertex   -5.530060e+01 1.381462e+01 -4.500000e+01
    endloop
  endfacet
  facet normal 0.000000e+00 0.000000e+00 -1.000000e+00
    outer loop
      vertex   -5.530060e+01 1.381462e+01 -4.500000e+01
      vertex   -5.399057e+01 1.827616e+01 -4.500000e+01
      vertex   5.657356e+01 6.959376e+00 -4.500000e+01
    endloop
  endfacet
  facet normal 0.000000e+00 0.000000e+00 -1.000000e+00
    outer loop
      vertex   5.657356e+01 6.959376e+00 -4.500000e+01
      vertex   -5.399057e+01 1.827616e+01 -4.500000e+01
      vertex   -5.232125e+01 2.261608e+01 -4.500000e+01
    endloop
  endfacet
  facet normal 0.000000e+00 0.000000e+00 -1.000000e+00
    outer loop
      vertex   5.657356e+01 6.959376e+00 -4.500000e+01
      vertex   -5.232125e+01 2.261608e+01 -4.500000e+01
      vertex   -5.030373e+01 2.680550e+01 -4.500000e+01
    endloop
  endfacet
  facet normal 0.000000e+00 0.000000e+00 -1.000000e+00
    outer loop
      vertex   -5.030373e+01 2.680550e+01 -4.500000e+01
      vertex   -4.795145e+01 3.081653e+01 -4.500000e+01
      vertex   5.657356e+01 6.959376e+00 -4.500000e+01
    endloop
  endfacet
  facet normal 0.000000e+00 0.000000e+00 -1.000000e+00
    outer loop
      vertex   5.657356e+01 6.959376e+00 -4.500000e+01
      vertex   -4.795145e+01 3.081653e+01 -4.500000e+01
      vertex   -4.528006e+01 3.462248e+01 -4.500000e+01
    endloop
  endfacet
  facet normal 0.000000e+00 0.000000e+00 -1.000000e+00
    outer loop
      vertex   5.657356e+01 6.959376e+00 -4.500000e+01
      vertex   -4.528006e+01 3.462248e+01 -4.500000e+01
      vertex   -4.230735e+01 3.819802e+01 -4.500000e+01
    endloop
  endfacet
  facet normal 0.000000e+00 0.000000e+00 -1.000000e+00
    outer loop
      vertex   -4.230735e+01 3.819802e+01 -4.500000e+01
      vertex   -3.905308e+01 4.151936e+01 -4.500000e+01
      vertex   5.657356e+01 6.959376e+00 -4.500000e+01
    endloop
  endfacet
  facet normal 0.000000e+00 0.000000e+00 -1.000000e+00
    outer loop
      vertex   5.657356e+01 6.959376e+00 -4.500000e+01
      vertex   -3.905308e+01 4.151936e+01 -4.500000e+01
      vertex   -3.553892e+01 4.456440e+01 -4.500000e+01
    endloop
  endfacet
  facet normal 0.000000e+00 0.000000e+00 -1.000000e+00
    outer loop
      vertex   5.657356e+01 6.959376e+00 -4.500000e+01
      vertex   -3.553892e+01 4.456440e+01 -4.500000e+01
      vertex   -3.178825e+01 4.731286e+01 -4.500000e+01
    endloop
  endfacet
  facet normal 0.000000e+00 0.000000e+00 -1.000000e+00
    outer loop
      vertex   -3.178825e+01 4.731286e+01 -4.500000e+01
      vertex   -2.782604e+01 4.974647e+01 -4.500000e+01
      vertex   5.657356e+01 6.959376e+00 -4.500000e+01
    endloop
  endfacet
  facet normal 0.000000e+00 0.000000e+00 -1.000000e+00
    outer loop
      vertex   5.657356e+01 6.959376e+00 -4.500000e+01
      vertex   -2.782604e+01 4.974647e+01 -4.500000e+01
      vertex   -2.367866e+01 5.184902e+01 -4.500000e+01
    endloop
  endfacet
  facet normal 0.000000e+00 0.000000e+00 -1.000000e+00
    outer loop
      vertex   5.657356e+01 6.959376e+00 -4.500000e+01
      vertex   -2.367866e+01 5.184902e+01 -4.500000e+01
      vertex   -1.937369e+01 5.360653e+01 -4.500000e+01
    endloop
  endfacet
  facet normal 0.000000e+00 0.000000e+00 -1.000000e+00
    outer loop
      vertex   -1.937369e+01 5.360653e+01 -4.500000e+01
      vertex   -1.493980e+01 5.500730e+01 -4.500000e+01
      vertex   5.657356e+01 6.959376e+00 -4.500000e+01
    endloop
  endfacet
  facet normal 0.000000e+00 0.000000e+00 -1.000000e+00
    outer loop
      vertex   5.657356e+01 6.959376e+00 -4.500000e+01
      vertex   -1.493980e+01 5.500730e+01 -4.500000e+01
      vertex   -1.040648e+01 5.604200e+01 -4.500000e+01
    endloop
  endfacet
  facet normal 0.000000e+00 0.000000e+00 -1.000000e+00
    outer loop
      vertex   5.657356e+01 6.959376e+00 -4.500000e+01
      vertex   -1.040648e+01 5.604200e+01 -4.500000e+01
      vertex   -5.803910e+00 5.670375e+01 -4.500000e+01
    endloop
  endfacet
  facet normal 0.000000e+00 0.000000e+00 -1.000000e+00
    outer loop
      vertex   -5.803910e+00 5.670375e+01 -4.500000e+01
      vertex   -1.162717e+00 5.698814e+01 -4.500000e+01
      vertex   5.657356e+01 6.959376e+00 -4.500000e+01
    endloop
  endfacet
  facet normal 0.000000e+00 0.000000e+00 -1.000000e+00
    outer loop
      vertex   5.657356e+01 6.959376e+00 -4.500000e+01
      vertex   -1.162717e+00 5.698814e+01 -4.500000e+01
      vertex   3.486215e+00 5.689329e+01 -4.500000e+01
    endloop
  endfacet
  facet normal 0.000000e+00 0.000000e+00 -1.000000e+00
    outer loop
      vertex   5.657356e+01 6.959376e+00 -4.500000e+01
      vertex   3.486215e+00 5.689329e+01 -4.500000e+01
      vertex   8.111946e+00 5.641982e+01 -4.500000e+01
    endloop
  endfacet
  facet normal 0.000000e+00 0.000000e+00 -1.000000e+00
    outer loop
      vertex   8.111946e+00 5.641982e+01 -4.500000e+01
      vertex   1.268369e+01 5.557089e+01 -4.500000e+01
      vertex   5.657356e+01 6.959376e+00 -4.500000e+01
    endloop
  endfacet
  facet normal 0.000000e+00 0.000000e+00 -1.000000e+00
    outer loop
      vertex   5.657356e+01 6.959376e+00 -4.500000e+01
      vertex   1.268369e+01 5.557089e+01 -4.500000e+01
      vertex   1.717103e+01 5.435215e+01 -4.500000e+01
    endloop
  endfacet
  facet normal 0.000000e+00 0.000000e+00 -1.000000e+00
    outer loop
      vertex   5.657356e+01 6.959376e+00 -4.500000e+01
      vertex   1.717103e+01 5.435215e+01 -4.500000e+01
      vertex   2.154410e+01 5.277169e+01 -4.500000e+01
    endloop
  endfacet
  facet normal 0.000000e+00 0.000000e+00 -1.000000e+00
    outer loop
      vertex   2.154410e+01 5.277169e+01 -4.500000e+01
      vertex   2.577380e+01 5.084006e+01 -4.500000e+01
      vertex   5.657356e+01 6.959376e+00 -4.500000e+01
    endloop
  endfacet
  facet normal 0.000000e+00 0.000000e+00 -1.000000e+00
    outer loop
      vertex   5.657356e+01 6.959376e+00 -4.500000e+01
      vertex   2.577380e+01 5.084006e+01 -4.500000e+01
      vertex   2.983198e+01 4.857009e+01 -4.500000e+01
    endloop
  endfacet
  facet normal 0.000000e+00 0.000000e+00 -1.000000e+00
    outer loop
      vertex   5.657356e+01 6.959376e+00 -4.500000e+01
      vertex   2.983198e+01 4.857009e+01 -4.500000e+01
      vertex   3.369163e+01 4.597689e+01 -4.500000e+01
    endloop
  endfacet
  facet normal 0.000000e+00 0.000000e+00 -1.000000e+00
    outer loop
      vertex   3.369163e+01 4.597689e+01 -4.500000e+01
      vertex   3.732706e+01 4.307773e+01 -4.500000e+01
      vertex   5.657356e+01 6.959376e+00 -4.500000e+01
    endloop
  endfacet
  facet normal 0.000000e+00 0.000000e+00 -1.000000e+00
    outer loop
      vertex   5.657356e+01 6.959376e+00 -4.500000e+01
      vertex   3.732706e+01 4.307773e+01 -4.500000e+01
      vertex   4.071409e+01 3.989189e+01 -4.500000e+01
    endloop
  endfacet
  facet normal 0.000000e+00 0.000000e+00 -1.000000e+00
    outer loop
      vertex   5.657356e+01 6.959376e+00 -4.500000e+01
      vertex   4.071409e+01 3.989189e+01 -4.500000e+01
      vertex   4.383018e+01 3.644057e+01 -4.500000e+01
    endloop
  endfacet
  facet normal 0.000000e+00 0.000000e+00 -1.000000e+00
    outer loop
      vertex   4.383018e+01 3.644057e+01 -4.500000e+01
      vertex   4.665458e+01 3.274675e+01 -4.500000e+01
      vertex   5.657356e+01 6.959376e+00 -4.500000e+01
    endloop
  endfacet
  facet normal 0.000000e+00 0.000000e+00 -1.000000e+00
    outer loop
      vertex   5.657356e+01 6.959376e+00 -4.500000e+01
      vertex   4.665458e+01 3.274675e+01 -4.500000e+01
      vertex   4.916851e+01 2.883501e+01 -4.500000e+01
    endloop
  endfacet
  facet normal 0.000000e+00 0.000000e+00 -1.000000e+00
    outer loop
      vertex   5.657356e+01 6.959376e+00 -4.500000e+01
      vertex   4.916851e+01 2.883501e+01 -4.500000e+01
      vertex   5.135523e+01 2.473137e+01 -4.500000e+01
    endloop
  endfacet
  facet normal 0.000000e+00 0.000000e+00 -1.000000e+00
    outer loop
      vertex   5.135523e+01 2.473137e+01 -4.500000e+01
      vertex   5.320018e+01 2.046315e+01 -4.500000e+01
      vertex   5.657356e+01 6.959376e+00 -4.500000e+01
    endloop
  endfacet
  facet normal 0.000000e+00 0.000000e+00 -1.000000e+00
    outer loop
      vertex   5.657356e+01 6.959376e+00 -4.500000e+01
      vertex   5.320018e+01 2.046315e+01 -4.500000e+01
      vertex   5.469110e+01 1.605876e+01 -4.500000e+01
    endloop
  endfacet
  facet normal 0.000000e+00 0.000000e+00 -1.000000e+00
    outer loop
      vertex   5.657356e+01 6.959376e+00 -4.500000e+01
      vertex   5.469110e+01 1.605876e+01 -4.500000e+01
      vertex   5.581806e+01 1.154749e+01 -4.500000e+01
    endloop
  endfacet
  facet normal -3.914547e-02 6.682962e-01 7.428646e-01
    outer loop
      vertex   -3.000000e+00 1.049571e+02 -4.500000e+01
      vertex   -9.274208e+00 1.045896e+02 -4.500000e+01
      vertex   -3.000000e+00 1.016224e+02 -4.200000e+01
    endloop
  endfacet
  facet normal -3.938081e-02 6.680290e-01 7.430925e-01
    outer loop
      vertex   -3.000000e+00 1.016224e+02 -4.200000e+01
      vertex   -9.274208e+00 1.045896e+02 -4.500000e+01
      vertex   -4.541864e+00 5.481215e+01 0.000000e+00
    endloop
  endfacet
  facet normal -2.763190e-02 6.680778e-01 7.435782e-01
    outer loop
      vertex   -3.000000e+00 1.016224e+02 -4.200000e+01
      vertex   -4.541864e+00 5.481215e+01 0.000000e+00
      vertex   0.000000e+00 5.500000e+01 0.000000e+00
    endloop
  endfacet
  facet normal -7.901362e-02 6.643713e-01 7.432144e-01
    outer loop
      vertex   -9.274208e+00 1.045896e+02 -4.500000e+01
      vertex   -1.551519e+01 1.038474e+02 -4.500000e+01
      vertex   -4.541864e+00 5.481215e+01 0.000000e+00
    endloop
  endfacet
  facet normal -8.273139e-02 6.637102e-01 7.434005e-01
    outer loop
      vertex   -4.541864e+00 5.481215e+01 0.000000e+00
      vertex   -1.551519e+01 1.038474e+02 -4.500000e+01
      vertex   -9.052703e+00 5.424987e+01 0.000000e+00
    endloop
  endfacet
  facet normal -1.186613e-01 6.586755e-01 7.430114e-01
    outer loop
      vertex   -9.052703e+00 5.424987e+01 0.000000e+00
      vertex   -1.551519e+01 1.038474e+02 -4.500000e+01
      vertex   -2.170058e+01 1.027331e+02 -4.500000e+01
    endloop
  endfacet
  facet normal -1.372108e-01 6.543881e-01 7.436057e-01
    outer loop
      vertex   -9.052703e+00 5.424987e+01 0.000000e+00
      vertex   -2.170058e+01 1.027331e+02 -4.500000e+01
      vertex   -1.350170e+01 5.331702e+01 0.000000e+00
    endloop
  endfacet
  facet normal -1.578606e-01 6.504095e-01 7.429990e-01
    outer loop
      vertex   -1.350170e+01 5.331702e+01 0.000000e+00
      vertex   -2.170058e+01 1.027331e+02 -4.500000e+01
      vertex   -2.780822e+01 1.012507e+02 -4.500000e+01
    endloop
  endfacet
  facet normal -1.908311e-01 6.409904e-01 7.434479e-01
    outer loop
      vertex   -1.350170e+01 5.331702e+01 0.000000e+00
      vertex   -2.780822e+01 1.012507e+02 -4.500000e+01
      vertex   -1.785847e+01 5.201995e+01 0.000000e+00
    endloop
  endfacet
  facet normal -1.964337e-01 6.396105e-01 7.431771e-01
    outer loop
      vertex   -1.785847e+01 5.201995e+01 0.000000e+00
      vertex   -2.780822e+01 1.012507e+02 -4.500000e+01
      vertex   -3.381623e+01 9.940555e+01 -4.500000e+01
    endloop
  endfacet
  facet normal -2.343735e-01 6.267757e-01 7.431159e-01
    outer loop
      vertex   -1.785847e+01 5.201995e+01 0.000000e+00
      vertex   -3.381623e+01 9.940555e+01 -4.500000e+01
      vertex   -3.970308e+01 9.720425e+01 -4.500000e+01
    endloop
  endfacet
  facet normal -2.430827e-01 6.229677e-01 7.435201e-01
    outer loop
      vertex   -1.785847e+01 5.201995e+01 0.000000e+00
      vertex   -3.970308e+01 9.720425e+01 -4.500000e+01
      vertex   -2.209325e+01 5.036753e+01 0.000000e+00
    endloop
  endfacet
  facet normal -2.715128e-01 6.117638e-01 7.429844e-01
    outer loop
      vertex   -2.209325e+01 5.036753e+01 0.000000e+00
      vertex   -3.970308e+01 9.720425e+01 -4.500000e+01
      vertex   -4.544768e+01 9.465468e+01 -4.500000e+01
    endloop
  endfacet
  facet normal -2.936631e-01 6.006974e-01 7.435890e-01
    outer loop
      vertex   -2.209325e+01 5.036753e+01 0.000000e+00
      vertex   -4.544768e+01 9.465468e+01 -4.500000e+01
      vertex   -2.617711e+01 4.837106e+01 0.000000e+00
    endloop
  endfacet
  facet normal -3.075981e-01 5.943650e-01 7.430435e-01
    outer loop
      vertex   -2.617711e+01 4.837106e+01 0.000000e+00
      vertex   -4.544768e+01 9.465468e+01 -4.500000e+01
      vertex   -5.102945e+01 9.176598e+01 -4.500000e+01
    endloop
  endfacet
  facet normal -3.424326e-01 5.746760e-01 7.432950e-01
    outer loop
      vertex   -2.617711e+01 4.837106e+01 0.000000e+00
      vertex   -5.102945e+01 9.176598e+01 -4.500000e+01
      vertex   -3.008215e+01 4.604416e+01 0.000000e+00
    endloop
  endfacet
  facet normal -3.424660e-01 5.746587e-01 7.432930e-01
    outer loop
      vertex   -3.008215e+01 4.604416e+01 0.000000e+00
      vertex   -5.102945e+01 9.176598e+01 -4.500000e+01
      vertex   -5.642839e+01 8.854850e+01 -4.500000e+01
    endloop
  endfacet
  facet normal -3.763897e-01 5.533679e-01 7.430443e-01
    outer loop
      vertex   -3.008215e+01 4.604416e+01 0.000000e+00
      vertex   -5.642839e+01 8.854850e+01 -4.500000e+01
      vertex   -6.162516e+01 8.501376e+01 -4.500000e+01
    endloop
  endfacet
  facet normal -3.885298e-01 5.441698e-01 7.435885e-01
    outer loop
      vertex   -3.008215e+01 4.604416e+01 0.000000e+00
      vertex   -6.162516e+01 8.501376e+01 -4.500000e+01
      vertex   -3.378170e+01 4.340273e+01 0.000000e+00
    endloop
  endfacet
  facet normal -4.088641e-01 5.299099e-01 7.429843e-01
    outer loop
      vertex   -3.378170e+01 4.340273e+01 0.000000e+00
      vertex   -6.162516e+01 8.501376e+01 -4.500000e+01
      vertex   -6.660114e+01 8.117444e+01 -4.500000e+01
    endloop
  endfacet
  facet normal -4.321882e-01 5.102837e-01 7.435213e-01
    outer loop
      vertex   -3.378170e+01 4.340273e+01 0.000000e+00
      vertex   -6.660114e+01 8.117444e+01 -4.500000e+01
      vertex   -3.725049e+01 4.046482e+01 0.000000e+00
    endloop
  endfacet
  facet normal -4.397409e-01 5.043891e-01 7.431148e-01
    outer loop
      vertex   -3.725049e+01 4.046482e+01 0.000000e+00
      vertex   -6.660114e+01 8.117444e+01 -4.500000e+01
      vertex   -7.133849e+01 7.704428e+01 -4.500000e+01
    endloop
  endfacet
  facet normal -4.690812e-01 4.771254e-01 7.431784e-01
    outer loop
      vertex   -3.725049e+01 4.046482e+01 0.000000e+00
      vertex   -7.133849e+01 7.704428e+01 -4.500000e+01
      vertex   -7.582025e+01 7.263808e+01 -4.500000e+01
    endloop
  endfacet
  facet normal -4.729100e-01 4.729100e-01 7.434462e-01
    outer loop
      vertex   -3.725049e+01 4.046482e+01 0.000000e+00
      vertex   -7.582025e+01 7.263808e+01 -4.500000e+01
      vertex   -4.046482e+01 3.725049e+01 0.000000e+00
    endloop
  endfacet
  facet normal -4.969348e-01 4.483387e-01 7.429994e-01
    outer loop
      vertex   -4.046482e+01 3.725049e+01 0.000000e+00
      vertex   -7.582025e+01 7.263808e+01 -4.500000e+01
      vertex   -8.003036e+01 6.797163e+01 -4.500000e+01
    endloop
  endfacet
  facet normal -5.102120e-01 4.321275e-01 7.436058e-01
    outer loop
      vertex   -4.046482e+01 3.725049e+01 0.000000e+00
      vertex   -8.003036e+01 6.797163e+01 -4.500000e+01
      vertex   -4.340273e+01 3.378170e+01 0.000000e+00
    endloop
  endfacet
  facet normal -5.228587e-01 4.177960e-01 7.430109e-01
    outer loop
      vertex   -4.340273e+01 3.378170e+01 0.000000e+00
      vertex   -8.003036e+01 6.797163e+01 -4.500000e+01
      vertex   -8.395373e+01 6.306165e+01 -4.500000e+01
    endloop
  endfacet
  facet normal -5.443382e-01 3.886500e-01 7.434024e-01
    outer loop
      vertex   -4.340273e+01 3.378170e+01 0.000000e+00
      vertex   -8.395373e+01 6.306165e+01 -4.500000e+01
      vertex   -4.604416e+01 3.008215e+01 0.000000e+00
    endloop
  endfacet
  facet normal -5.467355e-01 3.856357e-01 7.432129e-01
    outer loop
      vertex   -4.604416e+01 3.008215e+01 0.000000e+00
      vertex   -8.395373e+01 6.306165e+01 -4.500000e+01
      vertex   -8.757631e+01 5.792573e+01 -4.500000e+01
    endloop
  endfacet
  facet normal -5.689457e-01 3.523061e-01 7.430890e-01
    outer loop
      vertex   -4.604416e+01 3.008215e+01 0.000000e+00
      vertex   -8.757631e+01 5.792573e+01 -4.500000e+01
      vertex   -9.088512e+01 5.258228e+01 -4.500000e+01
    endloop
  endfacet
  facet normal -5.744338e-01 3.422882e-01 7.435487e-01
    outer loop
      vertex   -4.604416e+01 3.008215e+01 0.000000e+00
      vertex   -9.088512e+01 5.258228e+01 -4.500000e+01
      vertex   -4.837106e+01 2.617711e+01 0.000000e+00
    endloop
  endfacet
  facet normal -5.891100e-01 3.176917e-01 7.429814e-01
    outer loop
      vertex   -4.837106e+01 2.617711e+01 0.000000e+00
      vertex   -9.088512e+01 5.258228e+01 -4.500000e+01
      vertex   -9.386830e+01 4.705043e+01 -4.500000e+01
    endloop
  endfacet
  facet normal -6.007144e-01 2.936714e-01 7.435721e-01
    outer loop
      vertex   -4.837106e+01 2.617711e+01 0.000000e+00
      vertex   -9.386830e+01 4.705043e+01 -4.500000e+01
      vertex   -5.036753e+01 2.209325e+01 0.000000e+00
    endloop
  endfacet
  facet normal -6.069786e-01 2.818373e-01 7.430644e-01
    outer loop
      vertex   -5.036753e+01 2.209325e+01 0.000000e+00
      vertex   -9.386830e+01 4.705043e+01 -4.500000e+01
      vertex   -9.651517e+01 4.135000e+01 -4.500000e+01
    endloop
  endfacet
  facet normal -6.225589e-01 2.449403e-01 7.432528e-01
    outer loop
      vertex   -5.036753e+01 2.209325e+01 0.000000e+00
      vertex   -9.651517e+01 4.135000e+01 -4.500000e+01
      vertex   -9.881624e+01 3.550143e+01 -4.500000e+01
    endloop
  endfacet
  facet normal -6.231440e-01 2.431515e-01 7.433498e-01
    outer loop
      vertex   -5.036753e+01 2.209325e+01 0.000000e+00
      vertex   -9.881624e+01 3.550143e+01 -4.500000e+01
      vertex   -5.201995e+01 1.785847e+01 0.000000e+00
    endloop
  endfacet
  facet normal -6.363376e-01 2.073318e-01 7.430263e-01
    outer loop
      vertex   -5.201995e+01 1.785847e+01 0.000000e+00
      vertex   -9.881624e+01 3.550143e+01 -4.500000e+01
      vertex   -1.007633e+02 2.952566e+01 -4.500000e+01
    endloop
  endfacet
  facet normal -6.408284e-01 1.907829e-01 7.436000e-01
    outer loop
      vertex   -5.201995e+01 1.785847e+01 0.000000e+00
      vertex   -1.007633e+02 2.952566e+01 -4.500000e+01
      vertex   -5.331702e+01 1.350170e+01 0.000000e+00
    endloop
  endfacet
  facet normal -6.476410e-01 1.688984e-01 7.429902e-01
    outer loop
      vertex   -5.331702e+01 1.350170e+01 0.000000e+00
      vertex   -1.007633e+02 2.952566e+01 -4.500000e+01
      vertex   -1.023493e+02 2.344410e+01 -4.500000e+01
    endloop
  endfacet
  facet normal -6.545171e-01 1.372378e-01 7.434872e-01
    outer loop
      vertex   -5.331702e+01 1.350170e+01 0.000000e+00
      vertex   -1.023493e+02 2.344410e+01 -4.500000e+01
      vertex   -5.424987e+01 9.052703e+00 0.000000e+00
    endloop
  endfacet
  facet normal -6.564177e-01 1.298142e-01 7.431447e-01
    outer loop
      vertex   -5.424987e+01 9.052703e+00 0.000000e+00
      vertex   -1.023493e+02 2.344410e+01 -4.500000e+01
      vertex   -1.035686e+02 1.727855e+01 -4.500000e+01
    endloop
  endfacet
  facet normal -6.630077e-01 9.030812e-02 7.431455e-01
    outer loop
      vertex   -5.424987e+01 9.052703e+00 0.000000e+00
      vertex   -1.035686e+02 1.727855e+01 -4.500000e+01
      vertex   -1.044168e+02 1.105109e+01 -4.500000e+01
    endloop
  endfacet
  facet normal -6.636156e-01 8.271960e-02 7.434862e-01
    outer loop
      vertex   -5.424987e+01 9.052703e+00 0.000000e+00
      vertex   -1.044168e+02 1.105109e+01 -4.500000e+01
      vertex   -5.481215e+01 4.541864e+00 0.000000e+00
    endloop
  endfacet
  facet normal -6.673948e-01 5.049160e-02 7.429904e-01
    outer loop
      vertex   -5.481215e+01 4.541864e+00 0.000000e+00
      vertex   -1.044168e+02 1.105109e+01 -4.500000e+01
      vertex   -1.048910e+02 4.784040e+00 -4.500000e+01
    endloop
  endfacet
  facet normal -6.680534e-01 2.763089e-02 7.436002e-01
    outer loop
      vertex   -5.481215e+01 4.541864e+00 0.000000e+00
      vertex   -1.048910e+02 4.784040e+00 -4.500000e+01
      vertex   -5.500000e+01 -6.735557e-15 0.000000e+00
    endloop
  endfacet
  facet normal -6.691808e-01 1.047032e-02 7.430258e-01
    outer loop
      vertex   -5.500000e+01 -6.735557e-15 0.000000e+00
      vertex   -1.048910e+02 4.784040e+00 -4.500000e+01
      vertex   -1.049893e+02 -1.500153e+00 -4.500000e+01
    endloop
  endfacet
  facet normal -6.683300e-01 -2.764233e-02 7.433512e-01
    outer loop
      vertex   -5.500000e+01 -6.735557e-15 0.000000e+00
      vertex   -1.049893e+02 -1.500153e+00 -4.500000e+01
      vertex   -5.481215e+01 -4.541864e+00 0.000000e+00
    endloop
  endfacet
  facet normal -6.683579e-01 -2.957441e-02 7.432517e-01
    outer loop
      vertex   -5.481215e+01 -4.541864e+00 0.000000e+00
      vertex   -1.049893e+02 -1.500153e+00 -4.500000e+01
      vertex   -1.047115e+02 -7.778971e+00 -4.500000e+01
    endloop
  endfacet
  facet normal -6.655974e-01 -6.953081e-02 7.430650e-01
    outer loop
      vertex   -5.481215e+01 -4.541864e+00 0.000000e+00
      vertex   -1.047115e+02 -7.778971e+00 -4.500000e+01
      vertex   -1.040585e+02 -1.402992e+01 -4.500000e+01
    endloop
  endfacet
  facet normal -6.635215e-01 -8.270787e-02 7.435715e-01
    outer loop
      vertex   -5.481215e+01 -4.541864e+00 0.000000e+00
      vertex   -1.040585e+02 -1.402992e+01 -4.500000e+01
      vertex   -5.424987e+01 -9.052703e+00 0.000000e+00
    endloop
  endfacet
  facet normal -6.603366e-01 -1.092441e-01 7.429813e-01
    outer loop
      vertex   -5.424987e+01 -9.052703e+00 0.000000e+00
      vertex   -1.040585e+02 -1.402992e+01 -4.500000e+01
      vertex   -1.030326e+02 -2.023060e+01 -4.500000e+01
    endloop
  endfacet
  facet normal -6.544494e-01 -1.372236e-01 7.435493e-01
    outer loop
      vertex   -5.424987e+01 -9.052703e+00 0.000000e+00
      vertex   -1.030326e+02 -2.023060e+01 -4.500000e+01
      vertex   -5.331702e+01 -1.350170e+01 0.000000e+00
    endloop
  endfacet
  facet normal -6.525018e-01 -1.485299e-01 7.430883e-01
    outer loop
      vertex   -5.331702e+01 -1.350170e+01 0.000000e+00
      vertex   -1.030326e+02 -2.023060e+01 -4.500000e+01
      vertex   -1.016377e+02 -2.635880e+01 -4.500000e+01
    endloop
  endfacet
  facet normal -6.423125e-01 -1.872640e-01 7.432139e-01
    outer loop
      vertex   -5.331702e+01 -1.350170e+01 0.000000e+00
      vertex   -1.016377e+02 -2.635880e+01 -4.500000e+01
      vertex   -9.987854e+01 -3.239255e+01 -4.500000e+01
    endloop
  endfacet
  facet normal -6.410402e-01 -1.908459e-01 7.434011e-01
    outer loop
      vertex   -5.331702e+01 -1.350170e+01 0.000000e+00
      vertex   -9.987854e+01 -3.239255e+01 -4.500000e+01
      vertex   -5.201995e+01 -1.785847e+01 0.000000e+00
    endloop
  endfacet
  facet normal -6.301697e-01 -2.254338e-01 7.430113e-01
    outer loop
      vertex   -5.201995e+01 -1.785847e+01 0.000000e+00
      vertex   -9.987854e+01 -3.239255e+01 -4.500000e+01
      vertex   -9.776157e+01 -3.831026e+01 -4.500000e+01
    endloop
  endfacet
  facet normal -6.228789e-01 -2.430481e-01 7.436057e-01
    outer loop
      vertex   -5.201995e+01 -1.785847e+01 0.000000e+00
      vertex   -9.776157e+01 -3.831026e+01 -4.500000e+01
      vertex   -5.036753e+01 -2.209325e+01 0.000000e+00
    endloop
  endfacet
  facet normal -6.155655e-01 -2.627383e-01 7.429991e-01
    outer loop
      vertex   -5.036753e+01 -2.209325e+01 0.000000e+00
      vertex   -9.776157e+01 -3.831026e+01 -4.500000e+01
      vertex   -9.529434e+01 -4.409070e+01 -4.500000e+01
    endloop
  endfacet
  facet normal -6.008389e-01 -2.937322e-01 7.434474e-01
    outer loop
      vertex   -5.036753e+01 -2.209325e+01 0.000000e+00
      vertex   -9.529434e+01 -4.409070e+01 -4.500000e+01
      vertex   -4.837106e+01 -2.617711e+01 0.000000e+00
    endloop
  endfacet
  facet normal -5.985659e-01 -2.990084e-01 7.431775e-01
    outer loop
      vertex   -4.837106e+01 -2.617711e+01 0.000000e+00
      vertex   -9.529434e+01 -4.409070e+01 -4.500000e+01
      vertex   -9.248568e+01 -4.971317e+01 -4.500000e+01
    endloop
  endfacet
  facet normal -5.796636e-01 -3.343193e-01 7.431156e-01
    outer loop
      vertex   -4.837106e+01 -2.617711e+01 0.000000e+00
      vertex   -9.248568e+01 -4.971317e+01 -4.500000e+01
      vertex   -8.934566e+01 -5.515753e+01 -4.500000e+01
    endloop
  endfacet
  facet normal -5.744607e-01 -3.423043e-01 7.435205e-01
    outer loop
      vertex   -4.837106e+01 -2.617711e+01 0.000000e+00
      vertex   -8.934566e+01 -5.515753e+01 -4.500000e+01
      vertex   -4.604416e+01 -3.008215e+01 0.000000e+00
    endloop
  endfacet
  facet normal -5.587445e-01 -3.684818e-01 7.429844e-01
    outer loop
      vertex   -4.604416e+01 -3.008215e+01 0.000000e+00
      vertex   -8.934566e+01 -5.515753e+01 -4.500000e+01
      vertex   -8.588553e+01 -6.040426e+01 -4.500000e+01
    endloop
  endfacet
  facet normal -5.441695e-01 -3.885295e-01 7.435889e-01
    outer loop
      vertex   -4.604416e+01 -3.008215e+01 0.000000e+00
      vertex   -8.588553e+01 -6.040426e+01 -4.500000e+01
      vertex   -4.340273e+01 -3.378170e+01 0.000000e+00
    endloop
  endfacet
  facet normal -5.356445e-01 -4.012119e-01 7.430438e-01
    outer loop
      vertex   -4.340273e+01 -3.378170e+01 0.000000e+00
      vertex   -8.588553e+01 -6.040426e+01 -4.500000e+01
      vertex   -8.211769e+01 -6.543458e+01 -4.500000e+01
    endloop
  endfacet
  facet normal -5.104763e-01 -4.323514e-01 7.432942e-01
    outer loop
      vertex   -4.340273e+01 -3.378170e+01 0.000000e+00
      vertex   -8.211769e+01 -6.543458e+01 -4.500000e+01
      vertex   -4.046482e+01 -3.725049e+01 0.000000e+00
    endloop
  endfacet
  facet normal -5.104688e-01 -4.323614e-01 7.432935e-01
    outer loop
      vertex   -4.046482e+01 -3.725049e+01 0.000000e+00
      vertex   -8.211769e+01 -6.543458e+01 -4.500000e+01
      vertex   -7.805564e+01 -7.023046e+01 -4.500000e+01
    endloop
  endfacet
  facet normal -4.838865e-01 -4.623196e-01 7.430440e-01
    outer loop
      vertex   -4.046482e+01 -3.725049e+01 0.000000e+00
      vertex   -7.805564e+01 -7.023046e+01 -4.500000e+01
      vertex   -7.371392e+01 -7.477472e+01 -4.500000e+01
    endloop
  endfacet
  facet normal -4.727980e-01 -4.727980e-01 7.435887e-01
    outer loop
      vertex   -4.046482e+01 -3.725049e+01 0.000000e+00
      vertex   -7.371392e+01 -7.477472e+01 -4.500000e+01
      vertex   -3.725049e+01 -4.046482e+01 0.000000e+00
    endloop
  endfacet
  facet normal -4.554042e-01 -4.904909e-01 7.429843e-01
    outer loop
      vertex   -3.725049e+01 -4.046482e+01 0.000000e+00
      vertex   -7.371392e+01 -7.477472e+01 -4.500000e+01
      vertex   -6.910810e+01 -7.905106e+01 -4.500000e+01
    endloop
  endfacet
  facet normal -4.321885e-01 -5.102840e-01 7.435209e-01
    outer loop
      vertex   -3.725049e+01 -4.046482e+01 0.000000e+00
      vertex   -6.910810e+01 -7.905106e+01 -4.500000e+01
      vertex   -3.378170e+01 -4.340273e+01 0.000000e+00
    endloop
  endfacet
  facet normal -4.251500e-01 -5.167468e-01 7.431152e-01
    outer loop
      vertex   -3.378170e+01 -4.340273e+01 0.000000e+00
      vertex   -6.910810e+01 -7.905106e+01 -4.500000e+01
      vertex   -6.425468e+01 -8.304419e+01 -4.500000e+01
    endloop
  endfacet
  facet normal -3.934304e-01 -5.412014e-01 7.431780e-01
    outer loop
      vertex   -3.378170e+01 -4.340273e+01 0.000000e+00
      vertex   -6.425468e+01 -8.304419e+01 -4.500000e+01
      vertex   -5.917104e+01 -8.673978e+01 -4.500000e+01
    endloop
  endfacet
  facet normal -3.886213e-01 -5.442980e-01 7.434468e-01
    outer loop
      vertex   -3.378170e+01 -4.340273e+01 0.000000e+00
      vertex   -5.917104e+01 -8.673978e+01 -4.500000e+01
      vertex   -3.008215e+01 -4.604416e+01 0.000000e+00
    endloop
  endfacet
  facet normal -3.604524e-01 -5.639381e-01 7.429993e-01
    outer loop
      vertex   -3.008215e+01 -4.604416e+01 0.000000e+00
      vertex   -5.917104e+01 -8.673978e+01 -4.500000e+01
      vertex   -5.387540e+01 -9.012459e+01 -4.500000e+01
    endloop
  endfacet
  facet normal -3.422557e-01 -5.743792e-01 7.436058e-01
    outer loop
      vertex   -3.008215e+01 -4.604416e+01 0.000000e+00
      vertex   -5.387540e+01 -9.012459e+01 -4.500000e+01
      vertex   -2.617711e+01 -4.837106e+01 0.000000e+00
    endloop
  endfacet
  facet normal -3.260599e-01 -5.844822e-01 7.430111e-01
    outer loop
      vertex   -2.617711e+01 -4.837106e+01 0.000000e+00
      vertex   -5.387540e+01 -9.012459e+01 -4.500000e+01
      vertex   -4.838674e+01 -9.318650e+01 -4.500000e+01
    endloop
  endfacet
  facet normal -2.937545e-01 -6.008844e-01 7.434018e-01
    outer loop
      vertex   -2.617711e+01 -4.837106e+01 0.000000e+00
      vertex   -4.838674e+01 -9.318650e+01 -4.500000e+01
      vertex   -2.209325e+01 -5.036753e+01 0.000000e+00
    endloop
  endfacet
  facet normal -2.904087e-01 -6.027409e-01 7.432134e-01
    outer loop
      vertex   -2.209325e+01 -5.036753e+01 0.000000e+00
      vertex   -4.838674e+01 -9.318650e+01 -4.500000e+01
      vertex   -4.272471e+01 -9.591454e+01 -4.500000e+01
    endloop
  endfacet
  facet normal -2.538791e-01 -6.191645e-01 7.430886e-01
    outer loop
      vertex   -2.209325e+01 -5.036753e+01 0.000000e+00
      vertex   -4.272471e+01 -9.591454e+01 -4.500000e+01
      vertex   -3.690961e+01 -9.829894e+01 -4.500000e+01
    endloop
  endfacet
  facet normal -2.430710e-01 -6.229377e-01 7.435490e-01
    outer loop
      vertex   -2.209325e+01 -5.036753e+01 0.000000e+00
      vertex   -3.690961e+01 -9.829894e+01 -4.500000e+01
      vertex   -1.785847e+01 -5.201995e+01 0.000000e+00
    endloop
  endfacet
  facet normal -2.164182e-01 -6.333576e-01 7.429814e-01
    outer loop
      vertex   -1.785847e+01 -5.201995e+01 0.000000e+00
      vertex   -3.690961e+01 -9.829894e+01 -4.500000e+01
      vertex   -3.096227e+01 -1.003311e+02 -4.500000e+01
    endloop
  endfacet
  facet normal -1.907918e-01 -6.408584e-01 7.435718e-01
    outer loop
      vertex   -1.785847e+01 -5.201995e+01 0.000000e+00
      vertex   -3.096227e+01 -1.003311e+02 -4.500000e+01
      vertex   -1.350170e+01 -5.331702e+01 0.000000e+00
    endloop
  endfacet
  facet normal -1.781121e-01 -6.450821e-01 7.430647e-01
    outer loop
      vertex   -1.350170e+01 -5.331702e+01 0.000000e+00
      vertex   -3.096227e+01 -1.003311e+02 -4.500000e+01
      vertex   -2.490399e+01 -1.020039e+02 -4.500000e+01
    endloop
  endfacet
  facet normal -1.391545e-01 -6.543792e-01 7.432522e-01
    outer loop
      vertex   -1.350170e+01 -5.331702e+01 0.000000e+00
      vertex   -2.490399e+01 -1.020039e+02 -4.500000e+01
      vertex   -1.875649e+01 -1.033112e+02 -4.500000e+01
    endloop
  endfacet
  facet normal -1.372690e-01 -6.546658e-01 7.433505e-01
    outer loop
      vertex   -1.350170e+01 -5.331702e+01 0.000000e+00
      vertex   -1.875649e+01 -1.033112e+02 -4.500000e+01
      vertex   -9.052703e+00 -5.424987e+01 0.000000e+00
    endloop
  endfacet
  facet normal -9.979118e-02 -6.617809e-01 7.430261e-01
    outer loop
      vertex   -9.052703e+00 -5.424987e+01 0.000000e+00
      vertex   -1.875649e+01 -1.033112e+02 -4.500000e+01
      vertex   -1.254179e+01 -1.042483e+02 -4.500000e+01
    endloop
  endfacet
  facet normal -8.270394e-02 -6.634900e-01 7.436001e-01
    outer loop
      vertex   -9.052703e+00 -5.424987e+01 0.000000e+00
      vertex   -1.254179e+01 -1.042483e+02 -4.500000e+01
      vertex   -4.541864e+00 -5.481215e+01 0.000000e+00
    endloop
  endfacet
  facet normal -6.002164e-02 -6.666055e-01 7.429903e-01
    outer loop
      vertex   -4.541864e+00 -5.481215e+01 0.000000e+00
      vertex   -1.254179e+01 -1.042483e+02 -4.500000e+01
      vertex   -6.282146e+00 -1.048119e+02 -4.500000e+01
    endloop
  endfacet
  facet normal -2.763611e-02 -6.681794e-01 7.434867e-01
    outer loop
      vertex   -4.541864e+00 -5.481215e+01 0.000000e+00
      vertex   -6.282146e+00 -1.048119e+02 -4.500000e+01
      vertex   3.367779e-15 -5.500000e+01 0.000000e+00
    endloop
  endfacet
  facet normal -2.002599e-02 -6.688306e-01 7.431451e-01
    outer loop
      vertex   3.367779e-15 -5.500000e+01 0.000000e+00
      vertex   -6.282146e+00 -1.048119e+02 -4.500000e+01
      vertex   6.429396e-15 -1.050000e+02 -4.500000e+01
    endloop
  endfacet
  facet normal 2.002599e-02 -6.688306e-01 7.431451e-01
    outer loop
      vertex   3.367779e-15 -5.500000e+01 0.000000e+00
      vertex   6.429396e-15 -1.050000e+02 -4.500000e+01
      vertex   6.282146e+00 -1.048119e+02 -4.500000e+01
    endloop
  endfacet
  facet normal 2.763611e-02 -6.681794e-01 7.434867e-01
    outer loop
      vertex   3.367779e-15 -5.500000e+01 0.000000e+00
      vertex   6.282146e+00 -1.048119e+02 -4.500000e+01
      vertex   4.541864e+00 -5.481215e+01 0.000000e+00
    endloop
  endfacet
  facet normal 6.002164e-02 -6.666055e-01 7.429903e-01
    outer loop
      vertex   4.541864e+00 -5.481215e+01 0.000000e+00
      vertex   6.282146e+00 -1.048119e+02 -4.500000e+01
      vertex   1.254179e+01 -1.042483e+02 -4.500000e+01
    endloop
  endfacet
  facet normal 8.270394e-02 -6.634900e-01 7.436001e-01
    outer loop
      vertex   4.541864e+00 -5.481215e+01 0.000000e+00
      vertex   1.254179e+01 -1.042483e+02 -4.500000e+01
      vertex   9.052703e+00 -5.424987e+01 0.000000e+00
    endloop
  endfacet
  facet normal 9.979118e-02 -6.617809e-01 7.430261e-01
    outer loop
      vertex   9.052703e+00 -5.424987e+01 0.000000e+00
      vertex   1.254179e+01 -1.042483e+02 -4.500000e+01
      vertex   1.875649e+01 -1.033112e+02 -4.500000e+01
    endloop
  endfacet
  facet normal 1.372690e-01 -6.546658e-01 7.433505e-01
    outer loop
      vertex   9.052703e+00 -5.424987e+01 0.000000e+00
      vertex   1.875649e+01 -1.033112e+02 -4.500000e+01
      vertex   1.350170e+01 -5.331702e+01 0.000000e+00
    endloop
  endfacet
  facet normal 1.391545e-01 -6.543792e-01 7.432522e-01
    outer loop
      vertex   1.350170e+01 -5.331702e+01 0.000000e+00
      vertex   1.875649e+01 -1.033112e+02 -4.500000e+01
      vertex   2.490399e+01 -1.020039e+02 -4.500000e+01
    endloop
  endfacet
  facet normal 1.781121e-01 -6.450821e-01 7.430647e-01
    outer loop
      vertex   1.350170e+01 -5.331702e+01 0.000000e+00
      vertex   2.490399e+01 -1.020039e+02 -4.500000e+01
      vertex   3.096227e+01 -1.003311e+02 -4.500000e+01
    endloop
  endfacet
  facet normal 1.907918e-01 -6.408584e-01 7.435718e-01
    outer loop
      vertex   1.350170e+01 -5.331702e+01 0.000000e+00
      vertex   3.096227e+01 -1.003311e+02 -4.500000e+01
      vertex   1.785847e+01 -5.201995e+01 0.000000e+00
    endloop
  endfacet
  facet normal 2.164182e-01 -6.333576e-01 7.429814e-01
    outer loop
      vertex   1.785847e+01 -5.201995e+01 0.000000e+00
      vertex   3.096227e+01 -1.003311e+02 -4.500000e+01
      vertex   3.690961e+01 -9.829894e+01 -4.500000e+01
    endloop
  endfacet
  facet normal 2.430710e-01 -6.229377e-01 7.435490e-01
    outer loop
      vertex   1.785847e+01 -5.201995e+01 0.000000e+00
      vertex   3.690961e+01 -9.829894e+01 -4.500000e+01
      vertex   2.209325e+01 -5.036753e+01 0.000000e+00
    endloop
  endfacet
  facet normal 2.538791e-01 -6.191645e-01 7.430886e-01
    outer loop
      vertex   2.209325e+01 -5.036753e+01 0.000000e+00
      vertex   3.690961e+01 -9.829894e+01 -4.500000e+01
      vertex   4.272471e+01 -9.591454e+01 -4.500000e+01
    endloop
  endfacet
  facet normal 2.904087e-01 -6.027409e-01 7.432134e-01
    outer loop
      vertex   2.209325e+01 -5.036753e+01 0.000000e+00
      vertex   4.272471e+01 -9.591454e+01 -4.500000e+01
      vertex   4.838674e+01 -9.318650e+01 -4.500000e+01
    endloop
  endfacet
  facet normal 2.937545e-01 -6.008844e-01 7.434018e-01
    outer loop
      vertex   2.209325e+01 -5.036753e+01 0.000000e+00
      vertex   4.838674e+01 -9.318650e+01 -4.500000e+01
      vertex   2.617711e+01 -4.837106e+01 0.000000e+00
    endloop
  endfacet
  facet normal 3.260599e-01 -5.844822e-01 7.430111e-01
    outer loop
      vertex   2.617711e+01 -4.837106e+01 0.000000e+00
      vertex   4.838674e+01 -9.318650e+01 -4.500000e+01
      vertex   5.387540e+01 -9.012459e+01 -4.500000e+01
    endloop
  endfacet
  facet normal 3.422557e-01 -5.743792e-01 7.436058e-01
    outer loop
      vertex   2.617711e+01 -4.837106e+01 0.000000e+00
      vertex   5.387540e+01 -9.012459e+01 -4.500000e+01
      vertex   3.008215e+01 -4.604416e+01 0.000000e+00
    endloop
  endfacet
  facet normal 3.604524e-01 -5.639381e-01 7.429993e-01
    outer loop
      vertex   3.008215e+01 -4.604416e+01 0.000000e+00
      vertex   5.387540e+01 -9.012459e+01 -4.500000e+01
      vertex   5.917104e+01 -8.673978e+01 -4.500000e+01
    endloop
  endfacet
  facet normal 3.886213e-01 -5.442980e-01 7.434468e-01
    outer loop
      vertex   3.008215e+01 -4.604416e+01 0.000000e+00
      vertex   5.917104e+01 -8.673978e+01 -4.500000e+01
      vertex   3.378170e+01 -4.340273e+01 0.000000e+00
    endloop
  endfacet
  facet normal 3.934304e-01 -5.412014e-01 7.431780e-01
    outer loop
      vertex   3.378170e+01 -4.340273e+01 0.000000e+00
      vertex   5.917104e+01 -8.673978e+01 -4.500000e+01
      vertex   6.425468e+01 -8.304419e+01 -4.500000e+01
    endloop
  endfacet
  facet normal 4.251500e-01 -5.167468e-01 7.431152e-01
    outer loop
      vertex   3.378170e+01 -4.340273e+01 0.000000e+00
      vertex   6.425468e+01 -8.304419e+01 -4.500000e+01
      vertex   6.910810e+01 -7.905106e+01 -4.500000e+01
    endloop
  endfacet
  facet normal 4.321885e-01 -5.102840e-01 7.435209e-01
    outer loop
      vertex   3.378170e+01 -4.340273e+01 0.000000e+00
      vertex   6.910810e+01 -7.905106e+01 -4.500000e+01
      vertex   3.725049e+01 -4.046482e+01 0.000000e+00
    endloop
  endfacet
  facet normal 4.554042e-01 -4.904909e-01 7.429843e-01
    outer loop
      vertex   3.725049e+01 -4.046482e+01 0.000000e+00
      vertex   6.910810e+01 -7.905106e+01 -4.500000e+01
      vertex   7.371392e+01 -7.477472e+01 -4.500000e+01
    endloop
  endfacet
  facet normal 4.727980e-01 -4.727980e-01 7.435887e-01
    outer loop
      vertex   3.725049e+01 -4.046482e+01 0.000000e+00
      vertex   7.371392e+01 -7.477472e+01 -4.500000e+01
      vertex   4.046482e+01 -3.725049e+01 0.000000e+00
    endloop
  endfacet
  facet normal 4.838865e-01 -4.623196e-01 7.430440e-01
    outer loop
      vertex   4.046482e+01 -3.725049e+01 0.000000e+00
      vertex   7.371392e+01 -7.477472e+01 -4.500000e+01
      vertex   7.805564e+01 -7.023046e+01 -4.500000e+01
    endloop
  endfacet
  facet normal 5.104688e-01 -4.323614e-01 7.432935e-01
    outer loop
      vertex   4.046482e+01 -3.725049e+01 0.000000e+00
      vertex   7.805564e+01 -7.023046e+01 -4.500000e+01
      vertex   8.211769e+01 -6.543458e+01 -4.500000e+01
    endloop
  endfacet
  facet normal 5.104763e-01 -4.323514e-01 7.432942e-01
    outer loop
      vertex   4.046482e+01 -3.725049e+01 0.000000e+00
      vertex   8.211769e+01 -6.543458e+01 -4.500000e+01
      vertex   4.340273e+01 -3.378170e+01 0.000000e+00
    endloop
  endfacet
  facet normal 5.356445e-01 -4.012119e-01 7.430438e-01
    outer loop
      vertex   4.340273e+01 -3.378170e+01 0.000000e+00
      vertex   8.211769e+01 -6.543458e+01 -4.500000e+01
      vertex   8.588553e+01 -6.040426e+01 -4.500000e+01
    endloop
  endfacet
  facet normal 5.441695e-01 -3.885295e-01 7.435889e-01
    outer loop
      vertex   4.340273e+01 -3.378170e+01 0.000000e+00
      vertex   8.588553e+01 -6.040426e+01 -4.500000e+01
      vertex   4.604416e+01 -3.008215e+01 0.000000e+00
    endloop
  endfacet
  facet normal 5.587445e-01 -3.684818e-01 7.429844e-01
    outer loop
      vertex   4.604416e+01 -3.008215e+01 0.000000e+00
      vertex   8.588553e+01 -6.040426e+01 -4.500000e+01
      vertex   8.934566e+01 -5.515753e+01 -4.500000e+01
    endloop
  endfacet
  facet normal 5.744607e-01 -3.423043e-01 7.435205e-01
    outer loop
      vertex   4.604416e+01 -3.008215e+01 0.000000e+00
      vertex   8.934566e+01 -5.515753e+01 -4.500000e+01
      vertex   4.837106e+01 -2.617711e+01 0.000000e+00
    endloop
  endfacet
  facet normal 5.796636e-01 -3.343193e-01 7.431156e-01
    outer loop
      vertex   4.837106e+01 -2.617711e+01 0.000000e+00
      vertex   8.934566e+01 -5.515753e+01 -4.500000e+01
      vertex   9.248568e+01 -4.971317e+01 -4.500000e+01
    endloop
  endfacet
  facet normal 5.985659e-01 -2.990084e-01 7.431775e-01
    outer loop
      vertex   4.837106e+01 -2.617711e+01 0.000000e+00
      vertex   9.248568e+01 -4.971317e+01 -4.500000e+01
      vertex   9.529434e+01 -4.409070e+01 -4.500000e+01
    endloop
  endfacet
  facet normal 6.008389e-01 -2.937322e-01 7.434474e-01
    outer loop
      vertex   4.837106e+01 -2.617711e+01 0.000000e+00
      vertex   9.529434e+01 -4.409070e+01 -4.500000e+01
      vertex   5.036753e+01 -2.209325e+01 0.000000e+00
    endloop
  endfacet
  facet normal 6.155655e-01 -2.627383e-01 7.429991e-01
    outer loop
      vertex   5.036753e+01 -2.209325e+01 0.000000e+00
      vertex   9.529434e+01 -4.409070e+01 -4.500000e+01
      vertex   9.776157e+01 -3.831026e+01 -4.500000e+01
    endloop
  endfacet
  facet normal 6.228789e-01 -2.430481e-01 7.436057e-01
    outer loop
      vertex   5.036753e+01 -2.209325e+01 0.000000e+00
      vertex   9.776157e+01 -3.831026e+01 -4.500000e+01
      vertex   5.201995e+01 -1.785847e+01 0.000000e+00
    endloop
  endfacet
  facet normal 6.301697e-01 -2.254338e-01 7.430113e-01
    outer loop
      vertex   5.201995e+01 -1.785847e+01 0.000000e+00
      vertex   9.776157e+01 -3.831026e+01 -4.500000e+01
      vertex   9.987854e+01 -3.239255e+01 -4.500000e+01
    endloop
  endfacet
  facet normal 6.410402e-01 -1.908459e-01 7.434011e-01
    outer loop
      vertex   5.201995e+01 -1.785847e+01 0.000000e+00
      vertex   9.987854e+01 -3.239255e+01 -4.500000e+01
      vertex   5.331702e+01 -1.350170e+01 0.000000e+00
    endloop
  endfacet
  facet normal 6.423125e-01 -1.872640e-01 7.432139e-01
    outer loop
      vertex   5.331702e+01 -1.350170e+01 0.000000e+00
      vertex   9.987854e+01 -3.239255e+01 -4.500000e+01
      vertex   1.016377e+02 -2.635880e+01 -4.500000e+01
    endloop
  endfacet
  facet normal 6.525018e-01 -1.485299e-01 7.430883e-01
    outer loop
      vertex   5.331702e+01 -1.350170e+01 0.000000e+00
      vertex   1.016377e+02 -2.635880e+01 -4.500000e+01
      vertex   1.030326e+02 -2.023060e+01 -4.500000e+01
    endloop
  endfacet
  facet normal 6.544494e-01 -1.372236e-01 7.435493e-01
    outer loop
      vertex   5.331702e+01 -1.350170e+01 0.000000e+00
      vertex   1.030326e+02 -2.023060e+01 -4.500000e+01
      vertex   5.424987e+01 -9.052703e+00 0.000000e+00
    endloop
  endfacet
  facet normal 6.603366e-01 -1.092441e-01 7.429813e-01
    outer loop
      vertex   5.424987e+01 -9.052703e+00 0.000000e+00
      vertex   1.030326e+02 -2.023060e+01 -4.500000e+01
      vertex   1.040585e+02 -1.402992e+01 -4.500000e+01
    endloop
  endfacet
  facet normal 6.635215e-01 -8.270787e-02 7.435715e-01
    outer loop
      vertex   5.424987e+01 -9.052703e+00 0.000000e+00
      vertex   1.040585e+02 -1.402992e+01 -4.500000e+01
      vertex   5.481215e+01 -4.541864e+00 0.000000e+00
    endloop
  endfacet
  facet normal 6.655974e-01 -6.953081e-02 7.430650e-01
    outer loop
      vertex   5.481215e+01 -4.541864e+00 0.000000e+00
      vertex   1.040585e+02 -1.402992e+01 -4.500000e+01
      vertex   1.047115e+02 -7.778971e+00 -4.500000e+01
    endloop
  endfacet
  facet normal 6.683579e-01 -2.957441e-02 7.432517e-01
    outer loop
      vertex   5.481215e+01 -4.541864e+00 0.000000e+00
      vertex   1.047115e+02 -7.778971e+00 -4.500000e+01
      vertex   1.049893e+02 -1.500153e+00 -4.500000e+01
    endloop
  endfacet
  facet normal 6.683300e-01 -2.764233e-02 7.433512e-01
    outer loop
      vertex   5.481215e+01 -4.541864e+00 0.000000e+00
      vertex   1.049893e+02 -1.500153e+00 -4.500000e+01
      vertex   5.500000e+01 0.000000e+00 0.000000e+00
    endloop
  endfacet
  facet normal 6.691808e-01 1.047032e-02 7.430258e-01
    outer loop
      vertex   5.500000e+01 0.000000e+00 0.000000e+00
      vertex   1.049893e+02 -1.500153e+00 -4.500000e+01
      vertex   1.048910e+02 4.784040e+00 -4.500000e+01
    endloop
  endfacet
  facet normal 6.680534e-01 2.763089e-02 7.436002e-01
    outer loop
      vertex   5.500000e+01 0.000000e+00 0.000000e+00
      vertex   1.048910e+02 4.784040e+00 -4.500000e+01
      vertex   5.481215e+01 4.541864e+00 0.000000e+00
    endloop
  endfacet
  facet normal 6.673948e-01 5.049160e-02 7.429904e-01
    outer loop
      vertex   5.481215e+01 4.541864e+00 0.000000e+00
      vertex   1.048910e+02 4.784040e+00 -4.500000e+01
      vertex   1.044168e+02 1.105109e+01 -4.500000e+01
    endloop
  endfacet
  facet normal 6.636156e-01 8.271960e-02 7.434862e-01
    outer loop
      vertex   5.481215e+01 4.541864e+00 0.000000e+00
      vertex   1.044168e+02 1.105109e+01 -4.500000e+01
      vertex   5.424987e+01 9.052703e+00 0.000000e+00
    endloop
  endfacet
  facet normal 6.630077e-01 9.030812e-02 7.431455e-01
    outer loop
      vertex   5.424987e+01 9.052703e+00 0.000000e+00
      vertex   1.044168e+02 1.105109e+01 -4.500000e+01
      vertex   1.035686e+02 1.727855e+01 -4.500000e+01
    endloop
  endfacet
  facet normal 6.564177e-01 1.298142e-01 7.431447e-01
    outer loop
      vertex   5.424987e+01 9.052703e+00 0.000000e+00
      vertex   1.035686e+02 1.727855e+01 -4.500000e+01
      vertex   1.023493e+02 2.344410e+01 -4.500000e+01
    endloop
  endfacet
  facet normal 6.545171e-01 1.372378e-01 7.434872e-01
    outer loop
      vertex   5.424987e+01 9.052703e+00 0.000000e+00
      vertex   1.023493e+02 2.344410e+01 -4.500000e+01
      vertex   5.331702e+01 1.350170e+01 0.000000e+00
    endloop
  endfacet
  facet normal 6.476410e-01 1.688984e-01 7.429902e-01
    outer loop
      vertex   5.331702e+01 1.350170e+01 0.000000e+00
      vertex   1.023493e+02 2.344410e+01 -4.500000e+01
      vertex   1.007633e+02 2.952566e+01 -4.500000e+01
    endloop
  endfacet
  facet normal 6.408284e-01 1.907829e-01 7.436000e-01
    outer loop
      vertex   5.331702e+01 1.350170e+01 0.000000e+00
      vertex   1.007633e+02 2.952566e+01 -4.500000e+01
      vertex   5.201995e+01 1.785847e+01 0.000000e+00
    endloop
  endfacet
  facet normal 6.363376e-01 2.073318e-01 7.430263e-01
    outer loop
      vertex   5.201995e+01 1.785847e+01 0.000000e+00
      vertex   1.007633e+02 2.952566e+01 -4.500000e+01
      vertex   9.881624e+01 3.550143e+01 -4.500000e+01
    endloop
  endfacet
  facet normal 6.231440e-01 2.431515e-01 7.433498e-01
    outer loop
      vertex   5.201995e+01 1.785847e+01 0.000000e+00
      vertex   9.881624e+01 3.550143e+01 -4.500000e+01
      vertex   5.036753e+01 2.209325e+01 0.000000e+00
    endloop
  endfacet
  facet normal 6.225589e-01 2.449403e-01 7.432528e-01
    outer loop
      vertex   5.036753e+01 2.209325e+01 0.000000e+00
      vertex   9.881624e+01 3.550143e+01 -4.500000e+01
      vertex   9.651517e+01 4.135000e+01 -4.500000e+01
    endloop
  endfacet
  facet normal 6.069786e-01 2.818373e-01 7.430644e-01
    outer loop
      vertex   5.036753e+01 2.209325e+01 0.000000e+00
      vertex   9.651517e+01 4.135000e+01 -4.500000e+01
      vertex   9.386830e+01 4.705043e+01 -4.500000e+01
    endloop
  endfacet
  facet normal 6.007144e-01 2.936714e-01 7.435721e-01
    outer loop
      vertex   5.036753e+01 2.209325e+01 0.000000e+00
      vertex   9.386830e+01 4.705043e+01 -4.500000e+01
      vertex   4.837106e+01 2.617711e+01 0.000000e+00
    endloop
  endfacet
  facet normal 5.891100e-01 3.176917e-01 7.429814e-01
    outer loop
      vertex   4.837106e+01 2.617711e+01 0.000000e+00
      vertex   9.386830e+01 4.705043e+01 -4.500000e+01
      vertex   9.088512e+01 5.258228e+01 -4.500000e+01
    endloop
  endfacet
  facet normal 5.744338e-01 3.422882e-01 7.435487e-01
    outer loop
      vertex   4.837106e+01 2.617711e+01 0.000000e+00
      vertex   9.088512e+01 5.258228e+01 -4.500000e+01
      vertex   4.604416e+01 3.008215e+01 0.000000e+00
    endloop
  endfacet
  facet normal 5.689457e-01 3.523061e-01 7.430890e-01
    outer loop
      vertex   4.604416e+01 3.008215e+01 0.000000e+00
      vertex   9.088512e+01 5.258228e+01 -4.500000e+01
      vertex   8.757631e+01 5.792573e+01 -4.500000e+01
    endloop
  endfacet
  facet normal 5.467355e-01 3.856357e-01 7.432129e-01
    outer loop
      vertex   4.604416e+01 3.008215e+01 0.000000e+00
      vertex   8.757631e+01 5.792573e+01 -4.500000e+01
      vertex   8.395373e+01 6.306165e+01 -4.500000e+01
    endloop
  endfacet
  facet normal 5.443382e-01 3.886500e-01 7.434024e-01
    outer loop
      vertex   4.604416e+01 3.008215e+01 0.000000e+00
      vertex   8.395373e+01 6.306165e+01 -4.500000e+01
      vertex   4.340273e+01 3.378170e+01 0.000000e+00
    endloop
  endfacet
  facet normal 5.228587e-01 4.177960e-01 7.430109e-01
    outer loop
      vertex   4.340273e+01 3.378170e+01 0.000000e+00
      vertex   8.395373e+01 6.306165e+01 -4.500000e+01
      vertex   8.003036e+01 6.797163e+01 -4.500000e+01
    endloop
  endfacet
  facet normal 5.102120e-01 4.321275e-01 7.436058e-01
    outer loop
      vertex   4.340273e+01 3.378170e+01 0.000000e+00
      vertex   8.003036e+01 6.797163e+01 -4.500000e+01
      vertex   4.046482e+01 3.725049e+01 0.000000e+00
    endloop
  endfacet
  facet normal 4.969348e-01 4.483387e-01 7.429994e-01
    outer loop
      vertex   4.046482e+01 3.725049e+01 0.000000e+00
      vertex   8.003036e+01 6.797163e+01 -4.500000e+01
      vertex   7.582025e+01 7.263808e+01 -4.500000e+01
    endloop
  endfacet
  facet normal 4.729100e-01 4.729100e-01 7.434462e-01
    outer loop
      vertex   4.046482e+01 3.725049e+01 0.000000e+00
      vertex   7.582025e+01 7.263808e+01 -4.500000e+01
      vertex   3.725049e+01 4.046482e+01 0.000000e+00
    endloop
  endfacet
  facet normal 4.690812e-01 4.771254e-01 7.431784e-01
    outer loop
      vertex   3.725049e+01 4.046482e+01 0.000000e+00
      vertex   7.582025e+01 7.263808e+01 -4.500000e+01
      vertex   7.133849e+01 7.704428e+01 -4.500000e+01
    endloop
  endfacet
  facet normal 4.397409e-01 5.043891e-01 7.431148e-01
    outer loop
      vertex   3.725049e+01 4.046482e+01 0.000000e+00
      vertex   7.133849e+01 7.704428e+01 -4.500000e+01
      vertex   6.660114e+01 8.117444e+01 -4.500000e+01
    endloop
  endfacet
  facet normal 4.321882e-01 5.102837e-01 7.435213e-01
    outer loop
      vertex   3.725049e+01 4.046482e+01 0.000000e+00
      vertex   6.660114e+01 8.117444e+01 -4.500000e+01
      vertex   3.378170e+01 4.340273e+01 0.000000e+00
    endloop
  endfacet
  facet normal 4.088641e-01 5.299099e-01 7.429843e-01
    outer loop
      vertex   3.378170e+01 4.340273e+01 0.000000e+00
      vertex   6.660114e+01 8.117444e+01 -4.500000e+01
      vertex   6.162516e+01 8.501376e+01 -4.500000e+01
    endloop
  endfacet
  facet normal 3.885298e-01 5.441698e-01 7.435885e-01
    outer loop
      vertex   3.378170e+01 4.340273e+01 0.000000e+00
      vertex   6.162516e+01 8.501376e+01 -4.500000e+01
      vertex   3.008215e+01 4.604416e+01 0.000000e+00
    endloop
  endfacet
  facet normal 3.763897e-01 5.533679e-01 7.430443e-01
    outer loop
      vertex   3.008215e+01 4.604416e+01 0.000000e+00
      vertex   6.162516e+01 8.501376e+01 -4.500000e+01
      vertex   5.642839e+01 8.854850e+01 -4.500000e+01
    endloop
  endfacet
  facet normal 3.424660e-01 5.746587e-01 7.432930e-01
    outer loop
      vertex   3.008215e+01 4.604416e+01 0.000000e+00
      vertex   5.642839e+01 8.854850e+01 -4.500000e+01
      vertex   5.102945e+01 9.176598e+01 -4.500000e+01
    endloop
  endfacet
  facet normal 3.424326e-01 5.746760e-01 7.432950e-01
    outer loop
      vertex   3.008215e+01 4.604416e+01 0.000000e+00
      vertex   5.102945e+01 9.176598e+01 -4.500000e+01
      vertex   2.617711e+01 4.837106e+01 0.000000e+00
    endloop
  endfacet
  facet normal 3.075981e-01 5.943650e-01 7.430435e-01
    outer loop
      vertex   2.617711e+01 4.837106e+01 0.000000e+00
      vertex   5.102945e+01 9.176598e+01 -4.500000e+01
      vertex   4.544768e+01 9.465468e+01 -4.500000e+01
    endloop
  endfacet
  facet normal 2.936631e-01 6.006974e-01 7.435890e-01
    outer loop
      vertex   2.617711e+01 4.837106e+01 0.000000e+00
      vertex   4.544768e+01 9.465468e+01 -4.500000e+01
      vertex   2.209325e+01 5.036753e+01 0.000000e+00
    endloop
  endfacet
  facet normal 2.715128e-01 6.117638e-01 7.429844e-01
    outer loop
      vertex   2.209325e+01 5.036753e+01 0.000000e+00
      vertex   4.544768e+01 9.465468e+01 -4.500000e+01
      vertex   3.970308e+01 9.720425e+01 -4.500000e+01
    endloop
  endfacet
  facet normal 2.430827e-01 6.229677e-01 7.435201e-01
    outer loop
      vertex   2.209325e+01 5.036753e+01 0.000000e+00
      vertex   3.970308e+01 9.720425e+01 -4.500000e+01
      vertex   1.785847e+01 5.201995e+01 0.000000e+00
    endloop
  endfacet
  facet normal 2.343735e-01 6.267757e-01 7.431159e-01
    outer loop
      vertex   1.785847e+01 5.201995e+01 0.000000e+00
      vertex   3.970308e+01 9.720425e+01 -4.500000e+01
      vertex   3.381623e+01 9.940555e+01 -4.500000e+01
    endloop
  endfacet
  facet normal 1.964337e-01 6.396105e-01 7.431771e-01
    outer loop
      vertex   1.785847e+01 5.201995e+01 0.000000e+00
      vertex   3.381623e+01 9.940555e+01 -4.500000e+01
      vertex   2.780822e+01 1.012507e+02 -4.500000e+01
    endloop
  endfacet
  facet normal 1.908311e-01 6.409904e-01 7.434479e-01
    outer loop
      vertex   1.785847e+01 5.201995e+01 0.000000e+00
      vertex   2.780822e+01 1.012507e+02 -4.500000e+01
      vertex   1.350170e+01 5.331702e+01 0.000000e+00
    endloop
  endfacet
  facet normal 1.578606e-01 6.504095e-01 7.429990e-01
    outer loop
      vertex   1.350170e+01 5.331702e+01 0.000000e+00
      vertex   2.780822e+01 1.012507e+02 -4.500000e+01
      vertex   2.170058e+01 1.027331e+02 -4.500000e+01
    endloop
  endfacet
  facet normal 1.372108e-01 6.543881e-01 7.436057e-01
    outer loop
      vertex   1.350170e+01 5.331702e+01 0.000000e+00
      vertex   2.170058e+01 1.027331e+02 -4.500000e+01
      vertex   9.052703e+00 5.424987e+01 0.000000e+00
    endloop
  endfacet
  facet normal 1.186613e-01 6.586755e-01 7.430114e-01
    outer loop
      vertex   9.052703e+00 5.424987e+01 0.000000e+00
      vertex   2.170058e+01 1.027331e+02 -4.500000e+01
      vertex   1.551519e+01 1.038474e+02 -4.500000e+01
    endloop
  endfacet
  facet normal 8.273139e-02 6.637102e-01 7.434005e-01
    outer loop
      vertex   9.052703e+00 5.424987e+01 0.000000e+00
      vertex   1.551519e+01 1.038474e+02 -4.500000e+01
      vertex   4.541864e+00 5.481215e+01 0.000000e+00
    endloop
  endfacet
  facet normal 7.901362e-02 6.643713e-01 7.432144e-01
    outer loop
      vertex   4.541864e+00 5.481215e+01 0.000000e+00
      vertex   1.551519e+01 1.038474e+02 -4.500000e+01
      vertex   9.274208e+00 1.045896e+02 -4.500000e+01
    endloop
  endfacet
  facet normal 3.913097e-02 6.680487e-01 7.430880e-01
    outer loop
      vertex   4.541864e+00 5.481215e+01 0.000000e+00
      vertex   9.274208e+00 1.045896e+02 -4.500000e+01
      vertex   3.000000e+00 1.049571e+02 -4.500000e+01
    endloop
  endfacet
  facet normal 5.366464e-02 6.678451e-01 7.423631e-01
    outer loop
      vertex   3.000000e+00 1.049571e+02 -4.500000e+01
      vertex   3.000000e+00 1.016224e+02 -4.200000e+01
      vertex   4.541864e+00 5.481215e+01 0.000000e+00
    endloop
  endfacet
  facet normal 2.763190e-02 6.680778e-01 7.435782e-01
    outer loop
      vertex   4.541864e+00 5.481215e+01 0.000000e+00
      vertex   3.000000e+00 1.016224e+02 -4.200000e+01
      vertex   0.000000e+00 5.500000e+01 0.000000e+00
    endloop
  endfacet
  facet normal 2.312004e-02 6.683149e-01 7.435191e-01
    outer loop
      vertex   0.000000e+00 5.500000e+01 0.000000e+00
      vertex   3.000000e+00 1.016224e+02 -4.200000e+01
      vertex   2.834386e+00 1.005355e+02 -4.101787e+01
    endloop
  endfacet
  facet normal 1.901036e-02 6.685142e-01 7.434564e-01
    outer loop
      vertex   0.000000e+00 5.500000e+01 0.000000e+00
      vertex   2.834386e+00 1.005355e+02 -4.101787e+01
      vertex   2.614390e+00 9.999791e+01 -4.052886e+01
    endloop
  endfacet
  facet normal 1.692277e-02 6.686063e-01 7.434240e-01
    outer loop
      vertex   2.614390e+00 9.999791e+01 -4.052886e+01
      vertex   2.298188e+00 9.949807e+01 -4.007213e+01
      vertex   0.000000e+00 5.500000e+01 0.000000e+00
    endloop
  endfacet
  facet normal 1.428135e-02 6.687093e-01 7.433868e-01
    outer loop
      vertex   0.000000e+00 5.500000e+01 0.000000e+00
      vertex   2.298188e+00 9.949807e+01 -4.007213e+01
      vertex   1.889549e+00 9.905961e+01 -3.966987e+01
    endloop
  endfacet
  facet normal 1.105920e-02 6.688129e-01 7.433485e-01
    outer loop
      vertex   0.000000e+00 5.500000e+01 0.000000e+00
      vertex   1.889549e+00 9.905961e+01 -3.966987e+01
      vertex   1.358475e+00 9.868581e+01 -3.932565e+01
    endloop
  endfacet
  facet normal 8.189292e-03 6.688807e-01 7.433246e-01
    outer loop
      vertex   1.358475e+00 9.868581e+01 -3.932565e+01
      vertex   1.045457e+00 9.853675e+01 -3.918806e+01
      vertex   0.000000e+00 5.500000e+01 0.000000e+00
    endloop
  endfacet
  facet normal 5.910308e-03 6.689217e-01 7.433094e-01
    outer loop
      vertex   0.000000e+00 5.500000e+01 0.000000e+00
      vertex   1.045457e+00 9.853675e+01 -3.918806e+01
      vertex   7.081499e-01 9.842570e+01 -3.908545e+01
    endloop
  endfacet
  facet normal 3.622110e-03 6.689496e-01 7.432989e-01
    outer loop
      vertex   0.000000e+00 5.500000e+01 0.000000e+00
      vertex   7.081499e-01 9.842570e+01 -3.908545e+01
      vertex   3.561335e-01 9.835692e+01 -3.902183e+01
    endloop
  endfacet
  facet normal 1.261373e-03 6.689642e-01 7.432936e-01
    outer loop
      vertex   3.561335e-01 9.835692e+01 -3.902183e+01
      vertex   -6.026566e-11 9.833333e+01 -3.900000e+01
      vertex   0.000000e+00 5.500000e+01 0.000000e+00
    endloop
  endfacet
  facet normal -1.261373e-03 6.689642e-01 7.432936e-01
    outer loop
      vertex   0.000000e+00 5.500000e+01 0.000000e+00
      vertex   -6.026566e-11 9.833333e+01 -3.900000e+01
      vertex   -3.561335e-01 9.835692e+01 -3.902183e+01
    endloop
  endfacet
  facet normal -3.622110e-03 6.689496e-01 7.432989e-01
    outer loop
      vertex   0.000000e+00 5.500000e+01 0.000000e+00
      vertex   -3.561335e-01 9.835692e+01 -3.902183e+01
      vertex   -7.081499e-01 9.842570e+01 -3.908545e+01
    endloop
  endfacet
  facet normal -5.910308e-03 6.689217e-01 7.433094e-01
    outer loop
      vertex   -7.081499e-01 9.842570e+01 -3.908545e+01
      vertex   -1.045457e+00 9.853675e+01 -3.918806e+01
      vertex   0.000000e+00 5.500000e+01 0.000000e+00
    endloop
  endfacet
  facet normal -8.189292e-03 6.688807e-01 7.433246e-01
    outer loop
      vertex   0.000000e+00 5.500000e+01 0.000000e+00
      vertex   -1.045457e+00 9.853675e+01 -3.918806e+01
      vertex   -1.358475e+00 9.868581e+01 -3.932565e+01
    endloop
  endfacet
  facet normal -1.105920e-02 6.688129e-01 7.433485e-01
    outer loop
      vertex   0.000000e+00 5.500000e+01 0.000000e+00
      vertex   -1.358475e+00 9.868581e+01 -3.932565e+01
      vertex   -1.889549e+00 9.905961e+01 -3.966987e+01
    endloop
  endfacet
  facet normal -1.428135e-02 6.687093e-01 7.433868e-01
    outer loop
      vertex   -1.889549e+00 9.905961e+01 -3.966987e+01
      vertex   -2.298188e+00 9.949807e+01 -4.007213e+01
      vertex   0.000000e+00 5.500000e+01 0.000000e+00
    endloop
  endfacet
  facet normal -1.692277e-02 6.686063e-01 7.434240e-01
    outer loop
      vertex   0.000000e+00 5.500000e+01 0.000000e+00
      vertex   -2.298188e+00 9.949807e+01 -4.007213e+01
      vertex   -2.614390e+00 9.999791e+01 -4.052886e+01
    endloop
  endfacet
  facet normal -1.901036e-02 6.685142e-01 7.434564e-01
    outer loop
      vertex   0.000000e+00 5.500000e+01 0.000000e+00
      vertex   -2.614390e+00 9.999791e+01 -4.052886e+01
      vertex   -2.834386e+00 1.005355e+02 -4.101787e+01
    endloop
  endfacet
  facet normal -2.312004e-02 6.683149e-01 7.435191e-01
    outer loop
      vertex   -2.834386e+00 1.005355e+02 -4.101787e+01
      vertex   -3.000000e+00 1.016224e+02 -4.200000e+01
      vertex   0.000000e+00 5.500000e+01 0.000000e+00
    endloop
  endfacet
endsolid
