solid ASCII
  facet normal 9.969173e-01 7.845910e-02 0.000000e+00
    outer loop
      vertex   1.425923e+02 1.988267e+02 2.000000e+00
      vertex   1.425923e+02 1.988267e+02 0.000000e+00
      vertex   1.425000e+02 2.000000e+02 2.000000e+00
    endloop
  endfacet
  facet normal 9.969173e-01 7.845910e-02 0.000000e+00
    outer loop
      vertex   1.425000e+02 2.000000e+02 2.000000e+00
      vertex   1.425923e+02 1.988267e+02 0.000000e+00
      vertex   1.425000e+02 2.000000e+02 0.000000e+00
    endloop
  endfacet
  facet normal 9.969173e-01 -7.845910e-02 0.000000e+00
    outer loop
      vertex   1.425000e+02 2.000000e+02 2.000000e+00
      vertex   1.425000e+02 2.000000e+02 0.000000e+00
      vertex   1.425923e+02 2.011733e+02 2.000000e+00
    endloop
  endfacet
  facet normal 9.969173e-01 -7.845910e-02 0.000000e+00
    outer loop
      vertex   1.425923e+02 2.011733e+02 2.000000e+00
      vertex   1.425000e+02 2.000000e+02 0.000000e+00
      vertex   1.425923e+02 2.011733e+02 0.000000e+00
    endloop
  endfacet
  facet normal 9.723699e-01 -2.334454e-01 0.000000e+00
    outer loop
      vertex   1.425923e+02 2.011733e+02 2.000000e+00
      vertex   1.425923e+02 2.011733e+02 0.000000e+00
      vertex   1.428671e+02 2.023176e+02 0.000000e+00
    endloop
  endfacet
  facet normal 9.723699e-01 2.334454e-01 0.000000e+00
    outer loop
      vertex   1.425923e+02 1.988267e+02 2.000000e+00
      vertex   1.428671e+02 1.976824e+02 2.000000e+00
      vertex   1.425923e+02 1.988267e+02 0.000000e+00
    endloop
  endfacet
  facet normal 9.723699e-01 2.334454e-01 5.078959e-18
    outer loop
      vertex   1.425923e+02 1.988267e+02 0.000000e+00
      vertex   1.428671e+02 1.976824e+02 2.000000e+00
      vertex   1.428671e+02 1.976824e+02 0.000000e+00
    endloop
  endfacet
  facet normal 9.238795e-01 3.826834e-01 -0.000000e+00
    outer loop
      vertex   1.428671e+02 1.976824e+02 0.000000e+00
      vertex   1.428671e+02 1.976824e+02 2.000000e+00
      vertex   1.433175e+02 1.965951e+02 2.000000e+00
    endloop
  endfacet
  facet normal 9.238795e-01 3.826834e-01 -4.237534e-18
    outer loop
      vertex   1.428671e+02 1.976824e+02 0.000000e+00
      vertex   1.433175e+02 1.965951e+02 2.000000e+00
      vertex   1.433175e+02 1.965951e+02 0.000000e+00
    endloop
  endfacet
  facet normal 8.526402e-01 5.224986e-01 -0.000000e+00
    outer loop
      vertex   1.433175e+02 1.965951e+02 0.000000e+00
      vertex   1.433175e+02 1.965951e+02 2.000000e+00
      vertex   1.439324e+02 1.955916e+02 2.000000e+00
    endloop
  endfacet
  facet normal 8.526402e-01 5.224986e-01 6.766723e-18
    outer loop
      vertex   1.433175e+02 1.965951e+02 0.000000e+00
      vertex   1.439324e+02 1.955916e+02 2.000000e+00
      vertex   1.439324e+02 1.955916e+02 0.000000e+00
    endloop
  endfacet
  facet normal 7.604060e-01 6.494480e-01 -0.000000e+00
    outer loop
      vertex   1.439324e+02 1.955916e+02 0.000000e+00
      vertex   1.439324e+02 1.955916e+02 2.000000e+00
      vertex   1.446967e+02 1.946967e+02 2.000000e+00
    endloop
  endfacet
  facet normal 7.604060e-01 6.494480e-01 1.197403e-17
    outer loop
      vertex   1.439324e+02 1.955916e+02 0.000000e+00
      vertex   1.446967e+02 1.946967e+02 2.000000e+00
      vertex   1.446967e+02 1.946967e+02 0.000000e+00
    endloop
  endfacet
  facet normal 6.494480e-01 7.604060e-01 -0.000000e+00
    outer loop
      vertex   1.446967e+02 1.946967e+02 0.000000e+00
      vertex   1.446967e+02 1.946967e+02 2.000000e+00
      vertex   1.455916e+02 1.939324e+02 2.000000e+00
    endloop
  endfacet
  facet normal 6.494480e-01 7.604060e-01 7.382930e-18
    outer loop
      vertex   1.446967e+02 1.946967e+02 0.000000e+00
      vertex   1.455916e+02 1.939324e+02 2.000000e+00
      vertex   1.455916e+02 1.939324e+02 0.000000e+00
    endloop
  endfacet
  facet normal 5.224986e-01 8.526402e-01 -0.000000e+00
    outer loop
      vertex   1.455916e+02 1.939324e+02 0.000000e+00
      vertex   1.455916e+02 1.939324e+02 2.000000e+00
      vertex   1.465951e+02 1.933175e+02 2.000000e+00
    endloop
  endfacet
  facet normal 5.224986e-01 8.526402e-01 1.386051e-18
    outer loop
      vertex   1.455916e+02 1.939324e+02 0.000000e+00
      vertex   1.465951e+02 1.933175e+02 2.000000e+00
      vertex   1.465951e+02 1.933175e+02 0.000000e+00
    endloop
  endfacet
  facet normal 3.826834e-01 9.238795e-01 -0.000000e+00
    outer loop
      vertex   1.465951e+02 1.933175e+02 0.000000e+00
      vertex   1.465951e+02 1.933175e+02 2.000000e+00
      vertex   1.476824e+02 1.928671e+02 2.000000e+00
    endloop
  endfacet
  facet normal 3.826834e-01 9.238795e-01 2.878659e-18
    outer loop
      vertex   1.465951e+02 1.933175e+02 0.000000e+00
      vertex   1.476824e+02 1.928671e+02 2.000000e+00
      vertex   1.476824e+02 1.928671e+02 0.000000e+00
    endloop
  endfacet
  facet normal 2.334454e-01 9.723699e-01 -0.000000e+00
    outer loop
      vertex   1.476824e+02 1.928671e+02 0.000000e+00
      vertex   1.476824e+02 1.928671e+02 2.000000e+00
      vertex   1.488267e+02 1.925923e+02 2.000000e+00
    endloop
  endfacet
  facet normal 2.334454e-01 9.723699e-01 3.119435e-18
    outer loop
      vertex   1.476824e+02 1.928671e+02 0.000000e+00
      vertex   1.488267e+02 1.925923e+02 2.000000e+00
      vertex   1.488267e+02 1.925923e+02 0.000000e+00
    endloop
  endfacet
  facet normal 7.845910e-02 9.969173e-01 -0.000000e+00
    outer loop
      vertex   1.488267e+02 1.925923e+02 0.000000e+00
      vertex   1.488267e+02 1.925923e+02 2.000000e+00
      vertex   1.500000e+02 1.925000e+02 2.000000e+00
    endloop
  endfacet
  facet normal 7.845910e-02 9.969173e-01 -1.938554e-18
    outer loop
      vertex   1.488267e+02 1.925923e+02 0.000000e+00
      vertex   1.500000e+02 1.925000e+02 2.000000e+00
      vertex   1.500000e+02 1.925000e+02 0.000000e+00
    endloop
  endfacet
  facet normal -7.845910e-02 9.969173e-01 0.000000e+00
    outer loop
      vertex   1.500000e+02 1.925000e+02 0.000000e+00
      vertex   1.500000e+02 1.925000e+02 2.000000e+00
      vertex   1.511733e+02 1.925923e+02 2.000000e+00
    endloop
  endfacet
  facet normal -7.845910e-02 9.969173e-01 1.938554e-18
    outer loop
      vertex   1.500000e+02 1.925000e+02 0.000000e+00
      vertex   1.511733e+02 1.925923e+02 2.000000e+00
      vertex   1.511733e+02 1.925923e+02 0.000000e+00
    endloop
  endfacet
  facet normal -2.334454e-01 9.723699e-01 0.000000e+00
    outer loop
      vertex   1.511733e+02 1.925923e+02 0.000000e+00
      vertex   1.511733e+02 1.925923e+02 2.000000e+00
      vertex   1.523176e+02 1.928671e+02 2.000000e+00
    endloop
  endfacet
  facet normal -2.334454e-01 9.723699e-01 -3.119435e-18
    outer loop
      vertex   1.511733e+02 1.925923e+02 0.000000e+00
      vertex   1.523176e+02 1.928671e+02 2.000000e+00
      vertex   1.523176e+02 1.928671e+02 0.000000e+00
    endloop
  endfacet
  facet normal -3.826834e-01 9.238795e-01 0.000000e+00
    outer loop
      vertex   1.523176e+02 1.928671e+02 0.000000e+00
      vertex   1.523176e+02 1.928671e+02 2.000000e+00
      vertex   1.534049e+02 1.933175e+02 2.000000e+00
    endloop
  endfacet
  facet normal -3.826834e-01 9.238795e-01 -2.878659e-18
    outer loop
      vertex   1.523176e+02 1.928671e+02 0.000000e+00
      vertex   1.534049e+02 1.933175e+02 2.000000e+00
      vertex   1.534049e+02 1.933175e+02 0.000000e+00
    endloop
  endfacet
  facet normal -5.224986e-01 8.526402e-01 0.000000e+00
    outer loop
      vertex   1.534049e+02 1.933175e+02 0.000000e+00
      vertex   1.534049e+02 1.933175e+02 2.000000e+00
      vertex   1.544084e+02 1.939324e+02 2.000000e+00
    endloop
  endfacet
  facet normal -5.224986e-01 8.526402e-01 -1.386051e-18
    outer loop
      vertex   1.534049e+02 1.933175e+02 0.000000e+00
      vertex   1.544084e+02 1.939324e+02 2.000000e+00
      vertex   1.544084e+02 1.939324e+02 0.000000e+00
    endloop
  endfacet
  facet normal -6.494480e-01 7.604060e-01 0.000000e+00
    outer loop
      vertex   1.544084e+02 1.939324e+02 0.000000e+00
      vertex   1.544084e+02 1.939324e+02 2.000000e+00
      vertex   1.553033e+02 1.946967e+02 2.000000e+00
    endloop
  endfacet
  facet normal -6.494480e-01 7.604060e-01 -7.382930e-18
    outer loop
      vertex   1.544084e+02 1.939324e+02 0.000000e+00
      vertex   1.553033e+02 1.946967e+02 2.000000e+00
      vertex   1.553033e+02 1.946967e+02 0.000000e+00
    endloop
  endfacet
  facet normal -7.604060e-01 6.494480e-01 0.000000e+00
    outer loop
      vertex   1.553033e+02 1.946967e+02 0.000000e+00
      vertex   1.553033e+02 1.946967e+02 2.000000e+00
      vertex   1.560676e+02 1.955916e+02 2.000000e+00
    endloop
  endfacet
  facet normal -7.604060e-01 6.494480e-01 -1.197403e-17
    outer loop
      vertex   1.553033e+02 1.946967e+02 0.000000e+00
      vertex   1.560676e+02 1.955916e+02 2.000000e+00
      vertex   1.560676e+02 1.955916e+02 0.000000e+00
    endloop
  endfacet
  facet normal -8.526402e-01 5.224986e-01 0.000000e+00
    outer loop
      vertex   1.560676e+02 1.955916e+02 0.000000e+00
      vertex   1.560676e+02 1.955916e+02 2.000000e+00
      vertex   1.566825e+02 1.965951e+02 2.000000e+00
    endloop
  endfacet
  facet normal -8.526402e-01 5.224986e-01 -6.766723e-18
    outer loop
      vertex   1.560676e+02 1.955916e+02 0.000000e+00
      vertex   1.566825e+02 1.965951e+02 2.000000e+00
      vertex   1.566825e+02 1.965951e+02 0.000000e+00
    endloop
  endfacet
  facet normal -9.238795e-01 3.826834e-01 0.000000e+00
    outer loop
      vertex   1.566825e+02 1.965951e+02 0.000000e+00
      vertex   1.566825e+02 1.965951e+02 2.000000e+00
      vertex   1.571329e+02 1.976824e+02 2.000000e+00
    endloop
  endfacet
  facet normal -9.238795e-01 3.826834e-01 4.237534e-18
    outer loop
      vertex   1.566825e+02 1.965951e+02 0.000000e+00
      vertex   1.571329e+02 1.976824e+02 2.000000e+00
      vertex   1.571329e+02 1.976824e+02 0.000000e+00
    endloop
  endfacet
  facet normal -9.723699e-01 2.334454e-01 0.000000e+00
    outer loop
      vertex   1.571329e+02 1.976824e+02 0.000000e+00
      vertex   1.571329e+02 1.976824e+02 2.000000e+00
      vertex   1.574077e+02 1.988267e+02 2.000000e+00
    endloop
  endfacet
  facet normal -9.723699e-01 2.334454e-01 -5.078959e-18
    outer loop
      vertex   1.571329e+02 1.976824e+02 0.000000e+00
      vertex   1.574077e+02 1.988267e+02 2.000000e+00
      vertex   1.574077e+02 1.988267e+02 0.000000e+00
    endloop
  endfacet
  facet normal -9.969173e-01 7.845910e-02 0.000000e+00
    outer loop
      vertex   1.574077e+02 1.988267e+02 0.000000e+00
      vertex   1.574077e+02 1.988267e+02 2.000000e+00
      vertex   1.575000e+02 2.000000e+02 2.000000e+00
    endloop
  endfacet
  facet normal -9.969173e-01 7.845910e-02 2.920924e-18
    outer loop
      vertex   1.574077e+02 1.988267e+02 0.000000e+00
      vertex   1.575000e+02 2.000000e+02 2.000000e+00
      vertex   1.575000e+02 2.000000e+02 0.000000e+00
    endloop
  endfacet
  facet normal -9.969173e-01 -7.845910e-02 0.000000e+00
    outer loop
      vertex   1.575000e+02 2.000000e+02 0.000000e+00
      vertex   1.575000e+02 2.000000e+02 2.000000e+00
      vertex   1.574077e+02 2.011733e+02 2.000000e+00
    endloop
  endfacet
  facet normal -9.969173e-01 -7.845910e-02 -2.920924e-18
    outer loop
      vertex   1.575000e+02 2.000000e+02 0.000000e+00
      vertex   1.574077e+02 2.011733e+02 2.000000e+00
      vertex   1.574077e+02 2.011733e+02 0.000000e+00
    endloop
  endfacet
  facet normal -9.723699e-01 -2.334454e-01 0.000000e+00
    outer loop
      vertex   1.574077e+02 2.011733e+02 0.000000e+00
      vertex   1.574077e+02 2.011733e+02 2.000000e+00
      vertex   1.571329e+02 2.023176e+02 2.000000e+00
    endloop
  endfacet
  facet normal -9.723699e-01 -2.334454e-01 5.078959e-18
    outer loop
      vertex   1.574077e+02 2.011733e+02 0.000000e+00
      vertex   1.571329e+02 2.023176e+02 2.000000e+00
      vertex   1.571329e+02 2.023176e+02 0.000000e+00
    endloop
  endfacet
  facet normal -9.238795e-01 -3.826834e-01 0.000000e+00
    outer loop
      vertex   1.571329e+02 2.023176e+02 0.000000e+00
      vertex   1.571329e+02 2.023176e+02 2.000000e+00
      vertex   1.566825e+02 2.034049e+02 2.000000e+00
    endloop
  endfacet
  facet normal -9.238795e-01 -3.826834e-01 -4.237534e-18
    outer loop
      vertex   1.571329e+02 2.023176e+02 0.000000e+00
      vertex   1.566825e+02 2.034049e+02 2.000000e+00
      vertex   1.566825e+02 2.034049e+02 0.000000e+00
    endloop
  endfacet
  facet normal -8.526402e-01 -5.224986e-01 0.000000e+00
    outer loop
      vertex   1.566825e+02 2.034049e+02 0.000000e+00
      vertex   1.566825e+02 2.034049e+02 2.000000e+00
      vertex   1.560676e+02 2.044084e+02 2.000000e+00
    endloop
  endfacet
  facet normal -8.526402e-01 -5.224986e-01 6.766723e-18
    outer loop
      vertex   1.566825e+02 2.034049e+02 0.000000e+00
      vertex   1.560676e+02 2.044084e+02 2.000000e+00
      vertex   1.560676e+02 2.044084e+02 0.000000e+00
    endloop
  endfacet
  facet normal -7.604060e-01 -6.494480e-01 0.000000e+00
    outer loop
      vertex   1.560676e+02 2.044084e+02 0.000000e+00
      vertex   1.560676e+02 2.044084e+02 2.000000e+00
      vertex   1.553033e+02 2.053033e+02 2.000000e+00
    endloop
  endfacet
  facet normal -7.604060e-01 -6.494480e-01 1.197403e-17
    outer loop
      vertex   1.560676e+02 2.044084e+02 0.000000e+00
      vertex   1.553033e+02 2.053033e+02 2.000000e+00
      vertex   1.553033e+02 2.053033e+02 0.000000e+00
    endloop
  endfacet
  facet normal -6.494480e-01 -7.604060e-01 0.000000e+00
    outer loop
      vertex   1.553033e+02 2.053033e+02 0.000000e+00
      vertex   1.553033e+02 2.053033e+02 2.000000e+00
      vertex   1.544084e+02 2.060676e+02 2.000000e+00
    endloop
  endfacet
  facet normal -6.494480e-01 -7.604060e-01 7.382930e-18
    outer loop
      vertex   1.553033e+02 2.053033e+02 0.000000e+00
      vertex   1.544084e+02 2.060676e+02 2.000000e+00
      vertex   1.544084e+02 2.060676e+02 0.000000e+00
    endloop
  endfacet
  facet normal -5.224986e-01 -8.526402e-01 0.000000e+00
    outer loop
      vertex   1.544084e+02 2.060676e+02 0.000000e+00
      vertex   1.544084e+02 2.060676e+02 2.000000e+00
      vertex   1.534049e+02 2.066825e+02 2.000000e+00
    endloop
  endfacet
  facet normal -5.224986e-01 -8.526402e-01 1.386051e-18
    outer loop
      vertex   1.544084e+02 2.060676e+02 0.000000e+00
      vertex   1.534049e+02 2.066825e+02 2.000000e+00
      vertex   1.534049e+02 2.066825e+02 0.000000e+00
    endloop
  endfacet
  facet normal -3.826834e-01 -9.238795e-01 0.000000e+00
    outer loop
      vertex   1.534049e+02 2.066825e+02 0.000000e+00
      vertex   1.534049e+02 2.066825e+02 2.000000e+00
      vertex   1.523176e+02 2.071329e+02 2.000000e+00
    endloop
  endfacet
  facet normal -3.826834e-01 -9.238795e-01 2.878659e-18
    outer loop
      vertex   1.534049e+02 2.066825e+02 0.000000e+00
      vertex   1.523176e+02 2.071329e+02 2.000000e+00
      vertex   1.523176e+02 2.071329e+02 0.000000e+00
    endloop
  endfacet
  facet normal -2.334454e-01 -9.723699e-01 0.000000e+00
    outer loop
      vertex   1.523176e+02 2.071329e+02 0.000000e+00
      vertex   1.523176e+02 2.071329e+02 2.000000e+00
      vertex   1.511733e+02 2.074077e+02 2.000000e+00
    endloop
  endfacet
  facet normal -2.334454e-01 -9.723699e-01 3.119435e-18
    outer loop
      vertex   1.523176e+02 2.071329e+02 0.000000e+00
      vertex   1.511733e+02 2.074077e+02 2.000000e+00
      vertex   1.511733e+02 2.074077e+02 0.000000e+00
    endloop
  endfacet
  facet normal -7.845910e-02 -9.969173e-01 0.000000e+00
    outer loop
      vertex   1.511733e+02 2.074077e+02 0.000000e+00
      vertex   1.511733e+02 2.074077e+02 2.000000e+00
      vertex   1.500000e+02 2.075000e+02 2.000000e+00
    endloop
  endfacet
  facet normal -7.845910e-02 -9.969173e-01 -1.938554e-18
    outer loop
      vertex   1.511733e+02 2.074077e+02 0.000000e+00
      vertex   1.500000e+02 2.075000e+02 2.000000e+00
      vertex   1.500000e+02 2.075000e+02 0.000000e+00
    endloop
  endfacet
  facet normal 7.845910e-02 -9.969173e-01 0.000000e+00
    outer loop
      vertex   1.500000e+02 2.075000e+02 0.000000e+00
      vertex   1.500000e+02 2.075000e+02 2.000000e+00
      vertex   1.488267e+02 2.074077e+02 2.000000e+00
    endloop
  endfacet
  facet normal 7.845910e-02 -9.969173e-01 1.938554e-18
    outer loop
      vertex   1.500000e+02 2.075000e+02 0.000000e+00
      vertex   1.488267e+02 2.074077e+02 2.000000e+00
      vertex   1.488267e+02 2.074077e+02 0.000000e+00
    endloop
  endfacet
  facet normal 2.334454e-01 -9.723699e-01 0.000000e+00
    outer loop
      vertex   1.488267e+02 2.074077e+02 0.000000e+00
      vertex   1.488267e+02 2.074077e+02 2.000000e+00
      vertex   1.476824e+02 2.071329e+02 2.000000e+00
    endloop
  endfacet
  facet normal 2.334454e-01 -9.723699e-01 -3.119435e-18
    outer loop
      vertex   1.488267e+02 2.074077e+02 0.000000e+00
      vertex   1.476824e+02 2.071329e+02 2.000000e+00
      vertex   1.476824e+02 2.071329e+02 0.000000e+00
    endloop
  endfacet
  facet normal 3.826834e-01 -9.238795e-01 0.000000e+00
    outer loop
      vertex   1.476824e+02 2.071329e+02 0.000000e+00
      vertex   1.476824e+02 2.071329e+02 2.000000e+00
      vertex   1.465951e+02 2.066825e+02 2.000000e+00
    endloop
  endfacet
  facet normal 3.826834e-01 -9.238795e-01 -2.878659e-18
    outer loop
      vertex   1.476824e+02 2.071329e+02 0.000000e+00
      vertex   1.465951e+02 2.066825e+02 2.000000e+00
      vertex   1.465951e+02 2.066825e+02 0.000000e+00
    endloop
  endfacet
  facet normal 5.224986e-01 -8.526402e-01 0.000000e+00
    outer loop
      vertex   1.465951e+02 2.066825e+02 0.000000e+00
      vertex   1.465951e+02 2.066825e+02 2.000000e+00
      vertex   1.455916e+02 2.060676e+02 2.000000e+00
    endloop
  endfacet
  facet normal 5.224986e-01 -8.526402e-01 -1.386051e-18
    outer loop
      vertex   1.465951e+02 2.066825e+02 0.000000e+00
      vertex   1.455916e+02 2.060676e+02 2.000000e+00
      vertex   1.455916e+02 2.060676e+02 0.000000e+00
    endloop
  endfacet
  facet normal 6.494480e-01 -7.604060e-01 0.000000e+00
    outer loop
      vertex   1.455916e+02 2.060676e+02 0.000000e+00
      vertex   1.455916e+02 2.060676e+02 2.000000e+00
      vertex   1.446967e+02 2.053033e+02 2.000000e+00
    endloop
  endfacet
  facet normal 6.494480e-01 -7.604060e-01 -7.382930e-18
    outer loop
      vertex   1.455916e+02 2.060676e+02 0.000000e+00
      vertex   1.446967e+02 2.053033e+02 2.000000e+00
      vertex   1.446967e+02 2.053033e+02 0.000000e+00
    endloop
  endfacet
  facet normal 7.604060e-01 -6.494480e-01 0.000000e+00
    outer loop
      vertex   1.446967e+02 2.053033e+02 0.000000e+00
      vertex   1.446967e+02 2.053033e+02 2.000000e+00
      vertex   1.439324e+02 2.044084e+02 2.000000e+00
    endloop
  endfacet
  facet normal 7.604060e-01 -6.494480e-01 -1.197403e-17
    outer loop
      vertex   1.446967e+02 2.053033e+02 0.000000e+00
      vertex   1.439324e+02 2.044084e+02 2.000000e+00
      vertex   1.439324e+02 2.044084e+02 0.000000e+00
    endloop
  endfacet
  facet normal 8.526402e-01 -5.224986e-01 0.000000e+00
    outer loop
      vertex   1.439324e+02 2.044084e+02 0.000000e+00
      vertex   1.439324e+02 2.044084e+02 2.000000e+00
      vertex   1.433175e+02 2.034049e+02 2.000000e+00
    endloop
  endfacet
  facet normal 8.526402e-01 -5.224986e-01 -6.766723e-18
    outer loop
      vertex   1.439324e+02 2.044084e+02 0.000000e+00
      vertex   1.433175e+02 2.034049e+02 2.000000e+00
      vertex   1.433175e+02 2.034049e+02 0.000000e+00
    endloop
  endfacet
  facet normal 9.238795e-01 -3.826834e-01 0.000000e+00
    outer loop
      vertex   1.433175e+02 2.034049e+02 0.000000e+00
      vertex   1.433175e+02 2.034049e+02 2.000000e+00
      vertex   1.428671e+02 2.023176e+02 2.000000e+00
    endloop
  endfacet
  facet normal 9.238795e-01 -3.826834e-01 4.237534e-18
    outer loop
      vertex   1.433175e+02 2.034049e+02 0.000000e+00
      vertex   1.428671e+02 2.023176e+02 2.000000e+00
      vertex   1.428671e+02 2.023176e+02 0.000000e+00
    endloop
  endfacet
  facet normal 9.723699e-01 -2.334454e-01 0.000000e+00
    outer loop
      vertex   1.428671e+02 2.023176e+02 0.000000e+00
      vertex   1.428671e+02 2.023176e+02 2.000000e+00
      vertex   1.425923e+02 2.011733e+02 2.000000e+00
    endloop
  endfacet
  facet normal -9.995524e-01 2.991547e-02 0.000000e+00
    outer loop
      vertex   9.609665e+01 2.032294e+02 2.000000e+00
      vertex   9.609665e+01 2.032294e+02 0.000000e+00
      vertex   9.600000e+01 2.000000e+02 2.000000e+00
    endloop
  endfacet
  facet normal -9.995524e-01 2.991547e-02 0.000000e+00
    outer loop
      vertex   9.600000e+01 2.000000e+02 2.000000e+00
      vertex   9.609665e+01 2.032294e+02 0.000000e+00
      vertex   9.600000e+01 2.000000e+02 0.000000e+00
    endloop
  endfacet
  facet normal -9.995524e-01 -2.991547e-02 -0.000000e+00
    outer loop
      vertex   9.600000e+01 2.000000e+02 2.000000e+00
      vertex   9.600000e+01 2.000000e+02 0.000000e+00
      vertex   9.609665e+01 1.967706e+02 2.000000e+00
    endloop
  endfacet
  facet normal -9.995524e-01 -2.991547e-02 -0.000000e+00
    outer loop
      vertex   9.609665e+01 1.967706e+02 2.000000e+00
      vertex   9.600000e+01 2.000000e+02 0.000000e+00
      vertex   9.609665e+01 1.967706e+02 0.000000e+00
    endloop
  endfacet
  facet normal -9.959743e-01 -8.963931e-02 -0.000000e+00
    outer loop
      vertex   9.609665e+01 1.967706e+02 2.000000e+00
      vertex   9.609665e+01 1.967706e+02 0.000000e+00
      vertex   9.638627e+01 1.935527e+02 2.000000e+00
    endloop
  endfacet
  facet normal -9.959743e-01 -8.963931e-02 -0.000000e+00
    outer loop
      vertex   9.638627e+01 1.935527e+02 2.000000e+00
      vertex   9.609665e+01 1.967706e+02 0.000000e+00
      vertex   9.638627e+01 1.935527e+02 0.000000e+00
    endloop
  endfacet
  facet normal -9.888308e-01 -1.490423e-01 -0.000000e+00
    outer loop
      vertex   9.638627e+01 1.935527e+02 2.000000e+00
      vertex   9.638627e+01 1.935527e+02 0.000000e+00
      vertex   9.686780e+01 1.903579e+02 2.000000e+00
    endloop
  endfacet
  facet normal -9.888308e-01 -1.490423e-01 -0.000000e+00
    outer loop
      vertex   9.686780e+01 1.903579e+02 2.000000e+00
      vertex   9.638627e+01 1.935527e+02 0.000000e+00
      vertex   9.686780e+01 1.903579e+02 0.000000e+00
    endloop
  endfacet
  facet normal -9.781476e-01 -2.079117e-01 -0.000000e+00
    outer loop
      vertex   9.686780e+01 1.903579e+02 2.000000e+00
      vertex   9.686780e+01 1.903579e+02 0.000000e+00
      vertex   9.753954e+01 1.871977e+02 2.000000e+00
    endloop
  endfacet
  facet normal -9.781476e-01 -2.079117e-01 -0.000000e+00
    outer loop
      vertex   9.753954e+01 1.871977e+02 2.000000e+00
      vertex   9.686780e+01 1.903579e+02 0.000000e+00
      vertex   9.753954e+01 1.871977e+02 0.000000e+00
    endloop
  endfacet
  facet normal -9.639629e-01 -2.660368e-01 -0.000000e+00
    outer loop
      vertex   9.753954e+01 1.871977e+02 2.000000e+00
      vertex   9.753954e+01 1.871977e+02 0.000000e+00
      vertex   9.839907e+01 1.840832e+02 2.000000e+00
    endloop
  endfacet
  facet normal -9.639629e-01 -2.660368e-01 -0.000000e+00
    outer loop
      vertex   9.839907e+01 1.840832e+02 2.000000e+00
      vertex   9.753954e+01 1.871977e+02 0.000000e+00
      vertex   9.839907e+01 1.840832e+02 0.000000e+00
    endloop
  endfacet
  facet normal -9.463274e-01 -3.232097e-01 -0.000000e+00
    outer loop
      vertex   9.839907e+01 1.840832e+02 2.000000e+00
      vertex   9.839907e+01 1.840832e+02 0.000000e+00
      vertex   9.944332e+01 1.810258e+02 2.000000e+00
    endloop
  endfacet
  facet normal -9.463274e-01 -3.232097e-01 -0.000000e+00
    outer loop
      vertex   9.944332e+01 1.810258e+02 2.000000e+00
      vertex   9.839907e+01 1.840832e+02 0.000000e+00
      vertex   9.944332e+01 1.810258e+02 0.000000e+00
    endloop
  endfacet
  facet normal -9.253043e-01 -3.792255e-01 -0.000000e+00
    outer loop
      vertex   9.944332e+01 1.810258e+02 2.000000e+00
      vertex   9.944332e+01 1.810258e+02 0.000000e+00
      vertex   1.006685e+02 1.780362e+02 2.000000e+00
    endloop
  endfacet
  facet normal -9.253043e-01 -3.792255e-01 -0.000000e+00
    outer loop
      vertex   1.006685e+02 1.780362e+02 2.000000e+00
      vertex   9.944332e+01 1.810258e+02 0.000000e+00
      vertex   1.006685e+02 1.780362e+02 0.000000e+00
    endloop
  endfacet
  facet normal -9.009689e-01 -4.338837e-01 -0.000000e+00
    outer loop
      vertex   1.006685e+02 1.780362e+02 2.000000e+00
      vertex   1.006685e+02 1.780362e+02 0.000000e+00
      vertex   1.020704e+02 1.751253e+02 2.000000e+00
    endloop
  endfacet
  facet normal -9.009689e-01 -4.338837e-01 -0.000000e+00
    outer loop
      vertex   1.020704e+02 1.751253e+02 2.000000e+00
      vertex   1.006685e+02 1.780362e+02 0.000000e+00
      vertex   1.020704e+02 1.751253e+02 0.000000e+00
    endloop
  endfacet
  facet normal -8.734082e-01 -4.869888e-01 -0.000000e+00
    outer loop
      vertex   1.020704e+02 1.751253e+02 2.000000e+00
      vertex   1.020704e+02 1.751253e+02 0.000000e+00
      vertex   1.036438e+02 1.723034e+02 2.000000e+00
    endloop
  endfacet
  facet normal -8.734082e-01 -4.869888e-01 -0.000000e+00
    outer loop
      vertex   1.036438e+02 1.723034e+02 2.000000e+00
      vertex   1.020704e+02 1.751253e+02 0.000000e+00
      vertex   1.036438e+02 1.723034e+02 0.000000e+00
    endloop
  endfacet
  facet normal -8.427210e-01 -5.383506e-01 -0.000000e+00
    outer loop
      vertex   1.036438e+02 1.723034e+02 2.000000e+00
      vertex   1.036438e+02 1.723034e+02 0.000000e+00
      vertex   1.053831e+02 1.695807e+02 2.000000e+00
    endloop
  endfacet
  facet normal -8.427210e-01 -5.383506e-01 -0.000000e+00
    outer loop
      vertex   1.053831e+02 1.695807e+02 2.000000e+00
      vertex   1.036438e+02 1.723034e+02 0.000000e+00
      vertex   1.053831e+02 1.695807e+02 0.000000e+00
    endloop
  endfacet
  facet normal -8.090170e-01 -5.877853e-01 -0.000000e+00
    outer loop
      vertex   1.053831e+02 1.695807e+02 2.000000e+00
      vertex   1.053831e+02 1.695807e+02 0.000000e+00
      vertex   1.072822e+02 1.669669e+02 2.000000e+00
    endloop
  endfacet
  facet normal -8.090170e-01 -5.877853e-01 -0.000000e+00
    outer loop
      vertex   1.072822e+02 1.669669e+02 2.000000e+00
      vertex   1.053831e+02 1.695807e+02 0.000000e+00
      vertex   1.072822e+02 1.669669e+02 0.000000e+00
    endloop
  endfacet
  facet normal -7.724170e-01 -6.351158e-01 -0.000000e+00
    outer loop
      vertex   1.072822e+02 1.669669e+02 2.000000e+00
      vertex   1.072822e+02 1.669669e+02 0.000000e+00
      vertex   1.093341e+02 1.644713e+02 2.000000e+00
    endloop
  endfacet
  facet normal -7.724170e-01 -6.351158e-01 -0.000000e+00
    outer loop
      vertex   1.093341e+02 1.644713e+02 2.000000e+00
      vertex   1.072822e+02 1.669669e+02 0.000000e+00
      vertex   1.093341e+02 1.644713e+02 0.000000e+00
    endloop
  endfacet
  facet normal -7.330519e-01 -6.801727e-01 -0.000000e+00
    outer loop
      vertex   1.093341e+02 1.644713e+02 2.000000e+00
      vertex   1.093341e+02 1.644713e+02 0.000000e+00
      vertex   1.115317e+02 1.621029e+02 2.000000e+00
    endloop
  endfacet
  facet normal -7.330519e-01 -6.801727e-01 -0.000000e+00
    outer loop
      vertex   1.115317e+02 1.621029e+02 2.000000e+00
      vertex   1.093341e+02 1.644713e+02 0.000000e+00
      vertex   1.115317e+02 1.621029e+02 0.000000e+00
    endloop
  endfacet
  facet normal -6.910626e-01 -7.227949e-01 -0.000000e+00
    outer loop
      vertex   1.115317e+02 1.621029e+02 2.000000e+00
      vertex   1.115317e+02 1.621029e+02 0.000000e+00
      vertex   1.138669e+02 1.598702e+02 2.000000e+00
    endloop
  endfacet
  facet normal -6.910626e-01 -7.227949e-01 -0.000000e+00
    outer loop
      vertex   1.138669e+02 1.598702e+02 2.000000e+00
      vertex   1.115317e+02 1.621029e+02 0.000000e+00
      vertex   1.138669e+02 1.598702e+02 0.000000e+00
    endloop
  endfacet
  facet normal -6.465996e-01 -7.628296e-01 -0.000000e+00
    outer loop
      vertex   1.138669e+02 1.598702e+02 2.000000e+00
      vertex   1.138669e+02 1.598702e+02 0.000000e+00
      vertex   1.163316e+02 1.577811e+02 2.000000e+00
    endloop
  endfacet
  facet normal -6.465996e-01 -7.628296e-01 -0.000000e+00
    outer loop
      vertex   1.163316e+02 1.577811e+02 2.000000e+00
      vertex   1.138669e+02 1.598702e+02 0.000000e+00
      vertex   1.163316e+02 1.577811e+02 0.000000e+00
    endloop
  endfacet
  facet normal -5.998219e-01 -8.001335e-01 -0.000000e+00
    outer loop
      vertex   1.163316e+02 1.577811e+02 2.000000e+00
      vertex   1.163316e+02 1.577811e+02 0.000000e+00
      vertex   1.189167e+02 1.558432e+02 2.000000e+00
    endloop
  endfacet
  facet normal -5.998219e-01 -8.001335e-01 -0.000000e+00
    outer loop
      vertex   1.189167e+02 1.558432e+02 2.000000e+00
      vertex   1.163316e+02 1.577811e+02 0.000000e+00
      vertex   1.189167e+02 1.558432e+02 0.000000e+00
    endloop
  endfacet
  facet normal -5.508970e-01 -8.345733e-01 -0.000000e+00
    outer loop
      vertex   1.189167e+02 1.558432e+02 2.000000e+00
      vertex   1.189167e+02 1.558432e+02 0.000000e+00
      vertex   1.216131e+02 1.540633e+02 2.000000e+00
    endloop
  endfacet
  facet normal -5.508970e-01 -8.345733e-01 -0.000000e+00
    outer loop
      vertex   1.216131e+02 1.540633e+02 2.000000e+00
      vertex   1.189167e+02 1.558432e+02 0.000000e+00
      vertex   1.216131e+02 1.540633e+02 0.000000e+00
    endloop
  endfacet
  facet normal -5.000000e-01 -8.660254e-01 -0.000000e+00
    outer loop
      vertex   1.216131e+02 1.540633e+02 2.000000e+00
      vertex   1.216131e+02 1.540633e+02 0.000000e+00
      vertex   1.244111e+02 1.524478e+02 2.000000e+00
    endloop
  endfacet
  facet normal -5.000000e-01 -8.660254e-01 -0.000000e+00
    outer loop
      vertex   1.244111e+02 1.524478e+02 2.000000e+00
      vertex   1.216131e+02 1.540633e+02 0.000000e+00
      vertex   1.244111e+02 1.524478e+02 0.000000e+00
    endloop
  endfacet
  facet normal -4.473131e-01 -8.943774e-01 -0.000000e+00
    outer loop
      vertex   1.244111e+02 1.524478e+02 2.000000e+00
      vertex   1.244111e+02 1.524478e+02 0.000000e+00
      vertex   1.273007e+02 1.510026e+02 2.000000e+00
    endloop
  endfacet
  facet normal -4.473131e-01 -8.943774e-01 -0.000000e+00
    outer loop
      vertex   1.273007e+02 1.510026e+02 2.000000e+00
      vertex   1.244111e+02 1.524478e+02 0.000000e+00
      vertex   1.273007e+02 1.510026e+02 0.000000e+00
    endloop
  endfacet
  facet normal -3.930250e-01 -9.195278e-01 -0.000000e+00
    outer loop
      vertex   1.273007e+02 1.510026e+02 2.000000e+00
      vertex   1.273007e+02 1.510026e+02 0.000000e+00
      vertex   1.302716e+02 1.497328e+02 2.000000e+00
    endloop
  endfacet
  facet normal -3.930250e-01 -9.195278e-01 -0.000000e+00
    outer loop
      vertex   1.302716e+02 1.497328e+02 2.000000e+00
      vertex   1.273007e+02 1.510026e+02 0.000000e+00
      vertex   1.302716e+02 1.497328e+02 0.000000e+00
    endloop
  endfacet
  facet normal -3.373300e-01 -9.413865e-01 -0.000000e+00
    outer loop
      vertex   1.302716e+02 1.497328e+02 2.000000e+00
      vertex   1.302716e+02 1.497328e+02 0.000000e+00
      vertex   1.333131e+02 1.486429e+02 2.000000e+00
    endloop
  endfacet
  facet normal -3.373300e-01 -9.413865e-01 -0.000000e+00
    outer loop
      vertex   1.333131e+02 1.486429e+02 2.000000e+00
      vertex   1.302716e+02 1.497328e+02 0.000000e+00
      vertex   1.333131e+02 1.486429e+02 0.000000e+00
    endloop
  endfacet
  facet normal -2.804274e-01 -9.598752e-01 -0.000000e+00
    outer loop
      vertex   1.333131e+02 1.486429e+02 2.000000e+00
      vertex   1.333131e+02 1.486429e+02 0.000000e+00
      vertex   1.364143e+02 1.477369e+02 2.000000e+00
    endloop
  endfacet
  facet normal -2.804274e-01 -9.598752e-01 -0.000000e+00
    outer loop
      vertex   1.364143e+02 1.477369e+02 2.000000e+00
      vertex   1.333131e+02 1.486429e+02 0.000000e+00
      vertex   1.364143e+02 1.477369e+02 0.000000e+00
    endloop
  endfacet
  facet normal -2.225209e-01 -9.749279e-01 -0.000000e+00
    outer loop
      vertex   1.364143e+02 1.477369e+02 2.000000e+00
      vertex   1.364143e+02 1.477369e+02 0.000000e+00
      vertex   1.395642e+02 1.470180e+02 2.000000e+00
    endloop
  endfacet
  facet normal -2.225209e-01 -9.749279e-01 -0.000000e+00
    outer loop
      vertex   1.395642e+02 1.470180e+02 2.000000e+00
      vertex   1.364143e+02 1.477369e+02 0.000000e+00
      vertex   1.395642e+02 1.470180e+02 0.000000e+00
    endloop
  endfacet
  facet normal -1.638179e-01 -9.864906e-01 -0.000000e+00
    outer loop
      vertex   1.395642e+02 1.470180e+02 2.000000e+00
      vertex   1.395642e+02 1.470180e+02 0.000000e+00
      vertex   1.427514e+02 1.464887e+02 2.000000e+00
    endloop
  endfacet
  facet normal -1.638179e-01 -9.864906e-01 -0.000000e+00
    outer loop
      vertex   1.427514e+02 1.464887e+02 2.000000e+00
      vertex   1.395642e+02 1.470180e+02 0.000000e+00
      vertex   1.427514e+02 1.464887e+02 0.000000e+00
    endloop
  endfacet
  facet normal -1.045285e-01 -9.945219e-01 -0.000000e+00
    outer loop
      vertex   1.427514e+02 1.464887e+02 2.000000e+00
      vertex   1.427514e+02 1.464887e+02 0.000000e+00
      vertex   1.459646e+02 1.461510e+02 2.000000e+00
    endloop
  endfacet
  facet normal -1.045285e-01 -9.945219e-01 -0.000000e+00
    outer loop
      vertex   1.459646e+02 1.461510e+02 2.000000e+00
      vertex   1.427514e+02 1.464887e+02 0.000000e+00
      vertex   1.459646e+02 1.461510e+02 0.000000e+00
    endloop
  endfacet
  facet normal -4.486483e-02 -9.989931e-01 -0.000000e+00
    outer loop
      vertex   1.459646e+02 1.461510e+02 2.000000e+00
      vertex   1.459646e+02 1.461510e+02 0.000000e+00
      vertex   1.491922e+02 1.460060e+02 2.000000e+00
    endloop
  endfacet
  facet normal -4.486483e-02 -9.989931e-01 -0.000000e+00
    outer loop
      vertex   1.491922e+02 1.460060e+02 2.000000e+00
      vertex   1.459646e+02 1.461510e+02 0.000000e+00
      vertex   1.491922e+02 1.460060e+02 0.000000e+00
    endloop
  endfacet
  facet normal 1.495941e-02 -9.998881e-01 0.000000e+00
    outer loop
      vertex   1.491922e+02 1.460060e+02 2.000000e+00
      vertex   1.491922e+02 1.460060e+02 0.000000e+00
      vertex   1.524227e+02 1.460544e+02 2.000000e+00
    endloop
  endfacet
  facet normal 1.495941e-02 -9.998881e-01 0.000000e+00
    outer loop
      vertex   1.524227e+02 1.460544e+02 2.000000e+00
      vertex   1.491922e+02 1.460060e+02 0.000000e+00
      vertex   1.524227e+02 1.460544e+02 0.000000e+00
    endloop
  endfacet
  facet normal 7.473009e-02 -9.972038e-01 0.000000e+00
    outer loop
      vertex   1.524227e+02 1.460544e+02 2.000000e+00
      vertex   1.524227e+02 1.460544e+02 0.000000e+00
      vertex   1.556445e+02 1.462958e+02 2.000000e+00
    endloop
  endfacet
  facet normal 7.473009e-02 -9.972038e-01 0.000000e+00
    outer loop
      vertex   1.556445e+02 1.462958e+02 2.000000e+00
      vertex   1.524227e+02 1.460544e+02 0.000000e+00
      vertex   1.556445e+02 1.462958e+02 0.000000e+00
    endloop
  endfacet
  facet normal 1.342333e-01 -9.909498e-01 0.000000e+00
    outer loop
      vertex   1.556445e+02 1.462958e+02 2.000000e+00
      vertex   1.556445e+02 1.462958e+02 0.000000e+00
      vertex   1.588462e+02 1.467295e+02 2.000000e+00
    endloop
  endfacet
  facet normal 1.342333e-01 -9.909498e-01 0.000000e+00
    outer loop
      vertex   1.588462e+02 1.467295e+02 2.000000e+00
      vertex   1.556445e+02 1.462958e+02 0.000000e+00
      vertex   1.588462e+02 1.467295e+02 0.000000e+00
    endloop
  endfacet
  facet normal 1.932559e-01 -9.811484e-01 0.000000e+00
    outer loop
      vertex   1.588462e+02 1.467295e+02 2.000000e+00
      vertex   1.588462e+02 1.467295e+02 0.000000e+00
      vertex   1.620161e+02 1.473539e+02 2.000000e+00
    endloop
  endfacet
  facet normal 1.932559e-01 -9.811484e-01 0.000000e+00
    outer loop
      vertex   1.620161e+02 1.473539e+02 2.000000e+00
      vertex   1.588462e+02 1.467295e+02 0.000000e+00
      vertex   1.620161e+02 1.473539e+02 0.000000e+00
    endloop
  endfacet
  facet normal 2.515868e-01 -9.678347e-01 0.000000e+00
    outer loop
      vertex   1.620161e+02 1.473539e+02 2.000000e+00
      vertex   1.620161e+02 1.473539e+02 0.000000e+00
      vertex   1.651431e+02 1.481667e+02 2.000000e+00
    endloop
  endfacet
  facet normal 2.515868e-01 -9.678347e-01 0.000000e+00
    outer loop
      vertex   1.651431e+02 1.481667e+02 2.000000e+00
      vertex   1.620161e+02 1.473539e+02 0.000000e+00
      vertex   1.651431e+02 1.481667e+02 0.000000e+00
    endloop
  endfacet
  facet normal 3.090170e-01 -9.510565e-01 0.000000e+00
    outer loop
      vertex   1.651431e+02 1.481667e+02 2.000000e+00
      vertex   1.651431e+02 1.481667e+02 0.000000e+00
      vertex   1.682158e+02 1.491651e+02 2.000000e+00
    endloop
  endfacet
  facet normal 3.090170e-01 -9.510565e-01 0.000000e+00
    outer loop
      vertex   1.682158e+02 1.491651e+02 2.000000e+00
      vertex   1.651431e+02 1.481667e+02 0.000000e+00
      vertex   1.682158e+02 1.491651e+02 0.000000e+00
    endloop
  endfacet
  facet normal 3.653410e-01 -9.308737e-01 0.000000e+00
    outer loop
      vertex   1.682158e+02 1.491651e+02 2.000000e+00
      vertex   1.682158e+02 1.491651e+02 0.000000e+00
      vertex   1.712234e+02 1.503455e+02 2.000000e+00
    endloop
  endfacet
  facet normal 3.653410e-01 -9.308737e-01 0.000000e+00
    outer loop
      vertex   1.712234e+02 1.503455e+02 2.000000e+00
      vertex   1.682158e+02 1.491651e+02 0.000000e+00
      vertex   1.712234e+02 1.503455e+02 0.000000e+00
    endloop
  endfacet
  facet normal 4.203572e-01 -9.073587e-01 0.000000e+00
    outer loop
      vertex   1.712234e+02 1.503455e+02 2.000000e+00
      vertex   1.712234e+02 1.503455e+02 0.000000e+00
      vertex   1.741549e+02 1.517036e+02 2.000000e+00
    endloop
  endfacet
  facet normal 4.203572e-01 -9.073587e-01 0.000000e+00
    outer loop
      vertex   1.741549e+02 1.517036e+02 2.000000e+00
      vertex   1.712234e+02 1.503455e+02 0.000000e+00
      vertex   1.741549e+02 1.517036e+02 0.000000e+00
    endloop
  endfacet
  facet normal 4.738687e-01 -8.805955e-01 0.000000e+00
    outer loop
      vertex   1.741549e+02 1.517036e+02 2.000000e+00
      vertex   1.741549e+02 1.517036e+02 0.000000e+00
      vertex   1.770000e+02 1.532346e+02 2.000000e+00
    endloop
  endfacet
  facet normal 4.738687e-01 -8.805955e-01 0.000000e+00
    outer loop
      vertex   1.770000e+02 1.532346e+02 2.000000e+00
      vertex   1.741549e+02 1.517036e+02 0.000000e+00
      vertex   1.770000e+02 1.532346e+02 0.000000e+00
    endloop
  endfacet
  facet normal 5.256838e-01 -8.506801e-01 0.000000e+00
    outer loop
      vertex   1.770000e+02 1.532346e+02 2.000000e+00
      vertex   1.770000e+02 1.532346e+02 0.000000e+00
      vertex   1.797484e+02 1.549330e+02 2.000000e+00
    endloop
  endfacet
  facet normal 5.256838e-01 -8.506801e-01 0.000000e+00
    outer loop
      vertex   1.797484e+02 1.549330e+02 2.000000e+00
      vertex   1.770000e+02 1.532346e+02 0.000000e+00
      vertex   1.797484e+02 1.549330e+02 0.000000e+00
    endloop
  endfacet
  facet normal 5.756171e-01 -8.177194e-01 0.000000e+00
    outer loop
      vertex   1.797484e+02 1.549330e+02 2.000000e+00
      vertex   1.797484e+02 1.549330e+02 0.000000e+00
      vertex   1.823904e+02 1.567928e+02 2.000000e+00
    endloop
  endfacet
  facet normal 5.756171e-01 -8.177194e-01 0.000000e+00
    outer loop
      vertex   1.823904e+02 1.567928e+02 2.000000e+00
      vertex   1.797484e+02 1.549330e+02 0.000000e+00
      vertex   1.823904e+02 1.567928e+02 0.000000e+00
    endloop
  endfacet
  facet normal 6.234898e-01 -7.818315e-01 0.000000e+00
    outer loop
      vertex   1.823904e+02 1.567928e+02 2.000000e+00
      vertex   1.823904e+02 1.567928e+02 0.000000e+00
      vertex   1.849164e+02 1.588072e+02 2.000000e+00
    endloop
  endfacet
  facet normal 6.234898e-01 -7.818315e-01 0.000000e+00
    outer loop
      vertex   1.849164e+02 1.588072e+02 2.000000e+00
      vertex   1.823904e+02 1.567928e+02 0.000000e+00
      vertex   1.849164e+02 1.588072e+02 0.000000e+00
    endloop
  endfacet
  facet normal 6.691306e-01 -7.431448e-01 0.000000e+00
    outer loop
      vertex   1.849164e+02 1.588072e+02 2.000000e+00
      vertex   1.849164e+02 1.588072e+02 0.000000e+00
      vertex   1.873174e+02 1.609691e+02 2.000000e+00
    endloop
  endfacet
  facet normal 6.691306e-01 -7.431448e-01 0.000000e+00
    outer loop
      vertex   1.873174e+02 1.609691e+02 2.000000e+00
      vertex   1.849164e+02 1.588072e+02 0.000000e+00
      vertex   1.873174e+02 1.609691e+02 0.000000e+00
    endloop
  endfacet
  facet normal 7.123761e-01 -7.017979e-01 0.000000e+00
    outer loop
      vertex   1.873174e+02 1.609691e+02 2.000000e+00
      vertex   1.873174e+02 1.609691e+02 0.000000e+00
      vertex   1.895848e+02 1.632707e+02 2.000000e+00
    endloop
  endfacet
  facet normal 7.123761e-01 -7.017979e-01 0.000000e+00
    outer loop
      vertex   1.895848e+02 1.632707e+02 2.000000e+00
      vertex   1.873174e+02 1.609691e+02 0.000000e+00
      vertex   1.895848e+02 1.632707e+02 0.000000e+00
    endloop
  endfacet
  facet normal 7.530715e-01 -6.579387e-01 0.000000e+00
    outer loop
      vertex   1.895848e+02 1.632707e+02 2.000000e+00
      vertex   1.895848e+02 1.632707e+02 0.000000e+00
      vertex   1.917105e+02 1.657037e+02 2.000000e+00
    endloop
  endfacet
  facet normal 7.530715e-01 -6.579387e-01 0.000000e+00
    outer loop
      vertex   1.917105e+02 1.657037e+02 2.000000e+00
      vertex   1.895848e+02 1.632707e+02 0.000000e+00
      vertex   1.917105e+02 1.657037e+02 0.000000e+00
    endloop
  endfacet
  facet normal 7.910710e-01 -6.117243e-01 0.000000e+00
    outer loop
      vertex   1.917105e+02 1.657037e+02 2.000000e+00
      vertex   1.917105e+02 1.657037e+02 0.000000e+00
      vertex   1.936869e+02 1.682596e+02 2.000000e+00
    endloop
  endfacet
  facet normal 7.910710e-01 -6.117243e-01 0.000000e+00
    outer loop
      vertex   1.936869e+02 1.682596e+02 2.000000e+00
      vertex   1.917105e+02 1.657037e+02 0.000000e+00
      vertex   1.936869e+02 1.682596e+02 0.000000e+00
    endloop
  endfacet
  facet normal 8.262388e-01 -5.633201e-01 0.000000e+00
    outer loop
      vertex   1.936869e+02 1.682596e+02 2.000000e+00
      vertex   1.936869e+02 1.682596e+02 0.000000e+00
      vertex   1.955069e+02 1.709291e+02 2.000000e+00
    endloop
  endfacet
  facet normal 8.262388e-01 -5.633201e-01 0.000000e+00
    outer loop
      vertex   1.955069e+02 1.709291e+02 2.000000e+00
      vertex   1.936869e+02 1.682596e+02 0.000000e+00
      vertex   1.955069e+02 1.709291e+02 0.000000e+00
    endloop
  endfacet
  facet normal 8.584488e-01 -5.128993e-01 0.000000e+00
    outer loop
      vertex   1.955069e+02 1.709291e+02 2.000000e+00
      vertex   1.955069e+02 1.709291e+02 0.000000e+00
      vertex   1.971640e+02 1.737026e+02 2.000000e+00
    endloop
  endfacet
  facet normal 8.584488e-01 -5.128993e-01 0.000000e+00
    outer loop
      vertex   1.971640e+02 1.737026e+02 2.000000e+00
      vertex   1.955069e+02 1.709291e+02 0.000000e+00
      vertex   1.971640e+02 1.737026e+02 0.000000e+00
    endloop
  endfacet
  facet normal 8.875858e-01 -4.606425e-01 0.000000e+00
    outer loop
      vertex   1.971640e+02 1.737026e+02 2.000000e+00
      vertex   1.971640e+02 1.737026e+02 0.000000e+00
      vertex   1.986523e+02 1.765703e+02 2.000000e+00
    endloop
  endfacet
  facet normal 8.875858e-01 -4.606425e-01 0.000000e+00
    outer loop
      vertex   1.986523e+02 1.765703e+02 2.000000e+00
      vertex   1.971640e+02 1.737026e+02 0.000000e+00
      vertex   1.986523e+02 1.765703e+02 0.000000e+00
    endloop
  endfacet
  facet normal 9.135455e-01 -4.067366e-01 0.000000e+00
    outer loop
      vertex   1.986523e+02 1.765703e+02 2.000000e+00
      vertex   1.986523e+02 1.765703e+02 0.000000e+00
      vertex   1.999664e+02 1.795218e+02 2.000000e+00
    endloop
  endfacet
  facet normal 9.135455e-01 -4.067366e-01 0.000000e+00
    outer loop
      vertex   1.999664e+02 1.795218e+02 2.000000e+00
      vertex   1.986523e+02 1.765703e+02 0.000000e+00
      vertex   1.999664e+02 1.795218e+02 0.000000e+00
    endloop
  endfacet
  facet normal 9.362349e-01 -3.513748e-01 0.000000e+00
    outer loop
      vertex   1.999664e+02 1.795218e+02 2.000000e+00
      vertex   1.999664e+02 1.795218e+02 0.000000e+00
      vertex   2.011017e+02 1.825467e+02 2.000000e+00
    endloop
  endfacet
  facet normal 9.362349e-01 -3.513748e-01 0.000000e+00
    outer loop
      vertex   2.011017e+02 1.825467e+02 2.000000e+00
      vertex   1.999664e+02 1.795218e+02 0.000000e+00
      vertex   2.011017e+02 1.825467e+02 0.000000e+00
    endloop
  endfacet
  facet normal 9.555728e-01 -2.947552e-01 0.000000e+00
    outer loop
      vertex   2.011017e+02 1.825467e+02 2.000000e+00
      vertex   2.011017e+02 1.825467e+02 0.000000e+00
      vertex   2.020540e+02 1.856340e+02 2.000000e+00
    endloop
  endfacet
  facet normal 9.555728e-01 -2.947552e-01 0.000000e+00
    outer loop
      vertex   2.020540e+02 1.856340e+02 2.000000e+00
      vertex   2.011017e+02 1.825467e+02 0.000000e+00
      vertex   2.020540e+02 1.856340e+02 0.000000e+00
    endloop
  endfacet
  facet normal 9.714900e-01 -2.370804e-01 0.000000e+00
    outer loop
      vertex   2.020540e+02 1.856340e+02 2.000000e+00
      vertex   2.020540e+02 1.856340e+02 0.000000e+00
      vertex   2.028200e+02 1.887728e+02 2.000000e+00
    endloop
  endfacet
  facet normal 9.714900e-01 -2.370804e-01 0.000000e+00
    outer loop
      vertex   2.028200e+02 1.887728e+02 2.000000e+00
      vertex   2.020540e+02 1.856340e+02 0.000000e+00
      vertex   2.028200e+02 1.887728e+02 0.000000e+00
    endloop
  endfacet
  facet normal 9.839296e-01 -1.785569e-01 0.000000e+00
    outer loop
      vertex   2.028200e+02 1.887728e+02 2.000000e+00
      vertex   2.028200e+02 1.887728e+02 0.000000e+00
      vertex   2.033969e+02 1.919517e+02 2.000000e+00
    endloop
  endfacet
  facet normal 9.839296e-01 -1.785569e-01 0.000000e+00
    outer loop
      vertex   2.033969e+02 1.919517e+02 2.000000e+00
      vertex   2.028200e+02 1.887728e+02 0.000000e+00
      vertex   2.033969e+02 1.919517e+02 0.000000e+00
    endloop
  endfacet
  facet normal 9.928469e-01 -1.193942e-01 0.000000e+00
    outer loop
      vertex   2.033969e+02 1.919517e+02 2.000000e+00
      vertex   2.033969e+02 1.919517e+02 0.000000e+00
      vertex   2.037826e+02 1.951595e+02 2.000000e+00
    endloop
  endfacet
  facet normal 9.928469e-01 -1.193942e-01 0.000000e+00
    outer loop
      vertex   2.037826e+02 1.951595e+02 2.000000e+00
      vertex   2.033969e+02 1.919517e+02 0.000000e+00
      vertex   2.037826e+02 1.951595e+02 0.000000e+00
    endloop
  endfacet
  facet normal 9.982101e-01 -5.980415e-02 0.000000e+00
    outer loop
      vertex   2.037826e+02 1.951595e+02 2.000000e+00
      vertex   2.037826e+02 1.951595e+02 0.000000e+00
      vertex   2.039758e+02 1.983846e+02 2.000000e+00
    endloop
  endfacet
  facet normal 9.982101e-01 -5.980415e-02 0.000000e+00
    outer loop
      vertex   2.039758e+02 1.983846e+02 2.000000e+00
      vertex   2.037826e+02 1.951595e+02 0.000000e+00
      vertex   2.039758e+02 1.983846e+02 0.000000e+00
    endloop
  endfacet
  facet normal 1.000000e+00 -0.000000e+00 0.000000e+00
    outer loop
      vertex   2.039758e+02 1.983846e+02 2.000000e+00
      vertex   2.039758e+02 1.983846e+02 0.000000e+00
      vertex   2.039758e+02 2.016154e+02 2.000000e+00
    endloop
  endfacet
  facet normal 1.000000e+00 0.000000e+00 0.000000e+00
    outer loop
      vertex   2.039758e+02 2.016154e+02 2.000000e+00
      vertex   2.039758e+02 1.983846e+02 0.000000e+00
      vertex   2.039758e+02 2.016154e+02 0.000000e+00
    endloop
  endfacet
  facet normal 9.982101e-01 5.980415e-02 0.000000e+00
    outer loop
      vertex   2.039758e+02 2.016154e+02 2.000000e+00
      vertex   2.039758e+02 2.016154e+02 0.000000e+00
      vertex   2.037826e+02 2.048405e+02 2.000000e+00
    endloop
  endfacet
  facet normal 9.982101e-01 5.980415e-02 0.000000e+00
    outer loop
      vertex   2.037826e+02 2.048405e+02 2.000000e+00
      vertex   2.039758e+02 2.016154e+02 0.000000e+00
      vertex   2.037826e+02 2.048405e+02 0.000000e+00
    endloop
  endfacet
  facet normal 9.928469e-01 1.193942e-01 0.000000e+00
    outer loop
      vertex   2.037826e+02 2.048405e+02 2.000000e+00
      vertex   2.037826e+02 2.048405e+02 0.000000e+00
      vertex   2.033969e+02 2.080483e+02 2.000000e+00
    endloop
  endfacet
  facet normal 9.928469e-01 1.193942e-01 0.000000e+00
    outer loop
      vertex   2.033969e+02 2.080483e+02 2.000000e+00
      vertex   2.037826e+02 2.048405e+02 0.000000e+00
      vertex   2.033969e+02 2.080483e+02 0.000000e+00
    endloop
  endfacet
  facet normal 9.839296e-01 1.785569e-01 0.000000e+00
    outer loop
      vertex   2.033969e+02 2.080483e+02 2.000000e+00
      vertex   2.033969e+02 2.080483e+02 0.000000e+00
      vertex   2.028200e+02 2.112272e+02 2.000000e+00
    endloop
  endfacet
  facet normal 9.839296e-01 1.785569e-01 0.000000e+00
    outer loop
      vertex   2.028200e+02 2.112272e+02 2.000000e+00
      vertex   2.033969e+02 2.080483e+02 0.000000e+00
      vertex   2.028200e+02 2.112272e+02 0.000000e+00
    endloop
  endfacet
  facet normal 9.714900e-01 2.370804e-01 0.000000e+00
    outer loop
      vertex   2.028200e+02 2.112272e+02 2.000000e+00
      vertex   2.028200e+02 2.112272e+02 0.000000e+00
      vertex   2.020540e+02 2.143660e+02 2.000000e+00
    endloop
  endfacet
  facet normal 9.714900e-01 2.370804e-01 0.000000e+00
    outer loop
      vertex   2.020540e+02 2.143660e+02 2.000000e+00
      vertex   2.028200e+02 2.112272e+02 0.000000e+00
      vertex   2.020540e+02 2.143660e+02 0.000000e+00
    endloop
  endfacet
  facet normal 9.555728e-01 2.947552e-01 0.000000e+00
    outer loop
      vertex   2.020540e+02 2.143660e+02 2.000000e+00
      vertex   2.020540e+02 2.143660e+02 0.000000e+00
      vertex   2.011017e+02 2.174533e+02 2.000000e+00
    endloop
  endfacet
  facet normal 9.555728e-01 2.947552e-01 0.000000e+00
    outer loop
      vertex   2.011017e+02 2.174533e+02 2.000000e+00
      vertex   2.020540e+02 2.143660e+02 0.000000e+00
      vertex   2.011017e+02 2.174533e+02 0.000000e+00
    endloop
  endfacet
  facet normal 9.362349e-01 3.513748e-01 0.000000e+00
    outer loop
      vertex   2.011017e+02 2.174533e+02 2.000000e+00
      vertex   2.011017e+02 2.174533e+02 0.000000e+00
      vertex   1.999664e+02 2.204782e+02 2.000000e+00
    endloop
  endfacet
  facet normal 9.362349e-01 3.513748e-01 0.000000e+00
    outer loop
      vertex   1.999664e+02 2.204782e+02 2.000000e+00
      vertex   2.011017e+02 2.174533e+02 0.000000e+00
      vertex   1.999664e+02 2.204782e+02 0.000000e+00
    endloop
  endfacet
  facet normal 9.135455e-01 4.067366e-01 0.000000e+00
    outer loop
      vertex   1.999664e+02 2.204782e+02 2.000000e+00
      vertex   1.999664e+02 2.204782e+02 0.000000e+00
      vertex   1.986523e+02 2.234297e+02 2.000000e+00
    endloop
  endfacet
  facet normal 9.135455e-01 4.067366e-01 0.000000e+00
    outer loop
      vertex   1.986523e+02 2.234297e+02 2.000000e+00
      vertex   1.999664e+02 2.204782e+02 0.000000e+00
      vertex   1.986523e+02 2.234297e+02 0.000000e+00
    endloop
  endfacet
  facet normal 8.875858e-01 4.606425e-01 0.000000e+00
    outer loop
      vertex   1.986523e+02 2.234297e+02 2.000000e+00
      vertex   1.986523e+02 2.234297e+02 0.000000e+00
      vertex   1.971640e+02 2.262974e+02 2.000000e+00
    endloop
  endfacet
  facet normal 8.875858e-01 4.606425e-01 0.000000e+00
    outer loop
      vertex   1.971640e+02 2.262974e+02 2.000000e+00
      vertex   1.986523e+02 2.234297e+02 0.000000e+00
      vertex   1.971640e+02 2.262974e+02 0.000000e+00
    endloop
  endfacet
  facet normal 8.584488e-01 5.128993e-01 0.000000e+00
    outer loop
      vertex   1.971640e+02 2.262974e+02 2.000000e+00
      vertex   1.971640e+02 2.262974e+02 0.000000e+00
      vertex   1.955069e+02 2.290709e+02 2.000000e+00
    endloop
  endfacet
  facet normal 8.584488e-01 5.128993e-01 0.000000e+00
    outer loop
      vertex   1.955069e+02 2.290709e+02 2.000000e+00
      vertex   1.971640e+02 2.262974e+02 0.000000e+00
      vertex   1.955069e+02 2.290709e+02 0.000000e+00
    endloop
  endfacet
  facet normal 8.262388e-01 5.633201e-01 0.000000e+00
    outer loop
      vertex   1.955069e+02 2.290709e+02 2.000000e+00
      vertex   1.955069e+02 2.290709e+02 0.000000e+00
      vertex   1.936869e+02 2.317404e+02 2.000000e+00
    endloop
  endfacet
  facet normal 8.262388e-01 5.633201e-01 0.000000e+00
    outer loop
      vertex   1.936869e+02 2.317404e+02 2.000000e+00
      vertex   1.955069e+02 2.290709e+02 0.000000e+00
      vertex   1.936869e+02 2.317404e+02 0.000000e+00
    endloop
  endfacet
  facet normal 7.910710e-01 6.117243e-01 0.000000e+00
    outer loop
      vertex   1.936869e+02 2.317404e+02 2.000000e+00
      vertex   1.936869e+02 2.317404e+02 0.000000e+00
      vertex   1.917105e+02 2.342963e+02 2.000000e+00
    endloop
  endfacet
  facet normal 7.910710e-01 6.117243e-01 0.000000e+00
    outer loop
      vertex   1.917105e+02 2.342963e+02 2.000000e+00
      vertex   1.936869e+02 2.317404e+02 0.000000e+00
      vertex   1.917105e+02 2.342963e+02 0.000000e+00
    endloop
  endfacet
  facet normal 7.530715e-01 6.579387e-01 0.000000e+00
    outer loop
      vertex   1.917105e+02 2.342963e+02 2.000000e+00
      vertex   1.917105e+02 2.342963e+02 0.000000e+00
      vertex   1.895848e+02 2.367293e+02 2.000000e+00
    endloop
  endfacet
  facet normal 7.530715e-01 6.579387e-01 0.000000e+00
    outer loop
      vertex   1.895848e+02 2.367293e+02 2.000000e+00
      vertex   1.917105e+02 2.342963e+02 0.000000e+00
      vertex   1.895848e+02 2.367293e+02 0.000000e+00
    endloop
  endfacet
  facet normal 7.123761e-01 7.017979e-01 0.000000e+00
    outer loop
      vertex   1.895848e+02 2.367293e+02 2.000000e+00
      vertex   1.895848e+02 2.367293e+02 0.000000e+00
      vertex   1.873174e+02 2.390309e+02 2.000000e+00
    endloop
  endfacet
  facet normal 7.123761e-01 7.017979e-01 0.000000e+00
    outer loop
      vertex   1.873174e+02 2.390309e+02 2.000000e+00
      vertex   1.895848e+02 2.367293e+02 0.000000e+00
      vertex   1.873174e+02 2.390309e+02 0.000000e+00
    endloop
  endfacet
  facet normal 6.691306e-01 7.431448e-01 0.000000e+00
    outer loop
      vertex   1.873174e+02 2.390309e+02 2.000000e+00
      vertex   1.873174e+02 2.390309e+02 0.000000e+00
      vertex   1.849164e+02 2.411928e+02 2.000000e+00
    endloop
  endfacet
  facet normal 6.691306e-01 7.431448e-01 0.000000e+00
    outer loop
      vertex   1.849164e+02 2.411928e+02 2.000000e+00
      vertex   1.873174e+02 2.390309e+02 0.000000e+00
      vertex   1.849164e+02 2.411928e+02 0.000000e+00
    endloop
  endfacet
  facet normal 6.234898e-01 7.818315e-01 0.000000e+00
    outer loop
      vertex   1.849164e+02 2.411928e+02 2.000000e+00
      vertex   1.849164e+02 2.411928e+02 0.000000e+00
      vertex   1.823904e+02 2.432072e+02 2.000000e+00
    endloop
  endfacet
  facet normal 6.234898e-01 7.818315e-01 0.000000e+00
    outer loop
      vertex   1.823904e+02 2.432072e+02 2.000000e+00
      vertex   1.849164e+02 2.411928e+02 0.000000e+00
      vertex   1.823904e+02 2.432072e+02 0.000000e+00
    endloop
  endfacet
  facet normal 5.756171e-01 8.177194e-01 0.000000e+00
    outer loop
      vertex   1.823904e+02 2.432072e+02 2.000000e+00
      vertex   1.823904e+02 2.432072e+02 0.000000e+00
      vertex   1.797484e+02 2.450670e+02 2.000000e+00
    endloop
  endfacet
  facet normal 5.756171e-01 8.177194e-01 0.000000e+00
    outer loop
      vertex   1.797484e+02 2.450670e+02 2.000000e+00
      vertex   1.823904e+02 2.432072e+02 0.000000e+00
      vertex   1.797484e+02 2.450670e+02 0.000000e+00
    endloop
  endfacet
  facet normal 5.256838e-01 8.506801e-01 0.000000e+00
    outer loop
      vertex   1.797484e+02 2.450670e+02 2.000000e+00
      vertex   1.797484e+02 2.450670e+02 0.000000e+00
      vertex   1.770000e+02 2.467654e+02 2.000000e+00
    endloop
  endfacet
  facet normal 5.256838e-01 8.506801e-01 0.000000e+00
    outer loop
      vertex   1.770000e+02 2.467654e+02 2.000000e+00
      vertex   1.797484e+02 2.450670e+02 0.000000e+00
      vertex   1.770000e+02 2.467654e+02 0.000000e+00
    endloop
  endfacet
  facet normal 4.738687e-01 8.805955e-01 0.000000e+00
    outer loop
      vertex   1.770000e+02 2.467654e+02 2.000000e+00
      vertex   1.770000e+02 2.467654e+02 0.000000e+00
      vertex   1.741549e+02 2.482964e+02 2.000000e+00
    endloop
  endfacet
  facet normal 4.738687e-01 8.805955e-01 0.000000e+00
    outer loop
      vertex   1.741549e+02 2.482964e+02 2.000000e+00
      vertex   1.770000e+02 2.467654e+02 0.000000e+00
      vertex   1.741549e+02 2.482964e+02 0.000000e+00
    endloop
  endfacet
  facet normal 4.203572e-01 9.073587e-01 0.000000e+00
    outer loop
      vertex   1.741549e+02 2.482964e+02 2.000000e+00
      vertex   1.741549e+02 2.482964e+02 0.000000e+00
      vertex   1.712234e+02 2.496545e+02 2.000000e+00
    endloop
  endfacet
  facet normal 4.203572e-01 9.073587e-01 0.000000e+00
    outer loop
      vertex   1.712234e+02 2.496545e+02 2.000000e+00
      vertex   1.741549e+02 2.482964e+02 0.000000e+00
      vertex   1.712234e+02 2.496545e+02 0.000000e+00
    endloop
  endfacet
  facet normal 3.653410e-01 9.308737e-01 0.000000e+00
    outer loop
      vertex   1.712234e+02 2.496545e+02 2.000000e+00
      vertex   1.712234e+02 2.496545e+02 0.000000e+00
      vertex   1.682158e+02 2.508349e+02 2.000000e+00
    endloop
  endfacet
  facet normal 3.653410e-01 9.308737e-01 0.000000e+00
    outer loop
      vertex   1.682158e+02 2.508349e+02 2.000000e+00
      vertex   1.712234e+02 2.496545e+02 0.000000e+00
      vertex   1.682158e+02 2.508349e+02 0.000000e+00
    endloop
  endfacet
  facet normal 3.090170e-01 9.510565e-01 0.000000e+00
    outer loop
      vertex   1.682158e+02 2.508349e+02 2.000000e+00
      vertex   1.682158e+02 2.508349e+02 0.000000e+00
      vertex   1.651431e+02 2.518333e+02 2.000000e+00
    endloop
  endfacet
  facet normal 3.090170e-01 9.510565e-01 0.000000e+00
    outer loop
      vertex   1.651431e+02 2.518333e+02 2.000000e+00
      vertex   1.682158e+02 2.508349e+02 0.000000e+00
      vertex   1.651431e+02 2.518333e+02 0.000000e+00
    endloop
  endfacet
  facet normal 2.515868e-01 9.678347e-01 0.000000e+00
    outer loop
      vertex   1.651431e+02 2.518333e+02 2.000000e+00
      vertex   1.651431e+02 2.518333e+02 0.000000e+00
      vertex   1.620161e+02 2.526461e+02 2.000000e+00
    endloop
  endfacet
  facet normal 2.515868e-01 9.678347e-01 0.000000e+00
    outer loop
      vertex   1.620161e+02 2.526461e+02 2.000000e+00
      vertex   1.651431e+02 2.518333e+02 0.000000e+00
      vertex   1.620161e+02 2.526461e+02 0.000000e+00
    endloop
  endfacet
  facet normal 1.932559e-01 9.811484e-01 0.000000e+00
    outer loop
      vertex   1.620161e+02 2.526461e+02 2.000000e+00
      vertex   1.620161e+02 2.526461e+02 0.000000e+00
      vertex   1.588462e+02 2.532705e+02 2.000000e+00
    endloop
  endfacet
  facet normal 1.932559e-01 9.811484e-01 0.000000e+00
    outer loop
      vertex   1.588462e+02 2.532705e+02 2.000000e+00
      vertex   1.620161e+02 2.526461e+02 0.000000e+00
      vertex   1.588462e+02 2.532705e+02 0.000000e+00
    endloop
  endfacet
  facet normal 1.342333e-01 9.909498e-01 0.000000e+00
    outer loop
      vertex   1.588462e+02 2.532705e+02 2.000000e+00
      vertex   1.588462e+02 2.532705e+02 0.000000e+00
      vertex   1.556445e+02 2.537042e+02 2.000000e+00
    endloop
  endfacet
  facet normal 1.342333e-01 9.909498e-01 0.000000e+00
    outer loop
      vertex   1.556445e+02 2.537042e+02 2.000000e+00
      vertex   1.588462e+02 2.532705e+02 0.000000e+00
      vertex   1.556445e+02 2.537042e+02 0.000000e+00
    endloop
  endfacet
  facet normal 7.473009e-02 9.972038e-01 0.000000e+00
    outer loop
      vertex   1.556445e+02 2.537042e+02 2.000000e+00
      vertex   1.556445e+02 2.537042e+02 0.000000e+00
      vertex   1.524227e+02 2.539456e+02 2.000000e+00
    endloop
  endfacet
  facet normal 7.473009e-02 9.972038e-01 0.000000e+00
    outer loop
      vertex   1.524227e+02 2.539456e+02 2.000000e+00
      vertex   1.556445e+02 2.537042e+02 0.000000e+00
      vertex   1.524227e+02 2.539456e+02 0.000000e+00
    endloop
  endfacet
  facet normal 1.495941e-02 9.998881e-01 0.000000e+00
    outer loop
      vertex   1.524227e+02 2.539456e+02 2.000000e+00
      vertex   1.524227e+02 2.539456e+02 0.000000e+00
      vertex   1.491922e+02 2.539940e+02 2.000000e+00
    endloop
  endfacet
  facet normal 1.495941e-02 9.998881e-01 0.000000e+00
    outer loop
      vertex   1.491922e+02 2.539940e+02 2.000000e+00
      vertex   1.524227e+02 2.539456e+02 0.000000e+00
      vertex   1.491922e+02 2.539940e+02 0.000000e+00
    endloop
  endfacet
  facet normal -4.486483e-02 9.989931e-01 0.000000e+00
    outer loop
      vertex   1.491922e+02 2.539940e+02 2.000000e+00
      vertex   1.491922e+02 2.539940e+02 0.000000e+00
      vertex   1.459646e+02 2.538490e+02 2.000000e+00
    endloop
  endfacet
  facet normal -4.486483e-02 9.989931e-01 0.000000e+00
    outer loop
      vertex   1.459646e+02 2.538490e+02 2.000000e+00
      vertex   1.491922e+02 2.539940e+02 0.000000e+00
      vertex   1.459646e+02 2.538490e+02 0.000000e+00
    endloop
  endfacet
  facet normal -1.045285e-01 9.945219e-01 0.000000e+00
    outer loop
      vertex   1.459646e+02 2.538490e+02 2.000000e+00
      vertex   1.459646e+02 2.538490e+02 0.000000e+00
      vertex   1.427514e+02 2.535113e+02 2.000000e+00
    endloop
  endfacet
  facet normal -1.045285e-01 9.945219e-01 0.000000e+00
    outer loop
      vertex   1.427514e+02 2.535113e+02 2.000000e+00
      vertex   1.459646e+02 2.538490e+02 0.000000e+00
      vertex   1.427514e+02 2.535113e+02 0.000000e+00
    endloop
  endfacet
  facet normal -1.638179e-01 9.864906e-01 0.000000e+00
    outer loop
      vertex   1.427514e+02 2.535113e+02 2.000000e+00
      vertex   1.427514e+02 2.535113e+02 0.000000e+00
      vertex   1.395642e+02 2.529820e+02 2.000000e+00
    endloop
  endfacet
  facet normal -1.638179e-01 9.864906e-01 0.000000e+00
    outer loop
      vertex   1.395642e+02 2.529820e+02 2.000000e+00
      vertex   1.427514e+02 2.535113e+02 0.000000e+00
      vertex   1.395642e+02 2.529820e+02 0.000000e+00
    endloop
  endfacet
  facet normal -2.225209e-01 9.749279e-01 0.000000e+00
    outer loop
      vertex   1.395642e+02 2.529820e+02 2.000000e+00
      vertex   1.395642e+02 2.529820e+02 0.000000e+00
      vertex   1.364143e+02 2.522631e+02 2.000000e+00
    endloop
  endfacet
  facet normal -2.225209e-01 9.749279e-01 0.000000e+00
    outer loop
      vertex   1.364143e+02 2.522631e+02 2.000000e+00
      vertex   1.395642e+02 2.529820e+02 0.000000e+00
      vertex   1.364143e+02 2.522631e+02 0.000000e+00
    endloop
  endfacet
  facet normal -2.804274e-01 9.598752e-01 0.000000e+00
    outer loop
      vertex   1.364143e+02 2.522631e+02 2.000000e+00
      vertex   1.364143e+02 2.522631e+02 0.000000e+00
      vertex   1.333131e+02 2.513571e+02 2.000000e+00
    endloop
  endfacet
  facet normal -2.804274e-01 9.598752e-01 0.000000e+00
    outer loop
      vertex   1.333131e+02 2.513571e+02 2.000000e+00
      vertex   1.364143e+02 2.522631e+02 0.000000e+00
      vertex   1.333131e+02 2.513571e+02 0.000000e+00
    endloop
  endfacet
  facet normal -3.373300e-01 9.413865e-01 0.000000e+00
    outer loop
      vertex   1.333131e+02 2.513571e+02 2.000000e+00
      vertex   1.333131e+02 2.513571e+02 0.000000e+00
      vertex   1.302716e+02 2.502672e+02 2.000000e+00
    endloop
  endfacet
  facet normal -3.373300e-01 9.413865e-01 0.000000e+00
    outer loop
      vertex   1.302716e+02 2.502672e+02 2.000000e+00
      vertex   1.333131e+02 2.513571e+02 0.000000e+00
      vertex   1.302716e+02 2.502672e+02 0.000000e+00
    endloop
  endfacet
  facet normal -3.930250e-01 9.195278e-01 0.000000e+00
    outer loop
      vertex   1.302716e+02 2.502672e+02 2.000000e+00
      vertex   1.302716e+02 2.502672e+02 0.000000e+00
      vertex   1.273007e+02 2.489974e+02 2.000000e+00
    endloop
  endfacet
  facet normal -3.930250e-01 9.195278e-01 0.000000e+00
    outer loop
      vertex   1.273007e+02 2.489974e+02 2.000000e+00
      vertex   1.302716e+02 2.502672e+02 0.000000e+00
      vertex   1.273007e+02 2.489974e+02 0.000000e+00
    endloop
  endfacet
  facet normal -4.473131e-01 8.943774e-01 0.000000e+00
    outer loop
      vertex   1.273007e+02 2.489974e+02 2.000000e+00
      vertex   1.273007e+02 2.489974e+02 0.000000e+00
      vertex   1.244111e+02 2.475522e+02 2.000000e+00
    endloop
  endfacet
  facet normal -4.473131e-01 8.943774e-01 0.000000e+00
    outer loop
      vertex   1.244111e+02 2.475522e+02 2.000000e+00
      vertex   1.273007e+02 2.489974e+02 0.000000e+00
      vertex   1.244111e+02 2.475522e+02 0.000000e+00
    endloop
  endfacet
  facet normal -5.000000e-01 8.660254e-01 0.000000e+00
    outer loop
      vertex   1.244111e+02 2.475522e+02 2.000000e+00
      vertex   1.244111e+02 2.475522e+02 0.000000e+00
      vertex   1.216131e+02 2.459367e+02 2.000000e+00
    endloop
  endfacet
  facet normal -5.000000e-01 8.660254e-01 0.000000e+00
    outer loop
      vertex   1.216131e+02 2.459367e+02 2.000000e+00
      vertex   1.244111e+02 2.475522e+02 0.000000e+00
      vertex   1.216131e+02 2.459367e+02 0.000000e+00
    endloop
  endfacet
  facet normal -5.508970e-01 8.345733e-01 0.000000e+00
    outer loop
      vertex   1.216131e+02 2.459367e+02 2.000000e+00
      vertex   1.216131e+02 2.459367e+02 0.000000e+00
      vertex   1.189167e+02 2.441568e+02 2.000000e+00
    endloop
  endfacet
  facet normal -5.508970e-01 8.345733e-01 0.000000e+00
    outer loop
      vertex   1.189167e+02 2.441568e+02 2.000000e+00
      vertex   1.216131e+02 2.459367e+02 0.000000e+00
      vertex   1.189167e+02 2.441568e+02 0.000000e+00
    endloop
  endfacet
  facet normal -5.998219e-01 8.001335e-01 0.000000e+00
    outer loop
      vertex   1.189167e+02 2.441568e+02 2.000000e+00
      vertex   1.189167e+02 2.441568e+02 0.000000e+00
      vertex   1.163316e+02 2.422189e+02 2.000000e+00
    endloop
  endfacet
  facet normal -5.998219e-01 8.001335e-01 0.000000e+00
    outer loop
      vertex   1.163316e+02 2.422189e+02 2.000000e+00
      vertex   1.189167e+02 2.441568e+02 0.000000e+00
      vertex   1.163316e+02 2.422189e+02 0.000000e+00
    endloop
  endfacet
  facet normal -6.465996e-01 7.628296e-01 0.000000e+00
    outer loop
      vertex   1.163316e+02 2.422189e+02 2.000000e+00
      vertex   1.163316e+02 2.422189e+02 0.000000e+00
      vertex   1.138669e+02 2.401298e+02 2.000000e+00
    endloop
  endfacet
  facet normal -6.465996e-01 7.628296e-01 0.000000e+00
    outer loop
      vertex   1.138669e+02 2.401298e+02 2.000000e+00
      vertex   1.163316e+02 2.422189e+02 0.000000e+00
      vertex   1.138669e+02 2.401298e+02 0.000000e+00
    endloop
  endfacet
  facet normal -6.910626e-01 7.227949e-01 0.000000e+00
    outer loop
      vertex   1.138669e+02 2.401298e+02 2.000000e+00
      vertex   1.138669e+02 2.401298e+02 0.000000e+00
      vertex   1.115317e+02 2.378971e+02 2.000000e+00
    endloop
  endfacet
  facet normal -6.910626e-01 7.227949e-01 0.000000e+00
    outer loop
      vertex   1.115317e+02 2.378971e+02 2.000000e+00
      vertex   1.138669e+02 2.401298e+02 0.000000e+00
      vertex   1.115317e+02 2.378971e+02 0.000000e+00
    endloop
  endfacet
  facet normal -7.330519e-01 6.801727e-01 0.000000e+00
    outer loop
      vertex   1.115317e+02 2.378971e+02 2.000000e+00
      vertex   1.115317e+02 2.378971e+02 0.000000e+00
      vertex   1.093341e+02 2.355287e+02 2.000000e+00
    endloop
  endfacet
  facet normal -7.330519e-01 6.801727e-01 0.000000e+00
    outer loop
      vertex   1.093341e+02 2.355287e+02 2.000000e+00
      vertex   1.115317e+02 2.378971e+02 0.000000e+00
      vertex   1.093341e+02 2.355287e+02 0.000000e+00
    endloop
  endfacet
  facet normal -7.724170e-01 6.351158e-01 0.000000e+00
    outer loop
      vertex   1.093341e+02 2.355287e+02 2.000000e+00
      vertex   1.093341e+02 2.355287e+02 0.000000e+00
      vertex   1.072822e+02 2.330331e+02 2.000000e+00
    endloop
  endfacet
  facet normal -7.724170e-01 6.351158e-01 0.000000e+00
    outer loop
      vertex   1.072822e+02 2.330331e+02 2.000000e+00
      vertex   1.093341e+02 2.355287e+02 0.000000e+00
      vertex   1.072822e+02 2.330331e+02 0.000000e+00
    endloop
  endfacet
  facet normal -8.090170e-01 5.877853e-01 0.000000e+00
    outer loop
      vertex   1.072822e+02 2.330331e+02 2.000000e+00
      vertex   1.072822e+02 2.330331e+02 0.000000e+00
      vertex   1.053831e+02 2.304193e+02 2.000000e+00
    endloop
  endfacet
  facet normal -8.090170e-01 5.877853e-01 0.000000e+00
    outer loop
      vertex   1.053831e+02 2.304193e+02 2.000000e+00
      vertex   1.072822e+02 2.330331e+02 0.000000e+00
      vertex   1.053831e+02 2.304193e+02 0.000000e+00
    endloop
  endfacet
  facet normal -8.427210e-01 5.383506e-01 0.000000e+00
    outer loop
      vertex   1.053831e+02 2.304193e+02 2.000000e+00
      vertex   1.053831e+02 2.304193e+02 0.000000e+00
      vertex   1.036438e+02 2.276966e+02 2.000000e+00
    endloop
  endfacet
  facet normal -8.427210e-01 5.383506e-01 0.000000e+00
    outer loop
      vertex   1.036438e+02 2.276966e+02 2.000000e+00
      vertex   1.053831e+02 2.304193e+02 0.000000e+00
      vertex   1.036438e+02 2.276966e+02 0.000000e+00
    endloop
  endfacet
  facet normal -8.734082e-01 4.869888e-01 0.000000e+00
    outer loop
      vertex   1.036438e+02 2.276966e+02 2.000000e+00
      vertex   1.036438e+02 2.276966e+02 0.000000e+00
      vertex   1.020704e+02 2.248747e+02 2.000000e+00
    endloop
  endfacet
  facet normal -8.734082e-01 4.869888e-01 0.000000e+00
    outer loop
      vertex   1.020704e+02 2.248747e+02 2.000000e+00
      vertex   1.036438e+02 2.276966e+02 0.000000e+00
      vertex   1.020704e+02 2.248747e+02 0.000000e+00
    endloop
  endfacet
  facet normal -9.009689e-01 4.338837e-01 0.000000e+00
    outer loop
      vertex   1.020704e+02 2.248747e+02 2.000000e+00
      vertex   1.020704e+02 2.248747e+02 0.000000e+00
      vertex   1.006685e+02 2.219638e+02 2.000000e+00
    endloop
  endfacet
  facet normal -9.009689e-01 4.338837e-01 0.000000e+00
    outer loop
      vertex   1.006685e+02 2.219638e+02 2.000000e+00
      vertex   1.020704e+02 2.248747e+02 0.000000e+00
      vertex   1.006685e+02 2.219638e+02 0.000000e+00
    endloop
  endfacet
  facet normal -9.253043e-01 3.792255e-01 0.000000e+00
    outer loop
      vertex   1.006685e+02 2.219638e+02 2.000000e+00
      vertex   1.006685e+02 2.219638e+02 0.000000e+00
      vertex   9.944332e+01 2.189742e+02 2.000000e+00
    endloop
  endfacet
  facet normal -9.253043e-01 3.792255e-01 0.000000e+00
    outer loop
      vertex   9.944332e+01 2.189742e+02 2.000000e+00
      vertex   1.006685e+02 2.219638e+02 0.000000e+00
      vertex   9.944332e+01 2.189742e+02 0.000000e+00
    endloop
  endfacet
  facet normal -9.463274e-01 3.232097e-01 0.000000e+00
    outer loop
      vertex   9.944332e+01 2.189742e+02 2.000000e+00
      vertex   9.944332e+01 2.189742e+02 0.000000e+00
      vertex   9.839907e+01 2.159168e+02 2.000000e+00
    endloop
  endfacet
  facet normal -9.463274e-01 3.232097e-01 0.000000e+00
    outer loop
      vertex   9.839907e+01 2.159168e+02 2.000000e+00
      vertex   9.944332e+01 2.189742e+02 0.000000e+00
      vertex   9.839907e+01 2.159168e+02 0.000000e+00
    endloop
  endfacet
  facet normal -9.639629e-01 2.660368e-01 0.000000e+00
    outer loop
      vertex   9.839907e+01 2.159168e+02 2.000000e+00
      vertex   9.839907e+01 2.159168e+02 0.000000e+00
      vertex   9.753954e+01 2.128023e+02 2.000000e+00
    endloop
  endfacet
  facet normal -9.639629e-01 2.660368e-01 0.000000e+00
    outer loop
      vertex   9.753954e+01 2.128023e+02 2.000000e+00
      vertex   9.839907e+01 2.159168e+02 0.000000e+00
      vertex   9.753954e+01 2.128023e+02 0.000000e+00
    endloop
  endfacet
  facet normal -9.781476e-01 2.079117e-01 0.000000e+00
    outer loop
      vertex   9.753954e+01 2.128023e+02 2.000000e+00
      vertex   9.753954e+01 2.128023e+02 0.000000e+00
      vertex   9.686780e+01 2.096421e+02 2.000000e+00
    endloop
  endfacet
  facet normal -9.781476e-01 2.079117e-01 0.000000e+00
    outer loop
      vertex   9.686780e+01 2.096421e+02 2.000000e+00
      vertex   9.753954e+01 2.128023e+02 0.000000e+00
      vertex   9.686780e+01 2.096421e+02 0.000000e+00
    endloop
  endfacet
  facet normal -9.888308e-01 1.490423e-01 0.000000e+00
    outer loop
      vertex   9.686780e+01 2.096421e+02 2.000000e+00
      vertex   9.686780e+01 2.096421e+02 0.000000e+00
      vertex   9.638627e+01 2.064473e+02 2.000000e+00
    endloop
  endfacet
  facet normal -9.888308e-01 1.490423e-01 0.000000e+00
    outer loop
      vertex   9.638627e+01 2.064473e+02 2.000000e+00
      vertex   9.686780e+01 2.096421e+02 0.000000e+00
      vertex   9.638627e+01 2.064473e+02 0.000000e+00
    endloop
  endfacet
  facet normal -9.959743e-01 8.963931e-02 0.000000e+00
    outer loop
      vertex   9.638627e+01 2.064473e+02 2.000000e+00
      vertex   9.638627e+01 2.064473e+02 0.000000e+00
      vertex   9.609665e+01 2.032294e+02 2.000000e+00
    endloop
  endfacet
  facet normal -9.959743e-01 8.963931e-02 0.000000e+00
    outer loop
      vertex   9.609665e+01 2.032294e+02 2.000000e+00
      vertex   9.638627e+01 2.064473e+02 0.000000e+00
      vertex   9.609665e+01 2.032294e+02 0.000000e+00
    endloop
  endfacet
  facet normal 0.000000e+00 0.000000e+00 1.000000e+00
    outer loop
      vertex   1.425923e+02 1.988267e+02 2.000000e+00
      vertex   1.425000e+02 2.000000e+02 2.000000e+00
      vertex   9.600000e+01 2.000000e+02 2.000000e+00
    endloop
  endfacet
  facet normal 0.000000e+00 0.000000e+00 1.000000e+00
    outer loop
      vertex   9.600000e+01 2.000000e+02 2.000000e+00
      vertex   1.425000e+02 2.000000e+02 2.000000e+00
      vertex   1.425923e+02 2.011733e+02 2.000000e+00
    endloop
  endfacet
  facet normal 0.000000e+00 0.000000e+00 1.000000e+00
    outer loop
      vertex   9.600000e+01 2.000000e+02 2.000000e+00
      vertex   1.425923e+02 2.011733e+02 2.000000e+00
      vertex   1.428671e+02 2.023176e+02 2.000000e+00
    endloop
  endfacet
  facet normal 0.000000e+00 0.000000e+00 1.000000e+00
    outer loop
      vertex   9.600000e+01 2.000000e+02 2.000000e+00
      vertex   1.428671e+02 2.023176e+02 2.000000e+00
      vertex   9.609665e+01 2.032294e+02 2.000000e+00
    endloop
  endfacet
  facet normal -0.000000e+00 0.000000e+00 1.000000e+00
    outer loop
      vertex   9.609665e+01 2.032294e+02 2.000000e+00
      vertex   1.428671e+02 2.023176e+02 2.000000e+00
      vertex   1.433175e+02 2.034049e+02 2.000000e+00
    endloop
  endfacet
  facet normal 0.000000e+00 0.000000e+00 1.000000e+00
    outer loop
      vertex   9.609665e+01 2.032294e+02 2.000000e+00
      vertex   1.433175e+02 2.034049e+02 2.000000e+00
      vertex   1.439324e+02 2.044084e+02 2.000000e+00
    endloop
  endfacet
  facet normal 0.000000e+00 -0.000000e+00 1.000000e+00
    outer loop
      vertex   1.439324e+02 2.044084e+02 2.000000e+00
      vertex   1.446967e+02 2.053033e+02 2.000000e+00
      vertex   9.609665e+01 2.032294e+02 2.000000e+00
    endloop
  endfacet
  facet normal 0.000000e+00 0.000000e+00 1.000000e+00
    outer loop
      vertex   9.609665e+01 2.032294e+02 2.000000e+00
      vertex   1.446967e+02 2.053033e+02 2.000000e+00
      vertex   1.455916e+02 2.060676e+02 2.000000e+00
    endloop
  endfacet
  facet normal 0.000000e+00 0.000000e+00 1.000000e+00
    outer loop
      vertex   9.609665e+01 2.032294e+02 2.000000e+00
      vertex   1.455916e+02 2.060676e+02 2.000000e+00
      vertex   9.638627e+01 2.064473e+02 2.000000e+00
    endloop
  endfacet
  facet normal -0.000000e+00 0.000000e+00 1.000000e+00
    outer loop
      vertex   9.638627e+01 2.064473e+02 2.000000e+00
      vertex   1.455916e+02 2.060676e+02 2.000000e+00
      vertex   1.465951e+02 2.066825e+02 2.000000e+00
    endloop
  endfacet
  facet normal 0.000000e+00 0.000000e+00 1.000000e+00
    outer loop
      vertex   9.638627e+01 2.064473e+02 2.000000e+00
      vertex   1.465951e+02 2.066825e+02 2.000000e+00
      vertex   1.476824e+02 2.071329e+02 2.000000e+00
    endloop
  endfacet
  facet normal 0.000000e+00 -0.000000e+00 1.000000e+00
    outer loop
      vertex   1.476824e+02 2.071329e+02 2.000000e+00
      vertex   1.488267e+02 2.074077e+02 2.000000e+00
      vertex   9.638627e+01 2.064473e+02 2.000000e+00
    endloop
  endfacet
  facet normal 0.000000e+00 0.000000e+00 1.000000e+00
    outer loop
      vertex   9.638627e+01 2.064473e+02 2.000000e+00
      vertex   1.488267e+02 2.074077e+02 2.000000e+00
      vertex   1.500000e+02 2.075000e+02 2.000000e+00
    endloop
  endfacet
  facet normal 0.000000e+00 0.000000e+00 1.000000e+00
    outer loop
      vertex   9.638627e+01 2.064473e+02 2.000000e+00
      vertex   1.500000e+02 2.075000e+02 2.000000e+00
      vertex   9.686780e+01 2.096421e+02 2.000000e+00
    endloop
  endfacet
  facet normal -0.000000e+00 0.000000e+00 1.000000e+00
    outer loop
      vertex   9.686780e+01 2.096421e+02 2.000000e+00
      vertex   1.500000e+02 2.075000e+02 2.000000e+00
      vertex   9.753954e+01 2.128023e+02 2.000000e+00
    endloop
  endfacet
  facet normal -0.000000e+00 0.000000e+00 1.000000e+00
    outer loop
      vertex   9.753954e+01 2.128023e+02 2.000000e+00
      vertex   1.500000e+02 2.075000e+02 2.000000e+00
      vertex   9.839907e+01 2.159168e+02 2.000000e+00
    endloop
  endfacet
  facet normal -0.000000e+00 0.000000e+00 1.000000e+00
    outer loop
      vertex   9.839907e+01 2.159168e+02 2.000000e+00
      vertex   1.500000e+02 2.075000e+02 2.000000e+00
      vertex   9.944332e+01 2.189742e+02 2.000000e+00
    endloop
  endfacet
  facet normal -0.000000e+00 0.000000e+00 1.000000e+00
    outer loop
      vertex   9.944332e+01 2.189742e+02 2.000000e+00
      vertex   1.500000e+02 2.075000e+02 2.000000e+00
      vertex   1.006685e+02 2.219638e+02 2.000000e+00
    endloop
  endfacet
  facet normal -0.000000e+00 0.000000e+00 1.000000e+00
    outer loop
      vertex   1.006685e+02 2.219638e+02 2.000000e+00
      vertex   1.500000e+02 2.075000e+02 2.000000e+00
      vertex   1.020704e+02 2.248747e+02 2.000000e+00
    endloop
  endfacet
  facet normal -0.000000e+00 0.000000e+00 1.000000e+00
    outer loop
      vertex   1.020704e+02 2.248747e+02 2.000000e+00
      vertex   1.500000e+02 2.075000e+02 2.000000e+00
      vertex   1.036438e+02 2.276966e+02 2.000000e+00
    endloop
  endfacet
  facet normal -0.000000e+00 0.000000e+00 1.000000e+00
    outer loop
      vertex   1.036438e+02 2.276966e+02 2.000000e+00
      vertex   1.500000e+02 2.075000e+02 2.000000e+00
      vertex   1.053831e+02 2.304193e+02 2.000000e+00
    endloop
  endfacet
  facet normal -0.000000e+00 0.000000e+00 1.000000e+00
    outer loop
      vertex   1.053831e+02 2.304193e+02 2.000000e+00
      vertex   1.500000e+02 2.075000e+02 2.000000e+00
      vertex   1.072822e+02 2.330331e+02 2.000000e+00
    endloop
  endfacet
  facet normal -0.000000e+00 0.000000e+00 1.000000e+00
    outer loop
      vertex   1.072822e+02 2.330331e+02 2.000000e+00
      vertex   1.500000e+02 2.075000e+02 2.000000e+00
      vertex   1.093341e+02 2.355287e+02 2.000000e+00
    endloop
  endfacet
  facet normal -0.000000e+00 0.000000e+00 1.000000e+00
    outer loop
      vertex   1.093341e+02 2.355287e+02 2.000000e+00
      vertex   1.500000e+02 2.075000e+02 2.000000e+00
      vertex   1.115317e+02 2.378971e+02 2.000000e+00
    endloop
  endfacet
  facet normal -0.000000e+00 0.000000e+00 1.000000e+00
    outer loop
      vertex   1.115317e+02 2.378971e+02 2.000000e+00
      vertex   1.500000e+02 2.075000e+02 2.000000e+00
      vertex   1.138669e+02 2.401298e+02 2.000000e+00
    endloop
  endfacet
  facet normal -0.000000e+00 0.000000e+00 1.000000e+00
    outer loop
      vertex   1.138669e+02 2.401298e+02 2.000000e+00
      vertex   1.500000e+02 2.075000e+02 2.000000e+00
      vertex   1.163316e+02 2.422189e+02 2.000000e+00
    endloop
  endfacet
  facet normal -0.000000e+00 0.000000e+00 1.000000e+00
    outer loop
      vertex   1.163316e+02 2.422189e+02 2.000000e+00
      vertex   1.500000e+02 2.075000e+02 2.000000e+00
      vertex   1.189167e+02 2.441568e+02 2.000000e+00
    endloop
  endfacet
  facet normal 0.000000e+00 0.000000e+00 1.000000e+00
    outer loop
      vertex   1.189167e+02 2.441568e+02 2.000000e+00
      vertex   1.500000e+02 2.075000e+02 2.000000e+00
      vertex   2.033969e+02 2.080483e+02 2.000000e+00
    endloop
  endfacet
  facet normal -0.000000e+00 0.000000e+00 1.000000e+00
    outer loop
      vertex   1.189167e+02 2.441568e+02 2.000000e+00
      vertex   2.033969e+02 2.080483e+02 2.000000e+00
      vertex   1.216131e+02 2.459367e+02 2.000000e+00
    endloop
  endfacet
  facet normal -0.000000e+00 0.000000e+00 1.000000e+00
    outer loop
      vertex   1.216131e+02 2.459367e+02 2.000000e+00
      vertex   2.033969e+02 2.080483e+02 2.000000e+00
      vertex   1.244111e+02 2.475522e+02 2.000000e+00
    endloop
  endfacet
  facet normal -0.000000e+00 0.000000e+00 1.000000e+00
    outer loop
      vertex   1.244111e+02 2.475522e+02 2.000000e+00
      vertex   2.033969e+02 2.080483e+02 2.000000e+00
      vertex   1.273007e+02 2.489974e+02 2.000000e+00
    endloop
  endfacet
  facet normal -0.000000e+00 0.000000e+00 1.000000e+00
    outer loop
      vertex   1.273007e+02 2.489974e+02 2.000000e+00
      vertex   2.033969e+02 2.080483e+02 2.000000e+00
      vertex   1.302716e+02 2.502672e+02 2.000000e+00
    endloop
  endfacet
  facet normal -0.000000e+00 0.000000e+00 1.000000e+00
    outer loop
      vertex   1.302716e+02 2.502672e+02 2.000000e+00
      vertex   2.033969e+02 2.080483e+02 2.000000e+00
      vertex   1.333131e+02 2.513571e+02 2.000000e+00
    endloop
  endfacet
  facet normal -0.000000e+00 0.000000e+00 1.000000e+00
    outer loop
      vertex   1.333131e+02 2.513571e+02 2.000000e+00
      vertex   2.033969e+02 2.080483e+02 2.000000e+00
      vertex   1.364143e+02 2.522631e+02 2.000000e+00
    endloop
  endfacet
  facet normal -0.000000e+00 0.000000e+00 1.000000e+00
    outer loop
      vertex   1.364143e+02 2.522631e+02 2.000000e+00
      vertex   2.033969e+02 2.080483e+02 2.000000e+00
      vertex   1.395642e+02 2.529820e+02 2.000000e+00
    endloop
  endfacet
  facet normal -0.000000e+00 0.000000e+00 1.000000e+00
    outer loop
      vertex   1.395642e+02 2.529820e+02 2.000000e+00
      vertex   2.033969e+02 2.080483e+02 2.000000e+00
      vertex   1.427514e+02 2.535113e+02 2.000000e+00
    endloop
  endfacet
  facet normal -0.000000e+00 0.000000e+00 1.000000e+00
    outer loop
      vertex   1.427514e+02 2.535113e+02 2.000000e+00
      vertex   2.033969e+02 2.080483e+02 2.000000e+00
      vertex   1.459646e+02 2.538490e+02 2.000000e+00
    endloop
  endfacet
  facet normal -0.000000e+00 0.000000e+00 1.000000e+00
    outer loop
      vertex   1.459646e+02 2.538490e+02 2.000000e+00
      vertex   2.033969e+02 2.080483e+02 2.000000e+00
      vertex   1.491922e+02 2.539940e+02 2.000000e+00
    endloop
  endfacet
  facet normal 0.000000e+00 0.000000e+00 1.000000e+00
    outer loop
      vertex   1.491922e+02 2.539940e+02 2.000000e+00
      vertex   2.033969e+02 2.080483e+02 2.000000e+00
      vertex   1.524227e+02 2.539456e+02 2.000000e+00
    endloop
  endfacet
  facet normal 0.000000e+00 0.000000e+00 1.000000e+00
    outer loop
      vertex   1.524227e+02 2.539456e+02 2.000000e+00
      vertex   2.033969e+02 2.080483e+02 2.000000e+00
      vertex   1.556445e+02 2.537042e+02 2.000000e+00
    endloop
  endfacet
  facet normal 0.000000e+00 0.000000e+00 1.000000e+00
    outer loop
      vertex   1.556445e+02 2.537042e+02 2.000000e+00
      vertex   2.033969e+02 2.080483e+02 2.000000e+00
      vertex   1.588462e+02 2.532705e+02 2.000000e+00
    endloop
  endfacet
  facet normal 0.000000e+00 0.000000e+00 1.000000e+00
    outer loop
      vertex   1.588462e+02 2.532705e+02 2.000000e+00
      vertex   2.033969e+02 2.080483e+02 2.000000e+00
      vertex   1.620161e+02 2.526461e+02 2.000000e+00
    endloop
  endfacet
  facet normal 0.000000e+00 0.000000e+00 1.000000e+00
    outer loop
      vertex   1.620161e+02 2.526461e+02 2.000000e+00
      vertex   2.033969e+02 2.080483e+02 2.000000e+00
      vertex   1.651431e+02 2.518333e+02 2.000000e+00
    endloop
  endfacet
  facet normal 0.000000e+00 0.000000e+00 1.000000e+00
    outer loop
      vertex   1.651431e+02 2.518333e+02 2.000000e+00
      vertex   2.033969e+02 2.080483e+02 2.000000e+00
      vertex   1.682158e+02 2.508349e+02 2.000000e+00
    endloop
  endfacet
  facet normal 0.000000e+00 0.000000e+00 1.000000e+00
    outer loop
      vertex   1.682158e+02 2.508349e+02 2.000000e+00
      vertex   2.033969e+02 2.080483e+02 2.000000e+00
      vertex   1.712234e+02 2.496545e+02 2.000000e+00
    endloop
  endfacet
  facet normal 0.000000e+00 0.000000e+00 1.000000e+00
    outer loop
      vertex   1.712234e+02 2.496545e+02 2.000000e+00
      vertex   2.033969e+02 2.080483e+02 2.000000e+00
      vertex   1.741549e+02 2.482964e+02 2.000000e+00
    endloop
  endfacet
  facet normal 0.000000e+00 0.000000e+00 1.000000e+00
    outer loop
      vertex   1.741549e+02 2.482964e+02 2.000000e+00
      vertex   2.033969e+02 2.080483e+02 2.000000e+00
      vertex   1.770000e+02 2.467654e+02 2.000000e+00
    endloop
  endfacet
  facet normal 0.000000e+00 0.000000e+00 1.000000e+00
    outer loop
      vertex   1.770000e+02 2.467654e+02 2.000000e+00
      vertex   2.033969e+02 2.080483e+02 2.000000e+00
      vertex   1.797484e+02 2.450670e+02 2.000000e+00
    endloop
  endfacet
  facet normal 0.000000e+00 0.000000e+00 1.000000e+00
    outer loop
      vertex   1.797484e+02 2.450670e+02 2.000000e+00
      vertex   2.033969e+02 2.080483e+02 2.000000e+00
      vertex   1.823904e+02 2.432072e+02 2.000000e+00
    endloop
  endfacet
  facet normal 0.000000e+00 0.000000e+00 1.000000e+00
    outer loop
      vertex   1.823904e+02 2.432072e+02 2.000000e+00
      vertex   2.033969e+02 2.080483e+02 2.000000e+00
      vertex   1.849164e+02 2.411928e+02 2.000000e+00
    endloop
  endfacet
  facet normal 0.000000e+00 0.000000e+00 1.000000e+00
    outer loop
      vertex   1.849164e+02 2.411928e+02 2.000000e+00
      vertex   2.033969e+02 2.080483e+02 2.000000e+00
      vertex   1.873174e+02 2.390309e+02 2.000000e+00
    endloop
  endfacet
  facet normal 0.000000e+00 0.000000e+00 1.000000e+00
    outer loop
      vertex   1.873174e+02 2.390309e+02 2.000000e+00
      vertex   2.033969e+02 2.080483e+02 2.000000e+00
      vertex   1.895848e+02 2.367293e+02 2.000000e+00
    endloop
  endfacet
  facet normal 0.000000e+00 0.000000e+00 1.000000e+00
    outer loop
      vertex   1.895848e+02 2.367293e+02 2.000000e+00
      vertex   2.033969e+02 2.080483e+02 2.000000e+00
      vertex   1.917105e+02 2.342963e+02 2.000000e+00
    endloop
  endfacet
  facet normal 0.000000e+00 0.000000e+00 1.000000e+00
    outer loop
      vertex   1.917105e+02 2.342963e+02 2.000000e+00
      vertex   2.033969e+02 2.080483e+02 2.000000e+00
      vertex   1.936869e+02 2.317404e+02 2.000000e+00
    endloop
  endfacet
  facet normal 0.000000e+00 0.000000e+00 1.000000e+00
    outer loop
      vertex   1.936869e+02 2.317404e+02 2.000000e+00
      vertex   2.033969e+02 2.080483e+02 2.000000e+00
      vertex   1.955069e+02 2.290709e+02 2.000000e+00
    endloop
  endfacet
  facet normal 0.000000e+00 0.000000e+00 1.000000e+00
    outer loop
      vertex   1.955069e+02 2.290709e+02 2.000000e+00
      vertex   2.033969e+02 2.080483e+02 2.000000e+00
      vertex   1.971640e+02 2.262974e+02 2.000000e+00
    endloop
  endfacet
  facet normal 0.000000e+00 0.000000e+00 1.000000e+00
    outer loop
      vertex   1.971640e+02 2.262974e+02 2.000000e+00
      vertex   2.033969e+02 2.080483e+02 2.000000e+00
      vertex   1.986523e+02 2.234297e+02 2.000000e+00
    endloop
  endfacet
  facet normal 0.000000e+00 0.000000e+00 1.000000e+00
    outer loop
      vertex   1.986523e+02 2.234297e+02 2.000000e+00
      vertex   2.033969e+02 2.080483e+02 2.000000e+00
      vertex   1.999664e+02 2.204782e+02 2.000000e+00
    endloop
  endfacet
  facet normal 0.000000e+00 0.000000e+00 1.000000e+00
    outer loop
      vertex   1.999664e+02 2.204782e+02 2.000000e+00
      vertex   2.033969e+02 2.080483e+02 2.000000e+00
      vertex   2.011017e+02 2.174533e+02 2.000000e+00
    endloop
  endfacet
  facet normal 0.000000e+00 0.000000e+00 1.000000e+00
    outer loop
      vertex   2.011017e+02 2.174533e+02 2.000000e+00
      vertex   2.033969e+02 2.080483e+02 2.000000e+00
      vertex   2.020540e+02 2.143660e+02 2.000000e+00
    endloop
  endfacet
  facet normal 0.000000e+00 0.000000e+00 1.000000e+00
    outer loop
      vertex   2.020540e+02 2.143660e+02 2.000000e+00
      vertex   2.033969e+02 2.080483e+02 2.000000e+00
      vertex   2.028200e+02 2.112272e+02 2.000000e+00
    endloop
  endfacet
  facet normal -0.000000e+00 0.000000e+00 1.000000e+00
    outer loop
      vertex   1.500000e+02 2.075000e+02 2.000000e+00
      vertex   1.511733e+02 2.074077e+02 2.000000e+00
      vertex   2.033969e+02 2.080483e+02 2.000000e+00
    endloop
  endfacet
  facet normal 0.000000e+00 0.000000e+00 1.000000e+00
    outer loop
      vertex   2.033969e+02 2.080483e+02 2.000000e+00
      vertex   1.511733e+02 2.074077e+02 2.000000e+00
      vertex   1.523176e+02 2.071329e+02 2.000000e+00
    endloop
  endfacet
  facet normal 0.000000e+00 0.000000e+00 1.000000e+00
    outer loop
      vertex   2.033969e+02 2.080483e+02 2.000000e+00
      vertex   1.523176e+02 2.071329e+02 2.000000e+00
      vertex   1.534049e+02 2.066825e+02 2.000000e+00
    endloop
  endfacet
  facet normal -0.000000e+00 0.000000e+00 1.000000e+00
    outer loop
      vertex   1.534049e+02 2.066825e+02 2.000000e+00
      vertex   1.544084e+02 2.060676e+02 2.000000e+00
      vertex   2.033969e+02 2.080483e+02 2.000000e+00
    endloop
  endfacet
  facet normal 0.000000e+00 0.000000e+00 1.000000e+00
    outer loop
      vertex   2.033969e+02 2.080483e+02 2.000000e+00
      vertex   1.544084e+02 2.060676e+02 2.000000e+00
      vertex   1.553033e+02 2.053033e+02 2.000000e+00
    endloop
  endfacet
  facet normal 0.000000e+00 0.000000e+00 1.000000e+00
    outer loop
      vertex   2.033969e+02 2.080483e+02 2.000000e+00
      vertex   1.553033e+02 2.053033e+02 2.000000e+00
      vertex   1.560676e+02 2.044084e+02 2.000000e+00
    endloop
  endfacet
  facet normal -0.000000e+00 0.000000e+00 1.000000e+00
    outer loop
      vertex   1.560676e+02 2.044084e+02 2.000000e+00
      vertex   1.566825e+02 2.034049e+02 2.000000e+00
      vertex   2.033969e+02 2.080483e+02 2.000000e+00
    endloop
  endfacet
  facet normal 0.000000e+00 0.000000e+00 1.000000e+00
    outer loop
      vertex   2.033969e+02 2.080483e+02 2.000000e+00
      vertex   1.566825e+02 2.034049e+02 2.000000e+00
      vertex   1.571329e+02 2.023176e+02 2.000000e+00
    endloop
  endfacet
  facet normal 0.000000e+00 0.000000e+00 1.000000e+00
    outer loop
      vertex   2.033969e+02 2.080483e+02 2.000000e+00
      vertex   1.571329e+02 2.023176e+02 2.000000e+00
      vertex   1.574077e+02 2.011733e+02 2.000000e+00
    endloop
  endfacet
  facet normal 0.000000e+00 0.000000e+00 1.000000e+00
    outer loop
      vertex   2.033969e+02 2.080483e+02 2.000000e+00
      vertex   1.574077e+02 2.011733e+02 2.000000e+00
      vertex   2.037826e+02 2.048405e+02 2.000000e+00
    endloop
  endfacet
  facet normal 0.000000e+00 0.000000e+00 1.000000e+00
    outer loop
      vertex   2.037826e+02 2.048405e+02 2.000000e+00
      vertex   1.574077e+02 2.011733e+02 2.000000e+00
      vertex   1.575000e+02 2.000000e+02 2.000000e+00
    endloop
  endfacet
  facet normal 0.000000e+00 0.000000e+00 1.000000e+00
    outer loop
      vertex   2.037826e+02 2.048405e+02 2.000000e+00
      vertex   1.575000e+02 2.000000e+02 2.000000e+00
      vertex   2.039758e+02 2.016154e+02 2.000000e+00
    endloop
  endfacet
  facet normal 0.000000e+00 0.000000e+00 1.000000e+00
    outer loop
      vertex   2.039758e+02 2.016154e+02 2.000000e+00
      vertex   1.575000e+02 2.000000e+02 2.000000e+00
      vertex   2.039758e+02 1.983846e+02 2.000000e+00
    endloop
  endfacet
  facet normal 0.000000e+00 0.000000e+00 1.000000e+00
    outer loop
      vertex   2.039758e+02 1.983846e+02 2.000000e+00
      vertex   1.575000e+02 2.000000e+02 2.000000e+00
      vertex   2.037826e+02 1.951595e+02 2.000000e+00
    endloop
  endfacet
  facet normal 0.000000e+00 0.000000e+00 1.000000e+00
    outer loop
      vertex   2.037826e+02 1.951595e+02 2.000000e+00
      vertex   1.575000e+02 2.000000e+02 2.000000e+00
      vertex   1.574077e+02 1.988267e+02 2.000000e+00
    endloop
  endfacet
  facet normal 0.000000e+00 0.000000e+00 1.000000e+00
    outer loop
      vertex   2.037826e+02 1.951595e+02 2.000000e+00
      vertex   1.574077e+02 1.988267e+02 2.000000e+00
      vertex   2.033969e+02 1.919517e+02 2.000000e+00
    endloop
  endfacet
  facet normal 0.000000e+00 0.000000e+00 1.000000e+00
    outer loop
      vertex   2.033969e+02 1.919517e+02 2.000000e+00
      vertex   1.574077e+02 1.988267e+02 2.000000e+00
      vertex   1.571329e+02 1.976824e+02 2.000000e+00
    endloop
  endfacet
  facet normal 0.000000e+00 0.000000e+00 1.000000e+00
    outer loop
      vertex   2.033969e+02 1.919517e+02 2.000000e+00
      vertex   1.571329e+02 1.976824e+02 2.000000e+00
      vertex   1.566825e+02 1.965951e+02 2.000000e+00
    endloop
  endfacet
  facet normal 0.000000e+00 0.000000e+00 1.000000e+00
    outer loop
      vertex   1.566825e+02 1.965951e+02 2.000000e+00
      vertex   1.560676e+02 1.955916e+02 2.000000e+00
      vertex   2.033969e+02 1.919517e+02 2.000000e+00
    endloop
  endfacet
  facet normal 0.000000e+00 0.000000e+00 1.000000e+00
    outer loop
      vertex   2.033969e+02 1.919517e+02 2.000000e+00
      vertex   1.560676e+02 1.955916e+02 2.000000e+00
      vertex   1.553033e+02 1.946967e+02 2.000000e+00
    endloop
  endfacet
  facet normal 0.000000e+00 0.000000e+00 1.000000e+00
    outer loop
      vertex   2.033969e+02 1.919517e+02 2.000000e+00
      vertex   1.553033e+02 1.946967e+02 2.000000e+00
      vertex   1.544084e+02 1.939324e+02 2.000000e+00
    endloop
  endfacet
  facet normal 0.000000e+00 0.000000e+00 1.000000e+00
    outer loop
      vertex   1.544084e+02 1.939324e+02 2.000000e+00
      vertex   1.534049e+02 1.933175e+02 2.000000e+00
      vertex   2.033969e+02 1.919517e+02 2.000000e+00
    endloop
  endfacet
  facet normal 0.000000e+00 0.000000e+00 1.000000e+00
    outer loop
      vertex   2.033969e+02 1.919517e+02 2.000000e+00
      vertex   1.534049e+02 1.933175e+02 2.000000e+00
      vertex   1.523176e+02 1.928671e+02 2.000000e+00
    endloop
  endfacet
  facet normal 0.000000e+00 0.000000e+00 1.000000e+00
    outer loop
      vertex   2.033969e+02 1.919517e+02 2.000000e+00
      vertex   1.523176e+02 1.928671e+02 2.000000e+00
      vertex   1.511733e+02 1.925923e+02 2.000000e+00
    endloop
  endfacet
  facet normal 0.000000e+00 0.000000e+00 1.000000e+00
    outer loop
      vertex   1.511733e+02 1.925923e+02 2.000000e+00
      vertex   1.500000e+02 1.925000e+02 2.000000e+00
      vertex   2.033969e+02 1.919517e+02 2.000000e+00
    endloop
  endfacet
  facet normal 0.000000e+00 0.000000e+00 1.000000e+00
    outer loop
      vertex   2.033969e+02 1.919517e+02 2.000000e+00
      vertex   1.500000e+02 1.925000e+02 2.000000e+00
      vertex   9.686780e+01 1.903579e+02 2.000000e+00
    endloop
  endfacet
  facet normal 0.000000e+00 0.000000e+00 1.000000e+00
    outer loop
      vertex   2.033969e+02 1.919517e+02 2.000000e+00
      vertex   9.686780e+01 1.903579e+02 2.000000e+00
      vertex   2.028200e+02 1.887728e+02 2.000000e+00
    endloop
  endfacet
  facet normal 0.000000e+00 0.000000e+00 1.000000e+00
    outer loop
      vertex   2.028200e+02 1.887728e+02 2.000000e+00
      vertex   9.686780e+01 1.903579e+02 2.000000e+00
      vertex   9.753954e+01 1.871977e+02 2.000000e+00
    endloop
  endfacet
  facet normal 0.000000e+00 0.000000e+00 1.000000e+00
    outer loop
      vertex   2.028200e+02 1.887728e+02 2.000000e+00
      vertex   9.753954e+01 1.871977e+02 2.000000e+00
      vertex   2.020540e+02 1.856340e+02 2.000000e+00
    endloop
  endfacet
  facet normal 0.000000e+00 0.000000e+00 1.000000e+00
    outer loop
      vertex   2.020540e+02 1.856340e+02 2.000000e+00
      vertex   9.753954e+01 1.871977e+02 2.000000e+00
      vertex   9.839907e+01 1.840832e+02 2.000000e+00
    endloop
  endfacet
  facet normal 0.000000e+00 0.000000e+00 1.000000e+00
    outer loop
      vertex   2.020540e+02 1.856340e+02 2.000000e+00
      vertex   9.839907e+01 1.840832e+02 2.000000e+00
      vertex   2.011017e+02 1.825467e+02 2.000000e+00
    endloop
  endfacet
  facet normal 0.000000e+00 0.000000e+00 1.000000e+00
    outer loop
      vertex   2.011017e+02 1.825467e+02 2.000000e+00
      vertex   9.839907e+01 1.840832e+02 2.000000e+00
      vertex   9.944332e+01 1.810258e+02 2.000000e+00
    endloop
  endfacet
  facet normal 0.000000e+00 0.000000e+00 1.000000e+00
    outer loop
      vertex   2.011017e+02 1.825467e+02 2.000000e+00
      vertex   9.944332e+01 1.810258e+02 2.000000e+00
      vertex   1.999664e+02 1.795218e+02 2.000000e+00
    endloop
  endfacet
  facet normal 0.000000e+00 0.000000e+00 1.000000e+00
    outer loop
      vertex   1.999664e+02 1.795218e+02 2.000000e+00
      vertex   9.944332e+01 1.810258e+02 2.000000e+00
      vertex   1.006685e+02 1.780362e+02 2.000000e+00
    endloop
  endfacet
  facet normal 0.000000e+00 0.000000e+00 1.000000e+00
    outer loop
      vertex   1.999664e+02 1.795218e+02 2.000000e+00
      vertex   1.006685e+02 1.780362e+02 2.000000e+00
      vertex   1.986523e+02 1.765703e+02 2.000000e+00
    endloop
  endfacet
  facet normal 0.000000e+00 0.000000e+00 1.000000e+00
    outer loop
      vertex   1.986523e+02 1.765703e+02 2.000000e+00
      vertex   1.006685e+02 1.780362e+02 2.000000e+00
      vertex   1.020704e+02 1.751253e+02 2.000000e+00
    endloop
  endfacet
  facet normal 0.000000e+00 0.000000e+00 1.000000e+00
    outer loop
      vertex   1.986523e+02 1.765703e+02 2.000000e+00
      vertex   1.020704e+02 1.751253e+02 2.000000e+00
      vertex   1.971640e+02 1.737026e+02 2.000000e+00
    endloop
  endfacet
  facet normal 0.000000e+00 0.000000e+00 1.000000e+00
    outer loop
      vertex   1.971640e+02 1.737026e+02 2.000000e+00
      vertex   1.020704e+02 1.751253e+02 2.000000e+00
      vertex   1.036438e+02 1.723034e+02 2.000000e+00
    endloop
  endfacet
  facet normal 0.000000e+00 0.000000e+00 1.000000e+00
    outer loop
      vertex   1.971640e+02 1.737026e+02 2.000000e+00
      vertex   1.036438e+02 1.723034e+02 2.000000e+00
      vertex   1.955069e+02 1.709291e+02 2.000000e+00
    endloop
  endfacet
  facet normal 0.000000e+00 0.000000e+00 1.000000e+00
    outer loop
      vertex   1.955069e+02 1.709291e+02 2.000000e+00
      vertex   1.036438e+02 1.723034e+02 2.000000e+00
      vertex   1.053831e+02 1.695807e+02 2.000000e+00
    endloop
  endfacet
  facet normal 0.000000e+00 0.000000e+00 1.000000e+00
    outer loop
      vertex   1.955069e+02 1.709291e+02 2.000000e+00
      vertex   1.053831e+02 1.695807e+02 2.000000e+00
      vertex   1.936869e+02 1.682596e+02 2.000000e+00
    endloop
  endfacet
  facet normal 0.000000e+00 0.000000e+00 1.000000e+00
    outer loop
      vertex   1.936869e+02 1.682596e+02 2.000000e+00
      vertex   1.053831e+02 1.695807e+02 2.000000e+00
      vertex   1.072822e+02 1.669669e+02 2.000000e+00
    endloop
  endfacet
  facet normal 0.000000e+00 0.000000e+00 1.000000e+00
    outer loop
      vertex   1.936869e+02 1.682596e+02 2.000000e+00
      vertex   1.072822e+02 1.669669e+02 2.000000e+00
      vertex   1.917105e+02 1.657037e+02 2.000000e+00
    endloop
  endfacet
  facet normal 0.000000e+00 0.000000e+00 1.000000e+00
    outer loop
      vertex   1.917105e+02 1.657037e+02 2.000000e+00
      vertex   1.072822e+02 1.669669e+02 2.000000e+00
      vertex   1.093341e+02 1.644713e+02 2.000000e+00
    endloop
  endfacet
  facet normal 0.000000e+00 0.000000e+00 1.000000e+00
    outer loop
      vertex   1.917105e+02 1.657037e+02 2.000000e+00
      vertex   1.093341e+02 1.644713e+02 2.000000e+00
      vertex   1.895848e+02 1.632707e+02 2.000000e+00
    endloop
  endfacet
  facet normal 0.000000e+00 0.000000e+00 1.000000e+00
    outer loop
      vertex   1.895848e+02 1.632707e+02 2.000000e+00
      vertex   1.093341e+02 1.644713e+02 2.000000e+00
      vertex   1.115317e+02 1.621029e+02 2.000000e+00
    endloop
  endfacet
  facet normal 0.000000e+00 0.000000e+00 1.000000e+00
    outer loop
      vertex   1.895848e+02 1.632707e+02 2.000000e+00
      vertex   1.115317e+02 1.621029e+02 2.000000e+00
      vertex   1.873174e+02 1.609691e+02 2.000000e+00
    endloop
  endfacet
  facet normal 0.000000e+00 0.000000e+00 1.000000e+00
    outer loop
      vertex   1.873174e+02 1.609691e+02 2.000000e+00
      vertex   1.115317e+02 1.621029e+02 2.000000e+00
      vertex   1.138669e+02 1.598702e+02 2.000000e+00
    endloop
  endfacet
  facet normal 0.000000e+00 0.000000e+00 1.000000e+00
    outer loop
      vertex   1.873174e+02 1.609691e+02 2.000000e+00
      vertex   1.138669e+02 1.598702e+02 2.000000e+00
      vertex   1.849164e+02 1.588072e+02 2.000000e+00
    endloop
  endfacet
  facet normal 0.000000e+00 0.000000e+00 1.000000e+00
    outer loop
      vertex   1.849164e+02 1.588072e+02 2.000000e+00
      vertex   1.138669e+02 1.598702e+02 2.000000e+00
      vertex   1.163316e+02 1.577811e+02 2.000000e+00
    endloop
  endfacet
  facet normal 0.000000e+00 0.000000e+00 1.000000e+00
    outer loop
      vertex   1.849164e+02 1.588072e+02 2.000000e+00
      vertex   1.163316e+02 1.577811e+02 2.000000e+00
      vertex   1.823904e+02 1.567928e+02 2.000000e+00
    endloop
  endfacet
  facet normal 0.000000e+00 0.000000e+00 1.000000e+00
    outer loop
      vertex   1.823904e+02 1.567928e+02 2.000000e+00
      vertex   1.163316e+02 1.577811e+02 2.000000e+00
      vertex   1.189167e+02 1.558432e+02 2.000000e+00
    endloop
  endfacet
  facet normal 0.000000e+00 0.000000e+00 1.000000e+00
    outer loop
      vertex   1.823904e+02 1.567928e+02 2.000000e+00
      vertex   1.189167e+02 1.558432e+02 2.000000e+00
      vertex   1.797484e+02 1.549330e+02 2.000000e+00
    endloop
  endfacet
  facet normal 0.000000e+00 0.000000e+00 1.000000e+00
    outer loop
      vertex   1.797484e+02 1.549330e+02 2.000000e+00
      vertex   1.189167e+02 1.558432e+02 2.000000e+00
      vertex   1.216131e+02 1.540633e+02 2.000000e+00
    endloop
  endfacet
  facet normal 0.000000e+00 0.000000e+00 1.000000e+00
    outer loop
      vertex   1.797484e+02 1.549330e+02 2.000000e+00
      vertex   1.216131e+02 1.540633e+02 2.000000e+00
      vertex   1.770000e+02 1.532346e+02 2.000000e+00
    endloop
  endfacet
  facet normal 0.000000e+00 0.000000e+00 1.000000e+00
    outer loop
      vertex   1.770000e+02 1.532346e+02 2.000000e+00
      vertex   1.216131e+02 1.540633e+02 2.000000e+00
      vertex   1.244111e+02 1.524478e+02 2.000000e+00
    endloop
  endfacet
  facet normal 0.000000e+00 0.000000e+00 1.000000e+00
    outer loop
      vertex   1.770000e+02 1.532346e+02 2.000000e+00
      vertex   1.244111e+02 1.524478e+02 2.000000e+00
      vertex   1.741549e+02 1.517036e+02 2.000000e+00
    endloop
  endfacet
  facet normal 0.000000e+00 0.000000e+00 1.000000e+00
    outer loop
      vertex   1.741549e+02 1.517036e+02 2.000000e+00
      vertex   1.244111e+02 1.524478e+02 2.000000e+00
      vertex   1.273007e+02 1.510026e+02 2.000000e+00
    endloop
  endfacet
  facet normal 0.000000e+00 0.000000e+00 1.000000e+00
    outer loop
      vertex   1.741549e+02 1.517036e+02 2.000000e+00
      vertex   1.273007e+02 1.510026e+02 2.000000e+00
      vertex   1.712234e+02 1.503455e+02 2.000000e+00
    endloop
  endfacet
  facet normal 0.000000e+00 0.000000e+00 1.000000e+00
    outer loop
      vertex   1.712234e+02 1.503455e+02 2.000000e+00
      vertex   1.273007e+02 1.510026e+02 2.000000e+00
      vertex   1.302716e+02 1.497328e+02 2.000000e+00
    endloop
  endfacet
  facet normal 0.000000e+00 0.000000e+00 1.000000e+00
    outer loop
      vertex   1.712234e+02 1.503455e+02 2.000000e+00
      vertex   1.302716e+02 1.497328e+02 2.000000e+00
      vertex   1.682158e+02 1.491651e+02 2.000000e+00
    endloop
  endfacet
  facet normal 0.000000e+00 0.000000e+00 1.000000e+00
    outer loop
      vertex   1.682158e+02 1.491651e+02 2.000000e+00
      vertex   1.302716e+02 1.497328e+02 2.000000e+00
      vertex   1.333131e+02 1.486429e+02 2.000000e+00
    endloop
  endfacet
  facet normal 0.000000e+00 0.000000e+00 1.000000e+00
    outer loop
      vertex   1.682158e+02 1.491651e+02 2.000000e+00
      vertex   1.333131e+02 1.486429e+02 2.000000e+00
      vertex   1.651431e+02 1.481667e+02 2.000000e+00
    endloop
  endfacet
  facet normal 0.000000e+00 0.000000e+00 1.000000e+00
    outer loop
      vertex   1.651431e+02 1.481667e+02 2.000000e+00
      vertex   1.333131e+02 1.486429e+02 2.000000e+00
      vertex   1.364143e+02 1.477369e+02 2.000000e+00
    endloop
  endfacet
  facet normal 0.000000e+00 0.000000e+00 1.000000e+00
    outer loop
      vertex   1.651431e+02 1.481667e+02 2.000000e+00
      vertex   1.364143e+02 1.477369e+02 2.000000e+00
      vertex   1.620161e+02 1.473539e+02 2.000000e+00
    endloop
  endfacet
  facet normal 0.000000e+00 0.000000e+00 1.000000e+00
    outer loop
      vertex   1.620161e+02 1.473539e+02 2.000000e+00
      vertex   1.364143e+02 1.477369e+02 2.000000e+00
      vertex   1.395642e+02 1.470180e+02 2.000000e+00
    endloop
  endfacet
  facet normal 0.000000e+00 0.000000e+00 1.000000e+00
    outer loop
      vertex   1.620161e+02 1.473539e+02 2.000000e+00
      vertex   1.395642e+02 1.470180e+02 2.000000e+00
      vertex   1.588462e+02 1.467295e+02 2.000000e+00
    endloop
  endfacet
  facet normal 0.000000e+00 0.000000e+00 1.000000e+00
    outer loop
      vertex   1.588462e+02 1.467295e+02 2.000000e+00
      vertex   1.395642e+02 1.470180e+02 2.000000e+00
      vertex   1.427514e+02 1.464887e+02 2.000000e+00
    endloop
  endfacet
  facet normal 0.000000e+00 0.000000e+00 1.000000e+00
    outer loop
      vertex   1.588462e+02 1.467295e+02 2.000000e+00
      vertex   1.427514e+02 1.464887e+02 2.000000e+00
      vertex   1.556445e+02 1.462958e+02 2.000000e+00
    endloop
  endfacet
  facet normal 0.000000e+00 0.000000e+00 1.000000e+00
    outer loop
      vertex   1.556445e+02 1.462958e+02 2.000000e+00
      vertex   1.427514e+02 1.464887e+02 2.000000e+00
      vertex   1.459646e+02 1.461510e+02 2.000000e+00
    endloop
  endfacet
  facet normal 0.000000e+00 0.000000e+00 1.000000e+00
    outer loop
      vertex   1.556445e+02 1.462958e+02 2.000000e+00
      vertex   1.459646e+02 1.461510e+02 2.000000e+00
      vertex   1.524227e+02 1.460544e+02 2.000000e+00
    endloop
  endfacet
  facet normal 0.000000e+00 0.000000e+00 1.000000e+00
    outer loop
      vertex   1.524227e+02 1.460544e+02 2.000000e+00
      vertex   1.459646e+02 1.461510e+02 2.000000e+00
      vertex   1.491922e+02 1.460060e+02 2.000000e+00
    endloop
  endfacet
  facet normal 0.000000e+00 0.000000e+00 1.000000e+00
    outer loop
      vertex   1.500000e+02 1.925000e+02 2.000000e+00
      vertex   1.488267e+02 1.925923e+02 2.000000e+00
      vertex   9.686780e+01 1.903579e+02 2.000000e+00
    endloop
  endfacet
  facet normal 0.000000e+00 0.000000e+00 1.000000e+00
    outer loop
      vertex   9.686780e+01 1.903579e+02 2.000000e+00
      vertex   1.488267e+02 1.925923e+02 2.000000e+00
      vertex   1.476824e+02 1.928671e+02 2.000000e+00
    endloop
  endfacet
  facet normal 0.000000e+00 0.000000e+00 1.000000e+00
    outer loop
      vertex   9.686780e+01 1.903579e+02 2.000000e+00
      vertex   1.476824e+02 1.928671e+02 2.000000e+00
      vertex   1.465951e+02 1.933175e+02 2.000000e+00
    endloop
  endfacet
  facet normal 0.000000e+00 -0.000000e+00 1.000000e+00
    outer loop
      vertex   9.686780e+01 1.903579e+02 2.000000e+00
      vertex   1.465951e+02 1.933175e+02 2.000000e+00
      vertex   9.638627e+01 1.935527e+02 2.000000e+00
    endloop
  endfacet
  facet normal -0.000000e+00 0.000000e+00 1.000000e+00
    outer loop
      vertex   9.638627e+01 1.935527e+02 2.000000e+00
      vertex   1.465951e+02 1.933175e+02 2.000000e+00
      vertex   1.455916e+02 1.939324e+02 2.000000e+00
    endloop
  endfacet
  facet normal 0.000000e+00 0.000000e+00 1.000000e+00
    outer loop
      vertex   9.638627e+01 1.935527e+02 2.000000e+00
      vertex   1.455916e+02 1.939324e+02 2.000000e+00
      vertex   1.446967e+02 1.946967e+02 2.000000e+00
    endloop
  endfacet
  facet normal 0.000000e+00 0.000000e+00 1.000000e+00
    outer loop
      vertex   1.446967e+02 1.946967e+02 2.000000e+00
      vertex   1.439324e+02 1.955916e+02 2.000000e+00
      vertex   9.638627e+01 1.935527e+02 2.000000e+00
    endloop
  endfacet
  facet normal 0.000000e+00 0.000000e+00 1.000000e+00
    outer loop
      vertex   9.638627e+01 1.935527e+02 2.000000e+00
      vertex   1.439324e+02 1.955916e+02 2.000000e+00
      vertex   1.433175e+02 1.965951e+02 2.000000e+00
    endloop
  endfacet
  facet normal 0.000000e+00 -0.000000e+00 1.000000e+00
    outer loop
      vertex   9.638627e+01 1.935527e+02 2.000000e+00
      vertex   1.433175e+02 1.965951e+02 2.000000e+00
      vertex   9.609665e+01 1.967706e+02 2.000000e+00
    endloop
  endfacet
  facet normal -0.000000e+00 0.000000e+00 1.000000e+00
    outer loop
      vertex   9.609665e+01 1.967706e+02 2.000000e+00
      vertex   1.433175e+02 1.965951e+02 2.000000e+00
      vertex   1.428671e+02 1.976824e+02 2.000000e+00
    endloop
  endfacet
  facet normal 0.000000e+00 0.000000e+00 1.000000e+00
    outer loop
      vertex   9.609665e+01 1.967706e+02 2.000000e+00
      vertex   1.428671e+02 1.976824e+02 2.000000e+00
      vertex   1.425923e+02 1.988267e+02 2.000000e+00
    endloop
  endfacet
  facet normal 0.000000e+00 -0.000000e+00 1.000000e+00
    outer loop
      vertex   9.609665e+01 1.967706e+02 2.000000e+00
      vertex   1.425923e+02 1.988267e+02 2.000000e+00
      vertex   9.600000e+01 2.000000e+02 2.000000e+00
    endloop
  endfacet
  facet normal -0.000000e+00 0.000000e+00 -1.000000e+00
    outer loop
      vertex   1.425923e+02 1.988267e+02 0.000000e+00
      vertex   9.609665e+01 1.967706e+02 0.000000e+00
      vertex   1.425000e+02 2.000000e+02 0.000000e+00
    endloop
  endfacet
  facet normal -0.000000e+00 0.000000e+00 -1.000000e+00
    outer loop
      vertex   1.425000e+02 2.000000e+02 0.000000e+00
      vertex   9.609665e+01 1.967706e+02 0.000000e+00
      vertex   9.600000e+01 2.000000e+02 0.000000e+00
    endloop
  endfacet
  facet normal 0.000000e+00 0.000000e+00 -1.000000e+00
    outer loop
      vertex   1.425000e+02 2.000000e+02 0.000000e+00
      vertex   9.600000e+01 2.000000e+02 0.000000e+00
      vertex   1.425923e+02 2.011733e+02 0.000000e+00
    endloop
  endfacet
  facet normal -0.000000e+00 0.000000e+00 -1.000000e+00
    outer loop
      vertex   1.425923e+02 2.011733e+02 0.000000e+00
      vertex   9.600000e+01 2.000000e+02 0.000000e+00
      vertex   1.428671e+02 2.023176e+02 0.000000e+00
    endloop
  endfacet
  facet normal -0.000000e+00 0.000000e+00 -1.000000e+00
    outer loop
      vertex   1.428671e+02 2.023176e+02 0.000000e+00
      vertex   9.600000e+01 2.000000e+02 0.000000e+00
      vertex   9.609665e+01 2.032294e+02 0.000000e+00
    endloop
  endfacet
  facet normal 0.000000e+00 0.000000e+00 -1.000000e+00
    outer loop
      vertex   1.428671e+02 2.023176e+02 0.000000e+00
      vertex   9.609665e+01 2.032294e+02 0.000000e+00
      vertex   1.433175e+02 2.034049e+02 0.000000e+00
    endloop
  endfacet
  facet normal -0.000000e+00 0.000000e+00 -1.000000e+00
    outer loop
      vertex   1.433175e+02 2.034049e+02 0.000000e+00
      vertex   9.609665e+01 2.032294e+02 0.000000e+00
      vertex   1.439324e+02 2.044084e+02 0.000000e+00
    endloop
  endfacet
  facet normal -0.000000e+00 0.000000e+00 -1.000000e+00
    outer loop
      vertex   1.439324e+02 2.044084e+02 0.000000e+00
      vertex   9.609665e+01 2.032294e+02 0.000000e+00
      vertex   1.446967e+02 2.053033e+02 0.000000e+00
    endloop
  endfacet
  facet normal -0.000000e+00 0.000000e+00 -1.000000e+00
    outer loop
      vertex   1.446967e+02 2.053033e+02 0.000000e+00
      vertex   9.609665e+01 2.032294e+02 0.000000e+00
      vertex   1.455916e+02 2.060676e+02 0.000000e+00
    endloop
  endfacet
  facet normal -0.000000e+00 0.000000e+00 -1.000000e+00
    outer loop
      vertex   1.455916e+02 2.060676e+02 0.000000e+00
      vertex   9.609665e+01 2.032294e+02 0.000000e+00
      vertex   9.638627e+01 2.064473e+02 0.000000e+00
    endloop
  endfacet
  facet normal 0.000000e+00 0.000000e+00 -1.000000e+00
    outer loop
      vertex   1.455916e+02 2.060676e+02 0.000000e+00
      vertex   9.638627e+01 2.064473e+02 0.000000e+00
      vertex   1.465951e+02 2.066825e+02 0.000000e+00
    endloop
  endfacet
  facet normal -0.000000e+00 0.000000e+00 -1.000000e+00
    outer loop
      vertex   1.465951e+02 2.066825e+02 0.000000e+00
      vertex   9.638627e+01 2.064473e+02 0.000000e+00
      vertex   1.476824e+02 2.071329e+02 0.000000e+00
    endloop
  endfacet
  facet normal -0.000000e+00 0.000000e+00 -1.000000e+00
    outer loop
      vertex   1.476824e+02 2.071329e+02 0.000000e+00
      vertex   9.638627e+01 2.064473e+02 0.000000e+00
      vertex   1.488267e+02 2.074077e+02 0.000000e+00
    endloop
  endfacet
  facet normal -0.000000e+00 0.000000e+00 -1.000000e+00
    outer loop
      vertex   1.488267e+02 2.074077e+02 0.000000e+00
      vertex   9.638627e+01 2.064473e+02 0.000000e+00
      vertex   1.500000e+02 2.075000e+02 0.000000e+00
    endloop
  endfacet
  facet normal -0.000000e+00 0.000000e+00 -1.000000e+00
    outer loop
      vertex   1.500000e+02 2.075000e+02 0.000000e+00
      vertex   9.638627e+01 2.064473e+02 0.000000e+00
      vertex   9.686780e+01 2.096421e+02 0.000000e+00
    endloop
  endfacet
  facet normal 0.000000e+00 0.000000e+00 -1.000000e+00
    outer loop
      vertex   1.500000e+02 2.075000e+02 0.000000e+00
      vertex   9.686780e+01 2.096421e+02 0.000000e+00
      vertex   9.753954e+01 2.128023e+02 0.000000e+00
    endloop
  endfacet
  facet normal 0.000000e+00 -0.000000e+00 -1.000000e+00
    outer loop
      vertex   1.425923e+02 1.988267e+02 0.000000e+00
      vertex   1.428671e+02 1.976824e+02 0.000000e+00
      vertex   9.609665e+01 1.967706e+02 0.000000e+00
    endloop
  endfacet
  facet normal 0.000000e+00 0.000000e+00 -1.000000e+00
    outer loop
      vertex   9.609665e+01 1.967706e+02 0.000000e+00
      vertex   1.428671e+02 1.976824e+02 0.000000e+00
      vertex   1.433175e+02 1.965951e+02 0.000000e+00
    endloop
  endfacet
  facet normal 0.000000e+00 0.000000e+00 -1.000000e+00
    outer loop
      vertex   9.609665e+01 1.967706e+02 0.000000e+00
      vertex   1.433175e+02 1.965951e+02 0.000000e+00
      vertex   9.638627e+01 1.935527e+02 0.000000e+00
    endloop
  endfacet
  facet normal 0.000000e+00 0.000000e+00 -1.000000e+00
    outer loop
      vertex   9.638627e+01 1.935527e+02 0.000000e+00
      vertex   1.433175e+02 1.965951e+02 0.000000e+00
      vertex   1.439324e+02 1.955916e+02 0.000000e+00
    endloop
  endfacet
  facet normal 0.000000e+00 0.000000e+00 -1.000000e+00
    outer loop
      vertex   9.638627e+01 1.935527e+02 0.000000e+00
      vertex   1.439324e+02 1.955916e+02 0.000000e+00
      vertex   1.446967e+02 1.946967e+02 0.000000e+00
    endloop
  endfacet
  facet normal 0.000000e+00 -0.000000e+00 -1.000000e+00
    outer loop
      vertex   1.446967e+02 1.946967e+02 0.000000e+00
      vertex   1.455916e+02 1.939324e+02 0.000000e+00
      vertex   9.638627e+01 1.935527e+02 0.000000e+00
    endloop
  endfacet
  facet normal 0.000000e+00 0.000000e+00 -1.000000e+00
    outer loop
      vertex   9.638627e+01 1.935527e+02 0.000000e+00
      vertex   1.455916e+02 1.939324e+02 0.000000e+00
      vertex   1.465951e+02 1.933175e+02 0.000000e+00
    endloop
  endfacet
  facet normal 0.000000e+00 0.000000e+00 -1.000000e+00
    outer loop
      vertex   9.638627e+01 1.935527e+02 0.000000e+00
      vertex   1.465951e+02 1.933175e+02 0.000000e+00
      vertex   9.686780e+01 1.903579e+02 0.000000e+00
    endloop
  endfacet
  facet normal 0.000000e+00 0.000000e+00 -1.000000e+00
    outer loop
      vertex   9.686780e+01 1.903579e+02 0.000000e+00
      vertex   1.465951e+02 1.933175e+02 0.000000e+00
      vertex   1.476824e+02 1.928671e+02 0.000000e+00
    endloop
  endfacet
  facet normal 0.000000e+00 0.000000e+00 -1.000000e+00
    outer loop
      vertex   9.686780e+01 1.903579e+02 0.000000e+00
      vertex   1.476824e+02 1.928671e+02 0.000000e+00
      vertex   1.488267e+02 1.925923e+02 0.000000e+00
    endloop
  endfacet
  facet normal 0.000000e+00 -0.000000e+00 -1.000000e+00
    outer loop
      vertex   1.488267e+02 1.925923e+02 0.000000e+00
      vertex   1.500000e+02 1.925000e+02 0.000000e+00
      vertex   9.686780e+01 1.903579e+02 0.000000e+00
    endloop
  endfacet
  facet normal 0.000000e+00 0.000000e+00 -1.000000e+00
    outer loop
      vertex   9.686780e+01 1.903579e+02 0.000000e+00
      vertex   1.500000e+02 1.925000e+02 0.000000e+00
      vertex   2.033969e+02 1.919517e+02 0.000000e+00
    endloop
  endfacet
  facet normal 0.000000e+00 0.000000e+00 -1.000000e+00
    outer loop
      vertex   9.686780e+01 1.903579e+02 0.000000e+00
      vertex   2.033969e+02 1.919517e+02 0.000000e+00
      vertex   2.028200e+02 1.887728e+02 0.000000e+00
    endloop
  endfacet
  facet normal 0.000000e+00 0.000000e+00 -1.000000e+00
    outer loop
      vertex   1.500000e+02 1.925000e+02 0.000000e+00
      vertex   1.511733e+02 1.925923e+02 0.000000e+00
      vertex   2.033969e+02 1.919517e+02 0.000000e+00
    endloop
  endfacet
  facet normal 0.000000e+00 0.000000e+00 -1.000000e+00
    outer loop
      vertex   2.033969e+02 1.919517e+02 0.000000e+00
      vertex   1.511733e+02 1.925923e+02 0.000000e+00
      vertex   1.523176e+02 1.928671e+02 0.000000e+00
    endloop
  endfacet
  facet normal 0.000000e+00 0.000000e+00 -1.000000e+00
    outer loop
      vertex   2.033969e+02 1.919517e+02 0.000000e+00
      vertex   1.523176e+02 1.928671e+02 0.000000e+00
      vertex   1.534049e+02 1.933175e+02 0.000000e+00
    endloop
  endfacet
  facet normal 0.000000e+00 0.000000e+00 -1.000000e+00
    outer loop
      vertex   1.534049e+02 1.933175e+02 0.000000e+00
      vertex   1.544084e+02 1.939324e+02 0.000000e+00
      vertex   2.033969e+02 1.919517e+02 0.000000e+00
    endloop
  endfacet
  facet normal 0.000000e+00 0.000000e+00 -1.000000e+00
    outer loop
      vertex   2.033969e+02 1.919517e+02 0.000000e+00
      vertex   1.544084e+02 1.939324e+02 0.000000e+00
      vertex   1.553033e+02 1.946967e+02 0.000000e+00
    endloop
  endfacet
  facet normal 0.000000e+00 0.000000e+00 -1.000000e+00
    outer loop
      vertex   2.033969e+02 1.919517e+02 0.000000e+00
      vertex   1.553033e+02 1.946967e+02 0.000000e+00
      vertex   1.560676e+02 1.955916e+02 0.000000e+00
    endloop
  endfacet
  facet normal 0.000000e+00 0.000000e+00 -1.000000e+00
    outer loop
      vertex   1.560676e+02 1.955916e+02 0.000000e+00
      vertex   1.566825e+02 1.965951e+02 0.000000e+00
      vertex   2.033969e+02 1.919517e+02 0.000000e+00
    endloop
  endfacet
  facet normal 0.000000e+00 0.000000e+00 -1.000000e+00
    outer loop
      vertex   2.033969e+02 1.919517e+02 0.000000e+00
      vertex   1.566825e+02 1.965951e+02 0.000000e+00
      vertex   1.571329e+02 1.976824e+02 0.000000e+00
    endloop
  endfacet
  facet normal 0.000000e+00 0.000000e+00 -1.000000e+00
    outer loop
      vertex   2.033969e+02 1.919517e+02 0.000000e+00
      vertex   1.571329e+02 1.976824e+02 0.000000e+00
      vertex   1.574077e+02 1.988267e+02 0.000000e+00
    endloop
  endfacet
  facet normal 0.000000e+00 0.000000e+00 -1.000000e+00
    outer loop
      vertex   2.033969e+02 1.919517e+02 0.000000e+00
      vertex   1.574077e+02 1.988267e+02 0.000000e+00
      vertex   2.037826e+02 1.951595e+02 0.000000e+00
    endloop
  endfacet
  facet normal 0.000000e+00 0.000000e+00 -1.000000e+00
    outer loop
      vertex   2.037826e+02 1.951595e+02 0.000000e+00
      vertex   1.574077e+02 1.988267e+02 0.000000e+00
      vertex   1.575000e+02 2.000000e+02 0.000000e+00
    endloop
  endfacet
  facet normal 0.000000e+00 0.000000e+00 -1.000000e+00
    outer loop
      vertex   2.037826e+02 1.951595e+02 0.000000e+00
      vertex   1.575000e+02 2.000000e+02 0.000000e+00
      vertex   2.039758e+02 1.983846e+02 0.000000e+00
    endloop
  endfacet
  facet normal 0.000000e+00 0.000000e+00 -1.000000e+00
    outer loop
      vertex   2.039758e+02 1.983846e+02 0.000000e+00
      vertex   1.575000e+02 2.000000e+02 0.000000e+00
      vertex   2.039758e+02 2.016154e+02 0.000000e+00
    endloop
  endfacet
  facet normal -0.000000e+00 0.000000e+00 -1.000000e+00
    outer loop
      vertex   2.039758e+02 2.016154e+02 0.000000e+00
      vertex   1.575000e+02 2.000000e+02 0.000000e+00
      vertex   2.037826e+02 2.048405e+02 0.000000e+00
    endloop
  endfacet
  facet normal 0.000000e+00 0.000000e+00 -1.000000e+00
    outer loop
      vertex   2.037826e+02 2.048405e+02 0.000000e+00
      vertex   1.575000e+02 2.000000e+02 0.000000e+00
      vertex   1.574077e+02 2.011733e+02 0.000000e+00
    endloop
  endfacet
  facet normal -0.000000e+00 0.000000e+00 -1.000000e+00
    outer loop
      vertex   2.037826e+02 2.048405e+02 0.000000e+00
      vertex   1.574077e+02 2.011733e+02 0.000000e+00
      vertex   2.033969e+02 2.080483e+02 0.000000e+00
    endloop
  endfacet
  facet normal 0.000000e+00 0.000000e+00 -1.000000e+00
    outer loop
      vertex   2.033969e+02 2.080483e+02 0.000000e+00
      vertex   1.574077e+02 2.011733e+02 0.000000e+00
      vertex   1.571329e+02 2.023176e+02 0.000000e+00
    endloop
  endfacet
  facet normal 0.000000e+00 0.000000e+00 -1.000000e+00
    outer loop
      vertex   2.033969e+02 2.080483e+02 0.000000e+00
      vertex   1.571329e+02 2.023176e+02 0.000000e+00
      vertex   1.566825e+02 2.034049e+02 0.000000e+00
    endloop
  endfacet
  facet normal 0.000000e+00 0.000000e+00 -1.000000e+00
    outer loop
      vertex   1.566825e+02 2.034049e+02 0.000000e+00
      vertex   1.560676e+02 2.044084e+02 0.000000e+00
      vertex   2.033969e+02 2.080483e+02 0.000000e+00
    endloop
  endfacet
  facet normal 0.000000e+00 0.000000e+00 -1.000000e+00
    outer loop
      vertex   2.033969e+02 2.080483e+02 0.000000e+00
      vertex   1.560676e+02 2.044084e+02 0.000000e+00
      vertex   1.553033e+02 2.053033e+02 0.000000e+00
    endloop
  endfacet
  facet normal 0.000000e+00 0.000000e+00 -1.000000e+00
    outer loop
      vertex   2.033969e+02 2.080483e+02 0.000000e+00
      vertex   1.553033e+02 2.053033e+02 0.000000e+00
      vertex   1.544084e+02 2.060676e+02 0.000000e+00
    endloop
  endfacet
  facet normal 0.000000e+00 0.000000e+00 -1.000000e+00
    outer loop
      vertex   1.544084e+02 2.060676e+02 0.000000e+00
      vertex   1.534049e+02 2.066825e+02 0.000000e+00
      vertex   2.033969e+02 2.080483e+02 0.000000e+00
    endloop
  endfacet
  facet normal 0.000000e+00 0.000000e+00 -1.000000e+00
    outer loop
      vertex   2.033969e+02 2.080483e+02 0.000000e+00
      vertex   1.534049e+02 2.066825e+02 0.000000e+00
      vertex   1.523176e+02 2.071329e+02 0.000000e+00
    endloop
  endfacet
  facet normal 0.000000e+00 0.000000e+00 -1.000000e+00
    outer loop
      vertex   2.033969e+02 2.080483e+02 0.000000e+00
      vertex   1.523176e+02 2.071329e+02 0.000000e+00
      vertex   1.511733e+02 2.074077e+02 0.000000e+00
    endloop
  endfacet
  facet normal 0.000000e+00 0.000000e+00 -1.000000e+00
    outer loop
      vertex   1.511733e+02 2.074077e+02 0.000000e+00
      vertex   1.500000e+02 2.075000e+02 0.000000e+00
      vertex   2.033969e+02 2.080483e+02 0.000000e+00
    endloop
  endfacet
  facet normal -0.000000e+00 0.000000e+00 -1.000000e+00
    outer loop
      vertex   2.033969e+02 2.080483e+02 0.000000e+00
      vertex   1.500000e+02 2.075000e+02 0.000000e+00
      vertex   1.189167e+02 2.441568e+02 0.000000e+00
    endloop
  endfacet
  facet normal 0.000000e+00 0.000000e+00 -1.000000e+00
    outer loop
      vertex   2.033969e+02 2.080483e+02 0.000000e+00
      vertex   1.189167e+02 2.441568e+02 0.000000e+00
      vertex   1.216131e+02 2.459367e+02 0.000000e+00
    endloop
  endfacet
  facet normal 0.000000e+00 0.000000e+00 -1.000000e+00
    outer loop
      vertex   9.753954e+01 2.128023e+02 0.000000e+00
      vertex   9.839907e+01 2.159168e+02 0.000000e+00
      vertex   1.500000e+02 2.075000e+02 0.000000e+00
    endloop
  endfacet
  facet normal 0.000000e+00 0.000000e+00 -1.000000e+00
    outer loop
      vertex   1.500000e+02 2.075000e+02 0.000000e+00
      vertex   9.839907e+01 2.159168e+02 0.000000e+00
      vertex   9.944332e+01 2.189742e+02 0.000000e+00
    endloop
  endfacet
  facet normal 0.000000e+00 0.000000e+00 -1.000000e+00
    outer loop
      vertex   1.500000e+02 2.075000e+02 0.000000e+00
      vertex   9.944332e+01 2.189742e+02 0.000000e+00
      vertex   1.006685e+02 2.219638e+02 0.000000e+00
    endloop
  endfacet
  facet normal 0.000000e+00 0.000000e+00 -1.000000e+00
    outer loop
      vertex   1.006685e+02 2.219638e+02 0.000000e+00
      vertex   1.020704e+02 2.248747e+02 0.000000e+00
      vertex   1.500000e+02 2.075000e+02 0.000000e+00
    endloop
  endfacet
  facet normal 0.000000e+00 0.000000e+00 -1.000000e+00
    outer loop
      vertex   1.500000e+02 2.075000e+02 0.000000e+00
      vertex   1.020704e+02 2.248747e+02 0.000000e+00
      vertex   1.036438e+02 2.276966e+02 0.000000e+00
    endloop
  endfacet
  facet normal 0.000000e+00 0.000000e+00 -1.000000e+00
    outer loop
      vertex   1.500000e+02 2.075000e+02 0.000000e+00
      vertex   1.036438e+02 2.276966e+02 0.000000e+00
      vertex   1.053831e+02 2.304193e+02 0.000000e+00
    endloop
  endfacet
  facet normal 0.000000e+00 0.000000e+00 -1.000000e+00
    outer loop
      vertex   1.053831e+02 2.304193e+02 0.000000e+00
      vertex   1.072822e+02 2.330331e+02 0.000000e+00
      vertex   1.500000e+02 2.075000e+02 0.000000e+00
    endloop
  endfacet
  facet normal 0.000000e+00 0.000000e+00 -1.000000e+00
    outer loop
      vertex   1.500000e+02 2.075000e+02 0.000000e+00
      vertex   1.072822e+02 2.330331e+02 0.000000e+00
      vertex   1.093341e+02 2.355287e+02 0.000000e+00
    endloop
  endfacet
  facet normal 0.000000e+00 0.000000e+00 -1.000000e+00
    outer loop
      vertex   1.500000e+02 2.075000e+02 0.000000e+00
      vertex   1.093341e+02 2.355287e+02 0.000000e+00
      vertex   1.115317e+02 2.378971e+02 0.000000e+00
    endloop
  endfacet
  facet normal 0.000000e+00 0.000000e+00 -1.000000e+00
    outer loop
      vertex   1.115317e+02 2.378971e+02 0.000000e+00
      vertex   1.138669e+02 2.401298e+02 0.000000e+00
      vertex   1.500000e+02 2.075000e+02 0.000000e+00
    endloop
  endfacet
  facet normal 0.000000e+00 0.000000e+00 -1.000000e+00
    outer loop
      vertex   1.500000e+02 2.075000e+02 0.000000e+00
      vertex   1.138669e+02 2.401298e+02 0.000000e+00
      vertex   1.163316e+02 2.422189e+02 0.000000e+00
    endloop
  endfacet
  facet normal 0.000000e+00 0.000000e+00 -1.000000e+00
    outer loop
      vertex   1.500000e+02 2.075000e+02 0.000000e+00
      vertex   1.163316e+02 2.422189e+02 0.000000e+00
      vertex   1.189167e+02 2.441568e+02 0.000000e+00
    endloop
  endfacet
  facet normal 0.000000e+00 0.000000e+00 -1.000000e+00
    outer loop
      vertex   1.216131e+02 2.459367e+02 0.000000e+00
      vertex   1.244111e+02 2.475522e+02 0.000000e+00
      vertex   2.033969e+02 2.080483e+02 0.000000e+00
    endloop
  endfacet
  facet normal 0.000000e+00 0.000000e+00 -1.000000e+00
    outer loop
      vertex   2.033969e+02 2.080483e+02 0.000000e+00
      vertex   1.244111e+02 2.475522e+02 0.000000e+00
      vertex   1.273007e+02 2.489974e+02 0.000000e+00
    endloop
  endfacet
  facet normal 0.000000e+00 0.000000e+00 -1.000000e+00
    outer loop
      vertex   2.033969e+02 2.080483e+02 0.000000e+00
      vertex   1.273007e+02 2.489974e+02 0.000000e+00
      vertex   1.302716e+02 2.502672e+02 0.000000e+00
    endloop
  endfacet
  facet normal 0.000000e+00 0.000000e+00 -1.000000e+00
    outer loop
      vertex   1.302716e+02 2.502672e+02 0.000000e+00
      vertex   1.333131e+02 2.513571e+02 0.000000e+00
      vertex   2.033969e+02 2.080483e+02 0.000000e+00
    endloop
  endfacet
  facet normal 0.000000e+00 0.000000e+00 -1.000000e+00
    outer loop
      vertex   2.033969e+02 2.080483e+02 0.000000e+00
      vertex   1.333131e+02 2.513571e+02 0.000000e+00
      vertex   1.364143e+02 2.522631e+02 0.000000e+00
    endloop
  endfacet
  facet normal 0.000000e+00 0.000000e+00 -1.000000e+00
    outer loop
      vertex   2.033969e+02 2.080483e+02 0.000000e+00
      vertex   1.364143e+02 2.522631e+02 0.000000e+00
      vertex   1.395642e+02 2.529820e+02 0.000000e+00
    endloop
  endfacet
  facet normal 0.000000e+00 0.000000e+00 -1.000000e+00
    outer loop
      vertex   1.395642e+02 2.529820e+02 0.000000e+00
      vertex   1.427514e+02 2.535113e+02 0.000000e+00
      vertex   2.033969e+02 2.080483e+02 0.000000e+00
    endloop
  endfacet
  facet normal 0.000000e+00 0.000000e+00 -1.000000e+00
    outer loop
      vertex   2.033969e+02 2.080483e+02 0.000000e+00
      vertex   1.427514e+02 2.535113e+02 0.000000e+00
      vertex   1.459646e+02 2.538490e+02 0.000000e+00
    endloop
  endfacet
  facet normal 0.000000e+00 0.000000e+00 -1.000000e+00
    outer loop
      vertex   2.033969e+02 2.080483e+02 0.000000e+00
      vertex   1.459646e+02 2.538490e+02 0.000000e+00
      vertex   1.491922e+02 2.539940e+02 0.000000e+00
    endloop
  endfacet
  facet normal 0.000000e+00 0.000000e+00 -1.000000e+00
    outer loop
      vertex   1.491922e+02 2.539940e+02 0.000000e+00
      vertex   1.524227e+02 2.539456e+02 0.000000e+00
      vertex   2.033969e+02 2.080483e+02 0.000000e+00
    endloop
  endfacet
  facet normal 0.000000e+00 0.000000e+00 -1.000000e+00
    outer loop
      vertex   2.033969e+02 2.080483e+02 0.000000e+00
      vertex   1.524227e+02 2.539456e+02 0.000000e+00
      vertex   1.556445e+02 2.537042e+02 0.000000e+00
    endloop
  endfacet
  facet normal 0.000000e+00 0.000000e+00 -1.000000e+00
    outer loop
      vertex   2.033969e+02 2.080483e+02 0.000000e+00
      vertex   1.556445e+02 2.537042e+02 0.000000e+00
      vertex   1.588462e+02 2.532705e+02 0.000000e+00
    endloop
  endfacet
  facet normal 0.000000e+00 0.000000e+00 -1.000000e+00
    outer loop
      vertex   1.588462e+02 2.532705e+02 0.000000e+00
      vertex   1.620161e+02 2.526461e+02 0.000000e+00
      vertex   2.033969e+02 2.080483e+02 0.000000e+00
    endloop
  endfacet
  facet normal 0.000000e+00 0.000000e+00 -1.000000e+00
    outer loop
      vertex   2.033969e+02 2.080483e+02 0.000000e+00
      vertex   1.620161e+02 2.526461e+02 0.000000e+00
      vertex   1.651431e+02 2.518333e+02 0.000000e+00
    endloop
  endfacet
  facet normal 0.000000e+00 0.000000e+00 -1.000000e+00
    outer loop
      vertex   2.033969e+02 2.080483e+02 0.000000e+00
      vertex   1.651431e+02 2.518333e+02 0.000000e+00
      vertex   1.682158e+02 2.508349e+02 0.000000e+00
    endloop
  endfacet
  facet normal 0.000000e+00 0.000000e+00 -1.000000e+00
    outer loop
      vertex   1.682158e+02 2.508349e+02 0.000000e+00
      vertex   1.712234e+02 2.496545e+02 0.000000e+00
      vertex   2.033969e+02 2.080483e+02 0.000000e+00
    endloop
  endfacet
  facet normal 0.000000e+00 0.000000e+00 -1.000000e+00
    outer loop
      vertex   2.033969e+02 2.080483e+02 0.000000e+00
      vertex   1.712234e+02 2.496545e+02 0.000000e+00
      vertex   1.741549e+02 2.482964e+02 0.000000e+00
    endloop
  endfacet
  facet normal 0.000000e+00 0.000000e+00 -1.000000e+00
    outer loop
      vertex   2.033969e+02 2.080483e+02 0.000000e+00
      vertex   1.741549e+02 2.482964e+02 0.000000e+00
      vertex   1.770000e+02 2.467654e+02 0.000000e+00
    endloop
  endfacet
  facet normal 0.000000e+00 0.000000e+00 -1.000000e+00
    outer loop
      vertex   1.770000e+02 2.467654e+02 0.000000e+00
      vertex   1.797484e+02 2.450670e+02 0.000000e+00
      vertex   2.033969e+02 2.080483e+02 0.000000e+00
    endloop
  endfacet
  facet normal 0.000000e+00 0.000000e+00 -1.000000e+00
    outer loop
      vertex   2.033969e+02 2.080483e+02 0.000000e+00
      vertex   1.797484e+02 2.450670e+02 0.000000e+00
      vertex   1.823904e+02 2.432072e+02 0.000000e+00
    endloop
  endfacet
  facet normal 0.000000e+00 0.000000e+00 -1.000000e+00
    outer loop
      vertex   2.033969e+02 2.080483e+02 0.000000e+00
      vertex   1.823904e+02 2.432072e+02 0.000000e+00
      vertex   1.849164e+02 2.411928e+02 0.000000e+00
    endloop
  endfacet
  facet normal 0.000000e+00 0.000000e+00 -1.000000e+00
    outer loop
      vertex   1.849164e+02 2.411928e+02 0.000000e+00
      vertex   1.873174e+02 2.390309e+02 0.000000e+00
      vertex   2.033969e+02 2.080483e+02 0.000000e+00
    endloop
  endfacet
  facet normal 0.000000e+00 0.000000e+00 -1.000000e+00
    outer loop
      vertex   2.033969e+02 2.080483e+02 0.000000e+00
      vertex   1.873174e+02 2.390309e+02 0.000000e+00
      vertex   1.895848e+02 2.367293e+02 0.000000e+00
    endloop
  endfacet
  facet normal 0.000000e+00 0.000000e+00 -1.000000e+00
    outer loop
      vertex   2.033969e+02 2.080483e+02 0.000000e+00
      vertex   1.895848e+02 2.367293e+02 0.000000e+00
      vertex   1.917105e+02 2.342963e+02 0.000000e+00
    endloop
  endfacet
  facet normal 0.000000e+00 0.000000e+00 -1.000000e+00
    outer loop
      vertex   1.917105e+02 2.342963e+02 0.000000e+00
      vertex   1.936869e+02 2.317404e+02 0.000000e+00
      vertex   2.033969e+02 2.080483e+02 0.000000e+00
    endloop
  endfacet
  facet normal 0.000000e+00 0.000000e+00 -1.000000e+00
    outer loop
      vertex   2.033969e+02 2.080483e+02 0.000000e+00
      vertex   1.936869e+02 2.317404e+02 0.000000e+00
      vertex   1.955069e+02 2.290709e+02 0.000000e+00
    endloop
  endfacet
  facet normal 0.000000e+00 0.000000e+00 -1.000000e+00
    outer loop
      vertex   2.033969e+02 2.080483e+02 0.000000e+00
      vertex   1.955069e+02 2.290709e+02 0.000000e+00
      vertex   1.971640e+02 2.262974e+02 0.000000e+00
    endloop
  endfacet
  facet normal 0.000000e+00 0.000000e+00 -1.000000e+00
    outer loop
      vertex   1.971640e+02 2.262974e+02 0.000000e+00
      vertex   1.986523e+02 2.234297e+02 0.000000e+00
      vertex   2.033969e+02 2.080483e+02 0.000000e+00
    endloop
  endfacet
  facet normal 0.000000e+00 0.000000e+00 -1.000000e+00
    outer loop
      vertex   2.033969e+02 2.080483e+02 0.000000e+00
      vertex   1.986523e+02 2.234297e+02 0.000000e+00
      vertex   1.999664e+02 2.204782e+02 0.000000e+00
    endloop
  endfacet
  facet normal 0.000000e+00 0.000000e+00 -1.000000e+00
    outer loop
      vertex   2.033969e+02 2.080483e+02 0.000000e+00
      vertex   1.999664e+02 2.204782e+02 0.000000e+00
      vertex   2.011017e+02 2.174533e+02 0.000000e+00
    endloop
  endfacet
  facet normal 0.000000e+00 0.000000e+00 -1.000000e+00
    outer loop
      vertex   2.011017e+02 2.174533e+02 0.000000e+00
      vertex   2.020540e+02 2.143660e+02 0.000000e+00
      vertex   2.033969e+02 2.080483e+02 0.000000e+00
    endloop
  endfacet
  facet normal 0.000000e+00 0.000000e+00 -1.000000e+00
    outer loop
      vertex   2.033969e+02 2.080483e+02 0.000000e+00
      vertex   2.020540e+02 2.143660e+02 0.000000e+00
      vertex   2.028200e+02 2.112272e+02 0.000000e+00
    endloop
  endfacet
  facet normal 0.000000e+00 0.000000e+00 -1.000000e+00
    outer loop
      vertex   9.686780e+01 1.903579e+02 0.000000e+00
      vertex   2.028200e+02 1.887728e+02 0.000000e+00
      vertex   9.753954e+01 1.871977e+02 0.000000e+00
    endloop
  endfacet
  facet normal 0.000000e+00 0.000000e+00 -1.000000e+00
    outer loop
      vertex   9.753954e+01 1.871977e+02 0.000000e+00
      vertex   2.028200e+02 1.887728e+02 0.000000e+00
      vertex   2.020540e+02 1.856340e+02 0.000000e+00
    endloop
  endfacet
  facet normal 0.000000e+00 0.000000e+00 -1.000000e+00
    outer loop
      vertex   9.753954e+01 1.871977e+02 0.000000e+00
      vertex   2.020540e+02 1.856340e+02 0.000000e+00
      vertex   9.839907e+01 1.840832e+02 0.000000e+00
    endloop
  endfacet
  facet normal 0.000000e+00 0.000000e+00 -1.000000e+00
    outer loop
      vertex   9.839907e+01 1.840832e+02 0.000000e+00
      vertex   2.020540e+02 1.856340e+02 0.000000e+00
      vertex   2.011017e+02 1.825467e+02 0.000000e+00
    endloop
  endfacet
  facet normal 0.000000e+00 0.000000e+00 -1.000000e+00
    outer loop
      vertex   9.839907e+01 1.840832e+02 0.000000e+00
      vertex   2.011017e+02 1.825467e+02 0.000000e+00
      vertex   9.944332e+01 1.810258e+02 0.000000e+00
    endloop
  endfacet
  facet normal 0.000000e+00 0.000000e+00 -1.000000e+00
    outer loop
      vertex   9.944332e+01 1.810258e+02 0.000000e+00
      vertex   2.011017e+02 1.825467e+02 0.000000e+00
      vertex   1.999664e+02 1.795218e+02 0.000000e+00
    endloop
  endfacet
  facet normal 0.000000e+00 0.000000e+00 -1.000000e+00
    outer loop
      vertex   9.944332e+01 1.810258e+02 0.000000e+00
      vertex   1.999664e+02 1.795218e+02 0.000000e+00
      vertex   1.006685e+02 1.780362e+02 0.000000e+00
    endloop
  endfacet
  facet normal 0.000000e+00 0.000000e+00 -1.000000e+00
    outer loop
      vertex   1.006685e+02 1.780362e+02 0.000000e+00
      vertex   1.999664e+02 1.795218e+02 0.000000e+00
      vertex   1.986523e+02 1.765703e+02 0.000000e+00
    endloop
  endfacet
  facet normal 0.000000e+00 0.000000e+00 -1.000000e+00
    outer loop
      vertex   1.006685e+02 1.780362e+02 0.000000e+00
      vertex   1.986523e+02 1.765703e+02 0.000000e+00
      vertex   1.020704e+02 1.751253e+02 0.000000e+00
    endloop
  endfacet
  facet normal 0.000000e+00 0.000000e+00 -1.000000e+00
    outer loop
      vertex   1.020704e+02 1.751253e+02 0.000000e+00
      vertex   1.986523e+02 1.765703e+02 0.000000e+00
      vertex   1.971640e+02 1.737026e+02 0.000000e+00
    endloop
  endfacet
  facet normal 0.000000e+00 0.000000e+00 -1.000000e+00
    outer loop
      vertex   1.020704e+02 1.751253e+02 0.000000e+00
      vertex   1.971640e+02 1.737026e+02 0.000000e+00
      vertex   1.036438e+02 1.723034e+02 0.000000e+00
    endloop
  endfacet
  facet normal 0.000000e+00 0.000000e+00 -1.000000e+00
    outer loop
      vertex   1.036438e+02 1.723034e+02 0.000000e+00
      vertex   1.971640e+02 1.737026e+02 0.000000e+00
      vertex   1.955069e+02 1.709291e+02 0.000000e+00
    endloop
  endfacet
  facet normal 0.000000e+00 0.000000e+00 -1.000000e+00
    outer loop
      vertex   1.036438e+02 1.723034e+02 0.000000e+00
      vertex   1.955069e+02 1.709291e+02 0.000000e+00
      vertex   1.053831e+02 1.695807e+02 0.000000e+00
    endloop
  endfacet
  facet normal 0.000000e+00 0.000000e+00 -1.000000e+00
    outer loop
      vertex   1.053831e+02 1.695807e+02 0.000000e+00
      vertex   1.955069e+02 1.709291e+02 0.000000e+00
      vertex   1.936869e+02 1.682596e+02 0.000000e+00
    endloop
  endfacet
  facet normal 0.000000e+00 0.000000e+00 -1.000000e+00
    outer loop
      vertex   1.053831e+02 1.695807e+02 0.000000e+00
      vertex   1.936869e+02 1.682596e+02 0.000000e+00
      vertex   1.072822e+02 1.669669e+02 0.000000e+00
    endloop
  endfacet
  facet normal 0.000000e+00 0.000000e+00 -1.000000e+00
    outer loop
      vertex   1.072822e+02 1.669669e+02 0.000000e+00
      vertex   1.936869e+02 1.682596e+02 0.000000e+00
      vertex   1.917105e+02 1.657037e+02 0.000000e+00
    endloop
  endfacet
  facet normal 0.000000e+00 0.000000e+00 -1.000000e+00
    outer loop
      vertex   1.072822e+02 1.669669e+02 0.000000e+00
      vertex   1.917105e+02 1.657037e+02 0.000000e+00
      vertex   1.093341e+02 1.644713e+02 0.000000e+00
    endloop
  endfacet
  facet normal 0.000000e+00 0.000000e+00 -1.000000e+00
    outer loop
      vertex   1.093341e+02 1.644713e+02 0.000000e+00
      vertex   1.917105e+02 1.657037e+02 0.000000e+00
      vertex   1.895848e+02 1.632707e+02 0.000000e+00
    endloop
  endfacet
  facet normal 0.000000e+00 0.000000e+00 -1.000000e+00
    outer loop
      vertex   1.093341e+02 1.644713e+02 0.000000e+00
      vertex   1.895848e+02 1.632707e+02 0.000000e+00
      vertex   1.115317e+02 1.621029e+02 0.000000e+00
    endloop
  endfacet
  facet normal 0.000000e+00 0.000000e+00 -1.000000e+00
    outer loop
      vertex   1.115317e+02 1.621029e+02 0.000000e+00
      vertex   1.895848e+02 1.632707e+02 0.000000e+00
      vertex   1.873174e+02 1.609691e+02 0.000000e+00
    endloop
  endfacet
  facet normal 0.000000e+00 0.000000e+00 -1.000000e+00
    outer loop
      vertex   1.115317e+02 1.621029e+02 0.000000e+00
      vertex   1.873174e+02 1.609691e+02 0.000000e+00
      vertex   1.138669e+02 1.598702e+02 0.000000e+00
    endloop
  endfacet
  facet normal 0.000000e+00 0.000000e+00 -1.000000e+00
    outer loop
      vertex   1.138669e+02 1.598702e+02 0.000000e+00
      vertex   1.873174e+02 1.609691e+02 0.000000e+00
      vertex   1.849164e+02 1.588072e+02 0.000000e+00
    endloop
  endfacet
  facet normal 0.000000e+00 0.000000e+00 -1.000000e+00
    outer loop
      vertex   1.138669e+02 1.598702e+02 0.000000e+00
      vertex   1.849164e+02 1.588072e+02 0.000000e+00
      vertex   1.163316e+02 1.577811e+02 0.000000e+00
    endloop
  endfacet
  facet normal 0.000000e+00 0.000000e+00 -1.000000e+00
    outer loop
      vertex   1.163316e+02 1.577811e+02 0.000000e+00
      vertex   1.849164e+02 1.588072e+02 0.000000e+00
      vertex   1.823904e+02 1.567928e+02 0.000000e+00
    endloop
  endfacet
  facet normal 0.000000e+00 0.000000e+00 -1.000000e+00
    outer loop
      vertex   1.163316e+02 1.577811e+02 0.000000e+00
      vertex   1.823904e+02 1.567928e+02 0.000000e+00
      vertex   1.189167e+02 1.558432e+02 0.000000e+00
    endloop
  endfacet
  facet normal 0.000000e+00 0.000000e+00 -1.000000e+00
    outer loop
      vertex   1.189167e+02 1.558432e+02 0.000000e+00
      vertex   1.823904e+02 1.567928e+02 0.000000e+00
      vertex   1.797484e+02 1.549330e+02 0.000000e+00
    endloop
  endfacet
  facet normal 0.000000e+00 0.000000e+00 -1.000000e+00
    outer loop
      vertex   1.189167e+02 1.558432e+02 0.000000e+00
      vertex   1.797484e+02 1.549330e+02 0.000000e+00
      vertex   1.216131e+02 1.540633e+02 0.000000e+00
    endloop
  endfacet
  facet normal 0.000000e+00 0.000000e+00 -1.000000e+00
    outer loop
      vertex   1.216131e+02 1.540633e+02 0.000000e+00
      vertex   1.797484e+02 1.549330e+02 0.000000e+00
      vertex   1.770000e+02 1.532346e+02 0.000000e+00
    endloop
  endfacet
  facet normal 0.000000e+00 0.000000e+00 -1.000000e+00
    outer loop
      vertex   1.216131e+02 1.540633e+02 0.000000e+00
      vertex   1.770000e+02 1.532346e+02 0.000000e+00
      vertex   1.244111e+02 1.524478e+02 0.000000e+00
    endloop
  endfacet
  facet normal 0.000000e+00 0.000000e+00 -1.000000e+00
    outer loop
      vertex   1.244111e+02 1.524478e+02 0.000000e+00
      vertex   1.770000e+02 1.532346e+02 0.000000e+00
      vertex   1.741549e+02 1.517036e+02 0.000000e+00
    endloop
  endfacet
  facet normal 0.000000e+00 0.000000e+00 -1.000000e+00
    outer loop
      vertex   1.244111e+02 1.524478e+02 0.000000e+00
      vertex   1.741549e+02 1.517036e+02 0.000000e+00
      vertex   1.273007e+02 1.510026e+02 0.000000e+00
    endloop
  endfacet
  facet normal 0.000000e+00 0.000000e+00 -1.000000e+00
    outer loop
      vertex   1.273007e+02 1.510026e+02 0.000000e+00
      vertex   1.741549e+02 1.517036e+02 0.000000e+00
      vertex   1.712234e+02 1.503455e+02 0.000000e+00
    endloop
  endfacet
  facet normal 0.000000e+00 0.000000e+00 -1.000000e+00
    outer loop
      vertex   1.273007e+02 1.510026e+02 0.000000e+00
      vertex   1.712234e+02 1.503455e+02 0.000000e+00
      vertex   1.302716e+02 1.497328e+02 0.000000e+00
    endloop
  endfacet
  facet normal 0.000000e+00 0.000000e+00 -1.000000e+00
    outer loop
      vertex   1.302716e+02 1.497328e+02 0.000000e+00
      vertex   1.712234e+02 1.503455e+02 0.000000e+00
      vertex   1.682158e+02 1.491651e+02 0.000000e+00
    endloop
  endfacet
  facet normal 0.000000e+00 0.000000e+00 -1.000000e+00
    outer loop
      vertex   1.302716e+02 1.497328e+02 0.000000e+00
      vertex   1.682158e+02 1.491651e+02 0.000000e+00
      vertex   1.333131e+02 1.486429e+02 0.000000e+00
    endloop
  endfacet
  facet normal 0.000000e+00 0.000000e+00 -1.000000e+00
    outer loop
      vertex   1.333131e+02 1.486429e+02 0.000000e+00
      vertex   1.682158e+02 1.491651e+02 0.000000e+00
      vertex   1.651431e+02 1.481667e+02 0.000000e+00
    endloop
  endfacet
  facet normal 0.000000e+00 0.000000e+00 -1.000000e+00
    outer loop
      vertex   1.333131e+02 1.486429e+02 0.000000e+00
      vertex   1.651431e+02 1.481667e+02 0.000000e+00
      vertex   1.364143e+02 1.477369e+02 0.000000e+00
    endloop
  endfacet
  facet normal 0.000000e+00 0.000000e+00 -1.000000e+00
    outer loop
      vertex   1.364143e+02 1.477369e+02 0.000000e+00
      vertex   1.651431e+02 1.481667e+02 0.000000e+00
      vertex   1.620161e+02 1.473539e+02 0.000000e+00
    endloop
  endfacet
  facet normal 0.000000e+00 0.000000e+00 -1.000000e+00
    outer loop
      vertex   1.364143e+02 1.477369e+02 0.000000e+00
      vertex   1.620161e+02 1.473539e+02 0.000000e+00
      vertex   1.395642e+02 1.470180e+02 0.000000e+00
    endloop
  endfacet
  facet normal 0.000000e+00 0.000000e+00 -1.000000e+00
    outer loop
      vertex   1.395642e+02 1.470180e+02 0.000000e+00
      vertex   1.620161e+02 1.473539e+02 0.000000e+00
      vertex   1.588462e+02 1.467295e+02 0.000000e+00
    endloop
  endfacet
  facet normal 0.000000e+00 0.000000e+00 -1.000000e+00
    outer loop
      vertex   1.395642e+02 1.470180e+02 0.000000e+00
      vertex   1.588462e+02 1.467295e+02 0.000000e+00
      vertex   1.427514e+02 1.464887e+02 0.000000e+00
    endloop
  endfacet
  facet normal 0.000000e+00 0.000000e+00 -1.000000e+00
    outer loop
      vertex   1.427514e+02 1.464887e+02 0.000000e+00
      vertex   1.588462e+02 1.467295e+02 0.000000e+00
      vertex   1.556445e+02 1.462958e+02 0.000000e+00
    endloop
  endfacet
  facet normal 0.000000e+00 0.000000e+00 -1.000000e+00
    outer loop
      vertex   1.427514e+02 1.464887e+02 0.000000e+00
      vertex   1.556445e+02 1.462958e+02 0.000000e+00
      vertex   1.459646e+02 1.461510e+02 0.000000e+00
    endloop
  endfacet
  facet normal 0.000000e+00 0.000000e+00 -1.000000e+00
    outer loop
      vertex   1.459646e+02 1.461510e+02 0.000000e+00
      vertex   1.556445e+02 1.462958e+02 0.000000e+00
      vertex   1.524227e+02 1.460544e+02 0.000000e+00
    endloop
  endfacet
  facet normal 0.000000e+00 0.000000e+00 -1.000000e+00
    outer loop
      vertex   1.459646e+02 1.461510e+02 0.000000e+00
      vertex   1.524227e+02 1.460544e+02 0.000000e+00
      vertex   1.491922e+02 1.460060e+02 0.000000e+00
    endloop
  endfacet
endsolid
