ISO-10303-21;
HEADER;
FILE_DESCRIPTION (( 'STEP AP214' ),
    '1' );
FILE_NAME ('AD8000YCPZ-R2.STEP',
    '2022-10-15T08:03:17',
    ( '' ),
    ( '' ),
    'SwSTEP 2.0',
    'SolidWorks 2022',
    '' );
FILE_SCHEMA (( 'AUTOMOTIVE_DESIGN' ));
ENDSEC;

DATA;
#1 = CARTESIAN_POINT ( 'NONE',  ( 2.744479982900454917, 16.42278180521647357, 0.000000000000000000 ) ) ;
#2 = DIRECTION ( 'NONE',  ( 1.000000000000000000, 0.000000000000000000, -0.000000000000000000 ) ) ;
#3 = ORIENTED_EDGE ( 'NONE', *, *, #7450, .F. ) ;
#4 = EDGE_CURVE ( 'NONE', #8700, #1310, #2394, .T. ) ;
#5 = PLANE ( 'NONE',  #774 ) ;
#6 = VECTOR ( 'NONE', #974, 1000.000000000000000 ) ;
#7 = CARTESIAN_POINT ( 'NONE',  ( 1.224999999999999201, 0.8750000000000003331, -0.02000000000000000042 ) ) ;
#8 = CARTESIAN_POINT ( 'NONE',  ( 3.016502498744832561, 16.39153716841929764, 0.000000000000000000 ) ) ;
#9 = ORIENTED_EDGE ( 'NONE', *, *, #5509, .T. ) ;
#10 = EDGE_LOOP ( 'NONE', ( #7004, #9343, #9861, #4603 ) ) ;
#11 = DIRECTION ( 'NONE',  ( -0.000000000000000000, 1.000000000000000000, -0.000000000000000000 ) ) ;
#12 = CARTESIAN_POINT ( 'NONE',  ( -1.499999999999999556, 0.6250000000000000000, 0.1830000000000000238 ) ) ;
#13 = PRESENTATION_STYLE_ASSIGNMENT (( #3914 ) ) ;
#14 = ORIENTED_EDGE ( 'NONE', *, *, #6653, .T. ) ;
#15 = ORIENTED_EDGE ( 'NONE', *, *, #3263, .F. ) ;
#16 = CARTESIAN_POINT ( 'NONE',  ( 3.006087619812437772, 16.62648977619918966, 0.000000000000000000 ) ) ;
#17 = UNCERTAINTY_MEASURE_WITH_UNIT (LENGTH_MEASURE( 1.000000000000000082E-05 ), #2644, 'distance_accuracy_value', 'NONE');
#18 = CARTESIAN_POINT ( 'NONE',  ( 3.043863621363823935, 16.63125590723604219, 0.001000000000000000021 ) ) ;
#19 = CARTESIAN_POINT ( 'NONE',  ( 2.174132968823124568, 16.44272894622254100, 0.001000000000000000021 ) ) ;
#20 = EDGE_CURVE ( 'NONE', #8760, #4758, #9397, .T. ) ;
#21 = CARTESIAN_POINT ( 'NONE',  ( -2.118946868454588461, 0.7054215524095633905, 0.001000000000000000021 ) ) ;
#22 = ORIENTED_EDGE ( 'NONE', *, *, #1598, .F. ) ;
#23 = CLOSED_SHELL ( 'NONE', ( #1643, #4387, #8089, #7655, #637, #3094, #8713, #2334, #4552, #9871 ) ) ;
#24 = EDGE_LOOP ( 'NONE', ( #5605, #5752, #7716, #2332 ) ) ;
#25 = VECTOR ( 'NONE', #5925, 1000.000000000000000 ) ;
#26 = LINE ( 'NONE', #2391, #7808 ) ;
#27 = CARTESIAN_POINT ( 'NONE',  ( 2.910058905588333467, 16.75676402453996872, 0.000000000000000000 ) ) ;
#28 = ORIENTED_EDGE ( 'NONE', *, *, #2469, .T. ) ;
#29 = DIRECTION ( 'NONE',  ( -0.9999923706927774658, 0.003906220198410930225, 0.000000000000000000 ) ) ;
#30 = CARTESIAN_POINT ( 'NONE',  ( 1.499999999999999112, 0.8749999999999996669, -0.02000000000000000042 ) ) ;
#31 = VERTEX_POINT ( 'NONE', #4737 ) ;
#32 = EDGE_CURVE ( 'NONE', #1427, #7689, #6288, .T. ) ;
#33 = CARTESIAN_POINT ( 'NONE',  ( -0.6749999999999993783, -0.8700000000000001066, 0.01000000000000000021 ) ) ;
#34 = CARTESIAN_POINT ( 'NONE',  ( -1.224999999999999867, 0.2499999999999998890, -0.02000000000000000042 ) ) ;
#35 = EDGE_CURVE ( 'NONE', #4081, #8819, #5075, .T. ) ;
#36 = EDGE_CURVE ( 'NONE', #5420, #1252, #2339, .T. ) ;
#37 = CARTESIAN_POINT ( 'NONE',  ( 3.482700723498230122, 16.40795384199065410, 1.694065894508600678E-18 ) ) ;
#38 = STYLED_ITEM ( 'NONE', ( #4098 ), #1088 ) ;
#39 = EDGE_LOOP ( 'NONE', ( #8721, #7260, #6601, #8079 ) ) ;
#40 = VECTOR ( 'NONE', #9835, 1000.000000000000000 ) ;
#41 = LINE ( 'NONE', #2445, #7491 ) ;
#42 = EDGE_LOOP ( 'NONE', ( #3326, #5378, #1712, #1894 ) ) ;
#43 = CARTESIAN_POINT ( 'NONE',  ( -1.099999999999999867, 0.2499999999999998890, -0.02000000000000000042 ) ) ;
#44 = DIRECTION ( 'NONE',  ( -0.9999918045886077023, 0.004048549816873615002, 0.000000000000000000 ) ) ;
#45 = PLANE ( 'NONE',  #5728 ) ;
#46 = CARTESIAN_POINT ( 'NONE',  ( -1.169999999999999707, 1.269999999999999796, 0.7800000000000000266 ) ) ;
#47 = CARTESIAN_POINT ( 'NONE',  ( -1.224999999999999423, -0.7500000000000001110, 0.1830000000000000238 ) ) ;
#48 = DIRECTION ( 'NONE',  ( -0.000000000000000000, -0.000000000000000000, -1.000000000000000000 ) ) ;
#49 = ORIENTED_EDGE ( 'NONE', *, *, #1005, .T. ) ;
#50 = FACE_OUTER_BOUND ( 'NONE', #3552, .T. ) ;
#51 = CARTESIAN_POINT ( 'NONE',  ( 0.000000000000000000, -1.469999999999999973, 0.7800000000000000266 ) ) ;
#52 = CARTESIAN_POINT ( 'NONE',  ( 3.719595088367241509, 16.51580962212106840, 0.001000000000000001756 ) ) ;
#53 = STYLED_ITEM ( 'NONE', ( #1949 ), #6197 ) ;
#54 = VERTEX_POINT ( 'NONE', #8542 ) ;
#55 = SURFACE_SIDE_STYLE ('',( #2367 ) ) ;
#56 = EDGE_LOOP ( 'NONE', ( #3886, #9271 ) ) ;
#57 = SURFACE_SIDE_STYLE ('',( #3911 ) ) ;
#58 = EDGE_CURVE ( 'NONE', #782, #8208, #3693, .T. ) ;
#59 = FACE_OUTER_BOUND ( 'NONE', #5573, .T. ) ;
#60 = VECTOR ( 'NONE', #4240, 1000.000000000000000 ) ;
#61 =( NAMED_UNIT ( * ) SI_UNIT ( $, .STERADIAN. ) SOLID_ANGLE_UNIT ( ) );
#62 = ORIENTED_EDGE ( 'NONE', *, *, #289, .F. ) ;
#63 = ORIENTED_EDGE ( 'NONE', *, *, #36, .T. ) ;
#64 = CARTESIAN_POINT ( 'NONE',  ( 2.930182569966179873, 16.79206869888706066, 0.001000000000000000021 ) ) ;
#65 = AXIS2_PLACEMENT_3D ( 'NONE', #8444, #2306, #4408 ) ;
#66 = SURFACE_STYLE_FILL_AREA ( #5491 ) ;
#67 = FACE_OUTER_BOUND ( 'NONE', #1061, .T. ) ;
#68 = CARTESIAN_POINT ( 'NONE',  ( -1.469999999999999751, -1.500000000000000000, 0.7500000000000000000 ) ) ;
#69 = DIRECTION ( 'NONE',  ( 0.000000000000000000, -0.000000000000000000, 1.000000000000000000 ) ) ;
#70 = CARTESIAN_POINT ( 'NONE',  ( 3.790734007176634890, 16.76311886592244704, 0.001000000000000000021 ) ) ;
#71 = VERTEX_POINT ( 'NONE', #2996 ) ;
#72 = ORIENTED_EDGE ( 'NONE', *, *, #4092, .T. ) ;
#73 = ADVANCED_FACE ( 'NONE', ( #1642 ), #7248, .F. ) ;
#74 = CARTESIAN_POINT ( 'NONE',  ( 2.786845592116968806, 16.48915459298898867, 0.001000000000000000021 ) ) ;
#75 = ORIENTED_EDGE ( 'NONE', *, *, #3062, .F. ) ;
#76 = ORIENTED_EDGE ( 'NONE', *, *, #1675, .T. ) ;
#77 =( LENGTH_UNIT ( ) NAMED_UNIT ( * ) SI_UNIT ( .MILLI., .METRE. ) );
#78 = CARTESIAN_POINT ( 'NONE',  ( 2.647215605074208167, 16.58518330721311784, 0.000000000000000000 ) ) ;
#79 = VERTEX_POINT ( 'NONE', #9444 ) ;
#80 = EDGE_CURVE ( 'NONE', #981, #2971, #1927, .T. ) ;
#81 = DIRECTION ( 'NONE',  ( 0.000000000000000000, 1.000000000000000000, -0.000000000000000000 ) ) ;
#82 = ORIENTED_EDGE ( 'NONE', *, *, #5644, .T. ) ;
#83 = DIRECTION ( 'NONE',  ( -0.000000000000000000, -0.000000000000000000, -1.000000000000000000 ) ) ;
#84 = DIRECTION ( 'NONE',  ( 0.000000000000000000, 1.000000000000000000, -0.000000000000000000 ) ) ;
#85 = EDGE_CURVE ( 'NONE', #9730, #4781, #1360, .T. ) ;
#86 = CARTESIAN_POINT ( 'NONE',  ( 0.000000000000000000, 16.39153716841929764, 0.001000000000000000021 ) ) ;
#87 = FACE_OUTER_BOUND ( 'NONE', #7182, .T. ) ;
#88 =( NAMED_UNIT ( * ) SI_UNIT ( $, .STERADIAN. ) SOLID_ANGLE_UNIT ( ) );
#89 = CARTESIAN_POINT ( 'NONE',  ( 3.266812639865734003, 16.82472552265812382, 0.000000000000000000 ) ) ;
#90 = ORIENTED_EDGE ( 'NONE', *, *, #1190, .F. ) ;
#91 = CARTESIAN_POINT ( 'NONE',  ( 3.125064372362150955, 16.70027654558460384, 0.000000000000000000 ) ) ;
#92 = AXIS2_PLACEMENT_3D ( 'NONE', #6094, #8631, #2433 ) ;
#93 = LINE ( 'NONE', #7884, #6489 ) ;
#94 = DIRECTION ( 'NONE',  ( -0.9999750287169699714, 0.007066961333913559205, 0.000000000000000000 ) ) ;
#95 = ORIENTED_EDGE ( 'NONE', *, *, #9964, .T. ) ;
#96 = LINE ( 'NONE', #7070, #6879 ) ;
#97 = VERTEX_POINT ( 'NONE', #7242 ) ;
#98 = AXIS2_PLACEMENT_3D ( 'NONE', #3401, #8701, #9669 ) ;
#99 = AXIS2_PLACEMENT_3D ( 'NONE', #2004, #385, #5734 ) ;
#100 = CARTESIAN_POINT ( 'NONE',  ( -1.499999999999999556, -0.3750000000000000000, 0.1830000000000000238 ) ) ;
#101 = LINE ( 'NONE', #2375, #5958 ) ;
#102 = ADVANCED_FACE ( 'NONE', ( #3425 ), #4032, .F. ) ;
#103 = ORIENTED_EDGE ( 'NONE', *, *, #5771, .F. ) ;
#104 = MECHANICAL_DESIGN_GEOMETRIC_PRESENTATION_REPRESENTATION (  '', ( #2831 ), #5571 ) ;
#105 = EDGE_LOOP ( 'NONE', ( #2016, #2231, #5532, #2461 ) ) ;
#106 = LINE ( 'NONE', #1530, #4738 ) ;
#107 = UNCERTAINTY_MEASURE_WITH_UNIT (LENGTH_MEASURE( 1.000000000000000082E-05 ), #8491, 'distance_accuracy_value', 'NONE');
#108 = FILL_AREA_STYLE ('',( #7799 ) ) ;
#109 = CARTESIAN_POINT ( 'NONE',  ( -1.500000000000000000, 0.6250000000000000000, -0.02000000000000000042 ) ) ;
#110 = CARTESIAN_POINT ( 'NONE',  ( 1.499999999999999556, 0.1249999999999984873, 0.1830000000000000238 ) ) ;
#111 = CARTESIAN_POINT ( 'NONE',  ( -1.500000000000000000, 0.3750000000000000000, 0.1830000000000000238 ) ) ;
#112 = STYLED_ITEM ( 'NONE', ( #714 ), #8706 ) ;
#113 = DIRECTION ( 'NONE',  ( -1.000000000000000000, 0.000000000000000000, 0.000000000000000000 ) ) ;
#114 = CARTESIAN_POINT ( 'NONE',  ( 3.104234614497361822, 16.63566899152944600, 0.001000000000000000021 ) ) ;
#115 = ORIENTED_EDGE ( 'NONE', *, *, #2030, .T. ) ;
#116 = EDGE_CURVE ( 'NONE', #6364, #5797, #6438, .T. ) ;
#117 = AXIS2_PLACEMENT_3D ( 'NONE', #3581, #2736, #6686 ) ;
#118 = CARTESIAN_POINT ( 'NONE',  ( 2.910941522447017427, 16.81731154104526027, 0.001000000000000000021 ) ) ;
#119 = CARTESIAN_POINT ( 'NONE',  ( -1.224999999999999423, -0.7500000000000001110, 0.000000000000000000 ) ) ;
#120 = CARTESIAN_POINT ( 'NONE',  ( 1.499999999999999556, 0.8749999999999996669, 0.1830000000000000238 ) ) ;
#121 = FILL_AREA_STYLE ('',( #1644 ) ) ;
#122 = STYLED_ITEM ( 'NONE', ( #9647 ), #2881 ) ;
#123 = CARTESIAN_POINT ( 'NONE',  ( 3.418622739558246693, 16.54881949263557672, 0.001000000000000000021 ) ) ;
#124 = CARTESIAN_POINT ( 'NONE',  ( 2.860985408245872552, 16.82437247591468577, 0.001000000000000000021 ) ) ;
#125 = ORIENTED_EDGE ( 'NONE', *, *, #7012, .T. ) ;
#126 = ORIENTED_EDGE ( 'NONE', *, *, #7506, .T. ) ;
#127 = DIRECTION ( 'NONE',  ( 0.000000000000000000, 1.000000000000000000, 0.000000000000000000 ) ) ;
#128 = VECTOR ( 'NONE', #8642, 999.9999999999998863 ) ;
#129 = CARTESIAN_POINT ( 'NONE',  ( 3.647573552699173050, 16.62701934631438050, 0.001000000000000000021 ) ) ;
#130 = B_SPLINE_CURVE_WITH_KNOTS ( 'NONE', 3,
 ( #3292, #8753, #959, #9570 ),
 .UNSPECIFIED., .F., .F.,
 ( 4, 4 ),
 ( 0.2999999999999999889, 0.4000000000000000222 ),
 .UNSPECIFIED. ) ;
#131 = CARTESIAN_POINT ( 'NONE',  ( 3.781554791846390984, 16.59665732637590096, 0.000000000000000000 ) ) ;
#132 = LINE ( 'NONE', #1836, #3163 ) ;
#133 = VECTOR ( 'NONE', #2645, 1000.000000000000114 ) ;
#134 = EDGE_CURVE ( 'NONE', #5668, #7510, #977, .T. ) ;
#135 = DIRECTION ( 'NONE',  ( -0.9999725662867028353, 0.007407204194937119096, 0.000000000000000000 ) ) ;
#136 = ORIENTED_EDGE ( 'NONE', *, *, #6342, .T. ) ;
#137 = CARTESIAN_POINT ( 'NONE',  ( 2.647568651817678198, 16.39189021516272504, 0.001000000000000000021 ) ) ;
#138 = VERTEX_POINT ( 'NONE', #1025 ) ;
#139 = B_SPLINE_SURFACE_WITH_KNOTS ( 'NONE', 3, 1, ( 
 ( #7659, #1641 ),
 ( #4602, #6948 ),
 ( #1593, #3844 ),
 ( #2336, #27 ) ),
 .UNSPECIFIED., .F., .F., .F.,
 ( 4, 4 ),
 ( 2, 2 ),
 ( 0.8571428571428570953, 1.000000000000000000 ),
 ( 0.000000000000000000, 1.000000000000000000 ),
 .UNSPECIFIED. ) ;
#140 = DIRECTION ( 'NONE',  ( 0.000000000000000000, 1.000000000000000000, 0.000000000000000000 ) ) ;
#141 = FILL_AREA_STYLE_COLOUR ( '', #5354 ) ;
#142 = DIRECTION ( 'NONE',  ( 0.000000000000000000, 0.000000000000000000, -1.000000000000000000 ) ) ;
#143 = VECTOR ( 'NONE', #7424, 1000.000000000000000 ) ;
#144 = EDGE_LOOP ( 'NONE', ( #1195, #2345, #4324, #6619 ) ) ;
#145 = LINE ( 'NONE', #9564, #8523 ) ;
#146 = CARTESIAN_POINT ( 'NONE',  ( 2.783315124682264941, 16.40089290712125347, 0.001000000000000000021 ) ) ;
#147 = EDGE_LOOP ( 'NONE', ( #5369, #5183, #6519, #2520 ) ) ;
#148 = AXIS2_PLACEMENT_3D ( 'NONE', #9311, #2, #3755 ) ;
#149 = EDGE_CURVE ( 'NONE', #324, #8541, #8007, .T. ) ;
#150 =( NAMED_UNIT ( * ) PLANE_ANGLE_UNIT ( ) SI_UNIT ( $, .RADIAN. ) );
#151 = VECTOR ( 'NONE', #2430, 1000.000000000000000 ) ;
#152 = EDGE_CURVE ( 'NONE', #8208, #782, #6793, .T. ) ;
#153 = ADVANCED_FACE ( 'NONE', ( #8059 ), #1071, .F. ) ;
#154 = ORIENTED_EDGE ( 'NONE', *, *, #6390, .F. ) ;
#155 = CARTESIAN_POINT ( 'NONE',  ( 1.224999999999999423, -0.8750000000000014433, 0.000000000000000000 ) ) ;
#156 = UNCERTAINTY_MEASURE_WITH_UNIT (LENGTH_MEASURE( 1.000000000000000082E-05 ), #4433, 'distance_accuracy_value', 'NONE');
#157 = VECTOR ( 'NONE', #3297, 1000.000000000000000 ) ;
#158 = SURFACE_STYLE_USAGE ( .BOTH. , #3968 ) ;
#159 = DIRECTION ( 'NONE',  ( -1.000000000000000000, 0.000000000000000000, 0.000000000000000000 ) ) ;
#160 = FACE_OUTER_BOUND ( 'NONE', #6745, .T. ) ;
#161 = CARTESIAN_POINT ( 'NONE',  ( 3.406266103536768508, 0.000000000000000000, 0.001000000000000000021 ) ) ;
#162 = ORIENTED_EDGE ( 'NONE', *, *, #4124, .T. ) ;
#163 = CARTESIAN_POINT ( 'NONE',  ( 3.121357381555703636, 16.44625941365725907, 0.000000000000000000 ) ) ;
#164 = LINE ( 'NONE', #3187, #206 ) ;
#165 = DIRECTION ( 'NONE',  ( 1.000000000000000000, 0.000000000000000000, 0.000000000000000000 ) ) ;
#166 = LINE ( 'NONE', #4031, #5888 ) ;
#167 = DIRECTION ( 'NONE',  ( -3.942553354492742545E-16, -1.000000000000000000, 0.000000000000000000 ) ) ;
#168 = DIRECTION ( 'NONE',  ( -0.000000000000000000, -0.000000000000000000, 1.000000000000000000 ) ) ;
#169 = EDGE_CURVE ( 'NONE', #5653, #7644, #9595, .T. ) ;
#170 = AXIS2_PLACEMENT_3D ( 'NONE', #5084, #401, #4335 ) ;
#171 = PRODUCT_CONTEXT ( 'NONE', #8308, 'mechanical' ) ;
#172 = LINE ( 'NONE', #7006, #8309 ) ;
#173 = ORIENTED_EDGE ( 'NONE', *, *, #3211, .T. ) ;
#174 = DIRECTION ( 'NONE',  ( 1.000000000000000000, 0.000000000000000000, 0.000000000000000000 ) ) ;
#175 = CARTESIAN_POINT ( 'NONE',  ( 0.6749999999999998224, -0.8700000000000001066, -0.02000000000000000042 ) ) ;
#176 = CARTESIAN_POINT ( 'NONE',  ( 1.224999999999999423, -0.3750000000000014433, 0.1830000000000000238 ) ) ;
#177 = CARTESIAN_POINT ( 'NONE',  ( 3.273697051363418709, 16.58588940070004369, 0.001000000000000000021 ) ) ;
#178 = VERTEX_POINT ( 'NONE', #7963 ) ;
#179 = CARTESIAN_POINT ( 'NONE',  ( 1.224999999999999201, 0.8750000000000004441, -0.02000000000000000042 ) ) ;
#180 = ORIENTED_EDGE ( 'NONE', *, *, #9930, .T. ) ;
#181 = LINE ( 'NONE', #9225, #6741 ) ;
#182 = CARTESIAN_POINT ( 'NONE',  ( 2.073691170305643094, 16.38730060749761464, 0.001000000000000000021 ) ) ;
#183 = DIRECTION ( 'NONE',  ( 1.000000000000000000, 0.000000000000000000, 0.000000000000000000 ) ) ;
#184 = VECTOR ( 'NONE', #4444, 1000.000000000000000 ) ;
#185 = ORIENTED_EDGE ( 'NONE', *, *, #2377, .T. ) ;
#186 = ADVANCED_FACE ( 'NONE', ( #4075 ), #2624, .F. ) ;
#187 = CARTESIAN_POINT ( 'NONE',  ( -1.499999999999999556, 0.1250000000000000000, 0.1830000000000000238 ) ) ;
#188 = CARTESIAN_POINT ( 'NONE',  ( 8.773011936222605556, 3.759862258381010847, 0.001000000000000000021 ) ) ;
#189 = ORIENTED_EDGE ( 'NONE', *, *, #7318, .F. ) ;
#190 = CARTESIAN_POINT ( 'NONE',  ( -1.499999999999999556, -0.6250000000000000000, 0.000000000000000000 ) ) ;
#191 = LINE ( 'NONE', #2466, #2701 ) ;
#192 = VERTEX_POINT ( 'NONE', #3269 ) ;
#193 = VECTOR ( 'NONE', #2167, 1000.000000000000000 ) ;
#194 = VERTEX_POINT ( 'NONE', #1165 ) ;
#195 = EDGE_CURVE ( 'NONE', #3563, #7392, #5807, .T. ) ;
#196 = EDGE_LOOP ( 'NONE', ( #8910, #3001, #4875, #7992 ) ) ;
#197 = CARTESIAN_POINT ( 'NONE',  ( 2.462748681610632318, 16.59118510185208351, 0.001000000000000000021 ) ) ;
#198 = CARTESIAN_POINT ( 'NONE',  ( 1.224999999999999201, 0.7499999999999995559, -0.02000000000000000042 ) ) ;
#199 = EDGE_CURVE ( 'NONE', #1635, #8131, #7606, .T. ) ;
#200 = VECTOR ( 'NONE', #142, 1000.000000000000000 ) ;
#201 = LINE ( 'NONE', #5546, #5917 ) ;
#202 = CARTESIAN_POINT ( 'NONE',  ( 1.099999999999998979, 0.2499999999999995837, 0.000000000000000000 ) ) ;
#203 = ORIENTED_EDGE ( 'NONE', *, *, #4537, .T. ) ;
#204 = PRODUCT_RELATED_PRODUCT_CATEGORY ( 'part', '', ( #4712 ) ) ;
#205 = EDGE_LOOP ( 'NONE', ( #9494, #5591, #2164, #6615, #730, #3144 ) ) ;
#206 = VECTOR ( 'NONE', #3843, 1000.000000000000000 ) ;
#207 = DIRECTION ( 'NONE',  ( 0.000000000000000000, 0.000000000000000000, -1.000000000000000000 ) ) ;
#208 = CARTESIAN_POINT ( 'NONE',  ( -1.224999999999999645, -0.3750000000000001110, -0.02000000000000000042 ) ) ;
#209 = CARTESIAN_POINT ( 'NONE',  ( -1.269999999999999574, 1.269999999999999796, 0.7800000000000000266 ) ) ;
#210 = SURFACE_STYLE_USAGE ( .BOTH. , #2625 ) ;
#211 = EDGE_CURVE ( 'NONE', #7994, #3870, #2086, .T. ) ;
#212 = CARTESIAN_POINT ( 'NONE',  ( 0.000000000000000000, 0.000000000000000000, 0.000000000000000000 ) ) ;
#213 = ADVANCED_FACE ( 'NONE', ( #2582 ), #9614, .F. ) ;
#214 = ORIENTED_EDGE ( 'NONE', *, *, #3553, .F. ) ;
#215 = DIRECTION ( 'NONE',  ( 0.000000000000000000, 0.000000000000000000, -1.000000000000000000 ) ) ;
#216 = DIRECTION ( 'NONE',  ( -0.000000000000000000, -0.000000000000000000, 1.000000000000000000 ) ) ;
#217 = LINE ( 'NONE', #2591, #739 ) ;
#218 = LINE ( 'NONE', #3279, #8366 ) ;
#219 = PLANE ( 'NONE',  #1895 ) ;
#220 = CARTESIAN_POINT ( 'NONE',  ( 2.851453146172155506, 16.63054981374909858, 0.000000000000000000 ) ) ;
#221 = VERTEX_POINT ( 'NONE', #7456 ) ;
#222 = EDGE_CURVE ( 'NONE', #2379, #7994, #6683, .T. ) ;
#223 = CARTESIAN_POINT ( 'NONE',  ( 2.930182569966179429, 16.79206869888706066, 0.000000000000000000 ) ) ;
#224 = CARTESIAN_POINT ( 'NONE',  ( 2.747127833476488590, 16.78183034332643331, 0.001000000000000000021 ) ) ;
#225 = ORIENTED_EDGE ( 'NONE', *, *, #532, .T. ) ;
#226 = LINE ( 'NONE', #334, #7535 ) ;
#227 = CARTESIAN_POINT ( 'NONE',  ( 2.930182569966179429, 16.79206869888706066, 0.001000000000000000021 ) ) ;
#228 = ORIENTED_EDGE ( 'NONE', *, *, #3978, .F. ) ;
#229 = CARTESIAN_POINT ( 'NONE',  ( 3.656223197914196366, 16.39153716841929764, 0.001000000000000000021 ) ) ;
#230 = CARTESIAN_POINT ( 'NONE',  ( 2.860985408245872996, 0.000000000000000000, 0.001000000000000000021 ) ) ;
#231 = CARTESIAN_POINT ( 'NONE',  ( -1.500000000000000000, 0.1250000000000000000, -0.02000000000000000042 ) ) ;
#232 = ADVANCED_FACE ( 'NONE', ( #2886 ), #4287, .F. ) ;
#233 = AXIS2_PLACEMENT_3D ( 'NONE', #7661, #5407, #3783 ) ;
#234 = ORIENTED_EDGE ( 'NONE', *, *, #6886, .T. ) ;
#235 = ORIENTED_EDGE ( 'NONE', *, *, #9507, .F. ) ;
#236 = CARTESIAN_POINT ( 'NONE',  ( 2.727886785957321258, 16.55270300681376838, 0.001000000000000000021 ) ) ;
#237 = STYLED_ITEM ( 'NONE', ( #745 ), #8982 ) ;
#238 = ORIENTED_EDGE ( 'NONE', *, *, #8787, .T. ) ;
#239 = VECTOR ( 'NONE', #252, 1000.000000000000000 ) ;
#240 = CARTESIAN_POINT ( 'NONE',  ( 1.224999999999999201, 0.8750000000000003331, -0.02000000000000000042 ) ) ;
#241 =( NAMED_UNIT ( * ) PLANE_ANGLE_UNIT ( ) SI_UNIT ( $, .RADIAN. ) );
#242 =( LENGTH_UNIT ( ) NAMED_UNIT ( * ) SI_UNIT ( .MILLI., .METRE. ) );
#243 = DIRECTION ( 'NONE',  ( -0.000000000000000000, -0.000000000000000000, -1.000000000000000000 ) ) ;
#244 = ORIENTED_EDGE ( 'NONE', *, *, #6783, .F. ) ;
#245 = EDGE_CURVE ( 'NONE', #8696, #8429, #464, .T. ) ;
#246 = ADVANCED_FACE ( 'NONE', ( #8277 ), #5096, .F. ) ;
#247 = VECTOR ( 'NONE', #1365, 1000.000000000000000 ) ;
#248 =( GEOMETRIC_REPRESENTATION_CONTEXT ( 3 ) GLOBAL_UNCERTAINTY_ASSIGNED_CONTEXT ( ( #4725 ) ) GLOBAL_UNIT_ASSIGNED_CONTEXT ( ( #6160, #2170, #758 ) ) REPRESENTATION_CONTEXT ( 'NONE', 'WORKASPACE' ) );
#249 = ADVANCED_FACE ( 'NONE', ( #9852 ), #4346, .F. ) ;
#250 = EDGE_CURVE ( 'NONE', #8099, #8749, #5490, .T. ) ;
#251 = ORIENTED_EDGE ( 'NONE', *, *, #4578, .T. ) ;
#252 = DIRECTION ( 'NONE',  ( -0.000000000000000000, -0.000000000000000000, -1.000000000000000000 ) ) ;
#253 = DIRECTION ( 'NONE',  ( 0.000000000000000000, 1.000000000000000000, -0.000000000000000000 ) ) ;
#254 = CARTESIAN_POINT ( 'NONE',  ( 3.269819931388474377, 0.008950237038417102609, 0.001000000000000000021 ) ) ;
#255 = CARTESIAN_POINT ( 'NONE',  ( 3.061162911793909647, 16.48685978915644057, 0.0009999999999999982861 ) ) ;
#256 = CIRCLE ( 'NONE', #4109, 0.05000000000000002359 ) ;
#257 = CARTESIAN_POINT ( 'NONE',  ( 3.660283235464118157, 16.45031945120717864, 0.000000000000000000 ) ) ;
#258 = CARTESIAN_POINT ( 'NONE',  ( -1.224999999999999867, 0.7499999999999998890, -0.02000000000000000042 ) ) ;
#259 = DIRECTION ( 'NONE',  ( 0.000000000000000000, 0.000000000000000000, -1.000000000000000000 ) ) ;
#260 = ADVANCED_FACE ( 'NONE', ( #9695 ), #1268, .T. ) ;
#261 = VECTOR ( 'NONE', #353, 1000.000000000000000 ) ;
#262 = ADVANCED_FACE ( 'NONE', ( #4434 ), #3677, .F. ) ;
#263 = ORIENTED_EDGE ( 'NONE', *, *, #2052, .T. ) ;
#264 = ITEM_DEFINED_TRANSFORMATION ( 'NONE', 'NONE', #6912,  #3823 ) ;
#265 = CARTESIAN_POINT ( 'NONE',  ( 3.376963223828672866, 16.42101657149909499, 0.0009999999999999982861 ) ) ;
#266 = VERTEX_POINT ( 'NONE', #1980 ) ;
#267 = EDGE_CURVE ( 'NONE', #535, #5522, #6637, .T. ) ;
#268 = CARTESIAN_POINT ( 'NONE',  ( 3.488349471393764389, 16.55146734321162683, 0.001000000000000001756 ) ) ;
#269 = CARTESIAN_POINT ( 'NONE',  ( -1.269999999999999574, 1.269999999999999796, 0.7699999999999999067 ) ) ;
#270 = B_SPLINE_CURVE_WITH_KNOTS ( 'NONE', 3,
 ( #2937, #7652, #6030, #9136 ),
 .UNSPECIFIED., .F., .F.,
 ( 4, 4 ),
 ( 0.3846153846153845812, 0.4615384615384616196 ),
 .UNSPECIFIED. ) ;
#271 = CARTESIAN_POINT ( 'NONE',  ( 3.831157859304063606, 16.53046106197511733, 0.001000000000000000021 ) ) ;
#272 = DIRECTION ( 'NONE',  ( 0.000000000000000000, 1.000000000000000000, 0.000000000000000000 ) ) ;
#273 = FACE_OUTER_BOUND ( 'NONE', #3358, .T. ) ;
#274 = ADVANCED_FACE ( 'NONE', ( #5866 ), #8977, .F. ) ;
#275 = CIRCLE ( 'NONE', #1891, 0.05000000000000002359 ) ;
#276 = CARTESIAN_POINT ( 'NONE',  ( 3.705826265371870765, 16.42666531939461549, 0.001000000000000001756 ) ) ;
#277 = CARTESIAN_POINT ( 'NONE',  ( 1.499999999999999112, 0.1249999999999984873, -0.02000000000000000042 ) ) ;
#278 = CIRCLE ( 'NONE', #8052, 0.1000000000000000472 ) ;
#279 = CIRCLE ( 'NONE', #6910, 0.02999999999999997113 ) ;
#280 = DIRECTION ( 'NONE',  ( -0.000000000000000000, 0.000000000000000000, 1.000000000000000000 ) ) ;
#281 = CARTESIAN_POINT ( 'NONE',  ( -1.224999999999999423, 0.7499999999999998890, 0.1830000000000000238 ) ) ;
#282 = ORIENTED_EDGE ( 'NONE', *, *, #5194, .T. ) ;
#283 = LINE ( 'NONE', #7887, #7691 ) ;
#284 = CARTESIAN_POINT ( 'NONE',  ( 3.826921298382410352, 16.63337418769686238, 0.000000000000000000 ) ) ;
#285 = ORIENTED_EDGE ( 'NONE', *, *, #2669, .T. ) ;
#286 = CARTESIAN_POINT ( 'NONE',  ( 3.766197258505401102, 16.62772543980134543, 0.001000000000000000021 ) ) ;
#287 = CARTESIAN_POINT ( 'NONE',  ( 3.660283235464118157, 16.45031945120718220, 0.001000000000000000021 ) ) ;
#288 = VECTOR ( 'NONE', #6360, 1000.000000000000000 ) ;
#289 = EDGE_CURVE ( 'NONE', #9312, #8696, #2575, .T. ) ;
#290 = LINE ( 'NONE', #9467, #8408 ) ;
#291 = EDGE_LOOP ( 'NONE', ( #9389, #3137, #2416 ) ) ;
#292 = COLOUR_RGB ( '',0.8039215686274510109, 0.8039215686274510109, 0.8039215686274510109 ) ;
#293 = AXIS2_PLACEMENT_3D ( 'NONE', #1050, #4173, #4108 ) ;
#294 = ORIENTED_EDGE ( 'NONE', *, *, #4012, .F. ) ;
#295 = FACE_OUTER_BOUND ( 'NONE', #4017, .T. ) ;
#296 = ORIENTED_EDGE ( 'NONE', *, *, #2070, .F. ) ;
#297 = CARTESIAN_POINT ( 'NONE',  ( 3.646161365725279158, 16.67874069423287153, 0.001000000000000000021 ) ) ;
#298 = CIRCLE ( 'NONE', #2402, 0.1250000000000001110 ) ;
#299 = VERTEX_POINT ( 'NONE', #9242 ) ;
#300 = DIRECTION ( 'NONE',  ( 1.000000000000000000, 0.000000000000000000, 0.000000000000000000 ) ) ;
#301 =( LENGTH_UNIT ( ) NAMED_UNIT ( * ) SI_UNIT ( .MILLI., .METRE. ) );
#302 = CARTESIAN_POINT ( 'NONE',  ( 0.000000000000000000, 16.58588940070004369, 0.001000000000000000021 ) ) ;
#303 = CARTESIAN_POINT ( 'NONE',  ( 0.7250000000000001998, -0.8199999999999997291, 0.01000000000000000021 ) ) ;
#304 = DIRECTION ( 'NONE',  ( -0.000000000000000000, -0.000000000000000000, -1.000000000000000000 ) ) ;
#305 = ORIENTED_EDGE ( 'NONE', *, *, #9049, .F. ) ;
#306 = ORIENTED_EDGE ( 'NONE', *, *, #4571, .T. ) ;
#307 = VECTOR ( 'NONE', #7170, 1000.000000000000000 ) ;
#308 = CARTESIAN_POINT ( 'NONE',  ( 3.151013308007260427, 16.41324954314273654, 0.001000000000000000021 ) ) ;
#309 = CARTESIAN_POINT ( 'NONE',  ( -1.224999999999999423, 0.1249999999999998890, 0.000000000000000000 ) ) ;
#310 = ADVANCED_FACE ( 'NONE', ( #3079 ), #7375, .F. ) ;
#311 = DIRECTION ( 'NONE',  ( -0.002737216023205453833, 0.9999962538172042503, 0.000000000000000000 ) ) ;
#312 = LINE ( 'NONE', #2489, #6212 ) ;
#313 = DIRECTION ( 'NONE',  ( -0.000000000000000000, -0.000000000000000000, -1.000000000000000000 ) ) ;
#314 = FACE_OUTER_BOUND ( 'NONE', #7427, .T. ) ;
#315 = STYLED_ITEM ( 'NONE', ( #1267 ), #1800 ) ;
#316 = LINE ( 'NONE', #6441, #7063 ) ;
#317 = ORIENTED_EDGE ( 'NONE', *, *, #9028, .T. ) ;
#318 = CONTEXT_DEPENDENT_SHAPE_REPRESENTATION ( #985, #6186 ) ;
#319 = CARTESIAN_POINT ( 'NONE',  ( 3.440864684396913287, 16.59736341986284458, 1.694065894508600678E-18 ) ) ;
#320 = EDGE_LOOP ( 'NONE', ( #49, #9959, #8591, #6207 ) ) ;
#321 = ADVANCED_FACE ( 'NONE', ( #7603 ), #870, .F. ) ;
#322 = FACE_OUTER_BOUND ( 'NONE', #711, .T. ) ;
#323 = FACE_OUTER_BOUND ( 'NONE', #6907, .T. ) ;
#324 = VERTEX_POINT ( 'NONE', #3922 ) ;
#325 = DIRECTION ( 'NONE',  ( -0.000000000000000000, -0.000000000000000000, 1.000000000000000000 ) ) ;
#326 = CARTESIAN_POINT ( 'NONE',  ( 2.853924473376450610, 16.43266711403364866, 0.000000000000000000 ) ) ;
#327 = ORIENTED_EDGE ( 'NONE', *, *, #6785, .T. ) ;
#328 = DIRECTION ( 'NONE',  ( 1.000000000000000000, -0.000000000000000000, -0.000000000000000000 ) ) ;
#329 = ORIENTED_EDGE ( 'NONE', *, *, #7137, .F. ) ;
#330 = CLOSED_SHELL ( 'NONE', ( #2819, #6965, #2295, #6277, #6197, #4639, #8207 ) ) ;
#331 = ORIENTED_EDGE ( 'NONE', *, *, #6445, .F. ) ;
#332 = CARTESIAN_POINT ( 'NONE',  ( 3.210501684282120571, 16.63054981374909858, 0.001000000000000000021 ) ) ;
#333 = ORIENTED_EDGE ( 'NONE', *, *, #3523, .T. ) ;
#334 = CARTESIAN_POINT ( 'NONE',  ( 2.999026684943015830, 0.000000000000000000, 0.001000000000000000021 ) ) ;
#335 = LINE ( 'NONE', #434, #133 ) ;
#336 = VERTEX_POINT ( 'NONE', #820 ) ;
#337 = CARTESIAN_POINT ( 'NONE',  ( 3.076167398391417507, 16.56806054015475027, 0.000000000000000000 ) ) ;
#338 = DIRECTION ( 'NONE',  ( 0.000000000000000000, -1.000000000000000000, 0.000000000000000000 ) ) ;
#339 = SURFACE_STYLE_USAGE ( .BOTH. , #1761 ) ;
#340 = ORIENTED_EDGE ( 'NONE', *, *, #2051, .T. ) ;
#341 = VECTOR ( 'NONE', #3276, 1000.000000000000114 ) ;
#342 = ORIENTED_EDGE ( 'NONE', *, *, #2304, .F. ) ;
#343 =( NAMED_UNIT ( * ) SI_UNIT ( $, .STERADIAN. ) SOLID_ANGLE_UNIT ( ) );
#344 = PLANE ( 'NONE',  #7404 ) ;
#345 = EDGE_LOOP ( 'NONE', ( #8064, #3413, #7837, #5212 ) ) ;
#346 = CARTESIAN_POINT ( 'NONE',  ( 3.831157859304063606, 16.53046106197511733, 0.000000000000000000 ) ) ;
#347 = ADVANCED_FACE ( 'NONE', ( #67 ), #9812, .F. ) ;
#348 = EDGE_CURVE ( 'NONE', #5653, #6375, #4547, .T. ) ;
#349 = ORIENTED_EDGE ( 'NONE', *, *, #8544, .F. ) ;
#350 = FILL_AREA_STYLE ('',( #9529 ) ) ;
#351 = VERTEX_POINT ( 'NONE', #19 ) ;
#352 = LINE ( 'NONE', #4824, #2357 ) ;
#353 = DIRECTION ( 'NONE',  ( -0.000000000000000000, -0.000000000000000000, 1.000000000000000000 ) ) ;
#354 = VECTOR ( 'NONE', #2273, 1000.000000000000000 ) ;
#355 = ORIENTED_EDGE ( 'NONE', *, *, #5506, .F. ) ;
#356 = EDGE_LOOP ( 'NONE', ( #6819, #6344, #7118, #4137 ) ) ;
#357 = FACE_OUTER_BOUND ( 'NONE', #8661, .T. ) ;
#358 = DIRECTION ( 'NONE',  ( -1.000000000000000000, 2.365532012695645823E-15, 0.000000000000000000 ) ) ;
#359 =( GEOMETRIC_REPRESENTATION_CONTEXT ( 3 ) GLOBAL_UNCERTAINTY_ASSIGNED_CONTEXT ( ( #8424 ) ) GLOBAL_UNIT_ASSIGNED_CONTEXT ( ( #7668, #3747, #9925 ) ) REPRESENTATION_CONTEXT ( 'NONE', 'WORKASPACE' ) );
#360 = PLANE ( 'NONE',  #9824 ) ;
#361 = CARTESIAN_POINT ( 'NONE',  ( 3.749957108305741915, 16.41625044046226378, 1.694065894508600678E-18 ) ) ;
#362 = CARTESIAN_POINT ( 'NONE',  ( 2.740772992094016924, 16.77300417473965410, 0.001000000000000000021 ) ) ;
#363 = DIRECTION ( 'NONE',  ( -0.3939192985791583057, 0.9191450300180619148, 0.000000000000000000 ) ) ;
#364 =( GEOMETRIC_REPRESENTATION_CONTEXT ( 3 ) GLOBAL_UNCERTAINTY_ASSIGNED_CONTEXT ( ( #4643 ) ) GLOBAL_UNIT_ASSIGNED_CONTEXT ( ( #2989, #8281, #3587 ) ) REPRESENTATION_CONTEXT ( 'NONE', 'WORKASPACE' ) );
#365 = ORIENTED_EDGE ( 'NONE', *, *, #6261, .F. ) ;
#366 = EDGE_CURVE ( 'NONE', #9123, #5047, #5470, .T. ) ;
#367 = ORIENTED_EDGE ( 'NONE', *, *, #8174, .T. ) ;
#368 = APPLICATION_PROTOCOL_DEFINITION ( 'draft international standard', 'automotive_design', 1998, #6731 ) ;
#369 = CARTESIAN_POINT ( 'NONE',  ( 3.673345964972550171, 16.49903990180617797, 0.001000000000000000021 ) ) ;
#370 = ORIENTED_EDGE ( 'NONE', *, *, #2030, .F. ) ;
#371 = CARTESIAN_POINT ( 'NONE',  ( -1.269999999999999574, 1.269999999999999796, 0.7699999999999999067 ) ) ;
#372 = ORIENTED_EDGE ( 'NONE', *, *, #3535, .F. ) ;
#373 = CARTESIAN_POINT ( 'NONE',  ( 0.1291038805578605397, 16.84805641110800067, 0.001000000000000000021 ) ) ;
#374 = CARTESIAN_POINT ( 'NONE',  ( 3.835394420225713308, 16.46797178838075482, 0.000000000000000000 ) ) ;
#375 = ORIENTED_EDGE ( 'NONE', *, *, #6677, .T. ) ;
#376 = DIRECTION ( 'NONE',  ( -0.000000000000000000, -0.000000000000000000, -1.000000000000000000 ) ) ;
#377 = ORIENTED_EDGE ( 'NONE', *, *, #9567, .T. ) ;
#378 = EDGE_CURVE ( 'NONE', #5055, #6432, #8117, .T. ) ;
#379 = ORIENTED_EDGE ( 'NONE', *, *, #5923, .F. ) ;
#380 =( NAMED_UNIT ( * ) SI_UNIT ( $, .STERADIAN. ) SOLID_ANGLE_UNIT ( ) );
#381 = PLANE ( 'NONE',  #7297 ) ;
#382 = CARTESIAN_POINT ( 'NONE',  ( 2.933713037400890844, 16.72410720076891977, 0.000000000000000000 ) ) ;
#383 = EDGE_CURVE ( 'NONE', #8994, #6640, #5305, .T. ) ;
#384 = ORIENTED_EDGE ( 'NONE', *, *, #1556, .F. ) ;
#385 = DIRECTION ( 'NONE',  ( 1.000000000000000000, 0.000000000000000000, -0.000000000000000000 ) ) ;
#386 = CARTESIAN_POINT ( 'NONE',  ( 3.660283235464118157, 16.57547452176763159, 0.000000000000000000 ) ) ;
#387 = SURFACE_SIDE_STYLE ('',( #4959 ) ) ;
#388 = VERTEX_POINT ( 'NONE', #6327 ) ;
#389 = CARTESIAN_POINT ( 'NONE',  ( 2.677499245069797418, 0.004890409580022050430, 0.000000000000000000 ) ) ;
#390 = CARTESIAN_POINT ( 'NONE',  ( 3.061162911793909647, 16.48685978915644057, -1.694065894508600678E-18 ) ) ;
#391 = CARTESIAN_POINT ( 'NONE',  ( 1.224999999999999423, -0.7500000000000004441, 0.000000000000000000 ) ) ;
#392 = CARTESIAN_POINT ( 'NONE',  ( 0.000000000000000000, 16.63107938386431428, 0.001000000000000000021 ) ) ;
#393 = EDGE_LOOP ( 'NONE', ( #9779, #1943, #2929, #6567 ) ) ;
#394 = VERTEX_POINT ( 'NONE', #7998 ) ;
#395 = LINE ( 'NONE', #6717, #1321 ) ;
#396 = DIRECTION ( 'NONE',  ( 0.0004116920194412302162, 0.9999999152548370018, 0.000000000000000000 ) ) ;
#397 = VERTEX_POINT ( 'NONE', #4067 ) ;
#398 = CARTESIAN_POINT ( 'NONE',  ( 1.499999999999999112, 0.1249999999999984873, -0.02000000000000000042 ) ) ;
#399 = ORIENTED_EDGE ( 'NONE', *, *, #8500, .F. ) ;
#400 = PRESENTATION_STYLE_ASSIGNMENT (( #7282 ) ) ;
#401 = DIRECTION ( 'NONE',  ( -0.9834531885891171221, -0.1811624294766949472, 0.000000000000000000 ) ) ;
#402 = PLANE ( 'NONE',  #6282 ) ;
#403 = ORIENTED_EDGE ( 'NONE', *, *, #36, .F. ) ;
#404 = ADVANCED_FACE ( 'NONE', ( #160 ), #3363, .T. ) ;
#405 = EDGE_LOOP ( 'NONE', ( #3538, #3139, #2984 ) ) ;
#406 = MECHANICAL_DESIGN_GEOMETRIC_PRESENTATION_REPRESENTATION (  '', ( #2370 ), #4264 ) ;
#407 = VECTOR ( 'NONE', #3917, 1000.000000000000000 ) ;
#408 = CARTESIAN_POINT ( 'NONE',  ( 1.499999999999999556, -0.8750000000000015543, -0.02000000000000000042 ) ) ;
#409 = DIRECTION ( 'NONE',  ( -0.000000000000000000, -0.000000000000000000, -1.000000000000000000 ) ) ;
#410 = DIRECTION ( 'NONE',  ( 0.5979988466212445841, -0.8014969615910351175, 0.000000000000000000 ) ) ;
#411 = CARTESIAN_POINT ( 'NONE',  ( 3.443336011601217272, 16.44961335772024569, 0.001000000000000000021 ) ) ;
#412 =( LENGTH_UNIT ( ) NAMED_UNIT ( * ) SI_UNIT ( .MILLI., .METRE. ) );
#413 = VECTOR ( 'NONE', #7368, 1000.000000000000000 ) ;
#414 = VECTOR ( 'NONE', #8795, 1000.000000000000000 ) ;
#415 = CARTESIAN_POINT ( 'NONE',  ( 3.290460928505618998, -0.003764829437805906464, 0.000000000000000000 ) ) ;
#416 = EDGE_CURVE ( 'NONE', #5466, #2803, #1864, .T. ) ;
#417 = ORIENTED_EDGE ( 'NONE', *, *, #2199, .F. ) ;
#418 = DIRECTION ( 'NONE',  ( 1.000000000000000000, 0.000000000000000000, 0.000000000000000000 ) ) ;
#419 = VECTOR ( 'NONE', #5213, 1000.000000000000000 ) ;
#420 = ORIENTED_EDGE ( 'NONE', *, *, #9567, .F. ) ;
#421 = CARTESIAN_POINT ( 'NONE',  ( 0.05943182265730929253, 16.40318305692660772, 0.001000000000000000021 ) ) ;
#422 = CYLINDRICAL_SURFACE ( 'NONE', #8229, 0.05000000000000002359 ) ;
#423 = CARTESIAN_POINT ( 'NONE',  ( 0.7250000000000001998, 0.8199999999999995071, -0.02000000000000000042 ) ) ;
#424 = CARTESIAN_POINT ( 'NONE',  ( 2.912177186049166533, 16.75782316477041789, 0.001000000000000000021 ) ) ;
#425 =( GEOMETRIC_REPRESENTATION_CONTEXT ( 3 ) GLOBAL_UNCERTAINTY_ASSIGNED_CONTEXT ( ( #4973 ) ) GLOBAL_UNIT_ASSIGNED_CONTEXT ( ( #6539, #8943, #525 ) ) REPRESENTATION_CONTEXT ( 'NONE', 'WORKASPACE' ) );
#426 = DIRECTION ( 'NONE',  ( 0.000000000000000000, 1.000000000000000000, -0.000000000000000000 ) ) ;
#427 = ORIENTED_EDGE ( 'NONE', *, *, #608, .F. ) ;
#428 = CARTESIAN_POINT ( 'NONE',  ( 3.495763453006649257, 16.79171565214358708, 0.000000000000000000 ) ) ;
#429 = ORIENTED_EDGE ( 'NONE', *, *, #9003, .F. ) ;
#430 = ORIENTED_EDGE ( 'NONE', *, *, #1598, .T. ) ;
#431 = CARTESIAN_POINT ( 'NONE',  ( -1.224999999999999867, 0.2499999999999998890, 0.1829999999927167664 ) ) ;
#432 = VECTOR ( 'NONE', #7294, 1000.000000000000000 ) ;
#433 = ORIENTED_EDGE ( 'NONE', *, *, #10021, .F. ) ;
#434 = CARTESIAN_POINT ( 'NONE',  ( 3.509698368240530719, 0.003211068955317883476, 0.000000000000000000 ) ) ;
#435 = VERTEX_POINT ( 'NONE', #303 ) ;
#436 = EDGE_CURVE ( 'NONE', #9972, #9157, #4024, .T. ) ;
#437 = FACE_OUTER_BOUND ( 'NONE', #2507, .T. ) ;
#438 = CARTESIAN_POINT ( 'NONE',  ( 3.073343024443654592, 16.45614472247444837, -1.694065894508600678E-18 ) ) ;
#439 = VECTOR ( 'NONE', #1928, 1000.000000000000114 ) ;
#440 = FACE_OUTER_BOUND ( 'NONE', #2613, .T. ) ;
#441 = EDGE_LOOP ( 'NONE', ( #2720, #6851, #3926, #5830 ) ) ;
#442 = CIRCLE ( 'NONE', #1423, 0.1250000000000001110 ) ;
#443 = ORIENTED_EDGE ( 'NONE', *, *, #3233, .F. ) ;
#444 = VERTEX_POINT ( 'NONE', #3971 ) ;
#445 = CARTESIAN_POINT ( 'NONE',  ( 1.224999999999999201, -0.1249999999999996808, -0.02000000000000000042 ) ) ;
#446 = ORIENTED_EDGE ( 'NONE', *, *, #6196, .T. ) ;
#447 = PLANE ( 'NONE',  #5403 ) ;
#448 = ORIENTED_EDGE ( 'NONE', *, *, #8815, .T. ) ;
#449 = ADVANCED_FACE ( 'NONE', ( #7087 ), #8813, .F. ) ;
#450 =( NAMED_UNIT ( * ) PLANE_ANGLE_UNIT ( ) SI_UNIT ( $, .RADIAN. ) );
#451 = VECTOR ( 'NONE', #8200, 1000.000000000000000 ) ;
#452 = DIRECTION ( 'NONE',  ( -0.9999506637101148732, 0.009933284738731439426, 0.000000000000000000 ) ) ;
#453 = DIRECTION ( 'NONE',  ( -0.000000000000000000, -0.000000000000000000, -1.000000000000000000 ) ) ;
#454 = EDGE_CURVE ( 'NONE', #4964, #4244, #3630, .T. ) ;
#455 = ORIENTED_EDGE ( 'NONE', *, *, #7092, .T. ) ;
#456 = AXIS2_PLACEMENT_3D ( 'NONE', #3354, #6671, #9577 ) ;
#457 = VECTOR ( 'NONE', #543, 1000.000000000000000 ) ;
#458 = EDGE_LOOP ( 'NONE', ( #6389, #5499, #7822, #125 ) ) ;
#459 = CARTESIAN_POINT ( 'NONE',  ( 3.505119191708629955, 16.58730158767390961, 0.000000000000000000 ) ) ;
#460 = CARTESIAN_POINT ( 'NONE',  ( 2.810499723929526628, 16.72887333180576874, 0.001000000000000000021 ) ) ;
#461 = AXIS2_PLACEMENT_3D ( 'NONE', #7907, #6428, #6370 ) ;
#462 = LINE ( 'NONE', #2382, #3855 ) ;
#463 = CARTESIAN_POINT ( 'NONE',  ( 0.1116976285321055889, 16.53124902287799713, 0.001000000000000000021 ) ) ;
#464 = LINE ( 'NONE', #8374, #3215 ) ;
#465 = CIRCLE ( 'NONE', #3520, 0.1249999999999998890 ) ;
#466 = ORIENTED_EDGE ( 'NONE', *, *, #8689, .F. ) ;
#467 = VECTOR ( 'NONE', #9440, 1000.000000000000000 ) ;
#468 = LINE ( 'NONE', #5924, #3898 ) ;
#469 = FACE_OUTER_BOUND ( 'NONE', #205, .T. ) ;
#470 = ORIENTED_EDGE ( 'NONE', *, *, #116, .F. ) ;
#471 = EDGE_CURVE ( 'NONE', #8369, #3255, #1016, .T. ) ;
#472 = DIRECTION ( 'NONE',  ( 1.000000000000000000, 0.000000000000000000, 0.000000000000000000 ) ) ;
#473 = CIRCLE ( 'NONE', #6131, 0.03000000000000007869 ) ;
#474 = VERTEX_POINT ( 'NONE', #4924 ) ;
#475 = DIRECTION ( 'NONE',  ( -0.000000000000000000, -0.000000000000000000, -1.000000000000000000 ) ) ;
#476 = CARTESIAN_POINT ( 'NONE',  ( 3.749957108305741915, 16.41625044046226378, 0.001000000000000001756 ) ) ;
#477 = CARTESIAN_POINT ( 'NONE',  ( 3.125240895733882418, 16.72322458391026245, 0.001000000000000000021 ) ) ;
#478 = ORIENTED_EDGE ( 'NONE', *, *, #4873, .F. ) ;
#479 = CARTESIAN_POINT ( 'NONE',  ( 0.6750000000000001554, 0.8199999999999998401, 0.01000000000000000021 ) ) ;
#480 = ORIENTED_EDGE ( 'NONE', *, *, #561, .F. ) ;
#481 = ORIENTED_EDGE ( 'NONE', *, *, #8576, .T. ) ;
#482 = DIRECTION ( 'NONE',  ( -1.000000000000000000, 3.942553354492742545E-16, 0.000000000000000000 ) ) ;
#483 = DIRECTION ( 'NONE',  ( -0.000000000000000000, -0.000000000000000000, 1.000000000000000000 ) ) ;
#484 = ORIENTED_EDGE ( 'NONE', *, *, #6941, .T. ) ;
#485 =( NAMED_UNIT ( * ) PLANE_ANGLE_UNIT ( ) SI_UNIT ( $, .RADIAN. ) );
#486 = CARTESIAN_POINT ( 'NONE',  ( 0.05943182265730929253, 16.40318305692660772, 0.000000000000000000 ) ) ;
#487 = CARTESIAN_POINT ( 'NONE',  ( 2.747127833476488590, 16.78183034332643331, 0.001000000000000000021 ) ) ;
#488 = ORIENTED_EDGE ( 'NONE', *, *, #1774, .T. ) ;
#489 = CARTESIAN_POINT ( 'NONE',  ( -1.224999999999999867, 0.7499999999999998890, 0.1829999999927167664 ) ) ;
#490 = CARTESIAN_POINT ( 'NONE',  ( 2.721531944574842932, 16.70027654558460384, 0.001000000000000000021 ) ) ;
#491 = LINE ( 'NONE', #9772, #6424 ) ;
#492 = AXIS2_PLACEMENT_3D ( 'NONE', #9643, #8881, #8826 ) ;
#493 =( NAMED_UNIT ( * ) SI_UNIT ( $, .STERADIAN. ) SOLID_ANGLE_UNIT ( ) );
#494 = EDGE_LOOP ( 'NONE', ( #7979, #4905, #7714, #9403 ) ) ;
#495 = AXIS2_PLACEMENT_3D ( 'NONE', #9126, #2172, #8365 ) ;
#496 = CARTESIAN_POINT ( 'NONE',  ( 3.095761492654057090, 16.63054981374909858, 0.001000000000000000021 ) ) ;
#497 = ADVANCED_FACE ( 'NONE', ( #8766 ), #6426, .T. ) ;
#498 = ORIENTED_EDGE ( 'NONE', *, *, #80, .T. ) ;
#499 = PLANE ( 'NONE',  #8458 ) ;
#500 = DIRECTION ( 'NONE',  ( -0.000000000000000000, -0.000000000000000000, -1.000000000000000000 ) ) ;
#501 = VERTEX_POINT ( 'NONE', #8319 ) ;
#502 = CARTESIAN_POINT ( 'NONE',  ( -0.03787629194151851536, 16.66556845160959099, 0.000000000000000000 ) ) ;
#503 = VERTEX_POINT ( 'NONE', #9078 ) ;
#504 = PRESENTATION_STYLE_ASSIGNMENT (( #2224 ) ) ;
#505 = LINE ( 'NONE', #6675, #6387 ) ;
#506 = FACE_OUTER_BOUND ( 'NONE', #9578, .T. ) ;
#507 = EDGE_LOOP ( 'NONE', ( #4306, #3528, #4960, #8156 ) ) ;
#508 = VECTOR ( 'NONE', #5853, 1000.000000000000000 ) ;
#509 = ADVANCED_FACE ( 'NONE', ( #4380 ), #8160, .F. ) ;
#510 = EDGE_LOOP ( 'NONE', ( #9129, #8708, #9038, #3937 ) ) ;
#511 = DIRECTION ( 'NONE',  ( -1.000000000000000000, 0.000000000000000000, 0.000000000000000000 ) ) ;
#512 = ADVANCED_FACE ( 'NONE', ( #8919 ), #7545, .T. ) ;
#513 = DIRECTION ( 'NONE',  ( -1.000000000000000000, 0.000000000000000000, 0.000000000000000000 ) ) ;
#514 = CARTESIAN_POINT ( 'NONE',  ( 3.793558381124408019, 16.45155511480933441, 0.001000000000000001756 ) ) ;
#515 = PRODUCT_RELATED_PRODUCT_CATEGORY ( 'part', '', ( #2314 ) ) ;
#516 = LINE ( 'NONE', #1324, #7393 ) ;
#517 = ORIENTED_EDGE ( 'NONE', *, *, #6163, .T. ) ;
#518 = CIRCLE ( 'NONE', #6173, 0.1250000000000001110 ) ;
#519 = EDGE_LOOP ( 'NONE', ( #4821, #8972, #2847, #3645 ) ) ;
#520 = CARTESIAN_POINT ( 'NONE',  ( 3.821449073858611989, 16.51104349108420521, 0.000000000000000000 ) ) ;
#521 = CARTESIAN_POINT ( 'NONE',  ( 1.470000000000000195, -1.469999999999999973, 0.7800000000000000266 ) ) ;
#522 = ORIENTED_EDGE ( 'NONE', *, *, #152, .F. ) ;
#523 = ADVANCED_FACE ( 'NONE', ( #7333 ), #6573, .F. ) ;
#524 = PLANE ( 'NONE',  #6232 ) ;
#525 =( NAMED_UNIT ( * ) SI_UNIT ( $, .STERADIAN. ) SOLID_ANGLE_UNIT ( ) );
#526 = STYLED_ITEM ( 'NONE', ( #534 ), #6265 ) ;
#527 = CARTESIAN_POINT ( 'NONE',  ( 3.781554791846390984, 16.59665732637590096, 0.001000000000000000021 ) ) ;
#528 = CARTESIAN_POINT ( 'NONE',  ( 1.470000000000000195, 1.469999999999999973, 0.7800000000000000266 ) ) ;
#529 = EDGE_CURVE ( 'NONE', #5006, #3213, #3262, .T. ) ;
#530 = VERTEX_POINT ( 'NONE', #8268 ) ;
#531 = SHAPE_REPRESENTATION_RELATIONSHIP ( 'NONE' , 'NONE' ,  #6863, #9940 ) ;
#532 = EDGE_CURVE ( 'NONE', #8092, #7391, #9783, .T. ) ;
#533 = LINE ( 'NONE', #6704, #7848 ) ;
#534 = PRESENTATION_STYLE_ASSIGNMENT (( #5115 ) ) ;
#535 = VERTEX_POINT ( 'NONE', #8216 ) ;
#536 =( LENGTH_UNIT ( ) NAMED_UNIT ( * ) SI_UNIT ( .MILLI., .METRE. ) );
#537 = DIRECTION ( 'NONE',  ( -0.9996645893473146138, -0.02589804635614198491, 0.000000000000000000 ) ) ;
#538 = DIRECTION ( 'NONE',  ( 1.000000000000000000, 0.000000000000000000, 0.000000000000000000 ) ) ;
#539 = ORIENTED_EDGE ( 'NONE', *, *, #7817, .T. ) ;
#540 = SURFACE_STYLE_FILL_AREA ( #4465 ) ;
#541 = LINE ( 'NONE', #2760, #7895 ) ;
#542 = DIRECTION ( 'NONE',  ( 1.000000000000000000, 0.000000000000000000, 0.000000000000000000 ) ) ;
#543 = DIRECTION ( 'NONE',  ( -0.000000000000000000, -0.000000000000000000, -1.000000000000000000 ) ) ;
#544 = ORIENTED_EDGE ( 'NONE', *, *, #3842, .F. ) ;
#545 = EDGE_CURVE ( 'NONE', #2419, #7534, #1919, .T. ) ;
#546 = DIRECTION ( 'NONE',  ( -0.9999989154995179153, -0.001472752453019140562, 0.000000000000000000 ) ) ;
#547 = DIRECTION ( 'NONE',  ( 0.01204731841465963259, 0.9999274284261912005, 0.000000000000000000 ) ) ;
#548 = ORIENTED_EDGE ( 'NONE', *, *, #2764, .T. ) ;
#549 = EDGE_LOOP ( 'NONE', ( #7900, #355, #6872, #375 ) ) ;
#550 = DIRECTION ( 'NONE',  ( -0.000000000000000000, -0.000000000000000000, -1.000000000000000000 ) ) ;
#551 = CARTESIAN_POINT ( 'NONE',  ( 1.224999999999999201, 0.6249999999999985567, 0.1830000002200904419 ) ) ;
#552 = DIRECTION ( 'NONE',  ( -0.000000000000000000, -0.000000000000000000, -1.000000000000000000 ) ) ;
#553 = EDGE_CURVE ( 'NONE', #5339, #1007, #4977, .T. ) ;
#554 = DIRECTION ( 'NONE',  ( 1.000000000000000000, 0.000000000000000000, -0.000000000000000000 ) ) ;
#555 = ORIENTED_EDGE ( 'NONE', *, *, #7281, .T. ) ;
#556 = ORIENTED_EDGE ( 'NONE', *, *, #7964, .F. ) ;
#557 = DIRECTION ( 'NONE',  ( -0.000000000000000000, -0.000000000000000000, -1.000000000000000000 ) ) ;
#558 = CARTESIAN_POINT ( 'NONE',  ( 3.730716060786571475, 16.79489307283483512, 0.001000000000000000021 ) ) ;
#559 = FILL_AREA_STYLE ('',( #7500 ) ) ;
#560 = CARTESIAN_POINT ( 'NONE',  ( 3.784379165794165001, 16.47538576999362547, 0.001000000000000001756 ) ) ;
#561 = EDGE_CURVE ( 'NONE', #5646, #8757, #8101, .T. ) ;
#562 = ADVANCED_FACE ( 'NONE', ( #506 ), #6676, .F. ) ;
#563 = DIRECTION ( 'NONE',  ( -0.000000000000000000, -0.000000000000000000, 1.000000000000000000 ) ) ;
#564 = ADVANCED_FACE ( 'NONE', ( #2821 ), #4227, .F. ) ;
#565 = STYLED_ITEM ( 'NONE', ( #8462 ), #8676 ) ;
#566 = ORIENTED_EDGE ( 'NONE', *, *, #8311, .F. ) ;
#567 = AXIS2_PLACEMENT_3D ( 'NONE', #2531, #2729, #6580 ) ;
#568 = ORIENTED_EDGE ( 'NONE', *, *, #4255, .T. ) ;
#569 = LINE ( 'NONE', #9862, #9418 ) ;
#570 = CIRCLE ( 'NONE', #9471, 0.03000000000000007869 ) ;
#571 = VECTOR ( 'NONE', #8864, 1000.000000000000000 ) ;
#572 = ORIENTED_EDGE ( 'NONE', *, *, #454, .F. ) ;
#573 = EDGE_CURVE ( 'NONE', #4112, #6514, #9021, .T. ) ;
#574 = CARTESIAN_POINT ( 'NONE',  ( 2.924886868814120966, 16.79948268049995264, 0.000000000000000000 ) ) ;
#575 = EDGE_CURVE ( 'NONE', #4316, #1542, #3469, .T. ) ;
#576 = DIRECTION ( 'NONE',  ( -0.000000000000000000, -0.000000000000000000, 1.000000000000000000 ) ) ;
#577 = VERTEX_POINT ( 'NONE', #6016 ) ;
#578 = ORIENTED_EDGE ( 'NONE', *, *, #6685, .T. ) ;
#579 =( LENGTH_UNIT ( ) NAMED_UNIT ( * ) SI_UNIT ( .MILLI., .METRE. ) );
#580 = STYLED_ITEM ( 'NONE', ( #5933 ), #9252 ) ;
#581 = STYLED_ITEM ( 'NONE', ( #9289 ), #8575 ) ;
#582 = EDGE_CURVE ( 'NONE', #8994, #3807, #812, .T. ) ;
#583 = CARTESIAN_POINT ( 'NONE',  ( 0.000000000000000000, 0.000000000000000000, 0.7800000000000000266 ) ) ;
#584 = DIRECTION ( 'NONE',  ( -0.000000000000000000, 1.000000000000000000, -0.000000000000000000 ) ) ;
#585 = EDGE_LOOP ( 'NONE', ( #604, #6982, #4241, #4551 ) ) ;
#586 = DIRECTION ( 'NONE',  ( -0.000000000000000000, -0.000000000000000000, 1.000000000000000000 ) ) ;
#587 = LINE ( 'NONE', #6758, #2085 ) ;
#588 = CARTESIAN_POINT ( 'NONE',  ( 0.000000000000000000, 16.66373620763538810, 0.001000000000000000021 ) ) ;
#589 = COLOUR_RGB ( '',0.9607843137254902244, 0.9607843137254902244, 0.9607843137254902244 ) ;
#590 = VERTEX_POINT ( 'NONE', #7595 ) ;
#591 = DIRECTION ( 'NONE',  ( -1.000000000000000000, 0.000000000000000000, -0.000000000000000000 ) ) ;
#592 =( NAMED_UNIT ( * ) SI_UNIT ( $, .STERADIAN. ) SOLID_ANGLE_UNIT ( ) );
#593 = ADVANCED_FACE ( 'NONE', ( #59 ), #1428, .F. ) ;
#594 = VECTOR ( 'NONE', #9694, 1000.000000000000000 ) ;
#595 = PRESENTATION_LAYER_ASSIGNMENT (  '', '', ( #2370 ) ) ;
#596 = CARTESIAN_POINT ( 'NONE',  ( 3.376963223828672866, 16.42101657149909499, 0.0009999999999999982861 ) ) ;
#597 = ORIENTED_EDGE ( 'NONE', *, *, #4414, .T. ) ;
#598 = LINE ( 'NONE', #3707, #5911 ) ;
#599 = VECTOR ( 'NONE', #7697, 1000.000000000000000 ) ;
#600 = LINE ( 'NONE', #7633, #1157 ) ;
#601 = CARTESIAN_POINT ( 'NONE',  ( 3.309707819197460044, 16.81801763453219678, 0.001000000000000000021 ) ) ;
#602 = ORIENTED_EDGE ( 'NONE', *, *, #5712, .F. ) ;
#603 = CARTESIAN_POINT ( 'NONE',  ( -1.224999999999999423, -0.6250000000000001110, 0.1830000000000000238 ) ) ;
#604 = ORIENTED_EDGE ( 'NONE', *, *, #3711, .T. ) ;
#605 = FACE_OUTER_BOUND ( 'NONE', #3759, .T. ) ;
#606 = EDGE_CURVE ( 'NONE', #4340, #1997, #9901, .T. ) ;
#607 = AXIS2_PLACEMENT_3D ( 'NONE', #7458, #4237, #5098 ) ;
#608 = EDGE_CURVE ( 'NONE', #8752, #1670, #2799, .T. ) ;
#609 = CARTESIAN_POINT ( 'NONE',  ( 3.567516057160415865, -0.01928387057977457020, 0.001000000000000000021 ) ) ;
#610 = SURFACE_STYLE_FILL_AREA ( #6832 ) ;
#611 = ORIENTED_EDGE ( 'NONE', *, *, #6966, .F. ) ;
#612 = VERTEX_POINT ( 'NONE', #715 ) ;
#613 = B_SPLINE_SURFACE_WITH_KNOTS ( 'NONE', 3, 1, ( 
 ( #2165, #7632 ),
 ( #9887, #8407 ),
 ( #3564, #708 ),
 ( #6716, #8206 ) ),
 .UNSPECIFIED., .F., .F., .F.,
 ( 4, 4 ),
 ( 2, 2 ),
 ( 0.1538461538461539102, 0.2307692307692308098 ),
 ( 0.000000000000000000, 1.000000000000000000 ),
 .UNSPECIFIED. ) ;
#614 = LINE ( 'NONE', #9787, #740 ) ;
#615 = AXIS2_PLACEMENT_3D ( 'NONE', #4246, #8945, #9761 ) ;
#616 = CARTESIAN_POINT ( 'NONE',  ( 2.810499723929526628, 16.72887333180576874, 0.000000000000000000 ) ) ;
#617 = UNCERTAINTY_MEASURE_WITH_UNIT (LENGTH_MEASURE( 1.000000000000000082E-05 ), #966, 'distance_accuracy_value', 'NONE');
#618 = PLANE ( 'NONE',  #9650 ) ;
#619 = FILL_AREA_STYLE_COLOUR ( '', #895 ) ;
#620 = DIRECTION ( 'NONE',  ( 0.000000000000000000, 0.000000000000000000, 1.000000000000000000 ) ) ;
#621 = CARTESIAN_POINT ( 'NONE',  ( 1.224999999999999201, -0.3750000000000014433, -0.02000000000000000042 ) ) ;
#622 = AXIS2_PLACEMENT_3D ( 'NONE', #8303, #7369, #5064 ) ;
#623 = ORIENTED_EDGE ( 'NONE', *, *, #5184, .F. ) ;
#624 = VECTOR ( 'NONE', #7217, 999.9999999999998863 ) ;
#625 = EDGE_CURVE ( 'NONE', #9951, #3196, #1422, .T. ) ;
#626 = CARTESIAN_POINT ( 'NONE',  ( 3.006087619812437772, 16.62648977619918966, 0.001000000000000000021 ) ) ;
#627 = ORIENTED_EDGE ( 'NONE', *, *, #7672, .T. ) ;
#628 = LINE ( 'NONE', #3687, #5347 ) ;
#629 = AXIS2_PLACEMENT_3D ( 'NONE', #479, #3596, #1996 ) ;
#630 = EDGE_LOOP ( 'NONE', ( #6022, #2949, #9067, #3405, #4896 ) ) ;
#631 = CARTESIAN_POINT ( 'NONE',  ( 2.175015585681802310, 16.75376312722047345, 0.000000000000000000 ) ) ;
#632 = CARTESIAN_POINT ( 'NONE',  ( 1.224999999999999423, -0.8750000000000014433, -0.02000000000000000042 ) ) ;
#633 = LINE ( 'NONE', #1453, #7910 ) ;
#634 = EDGE_LOOP ( 'NONE', ( #749, #7482, #15, #5433 ) ) ;
#635 = ORIENTED_EDGE ( 'NONE', *, *, #9998, .F. ) ;
#636 = SURFACE_STYLE_FILL_AREA ( #7621 ) ;
#637 = ADVANCED_FACE ( 'NONE', ( #2372 ), #7641, .F. ) ;
#638 = CARTESIAN_POINT ( 'NONE',  ( 1.499999999999999556, 0.8749999999999996669, 0.1830000000000000238 ) ) ;
#639 = CARTESIAN_POINT ( 'NONE',  ( 3.121357381555703636, 16.44625941365725907, 0.001000000000000000021 ) ) ;
#640 = COLOUR_RGB ( '',0.8039215686274510109, 0.8039215686274510109, 0.8039215686274510109 ) ;
#641 = ORIENTED_EDGE ( 'NONE', *, *, #5509, .F. ) ;
#642 = CARTESIAN_POINT ( 'NONE',  ( 1.500000000000000222, -1.469999999999999973, 0.7800000000000000266 ) ) ;
#643 = CARTESIAN_POINT ( 'NONE',  ( 3.256927331048551810, 16.63072633712083004, 0.001000000000000000021 ) ) ;
#644 = FACE_OUTER_BOUND ( 'NONE', #8094, .T. ) ;
#645 = EDGE_CURVE ( 'NONE', #2941, #4771, #8464, .T. ) ;
#646 = ORIENTED_EDGE ( 'NONE', *, *, #3730, .F. ) ;
#647 = LINE ( 'NONE', #6557, #5773 ) ;
#648 = ADVANCED_FACE ( 'NONE', ( #3026 ), #5388, .F. ) ;
#649 = B_SPLINE_CURVE_WITH_KNOTS ( 'NONE', 3,
 ( #487, #8197, #9106, #2161 ),
 .UNSPECIFIED., .F., .F.,
 ( 4, 4 ),
 ( 0.2500000000000000000, 0.5000000000000000000 ),
 .UNSPECIFIED. ) ;
#650 = CARTESIAN_POINT ( 'NONE',  ( -1.469999999999999751, 1.469999999999999973, 0.7500000000000000000 ) ) ;
#651 = CARTESIAN_POINT ( 'NONE',  ( 9.914889184844570380, 7.282122000169334086, 0.000000000000000000 ) ) ;
#652 = ORIENTED_EDGE ( 'NONE', *, *, #9800, .T. ) ;
#653 = DIRECTION ( 'NONE',  ( 1.000000000000000000, -0.000000000000000000, -0.000000000000000000 ) ) ;
#654 = LINE ( 'NONE', #7, #5840 ) ;
#655 = CARTESIAN_POINT ( 'NONE',  ( 3.646161365725279158, 16.67874069423287153, 0.001000000000000000021 ) ) ;
#656 = ORIENTED_EDGE ( 'NONE', *, *, #3004, .F. ) ;
#657 = CARTESIAN_POINT ( 'NONE',  ( 3.446336908920713427, 16.45508558224401696, 0.001000000000000000021 ) ) ;
#658 = ORIENTED_EDGE ( 'NONE', *, *, #5784, .F. ) ;
#659 = SURFACE_SIDE_STYLE ('',( #2871 ) ) ;
#660 = VECTOR ( 'NONE', #5765, 1000.000000000000000 ) ;
#661 = PRESENTATION_STYLE_ASSIGNMENT (( #9125 ) ) ;
#662 = LINE ( 'NONE', #3716, #828 ) ;
#663 = DIRECTION ( 'NONE',  ( 0.000000000000000000, -0.000000000000000000, -1.000000000000000000 ) ) ;
#664 = VERTEX_POINT ( 'NONE', #7025 ) ;
#665 = EDGE_CURVE ( 'NONE', #1967, #6756, #4586, .T. ) ;
#666 = VERTEX_POINT ( 'NONE', #8515 ) ;
#667 = EDGE_CURVE ( 'NONE', #7969, #855, #6630, .T. ) ;
#668 = CARTESIAN_POINT ( 'NONE',  ( 2.992848366932272963, 16.64484820685967037, 0.000000000000000000 ) ) ;
#669 = DIRECTION ( 'NONE',  ( 1.000000000000000000, 0.000000000000000000, 0.000000000000000000 ) ) ;
#670 = CARTESIAN_POINT ( 'NONE',  ( 3.095761492654057090, 16.63054981374909858, 0.001000000000000000021 ) ) ;
#671 = SURFACE_STYLE_FILL_AREA ( #1630 ) ;
#672 = DIRECTION ( 'NONE',  ( -1.000000000000000000, 3.942553354492742545E-16, 0.000000000000000000 ) ) ;
#673 = AXIS2_PLACEMENT_3D ( 'NONE', #8299, #1350, #7526 ) ;
#674 = DIRECTION ( 'NONE',  ( -0.000000000000000000, -0.000000000000000000, -1.000000000000000000 ) ) ;
#675 = DIRECTION ( 'NONE',  ( 0.000000000000000000, -0.000000000000000000, 1.000000000000000000 ) ) ;
#676 = ORIENTED_EDGE ( 'NONE', *, *, #378, .T. ) ;
#677 = ORIENTED_EDGE ( 'NONE', *, *, #5320, .F. ) ;
#678 = B_SPLINE_CURVE_WITH_KNOTS ( 'NONE', 3,
 ( #8027, #4158, #1091, #3394 ),
 .UNSPECIFIED., .F., .F.,
 ( 4, 4 ),
 ( 0.2000000000000000111, 0.4000000000000000222 ),
 .UNSPECIFIED. ) ;
#679 = AXIS2_PLACEMENT_3D ( 'NONE', #7253, #5669, #6346 ) ;
#680 = CLOSED_SHELL ( 'NONE', ( #8154, #10005, #2784, #5965, #9405, #7186 ) ) ;
#681 = FILL_AREA_STYLE ('',( #1076 ) ) ;
#682 = CARTESIAN_POINT ( 'NONE',  ( 0.000000000000000000, 0.000000000000000000, 0.001000000000000000021 ) ) ;
#683 = ORIENTED_EDGE ( 'NONE', *, *, #1209, .T. ) ;
#684 = DIRECTION ( 'NONE',  ( -0.000000000000000000, -0.000000000000000000, 1.000000000000000000 ) ) ;
#685 = DIRECTION ( 'NONE',  ( 0.005464399289685873372, 0.9999850700587498142, 0.000000000000000000 ) ) ;
#686 = ORIENTED_EDGE ( 'NONE', *, *, #4166, .T. ) ;
#687 = CARTESIAN_POINT ( 'NONE',  ( 2.185253941242461639, 16.74970308967056809, 0.001000000000000000021 ) ) ;
#688 = PLANE ( 'NONE',  #7054 ) ;
#689 = DIRECTION ( 'NONE',  ( -0.000000000000000000, -0.000000000000000000, -1.000000000000000000 ) ) ;
#690 = EDGE_CURVE ( 'NONE', #8147, #2133, #662, .T. ) ;
#691 = VECTOR ( 'NONE', #1911, 1000.000000000000000 ) ;
#692 = CARTESIAN_POINT ( 'NONE',  ( 3.494704312776238719, 16.39171369179099003, 0.001000000000000000021 ) ) ;
#693 = ORIENTED_EDGE ( 'NONE', *, *, #4065, .T. ) ;
#694 = CARTESIAN_POINT ( 'NONE',  ( 1.499999999999999556, 0.3749999999999996669, 0.000000000000000000 ) ) ;
#695 = ORIENTED_EDGE ( 'NONE', *, *, #6213, .T. ) ;
#696 = CARTESIAN_POINT ( 'NONE',  ( 3.784379165794165001, 16.47538576999362547, 0.001000000000000001756 ) ) ;
#697 = CARTESIAN_POINT ( 'NONE',  ( 3.256927331048551810, 16.63072633712083004, 0.000000000000000000 ) ) ;
#698 = LINE ( 'NONE', #3602, #6805 ) ;
#699 = MECHANICAL_DESIGN_GEOMETRIC_PRESENTATION_REPRESENTATION (  '', ( #7966 ), #8300 ) ;
#700 =( LENGTH_UNIT ( ) NAMED_UNIT ( * ) SI_UNIT ( .MILLI., .METRE. ) );
#701 = SURFACE_SIDE_STYLE ('',( #1508 ) ) ;
#702 = CARTESIAN_POINT ( 'NONE',  ( 2.693817775212373533, 16.42278180521647357, 0.001000000000000000021 ) ) ;
#703 = DIRECTION ( 'NONE',  ( -0.000000000000000000, -0.000000000000000000, -1.000000000000000000 ) ) ;
#704 = ORIENTED_EDGE ( 'NONE', *, *, #1809, .T. ) ;
#705 = B_SPLINE_SURFACE_WITH_KNOTS ( 'NONE', 3, 1, ( 
 ( #7821, #6343 ),
 ( #3054, #2346 ),
 ( #5419, #885 ),
 ( #1607, #7770 ) ),
 .UNSPECIFIED., .F., .F., .F.,
 ( 4, 4 ),
 ( 2, 2 ),
 ( 0.4000000000000000222, 0.4666666666666666741 ),
 ( 0.000000000000000000, 1.000000000000000000 ),
 .UNSPECIFIED. ) ;
#706 = EDGE_CURVE ( 'NONE', #6487, #4206, #2227, .T. ) ;
#707 = VECTOR ( 'NONE', #1882, 1000.000000000000000 ) ;
#708 = CARTESIAN_POINT ( 'NONE',  ( 3.534245548044983476, 16.54122898765098526, 0.000000000000000000 ) ) ;
#709 = EDGE_CURVE ( 'NONE', #4535, #8936, #4348, .T. ) ;
#710 = CARTESIAN_POINT ( 'NONE',  ( 1.499999999999999556, 0.8749999999999996669, 0.1830000000000000238 ) ) ;
#711 = EDGE_LOOP ( 'NONE', ( #2510, #7505, #466, #1186 ) ) ;
#712 = CARTESIAN_POINT ( 'NONE',  ( -0.6749999999999997113, -0.8200000000000000622, -0.02000000000000000042 ) ) ;
#713 = ORIENTED_EDGE ( 'NONE', *, *, #7996, .F. ) ;
#714 = PRESENTATION_STYLE_ASSIGNMENT (( #2465 ) ) ;
#715 = CARTESIAN_POINT ( 'NONE',  ( -1.224999999999999423, -0.6250000000000001110, 0.000000000000000000 ) ) ;
#716 = ORIENTED_EDGE ( 'NONE', *, *, #5487, .T. ) ;
#717 = CARTESIAN_POINT ( 'NONE',  ( -1.269999999999999574, 1.269999999999999796, 0.7699999999999999067 ) ) ;
#718 = CARTESIAN_POINT ( 'NONE',  ( 2.682343756049562433, 16.38959541133016273, 0.000000000000000000 ) ) ;
#719 = UNCERTAINTY_MEASURE_WITH_UNIT (LENGTH_MEASURE( 1.000000000000000082E-05 ), #3462, 'distance_accuracy_value', 'NONE');
#720 = CARTESIAN_POINT ( 'NONE',  ( -0.000000000000000000, 16.47556229336537825, 0.000000000000000000 ) ) ;
#721 = DIRECTION ( 'NONE',  ( 0.000000000000000000, -0.000000000000000000, 1.000000000000000000 ) ) ;
#722 = CARTESIAN_POINT ( 'NONE',  ( 3.372197092791819006, 16.38800670098454404, 1.694065894508600678E-18 ) ) ;
#723 = ADVANCED_FACE ( 'NONE', ( #1477 ), #6744, .F. ) ;
#724 = CARTESIAN_POINT ( 'NONE',  ( 1.499999999999999556, -0.6250000000000003331, 0.1830000000000000238 ) ) ;
#725 = CARTESIAN_POINT ( 'NONE',  ( -1.499999999999999556, -0.6250000000000000000, 0.1830000000000000238 ) ) ;
#726 = ORIENTED_EDGE ( 'NONE', *, *, #4167, .F. ) ;
#727 = ORIENTED_EDGE ( 'NONE', *, *, #891, .F. ) ;
#728 = DIRECTION ( 'NONE',  ( -0.000000000000000000, -0.000000000000000000, -1.000000000000000000 ) ) ;
#729 = CARTESIAN_POINT ( 'NONE',  ( 3.793558381124408019, 16.45155511480933441, 1.694065894508600678E-18 ) ) ;
#730 = ORIENTED_EDGE ( 'NONE', *, *, #2687, .T. ) ;
#731 = CARTESIAN_POINT ( 'NONE',  ( -1.224999999999999423, -0.8750000000000001110, -0.02000000000000000042 ) ) ;
#732 = CARTESIAN_POINT ( 'NONE',  ( 2.926122532416263411, 16.73434555632957199, 0.001000000000000000021 ) ) ;
#733 = EDGE_CURVE ( 'NONE', #9312, #3485, #5689, .T. ) ;
#734 = CARTESIAN_POINT ( 'NONE',  ( 2.783315124682264941, 16.40089290712125347, 0.001000000000000000021 ) ) ;
#735 = CARTESIAN_POINT ( 'NONE',  ( 0.7250000000000001998, 0.8199999999999995071, 0.01000000000000000021 ) ) ;
#736 = VERTEX_POINT ( 'NONE', #9425 ) ;
#737 = EDGE_LOOP ( 'NONE', ( #1514, #2876, #5846, #1899 ) ) ;
#738 = CARTESIAN_POINT ( 'NONE',  ( 2.565661807332418665, 16.81607587744306898, 0.001000000000000000021 ) ) ;
#739 = VECTOR ( 'NONE', #1033, 1000.000000000000000 ) ;
#740 = VECTOR ( 'NONE', #557, 1000.000000000000000 ) ;
#741 = ORIENTED_EDGE ( 'NONE', *, *, #4560, .T. ) ;
#742 = DIRECTION ( 'NONE',  ( -0.8185566924619005480, -0.5744257490971600433, 0.000000000000000000 ) ) ;
#743 = DIRECTION ( 'NONE',  ( 3.942553354492743531E-16, 1.000000000000000000, 0.000000000000000000 ) ) ;
#744 = DIRECTION ( 'NONE',  ( 1.000000000000000000, 0.000000000000000000, 0.000000000000000000 ) ) ;
#745 = PRESENTATION_STYLE_ASSIGNMENT (( #4570 ) ) ;
#746 = DIRECTION ( 'NONE',  ( -0.000000000000000000, 0.000000000000000000, -1.000000000000000000 ) ) ;
#747 = AXIS2_PLACEMENT_3D ( 'NONE', #3715, #9996, #5083 ) ;
#748 = DIRECTION ( 'NONE',  ( -0.5919557230876554277, 0.8059704845115426286, 0.000000000000000000 ) ) ;
#749 = ORIENTED_EDGE ( 'NONE', *, *, #2913, .T. ) ;
#750 = MECHANICAL_DESIGN_GEOMETRIC_PRESENTATION_REPRESENTATION (  '', ( #909 ), #248 ) ;
#751 = ORIENTED_EDGE ( 'NONE', *, *, #6310, .F. ) ;
#752 = DIRECTION ( 'NONE',  ( 1.000000000000000000, 0.000000000000000000, 0.000000000000000000 ) ) ;
#753 = DIRECTION ( 'NONE',  ( -0.000000000000000000, -0.000000000000000000, -1.000000000000000000 ) ) ;
#754 = DIRECTION ( 'NONE',  ( -0.000000000000000000, 0.000000000000000000, -1.000000000000000000 ) ) ;
#755 =( GEOMETRIC_REPRESENTATION_CONTEXT ( 3 ) GLOBAL_UNCERTAINTY_ASSIGNED_CONTEXT ( ( #9288 ) ) GLOBAL_UNIT_ASSIGNED_CONTEXT ( ( #1081, #8838, #2634 ) ) REPRESENTATION_CONTEXT ( 'NONE', 'WORKASPACE' ) );
#756 = ORIENTED_EDGE ( 'NONE', *, *, #6820, .T. ) ;
#757 = EDGE_CURVE ( 'NONE', #2965, #5787, #7933, .T. ) ;
#758 =( NAMED_UNIT ( * ) SI_UNIT ( $, .STERADIAN. ) SOLID_ANGLE_UNIT ( ) );
#759 =( GEOMETRIC_REPRESENTATION_CONTEXT ( 3 ) GLOBAL_UNCERTAINTY_ASSIGNED_CONTEXT ( ( #3036 ) ) GLOBAL_UNIT_ASSIGNED_CONTEXT ( ( #242, #2722, #4117 ) ) REPRESENTATION_CONTEXT ( 'NONE', 'WORKASPACE' ) );
#760 = ORIENTED_EDGE ( 'NONE', *, *, #1209, .F. ) ;
#761 = PRESENTATION_LAYER_ASSIGNMENT (  '', '', ( #9825 ) ) ;
#762 = DIRECTION ( 'NONE',  ( 1.000000000000000000, 0.000000000000000000, 0.000000000000000000 ) ) ;
#763 = DIRECTION ( 'NONE',  ( -1.000000000000000000, 3.942553354492742545E-16, -0.000000000000000000 ) ) ;
#764 = VECTOR ( 'NONE', #10008, 1000.000000000000000 ) ;
#765 = ORIENTED_EDGE ( 'NONE', *, *, #9850, .F. ) ;
#766 = ORIENTED_EDGE ( 'NONE', *, *, #6690, .F. ) ;
#767 = EDGE_CURVE ( 'NONE', #3793, #8245, #9798, .T. ) ;
#768 = ORIENTED_EDGE ( 'NONE', *, *, #1207, .T. ) ;
#769 = LINE ( 'NONE', #7745, #3780 ) ;
#770 = STYLED_ITEM ( 'NONE', ( #3323 ), #2784 ) ;
#771 = DIRECTION ( 'NONE',  ( -2.365532012695645823E-15, -1.000000000000000000, 0.000000000000000000 ) ) ;
#772 = EDGE_CURVE ( 'NONE', #7660, #8029, #7762, .T. ) ;
#773 = CARTESIAN_POINT ( 'NONE',  ( 3.730716060786571475, 16.79489307283483512, 0.000000000000000000 ) ) ;
#774 = AXIS2_PLACEMENT_3D ( 'NONE', #2409, #948, #804 ) ;
#775 = CYLINDRICAL_SURFACE ( 'NONE', #9868, 0.1250000000000009714 ) ;
#776 = EDGE_CURVE ( 'NONE', #3345, #3328, #9957, .T. ) ;
#777 = AXIS2_PLACEMENT_3D ( 'NONE', #7604, #8427, #675 ) ;
#778 = VERTEX_POINT ( 'NONE', #5039 ) ;
#779 = VECTOR ( 'NONE', #2356, 1000.000000000000000 ) ;
#780 = DIRECTION ( 'NONE',  ( 1.000000000000000000, 0.000000000000000000, 0.000000000000000000 ) ) ;
#781 = DIRECTION ( 'NONE',  ( -0.000000000000000000, 0.000000000000000000, 1.000000000000000000 ) ) ;
#782 = VERTEX_POINT ( 'NONE', #4294 ) ;
#783 = CARTESIAN_POINT ( 'NONE',  ( 3.615269775671568375, 16.72569591111453136, 0.001000000000000000021 ) ) ;
#784 = B_SPLINE_SURFACE_WITH_KNOTS ( 'NONE', 3, 1, ( 
 ( #6975, #7736 ),
 ( #8512, #3871 ),
 ( #8033, #337 ),
 ( #1848, #5737 ) ),
 .UNSPECIFIED., .F., .F., .F.,
 ( 4, 4 ),
 ( 2, 2 ),
 ( 0.3333333333333333148, 0.4444444444444444198 ),
 ( 0.000000000000000000, 1.000000000000000000 ),
 .UNSPECIFIED. ) ;
#785 = FACE_OUTER_BOUND ( 'NONE', #5172, .T. ) ;
#786 = VECTOR ( 'NONE', #1739, 1000.000000000000114 ) ;
#787 = CARTESIAN_POINT ( 'NONE',  ( 1.224999999999999423, 0.8749999999999996669, 0.1830000000000000238 ) ) ;
#788 = PRESENTATION_LAYER_ASSIGNMENT (  '', '', ( #9858 ) ) ;
#789 = DIRECTION ( 'NONE',  ( -1.000000000000000000, 0.000000000000000000, 0.000000000000000000 ) ) ;
#790 = ORIENTED_EDGE ( 'NONE', *, *, #7672, .F. ) ;
#791 = DIRECTION ( 'NONE',  ( 1.000000000000000000, 0.000000000000000000, 0.000000000000000000 ) ) ;
#792 = VECTOR ( 'NONE', #9223, 1000.000000000000000 ) ;
#793 = ADVANCED_FACE ( 'NONE', ( #469, #9041 ), #4501, .T. ) ;
#794 = CARTESIAN_POINT ( 'NONE',  ( 1.499999999999999556, -0.3750000000000014988, 0.1830000000000000238 ) ) ;
#795 = ORIENTED_EDGE ( 'NONE', *, *, #2626, .T. ) ;
#796 = DIRECTION ( 'NONE',  ( -1.000000000000000000, 0.000000000000000000, 0.000000000000000000 ) ) ;
#797 = DIRECTION ( 'NONE',  ( -0.000000000000000000, 1.000000000000000000, -0.000000000000000000 ) ) ;
#798 = DIRECTION ( 'NONE',  ( 1.000000000000000000, -3.942553354492742545E-16, 0.000000000000000000 ) ) ;
#799 = DIRECTION ( 'NONE',  ( 0.000000000000000000, 1.000000000000000000, 0.000000000000000000 ) ) ;
#800 = FILL_AREA_STYLE_COLOUR ( '', #4911 ) ;
#801 = SURFACE_STYLE_FILL_AREA ( #6200 ) ;
#802 = DIRECTION ( 'NONE',  ( -0.9999923706927774658, 0.003906220198410930225, 0.000000000000000000 ) ) ;
#803 = ORIENTED_EDGE ( 'NONE', *, *, #5982, .T. ) ;
#804 = DIRECTION ( 'NONE',  ( 1.000000000000000000, 0.000000000000000000, -0.000000000000000000 ) ) ;
#805 = MECHANICAL_DESIGN_GEOMETRIC_PRESENTATION_REPRESENTATION (  '', ( #3352 ), #6934 ) ;
#806 = CARTESIAN_POINT ( 'NONE',  ( 3.143952373137842038, 16.75958839848774318, 0.001000000000000000021 ) ) ;
#807 = CARTESIAN_POINT ( 'NONE',  ( 2.992848366932276516, 16.64484820685967037, 0.000000000000000000 ) ) ;
#808 = VERTEX_POINT ( 'NONE', #8483 ) ;
#809 = SURFACE_STYLE_USAGE ( .BOTH. , #55 ) ;
#810 = ORIENTED_EDGE ( 'NONE', *, *, #9700, .F. ) ;
#811 = CARTESIAN_POINT ( 'NONE',  ( 3.167783028322135763, 16.58571287732828736, 0.001000000000000000021 ) ) ;
#812 = LINE ( 'NONE', #12, #8596 ) ;
#813 = FACE_OUTER_BOUND ( 'NONE', #2880, .T. ) ;
#814 = EDGE_CURVE ( 'NONE', #9464, #4354, #7706, .T. ) ;
#815 = ORIENTED_EDGE ( 'NONE', *, *, #5895, .F. ) ;
#816 = CARTESIAN_POINT ( 'NONE',  ( 2.924886868814120966, 16.79948268049995264, 0.001000000000000000021 ) ) ;
#817 = UNCERTAINTY_MEASURE_WITH_UNIT (LENGTH_MEASURE( 1.000000000000000082E-05 ), #8724, 'distance_accuracy_value', 'NONE');
#818 = LINE ( 'NONE', #6985, #3473 ) ;
#819 = FILL_AREA_STYLE_COLOUR ( '', #292 ) ;
#820 = CARTESIAN_POINT ( 'NONE',  ( 1.224999999999999423, -0.6250000000000003331, 0.1830000000000000238 ) ) ;
#821 = CARTESIAN_POINT ( 'NONE',  ( 0.006060412596811450350, 16.82370536705730046, 0.001000000000000000021 ) ) ;
#822 = CARTESIAN_POINT ( 'NONE',  ( 0.000000000000000000, 16.47768057382617712, 0.001000000000000000021 ) ) ;
#823 = CARTESIAN_POINT ( 'NONE',  ( 2.849334865711335318, 16.58588940070004369, 0.001000000000000000021 ) ) ;
#824 = ADVANCED_FACE ( 'NONE', ( #2297 ), #9296, .F. ) ;
#825 = CLOSED_SHELL ( 'NONE', ( #1881, #5065, #1449, #4856, #1119, #9773, #7060, #7247, #6500 ) ) ;
#826 = ORIENTED_EDGE ( 'NONE', *, *, #5315, .T. ) ;
#827 = B_SPLINE_CURVE_WITH_KNOTS ( 'NONE', 3,
 ( #6349, #9451, #5569, #1743 ),
 .UNSPECIFIED., .F., .F.,
 ( 4, 4 ),
 ( 0.000000000000000000, 0.1428571428571427937 ),
 .UNSPECIFIED. ) ;
#828 = VECTOR ( 'NONE', #6066, 1000.000000000000000 ) ;
#829 = ADVANCED_FACE ( 'NONE', ( #9142 ), #5313, .F. ) ;
#830 = FACE_OUTER_BOUND ( 'NONE', #3559, .T. ) ;
#831 = CARTESIAN_POINT ( 'NONE',  ( -1.369999999999999662, 1.269999999999999796, 0.7699999999999999067 ) ) ;
#832 = EDGE_LOOP ( 'NONE', ( #1964, #2639, #3020, #1124 ) ) ;
#833 = LINE ( 'NONE', #3736, #3281 ) ;
#834 = DIRECTION ( 'NONE',  ( 1.000000000000000000, -0.000000000000000000, -0.000000000000000000 ) ) ;
#835 = LINE ( 'NONE', #33, #8847 ) ;
#836 = AXIS2_PLACEMENT_3D ( 'NONE', #8227, #2142, #6029 ) ;
#837 = CARTESIAN_POINT ( 'NONE',  ( 3.835394420225713308, 16.46797178838075482, 0.001000000000000000021 ) ) ;
#838 = PLANE ( 'NONE',  #7245 ) ;
#839 = CIRCLE ( 'NONE', #9409, 0.03000000000000007869 ) ;
#840 = ORIENTED_EDGE ( 'NONE', *, *, #1637, .F. ) ;
#841 = CARTESIAN_POINT ( 'NONE',  ( 1.499999999999999556, -0.6250000000000003331, 0.1830000000000000238 ) ) ;
#842 = ORIENTED_EDGE ( 'NONE', *, *, #8267, .T. ) ;
#843 = DIRECTION ( 'NONE',  ( -1.000000000000000000, 3.942553354492743038E-16, 0.000000000000000000 ) ) ;
#844 = DIRECTION ( 'NONE',  ( -0.000000000000000000, -0.000000000000000000, -1.000000000000000000 ) ) ;
#845 = DIRECTION ( 'NONE',  ( 0.3576158181216268495, 0.9338687951897737261, 0.000000000000000000 ) ) ;
#846 = CARTESIAN_POINT ( 'NONE',  ( 3.371314475933138599, 16.58783115778910755, 1.694065894508600678E-18 ) ) ;
#847 = AXIS2_PLACEMENT_3D ( 'NONE', #4207, #8793, #7472 ) ;
#848 = CARTESIAN_POINT ( 'NONE',  ( 2.744479982900454917, 16.42278180521647357, 0.001000000000000000021 ) ) ;
#849 = EDGE_CURVE ( 'NONE', #5314, #4170, #2584, .T. ) ;
#850 = ORIENTED_EDGE ( 'NONE', *, *, #6352, .F. ) ;
#851 = CARTESIAN_POINT ( 'NONE',  ( 3.113590353199340743, 16.67238585285042873, 0.001000000000000000021 ) ) ;
#852 = DIRECTION ( 'NONE',  ( 0.007490426563787701969, -0.9999719463614429316, 0.000000000000000000 ) ) ;
#853 = FACE_OUTER_BOUND ( 'NONE', #441, .T. ) ;
#854 = AXIS2_PLACEMENT_3D ( 'NONE', #5337, #4580, #4527 ) ;
#855 = VERTEX_POINT ( 'NONE', #2392 ) ;
#856 = CARTESIAN_POINT ( 'NONE',  ( 2.895230942362547744, 16.47768057382617712, 0.000000000000000000 ) ) ;
#857 = EDGE_LOOP ( 'NONE', ( #4059, #4058, #4497, #2699 ) ) ;
#858 = EDGE_CURVE ( 'NONE', #2817, #2058, #9587, .T. ) ;
#859 = STYLED_ITEM ( 'NONE', ( #7759 ), #6696 ) ;
#860 = SURFACE_STYLE_FILL_AREA ( #5297 ) ;
#861 = ORIENTED_EDGE ( 'NONE', *, *, #4318, .T. ) ;
#862 = ORIENTED_EDGE ( 'NONE', *, *, #706, .T. ) ;
#863 = DIRECTION ( 'NONE',  ( -0.000000000000000000, -0.000000000000000000, -1.000000000000000000 ) ) ;
#864 = VECTOR ( 'NONE', #796, 1000.000000000000000 ) ;
#865 = UNCERTAINTY_MEASURE_WITH_UNIT (LENGTH_MEASURE( 1.000000000000000082E-05 ), #4258, 'distance_accuracy_value', 'NONE');
#866 =( LENGTH_UNIT ( ) NAMED_UNIT ( * ) SI_UNIT ( .MILLI., .METRE. ) );
#867 =( NAMED_UNIT ( * ) PLANE_ANGLE_UNIT ( ) SI_UNIT ( $, .RADIAN. ) );
#868 = EDGE_CURVE ( 'NONE', #6179, #2198, #9962, .T. ) ;
#869 = CARTESIAN_POINT ( 'NONE',  ( 3.653045777222963864, 16.55270300681376838, 1.694065894508600678E-18 ) ) ;
#870 = PLANE ( 'NONE',  #8755 ) ;
#871 = DIRECTION ( 'NONE',  ( -0.0003602305242138014482, -0.9999999351169825967, 0.000000000000000000 ) ) ;
#872 = FACE_OUTER_BOUND ( 'NONE', #4928, .T. ) ;
#873 = DIRECTION ( 'NONE',  ( -0.9996465206922419133, -0.02658634363531968414, 0.000000000000000000 ) ) ;
#874 = ORIENTED_EDGE ( 'NONE', *, *, #5332, .T. ) ;
#875 = EDGE_LOOP ( 'NONE', ( #6468, #417, #433, #4995, #2144, #897, #9900, #928 ) ) ;
#876 = LINE ( 'NONE', #2957, #2988 ) ;
#877 = DIRECTION ( 'NONE',  ( -0.000000000000000000, -0.000000000000000000, -1.000000000000000000 ) ) ;
#878 = FACE_OUTER_BOUND ( 'NONE', #9373, .T. ) ;
#879 = EDGE_CURVE ( 'NONE', #1384, #1812, #6133, .T. ) ;
#880 = CARTESIAN_POINT ( 'NONE',  ( 3.799560175763412762, 16.76241277243552830, 0.001000000000000000021 ) ) ;
#881 = SURFACE_STYLE_FILL_AREA ( #3190 ) ;
#882 = CARTESIAN_POINT ( 'NONE',  ( 3.537246445364493397, 16.47556229336537825, 0.001000000000000000021 ) ) ;
#883 = CARTESIAN_POINT ( 'NONE',  ( 3.208383403821292834, 16.63866988884892706, 0.001000000000000000021 ) ) ;
#884 = ORIENTED_EDGE ( 'NONE', *, *, #2598, .T. ) ;
#885 = CARTESIAN_POINT ( 'NONE',  ( 3.746426640871031388, 16.65279175858778160, 0.000000000000000000 ) ) ;
#886 = ORIENTED_EDGE ( 'NONE', *, *, #9107, .F. ) ;
#887 = EDGE_CURVE ( 'NONE', #6351, #138, #6229, .T. ) ;
#888 = CARTESIAN_POINT ( 'NONE',  ( -1.499999999999999778, -0.3750000000000000000, -0.02000000000000000042 ) ) ;
#889 = LINE ( 'NONE', #6962, #4090 ) ;
#890 = CARTESIAN_POINT ( 'NONE',  ( 3.793558381124408019, 16.45155511480933441, 0.001000000000000001756 ) ) ;
#891 = EDGE_CURVE ( 'NONE', #2421, #6011, #5262, .T. ) ;
#892 = ADVANCED_FACE ( 'NONE', ( #8381 ), #139, .F. ) ;
#893 = CARTESIAN_POINT ( 'NONE',  ( 0.3453327476816830388, -0.03541874335152404157, 0.001000000000000000021 ) ) ;
#894 = EDGE_LOOP ( 'NONE', ( #7405, #8082, #1893, #970, #10013 ) ) ;
#895 = COLOUR_RGB ( '',0.9607843137254902244, 0.9607843137254902244, 0.9607843137254902244 ) ;
#896 = DIRECTION ( 'NONE',  ( 1.000000000000000000, 0.000000000000000000, -0.000000000000000000 ) ) ;
#897 = ORIENTED_EDGE ( 'NONE', *, *, #3683, .F. ) ;
#898 = EDGE_CURVE ( 'NONE', #2518, #9569, #1636, .T. ) ;
#899 = B_SPLINE_CURVE_WITH_KNOTS ( 'NONE', 3,
 ( #4933, #3226, #5709, #6338 ),
 .UNSPECIFIED., .F., .F.,
 ( 4, 4 ),
 ( 0.1818181818181817955, 0.2727272727272727071 ),
 .UNSPECIFIED. ) ;
#900 = AXIS2_PLACEMENT_3D ( 'NONE', #8397, #4510, #7622 ) ;
#901 = DIRECTION ( 'NONE',  ( 1.000000000000000000, -3.942553354492742545E-16, 0.000000000000000000 ) ) ;
#902 = CARTESIAN_POINT ( 'NONE',  ( -0.6749999999999997113, -0.8200000000000000622, 0.01000000000000000021 ) ) ;
#903 = EDGE_LOOP ( 'NONE', ( #8037, #4195, #9060, #7744 ) ) ;
#904 = CARTESIAN_POINT ( 'NONE',  ( 3.433274179412293403, 16.53222629569243907, 0.000000000000000000 ) ) ;
#905 = CARTESIAN_POINT ( 'NONE',  ( 2.647568651817678198, 16.39189021516272859, 0.001000000000000000021 ) ) ;
#906 = ORIENTED_EDGE ( 'NONE', *, *, #2879, .T. ) ;
#907 = CARTESIAN_POINT ( 'NONE',  ( -2.751240332643547948, 1.023601212689371431, 0.001000000000000000021 ) ) ;
#908 = DIRECTION ( 'NONE',  ( 1.000000000000000000, -0.000000000000000000, -0.000000000000000000 ) ) ;
#909 = STYLED_ITEM ( 'NONE', ( #2221 ), #8207 ) ;
#910 = CARTESIAN_POINT ( 'NONE',  ( 2.753835721602434727, 16.76506062301154643, 0.000000000000000000 ) ) ;
#911 = ORIENTED_EDGE ( 'NONE', *, *, #6488, .T. ) ;
#912 = ORIENTED_EDGE ( 'NONE', *, *, #4196, .T. ) ;
#913 = CIRCLE ( 'NONE', #4110, 0.1000000000000000472 ) ;
#914 = EDGE_LOOP ( 'NONE', ( #2653, #7896, #9711, #3529 ) ) ;
#915 = CARTESIAN_POINT ( 'NONE',  ( 3.730716060786571475, 16.79489307283483512, 0.001000000000000000021 ) ) ;
#916 = EDGE_CURVE ( 'NONE', #444, #3592, #3087, .T. ) ;
#917 = UNCERTAINTY_MEASURE_WITH_UNIT (LENGTH_MEASURE( 1.000000000000000082E-05 ), #536, 'distance_accuracy_value', 'NONE');
#918 = EDGE_CURVE ( 'NONE', #8549, #5656, #4217, .T. ) ;
#919 =( LENGTH_UNIT ( ) NAMED_UNIT ( * ) SI_UNIT ( .MILLI., .METRE. ) );
#920 = FACE_OUTER_BOUND ( 'NONE', #3206, .T. ) ;
#921 = STYLED_ITEM ( 'NONE', ( #8991 ), #2061 ) ;
#922 = CARTESIAN_POINT ( 'NONE',  ( 3.406266103536768508, 16.71987063984729005, 0.001000000000000000021 ) ) ;
#923 = CARTESIAN_POINT ( 'NONE',  ( 1.224999999999999201, -0.1249999999999995698, -0.02000000000000000042 ) ) ;
#924 = AXIS2_PLACEMENT_3D ( 'NONE', #1475, #3957, #5435 ) ;
#925 = DIRECTION ( 'NONE',  ( 1.000000000000000000, -0.000000000000000000, -0.000000000000000000 ) ) ;
#926 = EDGE_LOOP ( 'NONE', ( #826, #9056, #2205, #874 ) ) ;
#927 = VECTOR ( 'NONE', #7046, 1000.000000000000000 ) ;
#928 = ORIENTED_EDGE ( 'NONE', *, *, #2377, .F. ) ;
#929 = CARTESIAN_POINT ( 'NONE',  ( 3.151013308007260427, 16.41324954314273654, 0.000000000000000000 ) ) ;
#930 = CARTESIAN_POINT ( 'NONE',  ( 2.647215605074208167, 16.58518330721312140, 0.001000000000000000021 ) ) ;
#931 = DIRECTION ( 'NONE',  ( 0.03013705856469448691, 0.9995457756906724889, -0.000000000000000000 ) ) ;
#932 = LINE ( 'NONE', #3983, #1695 ) ;
#933 = CARTESIAN_POINT ( 'NONE',  ( 2.853924473376450610, 16.43266711403364866, 0.001000000000000000021 ) ) ;
#934 = VECTOR ( 'NONE', #4572, 1000.000000000000000 ) ;
#935 = EDGE_CURVE ( 'NONE', #5627, #1482, #8584, .T. ) ;
#936 = FACE_OUTER_BOUND ( 'NONE', #144, .T. ) ;
#937 = VERTEX_POINT ( 'NONE', #831 ) ;
#938 = VECTOR ( 'NONE', #685, 1000.000000000000114 ) ;
#939 = CARTESIAN_POINT ( 'NONE',  ( 3.730716060786571475, 16.62754891642958910, 0.001000000000000000021 ) ) ;
#940 = CARTESIAN_POINT ( 'NONE',  ( 3.055337640526630594, 16.63054981374909502, 0.000000000000000000 ) ) ;
#941 = FILL_AREA_STYLE_COLOUR ( '', #8019 ) ;
#942 = PRESENTATION_LAYER_ASSIGNMENT (  '', '', ( #1604 ) ) ;
#943 = DIRECTION ( 'NONE',  ( 0.000000000000000000, 0.000000000000000000, -1.000000000000000000 ) ) ;
#944 = CARTESIAN_POINT ( 'NONE',  ( 3.749957108305741915, 16.41625044046226378, 0.001000000000000001756 ) ) ;
#945 = EDGE_LOOP ( 'NONE', ( #5989, #3053, #1370, #4330, #602, #365, #8547, #8173, #4766 ) ) ;
#946 = B_SPLINE_SURFACE_WITH_KNOTS ( 'NONE', 3, 1, ( 
 ( #7372, #6053 ),
 ( #3805, #8451 ),
 ( #848, #1 ),
 ( #702, #9219 ) ),
 .UNSPECIFIED., .F., .F., .F.,
 ( 4, 4 ),
 ( 2, 2 ),
 ( 0.4000000000000000222, 0.5999999999999999778 ),
 ( 0.000000000000000000, 1.000000000000000000 ),
 .UNSPECIFIED. ) ;
#947 = EDGE_CURVE ( 'NONE', #9472, #9870, #7811, .T. ) ;
#948 = DIRECTION ( 'NONE',  ( 0.000000000000000000, -0.000000000000000000, 1.000000000000000000 ) ) ;
#949 = ADVANCED_FACE ( 'NONE', ( #9732 ), #1201, .F. ) ;
#950 = PLANE ( 'NONE',  #1799 ) ;
#951 = DIRECTION ( 'NONE',  ( -0.000000000000000000, 0.000000000000000000, 1.000000000000000000 ) ) ;
#952 = EDGE_CURVE ( 'NONE', #3856, #3283, #6569, .T. ) ;
#953 = STYLED_ITEM ( 'NONE', ( #13 ), #5146 ) ;
#954 = ORIENTED_EDGE ( 'NONE', *, *, #1754, .T. ) ;
#955 = DIRECTION ( 'NONE',  ( 0.000000000000000000, 1.000000000000000000, 0.000000000000000000 ) ) ;
#956 = PLANE ( 'NONE',  #10024 ) ;
#957 = ORIENTED_EDGE ( 'NONE', *, *, #9222, .T. ) ;
#958 = PRODUCT_DEFINITION ( 'UNKNOWN', '', #9024, #6271 ) ;
#959 = CARTESIAN_POINT ( 'NONE',  ( 2.816854565312001846, 16.71492798543869185, 0.001000000000000000021 ) ) ;
#960 = CARTESIAN_POINT ( 'NONE',  ( -1.500000000000000000, 0.1250000000000000000, 0.1830000001064036041 ) ) ;
#961 = VECTOR ( 'NONE', #10023, 1000.000000000000114 ) ;
#962 = DIRECTION ( 'NONE',  ( 0.000000000000000000, -1.000000000000000000, 0.000000000000000000 ) ) ;
#963 = ORIENTED_EDGE ( 'NONE', *, *, #7319, .F. ) ;
#964 = DIRECTION ( 'NONE',  ( 1.000000000000000000, 0.000000000000000000, -0.000000000000000000 ) ) ;
#965 = VECTOR ( 'NONE', #6408, 1000.000000000000000 ) ;
#966 =( LENGTH_UNIT ( ) NAMED_UNIT ( * ) SI_UNIT ( .MILLI., .METRE. ) );
#967 = CARTESIAN_POINT ( 'NONE',  ( 0.000000000000000000, 0.000000000000000000, 0.000000000000000000 ) ) ;
#968 = CARTESIAN_POINT ( 'NONE',  ( 2.926122532416263411, 16.73434555632957199, 0.000000000000000000 ) ) ;
#969 = CARTESIAN_POINT ( 'NONE',  ( 1.499999999999999112, 0.8749999999999996669, 0.1830000001064036041 ) ) ;
#970 = ORIENTED_EDGE ( 'NONE', *, *, #7442, .T. ) ;
#971 = EDGE_CURVE ( 'NONE', #8757, #612, #7384, .T. ) ;
#972 = EDGE_CURVE ( 'NONE', #3427, #997, #5078, .T. ) ;
#973 = DIRECTION ( 'NONE',  ( -0.000000000000000000, 0.000000000000000000, -1.000000000000000000 ) ) ;
#974 = DIRECTION ( 'NONE',  ( -0.000000000000000000, -0.000000000000000000, -1.000000000000000000 ) ) ;
#975 = FACE_OUTER_BOUND ( 'NONE', #519, .T. ) ;
#976 = CARTESIAN_POINT ( 'NONE',  ( 3.071930837469771802, 16.58571287732829092, 0.001000000000000000021 ) ) ;
#977 = LINE ( 'NONE', #1781, #7112 ) ;
#978 = CARTESIAN_POINT ( 'NONE',  ( 2.780843797477962731, 16.57529799839590368, 0.001000000000000000021 ) ) ;
#979 = FACE_OUTER_BOUND ( 'NONE', #9165, .T. ) ;
#980 = ADVANCED_FACE ( 'NONE', ( #878 ), #2718, .F. ) ;
#981 = VERTEX_POINT ( 'NONE', #3930 ) ;
#982 = B_SPLINE_CURVE_WITH_KNOTS ( 'NONE', 3,
 ( #9559, #7932, #4897, #8792 ),
 .UNSPECIFIED., .F., .F.,
 ( 4, 4 ),
 ( 0.000000000000000000, 0.2500000000000000000 ),
 .UNSPECIFIED. ) ;
#983 = DIRECTION ( 'NONE',  ( 0.000000000000000000, 1.000000000000000000, 0.000000000000000000 ) ) ;
#984 = ORIENTED_EDGE ( 'NONE', *, *, #4239, .F. ) ;
#985 =( REPRESENTATION_RELATIONSHIP ('NONE','NONE', #7909, #6863 ) REPRESENTATION_RELATIONSHIP_WITH_TRANSFORMATION ( #8012 )SHAPE_REPRESENTATION_RELATIONSHIP( ) );
#986 = CARTESIAN_POINT ( 'NONE',  ( 3.484289433843847927, 16.52092879990137675, 0.000000000000000000 ) ) ;
#987 = DIRECTION ( 'NONE',  ( 0.9488033313170105565, -0.3158674381473076664, 0.000000000000000000 ) ) ;
#988 = CARTESIAN_POINT ( 'NONE',  ( -1.224999999999999867, 0.7499999999999998890, -0.02000000000000000042 ) ) ;
#989 = CARTESIAN_POINT ( 'NONE',  ( 3.442982964857743688, 16.52092879990137675, 0.000000000000000000 ) ) ;
#990 = ADVANCED_FACE ( 'NONE', ( #975 ), #1671, .F. ) ;
#991 = ORIENTED_EDGE ( 'NONE', *, *, #9700, .T. ) ;
#992 = CARTESIAN_POINT ( 'NONE',  ( 3.701942751193689318, 16.45014292783547560, 0.001000000000000001756 ) ) ;
#993 = ORIENTED_EDGE ( 'NONE', *, *, #8770, .T. ) ;
#994 = CARTESIAN_POINT ( 'NONE',  ( 3.835394420225713308, 16.46797178838075482, 0.001000000000000000021 ) ) ;
#995 = CARTESIAN_POINT ( 'NONE',  ( 0.000000000000000000, 0.000000000000000000, 0.001000000000000000021 ) ) ;
#996 = CARTESIAN_POINT ( 'NONE',  ( 1.224999999999999423, 0.2499999999999995837, 0.1830000000000000238 ) ) ;
#997 = VERTEX_POINT ( 'NONE', #8153 ) ;
#998 = DIRECTION ( 'NONE',  ( 1.000000000000000000, 0.000000000000000000, -0.000000000000000000 ) ) ;
#999 = CARTESIAN_POINT ( 'NONE',  ( 1.224999999999999201, 0.3750000000000003331, -0.02000000000000000042 ) ) ;
#1000 = EDGE_LOOP ( 'NONE', ( #5164, #7327 ) ) ;
#1001 = EDGE_CURVE ( 'NONE', #5310, #7073, #4222, .T. ) ;
#1002 = LINE ( 'NONE', #6410, #8188 ) ;
#1003 = DIRECTION ( 'NONE',  ( -0.000000000000000000, 0.000000000000000000, 1.000000000000000000 ) ) ;
#1004 = CARTESIAN_POINT ( 'NONE',  ( 3.406266103536768508, 16.85579363608356829, 0.000000000000000000 ) ) ;
#1005 = EDGE_CURVE ( 'NONE', #2162, #9207, #2443, .T. ) ;
#1006 = EDGE_CURVE ( 'NONE', #5797, #4266, #7143, .T. ) ;
#1007 = VERTEX_POINT ( 'NONE', #3224 ) ;
#1008 = ORIENTED_EDGE ( 'NONE', *, *, #2730, .F. ) ;
#1009 = EDGE_LOOP ( 'NONE', ( #4628, #3116, #5168, #9193 ) ) ;
#1010 = CARTESIAN_POINT ( 'NONE',  ( -1.499999999999999556, -0.8750000000000000000, 0.1830000001064036041 ) ) ;
#1011 = ORIENTED_EDGE ( 'NONE', *, *, #7455, .F. ) ;
#1012 =( NAMED_UNIT ( * ) SI_UNIT ( $, .STERADIAN. ) SOLID_ANGLE_UNIT ( ) );
#1013 = SURFACE_SIDE_STYLE ('',( #4823 ) ) ;
#1014 = PRESENTATION_LAYER_ASSIGNMENT (  '', '', ( #7966 ) ) ;
#1015 = CYLINDRICAL_SURFACE ( 'NONE', #3795, 0.1250000000000005551 ) ;
#1016 = LINE ( 'NONE', #7179, #9550 ) ;
#1017 = DIRECTION ( 'NONE',  ( 0.000000000000000000, 0.000000000000000000, 1.000000000000000000 ) ) ;
#1018 = ADVANCED_FACE ( 'NONE', ( #6337 ), #7916, .T. ) ;
#1019 = CARTESIAN_POINT ( 'NONE',  ( 3.446336908920713427, 16.45508558224401696, 0.000000000000000000 ) ) ;
#1020 = ORIENTED_EDGE ( 'NONE', *, *, #6454, .F. ) ;
#1021 = AXIS2_PLACEMENT_3D ( 'NONE', #8233, #6847, #3540 ) ;
#1022 = CARTESIAN_POINT ( 'NONE',  ( 2.647215605074208167, 16.58518330721312140, 0.000000000000000000 ) ) ;
#1023 = LINE ( 'NONE', #3423, #594 ) ;
#1024 = EDGE_CURVE ( 'NONE', #8720, #1622, #7866, .T. ) ;
#1025 = CARTESIAN_POINT ( 'NONE',  ( 1.224999999999999423, -0.3750000000000014433, 0.1830000000000000238 ) ) ;
#1026 = CARTESIAN_POINT ( 'NONE',  ( 3.656223197914196366, 16.39153716841929764, 0.001000000000000000021 ) ) ;
#1027 =( LENGTH_UNIT ( ) NAMED_UNIT ( * ) SI_UNIT ( .MILLI., .METRE. ) );
#1028 = APPLICATION_PROTOCOL_DEFINITION ( 'draft international standard', 'automotive_design', 1998, #1878 ) ;
#1029 = CARTESIAN_POINT ( 'NONE',  ( -1.499999999999999556, -0.6250000000000000000, 0.1830000000000000238 ) ) ;
#1030 = VERTEX_POINT ( 'NONE', #6115 ) ;
#1031 = ADVANCED_FACE ( 'NONE', ( #2077 ), #2869, .F. ) ;
#1032 = CARTESIAN_POINT ( 'NONE',  ( 1.499999999999999556, -0.1250000000000003331, 0.1830000000000000238 ) ) ;
#1033 = DIRECTION ( 'NONE',  ( -0.000000000000000000, -0.000000000000000000, -1.000000000000000000 ) ) ;
#1034 = LINE ( 'NONE', #7155, #2365 ) ;
#1035 = CARTESIAN_POINT ( 'NONE',  ( 3.791263577291842601, 16.80901494257366124, 0.001000000000000000021 ) ) ;
#1036 = ORIENTED_EDGE ( 'NONE', *, *, #5554, .T. ) ;
#1037 = FACE_OUTER_BOUND ( 'NONE', #8480, .T. ) ;
#1038 = ORIENTED_EDGE ( 'NONE', *, *, #4709, .T. ) ;
#1039 = PRESENTATION_STYLE_ASSIGNMENT (( #7161 ) ) ;
#1040 = SURFACE_SIDE_STYLE ('',( #7213 ) ) ;
#1041 = EDGE_LOOP ( 'NONE', ( #4918, #1092, #6161, #9609 ) ) ;
#1042 = LINE ( 'NONE', #4097, #624 ) ;
#1043 = SURFACE_STYLE_USAGE ( .BOTH. , #387 ) ;
#1044 = VERTEX_POINT ( 'NONE', #6777 ) ;
#1045 = DIRECTION ( 'NONE',  ( 0.005434702347162999325, 0.9999852318961505171, 0.000000000000000000 ) ) ;
#1046 = CARTESIAN_POINT ( 'NONE',  ( -1.499999999999999778, -1.500000000000000000, 0.7500000000000000000 ) ) ;
#1047 = CARTESIAN_POINT ( 'NONE',  ( 3.266812639865734003, 16.82472552265812382, 0.001000000000000000021 ) ) ;
#1048 = AXIS2_PLACEMENT_3D ( 'NONE', #2566, #6322, #3965 ) ;
#1049 = ORIENTED_EDGE ( 'NONE', *, *, #7728, .T. ) ;
#1050 = CARTESIAN_POINT ( 'NONE',  ( 1.224999999999999201, 0.2499999999999995837, -0.02000000000000000042 ) ) ;
#1051 = ORIENTED_EDGE ( 'NONE', *, *, #2446, .F. ) ;
#1052 = DIRECTION ( 'NONE',  ( 0.000000000000000000, 0.000000000000000000, -1.000000000000000000 ) ) ;
#1053 = VECTOR ( 'NONE', #7478, 1000.000000000000114 ) ;
#1054 = ORIENTED_EDGE ( 'NONE', *, *, #3553, .T. ) ;
#1055 = UNCERTAINTY_MEASURE_WITH_UNIT (LENGTH_MEASURE( 1.000000000000000082E-05 ), #6964, 'distance_accuracy_value', 'NONE');
#1056 = FILL_AREA_STYLE_COLOUR ( '', #5255 ) ;
#1057 = PRESENTATION_STYLE_ASSIGNMENT (( #2616 ) ) ;
#1058 = CARTESIAN_POINT ( 'NONE',  ( 2.708645738438149930, 16.67273889959386679, 0.001000000000000000021 ) ) ;
#1059 = LINE ( 'NONE', #8161, #3307 ) ;
#1060 = DIRECTION ( 'NONE',  ( -1.000000000000000000, 0.000000000000000000, -0.000000000000000000 ) ) ;
#1061 = EDGE_LOOP ( 'NONE', ( #2302, #5594, #9758, #6385 ) ) ;
#1062 = VECTOR ( 'NONE', #9095, 1000.000000000000000 ) ;
#1063 = AXIS2_PLACEMENT_3D ( 'NONE', #4644, #771, #5542 ) ;
#1064 = CARTESIAN_POINT ( 'NONE',  ( 1.499999999999999556, -0.8750000000000015543, 0.1830000000000000238 ) ) ;
#1065 = CARTESIAN_POINT ( 'NONE',  ( 2.693817775212373533, 16.42278180521647357, 0.001000000000000000021 ) ) ;
#1066 = EDGE_CURVE ( 'NONE', #808, #2453, #4375, .T. ) ;
#1067 = AXIS2_PLACEMENT_3D ( 'NONE', #9161, #4519, #7628 ) ;
#1068 = CARTESIAN_POINT ( 'NONE',  ( 3.098585866601821781, 16.39153716841929764, 0.000000000000000000 ) ) ;
#1069 = AXIS2_PLACEMENT_3D ( 'NONE', #3809, #6919, #752 ) ;
#1070 = MECHANICAL_DESIGN_GEOMETRIC_PRESENTATION_REPRESENTATION (  '', ( #581 ), #7207 ) ;
#1071 = PLANE ( 'NONE',  #8588 ) ;
#1072 = CARTESIAN_POINT ( 'NONE',  ( 1.224999999999999423, -0.1250000000000003331, 0.1830000000000000238 ) ) ;
#1073 = PRESENTATION_LAYER_ASSIGNMENT (  '', '', ( #4449 ) ) ;
#1074 = ORIENTED_EDGE ( 'NONE', *, *, #6752, .T. ) ;
#1075 = APPLICATION_PROTOCOL_DEFINITION ( 'draft international standard', 'automotive_design', 1998, #8308 ) ;
#1076 = FILL_AREA_STYLE_COLOUR ( '', #1337 ) ;
#1077 = ORIENTED_EDGE ( 'NONE', *, *, #8658, .F. ) ;
#1078 = CARTESIAN_POINT ( 'NONE',  ( 3.440864684396913287, 16.59736341986284458, 0.000000000000000000 ) ) ;
#1079 = CARTESIAN_POINT ( 'NONE',  ( 3.076167398391417507, 16.56806054015475027, 0.000000000000000000 ) ) ;
#1080 = CARTESIAN_POINT ( 'NONE',  ( 0.006060412596811450350, 16.82370536705730046, 0.001000000000000000021 ) ) ;
#1081 =( LENGTH_UNIT ( ) NAMED_UNIT ( * ) SI_UNIT ( .MILLI., .METRE. ) );
#1082 = LINE ( 'NONE', #8738, #3820 ) ;
#1083 = ORIENTED_EDGE ( 'NONE', *, *, #6019, .T. ) ;
#1084 = VECTOR ( 'NONE', #7210, 1000.000000000000000 ) ;
#1085 = CARTESIAN_POINT ( 'NONE',  ( 2.810499723929526628, 16.72887333180576874, 0.000000000000000000 ) ) ;
#1086 = EDGE_CURVE ( 'NONE', #736, #1122, #5239, .T. ) ;
#1087 = CARTESIAN_POINT ( 'NONE',  ( 0.6750000000000001554, -0.8200000000000000622, 0.01000000000000000021 ) ) ;
#1088 = ADVANCED_FACE ( 'NONE', ( #6312 ), #2321, .T. ) ;
#1089 = STYLED_ITEM ( 'NONE', ( #5674 ), #4639 ) ;
#1090 = FACE_OUTER_BOUND ( 'NONE', #9658, .T. ) ;
#1091 = CARTESIAN_POINT ( 'NONE',  ( 2.786845592116968806, 16.52340012710568118, 0.001000000000000000021 ) ) ;
#1092 = ORIENTED_EDGE ( 'NONE', *, *, #4080, .F. ) ;
#1093 = SURFACE_SIDE_STYLE ('',( #9618 ) ) ;
#1094 = CARTESIAN_POINT ( 'NONE',  ( 3.730716060786571475, 16.62754891642958910, 0.001000000000000000021 ) ) ;
#1095 = ORIENTED_EDGE ( 'NONE', *, *, #2970, .F. ) ;
#1096 = CARTESIAN_POINT ( 'NONE',  ( 3.730716060786571475, 16.79489307283483512, 0.001000000000000000021 ) ) ;
#1097 = CARTESIAN_POINT ( 'NONE',  ( 0.6749999999999998224, -0.8700000000000001066, 0.000000000000000000 ) ) ;
#1098 = VECTOR ( 'NONE', #5408, 1000.000000000000000 ) ;
#1099 = ORIENTED_EDGE ( 'NONE', *, *, #7779, .F. ) ;
#1100 = ORIENTED_EDGE ( 'NONE', *, *, #4578, .F. ) ;
#1101 = PRESENTATION_LAYER_ASSIGNMENT (  '', '', ( #8707 ) ) ;
#1102 = ORIENTED_EDGE ( 'NONE', *, *, #1896, .F. ) ;
#1103 = CARTESIAN_POINT ( 'NONE',  ( 3.016502498744832561, 16.39153716841929764, 0.001000000000000000021 ) ) ;
#1104 =( NAMED_UNIT ( * ) SI_UNIT ( $, .STERADIAN. ) SOLID_ANGLE_UNIT ( ) );
#1105 = ORIENTED_EDGE ( 'NONE', *, *, #9857, .F. ) ;
#1106 = LINE ( 'NONE', #2612, #4091 ) ;
#1107 = VERTEX_POINT ( 'NONE', #9719 ) ;
#1108 = CARTESIAN_POINT ( 'NONE',  ( 3.791263577291842601, 16.80901494257366124, 0.000000000000000000 ) ) ;
#1109 = CIRCLE ( 'NONE', #461, 0.1250000000000007494 ) ;
#1110 = EDGE_CURVE ( 'NONE', #5426, #3314, #6544, .T. ) ;
#1111 = CARTESIAN_POINT ( 'NONE',  ( -1.169999999999999707, 1.269999999999999796, 0.7699999999999999067 ) ) ;
#1112 = EDGE_LOOP ( 'NONE', ( #2456, #9481, #228, #8597 ) ) ;
#1113 = AXIS2_PLACEMENT_3D ( 'NONE', #6377, #1871, #1778 ) ;
#1114 = ORIENTED_EDGE ( 'NONE', *, *, #2425, .T. ) ;
#1115 = DIRECTION ( 'NONE',  ( -1.000000000000000000, 0.000000000000000000, 0.000000000000000000 ) ) ;
#1116 = LINE ( 'NONE', #4833, #7594 ) ;
#1117 = LINE ( 'NONE', #9985, #1570 ) ;
#1118 = CARTESIAN_POINT ( 'NONE',  ( 2.767781067969536490, 16.82472552265812382, 0.000000000000000000 ) ) ;
#1119 = ADVANCED_FACE ( 'NONE', ( #2006 ), #6000, .F. ) ;
#1120 = DIRECTION ( 'NONE',  ( 0.000000000000000000, 1.000000000000000000, 0.000000000000000000 ) ) ;
#1121 = EDGE_CURVE ( 'NONE', #71, #8874, #8347, .T. ) ;
#1122 = VERTEX_POINT ( 'NONE', #9821 ) ;
#1123 = DIRECTION ( 'NONE',  ( -0.000000000000000000, -0.000000000000000000, -1.000000000000000000 ) ) ;
#1124 = ORIENTED_EDGE ( 'NONE', *, *, #4403, .F. ) ;
#1125 = AXIS2_PLACEMENT_3D ( 'NONE', #3319, #167, #7146 ) ;
#1126 = FACE_OUTER_BOUND ( 'NONE', #2154, .T. ) ;
#1127 = CARTESIAN_POINT ( 'NONE',  ( 2.780843797477962731, 16.57529799839590368, 0.001000000000000000021 ) ) ;
#1128 = CARTESIAN_POINT ( 'NONE',  ( 3.749957108305741915, 16.41625044046226378, 0.001000000000000001756 ) ) ;
#1129 = VERTEX_POINT ( 'NONE', #4315 ) ;
#1130 = DIRECTION ( 'NONE',  ( 1.000000000000000000, 0.000000000000000000, 0.000000000000000000 ) ) ;
#1131 = CARTESIAN_POINT ( 'NONE',  ( 3.653045777222963419, 16.55270300681376838, 0.000000000000000000 ) ) ;
#1132 = VECTOR ( 'NONE', #8419, 1000.000000000000000 ) ;
#1133 = CARTESIAN_POINT ( 'NONE',  ( 3.494704312776238719, 16.39171369179099003, 0.000000000000000000 ) ) ;
#1134 = PLANE ( 'NONE',  #3243 ) ;
#1135 = ORIENTED_EDGE ( 'NONE', *, *, #8328, .T. ) ;
#1136 = CARTESIAN_POINT ( 'NONE',  ( 1.499999999999999556, 0.1249999999999984873, 0.1830000000000000238 ) ) ;
#1137 = EDGE_LOOP ( 'NONE', ( #912, #7620, #5904, #4396 ) ) ;
#1138 = VECTOR ( 'NONE', #2060, 1000.000000000000000 ) ;
#1139 = CARTESIAN_POINT ( 'NONE',  ( 2.682343756049562433, 16.38959541133016273, 0.000000000000000000 ) ) ;
#1140 = CARTESIAN_POINT ( 'NONE',  ( -0.6749999999999997113, 0.8199999999999998401, -0.02000000000000000042 ) ) ;
#1141 = EDGE_CURVE ( 'NONE', #1384, #9750, #9601, .T. ) ;
#1142 = DIRECTION ( 'NONE',  ( 1.000000000000000000, 0.000000000000000000, 0.000000000000000000 ) ) ;
#1143 = FILL_AREA_STYLE_COLOUR ( '', #5459 ) ;
#1144 = ORIENTED_EDGE ( 'NONE', *, *, #9068, .F. ) ;
#1145 = VECTOR ( 'NONE', #4197, 1000.000000000000000 ) ;
#1146 = ORIENTED_EDGE ( 'NONE', *, *, #4255, .F. ) ;
#1147 = FACE_BOUND ( 'NONE', #291, .T. ) ;
#1148 = VECTOR ( 'NONE', #7331, 1000.000000000000000 ) ;
#1149 = ORIENTED_EDGE ( 'NONE', *, *, #1249, .T. ) ;
#1150 = CARTESIAN_POINT ( 'NONE',  ( -1.269999999999999574, 1.269999999999999796, 0.7800000000000000266 ) ) ;
#1151 = CARTESIAN_POINT ( 'NONE',  ( 2.472280943684347143, 16.59595123288893603, 0.001000000000000000021 ) ) ;
#1152 = ORIENTED_EDGE ( 'NONE', *, *, #8530, .T. ) ;
#1153 = SURFACE_STYLE_FILL_AREA ( #2721 ) ;
#1154 = EDGE_CURVE ( 'NONE', #9328, #9785, #7626, .T. ) ;
#1155 = DIRECTION ( 'NONE',  ( -1.000000000000000000, 0.000000000000000000, 0.000000000000000000 ) ) ;
#1156 = DIRECTION ( 'NONE',  ( -0.000000000000000000, -1.000000000000000000, -0.000000000000000000 ) ) ;
#1157 = VECTOR ( 'NONE', #9167, 1000.000000000000000 ) ;
#1158 = DIRECTION ( 'NONE',  ( 1.000000000000000000, 0.000000000000000000, 0.000000000000000000 ) ) ;
#1159 = ORIENTED_EDGE ( 'NONE', *, *, #4080, .T. ) ;
#1160 = ORIENTED_EDGE ( 'NONE', *, *, #2730, .T. ) ;
#1161 = ORIENTED_EDGE ( 'NONE', *, *, #4861, .T. ) ;
#1162 = CARTESIAN_POINT ( 'NONE',  ( -1.499999999999999556, -0.8750000000000000000, -0.02000000000000000042 ) ) ;
#1163 = DIRECTION ( 'NONE',  ( -0.000000000000000000, -0.000000000000000000, 1.000000000000000000 ) ) ;
#1164 = DIRECTION ( 'NONE',  ( 0.9372347794058695225, -0.3486989651146547020, 0.000000000000000000 ) ) ;
#1165 = CARTESIAN_POINT ( 'NONE',  ( 2.910058905588334355, 16.75676402453996872, 0.001000000000000000021 ) ) ;
#1166 = DIRECTION ( 'NONE',  ( 0.000000000000000000, -1.000000000000000000, 0.000000000000000000 ) ) ;
#1167 = B_SPLINE_CURVE_WITH_KNOTS ( 'NONE', 3,
 ( #2761, #7430, #5843, #2010 ),
 .UNSPECIFIED., .F., .F.,
 ( 4, 4 ),
 ( 0.6666666666666666297, 0.7777777777777777901 ),
 .UNSPECIFIED. ) ;
#1168 = CARTESIAN_POINT ( 'NONE',  ( -1.500000000000000000, 0.1250000000000000000, -0.02000000000000000042 ) ) ;
#1169 = VECTOR ( 'NONE', #7050, 1000.000000000000000 ) ;
#1170 = ORIENTED_EDGE ( 'NONE', *, *, #5655, .T. ) ;
#1171 = EDGE_CURVE ( 'NONE', #7392, #3735, #649, .T. ) ;
#1172 = DIRECTION ( 'NONE',  ( 0.000000000000000000, 1.000000000000000000, 0.000000000000000000 ) ) ;
#1173 = EDGE_LOOP ( 'NONE', ( #1425, #2376, #5132, #4299, #9844, #9580, #8946, #4951, #4863, #7763 ) ) ;
#1174 = DIRECTION ( 'NONE',  ( -0.000000000000000000, -0.000000000000000000, -1.000000000000000000 ) ) ;
#1175 = CARTESIAN_POINT ( 'NONE',  ( 2.999026684943015830, 16.82472552265812737, 0.001000000000000000021 ) ) ;
#1176 = VERTEX_POINT ( 'NONE', #1462 ) ;
#1177 = LINE ( 'NONE', #2692, #3947 ) ;
#1178 = CARTESIAN_POINT ( 'NONE',  ( -1.499999999999999778, -1.500000000000000000, 0.000000000000000000 ) ) ;
#1179 = CARTESIAN_POINT ( 'NONE',  ( 3.406266103536768508, 16.71987063984729005, 0.001000000000000000021 ) ) ;
#1180 = ORIENTED_EDGE ( 'NONE', *, *, #3706, .T. ) ;
#1181 = LINE ( 'NONE', #3440, #3991 ) ;
#1182 = ORIENTED_EDGE ( 'NONE', *, *, #2483, .T. ) ;
#1183 = EDGE_LOOP ( 'NONE', ( #7768, #1446, #8453, #1229 ) ) ;
#1184 = CARTESIAN_POINT ( 'NONE',  ( 2.853924473376450610, 16.43266711403364866, 0.000000000000000000 ) ) ;
#1185 = CARTESIAN_POINT ( 'NONE',  ( 2.721531944574842932, 16.70027654558460384, 0.000000000000000000 ) ) ;
#1186 = ORIENTED_EDGE ( 'NONE', *, *, #5401, .T. ) ;
#1187 = DIRECTION ( 'NONE',  ( 0.000000000000000000, 0.000000000000000000, 1.000000000000000000 ) ) ;
#1188 = CARTESIAN_POINT ( 'NONE',  ( 3.826921298382410352, 16.73293336935568476, 0.000000000000000000 ) ) ;
#1189 = EDGE_CURVE ( 'NONE', #3314, #3953, #8402, .T. ) ;
#1190 = EDGE_CURVE ( 'NONE', #9926, #1416, #7425, .T. ) ;
#1191 = ORIENTED_EDGE ( 'NONE', *, *, #1121, .F. ) ;
#1192 = LINE ( 'NONE', #9061, #2513 ) ;
#1193 = CARTESIAN_POINT ( 'NONE',  ( 3.371314475933138599, 16.58783115778910755, 1.694065894508600678E-18 ) ) ;
#1194 = DIRECTION ( 'NONE',  ( -1.000000000000000000, 0.000000000000000000, 0.000000000000000000 ) ) ;
#1195 = ORIENTED_EDGE ( 'NONE', *, *, #3674, .T. ) ;
#1196 = ORIENTED_EDGE ( 'NONE', *, *, #2854, .T. ) ;
#1197 = LINE ( 'NONE', #1103, #9426 ) ;
#1198 = CYLINDRICAL_SURFACE ( 'NONE', #3832, 0.1250000000000005551 ) ;
#1199 = ORIENTED_EDGE ( 'NONE', *, *, #1556, .T. ) ;
#1200 = CARTESIAN_POINT ( 'NONE',  ( 3.275462285080775526, 16.40089290712125347, 0.001000000000000001756 ) ) ;
#1201 = PLANE ( 'NONE',  #1489 ) ;
#1202 = ORIENTED_EDGE ( 'NONE', *, *, #1369, .T. ) ;
#1203 = CARTESIAN_POINT ( 'NONE',  ( 3.822155167345547166, 16.76329538929418916, 0.001000000000000000021 ) ) ;
#1204 = FACE_OUTER_BOUND ( 'NONE', #7379, .T. ) ;
#1205 = EDGE_LOOP ( 'NONE', ( #5438, #1930, #6678, #5772 ) ) ;
#1206 = VECTOR ( 'NONE', #9485, 1000.000000000000000 ) ;
#1207 = EDGE_CURVE ( 'NONE', #6751, #3846, #5118, .T. ) ;
#1208 = ORIENTED_EDGE ( 'NONE', *, *, #7208, .T. ) ;
#1209 = EDGE_CURVE ( 'NONE', #3194, #503, #839, .T. ) ;
#1210 = CARTESIAN_POINT ( 'NONE',  ( 1.224999999999999423, 0.7499999999999995559, 0.1830000000000000238 ) ) ;
#1211 = CARTESIAN_POINT ( 'NONE',  ( 2.997261451225656792, 16.63019676700563920, 0.000000000000000000 ) ) ;
#1212 = CARTESIAN_POINT ( 'NONE',  ( 3.660283235464118157, 16.45031945120717864, 0.000000000000000000 ) ) ;
#1213 = CARTESIAN_POINT ( 'NONE',  ( 3.437157693590472185, 16.45067249795063802, 0.001000000000000000021 ) ) ;
#1214 = LINE ( 'NONE', #9596, #6734 ) ;
#1215 = VECTOR ( 'NONE', #8852, 1000.000000000000000 ) ;
#1216 = VECTOR ( 'NONE', #1914, 1000.000000000000000 ) ;
#1217 = SURFACE_SIDE_STYLE ('',( #6530 ) ) ;
#1218 = ORIENTED_EDGE ( 'NONE', *, *, #3539, .F. ) ;
#1219 = VECTOR ( 'NONE', #9759, 1000.000000000000000 ) ;
#1220 = MECHANICAL_DESIGN_GEOMETRIC_PRESENTATION_REPRESENTATION (  '', ( #4437 ), #7863 ) ;
#1221 = ORIENTED_EDGE ( 'NONE', *, *, #6998, .F. ) ;
#1222 = CARTESIAN_POINT ( 'NONE',  ( -1.224999999999999423, -0.8750000000000001110, 0.1830000000000000238 ) ) ;
#1223 = CARTESIAN_POINT ( 'NONE',  ( -1.269999999999999574, 1.269999999999999796, 0.7699999999999999067 ) ) ;
#1224 = DIRECTION ( 'NONE',  ( -1.000000000000000000, 3.942553354492742545E-16, 0.000000000000000000 ) ) ;
#1225 = CARTESIAN_POINT ( 'NONE',  ( 3.151366354750738452, 16.78200686669816832, 0.000000000000000000 ) ) ;
#1226 = VECTOR ( 'NONE', #1632, 1000.000000000000000 ) ;
#1227 = EDGE_CURVE ( 'NONE', #9026, #2421, #698, .T. ) ;
#1228 = CARTESIAN_POINT ( 'NONE',  ( 3.151366354750738452, 16.78200686669816832, 0.001000000000000000021 ) ) ;
#1229 = ORIENTED_EDGE ( 'NONE', *, *, #8415, .T. ) ;
#1230 = CARTESIAN_POINT ( 'NONE',  ( 3.098585866601821781, 16.39153716841929764, 0.001000000000000000021 ) ) ;
#1231 = ORIENTED_EDGE ( 'NONE', *, *, #3061, .T. ) ;
#1232 = ORIENTED_EDGE ( 'NONE', *, *, #5203, .T. ) ;
#1233 = SURFACE_STYLE_USAGE ( .BOTH. , #3498 ) ;
#1234 = DIRECTION ( 'NONE',  ( 1.000000000000000000, 0.000000000000000000, 0.000000000000000000 ) ) ;
#1235 = DIRECTION ( 'NONE',  ( 0.000000000000000000, 0.000000000000000000, -1.000000000000000000 ) ) ;
#1236 = VERTEX_POINT ( 'NONE', #6709 ) ;
#1237 = CARTESIAN_POINT ( 'NONE',  ( 0.000000000000000000, 0.000000000000000000, 0.001000000000000000021 ) ) ;
#1238 = AXIS2_PLACEMENT_3D ( 'NONE', #6273, #5596, #3360 ) ;
#1239 = CARTESIAN_POINT ( 'NONE',  ( 3.495763453006649257, 16.79171565214358708, 0.001000000000000000021 ) ) ;
#1240 = VERTEX_POINT ( 'NONE', #2112 ) ;
#1241 = DIRECTION ( 'NONE',  ( 0.9999905756744552621, -0.004341493092407097687, 0.000000000000000000 ) ) ;
#1242 = EDGE_CURVE ( 'NONE', #6487, #8369, #2853, .T. ) ;
#1243 = DIRECTION ( 'NONE',  ( -0.000000000000000000, 0.000000000000000000, -1.000000000000000000 ) ) ;
#1244 = CARTESIAN_POINT ( 'NONE',  ( 3.719595088367241509, 16.51580962212106840, 0.0009999999999999982861 ) ) ;
#1245 = ORIENTED_EDGE ( 'NONE', *, *, #5506, .T. ) ;
#1246 = EDGE_CURVE ( 'NONE', #6313, #9993, #3699, .T. ) ;
#1247 =( GEOMETRIC_REPRESENTATION_CONTEXT ( 3 ) GLOBAL_UNCERTAINTY_ASSIGNED_CONTEXT ( ( #7229 ) ) GLOBAL_UNIT_ASSIGNED_CONTEXT ( ( #3945, #5472, #88 ) ) REPRESENTATION_CONTEXT ( 'NONE', 'WORKASPACE' ) );
#1248 = PLANE ( 'NONE',  #6398 ) ;
#1249 = EDGE_CURVE ( 'NONE', #444, #7206, #7618, .T. ) ;
#1250 = ORIENTED_EDGE ( 'NONE', *, *, #6290, .T. ) ;
#1251 = CARTESIAN_POINT ( 'NONE',  ( 1.224999999999999423, -0.8750000000000014433, 0.1830000000000000238 ) ) ;
#1252 = VERTEX_POINT ( 'NONE', #7578 ) ;
#1253 = CARTESIAN_POINT ( 'NONE',  ( 3.336892418444728836, 16.48721283589987152, 0.001000000000000000021 ) ) ;
#1254 = ORIENTED_EDGE ( 'NONE', *, *, #5200, .T. ) ;
#1255 = CARTESIAN_POINT ( 'NONE',  ( 3.273697051363418709, 16.39153716841929409, 0.000000000000000000 ) ) ;
#1256 = VECTOR ( 'NONE', #3658, 1000.000000000000000 ) ;
#1257 = LINE ( 'NONE', #2080, #3002 ) ;
#1258 = DIRECTION ( 'NONE',  ( -0.3158674381473075554, -0.9488033313170104455, 0.000000000000000000 ) ) ;
#1259 =( NAMED_UNIT ( * ) SI_UNIT ( $, .STERADIAN. ) SOLID_ANGLE_UNIT ( ) );
#1260 = ORIENTED_EDGE ( 'NONE', *, *, #3284, .F. ) ;
#1261 = AXIS2_PLACEMENT_3D ( 'NONE', #2160, #2960, #7670 ) ;
#1262 = AXIS2_PLACEMENT_3D ( 'NONE', #6560, #9113, #7481 ) ;
#1263 = ORIENTED_EDGE ( 'NONE', *, *, #5711, .F. ) ;
#1264 = DIRECTION ( 'NONE',  ( -0.000000000000000000, -1.000000000000000000, -0.000000000000000000 ) ) ;
#1265 = DIRECTION ( 'NONE',  ( 1.000000000000000000, 0.000000000000000000, 0.000000000000000000 ) ) ;
#1266 = CIRCLE ( 'NONE', #6772, 0.05000000000000002359 ) ;
#1267 = PRESENTATION_STYLE_ASSIGNMENT (( #1374 ) ) ;
#1268 = CYLINDRICAL_SURFACE ( 'NONE', #6946, 0.03000000000000007869 ) ;
#1269 = DIRECTION ( 'NONE',  ( -0.000000000000000000, -0.000000000000000000, -1.000000000000000000 ) ) ;
#1270 = ADVANCED_FACE ( 'NONE', ( #644 ), #5467, .F. ) ;
#1271 = EDGE_CURVE ( 'NONE', #5426, #3839, #8551, .T. ) ;
#1272 = VERTEX_POINT ( 'NONE', #6150 ) ;
#1273 = VECTOR ( 'NONE', #7552, 1000.000000000000000 ) ;
#1274 = VERTEX_POINT ( 'NONE', #8495 ) ;
#1275 = DIRECTION ( 'NONE',  ( 1.000000000000000000, 0.000000000000000000, 0.000000000000000000 ) ) ;
#1276 = CARTESIAN_POINT ( 'NONE',  ( 3.791263577291842601, 16.80901494257366124, 0.001000000000000000021 ) ) ;
#1277 = ORIENTED_EDGE ( 'NONE', *, *, #2385, .F. ) ;
#1278 = CARTESIAN_POINT ( 'NONE',  ( 1.499999999999999556, -0.3750000000000014988, 0.000000000000000000 ) ) ;
#1279 = CARTESIAN_POINT ( 'NONE',  ( 3.125064372362150955, 16.70027654558460384, 0.000000000000000000 ) ) ;
#1280 = EDGE_CURVE ( 'NONE', #3718, #4259, #6297, .T. ) ;
#1281 = CARTESIAN_POINT ( 'NONE',  ( 3.143952373137842038, 16.75958839848774318, 0.000000000000000000 ) ) ;
#1282 = CARTESIAN_POINT ( 'NONE',  ( 0.6749999999999998224, 0.8699999999999998845, -0.02000000000000000042 ) ) ;
#1283 = EDGE_LOOP ( 'NONE', ( #7130, #517, #1161, #3445, #9172 ) ) ;
#1284 = EDGE_LOOP ( 'NONE', ( #8791, #3633 ) ) ;
#1285 = CARTESIAN_POINT ( 'NONE',  ( -1.224999999999999867, 0.1249999999999998890, -0.02000000000000000042 ) ) ;
#1286 = DIRECTION ( 'NONE',  ( -0.9999719463614428205, -0.007490426563787701969, 0.000000000000000000 ) ) ;
#1287 = ORIENTED_EDGE ( 'NONE', *, *, #8896, .F. ) ;
#1288 = FACE_OUTER_BOUND ( 'NONE', #6674, .T. ) ;
#1289 = CARTESIAN_POINT ( 'NONE',  ( 1.470000000000000195, -1.469999999999999973, 0.7500000000000000000 ) ) ;
#1290 = ADVANCED_FACE ( 'NONE', ( #2448 ), #10032, .F. ) ;
#1291 = ORIENTED_EDGE ( 'NONE', *, *, #849, .F. ) ;
#1292 = SURFACE_STYLE_USAGE ( .BOTH. , #9062 ) ;
#1293 = DIRECTION ( 'NONE',  ( -0.000000000000000000, -0.000000000000000000, -1.000000000000000000 ) ) ;
#1294 = CLOSED_SHELL ( 'NONE', ( #1931, #4223, #7443, #1804, #7656, #6522, #8190, #9025, #3078, #1381, #5598, #9341 ) ) ;
#1295 = DIRECTION ( 'NONE',  ( 1.000000000000000000, 0.000000000000000000, 0.000000000000000000 ) ) ;
#1296 = ORIENTED_EDGE ( 'NONE', *, *, #5767, .F. ) ;
#1297 = VECTOR ( 'NONE', #552, 1000.000000000000000 ) ;
#1298 = DIRECTION ( 'NONE',  ( -1.000000000000000000, 0.000000000000000000, 0.000000000000000000 ) ) ;
#1299 = CARTESIAN_POINT ( 'NONE',  ( 3.406266103536768508, 16.71987063984729005, 0.001000000000000000021 ) ) ;
#1300 = CARTESIAN_POINT ( 'NONE',  ( 3.646161365725279158, 16.67874069423287153, 0.000000000000000000 ) ) ;
#1301 = ORIENTED_EDGE ( 'NONE', *, *, #9241, .T. ) ;
#1302 = ADVANCED_FACE ( 'NONE', ( #2307 ), #1555, .F. ) ;
#1303 = CARTESIAN_POINT ( 'NONE',  ( 3.336892418444728836, 16.48721283589987152, 1.694065894508600678E-18 ) ) ;
#1304 = VERTEX_POINT ( 'NONE', #3859 ) ;
#1305 = ADVANCED_FACE ( 'NONE', ( #6195 ), #2350, .F. ) ;
#1306 = ADVANCED_FACE ( 'NONE', ( #8638 ), #4667, .F. ) ;
#1307 = CARTESIAN_POINT ( 'NONE',  ( 2.472280943684348919, 16.59595123288893959, 0.000000000000000000 ) ) ;
#1308 = DIRECTION ( 'NONE',  ( -0.000000000000000000, -0.000000000000000000, -1.000000000000000000 ) ) ;
#1309 = DIRECTION ( 'NONE',  ( -0.000000000000000000, -0.000000000000000000, -1.000000000000000000 ) ) ;
#1310 = VERTEX_POINT ( 'NONE', #1505 ) ;
#1311 = COLOUR_RGB ( '',0.8039215686274510109, 0.8039215686274510109, 0.8039215686274510109 ) ;
#1312 = ORIENTED_EDGE ( 'NONE', *, *, #6325, .F. ) ;
#1313 = EDGE_CURVE ( 'NONE', #3585, #4676, #9216, .T. ) ;
#1314 = DIRECTION ( 'NONE',  ( 0.000000000000000000, 0.000000000000000000, -1.000000000000000000 ) ) ;
#1315 = LINE ( 'NONE', #558, #3850 ) ;
#1316 = UNCERTAINTY_MEASURE_WITH_UNIT (LENGTH_MEASURE( 1.000000000000000082E-05 ), #7528, 'distance_accuracy_value', 'NONE');
#1317 = PLANE ( 'NONE',  #2042 ) ;
#1318 = CARTESIAN_POINT ( 'NONE',  ( 2.910058905588334355, 16.75676402453996872, 0.001000000000000000021 ) ) ;
#1319 = EDGE_CURVE ( 'NONE', #8581, #3585, #9980, .T. ) ;
#1320 = DIRECTION ( 'NONE',  ( -0.9999771739006353410, 0.006756602526303994750, 0.000000000000000000 ) ) ;
#1321 = VECTOR ( 'NONE', #1854, 1000.000000000000000 ) ;
#1322 = EDGE_CURVE ( 'NONE', #7209, #3793, #3011, .T. ) ;
#1323 = SURFACE_SIDE_STYLE ('',( #8278 ) ) ;
#1324 = CARTESIAN_POINT ( 'NONE',  ( 8.773011936222605556, 3.759862258381010847, 0.000000000000000000 ) ) ;
#1325 = EDGE_CURVE ( 'NONE', #3172, #2518, #7052, .T. ) ;
#1326 = EDGE_LOOP ( 'NONE', ( #7561, #1339, #4591, #7756 ) ) ;
#1327 = VECTOR ( 'NONE', #6824, 1000.000000000000000 ) ;
#1328 = ADVANCED_FACE ( 'NONE', ( #8598 ), #7671, .T. ) ;
#1329 = DIRECTION ( 'NONE',  ( 1.000000000000000000, -3.942553354492742545E-16, 0.000000000000000000 ) ) ;
#1330 = EDGE_LOOP ( 'NONE', ( #6268, #7469, #8484, #7337 ) ) ;
#1331 = CARTESIAN_POINT ( 'NONE',  ( 3.772199053144412062, 16.64008207582279297, 0.001000000000000000021 ) ) ;
#1332 = LINE ( 'NONE', #5042, #3034 ) ;
#1333 = B_SPLINE_SURFACE_WITH_KNOTS ( 'NONE', 3, 1, ( 
 ( #7914, #3316 ),
 ( #6433, #6376 ),
 ( #3222, #5657 ),
 ( #2621, #3979 ) ),
 .UNSPECIFIED., .F., .F., .F.,
 ( 4, 4 ),
 ( 2, 2 ),
 ( 0.09090909090909089774, 0.1818181818181817955 ),
 ( 0.000000000000000000, 1.000000000000000000 ),
 .UNSPECIFIED. ) ;
#1334 = ORIENTED_EDGE ( 'NONE', *, *, #4239, .T. ) ;
#1335 = CARTESIAN_POINT ( 'NONE',  ( 0.000000000000000000, 16.63054981374909858, 0.001000000000000000021 ) ) ;
#1336 = DIRECTION ( 'NONE',  ( 1.000000000000000000, 0.000000000000000000, 0.000000000000000000 ) ) ;
#1337 = COLOUR_RGB ( '',0.8039215686274510109, 0.8039215686274510109, 0.8039215686274510109 ) ;
#1338 = CARTESIAN_POINT ( 'NONE',  ( 3.714475910586914065, 16.66108835705933089, 0.001000000000000000021 ) ) ;
#1339 = ORIENTED_EDGE ( 'NONE', *, *, #5901, .F. ) ;
#1340 = EDGE_LOOP ( 'NONE', ( #2062, #4772, #9725, #1403 ) ) ;
#1341 = PRESENTATION_STYLE_ASSIGNMENT (( #5218 ) ) ;
#1342 = ADVANCED_FACE ( 'NONE', ( #4569 ), #6909, .F. ) ;
#1343 = CARTESIAN_POINT ( 'NONE',  ( 2.747127833476488590, 16.78183034332643331, 0.001000000000000000021 ) ) ;
#1344 = LINE ( 'NONE', #7623, #8779 ) ;
#1345 = AXIS2_PLACEMENT_3D ( 'NONE', #1348, #9305, #5276 ) ;
#1346 = EDGE_CURVE ( 'NONE', #351, #6782, #7104, .T. ) ;
#1347 = ORIENTED_EDGE ( 'NONE', *, *, #2665, .T. ) ;
#1348 = CARTESIAN_POINT ( 'NONE',  ( 3.826921298382410352, 0.000000000000000000, 0.001000000000000000021 ) ) ;
#1349 = CARTESIAN_POINT ( 'NONE',  ( 1.500000000000000222, 1.469999999999999973, 0.000000000000000000 ) ) ;
#1350 = DIRECTION ( 'NONE',  ( -0.000000000000000000, -1.000000000000000000, 0.000000000000000000 ) ) ;
#1351 = ORIENTED_EDGE ( 'NONE', *, *, #7319, .T. ) ;
#1352 = DIRECTION ( 'NONE',  ( -0.3873641921316386960, 0.9219267772736633448, 0.000000000000000000 ) ) ;
#1353 = CARTESIAN_POINT ( 'NONE',  ( 3.151013308007260427, 16.41324954314273654, 0.000000000000000000 ) ) ;
#1354 = DIRECTION ( 'NONE',  ( -0.000000000000000000, -0.000000000000000000, -1.000000000000000000 ) ) ;
#1355 = CARTESIAN_POINT ( 'NONE',  ( 1.224999999999999423, -0.7500000000000004441, 0.1829999999927167664 ) ) ;
#1356 = EDGE_LOOP ( 'NONE', ( #1182, #5223, #9923, #6147 ) ) ;
#1357 = CARTESIAN_POINT ( 'NONE',  ( 2.810499723929526628, 16.72887333180576874, 0.001000000000000000021 ) ) ;
#1358 = CARTESIAN_POINT ( 'NONE',  ( 3.615269775671568375, 16.59206771871077990, 0.001000000000000000021 ) ) ;
#1359 = DIRECTION ( 'NONE',  ( -0.000000000000000000, 0.000000000000000000, -1.000000000000000000 ) ) ;
#1360 = B_SPLINE_CURVE_WITH_KNOTS ( 'NONE', 3,
 ( #257, #5553, #7188, #1826 ),
 .UNSPECIFIED., .F., .F.,
 ( 4, 4 ),
 ( 0.000000000000000000, 0.09090909090909089774 ),
 .UNSPECIFIED. ) ;
#1361 = ORIENTED_EDGE ( 'NONE', *, *, #6574, .T. ) ;
#1362 = CARTESIAN_POINT ( 'NONE',  ( 3.389319859850160821, 16.57141448421772267, 1.694065894508600678E-18 ) ) ;
#1363 = ORIENTED_EDGE ( 'NONE', *, *, #2252, .F. ) ;
#1364 = SURFACE_STYLE_USAGE ( .BOTH. , #659 ) ;
#1365 = DIRECTION ( 'NONE',  ( -0.000000000000000000, -0.000000000000000000, -1.000000000000000000 ) ) ;
#1366 = DIRECTION ( 'NONE',  ( 1.000000000000000000, 0.000000000000000000, 0.000000000000000000 ) ) ;
#1367 = SURFACE_SIDE_STYLE ('',( #3717 ) ) ;
#1368 = ORIENTED_EDGE ( 'NONE', *, *, #2373, .F. ) ;
#1369 = EDGE_CURVE ( 'NONE', #2549, #9297, #9743, .T. ) ;
#1370 = ORIENTED_EDGE ( 'NONE', *, *, #4646, .F. ) ;
#1371 = LINE ( 'NONE', #9131, #7686 ) ;
#1372 = LINE ( 'NONE', #1975, #4801 ) ;
#1373 = SURFACE_STYLE_FILL_AREA ( #9133 ) ;
#1374 = SURFACE_STYLE_USAGE ( .BOTH. , #7501 ) ;
#1375 = CIRCLE ( 'NONE', #1548, 0.05000000000000002359 ) ;
#1376 = CARTESIAN_POINT ( 'NONE',  ( 1.470000000000000195, 1.469999999999999973, 0.7800000000000000266 ) ) ;
#1377 = PLANE ( 'NONE',  #9506 ) ;
#1378 = EDGE_CURVE ( 'NONE', #3592, #2599, #1960, .T. ) ;
#1379 = ORIENTED_EDGE ( 'NONE', *, *, #454, .T. ) ;
#1380 = AXIS2_PLACEMENT_3D ( 'NONE', #717, #6837, #6983 ) ;
#1381 = ADVANCED_FACE ( 'NONE', ( #322 ), #9115, .F. ) ;
#1382 = EDGE_CURVE ( 'NONE', #6514, #4936, #5619, .T. ) ;
#1383 = CARTESIAN_POINT ( 'NONE',  ( 3.104234614497361822, 16.63566899152944600, 0.000000000000000000 ) ) ;
#1384 = VERTEX_POINT ( 'NONE', #3329 ) ;
#1385 = AXIS2_PLACEMENT_3D ( 'NONE', #1652, #8496, #6151 ) ;
#1386 = AXIS2_PLACEMENT_3D ( 'NONE', #8030, #6608, #5788 ) ;
#1387 = ORIENTED_EDGE ( 'NONE', *, *, #5341, .F. ) ;
#1388 = DIRECTION ( 'NONE',  ( -1.000000000000000000, 3.942553354492743531E-16, 0.000000000000000000 ) ) ;
#1389 = CARTESIAN_POINT ( 'NONE',  ( 2.926122532416263411, 16.73434555632957199, 0.000000000000000000 ) ) ;
#1390 = CARTESIAN_POINT ( 'NONE',  ( -0.7249999999999997558, -0.8200000000000000622, 0.01000000000000000021 ) ) ;
#1391 = ORIENTED_EDGE ( 'NONE', *, *, #1610, .F. ) ;
#1392 = VERTEX_POINT ( 'NONE', #1833 ) ;
#1393 =( NAMED_UNIT ( * ) SI_UNIT ( $, .STERADIAN. ) SOLID_ANGLE_UNIT ( ) );
#1394 = AXIS2_PLACEMENT_3D ( 'NONE', #2022, #4379, #6829 ) ;
#1395 =( GEOMETRIC_REPRESENTATION_CONTEXT ( 3 ) GLOBAL_UNCERTAINTY_ASSIGNED_CONTEXT ( ( #8619 ) ) GLOBAL_UNIT_ASSIGNED_CONTEXT ( ( #3724, #8224, #9904 ) ) REPRESENTATION_CONTEXT ( 'NONE', 'WORKASPACE' ) );
#1396 = CARTESIAN_POINT ( 'NONE',  ( 2.908117148499234972, 16.82472552265812382, 0.001000000000000000021 ) ) ;
#1397 = SURFACE_STYLE_USAGE ( .BOTH. , #6705 ) ;
#1398 = VERTEX_POINT ( 'NONE', #7970 ) ;
#1399 = LINE ( 'NONE', #3009, #864 ) ;
#1400 = CARTESIAN_POINT ( 'NONE',  ( 3.423082598700431411, 0.08868089633936865335, 0.001000000000000000021 ) ) ;
#1401 = CARTESIAN_POINT ( 'NONE',  ( 3.536893398621014928, 16.55005515623776091, 0.001000000000000001756 ) ) ;
#1402 = CIRCLE ( 'NONE', #6887, 0.1250000000000005551 ) ;
#1403 = ORIENTED_EDGE ( 'NONE', *, *, #6738, .T. ) ;
#1404 = CARTESIAN_POINT ( 'NONE',  ( -1.224999999999999423, -0.7500000000000001110, -0.02000000000000000042 ) ) ;
#1405 = DIRECTION ( 'NONE',  ( -0.8185566924619005480, -0.5744257490971600433, 0.000000000000000000 ) ) ;
#1406 = MECHANICAL_DESIGN_GEOMETRIC_PRESENTATION_REPRESENTATION (  '', ( #3637 ), #7549 ) ;
#1407 = DIRECTION ( 'NONE',  ( -1.000000000000000000, 0.000000000000000000, -0.000000000000000000 ) ) ;
#1408 = EDGE_CURVE ( 'NONE', #7049, #8092, #4799, .T. ) ;
#1409 = EDGE_CURVE ( 'NONE', #937, #1973, #7627, .T. ) ;
#1410 = CARTESIAN_POINT ( 'NONE',  ( -1.499999999999999556, 0.6250000000000000000, 0.1830000000000000238 ) ) ;
#1411 = ORIENTED_EDGE ( 'NONE', *, *, #4196, .F. ) ;
#1412 = CARTESIAN_POINT ( 'NONE',  ( 2.767781067969536490, 16.82472552265812382, 0.001000000000000000021 ) ) ;
#1413 = VECTOR ( 'NONE', #6587, 1000.000000000000000 ) ;
#1414 = CARTESIAN_POINT ( 'NONE',  ( 3.435039413129651997, 16.43778629181395701, 0.001000000000000000021 ) ) ;
#1415 =( NAMED_UNIT ( * ) PLANE_ANGLE_UNIT ( ) SI_UNIT ( $, .RADIAN. ) );
#1416 = VERTEX_POINT ( 'NONE', #6446 ) ;
#1417 = CARTESIAN_POINT ( 'NONE',  ( 1.499999999999999556, 0.6249999999999984457, 0.1830000000000000238 ) ) ;
#1418 = VERTEX_POINT ( 'NONE', #9547 ) ;
#1419 = DIRECTION ( 'NONE',  ( -0.9999999152548370018, 0.0004116920194412302704, 0.000000000000000000 ) ) ;
#1420 = AXIS2_PLACEMENT_3D ( 'NONE', #7344, #5037, #8114 ) ;
#1421 =( NAMED_UNIT ( * ) SI_UNIT ( $, .STERADIAN. ) SOLID_ANGLE_UNIT ( ) );
#1422 = LINE ( 'NONE', #3819, #5811 ) ;
#1423 = AXIS2_PLACEMENT_3D ( 'NONE', #8854, #1243, #5954 ) ;
#1424 = FACE_OUTER_BOUND ( 'NONE', #320, .T. ) ;
#1425 = ORIENTED_EDGE ( 'NONE', *, *, #8127, .T. ) ;
#1426 = AXIS2_PLACEMENT_3D ( 'NONE', #8506, #140, #3865 ) ;
#1427 = VERTEX_POINT ( 'NONE', #4144 ) ;
#1428 = B_SPLINE_SURFACE_WITH_KNOTS ( 'NONE', 3, 1, ( 
 ( #1575, #4634 ),
 ( #2281, #6875 ),
 ( #4533, #6165 ),
 ( #7791, #3872 ) ),
 .UNSPECIFIED., .F., .F., .F.,
 ( 4, 4 ),
 ( 2, 2 ),
 ( 0.000000000000000000, 0.2500000000000000000 ),
 ( 0.000000000000000000, 1.000000000000000000 ),
 .UNSPECIFIED. ) ;
#1429 = CARTESIAN_POINT ( 'NONE',  ( 2.930182569966179873, 16.79206869888706066, 0.000000000000000000 ) ) ;
#1430 = VECTOR ( 'NONE', #4203, 999.9999999999998863 ) ;
#1431 = FACE_OUTER_BOUND ( 'NONE', #7871, .T. ) ;
#1432 = UNCERTAINTY_MEASURE_WITH_UNIT (LENGTH_MEASURE( 1.000000000000000082E-05 ), #7640, 'distance_accuracy_value', 'NONE');
#1433 = CARTESIAN_POINT ( 'NONE',  ( 3.673345964972550171, 16.49903990180617797, 0.000000000000000000 ) ) ;
#1434 = CARTESIAN_POINT ( 'NONE',  ( 0.06976920970682917722, 16.46553349368654295, 0.000000000000000000 ) ) ;
#1435 = VECTOR ( 'NONE', #6462, 1000.000000000000000 ) ;
#1436 =( LENGTH_UNIT ( ) NAMED_UNIT ( * ) SI_UNIT ( .MILLI., .METRE. ) );
#1437 = FACE_OUTER_BOUND ( 'NONE', #1999, .T. ) ;
#1438 = EDGE_LOOP ( 'NONE', ( #9349, #9454, #7309, #3272 ) ) ;
#1439 = AXIS2_PLACEMENT_3D ( 'NONE', #7925, #987, #2495 ) ;
#1440 = EDGE_LOOP ( 'NONE', ( #1459, #5399, #3088, #8691 ) ) ;
#1441 = CARTESIAN_POINT ( 'NONE',  ( 3.673345964972550171, 16.49903990180617797, 0.001000000000000000021 ) ) ;
#1442 = CARTESIAN_POINT ( 'NONE',  ( 3.418622739558246693, 16.54881949263557672, 0.001000000000000000021 ) ) ;
#1443 = VERTEX_POINT ( 'NONE', #3381 ) ;
#1444 = EDGE_CURVE ( 'NONE', #6856, #8339, #8071, .T. ) ;
#1445 = AXIS2_PLACEMENT_3D ( 'NONE', #3901, #3015, #4573 ) ;
#1446 = ORIENTED_EDGE ( 'NONE', *, *, #3061, .F. ) ;
#1447 = LINE ( 'NONE', #2427, #2519 ) ;
#1448 = CARTESIAN_POINT ( 'NONE',  ( -1.499999999999999556, 0.1250000000000000000, 0.000000000000000000 ) ) ;
#1449 = ADVANCED_FACE ( 'NONE', ( #6492 ), #7301, .F. ) ;
#1450 = EDGE_CURVE ( 'NONE', #31, #6211, #8834, .T. ) ;
#1451 = DIRECTION ( 'NONE',  ( -0.000000000000000000, -0.000000000000000000, 1.000000000000000000 ) ) ;
#1452 = VECTOR ( 'NONE', #925, 1000.000000000000000 ) ;
#1453 = CARTESIAN_POINT ( 'NONE',  ( 3.631509925871234667, 16.75905882837253813, 0.001000000000000000021 ) ) ;
#1454 = VERTEX_POINT ( 'NONE', #5155 ) ;
#1455 =( LENGTH_UNIT ( ) NAMED_UNIT ( * ) SI_UNIT ( .MILLI., .METRE. ) );
#1456 = FACE_OUTER_BOUND ( 'NONE', #5997, .T. ) ;
#1457 = LINE ( 'NONE', #5883, #9936 ) ;
#1458 = PRESENTATION_LAYER_ASSIGNMENT (  '', '', ( #3995 ) ) ;
#1459 = ORIENTED_EDGE ( 'NONE', *, *, #5753, .T. ) ;
#1460 = CARTESIAN_POINT ( 'NONE',  ( 3.826921298382410352, 16.63337418769686238, 0.001000000000000000021 ) ) ;
#1461 = DIRECTION ( 'NONE',  ( 0.000000000000000000, -0.000000000000000000, -1.000000000000000000 ) ) ;
#1462 = CARTESIAN_POINT ( 'NONE',  ( 3.725067312891037208, 16.58677201755869746, 0.000000000000000000 ) ) ;
#1463 = PLANE ( 'NONE',  #9645 ) ;
#1464 = CARTESIAN_POINT ( 'NONE',  ( 1.224999999999999423, 0.2499999999999995837, 0.000000000000000000 ) ) ;
#1465 = LINE ( 'NONE', #2270, #934 ) ;
#1466 = CYLINDRICAL_SURFACE ( 'NONE', #2244, 0.05000000000000002359 ) ;
#1467 = SPHERICAL_SURFACE ( 'NONE', #7698, 0.02999999999999999889 ) ;
#1468 = AXIS2_PLACEMENT_3D ( 'NONE', #7905, #3309, #1770 ) ;
#1469 = CARTESIAN_POINT ( 'NONE',  ( 3.125240895733882418, 16.72322458391026245, 0.001000000000000000021 ) ) ;
#1470 = DIRECTION ( 'NONE',  ( -0.9999858536274821574, -0.005319073689649684265, 0.000000000000000000 ) ) ;
#1471 = ORIENTED_EDGE ( 'NONE', *, *, #2446, .T. ) ;
#1472 = DIRECTION ( 'NONE',  ( -1.000000000000000000, 0.000000000000000000, 0.000000000000000000 ) ) ;
#1473 = EDGE_CURVE ( 'NONE', #7844, #3427, #1647, .T. ) ;
#1474 = ORIENTED_EDGE ( 'NONE', *, *, #1711, .F. ) ;
#1475 = CARTESIAN_POINT ( 'NONE',  ( -1.224999999999999645, -0.2500000000000001110, 0.1830000000000000238 ) ) ;
#1476 = AXIS2_PLACEMENT_3D ( 'NONE', #6135, #8586, #1682 ) ;
#1477 = FACE_OUTER_BOUND ( 'NONE', #105, .T. ) ;
#1478 = AXIS2_PLACEMENT_3D ( 'NONE', #6830, #4678, #1525 ) ;
#1479 = CARTESIAN_POINT ( 'NONE',  ( 2.747127833476488590, 16.78183034332643331, 0.000000000000000000 ) ) ;
#1480 = VERTEX_POINT ( 'NONE', #9144 ) ;
#1481 = ORIENTED_EDGE ( 'NONE', *, *, #6997, .F. ) ;
#1482 = VERTEX_POINT ( 'NONE', #8176 ) ;
#1483 = LINE ( 'NONE', #2328, #6382 ) ;
#1484 = ADVANCED_FACE ( 'NONE', ( #7463 ), #5824, .F. ) ;
#1485 = DIRECTION ( 'NONE',  ( -0.1020288654973053322, -0.9947814386111818452, 0.000000000000000000 ) ) ;
#1486 = CARTESIAN_POINT ( 'NONE',  ( -1.224999999999999423, 0.6249999999999998890, 0.1830000000000000238 ) ) ;
#1487 = CARTESIAN_POINT ( 'NONE',  ( 3.336892418444728836, 16.48721283589987152, 0.001000000000000001756 ) ) ;
#1488 = VERTEX_POINT ( 'NONE', #5041 ) ;
#1489 = AXIS2_PLACEMENT_3D ( 'NONE', #1680, #931, #8098 ) ;
#1490 = ORIENTED_EDGE ( 'NONE', *, *, #6144, .F. ) ;
#1491 = AXIS2_PLACEMENT_3D ( 'NONE', #2404, #7823, #9307 ) ;
#1492 = CARTESIAN_POINT ( 'NONE',  ( 0.000000000000000000, 16.55270300681376838, 0.001000000000000000021 ) ) ;
#1493 = EDGE_LOOP ( 'NONE', ( #1762, #9894, #2713, #7936 ) ) ;
#1494 = CARTESIAN_POINT ( 'NONE',  ( -1.499999999999999778, 1.500000000000000000, 0.7500000000000000000 ) ) ;
#1495 = CARTESIAN_POINT ( 'NONE',  ( 3.110412932508104689, 16.66444230112228198, 0.000000000000000000 ) ) ;
#1496 = DIRECTION ( 'NONE',  ( -0.000000000000000000, 0.000000000000000000, 1.000000000000000000 ) ) ;
#1497 = AXIS2_PLACEMENT_3D ( 'NONE', #7162, #2552, #901 ) ;
#1498 = CARTESIAN_POINT ( 'NONE',  ( 2.754894861832849706, 16.58818420453259179, 0.000000000000000000 ) ) ;
#1499 = EDGE_CURVE ( 'NONE', #2043, #666, #628, .T. ) ;
#1500 = VERTEX_POINT ( 'NONE', #9043 ) ;
#1501 = PRESENTATION_STYLE_ASSIGNMENT (( #1397 ) ) ;
#1502 = VERTEX_POINT ( 'NONE', #4296 ) ;
#1503 = CARTESIAN_POINT ( 'NONE',  ( 0.7250000000000001998, -0.8199999999999997291, 0.01000000000000000021 ) ) ;
#1504 = CARTESIAN_POINT ( 'NONE',  ( 3.656223197914196366, 16.39153716841929764, 0.000000000000000000 ) ) ;
#1505 = CARTESIAN_POINT ( 'NONE',  ( 3.012795507938381689, 16.58588940070004369, 0.000000000000000000 ) ) ;
#1506 = VECTOR ( 'NONE', #183, 1000.000000000000000 ) ;
#1507 = DIRECTION ( 'NONE',  ( -1.000000000000000000, 3.942553354492742545E-16, 0.000000000000000000 ) ) ;
#1508 = SURFACE_STYLE_FILL_AREA ( #6816 ) ;
#1509 = DIRECTION ( 'NONE',  ( 1.000000000000000000, 0.000000000000000000, 0.000000000000000000 ) ) ;
#1510 = PLANE ( 'NONE',  #1445 ) ;
#1511 = EDGE_LOOP ( 'NONE', ( #7788, #568, #2643, #3458, #2903 ) ) ;
#1512 = B_SPLINE_SURFACE_WITH_KNOTS ( 'NONE', 3, 1, ( 
 ( #5270, #6803 ),
 ( #6189, #9922 ),
 ( #8392, #37 ),
 ( #9259, #2344 ) ),
 .UNSPECIFIED., .F., .F., .F.,
 ( 4, 4 ),
 ( 2, 2 ),
 ( 0.7272727272727272929, 0.8181818181818182323 ),
 ( 0.000000000000000000, 1.000000000000000000 ),
 .UNSPECIFIED. ) ;
#1513 = EDGE_CURVE ( 'NONE', #3194, #5126, #2765, .T. ) ;
#1514 = ORIENTED_EDGE ( 'NONE', *, *, #1006, .T. ) ;
#1515 = CIRCLE ( 'NONE', #7152, 0.1000000000000000472 ) ;
#1516 = CARTESIAN_POINT ( 'NONE',  ( 3.648456169557835249, 16.52304708036222181, 0.000000000000000000 ) ) ;
#1517 = FACE_OUTER_BOUND ( 'NONE', #5089, .T. ) ;
#1518 = DIRECTION ( 'NONE',  ( 0.000000000000000000, 0.000000000000000000, -1.000000000000000000 ) ) ;
#1519 = ORIENTED_EDGE ( 'NONE', *, *, #690, .F. ) ;
#1520 = LINE ( 'NONE', #3343, #3466 ) ;
#1521 = ORIENTED_EDGE ( 'NONE', *, *, #5381, .F. ) ;
#1522 = ADVANCED_FACE ( 'NONE', ( #9704 ), #7813, .F. ) ;
#1523 =( NAMED_UNIT ( * ) SI_UNIT ( $, .STERADIAN. ) SOLID_ANGLE_UNIT ( ) );
#1524 = DIRECTION ( 'NONE',  ( 0.000000000000000000, 0.000000000000000000, -1.000000000000000000 ) ) ;
#1525 = DIRECTION ( 'NONE',  ( -0.5979988466212444731, 0.8014969615910352285, 0.000000000000000000 ) ) ;
#1526 = B_SPLINE_CURVE_WITH_KNOTS ( 'NONE', 3,
 ( #6774, #9119, #5235, #7730 ),
 .UNSPECIFIED., .F., .F.,
 ( 4, 4 ),
 ( 0.1818181818181817955, 0.2727272727272727071 ),
 .UNSPECIFIED. ) ;
#1527 = CARTESIAN_POINT ( 'NONE',  ( -0.6749999999999997113, -0.8200000000000000622, 0.01000000000000000021 ) ) ;
#1528 = ORIENTED_EDGE ( 'NONE', *, *, #3073, .T. ) ;
#1529 = ORIENTED_EDGE ( 'NONE', *, *, #5784, .T. ) ;
#1530 = CARTESIAN_POINT ( 'NONE',  ( 2.808028396725232412, 16.63054981374909858, 0.001000000000000000021 ) ) ;
#1531 = CARTESIAN_POINT ( 'NONE',  ( 1.499999999999999556, -0.8750000000000015543, 0.1830000000000000238 ) ) ;
#1532 = UNCERTAINTY_MEASURE_WITH_UNIT (LENGTH_MEASURE( 1.000000000000000082E-05 ), #3019, 'distance_accuracy_value', 'NONE');
#1533 =( NAMED_UNIT ( * ) PLANE_ANGLE_UNIT ( ) SI_UNIT ( $, .RADIAN. ) );
#1534 = PRESENTATION_STYLE_ASSIGNMENT (( #5252 ) ) ;
#1535 = CARTESIAN_POINT ( 'NONE',  ( 3.055337640526630594, 16.63054981374909502, 0.001000000000000000021 ) ) ;
#1536 = DIRECTION ( 'NONE',  ( -0.002272721403465681120, 0.9999974173653761733, 0.000000000000000000 ) ) ;
#1537 = FILL_AREA_STYLE ('',( #6939 ) ) ;
#1538 = EDGE_CURVE ( 'NONE', #3239, #4139, #6037, .T. ) ;
#1539 = ORIENTED_EDGE ( 'NONE', *, *, #2072, .F. ) ;
#1540 = CARTESIAN_POINT ( 'NONE',  ( 3.637511720510237190, 16.51086696771244888, 0.000000000000000000 ) ) ;
#1541 = DIRECTION ( 'NONE',  ( -1.000000000000000000, 3.942553354492742545E-16, 0.000000000000000000 ) ) ;
#1542 = VERTEX_POINT ( 'NONE', #5265 ) ;
#1543 = ORIENTED_EDGE ( 'NONE', *, *, #3767, .T. ) ;
#1544 = DIRECTION ( 'NONE',  ( 0.8975788108711598712, -0.4408540328443356637, 0.000000000000000000 ) ) ;
#1545 = CARTESIAN_POINT ( 'NONE',  ( 1.499999999999999556, 0.8749999999999996669, 0.000000000000000000 ) ) ;
#1546 = LINE ( 'NONE', #8338, #4796 ) ;
#1547 = ORIENTED_EDGE ( 'NONE', *, *, #1271, .F. ) ;
#1548 = AXIS2_PLACEMENT_3D ( 'NONE', #7241, #3424, #9443 ) ;
#1549 = EDGE_LOOP ( 'NONE', ( #8348, #5628, #6979, #9042 ) ) ;
#1550 = PRESENTATION_LAYER_ASSIGNMENT (  '', '', ( #237 ) ) ;
#1551 = VECTOR ( 'NONE', #4020, 1000.000000000000000 ) ;
#1552 = ORIENTED_EDGE ( 'NONE', *, *, #5052, .T. ) ;
#1553 = CARTESIAN_POINT ( 'NONE',  ( -1.499999999999999556, -0.6250000000000000000, -0.02000000000000000042 ) ) ;
#1554 = CARTESIAN_POINT ( 'NONE',  ( 2.893112661901726668, 16.51245567805807468, 0.001000000000000000021 ) ) ;
#1555 = PLANE ( 'NONE',  #3560 ) ;
#1556 = EDGE_CURVE ( 'NONE', #8219, #2264, #2741, .T. ) ;
#1557 = DIRECTION ( 'NONE',  ( 0.000000000000000000, 0.000000000000000000, -1.000000000000000000 ) ) ;
#1558 =( NAMED_UNIT ( * ) PLANE_ANGLE_UNIT ( ) SI_UNIT ( $, .RADIAN. ) );
#1559 = CARTESIAN_POINT ( 'NONE',  ( 3.615269775671568375, 16.72569591111453136, 0.001000000000000000021 ) ) ;
#1560 = MECHANICAL_DESIGN_GEOMETRIC_PRESENTATION_REPRESENTATION (  '', ( #9171 ), #759 ) ;
#1561 = FACE_OUTER_BOUND ( 'NONE', #1493, .T. ) ;
#1562 = EDGE_LOOP ( 'NONE', ( #1950, #90, #9327, #9716 ) ) ;
#1563 = VECTOR ( 'NONE', #3069, 1000.000000000000000 ) ;
#1564 = PLANE ( 'NONE',  #1069 ) ;
#1565 = LINE ( 'NONE', #8456, #5504 ) ;
#1566 = CARTESIAN_POINT ( 'NONE',  ( 3.665225889872715026, 16.54546554857260787, 0.001000000000000001756 ) ) ;
#1567 = VECTOR ( 'NONE', #3548, 1000.000000000000000 ) ;
#1568 = VERTEX_POINT ( 'NONE', #1222 ) ;
#1569 = FILL_AREA_STYLE ('',( #8510 ) ) ;
#1570 = VECTOR ( 'NONE', #5128, 1000.000000000000000 ) ;
#1571 = ORIENTED_EDGE ( 'NONE', *, *, #4829, .F. ) ;
#1572 = VECTOR ( 'NONE', #7749, 1000.000000000000000 ) ;
#1573 = EDGE_CURVE ( 'NONE', #2607, #3545, #7529, .T. ) ;
#1574 = FILL_AREA_STYLE ('',( #8611 ) ) ;
#1575 = CARTESIAN_POINT ( 'NONE',  ( 2.721531944574842932, 16.70027654558460384, 0.001000000000000000021 ) ) ;
#1576 = EDGE_CURVE ( 'NONE', #4966, #1812, #9845, .T. ) ;
#1577 = EDGE_CURVE ( 'NONE', #1236, #474, #569, .T. ) ;
#1578 = VERTEX_POINT ( 'NONE', #4351 ) ;
#1579 = EDGE_LOOP ( 'NONE', ( #3745, #3815, #244, #5774 ) ) ;
#1580 = FACE_OUTER_BOUND ( 'NONE', #4612, .T. ) ;
#1581 = AXIS2_PLACEMENT_3D ( 'NONE', #5664, #7147, #5511 ) ;
#1582 = UNCERTAINTY_MEASURE_WITH_UNIT (LENGTH_MEASURE( 1.000000000000000082E-05 ), #5543, 'distance_accuracy_value', 'NONE');
#1583 =( GEOMETRIC_REPRESENTATION_CONTEXT ( 3 ) GLOBAL_UNCERTAINTY_ASSIGNED_CONTEXT ( ( #3257 ) ) GLOBAL_UNIT_ASSIGNED_CONTEXT ( ( #3129, #241, #8811 ) ) REPRESENTATION_CONTEXT ( 'NONE', 'WORKASPACE' ) );
#1584 = SURFACE_STYLE_USAGE ( .BOTH. , #4493 ) ;
#1585 = CARTESIAN_POINT ( 'NONE',  ( 3.526125472945151440, 16.66179445054629582, 0.001000000000000001756 ) ) ;
#1586 = FACE_OUTER_BOUND ( 'NONE', #3441, .T. ) ;
#1587 = PRESENTATION_LAYER_ASSIGNMENT (  '', '', ( #7399 ) ) ;
#1588 = CARTESIAN_POINT ( 'NONE',  ( 1.224999999999999201, 0.7499999999999995559, -0.02000000000000000042 ) ) ;
#1589 = DIRECTION ( 'NONE',  ( -1.000000000000000000, 0.000000000000000000, 0.000000000000000000 ) ) ;
#1590 = ORIENTED_EDGE ( 'NONE', *, *, #6236, .F. ) ;
#1591 = AXIS2_PLACEMENT_3D ( 'NONE', #2859, #5740, #542 ) ;
#1592 = SURFACE_STYLE_USAGE ( .BOTH. , #2296 ) ;
#1593 = CARTESIAN_POINT ( 'NONE',  ( 2.907587578384037474, 16.75905882837253813, 0.001000000000000000021 ) ) ;
#1594 = ORIENTED_EDGE ( 'NONE', *, *, #2444, .F. ) ;
#1595 = SURFACE_STYLE_USAGE ( .BOTH. , #5210 ) ;
#1596 = ADVANCED_FACE ( 'NONE', ( #3590 ), #6694, .T. ) ;
#1597 = LINE ( 'NONE', #463, #9685 ) ;
#1598 = EDGE_CURVE ( 'NONE', #5309, #1122, #833, .T. ) ;
#1599 = PRODUCT_DEFINITION_SHAPE ( 'NONE', 'NONE',  #10034 ) ;
#1600 = ORIENTED_EDGE ( 'NONE', *, *, #2690, .T. ) ;
#1601 = CARTESIAN_POINT ( 'NONE',  ( 3.789498343574488892, 16.70363048964761177, 0.001000000000000000021 ) ) ;
#1602 = VECTOR ( 'NONE', #2590, 1000.000000000000000 ) ;
#1603 = CARTESIAN_POINT ( 'NONE',  ( 2.647215605074208167, 16.58518330721311784, 0.001000000000000000021 ) ) ;
#1604 = STYLED_ITEM ( 'NONE', ( #2852 ), #5754 ) ;
#1605 = ORIENTED_EDGE ( 'NONE', *, *, #6738, .F. ) ;
#1606 = VECTOR ( 'NONE', #576, 1000.000000000000000 ) ;
#1607 = CARTESIAN_POINT ( 'NONE',  ( 3.714475910586914065, 16.66108835705933089, 0.001000000000000000021 ) ) ;
#1608 = EDGE_LOOP ( 'NONE', ( #5116, #1947, #8941, #6642, #8085, #8011, #427, #2099, #3, #1218, #4972, #7539, #3620, #8263 ) ) ;
#1609 = LINE ( 'NONE', #4666, #9921 ) ;
#1610 = EDGE_CURVE ( 'NONE', #4535, #4730, #3932, .T. ) ;
#1611 =( NAMED_UNIT ( * ) PLANE_ANGLE_UNIT ( ) SI_UNIT ( $, .RADIAN. ) );
#1612 = CARTESIAN_POINT ( 'NONE',  ( 3.252690770126899888, 16.57159100758945414, 0.001000000000000001756 ) ) ;
#1613 = CARTESIAN_POINT ( 'NONE',  ( -1.224999999999999645, -0.2500000000000001110, 0.1829999999927167664 ) ) ;
#1614 = CARTESIAN_POINT ( 'NONE',  ( 0.7250000000000001998, 0.8199999999999995071, -0.02000000000000000042 ) ) ;
#1615 = ORIENTED_EDGE ( 'NONE', *, *, #2360, .T. ) ;
#1616 = FACE_OUTER_BOUND ( 'NONE', #4347, .T. ) ;
#1617 = PRESENTATION_LAYER_ASSIGNMENT (  '', '', ( #5968 ) ) ;
#1618 = EDGE_CURVE ( 'NONE', #8339, #1488, #5713, .T. ) ;
#1619 = FACE_OUTER_BOUND ( 'NONE', #1651, .T. ) ;
#1620 = ORIENTED_EDGE ( 'NONE', *, *, #8230, .T. ) ;
#1621 = LINE ( 'NONE', #7682, #8828 ) ;
#1622 = VERTEX_POINT ( 'NONE', #9199 ) ;
#1623 = CARTESIAN_POINT ( 'NONE',  ( 3.714475910586914065, 16.66108835705933089, 0.000000000000000000 ) ) ;
#1624 = CARTESIAN_POINT ( 'NONE',  ( 3.822155167345547166, 16.76329538929418916, 0.000000000000000000 ) ) ;
#1625 = EDGE_CURVE ( 'NONE', #5140, #7548, #8585, .T. ) ;
#1626 = ORIENTED_EDGE ( 'NONE', *, *, #1190, .T. ) ;
#1627 = DIRECTION ( 'NONE',  ( -0.000000000000000000, -0.000000000000000000, -1.000000000000000000 ) ) ;
#1628 = UNCERTAINTY_MEASURE_WITH_UNIT (LENGTH_MEASURE( 1.000000000000000082E-05 ), #3571, 'distance_accuracy_value', 'NONE');
#1629 = SURFACE_SIDE_STYLE ('',( #6935 ) ) ;
#1630 = FILL_AREA_STYLE ('',( #8373 ) ) ;
#1631 = CARTESIAN_POINT ( 'NONE',  ( 1.224999999999999423, -0.2500000000000004441, 0.1830000000000000238 ) ) ;
#1632 = DIRECTION ( 'NONE',  ( 1.000000000000000000, 0.000000000000000000, 0.000000000000000000 ) ) ;
#1633 = LINE ( 'NONE', #161, #8885 ) ;
#1634 = AXIS2_PLACEMENT_3D ( 'NONE', #209, #1875, #2490 ) ;
#1635 = VERTEX_POINT ( 'NONE', #2249 ) ;
#1636 = CIRCLE ( 'NONE', #2912, 0.05000000000000002359 ) ;
#1637 = EDGE_CURVE ( 'NONE', #2837, #4095, #2928, .T. ) ;
#1638 = CARTESIAN_POINT ( 'NONE',  ( -1.224999999999999423, 0.1249999999999998890, 0.1830000000000000238 ) ) ;
#1639 = ADVANCED_FACE ( 'NONE', ( #6950 ), #8435, .F. ) ;
#1640 = CARTESIAN_POINT ( 'NONE',  ( -0.6749999999999993783, 0.8699999999999998845, -0.02000000000000000042 ) ) ;
#1641 = CARTESIAN_POINT ( 'NONE',  ( 2.905822344666683765, 16.75976492185944622, 0.000000000000000000 ) ) ;
#1642 = FACE_OUTER_BOUND ( 'NONE', #8860, .T. ) ;
#1643 = ADVANCED_FACE ( 'NONE', ( #7292 ), #9935, .F. ) ;
#1644 = FILL_AREA_STYLE_COLOUR ( '', #3643 ) ;
#1645 = LINE ( 'NONE', #3936, #6604 ) ;
#1646 = VERTEX_POINT ( 'NONE', #4130 ) ;
#1647 = CIRCLE ( 'NONE', #5828, 0.05000000000000002359 ) ;
#1648 = EDGE_CURVE ( 'NONE', #4354, #4920, #1375, .T. ) ;
#1649 = ORIENTED_EDGE ( 'NONE', *, *, #8070, .T. ) ;
#1650 = DIRECTION ( 'NONE',  ( 0.9999706417708761341, -0.007662610282539060978, 0.000000000000000000 ) ) ;
#1651 = EDGE_LOOP ( 'NONE', ( #3998, #9353, #5019, #5683, #5390, #1296, #9632, #2193, #2522, #8420 ) ) ;
#1652 = CARTESIAN_POINT ( 'NONE',  ( 9.914889184844570380, 7.282122000169334086, 0.001000000000000000021 ) ) ;
#1653 = DIRECTION ( 'NONE',  ( 0.000000000000000000, -0.000000000000000000, -1.000000000000000000 ) ) ;
#1654 = VECTOR ( 'NONE', #7262, 1000.000000000000000 ) ;
#1655 = DIRECTION ( 'NONE',  ( 0.3689112217029055785, -0.9294646364987049214, 0.000000000000000000 ) ) ;
#1656 = DIRECTION ( 'NONE',  ( -1.000000000000000000, 0.000000000000000000, -0.000000000000000000 ) ) ;
#1657 = EDGE_CURVE ( 'NONE', #4365, #5339, #899, .T. ) ;
#1658 = FACE_OUTER_BOUND ( 'NONE', #6877, .T. ) ;
#1659 = EDGE_CURVE ( 'NONE', #9990, #7644, #312, .T. ) ;
#1660 = CARTESIAN_POINT ( 'NONE',  ( 3.615269775671568375, 16.86638503838770120, 0.000000000000000000 ) ) ;
#1661 = FACE_OUTER_BOUND ( 'NONE', #1765, .T. ) ;
#1662 = CIRCLE ( 'NONE', #5512, 0.1250000000000005551 ) ;
#1663 = ORIENTED_EDGE ( 'NONE', *, *, #2666, .F. ) ;
#1664 = CARTESIAN_POINT ( 'NONE',  ( 3.418622739558246693, 16.54881949263557672, 0.000000000000000000 ) ) ;
#1665 = B_SPLINE_CURVE_WITH_KNOTS ( 'NONE', 3,
 ( #5091, #9132, #1211, #2031 ),
 .UNSPECIFIED., .F., .F.,
 ( 4, 4 ),
 ( 0.1428571428571427937, 0.2142857142857143016 ),
 .UNSPECIFIED. ) ;
#1666 = VERTEX_POINT ( 'NONE', #3370 ) ;
#1667 = CARTESIAN_POINT ( 'NONE',  ( 3.615269775671568375, 16.86638503838770120, 0.001000000000000000021 ) ) ;
#1668 = COLOUR_RGB ( '',0.8039215686274510109, 0.8039215686274510109, 0.8039215686274510109 ) ;
#1669 = CARTESIAN_POINT ( 'NONE',  ( 0.000000000000000000, 0.000000000000000000, 0.001000000000000000021 ) ) ;
#1670 = VERTEX_POINT ( 'NONE', #5552 ) ;
#1671 = B_SPLINE_SURFACE_WITH_KNOTS ( 'NONE', 3, 1, ( 
 ( #1151, #8916 ),
 ( #9393, #1966 ),
 ( #2435, #7042 ),
 ( #9441, #4787 ) ),
 .UNSPECIFIED., .F., .F., .F.,
 ( 4, 4 ),
 ( 2, 2 ),
 ( 0.4285714285714284921, 0.5714285714285713969 ),
 ( 0.000000000000000000, 1.000000000000000000 ),
 .UNSPECIFIED. ) ;
#1672 = LINE ( 'NONE', #8618, #6064 ) ;
#1673 = CARTESIAN_POINT ( 'NONE',  ( 1.099999999999998979, 0.2499999999999995837, 0.1830000000000000238 ) ) ;
#1674 = CARTESIAN_POINT ( 'NONE',  ( 2.174132968823124568, 16.44272894622254100, 0.001000000000000000021 ) ) ;
#1675 = EDGE_CURVE ( 'NONE', #1747, #3283, #2685, .T. ) ;
#1676 = DIRECTION ( 'NONE',  ( 0.000000000000000000, 0.000000000000000000, 1.000000000000000000 ) ) ;
#1677 = DIRECTION ( 'NONE',  ( 0.000000000000000000, -1.000000000000000000, 0.000000000000000000 ) ) ;
#1678 = LINE ( 'NONE', #3005, #5242 ) ;
#1679 = CARTESIAN_POINT ( 'NONE',  ( 3.752428435510036575, 16.49798076157578564, 0.0009999999999999982861 ) ) ;
#1680 = CARTESIAN_POINT ( 'NONE',  ( 0.5045290498176755456, 16.73354681831069968, 0.001000000000000000021 ) ) ;
#1681 = LINE ( 'NONE', #8633, #3138 ) ;
#1682 = DIRECTION ( 'NONE',  ( 1.000000000000000000, 0.000000000000000000, 0.000000000000000000 ) ) ;
#1683 = EDGE_CURVE ( 'NONE', #6266, #3514, #8144, .T. ) ;
#1684 = DIRECTION ( 'NONE',  ( -0.000000000000000000, -0.000000000000000000, -1.000000000000000000 ) ) ;
#1685 =( LENGTH_UNIT ( ) NAMED_UNIT ( * ) SI_UNIT ( .MILLI., .METRE. ) );
#1686 = EDGE_CURVE ( 'NONE', #7391, #5359, #6528, .T. ) ;
#1687 = ORIENTED_EDGE ( 'NONE', *, *, #6450, .T. ) ;
#1688 = PRODUCT_DEFINITION ( 'UNKNOWN', '', #4304, #5352 ) ;
#1689 = LINE ( 'NONE', #6192, #3414 ) ;
#1690 = ORIENTED_EDGE ( 'NONE', *, *, #6822, .T. ) ;
#1691 = CARTESIAN_POINT ( 'NONE',  ( 0.000000000000000000, 16.38730060749761464, 0.001000000000000000021 ) ) ;
#1692 = CARTESIAN_POINT ( 'NONE',  ( 3.781554791846390984, 16.59665732637590096, 0.001000000000000000021 ) ) ;
#1693 = SURFACE_SIDE_STYLE ('',( #9408 ) ) ;
#1694 = LINE ( 'NONE', #4751, #2537 ) ;
#1695 = VECTOR ( 'NONE', #7097, 1000.000000000000000 ) ;
#1696 = PLANE ( 'NONE',  #7583 ) ;
#1697 = ORIENTED_EDGE ( 'NONE', *, *, #3828, .T. ) ;
#1698 = LINE ( 'NONE', #3203, #4131 ) ;
#1699 =( GEOMETRIC_REPRESENTATION_CONTEXT ( 3 ) GLOBAL_UNCERTAINTY_ASSIGNED_CONTEXT ( ( #3126 ) ) GLOBAL_UNIT_ASSIGNED_CONTEXT ( ( #5025, #7995, #4115 ) ) REPRESENTATION_CONTEXT ( 'NONE', 'WORKASPACE' ) );
#1700 = VECTOR ( 'NONE', #7227, 1000.000000000000000 ) ;
#1701 = PLANE ( 'NONE',  #4695 ) ;
#1702 = DIRECTION ( 'NONE',  ( -1.000000000000000000, 0.000000000000000000, 0.000000000000000000 ) ) ;
#1703 = EDGE_LOOP ( 'NONE', ( #3123, #2637, #5334, #3386 ) ) ;
#1704 = CARTESIAN_POINT ( 'NONE',  ( 3.406266103536768508, 0.000000000000000000, 0.000000000000000000 ) ) ;
#1705 = CARTESIAN_POINT ( 'NONE',  ( 0.000000000000000000, 0.000000000000000000, 0.001000000000000000021 ) ) ;
#1706 = EDGE_LOOP ( 'NONE', ( #3778, #6013, #3975, #9005 ) ) ;
#1707 = DIRECTION ( 'NONE',  ( 0.001826480971651787575, -0.9999983319822389749, 0.000000000000000000 ) ) ;
#1708 = CARTESIAN_POINT ( 'NONE',  ( 3.026740854305484785, 16.56594225969389100, -1.694065894508600678E-18 ) ) ;
#1709 = EDGE_CURVE ( 'NONE', #8819, #2230, #5507, .T. ) ;
#1710 =( GEOMETRIC_REPRESENTATION_CONTEXT ( 3 ) GLOBAL_UNCERTAINTY_ASSIGNED_CONTEXT ( ( #1316 ) ) GLOBAL_UNIT_ASSIGNED_CONTEXT ( ( #7528, #2807, #9823 ) ) REPRESENTATION_CONTEXT ( 'NONE', 'WORKASPACE' ) );
#1711 = EDGE_CURVE ( 'NONE', #5314, #5797, #1681, .T. ) ;
#1712 = ORIENTED_EDGE ( 'NONE', *, *, #6384, .F. ) ;
#1713 = VECTOR ( 'NONE', #7997, 1000.000000000000000 ) ;
#1714 = ORIENTED_EDGE ( 'NONE', *, *, #4795, .F. ) ;
#1715 = LINE ( 'NONE', #236, #8988 ) ;
#1716 = UNCERTAINTY_MEASURE_WITH_UNIT (LENGTH_MEASURE( 1.000000000000000082E-05 ), #2237, 'distance_accuracy_value', 'NONE');
#1717 = PRESENTATION_STYLE_ASSIGNMENT (( #3128 ) ) ;
#1718 = VECTOR ( 'NONE', #4892, 1000.000000000000000 ) ;
#1719 = PLANE ( 'NONE',  #9815 ) ;
#1720 = DIRECTION ( 'NONE',  ( -0.1811624294769798027, 0.9834531885890646086, 0.000000000000000000 ) ) ;
#1721 = FACE_OUTER_BOUND ( 'NONE', #1283, .T. ) ;
#1722 = CARTESIAN_POINT ( 'NONE',  ( 3.151013308007260427, 16.41324954314273654, 0.001000000000000000021 ) ) ;
#1723 = EDGE_LOOP ( 'NONE', ( #727, #4583, #443, #5080, #3497, #8148, #6603, #6470, #2089, #296, #8887, #4439 ) ) ;
#1724 = VECTOR ( 'NONE', #1544, 1000.000000000000114 ) ;
#1725 = LINE ( 'NONE', #2486, #9315 ) ;
#1726 = EDGE_CURVE ( 'NONE', #5361, #5696, #8058, .T. ) ;
#1727 = LINE ( 'NONE', #208, #467 ) ;
#1728 = DIRECTION ( 'NONE',  ( 0.0009149127003156813523, -0.9999995814672877348, 0.000000000000000000 ) ) ;
#1729 = DIRECTION ( 'NONE',  ( -1.000000000000000000, 0.000000000000000000, 0.000000000000000000 ) ) ;
#1730 = AXIS2_PLACEMENT_3D ( 'NONE', #47, #746, #9162 ) ;
#1731 = ORIENTED_EDGE ( 'NONE', *, *, #1499, .F. ) ;
#1732 = EDGE_CURVE ( 'NONE', #4247, #7330, #932, .T. ) ;
#1733 = CARTESIAN_POINT ( 'NONE',  ( 3.435039413129651997, 16.43778629181395701, 0.000000000000000000 ) ) ;
#1734 = EDGE_LOOP ( 'NONE', ( #7592, #4099, #5899, #726 ) ) ;
#1735 = CARTESIAN_POINT ( 'NONE',  ( -0.000000000000000000, 16.39153716841929764, 0.000000000000000000 ) ) ;
#1736 = EDGE_CURVE ( 'NONE', #5372, #4247, #166, .T. ) ;
#1737 = VECTOR ( 'NONE', #113, 1000.000000000000000 ) ;
#1738 = B_SPLINE_CURVE_WITH_KNOTS ( 'NONE', 3,
 ( #6284, #2335, #7860, #930 ),
 .UNSPECIFIED., .F., .F.,
 ( 4, 4 ),
 ( 0.4000000000000000222, 0.5999999999999999778 ),
 .UNSPECIFIED. ) ;
#1739 = DIRECTION ( 'NONE',  ( -0.3486989651146546465, -0.9372347794058694115, 0.000000000000000000 ) ) ;
#1740 = CYLINDRICAL_SURFACE ( 'NONE', #2036, 0.1250000000000001110 ) ;
#1741 = CARTESIAN_POINT ( 'NONE',  ( 1.099999999999998979, -0.7500000000000004441, 0.1830000000000000238 ) ) ;
#1742 = CIRCLE ( 'NONE', #1261, 0.1250000000000001110 ) ;
#1743 = CARTESIAN_POINT ( 'NONE',  ( 2.212791587233197355, 16.73540469655996432, 0.001000000000000000021 ) ) ;
#1744 = ORIENTED_EDGE ( 'NONE', *, *, #7412, .F. ) ;
#1745 = LINE ( 'NONE', #9453, #6440 ) ;
#1746 = AXIS2_PLACEMENT_3D ( 'NONE', #9099, #7570, #3052 ) ;
#1747 = VERTEX_POINT ( 'NONE', #7144 ) ;
#1748 =( LENGTH_UNIT ( ) NAMED_UNIT ( * ) SI_UNIT ( .MILLI., .METRE. ) );
#1749 = PLANE ( 'NONE',  #1497 ) ;
#1750 = CARTESIAN_POINT ( 'NONE',  ( -1.224999999999999423, 0.7499999999999998890, 0.000000000000000000 ) ) ;
#1751 = ORIENTED_EDGE ( 'NONE', *, *, #3608, .T. ) ;
#1752 = LINE ( 'NONE', #187, #3787 ) ;
#1753 = DIRECTION ( 'NONE',  ( 0.000000000000000000, 1.000000000000000000, -0.000000000000000000 ) ) ;
#1754 = EDGE_CURVE ( 'NONE', #2333, #3313, #4789, .T. ) ;
#1755 = MANIFOLD_SOLID_BREP ( 'Boss-Extrude1[14]', #2583 ) ;
#1756 = VERTEX_POINT ( 'NONE', #3534 ) ;
#1757 = CARTESIAN_POINT ( 'NONE',  ( -1.224999999999999423, -0.6250000000000001110, -0.02000000000000000042 ) ) ;
#1758 = LINE ( 'NONE', #3347, #6753 ) ;
#1759 = AXIS2_PLACEMENT_3D ( 'NONE', #6090, #3791, #789 ) ;
#1760 = ADVANCED_FACE ( 'NONE', ( #6636 ), #3676, .F. ) ;
#1761 = SURFACE_SIDE_STYLE ('',( #5692 ) ) ;
#1762 = ORIENTED_EDGE ( 'NONE', *, *, #6616, .F. ) ;
#1763 = EDGE_CURVE ( 'NONE', #6640, #5258, #7398, .T. ) ;
#1764 = EDGE_LOOP ( 'NONE', ( #4238, #2595, #5548, #3487 ) ) ;
#1765 = EDGE_LOOP ( 'NONE', ( #7228, #3400, #115, #6551 ) ) ;
#1766 = CARTESIAN_POINT ( 'NONE',  ( 2.810499723929526628, 16.72887333180576874, 0.000000000000000000 ) ) ;
#1767 = ORIENTED_EDGE ( 'NONE', *, *, #8748, .T. ) ;
#1768 = UNCERTAINTY_MEASURE_WITH_UNIT (LENGTH_MEASURE( 1.000000000000000082E-05 ), #1685, 'distance_accuracy_value', 'NONE');
#1769 = CARTESIAN_POINT ( 'NONE',  ( 1.224999999999999201, -0.2500000000000004441, -0.02000000000000000042 ) ) ;
#1770 = DIRECTION ( 'NONE',  ( 0.000000000000000000, -0.000000000000000000, -1.000000000000000000 ) ) ;
#1771 = LINE ( 'NONE', #923, #7553 ) ;
#1772 = LINE ( 'NONE', #4827, #7086 ) ;
#1773 = EDGE_LOOP ( 'NONE', ( #3650, #3146, #6834, #803 ) ) ;
#1774 = EDGE_CURVE ( 'NONE', #5686, #5678, #2033, .T. ) ;
#1775 = ORIENTED_EDGE ( 'NONE', *, *, #134, .F. ) ;
#1776 = ORIENTED_EDGE ( 'NONE', *, *, #6372, .F. ) ;
#1777 = DIRECTION ( 'NONE',  ( -1.000000000000000000, 3.942553354492742545E-16, 0.000000000000000000 ) ) ;
#1778 = DIRECTION ( 'NONE',  ( 0.9999771739006353410, -0.006756602526303996485, 0.000000000000000000 ) ) ;
#1779 = CARTESIAN_POINT ( 'NONE',  ( 2.912177186049166533, 16.75782316477041789, 0.000000000000000000 ) ) ;
#1780 = DIRECTION ( 'NONE',  ( -0.000000000000000000, -0.000000000000000000, -1.000000000000000000 ) ) ;
#1781 = CARTESIAN_POINT ( 'NONE',  ( 1.499999999999999556, 0.3749999999999996669, 0.1830000000000000238 ) ) ;
#1782 = CLOSED_SHELL ( 'NONE', ( #497, #5107, #8627, #9252, #2881, #2773, #8982 ) ) ;
#1783 =( NAMED_UNIT ( * ) SI_UNIT ( $, .STERADIAN. ) SOLID_ANGLE_UNIT ( ) );
#1784 = ORIENTED_EDGE ( 'NONE', *, *, #709, .T. ) ;
#1785 = LINE ( 'NONE', #265, #4559 ) ;
#1786 = ORIENTED_EDGE ( 'NONE', *, *, #7803, .F. ) ;
#1787 = DIRECTION ( 'NONE',  ( 1.000000000000000000, 0.000000000000000000, 0.000000000000000000 ) ) ;
#1788 = DIRECTION ( 'NONE',  ( -1.000000000000000000, 0.000000000000000000, 0.000000000000000000 ) ) ;
#1789 = CARTESIAN_POINT ( 'NONE',  ( -1.169999999999999707, 1.269999999999999796, 0.7699999999999999067 ) ) ;
#1790 = EDGE_CURVE ( 'NONE', #194, #2861, #8330, .T. ) ;
#1791 = CARTESIAN_POINT ( 'NONE',  ( 3.631509925871234667, 16.75905882837253813, 0.001000000000000000021 ) ) ;
#1792 = ORIENTED_EDGE ( 'NONE', *, *, #6668, .T. ) ;
#1793 = CARTESIAN_POINT ( 'NONE',  ( 0.6749999999999998224, 0.8699999999999998845, 0.01000000000000000021 ) ) ;
#1794 =( NAMED_UNIT ( * ) PLANE_ANGLE_UNIT ( ) SI_UNIT ( $, .RADIAN. ) );
#1795 = DIRECTION ( 'NONE',  ( 0.000000000000000000, 0.000000000000000000, -1.000000000000000000 ) ) ;
#1796 = CARTESIAN_POINT ( 'NONE',  ( -0.6749999999999993783, 0.8699999999999998845, -0.02000000000000000042 ) ) ;
#1797 = SURFACE_SIDE_STYLE ('',( #8750 ) ) ;
#1798 = CARTESIAN_POINT ( 'NONE',  ( 1.470000000000000195, -1.469999999999999973, 0.000000000000000000 ) ) ;
#1799 = AXIS2_PLACEMENT_3D ( 'NONE', #8649, #4004, #7212 ) ;
#1800 = MANIFOLD_SOLID_BREP ( 'Boss-Extrude1[1]', #7271 ) ;
#1801 = ORIENTED_EDGE ( 'NONE', *, *, #7758, .F. ) ;
#1802 = LINE ( 'NONE', #8655, #1215 ) ;
#1803 = CARTESIAN_POINT ( 'NONE',  ( 3.835394420225713308, 16.46797178838075482, 0.001000000000000000021 ) ) ;
#1804 = ADVANCED_FACE ( 'NONE', ( #9084 ), #6999, .F. ) ;
#1805 = CARTESIAN_POINT ( 'NONE',  ( 0.6749999999999998224, 0.8699999999999998845, 0.01000000000000000021 ) ) ;
#1806 = AXIS2_PLACEMENT_3D ( 'NONE', #710, #6157, #3114 ) ;
#1807 = EDGE_CURVE ( 'NONE', #6358, #9328, #462, .T. ) ;
#1808 = ORIENTED_EDGE ( 'NONE', *, *, #8038, .F. ) ;
#1809 = EDGE_CURVE ( 'NONE', #3283, #9730, #4545, .T. ) ;
#1810 = ORIENTED_EDGE ( 'NONE', *, *, #1189, .F. ) ;
#1811 = CARTESIAN_POINT ( 'NONE',  ( -1.499999999999999556, 0.8750000000000000000, 0.1830000000000000238 ) ) ;
#1812 = VERTEX_POINT ( 'NONE', #9333 ) ;
#1813 = VECTOR ( 'NONE', #8846, 1000.000000000000114 ) ;
#1814 = CARTESIAN_POINT ( 'NONE',  ( 3.673345964972550171, 16.49903990180617797, 0.001000000000000000021 ) ) ;
#1815 = SURFACE_STYLE_FILL_AREA ( #2574 ) ;
#1816 = DIRECTION ( 'NONE',  ( -0.000000000000000000, -0.000000000000000000, -1.000000000000000000 ) ) ;
#1817 = MANIFOLD_SOLID_BREP ( 'Boss-Extrude1[5]', #5809 ) ;
#1818 = ORIENTED_EDGE ( 'NONE', *, *, #7859, .T. ) ;
#1819 = VERTEX_POINT ( 'NONE', #8574 ) ;
#1820 = AXIS2_PLACEMENT_3D ( 'NONE', #8398, #2802, #2109 ) ;
#1821 = ORIENTED_EDGE ( 'NONE', *, *, #8935, .F. ) ;
#1822 = CARTESIAN_POINT ( 'NONE',  ( 2.860985408245872996, 16.63107938386431428, 0.000000000000000000 ) ) ;
#1823 = DIRECTION ( 'NONE',  ( -0.000000000000000000, -0.000000000000000000, -1.000000000000000000 ) ) ;
#1824 = DIRECTION ( 'NONE',  ( -0.0009149127003156815692, 0.9999995814672877348, 0.000000000000000000 ) ) ;
#1825 = CARTESIAN_POINT ( 'NONE',  ( 3.721183798712856650, 16.41501477686008315, 1.694065894508600678E-18 ) ) ;
#1826 = CARTESIAN_POINT ( 'NONE',  ( 3.835394420225713308, 16.46797178838075482, 0.000000000000000000 ) ) ;
#1827 = DIRECTION ( 'NONE',  ( 0.9999923706927774658, -0.003906220198410929791, 0.000000000000000000 ) ) ;
#1828 = EDGE_CURVE ( 'NONE', #6206, #3030, #3771, .T. ) ;
#1829 = FILL_AREA_STYLE_COLOUR ( '', #9672 ) ;
#1830 = MANIFOLD_SOLID_BREP ( 'Boss-Extrude1[4]', #4021 ) ;
#1831 = LINE ( 'NONE', #4036, #4860 ) ;
#1832 = ORIENTED_EDGE ( 'NONE', *, *, #4016, .T. ) ;
#1833 = CARTESIAN_POINT ( 'NONE',  ( -1.499999999999999556, 0.1250000000000000000, 0.1830000000000000238 ) ) ;
#1834 = CARTESIAN_POINT ( 'NONE',  ( -2.751240332643547948, 1.023601212689371431, 0.000000000000000000 ) ) ;
#1835 = CARTESIAN_POINT ( 'NONE',  ( 0.000000000000000000, 0.000000000000000000, 0.000000000000000000 ) ) ;
#1836 = CARTESIAN_POINT ( 'NONE',  ( 4.335469161910372904, 0.1429275547893756604, 0.001000000000000000021 ) ) ;
#1837 = SURFACE_STYLE_FILL_AREA ( #8602 ) ;
#1838 = VERTEX_POINT ( 'NONE', #5396 ) ;
#1839 = CARTESIAN_POINT ( 'NONE',  ( -1.224999999999999867, 0.2499999999999998890, -0.02000000000000000042 ) ) ;
#1840 = PLANE ( 'NONE',  #847 ) ;
#1841 = LINE ( 'NONE', #1796, #3406 ) ;
#1842 = ORIENTED_EDGE ( 'NONE', *, *, #6987, .T. ) ;
#1843 = ADVANCED_FACE ( 'NONE', ( #3920 ), #8425, .F. ) ;
#1844 = CYLINDRICAL_SURFACE ( 'NONE', #4743, 0.1250000000000005551 ) ;
#1845 = LINE ( 'NONE', #4162, #9208 ) ;
#1846 = MANIFOLD_SOLID_BREP ( 'Boss-Extrude4', #5004 ) ;
#1847 = ORIENTED_EDGE ( 'NONE', *, *, #2414, .T. ) ;
#1848 = CARTESIAN_POINT ( 'NONE',  ( 3.071930837469771802, 16.58571287732828736, 0.001000000000000000021 ) ) ;
#1849 = CARTESIAN_POINT ( 'NONE',  ( 3.660283235464118157, 16.45031945120718220, 0.000000000000000000 ) ) ;
#1850 = AXIS2_PLACEMENT_3D ( 'NONE', #198, #8918, #300 ) ;
#1851 = ORIENTED_EDGE ( 'NONE', *, *, #4250, .F. ) ;
#1852 = VECTOR ( 'NONE', #8324, 1000.000000000000000 ) ;
#1853 = ORIENTED_EDGE ( 'NONE', *, *, #1246, .F. ) ;
#1854 = DIRECTION ( 'NONE',  ( -0.000000000000000000, -0.000000000000000000, -1.000000000000000000 ) ) ;
#1855 = EDGE_CURVE ( 'NONE', #5431, #5055, #6028, .T. ) ;
#1856 = ORIENTED_EDGE ( 'NONE', *, *, #8286, .T. ) ;
#1857 = CARTESIAN_POINT ( 'NONE',  ( 1.224999999999999201, 0.3750000000000004441, 0.1830000001064036041 ) ) ;
#1858 = AXIS2_PLACEMENT_3D ( 'NONE', #988, #7154, #4085 ) ;
#1859 = VERTEX_POINT ( 'NONE', #4921 ) ;
#1860 = AXIS2_PLACEMENT_3D ( 'NONE', #1150, #4221, #8097 ) ;
#1861 = ADVANCED_FACE ( 'NONE', ( #920 ), #2424, .F. ) ;
#1862 = ADVANCED_FACE ( 'NONE', ( #9475, #7133 ), #6423, .T. ) ;
#1863 = DIRECTION ( 'NONE',  ( -0.000000000000000000, -0.000000000000000000, -1.000000000000000000 ) ) ;
#1864 = LINE ( 'NONE', #2525, #3860 ) ;
#1865 = MANIFOLD_SOLID_BREP ( 'Boss-Extrude1[10]', #3542 ) ;
#1866 = CARTESIAN_POINT ( 'NONE',  ( 3.371314475933138599, 16.58783115778910755, 1.694065894508600678E-18 ) ) ;
#1867 = VERTEX_POINT ( 'NONE', #1673 ) ;
#1868 = AXIS2_PLACEMENT_3D ( 'NONE', #8990, #8890, #8123 ) ;
#1869 =( GEOMETRIC_REPRESENTATION_CONTEXT ( 3 ) GLOBAL_UNCERTAINTY_ASSIGNED_CONTEXT ( ( #17 ) ) GLOBAL_UNIT_ASSIGNED_CONTEXT ( ( #2644, #1900, #9819 ) ) REPRESENTATION_CONTEXT ( 'NONE', 'WORKASPACE' ) );
#1870 = CARTESIAN_POINT ( 'NONE',  ( 3.212796488114678439, 16.57017882061555980, 0.001000000000000000021 ) ) ;
#1871 = DIRECTION ( 'NONE',  ( -0.006756602526303997353, -0.9999771739006354521, 0.000000000000000000 ) ) ;
#1872 = AXIS2_PLACEMENT_3D ( 'NONE', #7974, #7201, #6449 ) ;
#1873 = CARTESIAN_POINT ( 'NONE',  ( 3.509698368240530719, 0.003211068955317883476, 0.001000000000000000021 ) ) ;
#1874 = MECHANICAL_DESIGN_GEOMETRIC_PRESENTATION_REPRESENTATION (  '', ( #565 ), #3167 ) ;
#1875 = DIRECTION ( 'NONE',  ( 0.000000000000000000, 0.000000000000000000, 1.000000000000000000 ) ) ;
#1876 = CARTESIAN_POINT ( 'NONE',  ( 0.000000000000000000, 16.70363048964761177, 0.001000000000000000021 ) ) ;
#1877 = DIRECTION ( 'NONE',  ( -0.000000000000000000, -0.000000000000000000, -1.000000000000000000 ) ) ;
#1878 = APPLICATION_CONTEXT ( 'automotive_design' ) ;
#1879 = PRESENTATION_LAYER_ASSIGNMENT (  '', '', ( #4925 ) ) ;
#1880 = MANIFOLD_SOLID_BREP ( 'Boss-Extrude1[12]', #9907 ) ;
#1881 = ADVANCED_FACE ( 'NONE', ( #87 ), #9931, .F. ) ;
#1882 = DIRECTION ( 'NONE',  ( -0.000000000000000000, -0.000000000000000000, -1.000000000000000000 ) ) ;
#1883 = ORIENTED_EDGE ( 'NONE', *, *, #5982, .F. ) ;
#1884 = CARTESIAN_POINT ( 'NONE',  ( 0.000000000000000000, 16.58588940070004369, 0.000000000000000000 ) ) ;
#1885 = VECTOR ( 'NONE', #3835, 1000.000000000000000 ) ;
#1886 = ORIENTED_EDGE ( 'NONE', *, *, #9789, .T. ) ;
#1887 = CARTESIAN_POINT ( 'NONE',  ( 3.433274179412293403, 16.53222629569243907, 0.000000000000000000 ) ) ;
#1888 = CARTESIAN_POINT ( 'NONE',  ( 3.791263577291842601, 16.65049695475526192, 0.001000000000000000021 ) ) ;
#1889 = CARTESIAN_POINT ( 'NONE',  ( 3.705826265371870765, 16.42666531939461549, 0.001000000000000001756 ) ) ;
#1890 = ORIENTED_EDGE ( 'NONE', *, *, #4843, .F. ) ;
#1891 = AXIS2_PLACEMENT_3D ( 'NONE', #1087, #6402, #6456 ) ;
#1892 = CARTESIAN_POINT ( 'NONE',  ( 3.793558381124408019, 16.45155511480933441, 1.694065894508600678E-18 ) ) ;
#1893 = ORIENTED_EDGE ( 'NONE', *, *, #245, .T. ) ;
#1894 = ORIENTED_EDGE ( 'NONE', *, *, #8771, .T. ) ;
#1895 = AXIS2_PLACEMENT_3D ( 'NONE', #9363, #6301, #9410 ) ;
#1896 = EDGE_CURVE ( 'NONE', #7209, #2751, #8497, .T. ) ;
#1897 = DIRECTION ( 'NONE',  ( 0.9999962877650304671, 0.002724785525229372549, -0.000000000000000000 ) ) ;
#1898 = DIRECTION ( 'NONE',  ( 1.000000000000000000, -0.000000000000000000, 0.000000000000000000 ) ) ;
#1899 = ORIENTED_EDGE ( 'NONE', *, *, #116, .T. ) ;
#1900 =( NAMED_UNIT ( * ) PLANE_ANGLE_UNIT ( ) SI_UNIT ( $, .RADIAN. ) );
#1901 = FACE_OUTER_BOUND ( 'NONE', #5590, .T. ) ;
#1902 = MANIFOLD_SOLID_BREP ( 'Boss-Extrude1[13]', #7447 ) ;
#1903 = VERTEX_POINT ( 'NONE', #2211 ) ;
#1904 = CARTESIAN_POINT ( 'NONE',  ( 3.772199053144412062, 16.64008207582279297, 0.000000000000000000 ) ) ;
#1905 = DIRECTION ( 'NONE',  ( 1.000000000000000000, 0.000000000000000000, 0.000000000000000000 ) ) ;
#1906 = DIRECTION ( 'NONE',  ( -0.000000000000000000, -0.000000000000000000, -1.000000000000000000 ) ) ;
#1907 = VECTOR ( 'NONE', #4214, 1000.000000000000000 ) ;
#1908 = ORIENTED_EDGE ( 'NONE', *, *, #1499, .T. ) ;
#1909 = AXIS2_PLACEMENT_3D ( 'NONE', #4314, #2705, #8031 ) ;
#1910 = ORIENTED_EDGE ( 'NONE', *, *, #9545, .F. ) ;
#1911 = DIRECTION ( 'NONE',  ( -0.000000000000000000, -0.000000000000000000, -1.000000000000000000 ) ) ;
#1912 = DIRECTION ( 'NONE',  ( 0.8185566924619006590, 0.5744257490971600433, 0.000000000000000000 ) ) ;
#1913 = ORIENTED_EDGE ( 'NONE', *, *, #545, .F. ) ;
#1914 = DIRECTION ( 'NONE',  ( -0.000000000000000000, -0.000000000000000000, -1.000000000000000000 ) ) ;
#1915 = VECTOR ( 'NONE', #48, 1000.000000000000000 ) ;
#1916 = EDGE_LOOP ( 'NONE', ( #3008, #3238, #760, #963 ) ) ;
#1917 = CARTESIAN_POINT ( 'NONE',  ( 2.202376708300803454, 16.74087692108376046, 0.000000000000000000 ) ) ;
#1918 = AXIS2_PLACEMENT_3D ( 'NONE', #5909, #9022, #2083 ) ;
#1919 = LINE ( 'NONE', #7445, #4022 ) ;
#1920 = CARTESIAN_POINT ( 'NONE',  ( 2.727886785957321258, 16.55270300681376838, 0.000000000000000000 ) ) ;
#1921 = VERTEX_POINT ( 'NONE', #46 ) ;
#1922 = ORIENTED_EDGE ( 'NONE', *, *, #3779, .F. ) ;
#1923 = CARTESIAN_POINT ( 'NONE',  ( 3.140598429074867415, 16.39153716841929764, 0.000000000000000000 ) ) ;
#1924 = CARTESIAN_POINT ( 'NONE',  ( -1.499999999999999556, 0.6250000000000000000, 0.000000000000000000 ) ) ;
#1925 = DIRECTION ( 'NONE',  ( 0.000000000000000000, -1.000000000000000000, 0.000000000000000000 ) ) ;
#1926 =( NAMED_UNIT ( * ) PLANE_ANGLE_UNIT ( ) SI_UNIT ( $, .RADIAN. ) );
#1927 = LINE ( 'NONE', #2678, #5324 ) ;
#1928 = DIRECTION ( 'NONE',  ( 0.001144164010853205302, 0.9999993454441438168, 0.000000000000000000 ) ) ;
#1929 = ADVANCED_FACE ( 'NONE', ( #2963 ), #6963, .F. ) ;
#1930 = ORIENTED_EDGE ( 'NONE', *, *, #3586, .F. ) ;
#1931 = ADVANCED_FACE ( 'NONE', ( #7826 ), #8634, .F. ) ;
#1932 = EDGE_CURVE ( 'NONE', #5012, #1304, #1402, .T. ) ;
#1933 = DIRECTION ( 'NONE',  ( -0.000000000000000000, -0.000000000000000000, -1.000000000000000000 ) ) ;
#1934 = ORIENTED_EDGE ( 'NONE', *, *, #8504, .F. ) ;
#1935 = EDGE_CURVE ( 'NONE', #4665, #2941, #9266, .T. ) ;
#1936 = AXIS2_PLACEMENT_3D ( 'NONE', #5253, #2936, #3629 ) ;
#1937 = CARTESIAN_POINT ( 'NONE',  ( 2.127456561341208641, -0.006037050401083082080, 0.001000000000000000021 ) ) ;
#1938 = DIRECTION ( 'NONE',  ( 0.000000000000000000, 0.000000000000000000, -1.000000000000000000 ) ) ;
#1939 = ORIENTED_EDGE ( 'NONE', *, *, #10014, .F. ) ;
#1940 = LINE ( 'NONE', #2895, #5254 ) ;
#1941 = CARTESIAN_POINT ( 'NONE',  ( 2.905822344666683765, 16.75976492185944622, 0.001000000000000000021 ) ) ;
#1942 = PLANE ( 'NONE',  #7065 ) ;
#1943 = ORIENTED_EDGE ( 'NONE', *, *, #9342, .F. ) ;
#1944 = CARTESIAN_POINT ( 'NONE',  ( 3.181198804574033812, 16.70027654558460384, 0.001000000000000000021 ) ) ;
#1945 = ORIENTED_EDGE ( 'NONE', *, *, #7471, .T. ) ;
#1946 = B_SPLINE_CURVE_WITH_KNOTS ( 'NONE', 3,
 ( #6583, #1779, #7962, #6436 ),
 .UNSPECIFIED., .F., .F.,
 ( 4, 4 ),
 ( 0.8571428571428570953, 1.000000000000000000 ),
 .UNSPECIFIED. ) ;
#1947 = ORIENTED_EDGE ( 'NONE', *, *, #7376, .F. ) ;
#1948 = CARTESIAN_POINT ( 'NONE',  ( 3.631509925871234667, 16.75905882837253813, 0.001000000000000000021 ) ) ;
#1949 = PRESENTATION_STYLE_ASSIGNMENT (( #8136 ) ) ;
#1950 = ORIENTED_EDGE ( 'NONE', *, *, #5026, .T. ) ;
#1951 = CARTESIAN_POINT ( 'NONE',  ( -1.224999999999999867, 0.6249999999999998890, 0.1829999999927167664 ) ) ;
#1952 = PLANE ( 'NONE',  #8056 ) ;
#1953 = EDGE_LOOP ( 'NONE', ( #4807, #7890, #8953, #3337 ) ) ;
#1954 = CARTESIAN_POINT ( 'NONE',  ( -1.469999999999999751, -1.469999999999999973, 0.7800000000000000266 ) ) ;
#1955 = LINE ( 'NONE', #3562, #4935 ) ;
#1956 = ADVANCED_FACE ( 'NONE', ( #3153 ), #3804, .T. ) ;
#1957 = EDGE_CURVE ( 'NONE', #7882, #1670, #3198, .T. ) ;
#1958 = LINE ( 'NONE', #8257, #5781 ) ;
#1959 = ORIENTED_EDGE ( 'NONE', *, *, #8570, .T. ) ;
#1960 = CIRCLE ( 'NONE', #679, 0.02999999999999997113 ) ;
#1961 = ORIENTED_EDGE ( 'NONE', *, *, #2240, .T. ) ;
#1962 = LINE ( 'NONE', #1251, #3086 ) ;
#1963 = FACE_OUTER_BOUND ( 'NONE', #9015, .T. ) ;
#1964 = ORIENTED_EDGE ( 'NONE', *, *, #9808, .F. ) ;
#1965 = PLANE ( 'NONE',  #1860 ) ;
#1966 = CARTESIAN_POINT ( 'NONE',  ( 2.468220906134433346, 16.59383295242814071, 0.000000000000000000 ) ) ;
#1967 = VERTEX_POINT ( 'NONE', #3996 ) ;
#1968 =( LENGTH_UNIT ( ) NAMED_UNIT ( * ) SI_UNIT ( .MILLI., .METRE. ) );
#1969 = DIRECTION ( 'NONE',  ( -0.005405326438614984838, -0.9999853911163362197, 0.000000000000000000 ) ) ;
#1970 = CARTESIAN_POINT ( 'NONE',  ( 0.1218546356157844401, 16.45037580764052976, 0.000000000000000000 ) ) ;
#1971 = VECTOR ( 'NONE', #2349, 1000.000000000000000 ) ;
#1972 = VERTEX_POINT ( 'NONE', #989 ) ;
#1973 = VERTEX_POINT ( 'NONE', #1789 ) ;
#1974 = DIRECTION ( 'NONE',  ( 1.000000000000000000, 0.000000000000000000, 0.000000000000000000 ) ) ;
#1975 = CARTESIAN_POINT ( 'NONE',  ( -1.224999999999999867, 0.8749999999999998890, -0.02000000000000000042 ) ) ;
#1976 = VECTOR ( 'NONE', #3115, 1000.000000000000000 ) ;
#1977 = EDGE_CURVE ( 'NONE', #6259, #4936, #6300, .T. ) ;
#1978 = CARTESIAN_POINT ( 'NONE',  ( -1.224999999999999423, -0.8750000000000001110, 0.1830000000000000238 ) ) ;
#1979 = CARTESIAN_POINT ( 'NONE',  ( 3.826921298382410352, 0.000000000000000000, 0.000000000000000000 ) ) ;
#1980 = CARTESIAN_POINT ( 'NONE',  ( -1.469999999999999751, -1.500000000000000000, 0.000000000000000000 ) ) ;
#1981 = CARTESIAN_POINT ( 'NONE',  ( 0.000000000000000000, 1.469999999999999973, 0.7800000000000000266 ) ) ;
#1982 = FACE_OUTER_BOUND ( 'NONE', #9128, .T. ) ;
#1983 = AXIS2_PLACEMENT_3D ( 'NONE', #6095, #8248, #2204 ) ;
#1984 = VERTEX_POINT ( 'NONE', #9450 ) ;
#1985 = CARTESIAN_POINT ( 'NONE',  ( 3.376963223828672866, 16.42101657149909499, 0.001000000000000001756 ) ) ;
#1986 = CARTESIAN_POINT ( 'NONE',  ( 3.110412932508104689, 16.66444230112228198, 0.000000000000000000 ) ) ;
#1987 = ORIENTED_EDGE ( 'NONE', *, *, #7013, .T. ) ;
#1988 = EDGE_CURVE ( 'NONE', #7157, #8567, #1034, .T. ) ;
#1989 = CARTESIAN_POINT ( 'NONE',  ( 1.470000000000000195, 0.000000000000000000, 0.7800000000000000266 ) ) ;
#1990 = CARTESIAN_POINT ( 'NONE',  ( 3.308472155595314490, 16.82472552265812382, 0.000000000000000000 ) ) ;
#1991 = CARTESIAN_POINT ( 'NONE',  ( 2.908117148499234972, 16.82472552265812382, 0.000000000000000000 ) ) ;
#1992 = ADVANCED_FACE ( 'NONE', ( #5672 ), #4148, .T. ) ;
#1993 = EDGE_CURVE ( 'NONE', #2230, #5686, #218, .T. ) ;
#1994 = CARTESIAN_POINT ( 'NONE',  ( 3.143952373137842038, 16.75958839848774318, 0.001000000000000000021 ) ) ;
#1995 = VERTEX_POINT ( 'NONE', #9551 ) ;
#1996 = DIRECTION ( 'NONE',  ( 1.000000000000000000, 0.000000000000000000, 0.000000000000000000 ) ) ;
#1997 = VERTEX_POINT ( 'NONE', #1741 ) ;
#1998 = EDGE_CURVE ( 'NONE', #9090, #8760, #7056, .T. ) ;
#1999 = EDGE_LOOP ( 'NONE', ( #4063, #6918, #5618, #9983 ) ) ;
#2000 = DIRECTION ( 'NONE',  ( 0.000000000000000000, 0.000000000000000000, 1.000000000000000000 ) ) ;
#2001 = PLANE ( 'NONE',  #2451 ) ;
#2002 = PLANE ( 'NONE',  #2460 ) ;
#2003 = ORIENTED_EDGE ( 'NONE', *, *, #7189, .F. ) ;
#2004 = CARTESIAN_POINT ( 'NONE',  ( 2.860985408245872996, 0.000000000000000000, 0.001000000000000000021 ) ) ;
#2005 = CARTESIAN_POINT ( 'NONE',  ( 3.647573552699173050, 16.62701934631438050, 0.001000000000000000021 ) ) ;
#2006 = FACE_OUTER_BOUND ( 'NONE', #196, .T. ) ;
#2007 = ORIENTED_EDGE ( 'NONE', *, *, #9628, .T. ) ;
#2008 = DIRECTION ( 'NONE',  ( 0.9219267772736634559, 0.3873641921316387515, -0.000000000000000000 ) ) ;
#2009 = CARTESIAN_POINT ( 'NONE',  ( 0.000000000000000000, 16.73293336935568476, 0.000000000000000000 ) ) ;
#2010 = CARTESIAN_POINT ( 'NONE',  ( 3.098585866601821781, 16.39153716841929764, 0.001000000000000000021 ) ) ;
#2011 = DIRECTION ( 'NONE',  ( -1.000000000000000000, 3.942553354492742545E-16, -0.000000000000000000 ) ) ;
#2012 = ORIENTED_EDGE ( 'NONE', *, *, #7122, .F. ) ;
#2013 = LINE ( 'NONE', #7380, #4042 ) ;
#2014 = B_SPLINE_CURVE_WITH_KNOTS ( 'NONE', 3,
 ( #2601, #5838, #2005, #1094 ),
 .UNSPECIFIED., .F., .F.,
 ( 4, 4 ),
 ( 0.8000000000000000444, 0.8666666666666666963 ),
 .UNSPECIFIED. ) ;
#2015 = DIRECTION ( 'NONE',  ( -1.000000000000000000, 0.000000000000000000, -0.000000000000000000 ) ) ;
#2016 = ORIENTED_EDGE ( 'NONE', *, *, #7189, .T. ) ;
#2017 = FACE_OUTER_BOUND ( 'NONE', #5327, .T. ) ;
#2018 = EDGE_CURVE ( 'NONE', #3545, #1454, #132, .T. ) ;
#2019 = ORIENTED_EDGE ( 'NONE', *, *, #3349, .T. ) ;
#2020 = B_SPLINE_CURVE_WITH_KNOTS ( 'NONE', 3,
 ( #2636, #326, #8428, #6649 ),
 .UNSPECIFIED., .F., .F.,
 ( 4, 4 ),
 ( 0.2000000000000000111, 0.4000000000000000222 ),
 .UNSPECIFIED. ) ;
#2021 = FILL_AREA_STYLE ('',( #9839 ) ) ;
#2022 = CARTESIAN_POINT ( 'NONE',  ( 1.224999999999999423, -0.6249999999999996669, -0.02000000000000000042 ) ) ;
#2023 = DIRECTION ( 'NONE',  ( 0.000000000000000000, -0.000000000000000000, 1.000000000000000000 ) ) ;
#2024 = CARTESIAN_POINT ( 'NONE',  ( 2.780843797477962731, 16.57529799839590368, 0.001000000000000000021 ) ) ;
#2025 = MANIFOLD_SOLID_BREP ( 'LPattern6[1]', #6628 ) ;
#2026 = EDGE_LOOP ( 'NONE', ( #1149, #2706, #3149, #3252 ) ) ;
#2027 = ORIENTED_EDGE ( 'NONE', *, *, #9088, .T. ) ;
#2028 = AXIS2_PLACEMENT_3D ( 'NONE', #7094, #973, #4832 ) ;
#2029 = CARTESIAN_POINT ( 'NONE',  ( 3.653222300594696215, 16.58518330721311784, 0.001000000000000000021 ) ) ;
#2030 = EDGE_CURVE ( 'NONE', #138, #9739, #3384, .T. ) ;
#2031 = CARTESIAN_POINT ( 'NONE',  ( 3.043863621363823935, 16.63125590723604219, 0.000000000000000000 ) ) ;
#2032 = PRESENTATION_STYLE_ASSIGNMENT (( #7453 ) ) ;
#2033 = LINE ( 'NONE', #1979, #9884 ) ;
#2034 = CARTESIAN_POINT ( 'NONE',  ( 0.6749999999999998224, -0.8700000000000001066, -0.02000000000000000042 ) ) ;
#2035 =( NAMED_UNIT ( * ) PLANE_ANGLE_UNIT ( ) SI_UNIT ( $, .RADIAN. ) );
#2036 = AXIS2_PLACEMENT_3D ( 'NONE', #9407, #7926, #1788 ) ;
#2037 = ORIENTED_EDGE ( 'NONE', *, *, #9738, .T. ) ;
#2038 = ADVANCED_FACE ( 'NONE', ( #5520 ), #6495, .F. ) ;
#2039 = PRESENTATION_LAYER_ASSIGNMENT (  '', '', ( #9989 ) ) ;
#2040 = CARTESIAN_POINT ( 'NONE',  ( 3.536893398621014928, 16.55005515623776091, 0.001000000000000001756 ) ) ;
#2041 = VECTOR ( 'NONE', #410, 999.9999999999998863 ) ;
#2042 = AXIS2_PLACEMENT_3D ( 'NONE', #7033, #3037, #2474 ) ;
#2043 = VERTEX_POINT ( 'NONE', #5722 ) ;
#2044 = DIRECTION ( 'NONE',  ( 0.003623164623563692333, 0.9999934363175143615, -0.000000000000000000 ) ) ;
#2045 = LINE ( 'NONE', #1989, #8704 ) ;
#2046 = FACE_OUTER_BOUND ( 'NONE', #3946, .T. ) ;
#2047 = AXIS2_PLACEMENT_3D ( 'NONE', #5495, #8622, #1676 ) ;
#2048 = CARTESIAN_POINT ( 'NONE',  ( 3.151366354750738452, 16.78200686669816832, 0.000000000000000000 ) ) ;
#2049 = CARTESIAN_POINT ( 'NONE',  ( 3.730716060786571475, 16.62754891642958910, 0.001000000000000000021 ) ) ;
#2050 = ORIENTED_EDGE ( 'NONE', *, *, #3127, .T. ) ;
#2051 = EDGE_CURVE ( 'NONE', #3545, #8819, #8641, .T. ) ;
#2052 = EDGE_CURVE ( 'NONE', #9764, #2611, #5557, .T. ) ;
#2053 = EDGE_CURVE ( 'NONE', #7173, #5984, #2563, .T. ) ;
#2054 = CARTESIAN_POINT ( 'NONE',  ( 3.631509925871234667, 16.75905882837253813, 0.000000000000000000 ) ) ;
#2055 = FILL_AREA_STYLE_COLOUR ( '', #9593 ) ;
#2056 = EDGE_CURVE ( 'NONE', #3431, #4550, #4943, .T. ) ;
#2057 = CIRCLE ( 'NONE', #9351, 0.02999999999999997113 ) ;
#2058 = VERTEX_POINT ( 'NONE', #5105 ) ;
#2059 = CARTESIAN_POINT ( 'NONE',  ( -1.469999999999999751, -1.469999999999999973, 0.7500000000000000000 ) ) ;
#2060 = DIRECTION ( 'NONE',  ( -1.000000000000000000, 3.942553354492742545E-16, 0.000000000000000000 ) ) ;
#2061 = MANIFOLD_SOLID_BREP ( 'Boss-Extrude6[2]', #6330 ) ;
#2062 = ORIENTED_EDGE ( 'NONE', *, *, #5712, .T. ) ;
#2063 = CARTESIAN_POINT ( 'NONE',  ( 8.325806465266822443, 3.498238010614933113, 0.001000000000000000021 ) ) ;
#2064 = CARTESIAN_POINT ( 'NONE',  ( 3.061162911793909647, 16.48685978915644057, 0.0009999999999999982861 ) ) ;
#2065 = PRESENTATION_LAYER_ASSIGNMENT (  '', '', ( #4779 ) ) ;
#2066 = CARTESIAN_POINT ( 'NONE',  ( 3.252690770126899888, 16.57159100758945414, 1.694065894508600678E-18 ) ) ;
#2067 = AXIS2_PLACEMENT_3D ( 'NONE', #822, #6990, #69 ) ;
#2068 = DIRECTION ( 'NONE',  ( -0.9999905756744552621, 0.004341493092407098554, 0.000000000000000000 ) ) ;
#2069 = EDGE_LOOP ( 'NONE', ( #62, #2501, #3756, #7250 ) ) ;
#2070 = EDGE_CURVE ( 'NONE', #2803, #8367, #5874, .T. ) ;
#2071 = CARTESIAN_POINT ( 'NONE',  ( 3.631509925871234667, 16.75905882837253813, 0.001000000000000000021 ) ) ;
#2072 = EDGE_CURVE ( 'NONE', #1443, #3718, #2794, .T. ) ;
#2073 = CARTESIAN_POINT ( 'NONE',  ( 0.000000000000000000, 16.63054981374909858, 0.001000000000000000021 ) ) ;
#2074 = CARTESIAN_POINT ( 'NONE',  ( 1.224999999999999201, -0.1249999999999996808, -0.02000000000000000042 ) ) ;
#2075 = ADVANCED_FACE ( 'NONE', ( #6647 ), #6747, .T. ) ;
#2076 = ORIENTED_EDGE ( 'NONE', *, *, #6531, .T. ) ;
#2077 = FACE_OUTER_BOUND ( 'NONE', #6036, .T. ) ;
#2078 = ORIENTED_EDGE ( 'NONE', *, *, #1313, .T. ) ;
#2079 = AXIS2_PLACEMENT_3D ( 'NONE', #9517, #1003, #1905 ) ;
#2080 = CARTESIAN_POINT ( 'NONE',  ( -1.499999999999999556, -0.6250000000000000000, 0.1830000000000000238 ) ) ;
#2081 = CARTESIAN_POINT ( 'NONE',  ( 0.000000000000000000, 0.000000000000000000, 0.001000000000000000021 ) ) ;
#2082 =( GEOMETRIC_REPRESENTATION_CONTEXT ( 3 ) GLOBAL_UNCERTAINTY_ASSIGNED_CONTEXT ( ( #9684 ) ) GLOBAL_UNIT_ASSIGNED_CONTEXT ( ( #6885, #867, #3077 ) ) REPRESENTATION_CONTEXT ( 'NONE', 'WORKASPACE' ) );
#2083 = DIRECTION ( 'NONE',  ( 1.000000000000000000, -3.942553354492743531E-16, 0.000000000000000000 ) ) ;
#2084 = ORIENTED_EDGE ( 'NONE', *, *, #7125, .F. ) ;
#2085 = VECTOR ( 'NONE', #9878, 1000.000000000000227 ) ;
#2086 = B_SPLINE_CURVE_WITH_KNOTS ( 'NONE', 3,
 ( #2534, #9541, #5611, #1118 ),
 .UNSPECIFIED., .F., .F.,
 ( 4, 4 ),
 ( 0.4000000000000000222, 0.5000000000000000000 ),
 .UNSPECIFIED. ) ;
#2087 = EDGE_CURVE ( 'NONE', #9870, #5524, #3878, .T. ) ;
#2088 = AXIS2_PLACEMENT_3D ( 'NONE', #9554, #3335, #3948 ) ;
#2089 = ORIENTED_EDGE ( 'NONE', *, *, #9738, .F. ) ;
#2090 = CARTESIAN_POINT ( 'NONE',  ( 3.578552914350594083, 16.81325150349535136, 0.000000000000000000 ) ) ;
#2091 = LINE ( 'NONE', #2137, #1273 ) ;
#2092 = COLOUR_RGB ( '',0.8039215686274510109, 0.8039215686274510109, 0.8039215686274510109 ) ;
#2093 = CARTESIAN_POINT ( 'NONE',  ( 3.406266103536768508, 16.71987063984729005, 0.000000000000000000 ) ) ;
#2094 = CARTESIAN_POINT ( 'NONE',  ( 3.793558381124408019, 16.45155511480933441, 0.000000000000000000 ) ) ;
#2095 = DIRECTION ( 'NONE',  ( 1.000000000000000000, -0.000000000000000000, 0.000000000000000000 ) ) ;
#2096 = EDGE_CURVE ( 'NONE', #5258, #3098, #9048, .T. ) ;
#2097 =( GEOMETRIC_REPRESENTATION_CONTEXT ( 3 ) GLOBAL_UNCERTAINTY_ASSIGNED_CONTEXT ( ( #817 ) ) GLOBAL_UNIT_ASSIGNED_CONTEXT ( ( #8724, #7141, #5707 ) ) REPRESENTATION_CONTEXT ( 'NONE', 'WORKASPACE' ) );
#2098 = CARTESIAN_POINT ( 'NONE',  ( 2.992848366932276516, 16.64484820685967037, 0.001000000000000000021 ) ) ;
#2099 = ORIENTED_EDGE ( 'NONE', *, *, #6040, .F. ) ;
#2100 = CARTESIAN_POINT ( 'NONE',  ( 1.499999999999999556, 0.6249999999999984457, 0.1830000000000000238 ) ) ;
#2101 = LINE ( 'NONE', #4997, #3191 ) ;
#2102 = PRESENTATION_LAYER_ASSIGNMENT (  '', '', ( #6457 ) ) ;
#2103 = ORIENTED_EDGE ( 'NONE', *, *, #4398, .F. ) ;
#2104 = LINE ( 'NONE', #1278, #3631 ) ;
#2105 = CARTESIAN_POINT ( 'NONE',  ( 3.125240895733882418, 16.72322458391026245, 0.000000000000000000 ) ) ;
#2106 = DIRECTION ( 'NONE',  ( -0.000000000000000000, -0.000000000000000000, -1.000000000000000000 ) ) ;
#2107 = ORIENTED_EDGE ( 'NONE', *, *, #1855, .F. ) ;
#2108 = DIRECTION ( 'NONE',  ( 0.000000000000000000, 1.000000000000000000, -0.000000000000000000 ) ) ;
#2109 = DIRECTION ( 'NONE',  ( 1.000000000000000000, 0.000000000000000000, 0.000000000000000000 ) ) ;
#2110 = ORIENTED_EDGE ( 'NONE', *, *, #8311, .T. ) ;
#2111 = SURFACE_STYLE_USAGE ( .BOTH. , #8904 ) ;
#2112 = CARTESIAN_POINT ( 'NONE',  ( 1.500000000000000222, -1.469999999999999973, 0.000000000000000000 ) ) ;
#2113 = EDGE_LOOP ( 'NONE', ( #2037, #8270, #2737, #7440 ) ) ;
#2114 = EDGE_CURVE ( 'NONE', #1482, #2813, #5991, .T. ) ;
#2115 = DIRECTION ( 'NONE',  ( 0.000000000000000000, 0.000000000000000000, -1.000000000000000000 ) ) ;
#2116 = CARTESIAN_POINT ( 'NONE',  ( 3.418622739558246693, 16.54881949263557672, 0.001000000000000000021 ) ) ;
#2117 = LINE ( 'NONE', #4367, #9508 ) ;
#2118 = DIRECTION ( 'NONE',  ( -0.000000000000000000, -0.000000000000000000, -1.000000000000000000 ) ) ;
#2119 = ORIENTED_EDGE ( 'NONE', *, *, #4990, .T. ) ;
#2120 = VECTOR ( 'NONE', #3136, 1000.000000000000000 ) ;
#2121 = DIRECTION ( 'NONE',  ( -0.001472752453019140779, 0.9999989154995180263, 0.000000000000000000 ) ) ;
#2122 = CARTESIAN_POINT ( 'NONE',  ( 1.499999999999999556, -0.6250000000000003331, -0.02000000000000000042 ) ) ;
#2123 = CARTESIAN_POINT ( 'NONE',  ( 3.653751870709900373, 16.79489307283483512, 0.000000000000000000 ) ) ;
#2124 = ORIENTED_EDGE ( 'NONE', *, *, #2149, .T. ) ;
#2125 =( NAMED_UNIT ( * ) SI_UNIT ( $, .STERADIAN. ) SOLID_ANGLE_UNIT ( ) );
#2126 = VERTEX_POINT ( 'NONE', #1127 ) ;
#2127 = EDGE_CURVE ( 'NONE', #4913, #8905, #9760, .T. ) ;
#2128 = DIRECTION ( 'NONE',  ( -0.000000000000000000, -0.000000000000000000, 1.000000000000000000 ) ) ;
#2129 = SURFACE_SIDE_STYLE ('',( #7444 ) ) ;
#2130 = EDGE_CURVE ( 'NONE', #4410, #8950, #8839, .T. ) ;
#2131 = EDGE_CURVE ( 'NONE', #1670, #4854, #2439, .T. ) ;
#2132 = DIRECTION ( 'NONE',  ( 0.000000000000000000, -1.000000000000000000, 0.000000000000000000 ) ) ;
#2133 = VERTEX_POINT ( 'NONE', #4400 ) ;
#2134 = VECTOR ( 'NONE', #4030, 1000.000000000000000 ) ;
#2135 = ORIENTED_EDGE ( 'NONE', *, *, #5875, .T. ) ;
#2136 = LINE ( 'NONE', #5195, #1852 ) ;
#2137 = CARTESIAN_POINT ( 'NONE',  ( 3.484289433843847927, 16.52092879990137675, 0.001000000000000000021 ) ) ;
#2138 = UNCERTAINTY_MEASURE_WITH_UNIT (LENGTH_MEASURE( 1.000000000000000082E-05 ), #6208, 'distance_accuracy_value', 'NONE');
#2139 = SURFACE_SIDE_STYLE ('',( #9083 ) ) ;
#2140 = CARTESIAN_POINT ( 'NONE',  ( 3.446336908920713427, 16.45508558224401696, 0.000000000000000000 ) ) ;
#2141 = AXIS2_PLACEMENT_3D ( 'NONE', #7980, #852, #3906 ) ;
#2142 = DIRECTION ( 'NONE',  ( -0.000000000000000000, -0.000000000000000000, 1.000000000000000000 ) ) ;
#2143 = LINE ( 'NONE', #9188, #4770 ) ;
#2144 = ORIENTED_EDGE ( 'NONE', *, *, #9568, .F. ) ;
#2145 = VECTOR ( 'NONE', #6256, 1000.000000000000000 ) ;
#2146 = CARTESIAN_POINT ( 'NONE',  ( 3.210501684282120571, 16.63054981374909858, 0.000000000000000000 ) ) ;
#2147 = ORIENTED_EDGE ( 'NONE', *, *, #4663, .T. ) ;
#2148 = FILL_AREA_STYLE_COLOUR ( '', #8607 ) ;
#2149 = EDGE_CURVE ( 'NONE', #6211, #194, #2924, .T. ) ;
#2150 = B_SPLINE_SURFACE_WITH_KNOTS ( 'NONE', 3, 1, ( 
 ( #7792, #1479 ),
 ( #9326, #910 ),
 ( #3873, #5485 ),
 ( #3121, #8613 ) ),
 .UNSPECIFIED., .F., .F., .F.,
 ( 4, 4 ),
 ( 2, 2 ),
 ( 0.2500000000000000000, 0.5000000000000000000 ),
 ( 0.000000000000000000, 1.000000000000000000 ),
 .UNSPECIFIED. ) ;
#2151 = DIRECTION ( 'NONE',  ( -0.000000000000000000, 1.000000000000000000, -0.000000000000000000 ) ) ;
#2152 = CARTESIAN_POINT ( 'NONE',  ( 3.653751870709900373, 16.79489307283483512, 0.000000000000000000 ) ) ;
#2153 = DIRECTION ( 'NONE',  ( 0.0004116920194412302162, 0.9999999152548370018, 0.000000000000000000 ) ) ;
#2154 = EDGE_LOOP ( 'NONE', ( #5515, #1387, #6371, #1890, #5285, #544, #8610, #1594, #5818, #6296, #4637, #5633, #810 ) ) ;
#2155 = ORIENTED_EDGE ( 'NONE', *, *, #8051, .F. ) ;
#2156 = CARTESIAN_POINT ( 'NONE',  ( -1.369999999999999662, 1.269999999999999796, 0.7800000000000000266 ) ) ;
#2157 = VECTOR ( 'NONE', #4617, 1000.000000000000000 ) ;
#2158 = VERTEX_POINT ( 'NONE', #5776 ) ;
#2159 = DIRECTION ( 'NONE',  ( -1.000000000000000000, 0.000000000000000000, 0.000000000000000000 ) ) ;
#2160 = CARTESIAN_POINT ( 'NONE',  ( -1.224999999999999867, 0.2499999999999998890, -0.02000000000000000042 ) ) ;
#2161 = CARTESIAN_POINT ( 'NONE',  ( 2.775548096325903824, 16.70027654558460384, 0.001000000000000000021 ) ) ;
#2162 = VERTEX_POINT ( 'NONE', #3888 ) ;
#2163 = PLANE ( 'NONE',  #4742 ) ;
#2164 = ORIENTED_EDGE ( 'NONE', *, *, #1322, .T. ) ;
#2165 = CARTESIAN_POINT ( 'NONE',  ( 3.537599492107962540, 16.51157306119940671, 0.001000000000000001756 ) ) ;
#2166 = EDGE_CURVE ( 'NONE', #1812, #3541, #7261, .T. ) ;
#2167 = DIRECTION ( 'NONE',  ( -0.000000000000000000, -0.000000000000000000, 1.000000000000000000 ) ) ;
#2168 = CARTESIAN_POINT ( 'NONE',  ( 3.730716060786571475, 16.79489307283483512, 0.000000000000000000 ) ) ;
#2169 = ORIENTED_EDGE ( 'NONE', *, *, #6575, .T. ) ;
#2170 =( NAMED_UNIT ( * ) PLANE_ANGLE_UNIT ( ) SI_UNIT ( $, .RADIAN. ) );
#2171 = EDGE_LOOP ( 'NONE', ( #9558, #5153, #2888, #8740 ) ) ;
#2172 = DIRECTION ( 'NONE',  ( 0.000000000000000000, 0.000000000000000000, -1.000000000000000000 ) ) ;
#2173 = FILL_AREA_STYLE_COLOUR ( '', #9378 ) ;
#2174 = EDGE_LOOP ( 'NONE', ( #6091, #8335, #7598, #9237 ) ) ;
#2175 = EDGE_CURVE ( 'NONE', #4206, #3255, #2998, .T. ) ;
#2176 = ORIENTED_EDGE ( 'NONE', *, *, #2499, .T. ) ;
#2177 = CARTESIAN_POINT ( 'NONE',  ( 0.7250000000000001998, -0.8199999999999997291, 0.000000000000000000 ) ) ;
#2178 = ADVANCED_FACE ( 'NONE', ( #785 ), #688, .F. ) ;
#2179 = CARTESIAN_POINT ( 'NONE',  ( 1.499999999999999556, -0.6250000000000003331, 0.1830000000000000238 ) ) ;
#2180 = ADVANCED_FACE ( 'NONE', ( #6802 ), #3903, .F. ) ;
#2181 = CARTESIAN_POINT ( 'NONE',  ( -1.469999999999999751, 1.469999999999999973, 0.7800000000000000266 ) ) ;
#2182 = VECTOR ( 'NONE', #6897, 1000.000000000000000 ) ;
#2183 = DIRECTION ( 'NONE',  ( -0.000000000000000000, -0.000000000000000000, 1.000000000000000000 ) ) ;
#2184 = ORIENTED_EDGE ( 'NONE', *, *, #1271, .T. ) ;
#2185 = EDGE_LOOP ( 'NONE', ( #9880, #3302, #4178, #7734 ) ) ;
#2186 = AXIS2_PLACEMENT_3D ( 'NONE', #7451, #6786, #4430 ) ;
#2187 = CARTESIAN_POINT ( 'NONE',  ( 3.660283235464118157, 16.57547452176763159, 0.001000000000000000021 ) ) ;
#2188 = DIRECTION ( 'NONE',  ( 0.000000000000000000, 0.000000000000000000, -1.000000000000000000 ) ) ;
#2189 = EDGE_LOOP ( 'NONE', ( #627, #6178, #5227, #9284 ) ) ;
#2190 = LINE ( 'NONE', #5211, #4145 ) ;
#2191 = VECTOR ( 'NONE', #6348, 999.9999999999998863 ) ;
#2192 = CIRCLE ( 'NONE', #6388, 0.1250000000000001110 ) ;
#2193 = ORIENTED_EDGE ( 'NONE', *, *, #85, .F. ) ;
#2194 = CARTESIAN_POINT ( 'NONE',  ( 2.416146511472467839, 16.56735444666781731, 0.001000000000000000021 ) ) ;
#2195 = CARTESIAN_POINT ( 'NONE',  ( 3.110412932508104689, 16.66444230112228198, 0.001000000000000000021 ) ) ;
#2196 = CARTESIAN_POINT ( 'NONE',  ( -1.499999999999999778, -1.469999999999999973, 0.7800000000000000266 ) ) ;
#2197 = LINE ( 'NONE', #5215, #7418 ) ;
#2198 = VERTEX_POINT ( 'NONE', #632 ) ;
#2199 = EDGE_CURVE ( 'NONE', #501, #7982, #9920, .T. ) ;
#2200 = ORIENTED_EDGE ( 'NONE', *, *, #1513, .F. ) ;
#2201 = AXIS2_PLACEMENT_3D ( 'NONE', #967, #4023, #7850 ) ;
#2202 = VECTOR ( 'NONE', #5918, 1000.000000000000000 ) ;
#2203 = LINE ( 'NONE', #1638, #4423 ) ;
#2204 = DIRECTION ( 'NONE',  ( -1.000000000000000000, 3.942553354492743531E-16, 0.000000000000000000 ) ) ;
#2205 = ORIENTED_EDGE ( 'NONE', *, *, #7298, .F. ) ;
#2206 = PLANE ( 'NONE',  #6511 ) ;
#2207 =( NAMED_UNIT ( * ) PLANE_ANGLE_UNIT ( ) SI_UNIT ( $, .RADIAN. ) );
#2208 = CARTESIAN_POINT ( 'NONE',  ( 3.442276871370805402, 16.64043512256629853, 0.001000000000000001756 ) ) ;
#2209 = PRESENTATION_LAYER_ASSIGNMENT (  '', '', ( #921 ) ) ;
#2210 =( NAMED_UNIT ( * ) SI_UNIT ( $, .STERADIAN. ) SOLID_ANGLE_UNIT ( ) );
#2211 = CARTESIAN_POINT ( 'NONE',  ( -1.099999999999999867, -0.2500000000000001110, 0.1829999999927167664 ) ) ;
#2212 = CARTESIAN_POINT ( 'NONE',  ( 3.110412932508104689, 16.66444230112228198, 0.001000000000000000021 ) ) ;
#2213 = CARTESIAN_POINT ( 'NONE',  ( 0.000000000000000000, 16.66373620763538810, 0.000000000000000000 ) ) ;
#2214 = EDGE_LOOP ( 'NONE', ( #5973, #8844, #8430, #8863 ) ) ;
#2215 = EDGE_CURVE ( 'NONE', #1252, #7049, #5412, .T. ) ;
#2216 = FACE_OUTER_BOUND ( 'NONE', #42, .T. ) ;
#2217 = AXIS2_PLACEMENT_3D ( 'NONE', #6852, #9967, #3228 ) ;
#2218 = CARTESIAN_POINT ( 'NONE',  ( 2.764250600534825075, 16.55270300681376838, 0.000000000000000000 ) ) ;
#2219 = PLANE ( 'NONE',  #854 ) ;
#2220 = EDGE_LOOP ( 'NONE', ( #7422, #1731, #379, #8762 ) ) ;
#2221 = PRESENTATION_STYLE_ASSIGNMENT (( #809 ) ) ;
#2222 = CARTESIAN_POINT ( 'NONE',  ( 3.772905146631351236, 16.76435452952457794, 0.001000000000000000021 ) ) ;
#2223 = ORIENTED_EDGE ( 'NONE', *, *, #2425, .F. ) ;
#2224 = SURFACE_STYLE_USAGE ( .BOTH. , #3667 ) ;
#2225 = VECTOR ( 'NONE', #1451, 1000.000000000000000 ) ;
#2226 = FACE_OUTER_BOUND ( 'NONE', #8647, .T. ) ;
#2227 = LINE ( 'NONE', #5296, #1132 ) ;
#2228 = VECTOR ( 'NONE', #6103, 1000.000000000000000 ) ;
#2229 = SURFACE_SIDE_STYLE ('',( #4534 ) ) ;
#2230 = VERTEX_POINT ( 'NONE', #8388 ) ;
#2231 = ORIENTED_EDGE ( 'NONE', *, *, #9155, .F. ) ;
#2232 = B_SPLINE_SURFACE_WITH_KNOTS ( 'NONE', 3, 1, ( 
 ( #3143, #5367 ),
 ( #7766, #1498 ),
 ( #7003, #5415 ),
 ( #1603, #78 ) ),
 .UNSPECIFIED., .F., .F., .F.,
 ( 4, 4 ),
 ( 2, 2 ),
 ( 0.4000000000000000222, 0.5999999999999999778 ),
 ( 0.000000000000000000, 1.000000000000000000 ),
 .UNSPECIFIED. ) ;
#2233 = FACE_OUTER_BOUND ( 'NONE', #7345, .T. ) ;
#2234 = VECTOR ( 'NONE', #1405, 1000.000000000000114 ) ;
#2235 = CARTESIAN_POINT ( 'NONE',  ( 3.802914119826379835, 16.42754793625329057, 1.694065894508600678E-18 ) ) ;
#2236 = UNCERTAINTY_MEASURE_WITH_UNIT (LENGTH_MEASURE( 1.000000000000000082E-05 ), #7272, 'distance_accuracy_value', 'NONE');
#2237 =( LENGTH_UNIT ( ) NAMED_UNIT ( * ) SI_UNIT ( .MILLI., .METRE. ) );
#2238 = SURFACE_STYLE_FILL_AREA ( #9186 ) ;
#2239 = AXIS2_PLACEMENT_3D ( 'NONE', #1400, #537, #5949 ) ;
#2240 = EDGE_CURVE ( 'NONE', #2578, #997, #835, .T. ) ;
#2241 = CARTESIAN_POINT ( 'NONE',  ( 3.430802852207997855, 16.38006314925643991, 1.694065894508600678E-18 ) ) ;
#2242 = CARTESIAN_POINT ( 'NONE',  ( 3.224976600764426493, 16.39171369179099003, 0.001000000000000000021 ) ) ;
#2243 = VERTEX_POINT ( 'NONE', #3140 ) ;
#2244 = AXIS2_PLACEMENT_3D ( 'NONE', #7676, #703, #8603 ) ;
#2245 = EDGE_LOOP ( 'NONE', ( #3589, #3874, #1821, #5836 ) ) ;
#2246 =( GEOMETRIC_REPRESENTATION_CONTEXT ( 3 ) GLOBAL_UNCERTAINTY_ASSIGNED_CONTEXT ( ( #3176 ) ) GLOBAL_UNIT_ASSIGNED_CONTEXT ( ( #7390, #3527, #2925 ) ) REPRESENTATION_CONTEXT ( 'NONE', 'WORKASPACE' ) );
#2247 = CARTESIAN_POINT ( 'NONE',  ( 3.784379165794165001, 16.47538576999362547, 1.694065894508600678E-18 ) ) ;
#2248 = ORIENTED_EDGE ( 'NONE', *, *, #6136, .T. ) ;
#2249 = CARTESIAN_POINT ( 'NONE',  ( -0.7249999999999997558, 0.8199999999999995071, 0.01000000000000000021 ) ) ;
#2250 = CIRCLE ( 'NONE', #1759, 0.1249999999999998890 ) ;
#2251 = VERTEX_POINT ( 'NONE', #1448 ) ;
#2252 = EDGE_CURVE ( 'NONE', #6432, #5020, #8379, .T. ) ;
#2253 = DIRECTION ( 'NONE',  ( -0.000000000000000000, -0.000000000000000000, -1.000000000000000000 ) ) ;
#2254 = CARTESIAN_POINT ( 'NONE',  ( 3.400264308897753107, 16.41307301977099797, -1.694065894508600678E-18 ) ) ;
#2255 = FACE_OUTER_BOUND ( 'NONE', #1608, .T. ) ;
#2256 = CIRCLE ( 'NONE', #5796, 0.1250000000000009714 ) ;
#2257 = ADVANCED_FACE ( 'NONE', ( #3092 ), #9283, .F. ) ;
#2258 = CARTESIAN_POINT ( 'NONE',  ( -1.224999999999999423, 0.8749999999999998890, 0.000000000000000000 ) ) ;
#2259 = ORIENTED_EDGE ( 'NONE', *, *, #3692, .F. ) ;
#2260 = SHAPE_DEFINITION_REPRESENTATION ( #2862, #7909 ) ;
#2261 = EDGE_CURVE ( 'NONE', #9589, #8752, #8543, .T. ) ;
#2262 = DIRECTION ( 'NONE',  ( 0.000000000000000000, 0.000000000000000000, -1.000000000000000000 ) ) ;
#2263 = VECTOR ( 'NONE', #4593, 1000.000000000000000 ) ;
#2264 = VERTEX_POINT ( 'NONE', #7567 ) ;
#2265 = CARTESIAN_POINT ( 'NONE',  ( 3.637335197138503062, 16.47556229336537470, 0.001000000000000000021 ) ) ;
#2266 = CARTESIAN_POINT ( 'NONE',  ( 3.812799428643566468, 16.76329538929418916, 0.000000000000000000 ) ) ;
#2267 = DIRECTION ( 'NONE',  ( -3.942553354492742545E-16, -1.000000000000000000, 0.000000000000000000 ) ) ;
#2268 = CARTESIAN_POINT ( 'NONE',  ( -1.499999999999999556, -0.6250000000000000000, 0.1830000000000000238 ) ) ;
#2269 = SURFACE_STYLE_USAGE ( .BOTH. , #701 ) ;
#2270 = CARTESIAN_POINT ( 'NONE',  ( -1.499999999999999778, -1.500000000000000000, 0.000000000000000000 ) ) ;
#2271 = LINE ( 'NONE', #9268, #6768 ) ;
#2272 = CARTESIAN_POINT ( 'NONE',  ( -0.6749999999999997113, 0.8199999999999998401, 0.01000000000000000021 ) ) ;
#2273 = DIRECTION ( 'NONE',  ( 1.000000000000000000, 0.000000000000000000, 0.000000000000000000 ) ) ;
#2274 = DIRECTION ( 'NONE',  ( -2.365532012695645823E-15, -1.000000000000000000, 0.000000000000000000 ) ) ;
#2275 = EDGE_LOOP ( 'NONE', ( #8235, #8023, #1808, #7681 ) ) ;
#2276 = DIRECTION ( 'NONE',  ( -0.000000000000000000, -0.000000000000000000, 1.000000000000000000 ) ) ;
#2277 = ORIENTED_EDGE ( 'NONE', *, *, #1346, .T. ) ;
#2278 = ADVANCED_FACE ( 'NONE', ( #7000 ), #4448, .F. ) ;
#2279 = B_SPLINE_CURVE_WITH_KNOTS ( 'NONE', 3,
 ( #6223, #6279, #4597, #6991 ),
 .UNSPECIFIED., .F., .F.,
 ( 4, 4 ),
 ( 0.09090909090909089774, 0.1818181818181817955 ),
 .UNSPECIFIED. ) ;
#2280 = DIRECTION ( 'NONE',  ( -0.000000000000000000, -0.000000000000000000, -1.000000000000000000 ) ) ;
#2281 = CARTESIAN_POINT ( 'NONE',  ( 2.722944131548728386, 16.71422189195173047, 0.001000000000000000021 ) ) ;
#2282 = VECTOR ( 'NONE', #9196, 1000.000000000000000 ) ;
#2283 = FILL_AREA_STYLE ('',( #4722 ) ) ;
#2284 = PRESENTATION_LAYER_ASSIGNMENT (  '', '', ( #4521 ) ) ;
#2285 = ORIENTED_EDGE ( 'NONE', *, *, #7023, .F. ) ;
#2286 = CARTESIAN_POINT ( 'NONE',  ( 2.924886868814120966, 16.79948268049995264, 0.000000000000000000 ) ) ;
#2287 = CARTESIAN_POINT ( 'NONE',  ( 2.647568651817678198, 16.39189021516272859, 0.000000000000000000 ) ) ;
#2288 = FACE_OUTER_BOUND ( 'NONE', #1703, .T. ) ;
#2289 = DIRECTION ( 'NONE',  ( -0.9999910228155172165, 0.004237250095936101642, 0.000000000000000000 ) ) ;
#2290 = DIRECTION ( 'NONE',  ( -1.000000000000000000, 0.000000000000000000, 0.000000000000000000 ) ) ;
#2291 = FACE_OUTER_BOUND ( 'NONE', #5869, .T. ) ;
#2292 = ORIENTED_EDGE ( 'NONE', *, *, #8470, .T. ) ;
#2293 = VERTEX_POINT ( 'NONE', #5510 ) ;
#2294 = VECTOR ( 'NONE', #6246, 1000.000000000000000 ) ;
#2295 = ADVANCED_FACE ( 'NONE', ( #2535 ), #6340, .T. ) ;
#2296 = SURFACE_SIDE_STYLE ('',( #4554 ) ) ;
#2297 = FACE_OUTER_BOUND ( 'NONE', #4562, .T. ) ;
#2298 = EDGE_LOOP ( 'NONE', ( #6784, #2124, #693, #5461, #6067, #6728, #3467, #7278, #8210, #8096, #2619, #9260, #9563 ) ) ;
#2299 = LINE ( 'NONE', #882, #6254 ) ;
#2300 = VECTOR ( 'NONE', #5530, 1000.000000000000000 ) ;
#2301 = CARTESIAN_POINT ( 'NONE',  ( 0.000000000000000000, 16.53046106197511733, 0.001000000000000000021 ) ) ;
#2302 = ORIENTED_EDGE ( 'NONE', *, *, #5122, .T. ) ;
#2303 = APPLICATION_PROTOCOL_DEFINITION ( 'draft international standard', 'automotive_design', 1998, #6865 ) ;
#2304 = EDGE_CURVE ( 'NONE', #7252, #7487, #7864, .T. ) ;
#2305 = EDGE_LOOP ( 'NONE', ( #2587, #2326, #2259, #5348 ) ) ;
#2306 = DIRECTION ( 'NONE',  ( 0.000000000000000000, 0.000000000000000000, -1.000000000000000000 ) ) ;
#2307 = FACE_OUTER_BOUND ( 'NONE', #9469, .T. ) ;
#2308 = CIRCLE ( 'NONE', #6669, 0.05000000000000002359 ) ;
#2309 = EDGE_CURVE ( 'NONE', #8115, #3431, #3934, .T. ) ;
#2310 = DIRECTION ( 'NONE',  ( -0.000000000000000000, -0.000000000000000000, -1.000000000000000000 ) ) ;
#2311 = CARTESIAN_POINT ( 'NONE',  ( 3.822155167345547166, 16.76329538929418916, 0.000000000000000000 ) ) ;
#2312 = CARTESIAN_POINT ( 'NONE',  ( 1.224999999999999201, 0.3750000000000003331, 0.1829999999927167664 ) ) ;
#2313 = EDGE_LOOP ( 'NONE', ( #8889, #6770, #9229, #8069, #6545, #4818, #7951, #6972 ) ) ;
#2314 = PRODUCT ( 'AD8000YCPZ-R2_D PINN', 'AD8000YCPZ-R2_D PINN', '', ( #171 ) ) ;
#2315 = ORIENTED_EDGE ( 'NONE', *, *, #9221, .T. ) ;
#2316 = VECTOR ( 'NONE', #7810, 1000.000000000000114 ) ;
#2317 = CARTESIAN_POINT ( 'NONE',  ( 3.110412932508104689, 16.66444230112228198, 0.000000000000000000 ) ) ;
#2318 = CARTESIAN_POINT ( 'NONE',  ( 3.151366354750738452, 16.78200686669816832, 0.000000000000000000 ) ) ;
#2319 = CARTESIAN_POINT ( 'NONE',  ( 3.719595088367241509, 16.51580962212106840, -1.694065894508600678E-18 ) ) ;
#2320 = ORIENTED_EDGE ( 'NONE', *, *, #8077, .F. ) ;
#2321 = PLANE ( 'NONE',  #7785 ) ;
#2322 = ORIENTED_EDGE ( 'NONE', *, *, #1444, .F. ) ;
#2323 = DIRECTION ( 'NONE',  ( -1.000000000000000000, 3.942553354492743038E-16, 0.000000000000000000 ) ) ;
#2324 = CARTESIAN_POINT ( 'NONE',  ( 0.000000000000000000, 16.58571287732828736, 0.001000000000000000021 ) ) ;
#2325 = EDGE_CURVE ( 'NONE', #2755, #2126, #8981, .T. ) ;
#2326 = ORIENTED_EDGE ( 'NONE', *, *, #9135, .F. ) ;
#2327 = ADVANCED_FACE ( 'NONE', ( #314 ), #6023, .F. ) ;
#2328 = CARTESIAN_POINT ( 'NONE',  ( -1.500000000000000000, 0.8750000000000000000, 0.1830000000000000238 ) ) ;
#2329 = LINE ( 'NONE', #3919, #1572 ) ;
#2330 = CARTESIAN_POINT ( 'NONE',  ( -0.03787629194151851536, 16.66556845160959099, 0.001000000000000000021 ) ) ;
#2331 = DIRECTION ( 'NONE',  ( -1.000000000000000000, 0.000000000000000000, 0.000000000000000000 ) ) ;
#2332 = ORIENTED_EDGE ( 'NONE', *, *, #4033, .T. ) ;
#2333 = VERTEX_POINT ( 'NONE', #1026 ) ;
#2334 = ADVANCED_FACE ( 'NONE', ( #3321 ), #9542, .F. ) ;
#2335 = CARTESIAN_POINT ( 'NONE',  ( 2.754894861832849706, 16.58818420453259179, 0.001000000000000000021 ) ) ;
#2336 = CARTESIAN_POINT ( 'NONE',  ( 2.910058905588333467, 16.75676402453996872, 0.001000000000000000021 ) ) ;
#2337 = EDGE_LOOP ( 'NONE', ( #448, #8833, #2987, #4503, #954, #2763, #6523, #6429, #9400, #6896, #652, #1792 ) ) ;
#2338 =( NAMED_UNIT ( * ) PLANE_ANGLE_UNIT ( ) SI_UNIT ( $, .RADIAN. ) );
#2339 = LINE ( 'NONE', #5457, #6472 ) ;
#2340 = CARTESIAN_POINT ( 'NONE',  ( 2.910058905588333467, 16.75676402453996872, 0.000000000000000000 ) ) ;
#2341 = AXIS2_PLACEMENT_3D ( 'NONE', #7175, #4919, #4820 ) ;
#2342 = CARTESIAN_POINT ( 'NONE',  ( 0.000000000000000000, 0.000000000000000000, 0.000000000000000000 ) ) ;
#2343 = EDGE_CURVE ( 'NONE', #8696, #9970, #8008, .T. ) ;
#2344 = CARTESIAN_POINT ( 'NONE',  ( 3.487466854535089311, 16.45508558224401696, 1.694065894508600678E-18 ) ) ;
#2345 = ORIENTED_EDGE ( 'NONE', *, *, #1828, .F. ) ;
#2346 = CARTESIAN_POINT ( 'NONE',  ( 3.789498343574488892, 16.67079714250480649, 0.000000000000000000 ) ) ;
#2347 = COLOUR_RGB ( '',0.8039215686274510109, 0.8039215686274510109, 0.8039215686274510109 ) ;
#2348 = EDGE_LOOP ( 'NONE', ( #9611, #656, #5513, #7296 ) ) ;
#2349 = DIRECTION ( 'NONE',  ( 1.000000000000000000, 0.000000000000000000, 0.000000000000000000 ) ) ;
#2350 = PLANE ( 'NONE',  #1491 ) ;
#2351 = B_SPLINE_CURVE_WITH_KNOTS ( 'NONE', 3,
 ( #7922, #4194, #3379, #9701 ),
 .UNSPECIFIED., .F., .F.,
 ( 4, 4 ),
 ( 0.4285714285714284921, 0.5714285714285713969 ),
 .UNSPECIFIED. ) ;
#2352 = CARTESIAN_POINT ( 'NONE',  ( 2.693817775212373533, 0.000000000000000000, 0.000000000000000000 ) ) ;
#2353 = DIRECTION ( 'NONE',  ( -0.000000000000000000, -0.000000000000000000, -1.000000000000000000 ) ) ;
#2354 = ADVANCED_FACE ( 'NONE', ( #3372 ), #8587, .F. ) ;
#2355 = EDGE_CURVE ( 'NONE', #2441, #444, #8932, .T. ) ;
#2356 = DIRECTION ( 'NONE',  ( 0.9995457756906724889, -0.03013705856469448344, 0.000000000000000000 ) ) ;
#2357 = VECTOR ( 'NONE', #8868, 1000.000000000000114 ) ;
#2358 = CARTESIAN_POINT ( 'NONE',  ( 1.224999999999999423, -0.7500000000000004441, 0.000000000000000000 ) ) ;
#2359 = VECTOR ( 'NONE', #9666, 1000.000000000000000 ) ;
#2360 = EDGE_CURVE ( 'NONE', #3098, #8175, #5036, .T. ) ;
#2361 = DIRECTION ( 'NONE',  ( -0.000000000000000000, -0.000000000000000000, -1.000000000000000000 ) ) ;
#2362 = EDGE_CURVE ( 'NONE', #2684, #7886, #1214, .T. ) ;
#2363 = DIRECTION ( 'NONE',  ( -1.000000000000000000, 0.000000000000000000, -0.000000000000000000 ) ) ;
#2364 = LINE ( 'NONE', #8559, #9929 ) ;
#2365 = VECTOR ( 'NONE', #9499, 1000.000000000000000 ) ;
#2366 = ORIENTED_EDGE ( 'NONE', *, *, #7281, .F. ) ;
#2367 = SURFACE_STYLE_FILL_AREA ( #7637 ) ;
#2368 = VECTOR ( 'NONE', #6110, 1000.000000000000000 ) ;
#2369 = EDGE_LOOP ( 'NONE', ( #8129, #7967, #9269, #1334 ) ) ;
#2370 = STYLED_ITEM ( 'NONE', ( #7441 ), #8627 ) ;
#2371 =( NAMED_UNIT ( * ) SI_UNIT ( $, .STERADIAN. ) SOLID_ANGLE_UNIT ( ) );
#2372 = FACE_OUTER_BOUND ( 'NONE', #1356, .T. ) ;
#2373 = EDGE_CURVE ( 'NONE', #9297, #5047, #5710, .T. ) ;
#2374 = AXIS2_PLACEMENT_3D ( 'NONE', #5663, #2395, #1827 ) ;
#2375 = CARTESIAN_POINT ( 'NONE',  ( 2.073691170305643094, 0.000000000000000000, 0.001000000000000000021 ) ) ;
#2376 = ORIENTED_EDGE ( 'NONE', *, *, #2809, .T. ) ;
#2377 = EDGE_CURVE ( 'NONE', #6332, #1635, #8171, .T. ) ;
#2378 = ADVANCED_FACE ( 'NONE', ( #7503 ), #8827, .F. ) ;
#2379 = VERTEX_POINT ( 'NONE', #6638 ) ;
#2380 = DIRECTION ( 'NONE',  ( -1.000000000000000000, 0.000000000000000000, 0.000000000000000000 ) ) ;
#2381 = CIRCLE ( 'NONE', #6579, 0.02999999999999997113 ) ;
#2382 = CARTESIAN_POINT ( 'NONE',  ( -1.224999999999999867, 0.6249999999999998890, -0.02000000000000000042 ) ) ;
#2383 = DIRECTION ( 'NONE',  ( -1.000000000000000000, 0.000000000000000000, 0.000000000000000000 ) ) ;
#2384 = DIRECTION ( 'NONE',  ( -0.000000000000000000, -0.000000000000000000, -1.000000000000000000 ) ) ;
#2385 = EDGE_CURVE ( 'NONE', #9546, #3826, #9747, .T. ) ;
#2386 = COLOUR_RGB ( '',0.9607843137254902244, 0.9607843137254902244, 0.9607843137254902244 ) ;
#2387 = LINE ( 'NONE', #5447, #5103 ) ;
#2388 = LINE ( 'NONE', #725, #3045 ) ;
#2389 = ORIENTED_EDGE ( 'NONE', *, *, #366, .F. ) ;
#2390 = CIRCLE ( 'NONE', #9358, 0.03000000000000007869 ) ;
#2391 = CARTESIAN_POINT ( 'NONE',  ( 2.998497114827814780, 16.47768057382617712, 0.001000000000000000021 ) ) ;
#2392 = CARTESIAN_POINT ( 'NONE',  ( 1.224999999999999201, -0.1249999999999995698, -0.02000000000000000042 ) ) ;
#2393 = DIRECTION ( 'NONE',  ( -0.000000000000000000, -0.000000000000000000, -1.000000000000000000 ) ) ;
#2394 = LINE ( 'NONE', #9395, #5154 ) ;
#2395 = DIRECTION ( 'NONE',  ( -0.003906220198410930225, -0.9999923706927775768, 0.000000000000000000 ) ) ;
#2396 = AXIS2_PLACEMENT_3D ( 'NONE', #1140, #8853, #9571 ) ;
#2397 = EDGE_CURVE ( 'NONE', #9525, #435, #4986, .T. ) ;
#2398 = VECTOR ( 'NONE', #8527, 1000.000000000000000 ) ;
#2399 = CARTESIAN_POINT ( 'NONE',  ( -1.499999999999999556, 0.3750000000000000000, 0.1830000000000000238 ) ) ;
#2400 = MECHANICAL_DESIGN_GEOMETRIC_PRESENTATION_REPRESENTATION (  '', ( #8707 ), #4647 ) ;
#2401 = ORIENTED_EDGE ( 'NONE', *, *, #7531, .F. ) ;
#2402 = AXIS2_PLACEMENT_3D ( 'NONE', #1839, #7828, #2594 ) ;
#2403 = ORIENTED_EDGE ( 'NONE', *, *, #2175, .F. ) ;
#2404 = CARTESIAN_POINT ( 'NONE',  ( -0.3942356891071699954, 16.55789894224802339, 0.001000000000000000021 ) ) ;
#2405 = PLANE ( 'NONE',  #9323 ) ;
#2406 =( NAMED_UNIT ( * ) PLANE_ANGLE_UNIT ( ) SI_UNIT ( $, .RADIAN. ) );
#2407 = CARTESIAN_POINT ( 'NONE',  ( 2.895230942362547744, 16.47768057382617712, 0.001000000000000000021 ) ) ;
#2408 = DIRECTION ( 'NONE',  ( -0.000000000000000000, 0.000000000000000000, 1.000000000000000000 ) ) ;
#2409 = CARTESIAN_POINT ( 'NONE',  ( -1.224999999999999423, -0.2500000000000001110, 0.1830000000000000238 ) ) ;
#2410 = STYLED_ITEM ( 'NONE', ( #7643 ), #5162 ) ;
#2411 = PLANE ( 'NONE',  #7466 ) ;
#2412 = CARTESIAN_POINT ( 'NONE',  ( 3.778730417898627181, 16.58677201755869746, 0.001000000000000001756 ) ) ;
#2413 = VERTEX_POINT ( 'NONE', #4236 ) ;
#2414 = EDGE_CURVE ( 'NONE', #1622, #7855, #7343, .T. ) ;
#2415 = DIRECTION ( 'NONE',  ( -0.000000000000000000, -0.000000000000000000, -1.000000000000000000 ) ) ;
#2416 = ORIENTED_EDGE ( 'NONE', *, *, #6783, .T. ) ;
#2417 = DIRECTION ( 'NONE',  ( 0.000000000000000000, -1.000000000000000000, 0.000000000000000000 ) ) ;
#2418 = LINE ( 'NONE', #8612, #4642 ) ;
#2419 = VERTEX_POINT ( 'NONE', #3727 ) ;
#2420 = ADVANCED_FACE ( 'NONE', ( #9087 ), #6842, .T. ) ;
#2421 = VERTEX_POINT ( 'NONE', #6078 ) ;
#2422 = PLANE ( 'NONE',  #7192 ) ;
#2423 = UNCERTAINTY_MEASURE_WITH_UNIT (LENGTH_MEASURE( 1.000000000000000082E-05 ), #4587, 'distance_accuracy_value', 'NONE');
#2424 = CYLINDRICAL_SURFACE ( 'NONE', #5428, 0.1250000000000001110 ) ;
#2425 = EDGE_CURVE ( 'NONE', #1272, #5431, #5932, .T. ) ;
#2426 = EDGE_CURVE ( 'NONE', #664, #5372, #270, .T. ) ;
#2427 = CARTESIAN_POINT ( 'NONE',  ( 3.725067312891037208, 16.58677201755869746, 0.001000000000000000021 ) ) ;
#2428 = DIRECTION ( 'NONE',  ( -1.000000000000000000, 0.000000000000000000, 0.000000000000000000 ) ) ;
#2429 = PLANE ( 'NONE',  #3171 ) ;
#2430 = DIRECTION ( 'NONE',  ( -1.000000000000000000, 3.942553354492742545E-16, -0.000000000000000000 ) ) ;
#2431 = ORIENTED_EDGE ( 'NONE', *, *, #8390, .F. ) ;
#2432 = AXIS2_PLACEMENT_3D ( 'NONE', #8869, #452, #6624 ) ;
#2433 = DIRECTION ( 'NONE',  ( 1.000000000000000000, 0.000000000000000000, 0.000000000000000000 ) ) ;
#2434 = FACE_OUTER_BOUND ( 'NONE', #1764, .T. ) ;
#2435 = CARTESIAN_POINT ( 'NONE',  ( 2.466279149045342844, 16.59312685894116157, 0.001000000000000000021 ) ) ;
#2436 = CLOSED_SHELL ( 'NONE', ( #8799, #5823, #8499, #6326, #9644, #1843, #2180, #9886, #4681, #4138, #5060, #3028, #1862, #5476 ) ) ;
#2437 = DIRECTION ( 'NONE',  ( 1.000000000000000000, 0.000000000000000000, 0.000000000000000000 ) ) ;
#2438 = SURFACE_STYLE_USAGE ( .BOTH. , #7965 ) ;
#2439 = B_SPLINE_CURVE_WITH_KNOTS ( 'NONE', 3,
 ( #7515, #9096, #2152, #2745 ),
 .UNSPECIFIED., .F., .F.,
 ( 4, 4 ),
 ( 0.4666666666666666741, 0.5333333333333333259 ),
 .UNSPECIFIED. ) ;
#2440 = AXIS2_PLACEMENT_3D ( 'NONE', #3800, #127, #744 ) ;
#2441 = VERTEX_POINT ( 'NONE', #1376 ) ;
#2442 = CARTESIAN_POINT ( 'NONE',  ( 0.000000000000000000, 0.000000000000000000, 0.000000000000000000 ) ) ;
#2443 = CIRCLE ( 'NONE', #3083, 0.05000000000000002359 ) ;
#2444 = EDGE_CURVE ( 'NONE', #4676, #4913, #2143, .T. ) ;
#2445 = CARTESIAN_POINT ( 'NONE',  ( 2.894506534544623921, 0.007886938786178987817, 0.000000000000000000 ) ) ;
#2446 = EDGE_CURVE ( 'NONE', #5527, #9101, #3773, .T. ) ;
#2447 = ORIENTED_EDGE ( 'NONE', *, *, #5753, .F. ) ;
#2448 = FACE_OUTER_BOUND ( 'NONE', #6168, .T. ) ;
#2449 = CARTESIAN_POINT ( 'NONE',  ( 3.406266103536768508, 16.59983474706711704, 0.000000000000000000 ) ) ;
#2450 = CARTESIAN_POINT ( 'NONE',  ( 1.470000000000000195, 1.469999999999999973, 0.7500000000000000000 ) ) ;
#2451 = AXIS2_PLACEMENT_3D ( 'NONE', #5053, #1897, #6606 ) ;
#2452 = LINE ( 'NONE', #5521, #128 ) ;
#2453 = VERTEX_POINT ( 'NONE', #6126 ) ;
#2454 = DIRECTION ( 'NONE',  ( -1.000000000000000000, 0.000000000000000000, 0.000000000000000000 ) ) ;
#2455 = B_SPLINE_CURVE_WITH_KNOTS ( 'NONE', 3,
 ( #6034, #2187, #5261, #1441 ),
 .UNSPECIFIED., .F., .F.,
 ( 4, 4 ),
 ( 0.4545454545454544748, 0.5454545454545454142 ),
 .UNSPECIFIED. ) ;
#2456 = ORIENTED_EDGE ( 'NONE', *, *, #2252, .T. ) ;
#2457 = CARTESIAN_POINT ( 'NONE',  ( 3.016679022116560027, 16.42384094544686945, 0.001000000000000000021 ) ) ;
#2458 = CARTESIAN_POINT ( 'NONE',  ( 3.615269775671568375, 16.72569591111453136, 0.000000000000000000 ) ) ;
#2459 = LINE ( 'NONE', #3867, #8620 ) ;
#2460 = AXIS2_PLACEMENT_3D ( 'NONE', #7314, #1898, #1235 ) ;
#2461 = ORIENTED_EDGE ( 'NONE', *, *, #1610, .T. ) ;
#2462 = LINE ( 'NONE', #5533, #9984 ) ;
#2463 = FACE_OUTER_BOUND ( 'NONE', #1173, .T. ) ;
#2464 = ORIENTED_EDGE ( 'NONE', *, *, #3523, .F. ) ;
#2465 = SURFACE_STYLE_USAGE ( .BOTH. , #57 ) ;
#2466 = CARTESIAN_POINT ( 'NONE',  ( -1.499999999999999556, -0.6250000000000000000, -0.02000000000000000042 ) ) ;
#2467 = CARTESIAN_POINT ( 'NONE',  ( 1.470000000000000195, 1.469999999999999973, 0.000000000000000000 ) ) ;
#2468 =( NAMED_UNIT ( * ) SI_UNIT ( $, .STERADIAN. ) SOLID_ANGLE_UNIT ( ) );
#2469 = EDGE_CURVE ( 'NONE', #7473, #4574, #5356, .T. ) ;
#2470 = B_SPLINE_SURFACE_WITH_KNOTS ( 'NONE', 3, 1, ( 
 ( #8908, #4411 ),
 ( #8255, #438 ),
 ( #7324, #6665 ),
 ( #6713, #6611 ) ),
 .UNSPECIFIED., .F., .F., .F.,
 ( 4, 4 ),
 ( 2, 2 ),
 ( 0.6666666666666666297, 0.7777777777777777901 ),
 ( 0.000000000000000000, 1.000000000000000000 ),
 .UNSPECIFIED. ) ;
#2471 = EDGE_LOOP ( 'NONE', ( #3915, #8993, #6806, #3102 ) ) ;
#2472 = CARTESIAN_POINT ( 'NONE',  ( 3.637158673766773820, 16.58694854093044313, 0.000000000000000000 ) ) ;
#2473 = UNCERTAINTY_MEASURE_WITH_UNIT (LENGTH_MEASURE( 1.000000000000000082E-05 ), #9290, 'distance_accuracy_value', 'NONE');
#2474 = DIRECTION ( 'NONE',  ( 1.000000000000000000, -3.942553354492742545E-16, 0.000000000000000000 ) ) ;
#2475 = FILL_AREA_STYLE ('',( #7849 ) ) ;
#2476 = B_SPLINE_CURVE_WITH_KNOTS ( 'NONE', 3,
 ( #3501, #7421, #7263, #3444 ),
 .UNSPECIFIED., .F., .F.,
 ( 4, 4 ),
 ( 0.1000000000000000056, 0.2000000000000000111 ),
 .UNSPECIFIED. ) ;
#2477 = CARTESIAN_POINT ( 'NONE',  ( 3.615269775671568375, 16.59206771871077990, 0.000000000000000000 ) ) ;
#2478 = PLANE ( 'NONE',  #5577 ) ;
#2479 = CARTESIAN_POINT ( 'NONE',  ( 2.416146511472467839, 16.56735444666781731, 0.001000000000000000021 ) ) ;
#2480 = CARTESIAN_POINT ( 'NONE',  ( 2.999026684943015830, 16.82472552265812737, 0.000000000000000000 ) ) ;
#2481 = ORIENTED_EDGE ( 'NONE', *, *, #9749, .F. ) ;
#2482 = EDGE_LOOP ( 'NONE', ( #4477, #1095, #6505, #3688 ) ) ;
#2483 = EDGE_CURVE ( 'NONE', #5522, #2419, #3834, .T. ) ;
#2484 = ADVANCED_FACE ( 'NONE', ( #1586 ), #7752, .F. ) ;
#2485 = ORIENTED_EDGE ( 'NONE', *, *, #3007, .F. ) ;
#2486 = CARTESIAN_POINT ( 'NONE',  ( 0.1168604091606676026, 16.53574789570863857, 0.000000000000000000 ) ) ;
#2487 = CARTESIAN_POINT ( 'NONE',  ( 3.117120820634052158, 16.67273889959385968, 0.001000000000000000021 ) ) ;
#2488 = CARTESIAN_POINT ( 'NONE',  ( 1.470000000000000195, 0.000000000000000000, 0.7500000000000000000 ) ) ;
#2489 = CARTESIAN_POINT ( 'NONE',  ( 1.500000000000000222, -1.500000000000000000, 0.000000000000000000 ) ) ;
#2490 = DIRECTION ( 'NONE',  ( 1.000000000000000000, 0.000000000000000000, 0.000000000000000000 ) ) ;
#2491 = CARTESIAN_POINT ( 'NONE',  ( 3.599735718958842590, 16.68068245132198157, 0.001000000000000000021 ) ) ;
#2492 = PLANE ( 'NONE',  #6188 ) ;
#2493 = ORIENTED_EDGE ( 'NONE', *, *, #5901, .T. ) ;
#2494 = CARTESIAN_POINT ( 'NONE',  ( 3.484289433843847927, 16.52092879990137675, 0.001000000000000001756 ) ) ;
#2495 = DIRECTION ( 'NONE',  ( 0.3158674381473076109, 0.9488033313170104455, 0.000000000000000000 ) ) ;
#2496 = CARTESIAN_POINT ( 'NONE',  ( 3.418622739558246693, 16.54881949263557672, 0.001000000000000000021 ) ) ;
#2497 = CARTESIAN_POINT ( 'NONE',  ( 3.802914119826379835, 16.42754793625329057, 0.001000000000000001756 ) ) ;
#2498 = FACE_OUTER_BOUND ( 'NONE', #5677, .T. ) ;
#2499 = EDGE_CURVE ( 'NONE', #937, #8208, #3219, .T. ) ;
#2500 = LINE ( 'NONE', #1793, #3195 ) ;
#2501 = ORIENTED_EDGE ( 'NONE', *, *, #733, .T. ) ;
#2502 = FACE_OUTER_BOUND ( 'NONE', #7267, .T. ) ;
#2503 = COLOUR_RGB ( '',0.8039215686274510109, 0.8039215686274510109, 0.8039215686274510109 ) ;
#2504 = AXIS2_PLACEMENT_3D ( 'NONE', #4072, #207, #1115 ) ;
#2505 = FACE_OUTER_BOUND ( 'NONE', #7732, .T. ) ;
#2506 = CYLINDRICAL_SURFACE ( 'NONE', #6496, 0.1250000000000005551 ) ;
#2507 = EDGE_LOOP ( 'NONE', ( #2671, #3714, #7113, #4847, #9224 ) ) ;
#2508 = CARTESIAN_POINT ( 'NONE',  ( 3.442982964857743688, 16.52092879990137675, 0.001000000000000000021 ) ) ;
#2509 = DIRECTION ( 'NONE',  ( -0.000000000000000000, 0.000000000000000000, 1.000000000000000000 ) ) ;
#2510 = ORIENTED_EDGE ( 'NONE', *, *, #6435, .T. ) ;
#2511 = DIRECTION ( 'NONE',  ( -0.000000000000000000, -0.000000000000000000, -1.000000000000000000 ) ) ;
#2512 = LINE ( 'NONE', #7124, #8389 ) ;
#2513 = VECTOR ( 'NONE', #9110, 1000.000000000000000 ) ;
#2514 = MECHANICAL_DESIGN_GEOMETRIC_PRESENTATION_REPRESENTATION (  '', ( #3623 ), #5562 ) ;
#2515 = CARTESIAN_POINT ( 'NONE',  ( 3.406266103536768508, 16.85579363608356829, 0.001000000000000000021 ) ) ;
#2516 = DIRECTION ( 'NONE',  ( 1.000000000000000000, 0.000000000000000000, 0.000000000000000000 ) ) ;
#2517 =( GEOMETRIC_REPRESENTATION_CONTEXT ( 3 ) GLOBAL_UNCERTAINTY_ASSIGNED_CONTEXT ( ( #4685 ) ) GLOBAL_UNIT_ASSIGNED_CONTEXT ( ( #6911, #1558, #4621 ) ) REPRESENTATION_CONTEXT ( 'NONE', 'WORKASPACE' ) );
#2518 = VERTEX_POINT ( 'NONE', #7955 ) ;
#2519 = VECTOR ( 'NONE', #8716, 1000.000000000000000 ) ;
#2520 = ORIENTED_EDGE ( 'NONE', *, *, #4341, .T. ) ;
#2521 = DIRECTION ( 'NONE',  ( -1.000000000000000000, 3.942553354492742545E-16, -0.000000000000000000 ) ) ;
#2522 = ORIENTED_EDGE ( 'NONE', *, *, #1809, .F. ) ;
#2523 = AXIS2_PLACEMENT_3D ( 'NONE', #7906, #3311, #3179 ) ;
#2524 = CARTESIAN_POINT ( 'NONE',  ( 2.199375810981297530, 16.45261425503975161, 0.001000000000000000021 ) ) ;
#2525 = CARTESIAN_POINT ( 'NONE',  ( 2.894701372247347138, 16.42437051556204608, 0.001000000000000000021 ) ) ;
#2526 = LINE ( 'NONE', #2576, #3017 ) ;
#2527 = CARTESIAN_POINT ( 'NONE',  ( 3.730716060786571475, 16.62754891642958910, 0.000000000000000000 ) ) ;
#2528 = ORIENTED_EDGE ( 'NONE', *, *, #1686, .T. ) ;
#2529 = ORIENTED_EDGE ( 'NONE', *, *, #3157, .F. ) ;
#2530 = PRESENTATION_LAYER_ASSIGNMENT (  '', '', ( #9019 ) ) ;
#2531 = CARTESIAN_POINT ( 'NONE',  ( -1.224999999999999423, -0.7500000000000001110, 0.1829999999927167664 ) ) ;
#2532 = CARTESIAN_POINT ( 'NONE',  ( -1.099999999999999867, 0.7499999999999998890, 0.1829999999927167664 ) ) ;
#2533 = EDGE_CURVE ( 'NONE', #5310, #8219, #2526, .T. ) ;
#2534 = CARTESIAN_POINT ( 'NONE',  ( 2.810499723929526628, 16.72887333180576874, 0.000000000000000000 ) ) ;
#2535 = FACE_OUTER_BOUND ( 'NONE', #147, .T. ) ;
#2536 = CARTESIAN_POINT ( 'NONE',  ( -1.224999999999999867, 0.7499999999999998890, -0.02000000000000000042 ) ) ;
#2537 = VECTOR ( 'NONE', #7109, 1000.000000000000000 ) ;
#2538 =( GEOMETRIC_REPRESENTATION_CONTEXT ( 3 ) GLOBAL_UNCERTAINTY_ASSIGNED_CONTEXT ( ( #107 ) ) GLOBAL_UNIT_ASSIGNED_CONTEXT ( ( #8491, #6294, #9973 ) ) REPRESENTATION_CONTEXT ( 'NONE', 'WORKASPACE' ) );
#2539 = LINE ( 'NONE', #5616, #4704 ) ;
#2540 = ORIENTED_EDGE ( 'NONE', *, *, #3073, .F. ) ;
#2541 = ADVANCED_FACE ( 'NONE', ( #5652 ), #2478, .F. ) ;
#2542 = AXIS2_PLACEMENT_3D ( 'NONE', #521, #1938, #3591 ) ;
#2543 = FACE_OUTER_BOUND ( 'NONE', #1009, .T. ) ;
#2544 = CARTESIAN_POINT ( 'NONE',  ( -1.224999999999999423, -0.3750000000000001110, 0.000000000000000000 ) ) ;
#2545 = EDGE_CURVE ( 'NONE', #2611, #1747, #201, .T. ) ;
#2546 = EDGE_CURVE ( 'NONE', #2861, #6240, #4472, .T. ) ;
#2547 = LINE ( 'NONE', #2407, #2694 ) ;
#2548 = DIRECTION ( 'NONE',  ( -0.000000000000000000, -0.000000000000000000, -1.000000000000000000 ) ) ;
#2549 = VERTEX_POINT ( 'NONE', #4727 ) ;
#2550 = AXIS2_PLACEMENT_3D ( 'NONE', #2358, #6201, #6818 ) ;
#2551 = ORIENTED_EDGE ( 'NONE', *, *, #5437, .T. ) ;
#2552 = DIRECTION ( 'NONE',  ( -3.942553354492742545E-16, -1.000000000000000000, 0.000000000000000000 ) ) ;
#2553 = CARTESIAN_POINT ( 'NONE',  ( 3.140598429074867415, 16.39153716841929764, 0.001000000000000000021 ) ) ;
#2554 = VECTOR ( 'NONE', #3924, 1000.000000000000000 ) ;
#2555 = EDGE_LOOP ( 'NONE', ( #429, #7215, #8490, #597 ) ) ;
#2556 = DIRECTION ( 'NONE',  ( 0.000000000000000000, -1.000000000000000000, 0.000000000000000000 ) ) ;
#2557 = LINE ( 'NONE', #227, #2263 ) ;
#2558 = ORIENTED_EDGE ( 'NONE', *, *, #5558, .T. ) ;
#2559 = DIRECTION ( 'NONE',  ( -0.000000000000000000, -0.000000000000000000, 1.000000000000000000 ) ) ;
#2560 = FACE_OUTER_BOUND ( 'NONE', #494, .T. ) ;
#2561 = DIRECTION ( 'NONE',  ( 1.000000000000000000, 0.000000000000000000, 0.000000000000000000 ) ) ;
#2562 = COLOUR_RGB ( '',0.8039215686274510109, 0.8039215686274510109, 0.8039215686274510109 ) ;
#2563 = B_SPLINE_CURVE_WITH_KNOTS ( 'NONE', 3,
 ( #6598, #574, #3436, #1991 ),
 .UNSPECIFIED., .F., .F.,
 ( 4, 4 ),
 ( 0.5000000000000000000, 0.5714285714285713969 ),
 .UNSPECIFIED. ) ;
#2564 = ORIENTED_EDGE ( 'NONE', *, *, #2343, .T. ) ;
#2565 = ORIENTED_EDGE ( 'NONE', *, *, #2690, .F. ) ;
#2566 = CARTESIAN_POINT ( 'NONE',  ( 0.000000000000000000, 16.39153716841929764, 0.001000000000000000021 ) ) ;
#2567 = EDGE_CURVE ( 'NONE', #7364, #8989, #6329, .T. ) ;
#2568 = VECTOR ( 'NONE', #2289, 1000.000000000000227 ) ;
#2569 = ORIENTED_EDGE ( 'NONE', *, *, #4750, .T. ) ;
#2570 = UNCERTAINTY_MEASURE_WITH_UNIT (LENGTH_MEASURE( 1.000000000000000082E-05 ), #1027, 'distance_accuracy_value', 'NONE');
#2571 = SURFACE_STYLE_FILL_AREA ( #350 ) ;
#2572 = DIRECTION ( 'NONE',  ( -1.000000000000000000, 0.000000000000000000, 0.000000000000000000 ) ) ;
#2573 = PLANE ( 'NONE',  #7690 ) ;
#2574 = FILL_AREA_STYLE ('',( #9533 ) ) ;
#2575 = CIRCLE ( 'NONE', #4180, 0.1250000000000005551 ) ;
#2576 = CARTESIAN_POINT ( 'NONE',  ( 1.499999999999999556, 0.8749999999999996669, 0.1830000000000000238 ) ) ;
#2577 = CARTESIAN_POINT ( 'NONE',  ( 7.052281452695194908, 14.35844503768889702, 0.001000000000000000021 ) ) ;
#2578 = VERTEX_POINT ( 'NONE', #5600 ) ;
#2579 = LINE ( 'NONE', #6525, #3455 ) ;
#2580 = CARTESIAN_POINT ( 'NONE',  ( 3.336892418444728836, 16.48721283589987152, 0.001000000000000001756 ) ) ;
#2581 = CARTESIAN_POINT ( 'NONE',  ( -2.751240332643547948, 1.023601212689371431, 0.001000000000000000021 ) ) ;
#2582 = FACE_OUTER_BOUND ( 'NONE', #7645, .T. ) ;
#2583 = CLOSED_SHELL ( 'NONE', ( #4071, #3941, #4912, #3418, #1522, #6138, #4143, #9097, #9899, #213, #5171, #6164 ) ) ;
#2584 = CIRCLE ( 'NONE', #4679, 0.03000000000000007869 ) ;
#2585 = EDGE_CURVE ( 'NONE', #5696, #6722, #7136, .T. ) ;
#2586 = FACE_OUTER_BOUND ( 'NONE', #6695, .T. ) ;
#2587 = ORIENTED_EDGE ( 'NONE', *, *, #5341, .T. ) ;
#2588 = DIRECTION ( 'NONE',  ( 1.000000000000000000, 0.000000000000000000, 0.000000000000000000 ) ) ;
#2589 = VECTOR ( 'NONE', #672, 1000.000000000000000 ) ;
#2590 = DIRECTION ( 'NONE',  ( -0.000000000000000000, -0.000000000000000000, -1.000000000000000000 ) ) ;
#2591 = CARTESIAN_POINT ( 'NONE',  ( -1.224999999999999423, 0.8749999999999998890, 0.1830000000000000238 ) ) ;
#2592 = DIRECTION ( 'NONE',  ( -0.000000000000000000, -0.000000000000000000, -1.000000000000000000 ) ) ;
#2593 = SURFACE_STYLE_USAGE ( .BOTH. , #9552 ) ;
#2594 = DIRECTION ( 'NONE',  ( -1.000000000000000000, 0.000000000000000000, 0.000000000000000000 ) ) ;
#2595 = ORIENTED_EDGE ( 'NONE', *, *, #7298, .T. ) ;
#2596 = ADVANCED_FACE ( 'NONE', ( #9433 ), #8718, .F. ) ;
#2597 = LINE ( 'NONE', #4900, #1654 ) ;
#2598 = EDGE_CURVE ( 'NONE', #855, #178, #1771, .T. ) ;
#2599 = VERTEX_POINT ( 'NONE', #68 ) ;
#2600 = LINE ( 'NONE', #4096, #7196 ) ;
#2601 = CARTESIAN_POINT ( 'NONE',  ( 3.631509925871234667, 16.75905882837253813, 0.001000000000000000021 ) ) ;
#2602 = VECTOR ( 'NONE', #83, 1000.000000000000000 ) ;
#2603 = ORIENTED_EDGE ( 'NONE', *, *, #4201, .F. ) ;
#2604 = LINE ( 'NONE', #229, #3286 ) ;
#2605 = CARTESIAN_POINT ( 'NONE',  ( 2.466279149045342844, 16.59312685894116157, 0.001000000000000000021 ) ) ;
#2606 = CARTESIAN_POINT ( 'NONE',  ( 2.073691170305642650, 16.81607587744306542, 0.001000000000000000021 ) ) ;
#2607 = VERTEX_POINT ( 'NONE', #6989 ) ;
#2608 = VECTOR ( 'NONE', #483, 1000.000000000000000 ) ;
#2609 = ORIENTED_EDGE ( 'NONE', *, *, #1513, .T. ) ;
#2610 = CARTESIAN_POINT ( 'NONE',  ( -0.03787629194151851536, 16.66556845160959099, 0.001000000000000000021 ) ) ;
#2611 = VERTEX_POINT ( 'NONE', #4778 ) ;
#2612 = CARTESIAN_POINT ( 'NONE',  ( 3.653222300594695771, 16.58518330721311784, 0.001000000000000000021 ) ) ;
#2613 = EDGE_LOOP ( 'NONE', ( #1851, #7111, #741, #6750 ) ) ;
#2614 = ADVANCED_FACE ( 'NONE', ( #1721 ), #2429, .T. ) ;
#2615 = FACE_OUTER_BOUND ( 'NONE', #3729, .T. ) ;
#2616 = SURFACE_STYLE_USAGE ( .BOTH. , #1013 ) ;
#2617 = AXIS2_PLACEMENT_3D ( 'NONE', #212, #2683, #9599 ) ;
#2618 = CARTESIAN_POINT ( 'NONE',  ( 1.224999999999999423, 0.2499999999999995837, 0.1830000000000000238 ) ) ;
#2619 = ORIENTED_EDGE ( 'NONE', *, *, #6310, .T. ) ;
#2620 = ORIENTED_EDGE ( 'NONE', *, *, #1998, .F. ) ;
#2621 = CARTESIAN_POINT ( 'NONE',  ( 3.376963223828672866, 16.42101657149909499, 0.0009999999999999982861 ) ) ;
#2622 = DIRECTION ( 'NONE',  ( -0.000000000000000000, -0.000000000000000000, -1.000000000000000000 ) ) ;
#2623 = CARTESIAN_POINT ( 'NONE',  ( 2.790376059551682886, 16.67256237622216375, 0.001000000000000000021 ) ) ;
#2624 = PLANE ( 'NONE',  #492 ) ;
#2625 = SURFACE_SIDE_STYLE ('',( #4885 ) ) ;
#2626 = EDGE_CURVE ( 'NONE', #5267, #8066, #8579, .T. ) ;
#2627 = ORIENTED_EDGE ( 'NONE', *, *, #4774, .T. ) ;
#2628 = CARTESIAN_POINT ( 'NONE',  ( 1.224999999999999423, -0.6250000000000003331, 0.1830000000000000238 ) ) ;
#2629 = ORIENTED_EDGE ( 'NONE', *, *, #4105, .F. ) ;
#2630 = DIRECTION ( 'NONE',  ( 0.000000000000000000, 1.000000000000000000, 0.000000000000000000 ) ) ;
#2631 = DIRECTION ( 'NONE',  ( 0.9999989154995179153, 0.001472752453019140562, 0.000000000000000000 ) ) ;
#2632 = EDGE_LOOP ( 'NONE', ( #4104, #4249, #7489, #4413 ) ) ;
#2633 = LINE ( 'NONE', #6448, #8352 ) ;
#2634 =( NAMED_UNIT ( * ) SI_UNIT ( $, .STERADIAN. ) SOLID_ANGLE_UNIT ( ) );
#2635 = ADVANCED_FACE ( 'NONE', ( #7852 ), #4687, .F. ) ;
#2636 = CARTESIAN_POINT ( 'NONE',  ( 2.783315124682264941, 16.40089290712125347, 0.000000000000000000 ) ) ;
#2637 = ORIENTED_EDGE ( 'NONE', *, *, #3766, .F. ) ;
#2638 = CARTESIAN_POINT ( 'NONE',  ( 3.705826265371870765, 16.42666531939461549, 1.694065894508600678E-18 ) ) ;
#2639 = ORIENTED_EDGE ( 'NONE', *, *, #2373, .T. ) ;
#2640 = ORIENTED_EDGE ( 'NONE', *, *, #5529, .T. ) ;
#2641 = DIRECTION ( 'NONE',  ( 1.000000000000000000, 0.000000000000000000, 0.000000000000000000 ) ) ;
#2642 = CARTESIAN_POINT ( 'NONE',  ( 3.729303873812690462, 16.84979184144457065, 0.000000000000000000 ) ) ;
#2643 = ORIENTED_EDGE ( 'NONE', *, *, #4250, .T. ) ;
#2644 =( LENGTH_UNIT ( ) NAMED_UNIT ( * ) SI_UNIT ( .MILLI., .METRE. ) );
#2645 = DIRECTION ( 'NONE',  ( 0.0009149127003156813523, -0.9999995814672877348, 0.000000000000000000 ) ) ;
#2646 = ORIENTED_EDGE ( 'NONE', *, *, #3348, .F. ) ;
#2647 = ADVANCED_FACE ( 'NONE', ( #6427 ), #6276, .F. ) ;
#2648 = CARTESIAN_POINT ( 'NONE',  ( 3.772199053144412062, 16.64008207582279297, 0.001000000000000000021 ) ) ;
#2649 = LINE ( 'NONE', #7269, #288 ) ;
#2650 = ORIENTED_EDGE ( 'NONE', *, *, #3522, .F. ) ;
#2651 = VECTOR ( 'NONE', #2521, 1000.000000000000000 ) ;
#2652 = ORIENTED_EDGE ( 'NONE', *, *, #8778, .T. ) ;
#2653 = ORIENTED_EDGE ( 'NONE', *, *, #3583, .T. ) ;
#2654 = DIRECTION ( 'NONE',  ( -3.942553354492743531E-16, -1.000000000000000000, 0.000000000000000000 ) ) ;
#2655 = DIRECTION ( 'NONE',  ( -0.000000000000000000, 0.000000000000000000, 1.000000000000000000 ) ) ;
#2656 = ORIENTED_EDGE ( 'NONE', *, *, #4745, .F. ) ;
#2657 = PLANE ( 'NONE',  #5905 ) ;
#2658 = VECTOR ( 'NONE', #325, 1000.000000000000000 ) ;
#2659 = ORIENTED_EDGE ( 'NONE', *, *, #3125, .T. ) ;
#2660 = UNCERTAINTY_MEASURE_WITH_UNIT (LENGTH_MEASURE( 1.000000000000000082E-05 ), #1436, 'distance_accuracy_value', 'NONE');
#2661 = STYLED_ITEM ( 'NONE', ( #5056 ), #8498 ) ;
#2662 = EDGE_CURVE ( 'NONE', #3735, #4244, #1059, .T. ) ;
#2663 = FACE_OUTER_BOUND ( 'NONE', #5931, .T. ) ;
#2664 = CARTESIAN_POINT ( 'NONE',  ( 2.212791587233198243, 16.73540469655996432, 0.000000000000000000 ) ) ;
#2665 = EDGE_CURVE ( 'NONE', #5648, #7157, #7389, .T. ) ;
#2666 = EDGE_CURVE ( 'NONE', #5787, #1984, #9583, .T. ) ;
#2667 = ORIENTED_EDGE ( 'NONE', *, *, #378, .F. ) ;
#2668 = AXIS2_PLACEMENT_3D ( 'NONE', #9174, #6725, #9896 ) ;
#2669 = EDGE_CURVE ( 'NONE', #2126, #7565, #9735, .T. ) ;
#2670 = ORIENTED_EDGE ( 'NONE', *, *, #9538, .F. ) ;
#2671 = ORIENTED_EDGE ( 'NONE', *, *, #1998, .T. ) ;
#2672 = CARTESIAN_POINT ( 'NONE',  ( 2.808028396725232412, 16.63054981374909858, 0.001000000000000000021 ) ) ;
#2673 = CARTESIAN_POINT ( 'NONE',  ( -1.224999999999999423, -0.2500000000000001110, 0.1830000000000000238 ) ) ;
#2674 = VECTOR ( 'NONE', #2353, 1000.000000000000000 ) ;
#2675 = CARTESIAN_POINT ( 'NONE',  ( 3.073343024443654592, 16.45614472247444837, 0.000000000000000000 ) ) ;
#2676 = FILL_AREA_STYLE ('',( #619 ) ) ;
#2677 = EDGE_CURVE ( 'NONE', #9511, #6432, #5757, .T. ) ;
#2678 = CARTESIAN_POINT ( 'NONE',  ( 1.224999999999999423, -0.6249999999999996669, -0.02000000000000000042 ) ) ;
#2679 =( NAMED_UNIT ( * ) SI_UNIT ( $, .STERADIAN. ) SOLID_ANGLE_UNIT ( ) );
#2680 = DIRECTION ( 'NONE',  ( -0.000000000000000000, -1.000000000000000000, -0.000000000000000000 ) ) ;
#2681 = VECTOR ( 'NONE', #7764, 1000.000000000000000 ) ;
#2682 = ORIENTED_EDGE ( 'NONE', *, *, #4888, .T. ) ;
#2683 = DIRECTION ( 'NONE',  ( -0.000000000000000000, 0.000000000000000000, 1.000000000000000000 ) ) ;
#2684 = VERTEX_POINT ( 'NONE', #3526 ) ;
#2685 = B_SPLINE_CURVE_WITH_KNOTS ( 'NONE', 3,
 ( #361, #1825, #9540, #4074 ),
 .UNSPECIFIED., .F., .F.,
 ( 4, 4 ),
 ( 0.7272727272727272929, 0.8181818181818182323 ),
 .UNSPECIFIED. ) ;
#2686 = DIRECTION ( 'NONE',  ( -1.000000000000000000, 0.000000000000000000, 0.000000000000000000 ) ) ;
#2687 = EDGE_CURVE ( 'NONE', #6409, #1418, #6625, .T. ) ;
#2688 = LINE ( 'NONE', #1884, #3977 ) ;
#2689 =( GEOMETRIC_REPRESENTATION_CONTEXT ( 3 ) GLOBAL_UNCERTAINTY_ASSIGNED_CONTEXT ( ( #2570 ) ) GLOBAL_UNIT_ASSIGNED_CONTEXT ( ( #1027, #8680, #7193 ) ) REPRESENTATION_CONTEXT ( 'NONE', 'WORKASPACE' ) );
#2690 = EDGE_CURVE ( 'NONE', #299, #5570, #4336, .T. ) ;
#2691 = ORIENTED_EDGE ( 'NONE', *, *, #2053, .T. ) ;
#2692 = CARTESIAN_POINT ( 'NONE',  ( -1.499999999999999778, 1.500000000000000000, 0.000000000000000000 ) ) ;
#2693 = DIRECTION ( 'NONE',  ( 1.000000000000000000, 0.000000000000000000, 0.000000000000000000 ) ) ;
#2694 = VECTOR ( 'NONE', #4845, 1000.000000000000000 ) ;
#2695 = CARTESIAN_POINT ( 'NONE',  ( 2.175015585681802310, 16.75376312722047345, 0.001000000000000000021 ) ) ;
#2696 = ORIENTED_EDGE ( 'NONE', *, *, #4539, .T. ) ;
#2697 = COLOUR_RGB ( '',0.8039215686274510109, 0.8039215686274510109, 0.8039215686274510109 ) ;
#2698 = CARTESIAN_POINT ( 'NONE',  ( 3.180845757830562004, 16.71263318160610822, 0.001000000000000000021 ) ) ;
#2699 = ORIENTED_EDGE ( 'NONE', *, *, #8067, .T. ) ;
#2700 = CARTESIAN_POINT ( 'NONE',  ( -1.169999999999999707, 1.269999999999999796, 0.7699999999999999067 ) ) ;
#2701 = VECTOR ( 'NONE', #3402, 1000.000000000000000 ) ;
#2702 = FACE_OUTER_BOUND ( 'NONE', #4402, .T. ) ;
#2703 = DIRECTION ( 'NONE',  ( -0.03294913285455995655, 0.9994570299138090252, 0.000000000000000000 ) ) ;
#2704 = ORIENTED_EDGE ( 'NONE', *, *, #3810, .T. ) ;
#2705 = DIRECTION ( 'NONE',  ( 0.000000000000000000, -0.000000000000000000, 1.000000000000000000 ) ) ;
#2706 = ORIENTED_EDGE ( 'NONE', *, *, #5870, .F. ) ;
#2707 = VECTOR ( 'NONE', #1485, 1000.000000000000114 ) ;
#2708 = CARTESIAN_POINT ( 'NONE',  ( 2.893112661901726668, 16.55252648344201205, 0.001000000000000000021 ) ) ;
#2709 = CARTESIAN_POINT ( 'NONE',  ( 3.533539454558040305, 16.51951661292751083, 1.694065894508600678E-18 ) ) ;
#2710 = CARTESIAN_POINT ( 'NONE',  ( 3.372197092791819006, 16.38800670098454404, 1.694065894508600678E-18 ) ) ;
#2711 = PRESENTATION_LAYER_ASSIGNMENT (  '', '', ( #7740 ) ) ;
#2712 = EDGE_CURVE ( 'NONE', #6121, #7073, #7665, .T. ) ;
#2713 = ORIENTED_EDGE ( 'NONE', *, *, #5641, .F. ) ;
#2714 = FACE_OUTER_BOUND ( 'NONE', #2870, .T. ) ;
#2715 = CARTESIAN_POINT ( 'NONE',  ( -0.6749999999999993783, 0.8699999999999998845, 0.01000000000000000021 ) ) ;
#2716 = ORIENTED_EDGE ( 'NONE', *, *, #6227, .T. ) ;
#2717 = LINE ( 'NONE', #3518, #571 ) ;
#2718 = CYLINDRICAL_SURFACE ( 'NONE', #9916, 0.1000000000000000472 ) ;
#2719 = VECTOR ( 'NONE', #376, 1000.000000000000000 ) ;
#2720 = ORIENTED_EDGE ( 'NONE', *, *, #9549, .T. ) ;
#2721 = FILL_AREA_STYLE ('',( #1056 ) ) ;
#2722 =( NAMED_UNIT ( * ) PLANE_ANGLE_UNIT ( ) SI_UNIT ( $, .RADIAN. ) );
#2723 = VECTOR ( 'NONE', #8756, 1000.000000000000000 ) ;
#2724 = DIRECTION ( 'NONE',  ( -0.9999853911163363307, 0.005405326438614985705, 0.000000000000000000 ) ) ;
#2725 = CYLINDRICAL_SURFACE ( 'NONE', #3513, 0.1250000000000001110 ) ;
#2726 = ORIENTED_EDGE ( 'NONE', *, *, #8748, .F. ) ;
#2727 = EDGE_CURVE ( 'NONE', #3705, #3044, #2999, .T. ) ;
#2728 = ORIENTED_EDGE ( 'NONE', *, *, #8504, .T. ) ;
#2729 = DIRECTION ( 'NONE',  ( -0.000000000000000000, 0.000000000000000000, -1.000000000000000000 ) ) ;
#2730 = EDGE_CURVE ( 'NONE', #6804, #8567, #2299, .T. ) ;
#2731 = DIRECTION ( 'NONE',  ( -0.000000000000000000, -0.000000000000000000, -1.000000000000000000 ) ) ;
#2732 = DIRECTION ( 'NONE',  ( 0.000000000000000000, 1.000000000000000000, 0.000000000000000000 ) ) ;
#2733 = CARTESIAN_POINT ( 'NONE',  ( -1.499999999999999556, 0.6250000000000000000, 0.000000000000000000 ) ) ;
#2734 = DIRECTION ( 'NONE',  ( 0.000000000000000000, 0.000000000000000000, -1.000000000000000000 ) ) ;
#2735 = EDGE_CURVE ( 'NONE', #4247, #2333, #7765, .T. ) ;
#2736 = DIRECTION ( 'NONE',  ( 3.942553354492743531E-16, 1.000000000000000000, 0.000000000000000000 ) ) ;
#2737 = ORIENTED_EDGE ( 'NONE', *, *, #4337, .F. ) ;
#2738 = PLANE ( 'NONE',  #2617 ) ;
#2739 = VERTEX_POINT ( 'NONE', #787 ) ;
#2740 = CLOSED_SHELL ( 'NONE', ( #8518, #9575, #1484, #9458, #512, #3801 ) ) ;
#2741 = LINE ( 'NONE', #2100, #7290 ) ;
#2742 = LINE ( 'NONE', #5825, #5442 ) ;
#2743 = VECTOR ( 'NONE', #8566, 1000.000000000000000 ) ;
#2744 = CARTESIAN_POINT ( 'NONE',  ( -1.224999999999999867, 0.1249999999999998890, -0.02000000000000000042 ) ) ;
#2745 = CARTESIAN_POINT ( 'NONE',  ( 3.730716060786571475, 16.79489307283483512, 0.000000000000000000 ) ) ;
#2746 = DIRECTION ( 'NONE',  ( 0.000000000000000000, 0.000000000000000000, 1.000000000000000000 ) ) ;
#2747 = ORIENTED_EDGE ( 'NONE', *, *, #6445, .T. ) ;
#2748 = DIRECTION ( 'NONE',  ( -0.000000000000000000, -0.000000000000000000, -1.000000000000000000 ) ) ;
#2749 = EDGE_LOOP ( 'NONE', ( #3691, #7820, #766, #4702 ) ) ;
#2750 = EDGE_CURVE ( 'NONE', #7827, #4781, #3142, .T. ) ;
#2751 = VERTEX_POINT ( 'NONE', #3849 ) ;
#2752 = FILL_AREA_STYLE_COLOUR ( '', #2386 ) ;
#2753 = CARTESIAN_POINT ( 'NONE',  ( -1.224999999999999423, 0.7499999999999998890, 0.1830000000000000238 ) ) ;
#2754 =( NAMED_UNIT ( * ) SI_UNIT ( $, .STERADIAN. ) SOLID_ANGLE_UNIT ( ) );
#2755 = VERTEX_POINT ( 'NONE', #734 ) ;
#2756 = DIRECTION ( 'NONE',  ( 0.9999934363175143615, -0.003623164623563692333, 0.000000000000000000 ) ) ;
#2757 = DIRECTION ( 'NONE',  ( -0.000000000000000000, -0.000000000000000000, -1.000000000000000000 ) ) ;
#2758 = ORIENTED_EDGE ( 'NONE', *, *, #3522, .T. ) ;
#2759 = DIRECTION ( 'NONE',  ( 0.000000000000000000, 0.000000000000000000, -1.000000000000000000 ) ) ;
#2760 = CARTESIAN_POINT ( 'NONE',  ( 3.151366354750738452, 16.78200686669816832, 0.001000000000000000021 ) ) ;
#2761 = CARTESIAN_POINT ( 'NONE',  ( 3.061162911793909647, 16.48685978915644057, 0.0009999999999999982861 ) ) ;
#2762 =( LENGTH_UNIT ( ) NAMED_UNIT ( * ) SI_UNIT ( .MILLI., .METRE. ) );
#2763 = ORIENTED_EDGE ( 'NONE', *, *, #4596, .T. ) ;
#2764 = EDGE_CURVE ( 'NONE', #5006, #4528, #8589, .T. ) ;
#2765 = CIRCLE ( 'NONE', #8448, 0.02999999999999997113 ) ;
#2766 = ORIENTED_EDGE ( 'NONE', *, *, #1686, .F. ) ;
#2767 = DIRECTION ( 'NONE',  ( -0.000000000000000000, -0.000000000000000000, -1.000000000000000000 ) ) ;
#2768 =( LENGTH_UNIT ( ) NAMED_UNIT ( * ) SI_UNIT ( .MILLI., .METRE. ) );
#2769 = ORIENTED_EDGE ( 'NONE', *, *, #5622, .F. ) ;
#2770 = SURFACE_STYLE_USAGE ( .BOTH. , #5900 ) ;
#2771 = ORIENTED_EDGE ( 'NONE', *, *, #1280, .T. ) ;
#2772 = CARTESIAN_POINT ( 'NONE',  ( 5.477489506485256676, 1.009011224877483848, 0.001000000000000000021 ) ) ;
#2773 = ADVANCED_FACE ( 'NONE', ( #7002 ), #2953, .T. ) ;
#2774 = VECTOR ( 'NONE', #4968, 1000.000000000000000 ) ;
#2775 = EDGE_LOOP ( 'NONE', ( #6992, #1312, #5101, #9169, #7990 ) ) ;
#2776 = ORIENTED_EDGE ( 'NONE', *, *, #3089, .F. ) ;
#2777 = CARTESIAN_POINT ( 'NONE',  ( 2.127456561341208641, -0.006037050401083082080, 0.000000000000000000 ) ) ;
#2778 = DIRECTION ( 'NONE',  ( -0.000000000000000000, -0.000000000000000000, 1.000000000000000000 ) ) ;
#2779 = LINE ( 'NONE', #8329, #5574 ) ;
#2780 = CARTESIAN_POINT ( 'NONE',  ( 1.224999999999999423, -0.7500000000000004441, 0.1830000000000000238 ) ) ;
#2781 = DIRECTION ( 'NONE',  ( -0.000000000000000000, -0.000000000000000000, -1.000000000000000000 ) ) ;
#2782 = ADVANCED_FACE ( 'NONE', ( #2255 ), #9147, .F. ) ;
#2783 = FACE_OUTER_BOUND ( 'NONE', #4576, .T. ) ;
#2784 = ADVANCED_FACE ( 'NONE', ( #4739 ), #7246, .T. ) ;
#2785 = VECTOR ( 'NONE', #5714, 1000.000000000000000 ) ;
#2786 = ADVANCED_FACE ( 'NONE', ( #979 ), #4134, .T. ) ;
#2787 = ORIENTED_EDGE ( 'NONE', *, *, #9376, .T. ) ;
#2788 = CARTESIAN_POINT ( 'NONE',  ( 2.997261451225656792, 16.63019676700563920, 0.001000000000000000021 ) ) ;
#2789 = ORIENTED_EDGE ( 'NONE', *, *, #4352, .F. ) ;
#2790 = CARTESIAN_POINT ( 'NONE',  ( 2.764250600534825075, 16.55270300681376838, 0.000000000000000000 ) ) ;
#2791 = CARTESIAN_POINT ( 'NONE',  ( 3.800619315993819747, 16.80283662456293214, 0.000000000000000000 ) ) ;
#2792 = ORIENTED_EDGE ( 'NONE', *, *, #8322, .F. ) ;
#2793 =( LENGTH_UNIT ( ) NAMED_UNIT ( * ) SI_UNIT ( .MILLI., .METRE. ) );
#2794 = LINE ( 'NONE', #5000, #7202 ) ;
#2795 = EDGE_CURVE ( 'NONE', #577, #8628, #8829, .T. ) ;
#2796 = EDGE_CURVE ( 'NONE', #5061, #3239, #316, .T. ) ;
#2797 = CARTESIAN_POINT ( 'NONE',  ( 3.737247425540783041, 16.73293336935568476, 0.001000000000000000021 ) ) ;
#2798 = ORIENTED_EDGE ( 'NONE', *, *, #9316, .T. ) ;
#2799 = B_SPLINE_CURVE_WITH_KNOTS ( 'NONE', 3,
 ( #2973, #9279, #9325, #1623 ),
 .UNSPECIFIED., .F., .F.,
 ( 4, 4 ),
 ( 0.4000000000000000222, 0.4666666666666666741 ),
 .UNSPECIFIED. ) ;
#2800 = ORIENTED_EDGE ( 'NONE', *, *, #9518, .T. ) ;
#2801 = CARTESIAN_POINT ( 'NONE',  ( 3.652516207107757928, 16.82066548510818649, 0.000000000000000000 ) ) ;
#2802 = DIRECTION ( 'NONE',  ( -0.000000000000000000, -0.000000000000000000, 1.000000000000000000 ) ) ;
#2803 = VERTEX_POINT ( 'NONE', #5613 ) ;
#2804 = LINE ( 'NONE', #5885, #5777 ) ;
#2805 = CARTESIAN_POINT ( 'NONE',  ( 2.693817775212373533, 16.42278180521647357, 0.001000000000000000021 ) ) ;
#2806 = EDGE_LOOP ( 'NONE', ( #5439, #3744, #3288, #1036 ) ) ;
#2807 =( NAMED_UNIT ( * ) PLANE_ANGLE_UNIT ( ) SI_UNIT ( $, .RADIAN. ) );
#2808 = CARTESIAN_POINT ( 'NONE',  ( 3.026740854305484785, 16.56594225969389100, 0.0009999999999999982861 ) ) ;
#2809 = EDGE_CURVE ( 'NONE', #1838, #6069, #3863, .T. ) ;
#2810 = CARTESIAN_POINT ( 'NONE',  ( 1.224999999999999201, 0.2499999999999995837, -0.02000000000000000042 ) ) ;
#2811 = B_SPLINE_CURVE_WITH_KNOTS ( 'NONE', 3,
 ( #8342, #7040, #118, #1396 ),
 .UNSPECIFIED., .F., .F.,
 ( 4, 4 ),
 ( 0.5000000000000000000, 0.5714285714285713969 ),
 .UNSPECIFIED. ) ;
#2812 = SURFACE_SIDE_STYLE ('',( #9827 ) ) ;
#2813 = VERTEX_POINT ( 'NONE', #8635 ) ;
#2814 = CARTESIAN_POINT ( 'NONE',  ( 2.693817775212373533, 16.42278180521647357, 0.001000000000000000021 ) ) ;
#2815 = EDGE_LOOP ( 'NONE', ( #1842, #4488, #8714, #7575 ) ) ;
#2816 = CARTESIAN_POINT ( 'NONE',  ( 3.252690770126899888, 16.57159100758945414, 0.001000000000000001756 ) ) ;
#2817 = VERTEX_POINT ( 'NONE', #123 ) ;
#2818 = CARTESIAN_POINT ( 'NONE',  ( 3.409090477484530091, 16.63054981374909858, 0.001000000000000000021 ) ) ;
#2819 = ADVANCED_FACE ( 'NONE', ( #3988 ), #6383, .T. ) ;
#2820 = FILL_AREA_STYLE ('',( #8969 ) ) ;
#2821 = FACE_OUTER_BOUND ( 'NONE', #3908, .T. ) ;
#2822 = SURFACE_SIDE_STYLE ('',( #610 ) ) ;
#2823 = ORIENTED_EDGE ( 'NONE', *, *, #2533, .T. ) ;
#2824 = ORIENTED_EDGE ( 'NONE', *, *, #3927, .T. ) ;
#2825 = AXIS2_PLACEMENT_3D ( 'NONE', #9881, #2908, #6004 ) ;
#2826 = VECTOR ( 'NONE', #1777, 1000.000000000000000 ) ;
#2827 = DIRECTION ( 'NONE',  ( 0.000000000000000000, 0.000000000000000000, -1.000000000000000000 ) ) ;
#2828 = CARTESIAN_POINT ( 'NONE',  ( 2.893112661901726668, 16.55252648344201205, 0.000000000000000000 ) ) ;
#2829 = CARTESIAN_POINT ( 'NONE',  ( 1.224999999999999201, 0.6249999999999985567, -0.02000000000000000042 ) ) ;
#2830 = DIRECTION ( 'NONE',  ( -0.000000000000000000, -0.000000000000000000, -1.000000000000000000 ) ) ;
#2831 = STYLED_ITEM ( 'NONE', ( #661 ), #9531 ) ;
#2832 = PRESENTATION_LAYER_ASSIGNMENT (  '', '', ( #9480 ) ) ;
#2833 = LINE ( 'NONE', #8172, #7222 ) ;
#2834 = ORIENTED_EDGE ( 'NONE', *, *, #134, .T. ) ;
#2835 = AXIS2_PLACEMENT_3D ( 'NONE', #8403, #9309, #1653 ) ;
#2836 = AXIS2_PLACEMENT_3D ( 'NONE', #9937, #2966, #7484 ) ;
#2837 = VERTEX_POINT ( 'NONE', #6639 ) ;
#2838 = DIRECTION ( 'NONE',  ( -0.000000000000000000, 0.000000000000000000, -1.000000000000000000 ) ) ;
#2839 = DIRECTION ( 'NONE',  ( -1.000000000000000000, 0.000000000000000000, 0.000000000000000000 ) ) ;
#2840 = ORIENTED_EDGE ( 'NONE', *, *, #868, .F. ) ;
#2841 = LINE ( 'NONE', #6597, #1062 ) ;
#2842 = FILL_AREA_STYLE ('',( #5160 ) ) ;
#2843 = VECTOR ( 'NONE', #5029, 1000.000000000000000 ) ;
#2844 = DIRECTION ( 'NONE',  ( -0.000000000000000000, -0.000000000000000000, -1.000000000000000000 ) ) ;
#2845 = B_SPLINE_CURVE_WITH_KNOTS ( 'NONE', 3,
 ( #9667, #386, #8796, #5789 ),
 .UNSPECIFIED., .F., .F.,
 ( 4, 4 ),
 ( 0.4545454545454544748, 0.5454545454545454142 ),
 .UNSPECIFIED. ) ;
#2846 = DIRECTION ( 'NONE',  ( -1.000000000000000000, 0.000000000000000000, 0.000000000000000000 ) ) ;
#2847 = ORIENTED_EDGE ( 'NONE', *, *, #3420, .F. ) ;
#2848 = EDGE_CURVE ( 'NONE', #7689, #2441, #2057, .T. ) ;
#2849 = DIRECTION ( 'NONE',  ( -1.000000000000000000, 0.000000000000000000, -0.000000000000000000 ) ) ;
#2850 = COLOUR_RGB ( '',0.8039215686274510109, 0.8039215686274510109, 0.8039215686274510109 ) ;
#2851 = VERTEX_POINT ( 'NONE', #8883 ) ;
#2852 = PRESENTATION_STYLE_ASSIGNMENT (( #2111 ) ) ;
#2853 = LINE ( 'NONE', #5950, #8105 ) ;
#2854 = EDGE_CURVE ( 'NONE', #1984, #2441, #2381, .T. ) ;
#2855 = ORIENTED_EDGE ( 'NONE', *, *, #7873, .F. ) ;
#2856 = CARTESIAN_POINT ( 'NONE',  ( 0.07136018008581830607, 16.43662814736523714, 0.001000000000000000021 ) ) ;
#2857 = DIRECTION ( 'NONE',  ( -0.000000000000000000, -0.000000000000000000, 1.000000000000000000 ) ) ;
#2858 = ADVANCED_FACE ( 'NONE', ( #1982 ), #6687, .T. ) ;
#2859 = CARTESIAN_POINT ( 'NONE',  ( -1.224999999999999423, 0.2499999999999998890, 0.000000000000000000 ) ) ;
#2860 = CARTESIAN_POINT ( 'NONE',  ( 0.000000000000000000, 0.000000000000000000, 0.000000000000000000 ) ) ;
#2861 = VERTEX_POINT ( 'NONE', #9853 ) ;
#2862 = PRODUCT_DEFINITION_SHAPE ( 'NONE', 'NONE',  #5264 ) ;
#2863 = CIRCLE ( 'NONE', #1730, 0.1250000000000001110 ) ;
#2864 = LINE ( 'NONE', #7536, #6729 ) ;
#2865 = CARTESIAN_POINT ( 'NONE',  ( -1.500000000000000000, 0.8750000000000000000, -0.02000000000000000042 ) ) ;
#2866 = PLANE ( 'NONE',  #5189 ) ;
#2867 = VERTEX_POINT ( 'NONE', #9794 ) ;
#2868 = FACE_OUTER_BOUND ( 'NONE', #3221, .T. ) ;
#2869 = PLANE ( 'NONE',  #5498 ) ;
#2870 = EDGE_LOOP ( 'NONE', ( #2991, #342, #6667, #72 ) ) ;
#2871 = SURFACE_STYLE_FILL_AREA ( #7593 ) ;
#2872 = VECTOR ( 'NONE', #6765, 1000.000000000000000 ) ;
#2873 = CARTESIAN_POINT ( 'NONE',  ( 3.826921298382410352, 16.73293336935568476, 0.001000000000000000021 ) ) ;
#2874 = MECHANICAL_DESIGN_GEOMETRIC_PRESENTATION_REPRESENTATION (  '', ( #5951 ), #1583 ) ;
#2875 = PRESENTATION_STYLE_ASSIGNMENT (( #3619 ) ) ;
#2876 = ORIENTED_EDGE ( 'NONE', *, *, #9063, .F. ) ;
#2877 = AXIS2_PLACEMENT_3D ( 'NONE', #9631, #2655, #4219 ) ;
#2878 = VECTOR ( 'NONE', #9724, 1000.000000000000000 ) ;
#2879 = EDGE_CURVE ( 'NONE', #4000, #435, #2833, .T. ) ;
#2880 = EDGE_LOOP ( 'NONE', ( #1379, #10029, #6362, #6730 ) ) ;
#2881 = ADVANCED_FACE ( 'NONE', ( #2783 ), #2887, .F. ) ;
#2882 = CARTESIAN_POINT ( 'NONE',  ( 1.470000000000000195, 1.500000000000000000, 0.7500000000000000000 ) ) ;
#2883 = CARTESIAN_POINT ( 'NONE',  ( 2.802909218944895198, 16.74599609886408302, 0.001000000000000000021 ) ) ;
#2884 = VECTOR ( 'NONE', #3132, 1000.000000000000114 ) ;
#2885 = DIRECTION ( 'NONE',  ( 1.000000000000000000, 0.000000000000000000, 0.000000000000000000 ) ) ;
#2886 = FACE_OUTER_BOUND ( 'NONE', #2815, .T. ) ;
#2887 = PLANE ( 'NONE',  #3490 ) ;
#2888 = ORIENTED_EDGE ( 'NONE', *, *, #3007, .T. ) ;
#2889 = AXIS2_PLACEMENT_3D ( 'NONE', #6317, #9521, #2561 ) ;
#2890 = CARTESIAN_POINT ( 'NONE',  ( 1.224999999999999201, 0.6249999999999985567, -0.02000000000000000042 ) ) ;
#2891 = ORIENTED_EDGE ( 'NONE', *, *, #8644, .T. ) ;
#2892 = SURFACE_STYLE_FILL_AREA ( #9801 ) ;
#2893 =( GEOMETRIC_REPRESENTATION_CONTEXT ( 3 ) GLOBAL_UNCERTAINTY_ASSIGNED_CONTEXT ( ( #156 ) ) GLOBAL_UNIT_ASSIGNED_CONTEXT ( ( #4433, #1926, #5865 ) ) REPRESENTATION_CONTEXT ( 'NONE', 'WORKASPACE' ) );
#2894 = ORIENTED_EDGE ( 'NONE', *, *, #3168, .T. ) ;
#2895 = CARTESIAN_POINT ( 'NONE',  ( -1.499999999999999556, -0.1250000000000000000, 0.1830000000000000238 ) ) ;
#2896 = SURFACE_SIDE_STYLE ('',( #8074 ) ) ;
#2897 = AXIS2_PLACEMENT_3D ( 'NONE', #8331, #5815, #3536 ) ;
#2898 = LINE ( 'NONE', #5937, #7737 ) ;
#2899 = ORIENTED_EDGE ( 'NONE', *, *, #3212, .T. ) ;
#2900 = ORIENTED_EDGE ( 'NONE', *, *, #9028, .F. ) ;
#2901 = VECTOR ( 'NONE', #6529, 1000.000000000000000 ) ;
#2902 = CARTESIAN_POINT ( 'NONE',  ( 3.418622739558246693, 16.54881949263557672, 0.000000000000000000 ) ) ;
#2903 = ORIENTED_EDGE ( 'NONE', *, *, #6501, .T. ) ;
#2904 = DIRECTION ( 'NONE',  ( -0.000000000000000000, -0.000000000000000000, -1.000000000000000000 ) ) ;
#2905 = CARTESIAN_POINT ( 'NONE',  ( -1.099999999999999867, -0.2500000000000001110, -0.02000000000000000042 ) ) ;
#2906 = DIRECTION ( 'NONE',  ( -0.000000000000000000, -0.000000000000000000, 1.000000000000000000 ) ) ;
#2907 = ORIENTED_EDGE ( 'NONE', *, *, #776, .T. ) ;
#2908 = DIRECTION ( 'NONE',  ( 0.000000000000000000, 0.000000000000000000, -1.000000000000000000 ) ) ;
#2909 = DIRECTION ( 'NONE',  ( -0.000000000000000000, -0.000000000000000000, -1.000000000000000000 ) ) ;
#2910 =( NAMED_UNIT ( * ) PLANE_ANGLE_UNIT ( ) SI_UNIT ( $, .RADIAN. ) );
#2911 = FILL_AREA_STYLE ('',( #3454 ) ) ;
#2912 = AXIS2_PLACEMENT_3D ( 'NONE', #8540, #7760, #9250 ) ;
#2913 = EDGE_CURVE ( 'NONE', #6570, #9972, #5202, .T. ) ;
#2914 = CARTESIAN_POINT ( 'NONE',  ( -1.500000000000000000, 0.6250000000000000000, 0.1830000001064036041 ) ) ;
#2915 = ADVANCED_FACE ( 'NONE', ( #8979 ), #3483, .F. ) ;
#2916 = LINE ( 'NONE', #3066, #354 ) ;
#2917 = CARTESIAN_POINT ( 'NONE',  ( -1.499999999999999556, 0.3750000000000000000, 0.1830000000000000238 ) ) ;
#2918 = VECTOR ( 'NONE', #9879, 1000.000000000000000 ) ;
#2919 = ORIENTED_EDGE ( 'NONE', *, *, #9376, .F. ) ;
#2920 = DIRECTION ( 'NONE',  ( -0.000000000000000000, -0.000000000000000000, -1.000000000000000000 ) ) ;
#2921 = ORIENTED_EDGE ( 'NONE', *, *, #5161, .F. ) ;
#2922 = DIRECTION ( 'NONE',  ( -0.000000000000000000, -0.000000000000000000, 1.000000000000000000 ) ) ;
#2923 = CARTESIAN_POINT ( 'NONE',  ( 3.791263577291842601, 16.80901494257366124, 0.001000000000000000021 ) ) ;
#2924 = B_SPLINE_CURVE_WITH_KNOTS ( 'NONE', 3,
 ( #1941, #424, #4659, #5364 ),
 .UNSPECIFIED., .F., .F.,
 ( 4, 4 ),
 ( 0.8571428571428570953, 1.000000000000000000 ),
 .UNSPECIFIED. ) ;
#2925 =( NAMED_UNIT ( * ) SI_UNIT ( $, .STERADIAN. ) SOLID_ANGLE_UNIT ( ) );
#2926 = EDGE_LOOP ( 'NONE', ( #1196, #4658, #3868, #1099 ) ) ;
#2927 = VECTOR ( 'NONE', #2588, 1000.000000000000000 ) ;
#2928 = B_SPLINE_CURVE_WITH_KNOTS ( 'NONE', 3,
 ( #3091, #6185, #5316, #10019 ),
 .UNSPECIFIED., .F., .F.,
 ( 4, 4 ),
 ( 0.5714285714285713969, 0.7142857142857143016 ),
 .UNSPECIFIED. ) ;
#2929 = ORIENTED_EDGE ( 'NONE', *, *, #4734, .F. ) ;
#2930 = DIRECTION ( 'NONE',  ( -1.000000000000000000, 0.000000000000000000, 0.000000000000000000 ) ) ;
#2931 = DIRECTION ( 'NONE',  ( -0.000000000000000000, 0.000000000000000000, -1.000000000000000000 ) ) ;
#2932 = UNCERTAINTY_MEASURE_WITH_UNIT (LENGTH_MEASURE( 1.000000000000000082E-05 ), #1748, 'distance_accuracy_value', 'NONE');
#2933 = SURFACE_STYLE_USAGE ( .BOTH. , #2139 ) ;
#2934 =( NAMED_UNIT ( * ) PLANE_ANGLE_UNIT ( ) SI_UNIT ( $, .RADIAN. ) );
#2935 = VECTOR ( 'NONE', #482, 1000.000000000000000 ) ;
#2936 = DIRECTION ( 'NONE',  ( 1.000000000000000000, 0.000000000000000000, 0.000000000000000000 ) ) ;
#2937 = CARTESIAN_POINT ( 'NONE',  ( 3.653222300594695771, 16.58518330721311784, 0.001000000000000000021 ) ) ;
#2938 = EDGE_CURVE ( 'NONE', #8029, #4420, #516, .T. ) ;
#2939 = DIRECTION ( 'NONE',  ( -0.9999974173653760623, -0.002272721403465680686, 0.000000000000000000 ) ) ;
#2940 = ORIENTED_EDGE ( 'NONE', *, *, #250, .T. ) ;
#2941 = VERTEX_POINT ( 'NONE', #4393 ) ;
#2942 = PRESENTATION_LAYER_ASSIGNMENT (  '', '', ( #6018 ) ) ;
#2943 = DIRECTION ( 'NONE',  ( -0.9998972422383122227, -0.01433544433277646191, 0.000000000000000000 ) ) ;
#2944 = DIRECTION ( 'NONE',  ( 0.000000000000000000, -1.000000000000000000, 0.000000000000000000 ) ) ;
#2945 = EDGE_LOOP ( 'NONE', ( #2558, #4382, #6421, #9190 ) ) ;
#2946 = CARTESIAN_POINT ( 'NONE',  ( 3.719595088367241509, 16.51580962212106840, 0.000000000000000000 ) ) ;
#2947 = DIRECTION ( 'NONE',  ( -0.000000000000000000, -0.000000000000000000, 1.000000000000000000 ) ) ;
#2948 = PRODUCT_DEFINITION_SHAPE ( 'NONE', 'NONE',  #1688 ) ;
#2949 = ORIENTED_EDGE ( 'NONE', *, *, #6320, .F. ) ;
#2950 = CARTESIAN_POINT ( 'NONE',  ( 3.615269775671568375, 16.72569591111453136, 0.001000000000000000021 ) ) ;
#2951 = CARTESIAN_POINT ( 'NONE',  ( 3.104234614497361822, 16.63566899152944600, 0.000000000000000000 ) ) ;
#2952 = ADVANCED_FACE ( 'NONE', ( #3426 ), #3582, .T. ) ;
#2953 = PLANE ( 'NONE',  #9192 ) ;
#2954 = LINE ( 'NONE', #3000, #9220 ) ;
#2955 = ORIENTED_EDGE ( 'NONE', *, *, #222, .F. ) ;
#2956 = ORIENTED_EDGE ( 'NONE', *, *, #8230, .F. ) ;
#2957 = CARTESIAN_POINT ( 'NONE',  ( -1.224999999999999867, 0.1249999999999998890, -0.02000000000000000042 ) ) ;
#2958 = EDGE_LOOP ( 'NONE', ( #4589, #3550, #9668, #1361 ) ) ;
#2959 = DIRECTION ( 'NONE',  ( -0.000000000000000000, -0.000000000000000000, -1.000000000000000000 ) ) ;
#2960 = DIRECTION ( 'NONE',  ( 0.000000000000000000, 0.000000000000000000, -1.000000000000000000 ) ) ;
#2961 = DIRECTION ( 'NONE',  ( -0.000000000000000000, -0.000000000000000000, -1.000000000000000000 ) ) ;
#2962 = DIRECTION ( 'NONE',  ( 0.000000000000000000, -0.000000000000000000, 1.000000000000000000 ) ) ;
#2963 = FACE_OUTER_BOUND ( 'NONE', #7957, .T. ) ;
#2964 = CARTESIAN_POINT ( 'NONE',  ( 3.526125472945151440, 16.66179445054629582, 0.000000000000000000 ) ) ;
#2965 = VERTEX_POINT ( 'NONE', #6735 ) ;
#2966 = DIRECTION ( 'NONE',  ( -0.000000000000000000, 0.000000000000000000, 1.000000000000000000 ) ) ;
#2967 = CARTESIAN_POINT ( 'NONE',  ( 3.181198804574033812, 16.70027654558460384, 0.000000000000000000 ) ) ;
#2968 = CARTESIAN_POINT ( 'NONE',  ( 1.470000000000000195, -1.500000000000000000, 0.000000000000000000 ) ) ;
#2969 = ORIENTED_EDGE ( 'NONE', *, *, #7767, .F. ) ;
#2970 = EDGE_CURVE ( 'NONE', #5462, #9198, #5981, .T. ) ;
#2971 = VERTEX_POINT ( 'NONE', #4649 ) ;
#2972 = CARTESIAN_POINT ( 'NONE',  ( 3.435039413129651997, 16.43778629181395701, 0.001000000000000000021 ) ) ;
#2973 = CARTESIAN_POINT ( 'NONE',  ( 3.789498343574488892, 16.70363048964761177, 0.000000000000000000 ) ) ;
#2974 = DIRECTION ( 'NONE',  ( -1.000000000000000000, 0.000000000000000000, 0.000000000000000000 ) ) ;
#2975 = ORIENTED_EDGE ( 'NONE', *, *, #935, .T. ) ;
#2976 = ORIENTED_EDGE ( 'NONE', *, *, #6892, .T. ) ;
#2977 = ADVANCED_FACE ( 'NONE', ( #4548 ), #5307, .F. ) ;
#2978 = CARTESIAN_POINT ( 'NONE',  ( 3.484289433843847927, 16.52092879990137675, 0.001000000000000000021 ) ) ;
#2979 = LINE ( 'NONE', #7649, #6922 ) ;
#2980 = ADVANCED_FACE ( 'NONE', ( #9291 ), #3039, .F. ) ;
#2981 = CARTESIAN_POINT ( 'NONE',  ( 3.437157693590472185, 16.45067249795063802, 0.000000000000000000 ) ) ;
#2982 = DIRECTION ( 'NONE',  ( 1.000000000000000000, 0.000000000000000000, 0.000000000000000000 ) ) ;
#2983 = CARTESIAN_POINT ( 'NONE',  ( 0.6749999999999998224, -0.8700000000000001066, 0.01000000000000000021 ) ) ;
#2984 = ORIENTED_EDGE ( 'NONE', *, *, #7031, .F. ) ;
#2985 = ADVANCED_FACE ( 'NONE', ( #5357 ), #1377, .F. ) ;
#2986 = PRESENTATION_LAYER_ASSIGNMENT (  '', '', ( #565 ) ) ;
#2987 = ORIENTED_EDGE ( 'NONE', *, *, #1736, .T. ) ;
#2988 = VECTOR ( 'NONE', #6808, 1000.000000000000000 ) ;
#2989 =( LENGTH_UNIT ( ) NAMED_UNIT ( * ) SI_UNIT ( .MILLI., .METRE. ) );
#2990 = CARTESIAN_POINT ( 'NONE',  ( 3.673345964972550171, 16.49903990180617797, 0.000000000000000000 ) ) ;
#2991 = ORIENTED_EDGE ( 'NONE', *, *, #7450, .T. ) ;
#2992 = DIRECTION ( 'NONE',  ( -0.000000000000000000, 0.000000000000000000, -1.000000000000000000 ) ) ;
#2993 = CARTESIAN_POINT ( 'NONE',  ( 3.110412932508104689, 16.66444230112228198, 0.000000000000000000 ) ) ;
#2994 =( GEOMETRIC_REPRESENTATION_CONTEXT ( 3 ) GLOBAL_UNCERTAINTY_ASSIGNED_CONTEXT ( ( #3723 ) ) GLOBAL_UNIT_ASSIGNED_CONTEXT ( ( #4632, #6314, #1523 ) ) REPRESENTATION_CONTEXT ( 'NONE', 'WORKASPACE' ) );
#2995 = AXIS2_PLACEMENT_3D ( 'NONE', #9430, #7901, #964 ) ;
#2996 = CARTESIAN_POINT ( 'NONE',  ( 1.499999999999999112, 0.3749999999999996669, -0.02000000000000000042 ) ) ;
#2997 = CARTESIAN_POINT ( 'NONE',  ( 3.563724951124809692, 16.55640999762019661, 0.001000000000000001756 ) ) ;
#2998 = LINE ( 'NONE', #3740, #1724 ) ;
#2999 = LINE ( 'NONE', #7615, #3315 ) ;
#3000 = CARTESIAN_POINT ( 'NONE',  ( 3.061162911793909647, 16.48685978915644057, 0.0009999999999999982861 ) ) ;
#3001 = ORIENTED_EDGE ( 'NONE', *, *, #4060, .F. ) ;
#3002 = VECTOR ( 'NONE', #6874, 1000.000000000000000 ) ;
#3003 = PRESENTATION_LAYER_ASSIGNMENT (  '', '', ( #4756 ) ) ;
#3004 = EDGE_CURVE ( 'NONE', #9209, #9870, #6938, .T. ) ;
#3005 = CARTESIAN_POINT ( 'NONE',  ( 3.535132662540945159, -0.04259195978924776999, 0.000000000000000000 ) ) ;
#3006 = CARTESIAN_POINT ( 'NONE',  ( -1.499999999999999778, -0.1250000000000000000, -0.02000000000000000042 ) ) ;
#3007 = EDGE_CURVE ( 'NONE', #8541, #4292, #3817, .T. ) ;
#3008 = ORIENTED_EDGE ( 'NONE', *, *, #5545, .F. ) ;
#3009 = CARTESIAN_POINT ( 'NONE',  ( 0.000000000000000000, 16.70027654558460384, 0.001000000000000000021 ) ) ;
#3010 = DIRECTION ( 'NONE',  ( -1.000000000000000000, 0.000000000000000000, 0.000000000000000000 ) ) ;
#3011 = LINE ( 'NONE', #1691, #8927 ) ;
#3012 = CARTESIAN_POINT ( 'NONE',  ( 3.157897719504948242, 16.77318069811136425, 0.001000000000000000021 ) ) ;
#3013 = CARTESIAN_POINT ( 'NONE',  ( 3.372197092791819006, 16.38800670098454404, 0.001000000000000001756 ) ) ;
#3014 = PLANE ( 'NONE',  #9849 ) ;
#3015 = DIRECTION ( 'NONE',  ( -0.000000000000000000, 0.000000000000000000, 1.000000000000000000 ) ) ;
#3016 = CARTESIAN_POINT ( 'NONE',  ( 3.537599492107962096, 16.51157306119940671, 0.001000000000000000021 ) ) ;
#3017 = VECTOR ( 'NONE', #9335, 1000.000000000000000 ) ;
#3018 = CARTESIAN_POINT ( 'NONE',  ( 3.157897719504948242, 16.77318069811136425, 0.000000000000000000 ) ) ;
#3019 =( LENGTH_UNIT ( ) NAMED_UNIT ( * ) SI_UNIT ( .MILLI., .METRE. ) );
#3020 = ORIENTED_EDGE ( 'NONE', *, *, #7873, .T. ) ;
#3021 = CARTESIAN_POINT ( 'NONE',  ( -1.499999999999999778, -0.1250000000000000000, -0.02000000000000000042 ) ) ;
#3022 = CARTESIAN_POINT ( 'NONE',  ( 3.790734007176634890, 16.76311886592244704, 0.001000000000000000021 ) ) ;
#3023 = ORIENTED_EDGE ( 'NONE', *, *, #7569, .F. ) ;
#3024 =( NAMED_UNIT ( * ) PLANE_ANGLE_UNIT ( ) SI_UNIT ( $, .RADIAN. ) );
#3025 = AXIS2_PLACEMENT_3D ( 'NONE', #2342, #1496, #4608 ) ;
#3026 = FACE_OUTER_BOUND ( 'NONE', #6467, .T. ) ;
#3027 = SURFACE_STYLE_USAGE ( .BOTH. , #2229 ) ;
#3028 = ADVANCED_FACE ( 'NONE', ( #9908 ), #7753, .F. ) ;
#3029 = AXIS2_PLACEMENT_3D ( 'NONE', #2442, #4564, #7005 ) ;
#3030 = VERTEX_POINT ( 'NONE', #6031 ) ;
#3031 = B_SPLINE_SURFACE_WITH_KNOTS ( 'NONE', 3, 1, ( 
 ( #2496, #3332 ),
 ( #4841, #7107 ),
 ( #8640, #1887 ),
 ( #5519, #4891 ) ),
 .UNSPECIFIED., .F., .F., .F.,
 ( 4, 4 ),
 ( 2, 2 ),
 ( 0.3636363636363635909, 0.4545454545454544748 ),
 ( 0.000000000000000000, 1.000000000000000000 ),
 .UNSPECIFIED. ) ;
#3032 = ORIENTED_EDGE ( 'NONE', *, *, #7562, .T. ) ;
#3033 = FACE_OUTER_BOUND ( 'NONE', #4376, .T. ) ;
#3034 = VECTOR ( 'NONE', #4941, 1000.000000000000114 ) ;
#3035 = DIRECTION ( 'NONE',  ( -0.000000000000000000, -0.000000000000000000, 1.000000000000000000 ) ) ;
#3036 = UNCERTAINTY_MEASURE_WITH_UNIT (LENGTH_MEASURE( 1.000000000000000082E-05 ), #242, 'distance_accuracy_value', 'NONE');
#3037 = DIRECTION ( 'NONE',  ( -3.942553354492742545E-16, -1.000000000000000000, 0.000000000000000000 ) ) ;
#3038 = DIRECTION ( 'NONE',  ( -0.9999922500745950238, 0.003936977361965895116, 0.000000000000000000 ) ) ;
#3039 = CYLINDRICAL_SURFACE ( 'NONE', #4633, 0.1250000000000005551 ) ;
#3040 = CARTESIAN_POINT ( 'NONE',  ( 0.06976920970682917722, 16.46553349368654295, 0.001000000000000000021 ) ) ;
#3041 = ORIENTED_EDGE ( 'NONE', *, *, #32, .T. ) ;
#3042 = ADVANCED_FACE ( 'NONE', ( #7700 ), #8533, .F. ) ;
#3043 = COLOUR_RGB ( '',0.8039215686274510109, 0.8039215686274510109, 0.8039215686274510109 ) ;
#3044 = VERTEX_POINT ( 'NONE', #8375 ) ;
#3045 = VECTOR ( 'NONE', #5448, 1000.000000000000000 ) ;
#3046 = PLANE ( 'NONE',  #3741 ) ;
#3047 = ORIENTED_EDGE ( 'NONE', *, *, #3864, .F. ) ;
#3048 = CARTESIAN_POINT ( 'NONE',  ( -0.000000000000000000, 16.63054981374909858, 0.000000000000000000 ) ) ;
#3049 = CARTESIAN_POINT ( 'NONE',  ( 3.730716060786571475, 16.62754891642958910, 0.000000000000000000 ) ) ;
#3050 = CARTESIAN_POINT ( 'NONE',  ( 0.06628453444613494061, 16.83627175159552891, 0.001000000000000000021 ) ) ;
#3051 = MECHANICAL_DESIGN_GEOMETRIC_PRESENTATION_REPRESENTATION (  '', ( #5968 ), #8722 ) ;
#3052 = DIRECTION ( 'NONE',  ( -1.000000000000000000, 0.000000000000000000, 0.000000000000000000 ) ) ;
#3053 = ORIENTED_EDGE ( 'NONE', *, *, #3451, .F. ) ;
#3054 = CARTESIAN_POINT ( 'NONE',  ( 3.789498343574488892, 16.67079714250480649, 0.001000000000000000021 ) ) ;
#3055 = ORIENTED_EDGE ( 'NONE', *, *, #2444, .T. ) ;
#3056 = CARTESIAN_POINT ( 'NONE',  ( 3.537246445364493397, 16.47556229336537825, 0.001000000000000000021 ) ) ;
#3057 = CARTESIAN_POINT ( 'NONE',  ( 1.224999999999999423, -0.7500000000000004441, 0.1830000000000000238 ) ) ;
#3058 = DIRECTION ( 'NONE',  ( -0.000000000000000000, -0.000000000000000000, -1.000000000000000000 ) ) ;
#3059 = LINE ( 'NONE', #9265, #5561 ) ;
#3060 = FACE_OUTER_BOUND ( 'NONE', #8865, .T. ) ;
#3061 = EDGE_CURVE ( 'NONE', #5420, #7364, #6222, .T. ) ;
#3062 = EDGE_CURVE ( 'NONE', #1568, #6797, #2387, .T. ) ;
#3063 = DIRECTION ( 'NONE',  ( 0.001826480971651787575, -0.9999983319822389749, 0.000000000000000000 ) ) ;
#3064 = ORIENTED_EDGE ( 'NONE', *, *, #4332, .T. ) ;
#3065 = CARTESIAN_POINT ( 'NONE',  ( 3.725067312891037208, 16.58677201755869746, 0.001000000000000000021 ) ) ;
#3066 = CARTESIAN_POINT ( 'NONE',  ( 0.000000000000000000, 16.53046106197511733, 0.001000000000000000021 ) ) ;
#3067 = CARTESIAN_POINT ( 'NONE',  ( 3.100930588201689986, 0.01649431163981041060, 0.001000000000000000021 ) ) ;
#3068 = ORIENTED_EDGE ( 'NONE', *, *, #6906, .F. ) ;
#3069 = DIRECTION ( 'NONE',  ( -0.000000000000000000, -0.000000000000000000, -1.000000000000000000 ) ) ;
#3070 = ORIENTED_EDGE ( 'NONE', *, *, #5545, .T. ) ;
#3071 = COLOUR_RGB ( '',0.8039215686274510109, 0.8039215686274510109, 0.8039215686274510109 ) ;
#3072 = AXIS2_PLACEMENT_3D ( 'NONE', #1492, #10016, #9347 ) ;
#3073 = EDGE_CURVE ( 'NONE', #7969, #1416, #7558, .T. ) ;
#3074 = ORIENTED_EDGE ( 'NONE', *, *, #7091, .T. ) ;
#3075 = ORIENTED_EDGE ( 'NONE', *, *, #6843, .T. ) ;
#3076 = CYLINDRICAL_SURFACE ( 'NONE', #1380, 0.1000000000000000472 ) ;
#3077 =( NAMED_UNIT ( * ) SI_UNIT ( $, .STERADIAN. ) SOLID_ANGLE_UNIT ( ) );
#3078 = ADVANCED_FACE ( 'NONE', ( #1437 ), #4495, .F. ) ;
#3079 = FACE_OUTER_BOUND ( 'NONE', #4182, .T. ) ;
#3080 = CARTESIAN_POINT ( 'NONE',  ( 0.000000000000000000, 0.000000000000000000, 0.001000000000000000021 ) ) ;
#3081 = DIRECTION ( 'NONE',  ( 0.000000000000000000, 0.000000000000000000, -1.000000000000000000 ) ) ;
#3082 = CARTESIAN_POINT ( 'NONE',  ( 1.499999999999999556, -0.1250000000000003331, 0.000000000000000000 ) ) ;
#3083 = AXIS2_PLACEMENT_3D ( 'NONE', #5505, #8632, #4733 ) ;
#3084 = ORIENTED_EDGE ( 'NONE', *, *, #366, .T. ) ;
#3085 = CARTESIAN_POINT ( 'NONE',  ( 0.3453327476816830388, -0.03541874335152404157, 0.000000000000000000 ) ) ;
#3086 = VECTOR ( 'NONE', #2767, 1000.000000000000000 ) ;
#3087 = LINE ( 'NONE', #6183, #9413 ) ;
#3088 = ORIENTED_EDGE ( 'NONE', *, *, #1736, .F. ) ;
#3089 = EDGE_CURVE ( 'NONE', #7448, #1921, #278, .T. ) ;
#3090 = EDGE_CURVE ( 'NONE', #9569, #2578, #9189, .T. ) ;
#3091 = CARTESIAN_POINT ( 'NONE',  ( 2.462748681610632318, 16.59118510185208351, 0.000000000000000000 ) ) ;
#3092 = FACE_OUTER_BOUND ( 'NONE', #9977, .T. ) ;
#3093 = ADVANCED_FACE ( 'NONE', ( #872 ), #9847, .F. ) ;
#3094 = ADVANCED_FACE ( 'NONE', ( #2543 ), #9496, .F. ) ;
#3095 = SURFACE_STYLE_USAGE ( .BOTH. , #9968 ) ;
#3096 = MECHANICAL_DESIGN_GEOMETRIC_PRESENTATION_REPRESENTATION (  '', ( #526 ), #359 ) ;
#3097 = DIRECTION ( 'NONE',  ( 0.000000000000000000, 1.000000000000000000, 0.000000000000000000 ) ) ;
#3098 = VERTEX_POINT ( 'NONE', #4083 ) ;
#3099 = ORIENTED_EDGE ( 'NONE', *, *, #1473, .F. ) ;
#3100 = DIRECTION ( 'NONE',  ( 1.000000000000000000, 0.000000000000000000, 0.000000000000000000 ) ) ;
#3101 = CARTESIAN_POINT ( 'NONE',  ( -1.269999999999999574, 1.269999999999999796, 0.7800000000000000266 ) ) ;
#3102 = ORIENTED_EDGE ( 'NONE', *, *, #1246, .T. ) ;
#3103 = EDGE_CURVE ( 'NONE', #4758, #1030, #8735, .T. ) ;
#3104 = FACE_OUTER_BOUND ( 'NONE', #9781, .T. ) ;
#3105 = LINE ( 'NONE', #1554, #9689 ) ;
#3106 = DIRECTION ( 'NONE',  ( -0.000000000000000000, -0.000000000000000000, -1.000000000000000000 ) ) ;
#3107 = AXIS2_PLACEMENT_3D ( 'NONE', #902, #9460, #3287 ) ;
#3108 = SURFACE_SIDE_STYLE ('',( #9361 ) ) ;
#3109 = DIRECTION ( 'NONE',  ( 0.000000000000000000, -0.000000000000000000, 1.000000000000000000 ) ) ;
#3110 = CARTESIAN_POINT ( 'NONE',  ( 0.06483382559257365452, 16.59745935003211770, 0.001000000000000000021 ) ) ;
#3111 = B_SPLINE_SURFACE_WITH_KNOTS ( 'NONE', 3, 1, ( 
 ( #944, #7205 ),
 ( #5676, #8739 ),
 ( #276, #2638 ),
 ( #992, #6453 ) ),
 .UNSPECIFIED., .F., .F., .F.,
 ( 4, 4 ),
 ( 2, 2 ),
 ( 0.7272727272727272929, 0.8181818181818182323 ),
 ( 0.000000000000000000, 1.000000000000000000 ),
 .UNSPECIFIED. ) ;
#3112 = MECHANICAL_DESIGN_GEOMETRIC_PRESENTATION_REPRESENTATION (  '', ( #6994 ), #364 ) ;
#3113 = CARTESIAN_POINT ( 'NONE',  ( 3.110765979251580493, 16.66991452564612430, 0.001000000000000000021 ) ) ;
#3114 = DIRECTION ( 'NONE',  ( 0.000000000000000000, 0.000000000000000000, 1.000000000000000000 ) ) ;
#3115 = DIRECTION ( 'NONE',  ( 1.000000000000000000, 0.000000000000000000, 0.000000000000000000 ) ) ;
#3116 = ORIENTED_EDGE ( 'NONE', *, *, #7008, .F. ) ;
#3117 = DIRECTION ( 'NONE',  ( 0.000000000000000000, -0.000000000000000000, 1.000000000000000000 ) ) ;
#3118 = EDGE_CURVE ( 'NONE', #8429, #9990, #7972, .T. ) ;
#3119 = ORIENTED_EDGE ( 'NONE', *, *, #5694, .F. ) ;
#3120 = DIRECTION ( 'NONE',  ( 0.000000000000000000, 0.000000000000000000, -1.000000000000000000 ) ) ;
#3121 = CARTESIAN_POINT ( 'NONE',  ( 2.775548096325903824, 16.70027654558460384, 0.001000000000000000021 ) ) ;
#3122 = EDGE_LOOP ( 'NONE', ( #8314, #6626, #7986, #6230 ) ) ;
#3123 = ORIENTED_EDGE ( 'NONE', *, *, #1763, .T. ) ;
#3124 = DIRECTION ( 'NONE',  ( -0.000000000000000000, -0.000000000000000000, 1.000000000000000000 ) ) ;
#3125 = EDGE_CURVE ( 'NONE', #3304, #8099, #9406, .T. ) ;
#3126 = UNCERTAINTY_MEASURE_WITH_UNIT (LENGTH_MEASURE( 1.000000000000000082E-05 ), #5025, 'distance_accuracy_value', 'NONE');
#3127 = EDGE_CURVE ( 'NONE', #7534, #5309, #7370, .T. ) ;
#3128 = SURFACE_STYLE_USAGE ( .BOTH. , #8665 ) ;
#3129 =( LENGTH_UNIT ( ) NAMED_UNIT ( * ) SI_UNIT ( .MILLI., .METRE. ) );
#3130 = DIRECTION ( 'NONE',  ( -1.000000000000000000, 0.000000000000000000, -0.000000000000000000 ) ) ;
#3131 = DIRECTION ( 'NONE',  ( -0.007066961333913558338, -0.9999750287169699714, 0.000000000000000000 ) ) ;
#3132 = DIRECTION ( 'NONE',  ( -0.9999719463614428205, -0.007490426563787701969, 0.000000000000000000 ) ) ;
#3133 = ORIENTED_EDGE ( 'NONE', *, *, #5434, .T. ) ;
#3134 = ORIENTED_EDGE ( 'NONE', *, *, #4499, .T. ) ;
#3135 = LINE ( 'NONE', #3085, #2316 ) ;
#3136 = DIRECTION ( 'NONE',  ( -1.000000000000000000, 3.942553354492742545E-16, 0.000000000000000000 ) ) ;
#3137 = ORIENTED_EDGE ( 'NONE', *, *, #1171, .T. ) ;
#3138 = VECTOR ( 'NONE', #5610, 1000.000000000000000 ) ;
#3139 = ORIENTED_EDGE ( 'NONE', *, *, #947, .F. ) ;
#3140 = CARTESIAN_POINT ( 'NONE',  ( 2.472280943684348919, 16.59595123288893959, 0.001000000000000000021 ) ) ;
#3141 = VECTOR ( 'NONE', #8370, 1000.000000000000000 ) ;
#3142 = LINE ( 'NONE', #837, #7711 ) ;
#3143 = CARTESIAN_POINT ( 'NONE',  ( 2.780843797477962731, 16.57529799839590368, 0.001000000000000000021 ) ) ;
#3144 = ORIENTED_EDGE ( 'NONE', *, *, #9130, .T. ) ;
#3145 = EDGE_CURVE ( 'NONE', #7519, #9590, #5565, .T. ) ;
#3146 = ORIENTED_EDGE ( 'NONE', *, *, #1618, .T. ) ;
#3147 = VECTOR ( 'NONE', #7255, 1000.000000000000000 ) ;
#3148 = PRESENTATION_LAYER_ASSIGNMENT (  '', '', ( #3623 ) ) ;
#3149 = ORIENTED_EDGE ( 'NONE', *, *, #5644, .F. ) ;
#3150 = CARTESIAN_POINT ( 'NONE',  ( 3.793558381124408019, 16.45155511480933441, 0.001000000000000001756 ) ) ;
#3151 = CARTESIAN_POINT ( 'NONE',  ( 1.499999999999999556, -0.6250000000000003331, -0.02000000000000000042 ) ) ;
#3152 = DIRECTION ( 'NONE',  ( 1.000000000000000000, 0.000000000000000000, -0.000000000000000000 ) ) ;
#3153 = FACE_OUTER_BOUND ( 'NONE', #2632, .T. ) ;
#3154 = CIRCLE ( 'NONE', #8831, 0.1250000000000005551 ) ;
#3155 = CARTESIAN_POINT ( 'NONE',  ( -1.499999999999999556, 0.6250000000000000000, 0.1830000000000000238 ) ) ;
#3156 = PRESENTATION_LAYER_ASSIGNMENT (  '', '', ( #6233 ) ) ;
#3157 = EDGE_CURVE ( 'NONE', #3030, #9101, #6247, .T. ) ;
#3158 = DIRECTION ( 'NONE',  ( -3.942553354492742545E-16, -1.000000000000000000, 0.000000000000000000 ) ) ;
#3159 = EDGE_CURVE ( 'NONE', #6869, #5040, #9037, .T. ) ;
#3160 = CARTESIAN_POINT ( 'NONE',  ( 3.567516057160415865, -0.01928387057977457020, 0.000000000000000000 ) ) ;
#3161 = PLANE ( 'NONE',  #3107 ) ;
#3162 = ADVANCED_FACE ( 'NONE', ( #7824 ), #5362, .F. ) ;
#3163 = VECTOR ( 'NONE', #4803, 1000.000000000000000 ) ;
#3164 = ORIENTED_EDGE ( 'NONE', *, *, #6390, .T. ) ;
#3165 = DIRECTION ( 'NONE',  ( -0.000000000000000000, -0.000000000000000000, -1.000000000000000000 ) ) ;
#3166 = ORIENTED_EDGE ( 'NONE', *, *, #8328, .F. ) ;
#3167 =( GEOMETRIC_REPRESENTATION_CONTEXT ( 3 ) GLOBAL_UNCERTAINTY_ASSIGNED_CONTEXT ( ( #2138 ) ) GLOBAL_UNIT_ASSIGNED_CONTEXT ( ( #6208, #3024, #2371 ) ) REPRESENTATION_CONTEXT ( 'NONE', 'WORKASPACE' ) );
#3168 = EDGE_CURVE ( 'NONE', #8535, #4730, #6169, .T. ) ;
#3169 = SURFACE_STYLE_FILL_AREA ( #1574 ) ;
#3170 = B_SPLINE_CURVE_WITH_KNOTS ( 'NONE', 3,
 ( #8026, #8191, #332, #7420 ),
 .UNSPECIFIED., .F., .F.,
 ( 4, 4 ),
 ( 0.4000000000000000222, 0.5000000000000000000 ),
 .UNSPECIFIED. ) ;
#3171 = AXIS2_PLACEMENT_3D ( 'NONE', #7036, #4872, #3130 ) ;
#3172 = VERTEX_POINT ( 'NONE', #4889 ) ;
#3173 = ORIENTED_EDGE ( 'NONE', *, *, #561, .T. ) ;
#3174 = PLANE ( 'NONE',  #8178 ) ;
#3175 =( GEOMETRIC_REPRESENTATION_CONTEXT ( 3 ) GLOBAL_UNCERTAINTY_ASSIGNED_CONTEXT ( ( #6217 ) ) GLOBAL_UNIT_ASSIGNED_CONTEXT ( ( #77, #8545, #3790 ) ) REPRESENTATION_CONTEXT ( 'NONE', 'WORKASPACE' ) );
#3176 = UNCERTAINTY_MEASURE_WITH_UNIT (LENGTH_MEASURE( 1.000000000000000082E-05 ), #7390, 'distance_accuracy_value', 'NONE');
#3177 = DIRECTION ( 'NONE',  ( 0.000000000000000000, 0.000000000000000000, -1.000000000000000000 ) ) ;
#3178 = FACE_OUTER_BOUND ( 'NONE', #6813, .T. ) ;
#3179 = DIRECTION ( 'NONE',  ( -1.000000000000000000, 3.942553354492743531E-16, 0.000000000000000000 ) ) ;
#3180 = COLOUR_RGB ( '',0.8039215686274510109, 0.8039215686274510109, 0.8039215686274510109 ) ;
#3181 = CARTESIAN_POINT ( 'NONE',  ( 3.106882465073397270, 16.65526308579208603, 0.001000000000000000021 ) ) ;
#3182 = EDGE_LOOP ( 'NONE', ( #7446, #3738, #4631, #3976 ) ) ;
#3183 = ADVANCED_FACE ( 'NONE', ( #323 ), #8471, .F. ) ;
#3184 = EDGE_CURVE ( 'NONE', #97, #3380, #9705, .T. ) ;
#3185 = VECTOR ( 'NONE', #2844, 1000.000000000000000 ) ;
#3186 = PLANE ( 'NONE',  #6873 ) ;
#3187 = CARTESIAN_POINT ( 'NONE',  ( 1.499999999999999556, 0.6249999999999984457, 0.000000000000000000 ) ) ;
#3188 = CARTESIAN_POINT ( 'NONE',  ( -1.224999999999999645, -0.2500000000000001110, -0.02000000000000000042 ) ) ;
#3189 = DIRECTION ( 'NONE',  ( 0.000000000000000000, 0.000000000000000000, -1.000000000000000000 ) ) ;
#3190 = FILL_AREA_STYLE ('',( #7244 ) ) ;
#3191 = VECTOR ( 'NONE', #8285, 1000.000000000000114 ) ;
#3192 =( NAMED_UNIT ( * ) PLANE_ANGLE_UNIT ( ) SI_UNIT ( $, .RADIAN. ) );
#3193 = AXIS2_PLACEMENT_3D ( 'NONE', #7717, #3858, #1912 ) ;
#3194 = VERTEX_POINT ( 'NONE', #5872 ) ;
#3195 = VECTOR ( 'NONE', #328, 1000.000000000000000 ) ;
#3196 = VERTEX_POINT ( 'NONE', #1175 ) ;
#3197 = CARTESIAN_POINT ( 'NONE',  ( 2.905822344666683765, 16.63107938386431428, 0.001000000000000000021 ) ) ;
#3198 = LINE ( 'NONE', #8737, #9176 ) ;
#3199 = CARTESIAN_POINT ( 'NONE',  ( 3.652516207107757928, 16.82066548510818649, 0.001000000000000000021 ) ) ;
#3200 = VERTEX_POINT ( 'NONE', #8836 ) ;
#3201 = CARTESIAN_POINT ( 'NONE',  ( 3.376963223828672866, 16.42101657149909499, 0.0009999999999999982861 ) ) ;
#3202 = ORIENTED_EDGE ( 'NONE', *, *, #9235, .T. ) ;
#3203 = CARTESIAN_POINT ( 'NONE',  ( 1.224999999999999201, 0.1249999999999985983, -0.02000000000000000042 ) ) ;
#3204 = COLOUR_RGB ( '',0.9607843137254902244, 0.9607843137254902244, 0.9607843137254902244 ) ;
#3205 = CARTESIAN_POINT ( 'NONE',  ( 0.1168604091606676026, 16.53574789570863857, 0.001000000000000000021 ) ) ;
#3206 = EDGE_LOOP ( 'NONE', ( #1074, #6032, #10026, #367 ) ) ;
#3207 = PLANE ( 'NONE',  #4275 ) ;
#3208 = DIRECTION ( 'NONE',  ( 0.000000000000000000, 0.000000000000000000, -1.000000000000000000 ) ) ;
#3209 = VERTEX_POINT ( 'NONE', #9653 ) ;
#3210 = EDGE_CURVE ( 'NONE', #5479, #5851, #8986, .T. ) ;
#3211 = EDGE_CURVE ( 'NONE', #336, #5462, #2742, .T. ) ;
#3212 = EDGE_CURVE ( 'NONE', #5126, #2441, #2045, .T. ) ;
#3213 = VERTEX_POINT ( 'NONE', #1276 ) ;
#3214 = CARTESIAN_POINT ( 'NONE',  ( 3.256927331048552698, 16.63072633712083004, 0.000000000000000000 ) ) ;
#3215 = VECTOR ( 'NONE', #8170, 1000.000000000000000 ) ;
#3216 = PRESENTATION_STYLE_ASSIGNMENT (( #158 ) ) ;
#3217 = CARTESIAN_POINT ( 'NONE',  ( 3.406266103536768508, 16.59983474706711704, 0.001000000000000000021 ) ) ;
#3218 = CARTESIAN_POINT ( 'NONE',  ( 0.000000000000000000, -1.469999999999999973, 0.7500000000000000000 ) ) ;
#3219 = LINE ( 'NONE', #9387, #5755 ) ;
#3220 = DIRECTION ( 'NONE',  ( 0.000000000000000000, 0.000000000000000000, 1.000000000000000000 ) ) ;
#3221 = EDGE_LOOP ( 'NONE', ( #8803, #8287, #6932, #8557 ) ) ;
#3222 = CARTESIAN_POINT ( 'NONE',  ( 3.400264308897753107, 16.41307301977099797, 0.0009999999999999982861 ) ) ;
#3223 = CARTESIAN_POINT ( 'NONE',  ( 3.653045777222963419, 16.55270300681376838, 0.001000000000000000021 ) ) ;
#3224 = CARTESIAN_POINT ( 'NONE',  ( 3.336892418444728836, 16.48721283589987152, 1.694065894508600678E-18 ) ) ;
#3225 = VECTOR ( 'NONE', #3106, 1000.000000000000000 ) ;
#3226 = CARTESIAN_POINT ( 'NONE',  ( 3.352426475157440855, 16.42931316997066915, 0.001000000000000001756 ) ) ;
#3227 = EDGE_CURVE ( 'NONE', #577, #4665, #4353, .T. ) ;
#3228 = DIRECTION ( 'NONE',  ( 0.000000000000000000, -0.000000000000000000, 1.000000000000000000 ) ) ;
#3229 = AXIS2_PLACEMENT_3D ( 'NONE', #371, #3432, #1787 ) ;
#3230 = DIRECTION ( 'NONE',  ( -0.000000000000000000, 1.000000000000000000, -0.000000000000000000 ) ) ;
#3231 = ORIENTED_EDGE ( 'NONE', *, *, #4750, .F. ) ;
#3232 = CARTESIAN_POINT ( 'NONE',  ( 2.127456561341208641, -0.006037050401083082080, 0.001000000000000000021 ) ) ;
#3233 = EDGE_CURVE ( 'NONE', #1310, #5216, #2688, .T. ) ;
#3234 = CARTESIAN_POINT ( 'NONE',  ( 1.224999999999999423, 0.6249999999999985567, 0.000000000000000000 ) ) ;
#3235 = DIRECTION ( 'NONE',  ( -0.000000000000000000, -0.000000000000000000, -1.000000000000000000 ) ) ;
#3236 = STYLED_ITEM ( 'NONE', ( #7485 ), #6965 ) ;
#3237 = DIRECTION ( 'NONE',  ( -0.000000000000000000, -0.000000000000000000, 1.000000000000000000 ) ) ;
#3238 = ORIENTED_EDGE ( 'NONE', *, *, #6886, .F. ) ;
#3239 = VERTEX_POINT ( 'NONE', #8177 ) ;
#3240 = FACE_OUTER_BOUND ( 'NONE', #8258, .T. ) ;
#3241 = CARTESIAN_POINT ( 'NONE',  ( 2.693817775212373533, 0.000000000000000000, 0.001000000000000000021 ) ) ;
#3242 = CARTESIAN_POINT ( 'NONE',  ( 3.487466854535089311, 16.45508558224401696, 0.001000000000000000021 ) ) ;
#3243 = AXIS2_PLACEMENT_3D ( 'NONE', #281, #5786, #4849 ) ;
#3244 = VERTEX_POINT ( 'NONE', #5929 ) ;
#3245 = DIRECTION ( 'NONE',  ( -0.000000000000000000, -0.000000000000000000, 1.000000000000000000 ) ) ;
#3246 = LINE ( 'NONE', #1531, #4944 ) ;
#3247 = ORIENTED_EDGE ( 'NONE', *, *, #152, .T. ) ;
#3248 = DIRECTION ( 'NONE',  ( -0.000000000000000000, -0.000000000000000000, -1.000000000000000000 ) ) ;
#3249 = DIRECTION ( 'NONE',  ( -0.000000000000000000, -0.000000000000000000, 1.000000000000000000 ) ) ;
#3250 = CARTESIAN_POINT ( 'NONE',  ( 3.615269775671568375, 16.72569591111453136, 0.001000000000000000021 ) ) ;
#3251 = CARTESIAN_POINT ( 'NONE',  ( 2.849334865711335318, 16.58588940070004369, 0.000000000000000000 ) ) ;
#3252 = ORIENTED_EDGE ( 'NONE', *, *, #916, .F. ) ;
#3253 = ADVANCED_FACE ( 'NONE', ( #3544 ), #8888, .T. ) ;
#3254 = ORIENTED_EDGE ( 'NONE', *, *, #6504, .F. ) ;
#3255 = VERTEX_POINT ( 'NONE', #9045 ) ;
#3256 = LINE ( 'NONE', #197, #1700 ) ;
#3257 = UNCERTAINTY_MEASURE_WITH_UNIT (LENGTH_MEASURE( 1.000000000000000082E-05 ), #3129, 'distance_accuracy_value', 'NONE');
#3258 = SURFACE_SIDE_STYLE ('',( #2571 ) ) ;
#3259 = DIRECTION ( 'NONE',  ( 1.000000000000000000, 0.000000000000000000, 0.000000000000000000 ) ) ;
#3260 = CARTESIAN_POINT ( 'NONE',  ( 3.610856691378189876, 16.69833478849553643, 0.000000000000000000 ) ) ;
#3261 = EDGE_LOOP ( 'NONE', ( #4453, #1605, #9275, #4851 ) ) ;
#3262 = B_SPLINE_CURVE_WITH_KNOTS ( 'NONE', 3,
 ( #1203, #5137, #9897, #2923 ),
 .UNSPECIFIED., .F., .F.,
 ( 4, 4 ),
 ( 0.6666666666666666297, 0.7333333333333332815 ),
 .UNSPECIFIED. ) ;
#3263 = EDGE_CURVE ( 'NONE', #3244, #6020, #2101, .T. ) ;
#3264 = CARTESIAN_POINT ( 'NONE',  ( 3.212796488114678439, 16.58571287732828736, 0.001000000000000000021 ) ) ;
#3265 = EDGE_CURVE ( 'NONE', #4445, #1756, #1332, .T. ) ;
#3266 = LINE ( 'NONE', #1065, #6 ) ;
#3267 = ADVANCED_FACE ( 'NONE', ( #7350 ), #422, .T. ) ;
#3268 = CARTESIAN_POINT ( 'NONE',  ( 3.026740854305484785, 16.58588940070004369, 0.0009999999999999982861 ) ) ;
#3269 = CARTESIAN_POINT ( 'NONE',  ( -1.499999999999999778, -0.1250000000000000000, -0.02000000000000000042 ) ) ;
#3270 = EDGE_CURVE ( 'NONE', #1973, #937, #3499, .T. ) ;
#3271 =( LENGTH_UNIT ( ) NAMED_UNIT ( * ) SI_UNIT ( .MILLI., .METRE. ) );
#3272 = ORIENTED_EDGE ( 'NONE', *, *, #5368, .T. ) ;
#3273 = SHAPE_DEFINITION_REPRESENTATION ( #2948, #6863 ) ;
#3274 = CARTESIAN_POINT ( 'NONE',  ( 3.337598511931664458, 16.45720386270481228, 0.001000000000000001756 ) ) ;
#3275 = ORIENTED_EDGE ( 'NONE', *, *, #2325, .T. ) ;
#3276 = DIRECTION ( 'NONE',  ( 0.3307096921100434739, 0.9437325360209216640, 0.000000000000000000 ) ) ;
#3277 = CARTESIAN_POINT ( 'NONE',  ( 3.631509925871234667, 16.75905882837253813, 0.001000000000000000021 ) ) ;
#3278 = DIRECTION ( 'NONE',  ( 1.000000000000000000, 0.000000000000000000, 0.000000000000000000 ) ) ;
#3279 = CARTESIAN_POINT ( 'NONE',  ( 0.5045290498176755456, 16.73354681831069968, 0.000000000000000000 ) ) ;
#3280 = CARTESIAN_POINT ( 'NONE',  ( -1.224999999999999867, 0.8749999999999998890, -0.02000000000000000042 ) ) ;
#3281 = VECTOR ( 'NONE', #29, 1000.000000000000227 ) ;
#3282 = LINE ( 'NONE', #4710, #3509 ) ;
#3283 = VERTEX_POINT ( 'NONE', #6493 ) ;
#3284 = EDGE_CURVE ( 'NONE', #4019, #4445, #9604, .T. ) ;
#3285 = PLANE ( 'NONE',  #4630 ) ;
#3286 = VECTOR ( 'NONE', #3248, 1000.000000000000000 ) ;
#3287 = DIRECTION ( 'NONE',  ( -1.000000000000000000, 0.000000000000000000, -0.000000000000000000 ) ) ;
#3288 = ORIENTED_EDGE ( 'NONE', *, *, #7270, .F. ) ;
#3289 = FILL_AREA_STYLE_COLOUR ( '', #7361 ) ;
#3290 = LINE ( 'NONE', #10004, #8560 ) ;
#3291 = ORIENTED_EDGE ( 'NONE', *, *, #2533, .F. ) ;
#3292 = CARTESIAN_POINT ( 'NONE',  ( 2.851453146172155506, 16.63054981374909858, 0.001000000000000000021 ) ) ;
#3293 = FACE_BOUND ( 'NONE', #5993, .T. ) ;
#3294 = AXIS2_PLACEMENT_3D ( 'NONE', #3765, #3617, #9077 ) ;
#3295 = VECTOR ( 'NONE', #3165, 1000.000000000000000 ) ;
#3296 = CARTESIAN_POINT ( 'NONE',  ( 3.406266103536768508, 16.85579363608356829, 0.001000000000000000021 ) ) ;
#3297 = DIRECTION ( 'NONE',  ( -0.000000000000000000, -0.000000000000000000, 1.000000000000000000 ) ) ;
#3298 = EDGE_LOOP ( 'NONE', ( #8808, #9505, #2012, #4640, #2969, #1590, #1363, #2667, #2107, #2223 ) ) ;
#3299 = VECTOR ( 'NONE', #4200, 999.9999999999998863 ) ;
#3300 = ORIENTED_EDGE ( 'NONE', *, *, #5283, .F. ) ;
#3301 = VECTOR ( 'NONE', #1925, 1000.000000000000000 ) ;
#3302 = ORIENTED_EDGE ( 'NONE', *, *, #4690, .F. ) ;
#3303 = CARTESIAN_POINT ( 'NONE',  ( -0.7249999999999997558, -0.8200000000000000622, -0.02000000000000000042 ) ) ;
#3304 = VERTEX_POINT ( 'NONE', #9253 ) ;
#3305 = FILL_AREA_STYLE ('',( #8157 ) ) ;
#3306 = FILL_AREA_STYLE_COLOUR ( '', #9345 ) ;
#3307 = VECTOR ( 'NONE', #4277, 1000.000000000000000 ) ;
#3308 = DIRECTION ( 'NONE',  ( 0.000000000000000000, 0.000000000000000000, -1.000000000000000000 ) ) ;
#3309 = DIRECTION ( 'NONE',  ( 0.000000000000000000, -1.000000000000000000, 0.000000000000000000 ) ) ;
#3310 = EDGE_CURVE ( 'NONE', #9569, #3427, #2190, .T. ) ;
#3311 = DIRECTION ( 'NONE',  ( 3.942553354492743531E-16, 1.000000000000000000, 0.000000000000000000 ) ) ;
#3312 = LINE ( 'NONE', #3470, #6599 ) ;
#3313 = VERTEX_POINT ( 'NONE', #7709 ) ;
#3314 = VERTEX_POINT ( 'NONE', #6951 ) ;
#3315 = VECTOR ( 'NONE', #689, 1000.000000000000000 ) ;
#3316 = CARTESIAN_POINT ( 'NONE',  ( 3.435039413129651997, 16.43778629181395701, 0.000000000000000000 ) ) ;
#3317 = CARTESIAN_POINT ( 'NONE',  ( 9.900378128825050084, 7.386696376738698611, 0.000000000000000000 ) ) ;
#3318 = VECTOR ( 'NONE', #9457, 1000.000000000000000 ) ;
#3319 = CARTESIAN_POINT ( 'NONE',  ( -1.499999999999999556, -0.3750000000000000000, 0.1830000000000000238 ) ) ;
#3320 = EDGE_CURVE ( 'NONE', #7174, #4967, #7662, .T. ) ;
#3321 = FACE_OUTER_BOUND ( 'NONE', #8341, .T. ) ;
#3322 = VECTOR ( 'NONE', #2183, 1000.000000000000000 ) ;
#3323 = PRESENTATION_STYLE_ASSIGNMENT (( #2438 ) ) ;
#3324 = EDGE_CURVE ( 'NONE', #6011, #1646, #6039, .T. ) ;
#3325 = CIRCLE ( 'NONE', #8552, 0.1249999999999998890 ) ;
#3326 = ORIENTED_EDGE ( 'NONE', *, *, #3210, .T. ) ;
#3327 = DIRECTION ( 'NONE',  ( 0.000000000000000000, 1.000000000000000000, 0.000000000000000000 ) ) ;
#3328 = VERTEX_POINT ( 'NONE', #2993 ) ;
#3329 = CARTESIAN_POINT ( 'NONE',  ( 2.786845592116968806, 16.48915459298898867, 0.001000000000000000021 ) ) ;
#3330 = VECTOR ( 'NONE', #3382, 1000.000000000000000 ) ;
#3331 = B_SPLINE_CURVE_WITH_KNOTS ( 'NONE', 3,
 ( #220, #8790, #4894, #1085 ),
 .UNSPECIFIED., .F., .F.,
 ( 4, 4 ),
 ( 0.2999999999999999889, 0.4000000000000000222 ),
 .UNSPECIFIED. ) ;
#3332 = CARTESIAN_POINT ( 'NONE',  ( 3.418622739558246693, 16.54881949263557672, 0.000000000000000000 ) ) ;
#3333 = LINE ( 'NONE', #7975, #9030 ) ;
#3334 = ORIENTED_EDGE ( 'NONE', *, *, #4571, .F. ) ;
#3335 = DIRECTION ( 'NONE',  ( -0.000000000000000000, 0.000000000000000000, 1.000000000000000000 ) ) ;
#3336 = VECTOR ( 'NONE', #2454, 1000.000000000000000 ) ;
#3337 = ORIENTED_EDGE ( 'NONE', *, *, #4332, .F. ) ;
#3338 = DIRECTION ( 'NONE',  ( 0.000000000000000000, 0.000000000000000000, 1.000000000000000000 ) ) ;
#3339 = LINE ( 'NONE', #8845, #4844 ) ;
#3340 =( NAMED_UNIT ( * ) PLANE_ANGLE_UNIT ( ) SI_UNIT ( $, .RADIAN. ) );
#3341 = MECHANICAL_DESIGN_GEOMETRIC_PRESENTATION_REPRESENTATION (  '', ( #7740 ), #6119 ) ;
#3342 = ORIENTED_EDGE ( 'NONE', *, *, #6997, .T. ) ;
#3343 = CARTESIAN_POINT ( 'NONE',  ( -1.499999999999999556, -0.8750000000000000000, -0.02000000000000000042 ) ) ;
#3344 = CARTESIAN_POINT ( 'NONE',  ( -1.099999999999999867, -0.2500000000000001110, -0.02000000000000000042 ) ) ;
#3345 = VERTEX_POINT ( 'NONE', #6087 ) ;
#3346 = CARTESIAN_POINT ( 'NONE',  ( 3.791263577291842601, 16.65049695475525837, 0.000000000000000000 ) ) ;
#3347 = CARTESIAN_POINT ( 'NONE',  ( 1.499999999999999334, -0.1250000000000003331, -0.02000000000000000042 ) ) ;
#3348 = EDGE_CURVE ( 'NONE', #10011, #221, #9200, .T. ) ;
#3349 = EDGE_CURVE ( 'NONE', #9590, #2293, #1597, .T. ) ;
#3350 = DIRECTION ( 'NONE',  ( -0.000000000000000000, -0.000000000000000000, -1.000000000000000000 ) ) ;
#3351 = EDGE_LOOP ( 'NONE', ( #9627, #1051, #1077, #8505 ) ) ;
#3352 = STYLED_ITEM ( 'NONE', ( #9572 ), #5182 ) ;
#3353 = ORIENTED_EDGE ( 'NONE', *, *, #4482, .F. ) ;
#3354 = CARTESIAN_POINT ( 'NONE',  ( -0.6749999999999997113, -0.8200000000000000622, 0.01000000000000000021 ) ) ;
#3355 = EDGE_LOOP ( 'NONE', ( #8122, #5540, #6239, #2800 ) ) ;
#3356 = CARTESIAN_POINT ( 'NONE',  ( 2.565661807332418665, 16.81607587744306898, 0.000000000000000000 ) ) ;
#3357 = VECTOR ( 'NONE', #8929, 1000.000000000000000 ) ;
#3358 = EDGE_LOOP ( 'NONE', ( #28, #2027, #4426, #8296, #9683 ) ) ;
#3359 = UNCERTAINTY_MEASURE_WITH_UNIT (LENGTH_MEASURE( 1.000000000000000082E-05 ), #6231, 'distance_accuracy_value', 'NONE');
#3360 = DIRECTION ( 'NONE',  ( 1.000000000000000000, 0.000000000000000000, 0.000000000000000000 ) ) ;
#3361 = EDGE_CURVE ( 'NONE', #8301, #2751, #2418, .T. ) ;
#3362 = CARTESIAN_POINT ( 'NONE',  ( 3.826921298382410352, 0.000000000000000000, 0.001000000000000000021 ) ) ;
#3363 = CYLINDRICAL_SURFACE ( 'NONE', #6480, 0.02999999999999997113 ) ;
#3364 = B_SPLINE_CURVE_WITH_KNOTS ( 'NONE', 3,
 ( #9202, #2194, #2524, #1674 ),
 .UNSPECIFIED., .F., .F.,
 ( 4, 4 ),
 ( 0.5714285714285713969, 0.7142857142857143016 ),
 .UNSPECIFIED. ) ;
#3365 = DIRECTION ( 'NONE',  ( -1.000000000000000000, 0.000000000000000000, 0.000000000000000000 ) ) ;
#3366 = EDGE_LOOP ( 'NONE', ( #4599, #1008, #2670, #842 ) ) ;
#3367 = CARTESIAN_POINT ( 'NONE',  ( 3.212796488114678439, 16.57017882061555980, 0.000000000000000000 ) ) ;
#3368 = EDGE_CURVE ( 'NONE', #388, #9198, #4720, .T. ) ;
#3369 = LINE ( 'NONE', #3317, #2041 ) ;
#3370 = CARTESIAN_POINT ( 'NONE',  ( 2.895230942362547744, 16.47768057382617712, 0.001000000000000000021 ) ) ;
#3371 = CARTESIAN_POINT ( 'NONE',  ( 1.499999999999999556, 0.1249999999999984873, 0.1830000000000000238 ) ) ;
#3372 = FACE_OUTER_BOUND ( 'NONE', #9818, .T. ) ;
#3373 = VECTOR ( 'NONE', #8728, 1000.000000000000000 ) ;
#3374 = DIRECTION ( 'NONE',  ( -0.02589804635614198491, 0.9996645893473145028, 0.000000000000000000 ) ) ;
#3375 = VECTOR ( 'NONE', #8433, 1000.000000000000000 ) ;
#3376 = ORIENTED_EDGE ( 'NONE', *, *, #5620, .F. ) ;
#3377 = ORIENTED_EDGE ( 'NONE', *, *, #4341, .F. ) ;
#3378 = EDGE_CURVE ( 'NONE', #1122, #3638, #9556, .T. ) ;
#3379 = CARTESIAN_POINT ( 'NONE',  ( 2.466279149045342844, 16.59312685894116157, 0.000000000000000000 ) ) ;
#3380 = VERTEX_POINT ( 'NONE', #3958 ) ;
#3381 = CARTESIAN_POINT ( 'NONE',  ( -1.224999999999999645, -0.3750000000000001110, -0.02000000000000000042 ) ) ;
#3382 = DIRECTION ( 'NONE',  ( -1.000000000000000000, 0.000000000000000000, 0.000000000000000000 ) ) ;
#3383 = LINE ( 'NONE', #1335, #7854 ) ;
#3384 = LINE ( 'NONE', #176, #7378 ) ;
#3385 = CARTESIAN_POINT ( 'NONE',  ( 3.701942751193689318, 16.45014292783547205, 0.001000000000000000021 ) ) ;
#3386 = ORIENTED_EDGE ( 'NONE', *, *, #383, .T. ) ;
#3387 = CLOSED_SHELL ( 'NONE', ( #6289, #6817, #8520, #2635, #7782, #8872, #4015 ) ) ;
#3388 = CARTESIAN_POINT ( 'NONE',  ( 3.422682777108163155, 16.42066352475564273, 0.0009999999999999982861 ) ) ;
#3389 = ORIENTED_EDGE ( 'NONE', *, *, #858, .F. ) ;
#3390 = EDGE_LOOP ( 'NONE', ( #4230, #1102, #4384, #8292 ) ) ;
#3391 = CARTESIAN_POINT ( 'NONE',  ( 0.000000000000000000, 0.000000000000000000, 0.000000000000000000 ) ) ;
#3392 = EDGE_CURVE ( 'NONE', #1502, #4723, #1758, .T. ) ;
#3393 = FACE_OUTER_BOUND ( 'NONE', #9075, .T. ) ;
#3394 = CARTESIAN_POINT ( 'NONE',  ( 2.786845592116968806, 16.48915459298898867, 0.001000000000000000021 ) ) ;
#3395 = ORIENTED_EDGE ( 'NONE', *, *, #3090, .T. ) ;
#3396 = LINE ( 'NONE', #8083, #4429 ) ;
#3397 = FACE_OUTER_BOUND ( 'NONE', #1773, .T. ) ;
#3398 = EDGE_CURVE ( 'NONE', #3194, #2599, #5688, .T. ) ;
#3399 = PRESENTATION_LAYER_ASSIGNMENT (  '', '', ( #9098 ) ) ;
#3400 = ORIENTED_EDGE ( 'NONE', *, *, #9002, .F. ) ;
#3401 = CARTESIAN_POINT ( 'NONE',  ( 1.224999999999999423, -0.7500000000000004441, 0.1830000000000000238 ) ) ;
#3402 = DIRECTION ( 'NONE',  ( -0.000000000000000000, -0.000000000000000000, 1.000000000000000000 ) ) ;
#3403 = EDGE_CURVE ( 'NONE', #9090, #1398, #191, .T. ) ;
#3404 = EDGE_LOOP ( 'NONE', ( #3376, #5076, #7051, #6645, #7976, #1260, #2603 ) ) ;
#3405 = ORIENTED_EDGE ( 'NONE', *, *, #2130, .F. ) ;
#3406 = VECTOR ( 'NONE', #9510, 1000.000000000000000 ) ;
#3407 = EDGE_CURVE ( 'NONE', #7780, #5359, #4101, .T. ) ;
#3408 = ORIENTED_EDGE ( 'NONE', *, *, #5246, .T. ) ;
#3409 = DIRECTION ( 'NONE',  ( 1.000000000000000000, -2.365532012695645428E-15, 0.000000000000000000 ) ) ;
#3410 = LINE ( 'NONE', #4969, #9523 ) ;
#3411 = VERTEX_POINT ( 'NONE', #8034 ) ;
#3412 = CARTESIAN_POINT ( 'NONE',  ( 3.725067312891037208, 16.58677201755869746, 0.000000000000000000 ) ) ;
#3413 = ORIENTED_EDGE ( 'NONE', *, *, #7859, .F. ) ;
#3414 = VECTOR ( 'NONE', #5464, 1000.000000000000114 ) ;
#3415 =( NAMED_UNIT ( * ) PLANE_ANGLE_UNIT ( ) SI_UNIT ( $, .RADIAN. ) );
#3416 = DIRECTION ( 'NONE',  ( 0.4408540328443357192, 0.8975788108711598712, -0.000000000000000000 ) ) ;
#3417 = ORIENTED_EDGE ( 'NONE', *, *, #2735, .F. ) ;
#3418 = ADVANCED_FACE ( 'NONE', ( #2560 ), #6267, .F. ) ;
#3419 = ORIENTED_EDGE ( 'NONE', *, *, #1648, .F. ) ;
#3420 = EDGE_CURVE ( 'NONE', #2243, #4831, #7735, .T. ) ;
#3421 = CARTESIAN_POINT ( 'NONE',  ( 1.499999999999999556, 0.1249999999999984873, 0.000000000000000000 ) ) ;
#3422 = CARTESIAN_POINT ( 'NONE',  ( 3.071930837469771802, 16.58571287732829092, 0.000000000000000000 ) ) ;
#3423 = CARTESIAN_POINT ( 'NONE',  ( -0.7249999999999997558, -0.8199999999999997291, 0.000000000000000000 ) ) ;
#3424 = DIRECTION ( 'NONE',  ( -0.000000000000000000, 0.000000000000000000, -1.000000000000000000 ) ) ;
#3425 = FACE_OUTER_BOUND ( 'NONE', #5987, .T. ) ;
#3426 = FACE_OUTER_BOUND ( 'NONE', #6845, .T. ) ;
#3427 = VERTEX_POINT ( 'NONE', #1097 ) ;
#3428 = ORIENTED_EDGE ( 'NONE', *, *, #2677, .F. ) ;
#3429 = PRODUCT_CONTEXT ( 'NONE', #6345, 'mechanical' ) ;
#3430 = CARTESIAN_POINT ( 'NONE',  ( 3.173784822961141838, 16.82472552265812737, 0.001000000000000000021 ) ) ;
#3431 = VERTEX_POINT ( 'NONE', #7941 ) ;
#3432 = DIRECTION ( 'NONE',  ( 0.000000000000000000, 0.000000000000000000, 1.000000000000000000 ) ) ;
#3433 = CARTESIAN_POINT ( 'NONE',  ( 3.791263577291842601, 16.80901494257366124, 0.000000000000000000 ) ) ;
#3434 = EDGE_LOOP ( 'NONE', ( #6130, #6193, #2899, #4502 ) ) ;
#3435 = CARTESIAN_POINT ( 'NONE',  ( 3.125064372362150955, 16.70027654558460384, 0.001000000000000000021 ) ) ;
#3436 = CARTESIAN_POINT ( 'NONE',  ( 2.910941522447017427, 16.81731154104526027, 0.000000000000000000 ) ) ;
#3437 = ADVANCED_FACE ( 'NONE', ( #3293, #7221 ), #4165, .F. ) ;
#3438 = CARTESIAN_POINT ( 'NONE',  ( 2.472280943684348919, 16.59595123288893959, 0.001000000000000000021 ) ) ;
#3439 = ORIENTED_EDGE ( 'NONE', *, *, #4689, .T. ) ;
#3440 = CARTESIAN_POINT ( 'NONE',  ( 3.266812639865734003, 16.63054981374909858, 0.001000000000000000021 ) ) ;
#3441 = EDGE_LOOP ( 'NONE', ( #5798, #7300, #5760, #1620 ) ) ;
#3442 = DIRECTION ( 'NONE',  ( 3.942553354492743531E-16, 1.000000000000000000, 0.000000000000000000 ) ) ;
#3443 = CARTESIAN_POINT ( 'NONE',  ( 3.631509925871234667, 16.75905882837253813, 0.000000000000000000 ) ) ;
#3444 = CARTESIAN_POINT ( 'NONE',  ( 3.117120820634052158, 16.67273889959385968, 0.000000000000000000 ) ) ;
#3445 = ORIENTED_EDGE ( 'NONE', *, *, #7591, .T. ) ;
#3446 = DIRECTION ( 'NONE',  ( 0.3939192985791582502, -0.9191450300180619148, 0.000000000000000000 ) ) ;
#3447 = SURFACE_STYLE_FILL_AREA ( #7317 ) ;
#3448 = ORIENTED_EDGE ( 'NONE', *, *, #1382, .T. ) ;
#3449 = DIRECTION ( 'NONE',  ( -0.000000000000000000, -0.000000000000000000, -1.000000000000000000 ) ) ;
#3450 = CARTESIAN_POINT ( 'NONE',  ( -1.099999999999999867, 0.2499999999999998890, -0.02000000000000000042 ) ) ;
#3451 = EDGE_CURVE ( 'NONE', #1044, #6719, #2649, .T. ) ;
#3452 = LINE ( 'NONE', #8145, #5597 ) ;
#3453 = COLOUR_RGB ( '',0.8039215686274510109, 0.8039215686274510109, 0.8039215686274510109 ) ;
#3454 = FILL_AREA_STYLE_COLOUR ( '', #3043 ) ;
#3455 = VECTOR ( 'NONE', #8875, 1000.000000000000000 ) ;
#3456 = ADVANCED_FACE ( 'NONE', ( #4962 ), #6465, .T. ) ;
#3457 = ORIENTED_EDGE ( 'NONE', *, *, #9518, .F. ) ;
#3458 = ORIENTED_EDGE ( 'NONE', *, *, #2072, .T. ) ;
#3459 = CARTESIAN_POINT ( 'NONE',  ( 3.535132662540945159, -0.04259195978924776999, 0.001000000000000000021 ) ) ;
#3460 = DIRECTION ( 'NONE',  ( -1.000000000000000000, 0.000000000000000000, 0.000000000000000000 ) ) ;
#3461 = ORIENTED_EDGE ( 'NONE', *, *, #9063, .T. ) ;
#3462 =( LENGTH_UNIT ( ) NAMED_UNIT ( * ) SI_UNIT ( .MILLI., .METRE. ) );
#3463 = DIRECTION ( 'NONE',  ( 1.000000000000000000, 0.000000000000000000, 0.000000000000000000 ) ) ;
#3464 = AXIS2_PLACEMENT_3D ( 'NONE', #489, #5889, #4261 ) ;
#3465 = VERTEX_POINT ( 'NONE', #8087 ) ;
#3466 = VECTOR ( 'NONE', #3245, 1000.000000000000000 ) ;
#3467 = ORIENTED_EDGE ( 'NONE', *, *, #625, .T. ) ;
#3468 = CARTESIAN_POINT ( 'NONE',  ( 1.224999999999999423, 0.2499999999999995837, 0.1830000000000000238 ) ) ;
#3469 = LINE ( 'NONE', #3618, #7612 ) ;
#3470 = CARTESIAN_POINT ( 'NONE',  ( 2.905822344666683765, 0.000000000000000000, 0.000000000000000000 ) ) ;
#3471 = VERTEX_POINT ( 'NONE', #960 ) ;
#3472 = VECTOR ( 'NONE', #159, 1000.000000000000000 ) ;
#3473 = VECTOR ( 'NONE', #3177, 1000.000000000000000 ) ;
#3474 = EDGE_LOOP ( 'NONE', ( #306, #7899, #2640, #1301, #8797, #1987, #2682, #4814, #8569 ) ) ;
#3475 = CARTESIAN_POINT ( 'NONE',  ( 3.653222300594696215, 16.58518330721311784, 0.000000000000000000 ) ) ;
#3476 = CARTESIAN_POINT ( 'NONE',  ( 1.224999999999999423, -0.2500000000000004441, 0.000000000000000000 ) ) ;
#3477 = CARTESIAN_POINT ( 'NONE',  ( 2.851453146172155506, 16.63054981374909858, 0.000000000000000000 ) ) ;
#3478 = CARTESIAN_POINT ( 'NONE',  ( 3.443336011601217272, 16.44961335772024569, 0.000000000000000000 ) ) ;
#3479 = VECTOR ( 'NONE', #5906, 1000.000000000000000 ) ;
#3480 = CARTESIAN_POINT ( 'NONE',  ( -1.500000000000000000, 0.8750000000000000000, 0.1830000000000000238 ) ) ;
#3481 = EDGE_CURVE ( 'NONE', #4312, #5140, #6411, .T. ) ;
#3482 = EDGE_CURVE ( 'NONE', #1502, #5782, #5640, .T. ) ;
#3483 = CYLINDRICAL_SURFACE ( 'NONE', #607, 0.1250000000000005551 ) ;
#3484 = VECTOR ( 'NONE', #9350, 1000.000000000000114 ) ;
#3485 = VERTEX_POINT ( 'NONE', #7322 ) ;
#3486 = CARTESIAN_POINT ( 'NONE',  ( 2.212791587233197355, 16.73540469655996432, 0.001000000000000000021 ) ) ;
#3487 = ORIENTED_EDGE ( 'NONE', *, *, #9626, .F. ) ;
#3488 = CARTESIAN_POINT ( 'NONE',  ( 3.835394420225713308, 16.46797178838075482, 0.0009999999999999982861 ) ) ;
#3489 = CARTESIAN_POINT ( 'NONE',  ( 0.6750000000000001554, -0.8200000000000000622, -0.02000000000000000042 ) ) ;
#3490 = AXIS2_PLACEMENT_3D ( 'NONE', #1168, #2095, #5816 ) ;
#3491 = LINE ( 'NONE', #373, #1219 ) ;
#3492 = VECTOR ( 'NONE', #4215, 1000.000000000000000 ) ;
#3493 = CARTESIAN_POINT ( 'NONE',  ( 3.389319859850160821, 16.57141448421772267, 0.001000000000000000021 ) ) ;
#3494 = ORIENTED_EDGE ( 'NONE', *, *, #4135, .F. ) ;
#3495 = DIRECTION ( 'NONE',  ( 0.000000000000000000, 0.000000000000000000, -1.000000000000000000 ) ) ;
#3496 = ORIENTED_EDGE ( 'NONE', *, *, #1790, .F. ) ;
#3497 = ORIENTED_EDGE ( 'NONE', *, *, #3210, .F. ) ;
#3498 = SURFACE_SIDE_STYLE ('',( #4509 ) ) ;
#3499 = CIRCLE ( 'NONE', #5113, 0.1000000000000000472 ) ;
#3500 = CARTESIAN_POINT ( 'NONE',  ( 2.853924473376450610, 16.43266711403364866, 0.001000000000000000021 ) ) ;
#3501 = CARTESIAN_POINT ( 'NONE',  ( 3.110412932508104689, 16.66444230112228198, 0.000000000000000000 ) ) ;
#3502 = VERTEX_POINT ( 'NONE', #3450 ) ;
#3503 = LINE ( 'NONE', #3344, #1435 ) ;
#3504 = EDGE_CURVE ( 'NONE', #1274, #7617, #9424, .T. ) ;
#3505 = ORIENTED_EDGE ( 'NONE', *, *, #6941, .F. ) ;
#3506 = VECTOR ( 'NONE', #396, 1000.000000000000114 ) ;
#3507 = FILL_AREA_STYLE_COLOUR ( '', #2347 ) ;
#3508 = CARTESIAN_POINT ( 'NONE',  ( 3.494527789404507256, 16.58465373709786306, 0.001000000000000000021 ) ) ;
#3509 = VECTOR ( 'NONE', #4805, 1000.000000000000000 ) ;
#3510 = DIRECTION ( 'NONE',  ( -0.000000000000000000, 0.000000000000000000, 1.000000000000000000 ) ) ;
#3511 = EDGE_LOOP ( 'NONE', ( #676, #3428, #329, #6541 ) ) ;
#3512 = ORIENTED_EDGE ( 'NONE', *, *, #8745, .T. ) ;
#3513 = AXIS2_PLACEMENT_3D ( 'NONE', #4780, #304, #3365 ) ;
#3514 = VERTEX_POINT ( 'NONE', #4011 ) ;
#3515 = SURFACE_SIDE_STYLE ('',( #7328 ) ) ;
#3516 = DIRECTION ( 'NONE',  ( 0.9999974173653761733, 0.002272721403465680686, 0.000000000000000000 ) ) ;
#3517 = ORIENTED_EDGE ( 'NONE', *, *, #58, .F. ) ;
#3518 = CARTESIAN_POINT ( 'NONE',  ( 3.535132662540945159, -0.04259195978924776999, 0.001000000000000000021 ) ) ;
#3519 = CARTESIAN_POINT ( 'NONE',  ( 3.701942751193689318, 16.45014292783547205, 0.001000000000000000021 ) ) ;
#3520 = AXIS2_PLACEMENT_3D ( 'NONE', #4561, #9148, #3743 ) ;
#3521 = ORIENTED_EDGE ( 'NONE', *, *, #7023, .T. ) ;
#3522 = EDGE_CURVE ( 'NONE', #1482, #5267, #2512, .T. ) ;
#3523 = EDGE_CURVE ( 'NONE', #4936, #5522, #8234, .T. ) ;
#3524 = CIRCLE ( 'NONE', #9226, 0.1250000000000001110 ) ;
#3525 = CARTESIAN_POINT ( 'NONE',  ( -1.224999999999999867, 0.2499999999999998890, -0.02000000000000000042 ) ) ;
#3526 = CARTESIAN_POINT ( 'NONE',  ( -1.224999999999999423, -0.1250000000000001110, 0.1830000000000000238 ) ) ;
#3527 =( NAMED_UNIT ( * ) PLANE_ANGLE_UNIT ( ) SI_UNIT ( $, .RADIAN. ) );
#3528 = ORIENTED_EDGE ( 'NONE', *, *, #2397, .T. ) ;
#3529 = ORIENTED_EDGE ( 'NONE', *, *, #5606, .T. ) ;
#3530 = CIRCLE ( 'NONE', #9233, 0.05000000000000002359 ) ;
#3531 = CARTESIAN_POINT ( 'NONE',  ( 0.000000000000000000, 16.73293336935568476, 0.001000000000000000021 ) ) ;
#3532 = FACE_OUTER_BOUND ( 'NONE', #8399, .T. ) ;
#3533 = DIRECTION ( 'NONE',  ( 0.9999962538172042503, 0.002737216023205453833, -0.000000000000000000 ) ) ;
#3534 = CARTESIAN_POINT ( 'NONE',  ( 3.408207860625855901, 16.66373620763538810, 0.000000000000000000 ) ) ;
#3535 = EDGE_CURVE ( 'NONE', #3255, #9482, #9466, .T. ) ;
#3536 = DIRECTION ( 'NONE',  ( -0.000000000000000000, 0.000000000000000000, 1.000000000000000000 ) ) ;
#3537 = CARTESIAN_POINT ( 'NONE',  ( 1.099999999999998979, 0.7499999999999995559, 0.1830000000000000238 ) ) ;
#3538 = ORIENTED_EDGE ( 'NONE', *, *, #2087, .F. ) ;
#3539 = EDGE_CURVE ( 'NONE', #5678, #2851, #5890, .T. ) ;
#3540 = DIRECTION ( 'NONE',  ( 0.000000000000000000, 0.000000000000000000, -1.000000000000000000 ) ) ;
#3541 = VERTEX_POINT ( 'NONE', #9721 ) ;
#3542 = CLOSED_SHELL ( 'NONE', ( #9286, #723, #2327, #310, #3852, #6688, #3665 ) ) ;
#3543 = CARTESIAN_POINT ( 'NONE',  ( 3.766197258505401102, 16.62772543980134543, 0.001000000000000000021 ) ) ;
#3544 = FACE_OUTER_BOUND ( 'NONE', #1916, .T. ) ;
#3545 = VERTEX_POINT ( 'NONE', #5121 ) ;
#3546 = AXIS2_PLACEMENT_3D ( 'NONE', #609, #2724, #1969 ) ;
#3547 = FACE_OUTER_BOUND ( 'NONE', #2471, .T. ) ;
#3548 = DIRECTION ( 'NONE',  ( 0.009933284738731439426, 0.9999506637101148732, 0.000000000000000000 ) ) ;
#3549 = LINE ( 'NONE', #3438, #6748 ) ;
#3550 = ORIENTED_EDGE ( 'NONE', *, *, #553, .F. ) ;
#3551 = LINE ( 'NONE', #2049, #4949 ) ;
#3552 = EDGE_LOOP ( 'NONE', ( #446, #3300, #5822, #5023 ) ) ;
#3553 = EDGE_CURVE ( 'NONE', #981, #1542, #9882, .T. ) ;
#3554 = CARTESIAN_POINT ( 'NONE',  ( 2.847569631993972283, 16.54211160450963547, 0.001000000000000000021 ) ) ;
#3555 = ORIENTED_EDGE ( 'NONE', *, *, #6021, .T. ) ;
#3556 = DIRECTION ( 'NONE',  ( 0.000000000000000000, 0.000000000000000000, 1.000000000000000000 ) ) ;
#3557 = DIRECTION ( 'NONE',  ( 0.000000000000000000, 1.000000000000000000, 0.000000000000000000 ) ) ;
#3558 = CARTESIAN_POINT ( 'NONE',  ( 1.499999999999999112, 0.3749999999999996669, -0.02000000000000000042 ) ) ;
#3559 = EDGE_LOOP ( 'NONE', ( #3521, #1784, #9698 ) ) ;
#3560 = AXIS2_PLACEMENT_3D ( 'NONE', #5516, #2267, #798 ) ;
#3561 = CARTESIAN_POINT ( 'NONE',  ( 3.061162911793909647, 16.48685978915644057, -1.694065894508600678E-18 ) ) ;
#3562 = CARTESIAN_POINT ( 'NONE',  ( 1.224999999999999423, 0.8749999999999996669, 0.1830000000000000238 ) ) ;
#3563 = VERTEX_POINT ( 'NONE', #490 ) ;
#3564 = CARTESIAN_POINT ( 'NONE',  ( 3.534245548044983476, 16.54122898765098526, 0.001000000000000001756 ) ) ;
#3565 = AXIS2_PLACEMENT_3D ( 'NONE', #8017, #215, #2686 ) ;
#3566 = DIRECTION ( 'NONE',  ( -0.000000000000000000, -0.000000000000000000, -1.000000000000000000 ) ) ;
#3567 = DIRECTION ( 'NONE',  ( -0.000000000000000000, -0.000000000000000000, -1.000000000000000000 ) ) ;
#3568 = ORIENTED_EDGE ( 'NONE', *, *, #1855, .T. ) ;
#3569 = CARTESIAN_POINT ( 'NONE',  ( 3.771492959657475552, 16.79506959620657724, 0.001000000000000000021 ) ) ;
#3570 = ORIENTED_EDGE ( 'NONE', *, *, #1024, .T. ) ;
#3571 =( LENGTH_UNIT ( ) NAMED_UNIT ( * ) SI_UNIT ( .MILLI., .METRE. ) );
#3572 = PLANE ( 'NONE',  #3294 ) ;
#3573 = CIRCLE ( 'NONE', #9274, 0.1250000000000001110 ) ;
#3574 = ORIENTED_EDGE ( 'NONE', *, *, #606, .T. ) ;
#3575 = EDGE_CURVE ( 'NONE', #4981, #6722, #4320, .T. ) ;
#3576 = ORIENTED_EDGE ( 'NONE', *, *, #1242, .F. ) ;
#3577 = CARTESIAN_POINT ( 'NONE',  ( 3.526125472945151440, 16.66179445054629582, 0.000000000000000000 ) ) ;
#3578 = PLANE ( 'NONE',  #9706 ) ;
#3579 =( GEOMETRIC_REPRESENTATION_CONTEXT ( 3 ) GLOBAL_UNCERTAINTY_ASSIGNED_CONTEXT ( ( #9954 ) ) GLOBAL_UNIT_ASSIGNED_CONTEXT ( ( #9715, #3340, #2754 ) ) REPRESENTATION_CONTEXT ( 'NONE', 'WORKASPACE' ) );
#3580 = FILL_AREA_STYLE ('',( #7502 ) ) ;
#3581 = CARTESIAN_POINT ( 'NONE',  ( 1.499999999999999112, 0.1249999999999984873, -0.02000000000000000042 ) ) ;
#3582 = CYLINDRICAL_SURFACE ( 'NONE', #8035, 0.1250000000000009714 ) ;
#3583 = EDGE_CURVE ( 'NONE', #9620, #3846, #4184, .T. ) ;
#3584 = AXIS2_PLACEMENT_3D ( 'NONE', #7658, #6335, #9295 ) ;
#3585 = VERTEX_POINT ( 'NONE', #8958 ) ;
#3586 = EDGE_CURVE ( 'NONE', #9612, #5524, #541, .T. ) ;
#3587 =( NAMED_UNIT ( * ) SI_UNIT ( $, .STERADIAN. ) SOLID_ANGLE_UNIT ( ) );
#3588 = DIRECTION ( 'NONE',  ( -1.000000000000000000, 0.000000000000000000, 0.000000000000000000 ) ) ;
#3589 = ORIENTED_EDGE ( 'NONE', *, *, #1576, .F. ) ;
#3590 = FACE_OUTER_BOUND ( 'NONE', #6093, .T. ) ;
#3591 = DIRECTION ( 'NONE',  ( -1.000000000000000000, 0.000000000000000000, 0.000000000000000000 ) ) ;
#3592 = VERTEX_POINT ( 'NONE', #1954 ) ;
#3593 = DIRECTION ( 'NONE',  ( 3.942553354492743531E-16, 1.000000000000000000, 0.000000000000000000 ) ) ;
#3594 = CARTESIAN_POINT ( 'NONE',  ( 0.006060412596811450350, 16.82370536705730046, 0.000000000000000000 ) ) ;
#3595 = LINE ( 'NONE', #1179, #3185 ) ;
#3596 = DIRECTION ( 'NONE',  ( -0.000000000000000000, 0.000000000000000000, -1.000000000000000000 ) ) ;
#3597 = ORIENTED_EDGE ( 'NONE', *, *, #6760, .F. ) ;
#3598 = SURFACE_SIDE_STYLE ('',( #636 ) ) ;
#3599 = FACE_BOUND ( 'NONE', #4752, .T. ) ;
#3600 = ORIENTED_EDGE ( 'NONE', *, *, #667, .F. ) ;
#3601 =( LENGTH_UNIT ( ) NAMED_UNIT ( * ) SI_UNIT ( .MILLI., .METRE. ) );
#3602 = CARTESIAN_POINT ( 'NONE',  ( 2.849864435826539033, 16.39153716841929409, 0.001000000000000000021 ) ) ;
#3603 = EDGE_LOOP ( 'NONE', ( #3202, #370, #7184, #2747 ) ) ;
#3604 = PLANE ( 'NONE',  #8670 ) ;
#3605 = CARTESIAN_POINT ( 'NONE',  ( 3.554868513959378973, -0.01777434256967811918, 0.000000000000000000 ) ) ;
#3606 = DIRECTION ( 'NONE',  ( 0.000000000000000000, -1.000000000000000000, 0.000000000000000000 ) ) ;
#3607 = ADVANCED_FACE ( 'NONE', ( #5014 ), #6711, .F. ) ;
#3608 = EDGE_CURVE ( 'NONE', #9919, #9157, #647, .T. ) ;
#3609 = CARTESIAN_POINT ( 'NONE',  ( -1.499999999999999556, -0.1250000000000000000, 0.1830000000000000238 ) ) ;
#3610 = CARTESIAN_POINT ( 'NONE',  ( -0.7249999999999997558, -0.8200000000000000622, 0.01000000000000000021 ) ) ;
#3611 = PRESENTATION_STYLE_ASSIGNMENT (( #6868 ) ) ;
#3612 = ORIENTED_EDGE ( 'NONE', *, *, #8386, .F. ) ;
#3613 = CARTESIAN_POINT ( 'NONE',  ( 0.000000000000000000, 0.000000000000000000, 0.001000000000000000021 ) ) ;
#3614 = EDGE_LOOP ( 'NONE', ( #8971, #6742, #6974, #695 ) ) ;
#3615 =( NAMED_UNIT ( * ) SI_UNIT ( $, .STERADIAN. ) SOLID_ANGLE_UNIT ( ) );
#3616 = CIRCLE ( 'NONE', #4600, 0.05000000000000002359 ) ;
#3617 = DIRECTION ( 'NONE',  ( -1.000000000000000000, 0.000000000000000000, 0.000000000000000000 ) ) ;
#3618 = CARTESIAN_POINT ( 'NONE',  ( 1.224999999999999423, -0.6249999999999996669, 0.1829999999927167664 ) ) ;
#3619 = SURFACE_STYLE_USAGE ( .BOTH. , #1367 ) ;
#3620 = ORIENTED_EDGE ( 'NONE', *, *, #1709, .F. ) ;
#3621 = ORIENTED_EDGE ( 'NONE', *, *, #3786, .F. ) ;
#3622 = AXIS2_PLACEMENT_3D ( 'NONE', #86, #799, #6862 ) ;
#3623 = STYLED_ITEM ( 'NONE', ( #7984 ), #8450 ) ;
#3624 = CARTESIAN_POINT ( 'NONE',  ( 3.335303708099099040, 16.55146734321162683, 0.000000000000000000 ) ) ;
#3625 = DIRECTION ( 'NONE',  ( -0.1811624294769798027, 0.9834531885890646086, 0.000000000000000000 ) ) ;
#3626 = UNCERTAINTY_MEASURE_WITH_UNIT (LENGTH_MEASURE( 1.000000000000000082E-05 ), #579, 'distance_accuracy_value', 'NONE');
#3627 = EDGE_CURVE ( 'NONE', #2293, #7636, #6664, .T. ) ;
#3628 = FACE_OUTER_BOUND ( 'NONE', #1438, .T. ) ;
#3629 = DIRECTION ( 'NONE',  ( 0.000000000000000000, 0.000000000000000000, -1.000000000000000000 ) ) ;
#3630 = B_SPLINE_CURVE_WITH_KNOTS ( 'NONE', 3,
 ( #4118, #4825, #7954, #5544 ),
 .UNSPECIFIED., .F., .F.,
 ( 4, 4 ),
 ( 0.2500000000000000000, 0.5000000000000000000 ),
 .UNSPECIFIED. ) ;
#3631 = VECTOR ( 'NONE', #5104, 1000.000000000000000 ) ;
#3632 = DIRECTION ( 'NONE',  ( 1.000000000000000000, 0.000000000000000000, 0.000000000000000000 ) ) ;
#3633 = ORIENTED_EDGE ( 'NONE', *, *, #1110, .T. ) ;
#3634 = AXIS2_PLACEMENT_3D ( 'NONE', #4301, #9806, #2693 ) ;
#3635 = CARTESIAN_POINT ( 'NONE',  ( 2.693817775212373533, 16.55270300681376838, 0.000000000000000000 ) ) ;
#3636 = AXIS2_PLACEMENT_3D ( 'NONE', #1873, #6527, #1824 ) ;
#3637 = STYLED_ITEM ( 'NONE', ( #6422 ), #8595 ) ;
#3638 = VERTEX_POINT ( 'NONE', #3561 ) ;
#3639 = EDGE_CURVE ( 'NONE', #736, #8406, #8455, .T. ) ;
#3640 = CARTESIAN_POINT ( 'NONE',  ( 2.727886785957321258, 16.55270300681376838, 0.000000000000000000 ) ) ;
#3641 = DIRECTION ( 'NONE',  ( 1.000000000000000000, 0.000000000000000000, 0.000000000000000000 ) ) ;
#3642 = EDGE_CURVE ( 'NONE', #2817, #7419, #5953, .T. ) ;
#3643 = COLOUR_RGB ( '',0.8039215686274510109, 0.8039215686274510109, 0.8039215686274510109 ) ;
#3644 = LINE ( 'NONE', #9710, #2719 ) ;
#3645 = ORIENTED_EDGE ( 'NONE', *, *, #4690, .T. ) ;
#3646 = EDGE_LOOP ( 'NONE', ( #9963, #7845, #5292, #1250 ) ) ;
#3647 = CARTESIAN_POINT ( 'NONE',  ( 2.790376059551682886, 16.67256237622216375, 0.001000000000000000021 ) ) ;
#3648 = FILL_AREA_STYLE ('',( #2055 ) ) ;
#3649 = COLOUR_RGB ( '',0.8039215686274510109, 0.8039215686274510109, 0.8039215686274510109 ) ;
#3650 = ORIENTED_EDGE ( 'NONE', *, *, #1444, .T. ) ;
#3651 = CARTESIAN_POINT ( 'NONE',  ( -1.224999999999999423, -0.8750000000000001110, 0.000000000000000000 ) ) ;
#3652 = CARTESIAN_POINT ( 'NONE',  ( 3.213679104973357958, 16.62737239305786474, 0.000000000000000000 ) ) ;
#3653 = CARTESIAN_POINT ( 'NONE',  ( 3.526125472945151440, 16.66179445054629582, 0.001000000000000000021 ) ) ;
#3654 = ORIENTED_EDGE ( 'NONE', *, *, #7008, .T. ) ;
#3655 = CARTESIAN_POINT ( 'NONE',  ( -0.6749999999999993783, 0.8699999999999998845, -0.02000000000000000042 ) ) ;
#3656 = CARTESIAN_POINT ( 'NONE',  ( -6.987650917943116546, 9.957402558050056030, 0.000000000000000000 ) ) ;
#3657 = CARTESIAN_POINT ( 'NONE',  ( 1.499999999999999334, -0.1250000000000003331, 0.1830000000000000238 ) ) ;
#3658 = DIRECTION ( 'NONE',  ( 1.000000000000000000, 0.000000000000000000, 0.000000000000000000 ) ) ;
#3659 = B_SPLINE_SURFACE_WITH_KNOTS ( 'NONE', 3, 1, ( 
 ( #1253, #1303 ),
 ( #7488, #5185 ),
 ( #8315, #1362 ),
 ( #7540, #4971 ) ),
 .UNSPECIFIED., .F., .F., .F.,
 ( 4, 4 ),
 ( 2, 2 ),
 ( 0.2727272727272727071, 0.3636363636363635909 ),
 ( 0.000000000000000000, 1.000000000000000000 ),
 .UNSPECIFIED. ) ;
#3660 = STYLED_ITEM ( 'NONE', ( #9932 ), #4483 ) ;
#3661 = CARTESIAN_POINT ( 'NONE',  ( 3.151366354750738452, 16.78200686669816832, 0.001000000000000000021 ) ) ;
#3662 = LINE ( 'NONE', #3205, #9108 ) ;
#3663 = ORIENTED_EDGE ( 'NONE', *, *, #3451, .T. ) ;
#3664 = DIRECTION ( 'NONE',  ( 0.000000000000000000, 0.000000000000000000, -1.000000000000000000 ) ) ;
#3665 = ADVANCED_FACE ( 'NONE', ( #8146, #4368 ), #6612, .F. ) ;
#3666 = ORIENTED_EDGE ( 'NONE', *, *, #3118, .T. ) ;
#3667 = SURFACE_SIDE_STYLE ('',( #9944 ) ) ;
#3668 = DIRECTION ( 'NONE',  ( -1.000000000000000000, 0.000000000000000000, 0.000000000000000000 ) ) ;
#3669 = CARTESIAN_POINT ( 'NONE',  ( 3.266812639865734003, 0.000000000000000000, 0.001000000000000000021 ) ) ;
#3670 = ORIENTED_EDGE ( 'NONE', *, *, #3642, .T. ) ;
#3671 = AXIS2_PLACEMENT_3D ( 'NONE', #3698, #743, #6149 ) ;
#3672 = ORIENTED_EDGE ( 'NONE', *, *, #3575, .F. ) ;
#3673 = CARTESIAN_POINT ( 'NONE',  ( -1.224999999999999645, -0.1250000000000001110, -0.02000000000000000042 ) ) ;
#3674 = EDGE_CURVE ( 'NONE', #4420, #3030, #4469, .T. ) ;
#3675 = DIRECTION ( 'NONE',  ( 0.000000000000000000, 0.000000000000000000, -1.000000000000000000 ) ) ;
#3676 = PLANE ( 'NONE',  #7755 ) ;
#3677 = PLANE ( 'NONE',  #6155 ) ;
#3678 = CARTESIAN_POINT ( 'NONE',  ( 3.487466854535089311, 16.45508558224401696, 0.000000000000000000 ) ) ;
#3679 = B_SPLINE_CURVE_WITH_KNOTS ( 'NONE', 3,
 ( #4650, #114, #3181, #8668 ),
 .UNSPECIFIED., .F., .F.,
 ( 4, 4 ),
 ( 0.000000000000000000, 0.1000000000000000194 ),
 .UNSPECIFIED. ) ;
#3680 = CARTESIAN_POINT ( 'NONE',  ( 3.125064372362150955, 16.70027654558460384, 0.001000000000000000021 ) ) ;
#3681 = VERTEX_POINT ( 'NONE', #5794 ) ;
#3682 = CIRCLE ( 'NONE', #6291, 0.1250000000000005551 ) ;
#3683 = EDGE_CURVE ( 'NONE', #8131, #7743, #6714, .T. ) ;
#3684 = CARTESIAN_POINT ( 'NONE',  ( 2.682343756049562433, 16.38959541133016273, 0.001000000000000000021 ) ) ;
#3685 = CARTESIAN_POINT ( 'NONE',  ( -0.7249999999999997558, 0.8199999999999995071, 0.01000000000000000021 ) ) ;
#3686 = EDGE_LOOP ( 'NONE', ( #1368, #6537, #7857, #3084 ) ) ;
#3687 = CARTESIAN_POINT ( 'NONE',  ( 3.194791104197659770, 16.67291542296562312, 0.001000000000000000021 ) ) ;
#3688 = ORIENTED_EDGE ( 'NONE', *, *, #6504, .T. ) ;
#3689 = CARTESIAN_POINT ( 'NONE',  ( 3.536893398621014928, 16.55005515623776091, 0.001000000000000001756 ) ) ;
#3690 = DIRECTION ( 'NONE',  ( -0.000000000000000000, -0.000000000000000000, -1.000000000000000000 ) ) ;
#3691 = ORIENTED_EDGE ( 'NONE', *, *, #4830, .T. ) ;
#3692 = EDGE_CURVE ( 'NONE', #5140, #31, #8353, .T. ) ;
#3693 = CIRCLE ( 'NONE', #1476, 0.1000000000000000472 ) ;
#3694 = CYLINDRICAL_SURFACE ( 'NONE', #92, 0.05000000000000002359 ) ;
#3695 = SURFACE_STYLE_FILL_AREA ( #3648 ) ;
#3696 = ORIENTED_EDGE ( 'NONE', *, *, #6752, .F. ) ;
#3697 = DIRECTION ( 'NONE',  ( 0.000000000000000000, 0.000000000000000000, -1.000000000000000000 ) ) ;
#3698 = CARTESIAN_POINT ( 'NONE',  ( 1.499999999999999112, 0.6249999999999984457, -0.02000000000000000042 ) ) ;
#3699 = LINE ( 'NONE', #4462, #7129 ) ;
#3700 = ORIENTED_EDGE ( 'NONE', *, *, #3751, .T. ) ;
#3701 = FACE_OUTER_BOUND ( 'NONE', #4529, .T. ) ;
#3702 = DIRECTION ( 'NONE',  ( -1.000000000000000000, 0.000000000000000000, 0.000000000000000000 ) ) ;
#3703 = LINE ( 'NONE', #5281, #5278 ) ;
#3704 = LINE ( 'NONE', #8502, #1915 ) ;
#3705 = VERTEX_POINT ( 'NONE', #1244 ) ;
#3706 = EDGE_CURVE ( 'NONE', #1646, #2803, #5845, .T. ) ;
#3707 = CARTESIAN_POINT ( 'NONE',  ( -1.499999999999999556, 0.1250000000000000000, 0.000000000000000000 ) ) ;
#3708 = EDGE_CURVE ( 'NONE', #4112, #6259, #9066, .T. ) ;
#3709 = LINE ( 'NONE', #7679, #193 ) ;
#3710 = FACE_OUTER_BOUND ( 'NONE', #5715, .T. ) ;
#3711 = EDGE_CURVE ( 'NONE', #1542, #6061, #4154, .T. ) ;
#3712 = ORIENTED_EDGE ( 'NONE', *, *, #3398, .T. ) ;
#3713 = LINE ( 'NONE', #8412, #8009 ) ;
#3714 = ORIENTED_EDGE ( 'NONE', *, *, #20, .T. ) ;
#3715 = CARTESIAN_POINT ( 'NONE',  ( -1.224999999999999645, -0.3750000000000001110, -0.02000000000000000042 ) ) ;
#3716 = CARTESIAN_POINT ( 'NONE',  ( 1.499999999999999112, 0.1249999999999984873, -0.02000000000000000042 ) ) ;
#3717 = SURFACE_STYLE_FILL_AREA ( #7596 ) ;
#3718 = VERTEX_POINT ( 'NONE', #5068 ) ;
#3719 = MECHANICAL_DESIGN_GEOMETRIC_PRESENTATION_REPRESENTATION (  '', ( #9913 ), #5238 ) ;
#3720 = ORIENTED_EDGE ( 'NONE', *, *, #3683, .T. ) ;
#3721 = CARTESIAN_POINT ( 'NONE',  ( 2.174132968823124568, 16.44272894622254100, 0.001000000000000000021 ) ) ;
#3722 = DIRECTION ( 'NONE',  ( -0.000000000000000000, -0.000000000000000000, -1.000000000000000000 ) ) ;
#3723 = UNCERTAINTY_MEASURE_WITH_UNIT (LENGTH_MEASURE( 1.000000000000000082E-05 ), #4632, 'distance_accuracy_value', 'NONE');
#3724 =( LENGTH_UNIT ( ) NAMED_UNIT ( * ) SI_UNIT ( .MILLI., .METRE. ) );
#3725 = VECTOR ( 'NONE', #2108, 1000.000000000000000 ) ;
#3726 = CARTESIAN_POINT ( 'NONE',  ( 3.772905146631351236, 16.76435452952457794, 0.000000000000000000 ) ) ;
#3727 = CARTESIAN_POINT ( 'NONE',  ( 3.167783028322135763, 16.58571287732828736, 0.000000000000000000 ) ) ;
#3728 = CARTESIAN_POINT ( 'NONE',  ( -1.269999999999999574, 1.269999999999999796, 0.7800000000000000266 ) ) ;
#3729 = EDGE_LOOP ( 'NONE', ( #5964, #7542, #9942, #4204 ) ) ;
#3730 = EDGE_CURVE ( 'NONE', #394, #3411, #1958, .T. ) ;
#3731 = ORIENTED_EDGE ( 'NONE', *, *, #3324, .T. ) ;
#3732 = CIRCLE ( 'NONE', #7642, 0.1250000000000001110 ) ;
#3733 = DIRECTION ( 'NONE',  ( -0.005319073689649684265, 0.9999858536274821574, 0.000000000000000000 ) ) ;
#3734 = CARTESIAN_POINT ( 'NONE',  ( -1.499999999999999778, 1.500000000000000000, 0.7800000000000000266 ) ) ;
#3735 = VERTEX_POINT ( 'NONE', #4265 ) ;
#3736 = CARTESIAN_POINT ( 'NONE',  ( 0.06483382559257365452, 16.59745935003211770, 0.000000000000000000 ) ) ;
#3737 = B_SPLINE_SURFACE_WITH_KNOTS ( 'NONE', 3, 1, ( 
 ( #5048, #1892 ),
 ( #5878, #9763 ),
 ( #8992, #7356 ),
 ( #4947, #7308 ) ),
 .UNSPECIFIED., .F., .F., .F.,
 ( 4, 4 ),
 ( 2, 2 ),
 ( 0.6363636363636363535, 0.7272727272727272929 ),
 ( 0.000000000000000000, 1.000000000000000000 ),
 .UNSPECIFIED. ) ;
#3738 = ORIENTED_EDGE ( 'NONE', *, *, #1625, .F. ) ;
#3739 = CARTESIAN_POINT ( 'NONE',  ( 2.202376708300803454, 16.74087692108376046, 0.001000000000000000021 ) ) ;
#3740 = CARTESIAN_POINT ( 'NONE',  ( 7.052281452695194908, 14.35844503768889702, 0.000000000000000000 ) ) ;
#3741 = AXIS2_PLACEMENT_3D ( 'NONE', #8432, #6132, #5454 ) ;
#3742 = PRESENTATION_STYLE_ASSIGNMENT (( #3095 ) ) ;
#3743 = DIRECTION ( 'NONE',  ( -1.000000000000000000, 0.000000000000000000, 0.000000000000000000 ) ) ;
#3744 = ORIENTED_EDGE ( 'NONE', *, *, #6473, .F. ) ;
#3745 = ORIENTED_EDGE ( 'NONE', *, *, #4425, .T. ) ;
#3746 = DIRECTION ( 'NONE',  ( 1.000000000000000000, -0.000000000000000000, -0.000000000000000000 ) ) ;
#3747 =( NAMED_UNIT ( * ) PLANE_ANGLE_UNIT ( ) SI_UNIT ( $, .RADIAN. ) );
#3748 = EDGE_LOOP ( 'NONE', ( #9966, #2792, #2003 ) ) ;
#3749 = FACE_OUTER_BOUND ( 'NONE', #9934, .T. ) ;
#3750 = DIRECTION ( 'NONE',  ( -0.000000000000000000, -0.000000000000000000, -1.000000000000000000 ) ) ;
#3751 = EDGE_CURVE ( 'NONE', #71, #8147, #7373, .T. ) ;
#3752 = FACE_OUTER_BOUND ( 'NONE', #549, .T. ) ;
#3753 = CARTESIAN_POINT ( 'NONE',  ( -0.2370689009062744990, 16.53555583866170053, 0.001000000000000000021 ) ) ;
#3754 = DIRECTION ( 'NONE',  ( 1.000000000000000000, 0.000000000000000000, 0.000000000000000000 ) ) ;
#3755 = DIRECTION ( 'NONE',  ( -0.000000000000000000, 0.000000000000000000, -1.000000000000000000 ) ) ;
#3756 = ORIENTED_EDGE ( 'NONE', *, *, #5257, .T. ) ;
#3757 = LINE ( 'NONE', #9012, #2368 ) ;
#3758 = DIRECTION ( 'NONE',  ( -0.000000000000000000, -0.000000000000000000, 1.000000000000000000 ) ) ;
#3759 = EDGE_LOOP ( 'NONE', ( #6355, #7276, #5481, #1411, #9011, #5750 ) ) ;
#3760 = DIRECTION ( 'NONE',  ( 0.000000000000000000, 0.000000000000000000, -1.000000000000000000 ) ) ;
#3761 = ORIENTED_EDGE ( 'NONE', *, *, #10003, .F. ) ;
#3762 = ADVANCED_FACE ( 'NONE', ( #440 ), #5125, .T. ) ;
#3763 = CARTESIAN_POINT ( 'NONE',  ( 3.012795507938381689, 16.58588940070004369, 0.001000000000000000021 ) ) ;
#3764 = B_SPLINE_CURVE_WITH_KNOTS ( 'NONE', 3,
 ( #2098, #626, #2788, #6692 ),
 .UNSPECIFIED., .F., .F.,
 ( 4, 4 ),
 ( 0.1428571428571427937, 0.2142857142857143016 ),
 .UNSPECIFIED. ) ;
#3765 = CARTESIAN_POINT ( 'NONE',  ( 3.273697051363418709, 0.000000000000000000, 0.001000000000000000021 ) ) ;
#3766 = EDGE_CURVE ( 'NONE', #3807, #5258, #5231, .T. ) ;
#3767 = EDGE_CURVE ( 'NONE', #3200, #397, #8961, .T. ) ;
#3768 =( NAMED_UNIT ( * ) PLANE_ANGLE_UNIT ( ) SI_UNIT ( $, .RADIAN. ) );
#3769 = FACE_OUTER_BOUND ( 'NONE', #1330, .T. ) ;
#3770 = CARTESIAN_POINT ( 'NONE',  ( 0.000000000000000000, 16.82472552265812382, 0.000000000000000000 ) ) ;
#3771 = LINE ( 'NONE', #5353, #2398 ) ;
#3772 = DIRECTION ( 'NONE',  ( 0.000000000000000000, 0.000000000000000000, -1.000000000000000000 ) ) ;
#3773 = LINE ( 'NONE', #1535, #764 ) ;
#3774 = DIRECTION ( 'NONE',  ( 0.9999750287169699714, -0.007066961333913558338, 0.000000000000000000 ) ) ;
#3775 = DIRECTION ( 'NONE',  ( 0.02658634363531968067, -0.9996465206922418023, 0.000000000000000000 ) ) ;
#3776 = ORIENTED_EDGE ( 'NONE', *, *, #5026, .F. ) ;
#3777 = AXIS2_PLACEMENT_3D ( 'NONE', #9160, #1557, #5601 ) ;
#3778 = ORIENTED_EDGE ( 'NONE', *, *, #5817, .F. ) ;
#3779 = EDGE_CURVE ( 'NONE', #394, #6240, #2271, .T. ) ;
#3780 = VECTOR ( 'NONE', #3124, 1000.000000000000000 ) ;
#3781 = CARTESIAN_POINT ( 'NONE',  ( 3.442982964857743688, 16.52092879990137675, 0.001000000000000000021 ) ) ;
#3782 = VERTEX_POINT ( 'NONE', #89 ) ;
#3783 = DIRECTION ( 'NONE',  ( 0.000000000000000000, 0.000000000000000000, 1.000000000000000000 ) ) ;
#3784 = ADVANCED_FACE ( 'NONE', ( #5473 ), #1466, .F. ) ;
#3785 = CIRCLE ( 'NONE', #3464, 0.1250000000000001110 ) ;
#3786 = EDGE_CURVE ( 'NONE', #5232, #7477, #6967, .T. ) ;
#3787 = VECTOR ( 'NONE', #6407, 1000.000000000000000 ) ;
#3788 = ORIENTED_EDGE ( 'NONE', *, *, #9946, .F. ) ;
#3789 = CARTESIAN_POINT ( 'NONE',  ( 2.786669068745240896, 16.41625044046226378, 0.000000000000000000 ) ) ;
#3790 =( NAMED_UNIT ( * ) SI_UNIT ( $, .STERADIAN. ) SOLID_ANGLE_UNIT ( ) );
#3791 = DIRECTION ( 'NONE',  ( 0.000000000000000000, 0.000000000000000000, -1.000000000000000000 ) ) ;
#3792 = ORIENTED_EDGE ( 'NONE', *, *, #9121, .F. ) ;
#3793 = VERTEX_POINT ( 'NONE', #9164 ) ;
#3794 = DIRECTION ( 'NONE',  ( 0.000000000000000000, 0.000000000000000000, 1.000000000000000000 ) ) ;
#3795 = AXIS2_PLACEMENT_3D ( 'NONE', #3468, #4976, #1155 ) ;
#3796 = MECHANICAL_DESIGN_GEOMETRIC_PRESENTATION_REPRESENTATION (  '', ( #9825 ), #9009 ) ;
#3797 = LINE ( 'NONE', #6536, #5365 ) ;
#3798 = ORIENTED_EDGE ( 'NONE', *, *, #8431, .T. ) ;
#3799 = LINE ( 'NONE', #5328, #8317 ) ;
#3800 = CARTESIAN_POINT ( 'NONE',  ( -1.469999999999999751, 1.469999999999999973, 0.7500000000000000000 ) ) ;
#3801 = ADVANCED_FACE ( 'NONE', ( #1561 ), #1510, .F. ) ;
#3802 =( GEOMETRIC_REPRESENTATION_CONTEXT ( 3 ) GLOBAL_UNCERTAINTY_ASSIGNED_CONTEXT ( ( #5393 ) ) GLOBAL_UNIT_ASSIGNED_CONTEXT ( ( #3271, #9396, #6485 ) ) REPRESENTATION_CONTEXT ( 'NONE', 'WORKASPACE' ) );
#3803 = CARTESIAN_POINT ( 'NONE',  ( -1.224999999999999867, 0.1249999999999998890, 0.1830000001064036041 ) ) ;
#3804 = CYLINDRICAL_SURFACE ( 'NONE', #1067, 0.02999999999999997113 ) ;
#3805 = CARTESIAN_POINT ( 'NONE',  ( 2.786669068745240896, 16.41625044046226378, 0.001000000000000000021 ) ) ;
#3806 = LINE ( 'NONE', #6914, #8565 ) ;
#3807 = VERTEX_POINT ( 'NONE', #3155 ) ;
#3808 = ORIENTED_EDGE ( 'NONE', *, *, #3089, .T. ) ;
#3809 = CARTESIAN_POINT ( 'NONE',  ( 0.000000000000000000, 0.000000000000000000, 0.000000000000000000 ) ) ;
#3810 = EDGE_CURVE ( 'NONE', #5043, #388, #6117, .T. ) ;
#3811 = CARTESIAN_POINT ( 'NONE',  ( 3.615269775671568375, 16.72569591111453136, 0.001000000000000000021 ) ) ;
#3812 =( NAMED_UNIT ( * ) SI_UNIT ( $, .STERADIAN. ) SOLID_ANGLE_UNIT ( ) );
#3813 = ORIENTED_EDGE ( 'NONE', *, *, #4482, .T. ) ;
#3814 = CARTESIAN_POINT ( 'NONE',  ( -1.224999999999999867, 0.7499999999999998890, 0.1830000000000000238 ) ) ;
#3815 = ORIENTED_EDGE ( 'NONE', *, *, #8644, .F. ) ;
#3816 = CARTESIAN_POINT ( 'NONE',  ( -1.224999999999999867, 0.1249999999999998890, 0.1829999999927167664 ) ) ;
#3817 = CIRCLE ( 'NONE', #9027, 0.1250000000000009714 ) ;
#3818 = CARTESIAN_POINT ( 'NONE',  ( -1.499999999999999556, 0.8750000000000000000, 0.1830000000000000238 ) ) ;
#3819 = CARTESIAN_POINT ( 'NONE',  ( 0.06628453444613494061, 16.83627175159552891, 0.001000000000000000021 ) ) ;
#3820 = VECTOR ( 'NONE', #7878, 1000.000000000000000 ) ;
#3821 = DIRECTION ( 'NONE',  ( 0.000000000000000000, 0.000000000000000000, -1.000000000000000000 ) ) ;
#3822 = VERTEX_POINT ( 'NONE', #6251 ) ;
#3823 = AXIS2_PLACEMENT_3D ( 'NONE', #3391, #3338, #2641 ) ;
#3824 = EDGE_CURVE ( 'NONE', #8874, #8099, #3862, .T. ) ;
#3825 = B_SPLINE_SURFACE_WITH_KNOTS ( 'NONE', 3, 1, ( 
 ( #52, #2319 ),
 ( #1566, #5383 ),
 ( #2412, #4674 ),
 ( #9318, #5531 ) ),
 .UNSPECIFIED., .F., .F., .F.,
 ( 4, 4 ),
 ( 2, 2 ),
 ( 0.1818181818181817955, 0.2727272727272727071 ),
 ( 0.000000000000000000, 1.000000000000000000 ),
 .UNSPECIFIED. ) ;
#3826 = VERTEX_POINT ( 'NONE', #7015 ) ;
#3827 = DIRECTION ( 'NONE',  ( 0.000000000000000000, 0.000000000000000000, -1.000000000000000000 ) ) ;
#3828 = EDGE_CURVE ( 'NONE', #3514, #736, #5377, .T. ) ;
#3829 = VECTOR ( 'NONE', #908, 1000.000000000000000 ) ;
#3830 = UNCERTAINTY_MEASURE_WITH_UNIT (LENGTH_MEASURE( 1.000000000000000082E-05 ), #4308, 'distance_accuracy_value', 'NONE');
#3831 = ADVANCED_FACE ( 'NONE', ( #4623 ), #7777, .F. ) ;
#3832 = AXIS2_PLACEMENT_3D ( 'NONE', #5800, #3567, #3460 ) ;
#3833 = CARTESIAN_POINT ( 'NONE',  ( 3.421270590134276368, 16.77212155788095771, 0.000000000000000000 ) ) ;
#3834 = LINE ( 'NONE', #6937, #7704 ) ;
#3835 = DIRECTION ( 'NONE',  ( -0.000000000000000000, -0.000000000000000000, -1.000000000000000000 ) ) ;
#3836 = SURFACE_STYLE_FILL_AREA ( #1537 ) ;
#3837 = ORIENTED_EDGE ( 'NONE', *, *, #4337, .T. ) ;
#3838 = VECTOR ( 'NONE', #2068, 1000.000000000000114 ) ;
#3839 = VERTEX_POINT ( 'NONE', #2964 ) ;
#3840 = EDGE_CURVE ( 'NONE', #1756, #6570, #8405, .T. ) ;
#3841 = AXIS2_PLACEMENT_3D ( 'NONE', #4485, #1309, #5970 ) ;
#3842 = EDGE_CURVE ( 'NONE', #8905, #7173, #5284, .T. ) ;
#3843 = DIRECTION ( 'NONE',  ( -1.000000000000000000, 3.942553354492742545E-16, 0.000000000000000000 ) ) ;
#3844 = CARTESIAN_POINT ( 'NONE',  ( 2.907587578384037474, 16.75905882837253813, 0.000000000000000000 ) ) ;
#3845 = EDGE_CURVE ( 'NONE', #6302, #7610, #3704, .T. ) ;
#3846 = VERTEX_POINT ( 'NONE', #7723 ) ;
#3847 = CARTESIAN_POINT ( 'NONE',  ( 2.860985408245872996, 16.63107938386431428, 0.001000000000000000021 ) ) ;
#3848 = CARTESIAN_POINT ( 'NONE',  ( 3.095761492654057090, 16.63054981374909858, 0.000000000000000000 ) ) ;
#3849 = CARTESIAN_POINT ( 'NONE',  ( 2.073691170305643094, 16.38730060749761464, 0.000000000000000000 ) ) ;
#3850 = VECTOR ( 'NONE', #5975, 1000.000000000000000 ) ;
#3851 = CARTESIAN_POINT ( 'NONE',  ( 2.775548096325903824, 16.70027654558460384, 0.000000000000000000 ) ) ;
#3852 = ADVANCED_FACE ( 'NONE', ( #4522 ), #7630, .F. ) ;
#3853 = ORIENTED_EDGE ( 'NONE', *, *, #4734, .T. ) ;
#3854 = LINE ( 'NONE', #6295, #1169 ) ;
#3855 = VECTOR ( 'NONE', #7694, 1000.000000000000000 ) ;
#3856 = VERTEX_POINT ( 'NONE', #4670 ) ;
#3857 = FACE_OUTER_BOUND ( 'NONE', #2313, .T. ) ;
#3858 = DIRECTION ( 'NONE',  ( 0.5744257490971600433, -0.8185566924619006590, 0.000000000000000000 ) ) ;
#3859 = CARTESIAN_POINT ( 'NONE',  ( 1.224999999999999423, 0.3749999999999996669, 0.000000000000000000 ) ) ;
#3860 = VECTOR ( 'NONE', #7851, 1000.000000000000000 ) ;
#3861 = FILL_AREA_STYLE_COLOUR ( '', #7038 ) ;
#3862 = LINE ( 'NONE', #2312, #4322 ) ;
#3863 = B_SPLINE_CURVE_WITH_KNOTS ( 'NONE', 3,
 ( #7920, #8062, #4793, #8777 ),
 .UNSPECIFIED., .F., .F.,
 ( 4, 4 ),
 ( 0.7272727272727272929, 0.8181818181818182323 ),
 .UNSPECIFIED. ) ;
#3864 = EDGE_CURVE ( 'NONE', #9198, #7654, #9982, .T. ) ;
#3865 = DIRECTION ( 'NONE',  ( 1.000000000000000000, 0.000000000000000000, 0.000000000000000000 ) ) ;
#3866 = CARTESIAN_POINT ( 'NONE',  ( 2.786845592116968806, 16.48915459298898867, 0.001000000000000000021 ) ) ;
#3867 = CARTESIAN_POINT ( 'NONE',  ( -0.000000000000000000, 16.38730060749761464, 0.000000000000000000 ) ) ;
#3868 = ORIENTED_EDGE ( 'NONE', *, *, #4629, .F. ) ;
#3869 = PLANE ( 'NONE',  #5729 ) ;
#3870 = VERTEX_POINT ( 'NONE', #8452 ) ;
#3871 = CARTESIAN_POINT ( 'NONE',  ( 3.114826016801492514, 16.45508558224401696, 0.000000000000000000 ) ) ;
#3872 = CARTESIAN_POINT ( 'NONE',  ( 2.747127833476488590, 16.78183034332643331, 0.000000000000000000 ) ) ;
#3873 = CARTESIAN_POINT ( 'NONE',  ( 2.775195049582429796, 16.71598712566905220, 0.001000000000000000021 ) ) ;
#3874 = ORIENTED_EDGE ( 'NONE', *, *, #8570, .F. ) ;
#3875 = ORIENTED_EDGE ( 'NONE', *, *, #8731, .T. ) ;
#3876 = CARTESIAN_POINT ( 'NONE',  ( 2.997261451225656792, 16.63019676700563920, 0.001000000000000000021 ) ) ;
#3877 = UNCERTAINTY_MEASURE_WITH_UNIT (LENGTH_MEASURE( 1.000000000000000082E-05 ), #8103, 'distance_accuracy_value', 'NONE');
#3878 = B_SPLINE_CURVE_WITH_KNOTS ( 'NONE', 3,
 ( #1279, #2105, #9867, #1225 ),
 .UNSPECIFIED., .F., .F.,
 ( 4, 4 ),
 ( 0.000000000000000000, 0.2500000000000000000 ),
 .UNSPECIFIED. ) ;
#3879 = FACE_OUTER_BOUND ( 'NONE', #6915, .T. ) ;
#3880 = SURFACE_STYLE_USAGE ( .BOTH. , #9134 ) ;
#3881 = DIRECTION ( 'NONE',  ( 0.000000000000000000, -0.000000000000000000, 1.000000000000000000 ) ) ;
#3882 = DIRECTION ( 'NONE',  ( 0.9999910228155172165, -0.004237250095936102509, 0.000000000000000000 ) ) ;
#3883 = ORIENTED_EDGE ( 'NONE', *, *, #4795, .T. ) ;
#3884 = ORIENTED_EDGE ( 'NONE', *, *, #4537, .F. ) ;
#3885 = CARTESIAN_POINT ( 'NONE',  ( 0.000000000000000000, 16.70027654558460384, 0.000000000000000000 ) ) ;
#3886 = ORIENTED_EDGE ( 'NONE', *, *, #3270, .F. ) ;
#3887 = EDGE_CURVE ( 'NONE', #6302, #3963, #3806, .T. ) ;
#3888 = CARTESIAN_POINT ( 'NONE',  ( 0.6749999999999998224, 0.8699999999999998845, 0.000000000000000000 ) ) ;
#3889 = DIRECTION ( 'NONE',  ( 0.9999994027895108273, -0.001092895521940541979, 0.000000000000000000 ) ) ;
#3890 = EDGE_CURVE ( 'NONE', #6797, #8472, #1745, .T. ) ;
#3891 = AXIS2_PLACEMENT_3D ( 'NONE', #3006, #6657, #4457 ) ;
#3892 = EDGE_CURVE ( 'NONE', #9737, #5217, #2500, .T. ) ;
#3893 = DIRECTION ( 'NONE',  ( 0.000000000000000000, -0.000000000000000000, 1.000000000000000000 ) ) ;
#3894 = EDGE_LOOP ( 'NONE', ( #2726, #9637, #9248, #136 ) ) ;
#3895 = EDGE_CURVE ( 'NONE', #4139, #5479, #3282, .T. ) ;
#3896 = FACE_OUTER_BOUND ( 'NONE', #6224, .T. ) ;
#3897 = ORIENTED_EDGE ( 'NONE', *, *, #3368, .F. ) ;
#3898 = VECTOR ( 'NONE', #6739, 1000.000000000000000 ) ;
#3899 = CARTESIAN_POINT ( 'NONE',  ( 3.275462285080775526, 16.40089290712125347, 0.001000000000000001756 ) ) ;
#3900 = CARTESIAN_POINT ( 'NONE',  ( 0.6749999999999998224, 0.8699999999999998845, -0.02000000000000000042 ) ) ;
#3901 = CARTESIAN_POINT ( 'NONE',  ( 0.000000000000000000, 0.000000000000000000, 0.000000000000000000 ) ) ;
#3902 = ORIENTED_EDGE ( 'NONE', *, *, #5319, .T. ) ;
#3903 = B_SPLINE_SURFACE_WITH_KNOTS ( 'NONE', 3, 1, ( 
 ( #7664, #3848 ),
 ( #6952, #2951 ),
 ( #9146, #5318 ),
 ( #2195, #1495 ) ),
 .UNSPECIFIED., .F., .F., .F.,
 ( 4, 4 ),
 ( 2, 2 ),
 ( 0.000000000000000000, 0.1000000000000000056 ),
 ( 0.000000000000000000, 1.000000000000000000 ),
 .UNSPECIFIED. ) ;
#3904 = VECTOR ( 'NONE', #3697, 1000.000000000000000 ) ;
#3905 = DIRECTION ( 'NONE',  ( -0.000000000000000000, -0.000000000000000000, -1.000000000000000000 ) ) ;
#3906 = DIRECTION ( 'NONE',  ( 0.9999719463614428205, 0.007490426563787701102, 0.000000000000000000 ) ) ;
#3907 = DIRECTION ( 'NONE',  ( 1.000000000000000000, 0.000000000000000000, 0.000000000000000000 ) ) ;
#3908 = EDGE_LOOP ( 'NONE', ( #7159, #2956, #4331, #3133 ) ) ;
#3909 = CARTESIAN_POINT ( 'NONE',  ( 2.767781067969536490, 16.82472552265812382, 0.001000000000000000021 ) ) ;
#3910 = ORIENTED_EDGE ( 'NONE', *, *, #3378, .F. ) ;
#3911 = SURFACE_STYLE_FILL_AREA ( #6926 ) ;
#3912 = ADVANCED_FACE ( 'NONE', ( #5626 ), #5523, .F. ) ;
#3913 = DIRECTION ( 'NONE',  ( 0.000000000000000000, -0.000000000000000000, -1.000000000000000000 ) ) ;
#3914 = SURFACE_STYLE_USAGE ( .BOTH. , #9236 ) ;
#3915 = ORIENTED_EDGE ( 'NONE', *, *, #5694, .T. ) ;
#3916 = EDGE_LOOP ( 'NONE', ( #4463, #4513, #3576, #862 ) ) ;
#3917 = DIRECTION ( 'NONE',  ( -0.000000000000000000, -0.000000000000000000, -1.000000000000000000 ) ) ;
#3918 = UNCERTAINTY_MEASURE_WITH_UNIT (LENGTH_MEASURE( 1.000000000000000082E-05 ), #3601, 'distance_accuracy_value', 'NONE');
#3919 = CARTESIAN_POINT ( 'NONE',  ( -0.000000000000000000, 16.55270300681376838, 0.000000000000000000 ) ) ;
#3920 = FACE_OUTER_BOUND ( 'NONE', #5603, .T. ) ;
#3921 = CARTESIAN_POINT ( 'NONE',  ( 0.000000000000000000, 16.58571287732828736, 0.001000000000000000021 ) ) ;
#3922 = CARTESIAN_POINT ( 'NONE',  ( 1.499999999999999112, 0.6249999999999984457, -0.02000000000000000042 ) ) ;
#3923 = CARTESIAN_POINT ( 'NONE',  ( -3.243162531485117572, 1.241937012964192455, 0.000000000000000000 ) ) ;
#3924 = DIRECTION ( 'NONE',  ( 1.000000000000000000, -0.000000000000000000, -0.000000000000000000 ) ) ;
#3925 = ORIENTED_EDGE ( 'NONE', *, *, #4985, .T. ) ;
#3926 = ORIENTED_EDGE ( 'NONE', *, *, #582, .T. ) ;
#3927 = EDGE_CURVE ( 'NONE', #2813, #3502, #298, .T. ) ;
#3928 = PLANE ( 'NONE',  #900 ) ;
#3929 = FILL_AREA_STYLE ('',( #6228 ) ) ;
#3930 = CARTESIAN_POINT ( 'NONE',  ( 1.224999999999999423, -0.6249999999999995559, -0.02000000000000000042 ) ) ;
#3931 = VECTOR ( 'NONE', #8880, 1000.000000000000000 ) ;
#3932 = LINE ( 'NONE', #783, #7346 ) ;
#3933 = CARTESIAN_POINT ( 'NONE',  ( 3.799560175763412762, 16.76241277243552830, 0.000000000000000000 ) ) ;
#3934 = LINE ( 'NONE', #7815, #927 ) ;
#3935 = VECTOR ( 'NONE', #9391, 1000.000000000000000 ) ;
#3936 = CARTESIAN_POINT ( 'NONE',  ( 1.499999999999999112, 0.6249999999999984457, -0.02000000000000000042 ) ) ;
#3937 = ORIENTED_EDGE ( 'NONE', *, *, #553, .T. ) ;
#3938 = VECTOR ( 'NONE', #2920, 1000.000000000000000 ) ;
#3939 = ORIENTED_EDGE ( 'NONE', *, *, #8935, .T. ) ;
#3940 = CARTESIAN_POINT ( 'NONE',  ( -1.224999999999999423, 0.7499999999999998890, 0.1830000000000000238 ) ) ;
#3941 = ADVANCED_FACE ( 'NONE', ( #1037 ), #3111, .F. ) ;
#3942 = EDGE_CURVE ( 'NONE', #6719, #7994, #3331, .T. ) ;
#3943 = CARTESIAN_POINT ( 'NONE',  ( 3.406266103536768508, 16.72957942529269815, 0.001000000000000000021 ) ) ;
#3944 = SURFACE_STYLE_USAGE ( .BOTH. , #1693 ) ;
#3945 =( LENGTH_UNIT ( ) NAMED_UNIT ( * ) SI_UNIT ( .MILLI., .METRE. ) );
#3946 = EDGE_LOOP ( 'NONE', ( #1945, #5833, #7786, #5790 ) ) ;
#3947 = VECTOR ( 'NONE', #9047, 1000.000000000000000 ) ;
#3948 = DIRECTION ( 'NONE',  ( 1.000000000000000000, 0.000000000000000000, 0.000000000000000000 ) ) ;
#3949 =( GEOMETRIC_REPRESENTATION_CONTEXT ( 3 ) GLOBAL_UNCERTAINTY_ASSIGNED_CONTEXT ( ( #617 ) ) GLOBAL_UNIT_ASSIGNED_CONTEXT ( ( #966, #6219, #8573 ) ) REPRESENTATION_CONTEXT ( 'NONE', 'WORKASPACE' ) );
#3950 = CARTESIAN_POINT ( 'NONE',  ( 3.648456169557835249, 16.52304708036222181, 0.001000000000000000021 ) ) ;
#3951 = CARTESIAN_POINT ( 'NONE',  ( 1.499999999999999112, 0.8749999999999996669, -0.02000000000000000042 ) ) ;
#3952 = CARTESIAN_POINT ( 'NONE',  ( 1.499999999999999112, 0.3749999999999996669, 0.1830000000000000238 ) ) ;
#3953 = VERTEX_POINT ( 'NONE', #7929 ) ;
#3954 = LINE ( 'NONE', #6311, #414 ) ;
#3955 = DIRECTION ( 'NONE',  ( -0.3939192985791583057, 0.9191450300180619148, 0.000000000000000000 ) ) ;
#3956 = ORIENTED_EDGE ( 'NONE', *, *, #9436, .F. ) ;
#3957 = DIRECTION ( 'NONE',  ( 0.000000000000000000, -0.000000000000000000, 1.000000000000000000 ) ) ;
#3958 = CARTESIAN_POINT ( 'NONE',  ( -0.6749999999999993783, -0.8700000000000001066, -0.02000000000000000042 ) ) ;
#3959 = DIRECTION ( 'NONE',  ( -1.000000000000000000, 0.000000000000000000, 0.000000000000000000 ) ) ;
#3960 = EDGE_LOOP ( 'NONE', ( #1020, #372, #2403, #1744, #9999, #840 ) ) ;
#3961 = ADVANCED_BREP_SHAPE_REPRESENTATION ( '', ( #8539, #5146, #1846, #8616, #2061, #2025, #5201, #8450, #5338, #8706, #8601, #3823 ), #6102 ) ;
#3962 = ADVANCED_FACE ( 'NONE', ( #8690 ), #1696, .F. ) ;
#3963 = VERTEX_POINT ( 'NONE', #137 ) ;
#3964 = ORIENTED_EDGE ( 'NONE', *, *, #4927, .F. ) ;
#3965 = DIRECTION ( 'NONE',  ( 0.000000000000000000, -0.000000000000000000, 1.000000000000000000 ) ) ;
#3966 = VECTOR ( 'NONE', #4506, 1000.000000000000000 ) ;
#3967 = UNCERTAINTY_MEASURE_WITH_UNIT (LENGTH_MEASURE( 1.000000000000000082E-05 ), #4179, 'distance_accuracy_value', 'NONE');
#3968 = SURFACE_SIDE_STYLE ('',( #7084 ) ) ;
#3969 = AXIS2_PLACEMENT_3D ( 'NONE', #893, #7057, #4087 ) ;
#3970 = DIRECTION ( 'NONE',  ( -0.005434702347162998458, -0.9999852318961504061, 0.000000000000000000 ) ) ;
#3971 = CARTESIAN_POINT ( 'NONE',  ( -1.469999999999999751, 1.469999999999999973, 0.7800000000000000266 ) ) ;
#3972 = DIRECTION ( 'NONE',  ( 0.000000000000000000, 1.000000000000000000, 0.000000000000000000 ) ) ;
#3973 = MECHANICAL_DESIGN_GEOMETRIC_PRESENTATION_REPRESENTATION (  '', ( #8382 ), #7889 ) ;
#3974 = PLANE ( 'NONE',  #7093 ) ;
#3975 = ORIENTED_EDGE ( 'NONE', *, *, #2130, .T. ) ;
#3976 = ORIENTED_EDGE ( 'NONE', *, *, #6555, .T. ) ;
#3977 = VECTOR ( 'NONE', #2839, 1000.000000000000000 ) ;
#3978 = EDGE_CURVE ( 'NONE', #9511, #4365, #7831, .T. ) ;
#3979 = CARTESIAN_POINT ( 'NONE',  ( 3.376963223828672866, 16.42101657149909499, 0.000000000000000000 ) ) ;
#3980 = CARTESIAN_POINT ( 'NONE',  ( 3.821449073858611989, 16.51104349108420521, 0.0009999999999999982861 ) ) ;
#3981 = DIRECTION ( 'NONE',  ( -0.000000000000000000, -0.000000000000000000, 1.000000000000000000 ) ) ;
#3982 = VECTOR ( 'NONE', #797, 1000.000000000000000 ) ;
#3983 = CARTESIAN_POINT ( 'NONE',  ( 3.494704312776238719, 16.39171369179099003, 0.001000000000000000021 ) ) ;
#3984 = B_SPLINE_SURFACE_WITH_KNOTS ( 'NONE', 3, 1, ( 
 ( #2029, #3475 ),
 ( #5812, #4232 ),
 ( #8973, #459 ),
 ( #6631, #8925 ) ),
 .UNSPECIFIED., .F., .F., .F.,
 ( 4, 4 ),
 ( 2, 2 ),
 ( 0.3846153846153845812, 0.4615384615384616196 ),
 ( 0.000000000000000000, 1.000000000000000000 ),
 .UNSPECIFIED. ) ;
#3985 = DIRECTION ( 'NONE',  ( -1.000000000000000000, 0.000000000000000000, 0.000000000000000000 ) ) ;
#3986 = CARTESIAN_POINT ( 'NONE',  ( 3.495763453006649257, 16.79171565214358708, 0.000000000000000000 ) ) ;
#3987 = AXIS2_PLACEMENT_3D ( 'NONE', #528, #3495, #2846 ) ;
#3988 = FACE_OUTER_BOUND ( 'NONE', #9120, .T. ) ;
#3989 =( GEOMETRIC_REPRESENTATION_CONTEXT ( 3 ) GLOBAL_UNCERTAINTY_ASSIGNED_CONTEXT ( ( #3877 ) ) GLOBAL_UNIT_ASSIGNED_CONTEXT ( ( #8103, #5702, #7138 ) ) REPRESENTATION_CONTEXT ( 'NONE', 'WORKASPACE' ) );
#3990 = EDGE_LOOP ( 'NONE', ( #1277, #5563, #399, #4946, #3377 ) ) ;
#3991 = VECTOR ( 'NONE', #2748, 1000.000000000000000 ) ;
#3992 = DIRECTION ( 'NONE',  ( 0.002724785525229372115, -0.9999962877650303561, 0.000000000000000000 ) ) ;
#3993 = ORIENTED_EDGE ( 'NONE', *, *, #7635, .F. ) ;
#3994 = CARTESIAN_POINT ( 'NONE',  ( 3.615269775671568375, 16.72569591111453136, 0.000000000000000000 ) ) ;
#3995 = STYLED_ITEM ( 'NONE', ( #7340 ), #5338 ) ;
#3996 = CARTESIAN_POINT ( 'NONE',  ( -1.224999999999999423, -0.3750000000000001110, 0.1830000000000000238 ) ) ;
#3997 = EDGE_CURVE ( 'NONE', #7806, #9472, #6303, .T. ) ;
#3998 = ORIENTED_EDGE ( 'NONE', *, *, #5558, .F. ) ;
#3999 = CARTESIAN_POINT ( 'NONE',  ( -1.224999999999999423, -0.7500000000000001110, 0.1830000000000000238 ) ) ;
#4000 = VERTEX_POINT ( 'NONE', #9411 ) ;
#4001 = ORIENTED_EDGE ( 'NONE', *, *, #6250, .T. ) ;
#4002 = CARTESIAN_POINT ( 'NONE',  ( 3.660283235464118157, 16.57547452176763159, 0.001000000000000000021 ) ) ;
#4003 = VECTOR ( 'NONE', #3722, 1000.000000000000000 ) ;
#4004 = DIRECTION ( 'NONE',  ( 0.000000000000000000, 1.000000000000000000, -0.000000000000000000 ) ) ;
#4005 = DIRECTION ( 'NONE',  ( 1.000000000000000000, 0.000000000000000000, 0.000000000000000000 ) ) ;
#4006 = ORIENTED_EDGE ( 'NONE', *, *, #9179, .F. ) ;
#4007 = LINE ( 'NONE', #2508, #3295 ) ;
#4008 = DIRECTION ( 'NONE',  ( -0.000000000000000000, -0.000000000000000000, -1.000000000000000000 ) ) ;
#4009 = ORIENTED_EDGE ( 'NONE', *, *, #3482, .F. ) ;
#4010 = DIRECTION ( 'NONE',  ( -0.000000000000000000, -0.000000000000000000, -1.000000000000000000 ) ) ;
#4011 = CARTESIAN_POINT ( 'NONE',  ( 3.071930837469771802, 16.58571287732829092, 0.001000000000000000021 ) ) ;
#4012 = EDGE_CURVE ( 'NONE', #3514, #5309, #6498, .T. ) ;
#4013 =( NAMED_UNIT ( * ) PLANE_ANGLE_UNIT ( ) SI_UNIT ( $, .RADIAN. ) );
#4014 = ORIENTED_EDGE ( 'NONE', *, *, #5282, .T. ) ;
#4015 = ADVANCED_FACE ( 'NONE', ( #7881 ), #5725, .T. ) ;
#4016 = EDGE_CURVE ( 'NONE', #7617, #3244, #6399, .T. ) ;
#4017 = EDGE_LOOP ( 'NONE', ( #3875, #4744, #9448, #63, #6833, #6109, #225, #2627, #7778 ) ) ;
#4018 = EDGE_CURVE ( 'NONE', #4292, #5317, #4754, .T. ) ;
#4019 = VERTEX_POINT ( 'NONE', #6350 ) ;
#4020 = DIRECTION ( 'NONE',  ( 0.009933284738731439426, 0.9999506637101148732, 0.000000000000000000 ) ) ;
#4021 = CLOSED_SHELL ( 'NONE', ( #8968, #321, #8825, #509, #3042, #5819, #5259, #4882, #9751, #5972, #9427, #7353, #2420, #3962 ) ) ;
#4022 = VECTOR ( 'NONE', #1258, 1000.000000000000114 ) ;
#4023 = DIRECTION ( 'NONE',  ( -0.000000000000000000, 0.000000000000000000, 1.000000000000000000 ) ) ;
#4024 = LINE ( 'NONE', #5651, #5144 ) ;
#4025 = DIRECTION ( 'NONE',  ( -0.3576158181216269050, -0.9338687951897736150, 0.000000000000000000 ) ) ;
#4026 = CARTESIAN_POINT ( 'NONE',  ( 3.822155167345547166, 16.76329538929418916, 0.001000000000000000021 ) ) ;
#4027 = ORIENTED_EDGE ( 'NONE', *, *, #211, .T. ) ;
#4028 = VERTEX_POINT ( 'NONE', #4846 ) ;
#4029 = DIRECTION ( 'NONE',  ( 0.000000000000000000, 0.000000000000000000, -1.000000000000000000 ) ) ;
#4030 = DIRECTION ( 'NONE',  ( -0.000000000000000000, -0.000000000000000000, -1.000000000000000000 ) ) ;
#4031 = CARTESIAN_POINT ( 'NONE',  ( 3.509698368240530719, 0.003211068955317883476, 0.001000000000000000021 ) ) ;
#4032 = PLANE ( 'NONE',  #1125 ) ;
#4033 = EDGE_CURVE ( 'NONE', #9590, #3239, #5572, .T. ) ;
#4034 = EDGE_CURVE ( 'NONE', #397, #7886, #2898, .T. ) ;
#4035 = CONTEXT_DEPENDENT_SHAPE_REPRESENTATION ( #10000, #1599 ) ;
#4036 = CARTESIAN_POINT ( 'NONE',  ( -1.499999999999999778, -0.3750000000000000000, -0.02000000000000000042 ) ) ;
#4037 = EDGE_LOOP ( 'NONE', ( #2758, #795, #6613, #6561 ) ) ;
#4038 = CARTESIAN_POINT ( 'NONE',  ( 3.371314475933138599, 16.58783115778910755, 0.000000000000000000 ) ) ;
#4039 = CARTESIAN_POINT ( 'NONE',  ( 3.423082598700431411, 0.08868089633936865335, 0.001000000000000000021 ) ) ;
#4040 = DIRECTION ( 'NONE',  ( 1.000000000000000000, -3.942553354492742545E-16, 0.000000000000000000 ) ) ;
#4041 = CARTESIAN_POINT ( 'NONE',  ( 0.000000000000000000, 16.63107938386431428, 0.001000000000000000021 ) ) ;
#4042 = VECTOR ( 'NONE', #5073, 1000.000000000000000 ) ;
#4043 = CARTESIAN_POINT ( 'NONE',  ( 0.01791859393890259111, 16.39551345760311918, 0.000000000000000000 ) ) ;
#4044 = ORIENTED_EDGE ( 'NONE', *, *, #9270, .F. ) ;
#4045 = CARTESIAN_POINT ( 'NONE',  ( 3.400264308897753107, 16.41307301977099797, 0.0009999999999999982861 ) ) ;
#4046 = ORIENTED_EDGE ( 'NONE', *, *, #3890, .T. ) ;
#4047 = DIRECTION ( 'NONE',  ( 0.000000000000000000, 0.000000000000000000, -1.000000000000000000 ) ) ;
#4048 = COLOUR_RGB ( '',0.8039215686274510109, 0.8039215686274510109, 0.8039215686274510109 ) ;
#4049 = ORIENTED_EDGE ( 'NONE', *, *, #5946, .F. ) ;
#4050 = ADVANCED_FACE ( 'NONE', ( #4305 ), #9051, .T. ) ;
#4051 = FACE_OUTER_BOUND ( 'NONE', #56, .T. ) ;
#4052 = DIRECTION ( 'NONE',  ( -0.000000000000000000, -0.000000000000000000, 1.000000000000000000 ) ) ;
#4053 = ORIENTED_EDGE ( 'NONE', *, *, #3118, .F. ) ;
#4054 = CARTESIAN_POINT ( 'NONE',  ( 3.730716060786571475, 16.62754891642958910, 0.001000000000000000021 ) ) ;
#4055 = CARTESIAN_POINT ( 'NONE',  ( 3.868227767368511927, 16.36700041974804165, 0.000000000000000000 ) ) ;
#4056 = VECTOR ( 'NONE', #3327, 1000.000000000000000 ) ;
#4057 = SURFACE_STYLE_FILL_AREA ( #7223 ) ;
#4058 = ORIENTED_EDGE ( 'NONE', *, *, #4446, .F. ) ;
#4059 = ORIENTED_EDGE ( 'NONE', *, *, #7996, .T. ) ;
#4060 = EDGE_CURVE ( 'NONE', #3244, #6570, #3644, .T. ) ;
#4061 = ORIENTED_EDGE ( 'NONE', *, *, #849, .T. ) ;
#4062 = DIRECTION ( 'NONE',  ( -0.000000000000000000, -0.000000000000000000, -1.000000000000000000 ) ) ;
#4063 = ORIENTED_EDGE ( 'NONE', *, *, #7122, .T. ) ;
#4064 = UNCERTAINTY_MEASURE_WITH_UNIT (LENGTH_MEASURE( 1.000000000000000082E-05 ), #9177, 'distance_accuracy_value', 'NONE');
#4065 = EDGE_CURVE ( 'NONE', #194, #394, #4784, .T. ) ;
#4066 = DIRECTION ( 'NONE',  ( -1.000000000000000000, 0.000000000000000000, 0.000000000000000000 ) ) ;
#4067 = CARTESIAN_POINT ( 'NONE',  ( -1.499999999999999556, -0.1250000000000000000, 0.000000000000000000 ) ) ;
#4068 = DIRECTION ( 'NONE',  ( -0.000000000000000000, -0.000000000000000000, 1.000000000000000000 ) ) ;
#4069 = FACE_OUTER_BOUND ( 'NONE', #3916, .T. ) ;
#4070 = ORIENTED_EDGE ( 'NONE', *, *, #5559, .T. ) ;
#4071 = ADVANCED_FACE ( 'NONE', ( #5163 ), #3737, .F. ) ;
#4072 = CARTESIAN_POINT ( 'NONE',  ( 1.224999999999999423, 0.2499999999999995837, 0.000000000000000000 ) ) ;
#4073 = DIRECTION ( 'NONE',  ( 0.3486989651146547020, 0.9372347794058695225, 0.000000000000000000 ) ) ;
#4074 = CARTESIAN_POINT ( 'NONE',  ( 3.701942751193689318, 16.45014292783547205, 0.000000000000000000 ) ) ;
#4075 = FACE_OUTER_BOUND ( 'NONE', #3603, .T. ) ;
#4076 = SURFACE_SIDE_STYLE ('',( #881 ) ) ;
#4077 = ORIENTED_EDGE ( 'NONE', *, *, #7803, .T. ) ;
#4078 = EDGE_CURVE ( 'NONE', #7477, #4019, #1181, .T. ) ;
#4079 = LINE ( 'NONE', #4993, #707 ) ;
#4080 = EDGE_CURVE ( 'NONE', #2607, #4081, #3551, .T. ) ;
#4081 = VERTEX_POINT ( 'NONE', #6602 ) ;
#4082 = CARTESIAN_POINT ( 'NONE',  ( -2.791182627710051545, 0.9781067327877203121, 0.001000000000000000021 ) ) ;
#4083 = CARTESIAN_POINT ( 'NONE',  ( -1.499999999999999556, 0.3750000000000000000, 0.000000000000000000 ) ) ;
#4084 = AXIS2_PLACEMENT_3D ( 'NONE', #5249, #3827, #2380 ) ;
#4085 = DIRECTION ( 'NONE',  ( -1.000000000000000000, 0.000000000000000000, 0.000000000000000000 ) ) ;
#4086 = FILL_AREA_STYLE ('',( #941 ) ) ;
#4087 = DIRECTION ( 'NONE',  ( 0.1020288654973053322, 0.9947814386111818452, 0.000000000000000000 ) ) ;
#4088 = DIRECTION ( 'NONE',  ( -0.000000000000000000, -0.000000000000000000, -1.000000000000000000 ) ) ;
#4089 = ORIENTED_EDGE ( 'NONE', *, *, #4435, .F. ) ;
#4090 = VECTOR ( 'NONE', #1507, 1000.000000000000000 ) ;
#4091 = VECTOR ( 'NONE', #4062, 1000.000000000000000 ) ;
#4092 = EDGE_CURVE ( 'NONE', #8897, #2851, #6542, .T. ) ;
#4093 = CARTESIAN_POINT ( 'NONE',  ( -1.499999999999999778, 1.469999999999999973, 0.7500000000000000000 ) ) ;
#4094 = CARTESIAN_POINT ( 'NONE',  ( -1.099999999999999867, 0.7499999999999998890, -0.02000000000000000042 ) ) ;
#4095 = VERTEX_POINT ( 'NONE', #9810 ) ;
#4096 = CARTESIAN_POINT ( 'NONE',  ( 2.649686932278500606, 16.63037329037736356, 0.001000000000000000021 ) ) ;
#4097 = CARTESIAN_POINT ( 'NONE',  ( 3.562980195541907147, -0.01936402280150656408, 0.000000000000000000 ) ) ;
#4098 = PRESENTATION_STYLE_ASSIGNMENT (( #1043 ) ) ;
#4099 = ORIENTED_EDGE ( 'NONE', *, *, #3103, .T. ) ;
#4100 = CARTESIAN_POINT ( 'NONE',  ( 2.647568651817678198, 16.39189021516272504, 0.000000000000000000 ) ) ;
#4101 = LINE ( 'NONE', #5537, #8873 ) ;
#4102 = VECTOR ( 'NONE', #2280, 1000.000000000000000 ) ;
#4103 = FILL_AREA_STYLE_COLOUR ( '', #640 ) ;
#4104 = ORIENTED_EDGE ( 'NONE', *, *, #2848, .F. ) ;
#4105 = EDGE_CURVE ( 'NONE', #3839, #3953, #6264, .T. ) ;
#4106 = MECHANICAL_DESIGN_GEOMETRIC_PRESENTATION_REPRESENTATION (  '', ( #7695 ), #2517 ) ;
#4107 = ORIENTED_EDGE ( 'NONE', *, *, #10014, .T. ) ;
#4108 = DIRECTION ( 'NONE',  ( -1.000000000000000000, 0.000000000000000000, -0.000000000000000000 ) ) ;
#4109 = AXIS2_PLACEMENT_3D ( 'NONE', #5344, #1524, #7341 ) ;
#4110 = AXIS2_PLACEMENT_3D ( 'NONE', #4313, #3556, #6659 ) ;
#4111 = SHAPE_REPRESENTATION ( 'AD8000YCPZ-R2_D PINN', ( #3823 ), #6102 ) ;
#4112 = VERTEX_POINT ( 'NONE', #1230 ) ;
#4113 = CARTESIAN_POINT ( 'NONE',  ( 2.783315124682264941, 16.40089290712125347, 0.000000000000000000 ) ) ;
#4114 = ORIENTED_EDGE ( 'NONE', *, *, #898, .F. ) ;
#4115 =( NAMED_UNIT ( * ) SI_UNIT ( $, .STERADIAN. ) SOLID_ANGLE_UNIT ( ) );
#4116 = VECTOR ( 'NONE', #5858, 1000.000000000000000 ) ;
#4117 =( NAMED_UNIT ( * ) SI_UNIT ( $, .STERADIAN. ) SOLID_ANGLE_UNIT ( ) );
#4118 = CARTESIAN_POINT ( 'NONE',  ( 2.747127833476488590, 16.78183034332643331, 0.000000000000000000 ) ) ;
#4119 = DIRECTION ( 'NONE',  ( -0.9999725662867028353, 0.007407204194937119096, 0.000000000000000000 ) ) ;
#4120 = FACE_OUTER_BOUND ( 'NONE', #458, .T. ) ;
#4121 = VERTEX_POINT ( 'NONE', #1282 ) ;
#4122 = ADVANCED_FACE ( 'NONE', ( #7416 ), #8291, .T. ) ;
#4123 = EDGE_CURVE ( 'NONE', #9589, #7882, #7106, .T. ) ;
#4124 = EDGE_CURVE ( 'NONE', #5217, #3172, #5955, .T. ) ;
#4125 = ORIENTED_EDGE ( 'NONE', *, *, #4888, .F. ) ;
#4126 = CARTESIAN_POINT ( 'NONE',  ( 3.526125472945151440, 16.66179445054629582, 0.001000000000000000021 ) ) ;
#4127 = VECTOR ( 'NONE', #2572, 1000.000000000000000 ) ;
#4128 = LINE ( 'NONE', #8054, #6124 ) ;
#4129 = LINE ( 'NONE', #1978, #9336 ) ;
#4130 = CARTESIAN_POINT ( 'NONE',  ( 3.016679022116560027, 16.42384094544686945, 0.000000000000000000 ) ) ;
#4131 = VECTOR ( 'NONE', #8648, 1000.000000000000000 ) ;
#4132 = DIRECTION ( 'NONE',  ( -0.9999994027895107163, 0.001092895521940541763, 0.000000000000000000 ) ) ;
#4133 = DIRECTION ( 'NONE',  ( -0.000000000000000000, -0.000000000000000000, -1.000000000000000000 ) ) ;
#4134 = PLANE ( 'NONE',  #6905 ) ;
#4135 = EDGE_CURVE ( 'NONE', #8760, #1129, #4401, .T. ) ;
#4136 = PRESENTATION_LAYER_ASSIGNMENT (  '', '', ( #3660 ) ) ;
#4137 = ORIENTED_EDGE ( 'NONE', *, *, #7964, .T. ) ;
#4138 = ADVANCED_FACE ( 'NONE', ( #6749 ), #7564, .F. ) ;
#4139 = VERTEX_POINT ( 'NONE', #6900 ) ;
#4140 = ADVANCED_FACE ( 'NONE', ( #4661 ), #2232, .F. ) ;
#4141 = CARTESIAN_POINT ( 'NONE',  ( 3.256927331048552698, 16.63072633712083004, 0.001000000000000000021 ) ) ;
#4142 = ORIENTED_EDGE ( 'NONE', *, *, #879, .F. ) ;
#4143 = ADVANCED_FACE ( 'NONE', ( #8546 ), #838, .F. ) ;
#4144 = CARTESIAN_POINT ( 'NONE',  ( -1.469999999999999751, 1.500000000000000000, 0.7500000000000000000 ) ) ;
#4145 = VECTOR ( 'NONE', #6799, 1000.000000000000000 ) ;
#4146 = CARTESIAN_POINT ( 'NONE',  ( 3.406266103536768508, 16.71987063984729005, 0.000000000000000000 ) ) ;
#4147 = LINE ( 'NONE', #3197, #3147 ) ;
#4148 = CYLINDRICAL_SURFACE ( 'NONE', #1872, 0.05000000000000002359 ) ;
#4149 = AXIS2_PLACEMENT_3D ( 'NONE', #1237, #9768, #5735 ) ;
#4150 = LINE ( 'NONE', #4043, #8693 ) ;
#4151 = EDGE_CURVE ( 'NONE', #3172, #9207, #4452, .T. ) ;
#4152 = DIRECTION ( 'NONE',  ( 1.000000000000000000, 0.000000000000000000, 0.000000000000000000 ) ) ;
#4153 = ORIENTED_EDGE ( 'NONE', *, *, #2362, .T. ) ;
#4154 = CIRCLE ( 'NONE', #9863, 0.1250000000000009714 ) ;
#4155 = ORIENTED_EDGE ( 'NONE', *, *, #8530, .F. ) ;
#4156 = CARTESIAN_POINT ( 'NONE',  ( 3.658341478375024547, 16.35888034464818475, 0.001000000000000000021 ) ) ;
#4157 = DIRECTION ( 'NONE',  ( -0.000000000000000000, 0.000000000000000000, -1.000000000000000000 ) ) ;
#4158 = CARTESIAN_POINT ( 'NONE',  ( 2.764250600534825075, 16.55270300681376838, 0.001000000000000000021 ) ) ;
#4159 = AXIS2_PLACEMENT_3D ( 'NONE', #1527, #3821, #3959 ) ;
#4160 = ORIENTED_EDGE ( 'NONE', *, *, #814, .F. ) ;
#4161 = CARTESIAN_POINT ( 'NONE',  ( 8.773011936222605556, 3.759862258381010847, 0.001000000000000000021 ) ) ;
#4162 = CARTESIAN_POINT ( 'NONE',  ( -0.000000000000000000, 16.53046106197511733, 0.000000000000000000 ) ) ;
#4163 = ORIENTED_EDGE ( 'NONE', *, *, #5946, .T. ) ;
#4164 = LINE ( 'NONE', #7940, #9802 ) ;
#4165 = PLANE ( 'NONE',  #2079 ) ;
#4166 = EDGE_CURVE ( 'NONE', #7982, #6332, #9690, .T. ) ;
#4167 = EDGE_CURVE ( 'NONE', #10011, #8962, #2197, .T. ) ;
#4168 = CARTESIAN_POINT ( 'NONE',  ( 0.6749999999999998224, 0.8699999999999998845, 0.01000000000000000021 ) ) ;
#4169 = PRESENTATION_LAYER_ASSIGNMENT (  '', '', ( #2410 ) ) ;
#4170 = VERTEX_POINT ( 'NONE', #8489 ) ;
#4171 = ORIENTED_EDGE ( 'NONE', *, *, #9545, .T. ) ;
#4172 = CARTESIAN_POINT ( 'NONE',  ( 3.537599492107962096, 16.51157306119940671, 0.001000000000000000021 ) ) ;
#4173 = DIRECTION ( 'NONE',  ( 0.000000000000000000, 0.000000000000000000, -1.000000000000000000 ) ) ;
#4174 = ORIENTED_EDGE ( 'NONE', *, *, #4123, .F. ) ;
#4175 = LINE ( 'NONE', #5697, #5394 ) ;
#4176 = ORIENTED_EDGE ( 'NONE', *, *, #5844, .F. ) ;
#4177 = PRESENTATION_STYLE_ASSIGNMENT (( #9634 ) ) ;
#4178 = ORIENTED_EDGE ( 'NONE', *, *, #6785, .F. ) ;
#4179 =( LENGTH_UNIT ( ) NAMED_UNIT ( * ) SI_UNIT ( .MILLI., .METRE. ) );
#4180 = AXIS2_PLACEMENT_3D ( 'NONE', #1631, #4494, #2383 ) ;
#4181 = CARTESIAN_POINT ( 'NONE',  ( 3.631509925871234667, 16.75905882837253813, 0.000000000000000000 ) ) ;
#4182 = EDGE_LOOP ( 'NONE', ( #8020, #1810, #9114, #2184 ) ) ;
#4183 = ORIENTED_EDGE ( 'NONE', *, *, #7401, .T. ) ;
#4184 = B_SPLINE_CURVE_WITH_KNOTS ( 'NONE', 3,
 ( #8907, #2709, #9111, #4466 ),
 .UNSPECIFIED., .F., .F.,
 ( 4, 4 ),
 ( 0.1538461538461539102, 0.2307692307692308098 ),
 .UNSPECIFIED. ) ;
#4185 = FACE_OUTER_BOUND ( 'NONE', #6902, .T. ) ;
#4186 = CARTESIAN_POINT ( 'NONE',  ( 2.851453146172155506, 16.63054981374909858, 0.001000000000000000021 ) ) ;
#4187 = EDGE_CURVE ( 'NONE', #9864, #7657, #633, .T. ) ;
#4188 = CARTESIAN_POINT ( 'NONE',  ( 2.810499723929526628, 16.72887333180576874, 0.001000000000000000021 ) ) ;
#4189 = CARTESIAN_POINT ( 'NONE',  ( 3.026740854305484785, 16.56594225969389100, 0.000000000000000000 ) ) ;
#4190 = CARTESIAN_POINT ( 'NONE',  ( 1.499999999999999112, 0.6249999999999984457, -0.02000000000000000042 ) ) ;
#4191 = DIRECTION ( 'NONE',  ( 0.000000000000000000, -0.000000000000000000, 1.000000000000000000 ) ) ;
#4192 = ORIENTED_EDGE ( 'NONE', *, *, #9221, .F. ) ;
#4193 = CLOSED_SHELL ( 'NONE', ( #246, #2354, #4950, #8575, #5956, #4483 ) ) ;
#4194 = CARTESIAN_POINT ( 'NONE',  ( 2.468220906134433346, 16.59383295242814071, 0.000000000000000000 ) ) ;
#4195 = ORIENTED_EDGE ( 'NONE', *, *, #645, .T. ) ;
#4196 = EDGE_CURVE ( 'NONE', #8245, #8115, #9300, .T. ) ;
#4197 = DIRECTION ( 'NONE',  ( 1.000000000000000000, 0.000000000000000000, 0.000000000000000000 ) ) ;
#4198 = ORIENTED_EDGE ( 'NONE', *, *, #8630, .T. ) ;
#4199 = CARTESIAN_POINT ( 'NONE',  ( 3.827274345125879496, 16.57812237234368524, 0.000000000000000000 ) ) ;
#4200 = DIRECTION ( 'NONE',  ( -0.9999999351169827078, 0.0003602305242138014482, 0.000000000000000000 ) ) ;
#4201 = EDGE_CURVE ( 'NONE', #3782, #4019, #1546, .T. ) ;
#4202 = AXIS2_PLACEMENT_3D ( 'NONE', #3940, #3058, #7774 ) ;
#4203 = DIRECTION ( 'NONE',  ( 0.3873641921316386405, -0.9219267772736634559, 0.000000000000000000 ) ) ;
#4204 = ORIENTED_EDGE ( 'NONE', *, *, #7145, .F. ) ;
#4205 = CARTESIAN_POINT ( 'NONE',  ( 3.789498343574488892, 16.70363048964761177, 0.001000000000000000021 ) ) ;
#4206 = VERTEX_POINT ( 'NONE', #7616 ) ;
#4207 = CARTESIAN_POINT ( 'NONE',  ( 1.500000000000000222, -1.500000000000000000, 0.7800000000000000266 ) ) ;
#4208 = CARTESIAN_POINT ( 'NONE',  ( 3.309707819197460044, 16.81801763453219678, 0.001000000000000000021 ) ) ;
#4209 = ORIENTED_EDGE ( 'NONE', *, *, #5422, .F. ) ;
#4210 = DIRECTION ( 'NONE',  ( 0.000000000000000000, 0.000000000000000000, -1.000000000000000000 ) ) ;
#4211 = VECTOR ( 'NONE', #7773, 1000.000000000000000 ) ;
#4212 = ORIENTED_EDGE ( 'NONE', *, *, #4930, .T. ) ;
#4213 = CARTESIAN_POINT ( 'NONE',  ( 3.791263577291842601, 16.65049695475525837, 0.001000000000000000021 ) ) ;
#4214 = DIRECTION ( 'NONE',  ( -0.000000000000000000, -0.000000000000000000, 1.000000000000000000 ) ) ;
#4215 = DIRECTION ( 'NONE',  ( -0.000000000000000000, -0.000000000000000000, -1.000000000000000000 ) ) ;
#4216 = EDGE_LOOP ( 'NONE', ( #4006, #9636, #6006, #7945, #2855, #2389, #3597, #3166, #4556, #9052, #9727, #9676, #5759, #3964, #4819, #9629, #7224, #3047, #3897, #9100, #4926, #1490, #9501, #3070, #9838, #4274, #6577, #9522, #3696, #9600, #480, #8164, #2366, #7559, #3884, #6134, #7772, #7949, #4281, #6701, #6825, #8199, #1474, #4061 ) ) ;
#4217 = B_SPLINE_CURVE_WITH_KNOTS ( 'NONE', 3,
 ( #2990, #6085, #2247, #729 ),
 .UNSPECIFIED., .F., .F.,
 ( 4, 4 ),
 ( 0.5454545454545454142, 0.6363636363636363535 ),
 .UNSPECIFIED. ) ;
#4218 = VERTEX_POINT ( 'NONE', #1390 ) ;
#4219 = DIRECTION ( 'NONE',  ( 1.000000000000000000, 0.000000000000000000, 0.000000000000000000 ) ) ;
#4220 = ORIENTED_EDGE ( 'NONE', *, *, #935, .F. ) ;
#4221 = DIRECTION ( 'NONE',  ( 0.000000000000000000, 0.000000000000000000, 1.000000000000000000 ) ) ;
#4222 = LINE ( 'NONE', #120, #2134 ) ;
#4223 = ADVANCED_FACE ( 'NONE', ( #7666 ), #1512, .F. ) ;
#4224 = ORIENTED_EDGE ( 'NONE', *, *, #4652, .F. ) ;
#4225 =( LENGTH_UNIT ( ) NAMED_UNIT ( * ) SI_UNIT ( .MILLI., .METRE. ) );
#4226 = SURFACE_STYLE_FILL_AREA ( #8100 ) ;
#4227 = PLANE ( 'NONE',  #170 ) ;
#4228 = CARTESIAN_POINT ( 'NONE',  ( 3.140598429074867415, 16.39153716841929764, 0.001000000000000000021 ) ) ;
#4229 = ORIENTED_EDGE ( 'NONE', *, *, #4201, .T. ) ;
#4230 = ORIENTED_EDGE ( 'NONE', *, *, #3361, .T. ) ;
#4231 = ORIENTED_EDGE ( 'NONE', *, *, #6760, .T. ) ;
#4232 = CARTESIAN_POINT ( 'NONE',  ( 3.637158673766773820, 16.58694854093044313, 0.000000000000000000 ) ) ;
#4233 = LINE ( 'NONE', #6787, #7913 ) ;
#4234 = CARTESIAN_POINT ( 'NONE',  ( 2.997614497969137926, 16.51174958457114528, 0.001000000000000000021 ) ) ;
#4235 = CARTESIAN_POINT ( 'NONE',  ( 2.721531944574842932, 16.70027654558460384, 0.001000000000000000021 ) ) ;
#4236 = CARTESIAN_POINT ( 'NONE',  ( 2.999026684943015830, 16.69833478849553643, 0.001000000000000000021 ) ) ;
#4237 = DIRECTION ( 'NONE',  ( -0.000000000000000000, -0.000000000000000000, -1.000000000000000000 ) ) ;
#4238 = ORIENTED_EDGE ( 'NONE', *, *, #3320, .T. ) ;
#4239 = EDGE_CURVE ( 'NONE', #8406, #3638, #2954, .T. ) ;
#4240 = DIRECTION ( 'NONE',  ( -0.000000000000000000, -0.000000000000000000, -1.000000000000000000 ) ) ;
#4241 = ORIENTED_EDGE ( 'NONE', *, *, #5200, .F. ) ;
#4242 = CARTESIAN_POINT ( 'NONE',  ( 3.835394420225713308, 16.46797178838075482, 0.000000000000000000 ) ) ;
#4243 = CARTESIAN_POINT ( 'NONE',  ( 3.273697051363418709, 0.000000000000000000, 0.001000000000000000021 ) ) ;
#4244 = VERTEX_POINT ( 'NONE', #3851 ) ;
#4245 = SURFACE_STYLE_USAGE ( .BOTH. , #7514 ) ;
#4246 = CARTESIAN_POINT ( 'NONE',  ( 2.905822344666683765, 0.000000000000000000, 0.001000000000000000021 ) ) ;
#4247 = VERTEX_POINT ( 'NONE', #692 ) ;
#4248 = CARTESIAN_POINT ( 'NONE',  ( 3.442276871370805402, 16.64043512256629853, 1.694065894508600678E-18 ) ) ;
#4249 = ORIENTED_EDGE ( 'NONE', *, *, #32, .F. ) ;
#4250 = EDGE_CURVE ( 'NONE', #5854, #1443, #465, .T. ) ;
#4251 = ORIENTED_EDGE ( 'NONE', *, *, #6987, .F. ) ;
#4252 = LINE ( 'NONE', #277, #5764 ) ;
#4253 = DIRECTION ( 'NONE',  ( 0.000000000000000000, -1.000000000000000000, 0.000000000000000000 ) ) ;
#4254 = LINE ( 'NONE', #4094, #2608 ) ;
#4255 = EDGE_CURVE ( 'NONE', #4496, #5854, #2250, .T. ) ;
#4256 = DIRECTION ( 'NONE',  ( 1.000000000000000000, 0.000000000000000000, 0.000000000000000000 ) ) ;
#4257 = CARTESIAN_POINT ( 'NONE',  ( 3.793558381124408019, 16.45155511480933441, 1.694065894508600678E-18 ) ) ;
#4258 =( LENGTH_UNIT ( ) NAMED_UNIT ( * ) SI_UNIT ( .MILLI., .METRE. ) );
#4259 = VERTEX_POINT ( 'NONE', #9206 ) ;
#4260 = PRESENTATION_LAYER_ASSIGNMENT (  '', '', ( #6535 ) ) ;
#4261 = DIRECTION ( 'NONE',  ( 1.000000000000000000, 0.000000000000000000, 0.000000000000000000 ) ) ;
#4262 =( NAMED_UNIT ( * ) PLANE_ANGLE_UNIT ( ) SI_UNIT ( $, .RADIAN. ) );
#4263 = DIRECTION ( 'NONE',  ( 0.000000000000000000, 0.000000000000000000, -1.000000000000000000 ) ) ;
#4264 =( GEOMETRIC_REPRESENTATION_CONTEXT ( 3 ) GLOBAL_UNCERTAINTY_ASSIGNED_CONTEXT ( ( #1628 ) ) GLOBAL_UNIT_ASSIGNED_CONTEXT ( ( #3571, #450, #5966 ) ) REPRESENTATION_CONTEXT ( 'NONE', 'WORKASPACE' ) );
#4265 = CARTESIAN_POINT ( 'NONE',  ( 2.775548096325903824, 16.70027654558460384, 0.001000000000000000021 ) ) ;
#4266 = VERTEX_POINT ( 'NONE', #2258 ) ;
#4267 = VECTOR ( 'NONE', #1974, 1000.000000000000000 ) ;
#4268 = ORIENTED_EDGE ( 'NONE', *, *, #2567, .T. ) ;
#4269 = FILL_AREA_STYLE ('',( #4914 ) ) ;
#4270 = CYLINDRICAL_SURFACE ( 'NONE', #456, 0.05000000000000002359 ) ;
#4271 = ORIENTED_EDGE ( 'NONE', *, *, #2809, .F. ) ;
#4272 = DIRECTION ( 'NONE',  ( 0.9999974173653761733, 0.002272721403465680686, 0.000000000000000000 ) ) ;
#4273 = MECHANICAL_DESIGN_GEOMETRIC_PRESENTATION_REPRESENTATION (  '', ( #237 ), #7685 ) ;
#4274 = ORIENTED_EDGE ( 'NONE', *, *, #8051, .T. ) ;
#4275 = AXIS2_PLACEMENT_3D ( 'NONE', #7937, #9420, #998 ) ;
#4276 = DIRECTION ( 'NONE',  ( -0.000000000000000000, -0.000000000000000000, 1.000000000000000000 ) ) ;
#4277 = DIRECTION ( 'NONE',  ( -0.000000000000000000, -0.000000000000000000, -1.000000000000000000 ) ) ;
#4278 = PLANE ( 'NONE',  #8242 ) ;
#4279 = ORIENTED_EDGE ( 'NONE', *, *, #8778, .F. ) ;
#4280 = EDGE_CURVE ( 'NONE', #3870, #7364, #5321, .T. ) ;
#4281 = ORIENTED_EDGE ( 'NONE', *, *, #2096, .F. ) ;
#4282 = CARTESIAN_POINT ( 'NONE',  ( 3.389319859850160821, 16.57141448421772267, 0.000000000000000000 ) ) ;
#4283 = CARTESIAN_POINT ( 'NONE',  ( 2.775724619697635287, 16.81536978395616089, 0.001000000000000000021 ) ) ;
#4284 =( GEOMETRIC_REPRESENTATION_CONTEXT ( 3 ) GLOBAL_UNCERTAINTY_ASSIGNED_CONTEXT ( ( #1582 ) ) GLOBAL_UNIT_ASSIGNED_CONTEXT ( ( #5543, #2406, #5375 ) ) REPRESENTATION_CONTEXT ( 'NONE', 'WORKASPACE' ) );
#4285 = CARTESIAN_POINT ( 'NONE',  ( 3.061162911793909647, 16.48685978915644057, -1.694065894508600678E-18 ) ) ;
#4286 = CARTESIAN_POINT ( 'NONE',  ( 3.435039413129651997, 16.43778629181395701, 0.000000000000000000 ) ) ;
#4287 = PLANE ( 'NONE',  #1936 ) ;
#4288 = PRESENTATION_STYLE_ASSIGNMENT (( #5867 ) ) ;
#4289 =( LENGTH_UNIT ( ) NAMED_UNIT ( * ) SI_UNIT ( .MILLI., .METRE. ) );
#4290 = ADVANCED_FACE ( 'NONE', ( #4610 ), #7713, .F. ) ;
#4291 = VECTOR ( 'NONE', #674, 1000.000000000000000 ) ;
#4292 = VERTEX_POINT ( 'NONE', #7818 ) ;
#4293 = CARTESIAN_POINT ( 'NONE',  ( 2.756483572178468400, 16.38888931784326886, 0.001000000000000000021 ) ) ;
#4294 = CARTESIAN_POINT ( 'NONE',  ( -1.169999999999999707, 1.269999999999999796, 0.7800000000000000266 ) ) ;
#4295 = ORIENTED_EDGE ( 'NONE', *, *, #4383, .T. ) ;
#4296 = CARTESIAN_POINT ( 'NONE',  ( 1.499999999999999334, -0.1250000000000003331, -0.02000000000000000042 ) ) ;
#4297 = DIRECTION ( 'NONE',  ( 0.000000000000000000, 1.000000000000000000, 0.000000000000000000 ) ) ;
#4298 = AXIS2_PLACEMENT_3D ( 'NONE', #10009, #3131, #3774 ) ;
#4299 = ORIENTED_EDGE ( 'NONE', *, *, #7137, .T. ) ;
#4300 = FACE_OUTER_BOUND ( 'NONE', #5003, .T. ) ;
#4301 = CARTESIAN_POINT ( 'NONE',  ( 1.470000000000000195, -1.469999999999999973, 0.7500000000000000000 ) ) ;
#4302 = MECHANICAL_DESIGN_GEOMETRIC_PRESENTATION_REPRESENTATION (  '', ( #1089 ), #1247 ) ;
#4303 = EDGE_LOOP ( 'NONE', ( #7160, #6215, #8032, #5389 ) ) ;
#4304 = PRODUCT_DEFINITION_FORMATION_WITH_SPECIFIED_SOURCE ( 'ANY', '', #6916, .NOT_KNOWN. ) ;
#4305 = FACE_OUTER_BOUND ( 'NONE', #6226, .T. ) ;
#4306 = ORIENTED_EDGE ( 'NONE', *, *, #5622, .T. ) ;
#4307 = VERTEX_POINT ( 'NONE', #883 ) ;
#4308 =( LENGTH_UNIT ( ) NAMED_UNIT ( * ) SI_UNIT ( .MILLI., .METRE. ) );
#4309 = VECTOR ( 'NONE', #7892, 1000.000000000000000 ) ;
#4310 = DIRECTION ( 'NONE',  ( 1.000000000000000000, 0.000000000000000000, 0.000000000000000000 ) ) ;
#4311 = LINE ( 'NONE', #4208, #4850 ) ;
#4312 = VERTEX_POINT ( 'NONE', #124 ) ;
#4313 = CARTESIAN_POINT ( 'NONE',  ( -1.269999999999999574, 1.269999999999999796, 0.7699999999999999067 ) ) ;
#4314 = CARTESIAN_POINT ( 'NONE',  ( -1.224999999999999423, 0.2499999999999998890, 0.1830000000000000238 ) ) ;
#4315 = CARTESIAN_POINT ( 'NONE',  ( -1.224999999999999423, -0.6250000000000001110, 0.1830000002200904419 ) ) ;
#4316 = VERTEX_POINT ( 'NONE', #8590 ) ;
#4317 = VECTOR ( 'NONE', #2756, 1000.000000000000000 ) ;
#4318 = EDGE_CURVE ( 'NONE', #324, #778, #1645, .T. ) ;
#4319 = FACE_OUTER_BOUND ( 'NONE', #1511, .T. ) ;
#4320 = LINE ( 'NONE', #3605, #4481 ) ;
#4321 = CARTESIAN_POINT ( 'NONE',  ( 3.372197092791819006, 16.38800670098454404, 0.001000000000000001756 ) ) ;
#4322 = VECTOR ( 'NONE', #6054, 1000.000000000000000 ) ;
#4323 = CARTESIAN_POINT ( 'NONE',  ( 0.07136018008581830607, 16.43662814736523714, 0.000000000000000000 ) ) ;
#4324 = ORIENTED_EDGE ( 'NONE', *, *, #9241, .F. ) ;
#4325 = FACE_OUTER_BOUND ( 'NONE', #634, .T. ) ;
#4326 = PRESENTATION_LAYER_ASSIGNMENT (  '', '', ( #953 ) ) ;
#4327 = EDGE_LOOP ( 'NONE', ( #7176, #5743, #3334, #1908 ) ) ;
#4328 = DIRECTION ( 'NONE',  ( 1.000000000000000000, 0.000000000000000000, 0.000000000000000000 ) ) ;
#4329 = PLANE ( 'NONE',  #293 ) ;
#4330 = ORIENTED_EDGE ( 'NONE', *, *, #3407, .F. ) ;
#4331 = ORIENTED_EDGE ( 'NONE', *, *, #2687, .F. ) ;
#4332 = EDGE_CURVE ( 'NONE', #7565, #7610, #5617, .T. ) ;
#4333 = LINE ( 'NONE', #2818, #3479 ) ;
#4334 = FACE_OUTER_BOUND ( 'NONE', #8361, .T. ) ;
#4335 = DIRECTION ( 'NONE',  ( 0.1811624294766949472, -0.9834531885891171221, 0.000000000000000000 ) ) ;
#4336 = LINE ( 'NONE', #2196, #2225 ) ;
#4337 = EDGE_CURVE ( 'NONE', #1666, #7519, #9352, .T. ) ;
#4338 = EDGE_CURVE ( 'NONE', #8175, #5323, #7719, .T. ) ;
#4339 = SURFACE_STYLE_USAGE ( .BOTH. , #2822 ) ;
#4340 = VERTEX_POINT ( 'NONE', #8088 ) ;
#4341 = EDGE_CURVE ( 'NONE', #3826, #5271, #442, .T. ) ;
#4342 = EDGE_LOOP ( 'NONE', ( #1208, #6778, #8411, #993 ) ) ;
#4343 = CARTESIAN_POINT ( 'NONE',  ( 3.495763453006649257, 16.79171565214358708, 0.000000000000000000 ) ) ;
#4344 = CARTESIAN_POINT ( 'NONE',  ( -0.000000000000000000, 16.63107938386431428, 0.000000000000000000 ) ) ;
#4345 = DIRECTION ( 'NONE',  ( 0.9998972422383121117, 0.01433544433277646017, 0.000000000000000000 ) ) ;
#4346 = PLANE ( 'NONE',  #9909 ) ;
#4347 = EDGE_LOOP ( 'NONE', ( #1083, #9277, #162, #4508, #8734, #3395, #5416, #2169 ) ) ;
#4348 = B_SPLINE_CURVE_WITH_KNOTS ( 'NONE', 3,
 ( #3250, #1667, #2515, #7942 ),
 .UNSPECIFIED., .F., .F.,
 ( 4, 4 ),
 ( 0.2500000000000000000, 0.5000000000000000000 ),
 .UNSPECIFIED. ) ;
#4349 = CARTESIAN_POINT ( 'NONE',  ( 3.626743794834374590, 16.54599511868780226, 0.001000000000000001756 ) ) ;
#4350 = ORIENTED_EDGE ( 'NONE', *, *, #8770, .F. ) ;
#4351 = CARTESIAN_POINT ( 'NONE',  ( 3.789321820202755653, 16.53046106197511733, 0.001000000000000000021 ) ) ;
#4352 = EDGE_CURVE ( 'NONE', #1838, #1272, #8960, .T. ) ;
#4353 = LINE ( 'NONE', #4243, #7573 ) ;
#4354 = VERTEX_POINT ( 'NONE', #9010 ) ;
#4355 = COLOUR_RGB ( '',0.8039215686274510109, 0.8039215686274510109, 0.8039215686274510109 ) ;
#4356 = SURFACE_STYLE_FILL_AREA ( #7410 ) ;
#4357 = DIRECTION ( 'NONE',  ( 1.000000000000000000, 0.000000000000000000, 0.000000000000000000 ) ) ;
#4358 = CARTESIAN_POINT ( 'NONE',  ( 2.915884176855606302, 16.74652566897933426, 0.001000000000000000021 ) ) ;
#4359 = ORIENTED_EDGE ( 'NONE', *, *, #6384, .T. ) ;
#4360 =( NAMED_UNIT ( * ) SI_UNIT ( $, .STERADIAN. ) SOLID_ANGLE_UNIT ( ) );
#4361 = CARTESIAN_POINT ( 'NONE',  ( -1.224999999999999423, -0.2500000000000001110, 0.000000000000000000 ) ) ;
#4362 = CARTESIAN_POINT ( 'NONE',  ( -1.499999999999999778, -0.1250000000000000000, 0.1830000000000000238 ) ) ;
#4363 = ORIENTED_EDGE ( 'NONE', *, *, #4123, .T. ) ;
#4364 = CARTESIAN_POINT ( 'NONE',  ( 3.790734007176634890, 16.76311886592244704, 0.000000000000000000 ) ) ;
#4365 = VERTEX_POINT ( 'NONE', #596 ) ;
#4366 = LINE ( 'NONE', #5013, #1053 ) ;
#4367 = CARTESIAN_POINT ( 'NONE',  ( 0.05943182265730929253, 16.40318305692660772, 0.001000000000000000021 ) ) ;
#4368 = FACE_OUTER_BOUND ( 'NONE', #3748, .T. ) ;
#4369 = ORIENTED_EDGE ( 'NONE', *, *, #7600, .F. ) ;
#4370 = CARTESIAN_POINT ( 'NONE',  ( 3.536893398621014928, 16.55005515623776091, 0.001000000000000001756 ) ) ;
#4371 = EDGE_CURVE ( 'NONE', #5024, #1272, #8781, .T. ) ;
#4372 = CARTESIAN_POINT ( 'NONE',  ( 3.406266103536768508, 16.59983474706711704, 0.001000000000000000021 ) ) ;
#4373 = ORIENTED_EDGE ( 'NONE', *, *, #7126, .T. ) ;
#4374 = FACE_OUTER_BOUND ( 'NONE', #510, .T. ) ;
#4375 = LINE ( 'NONE', #6720, #40 ) ;
#4376 = EDGE_LOOP ( 'NONE', ( #5894, #2766, #6396, #6993 ) ) ;
#4377 = DIRECTION ( 'NONE',  ( 1.000000000000000000, 0.000000000000000000, 0.000000000000000000 ) ) ;
#4378 = B_SPLINE_CURVE_WITH_KNOTS ( 'NONE', 3,
 ( #1299, #4372, #1358, #3811 ),
 .UNSPECIFIED., .F., .F.,
 ( 4, 4 ),
 ( 0.000000000000000000, 0.2500000000000000000 ),
 .UNSPECIFIED. ) ;
#4379 = DIRECTION ( 'NONE',  ( -2.365532012695645823E-15, -1.000000000000000000, 0.000000000000000000 ) ) ;
#4380 = FACE_OUTER_BOUND ( 'NONE', #2275, .T. ) ;
#4381 = CARTESIAN_POINT ( 'NONE',  ( 3.772905146631351236, 16.76435452952457794, 0.000000000000000000 ) ) ;
#4382 = ORIENTED_EDGE ( 'NONE', *, *, #2545, .F. ) ;
#4383 = EDGE_CURVE ( 'NONE', #5782, #9926, #5123, .T. ) ;
#4384 = ORIENTED_EDGE ( 'NONE', *, *, #5148, .F. ) ;
#4385 = B_SPLINE_SURFACE_WITH_KNOTS ( 'NONE', 3, 1, ( 
 ( #4624, #2317 ),
 ( #851, #6306 ),
 ( #3113, #6253 ),
 ( #7727, #7062 ) ),
 .UNSPECIFIED., .F., .F., .F.,
 ( 4, 4 ),
 ( 2, 2 ),
 ( 0.1000000000000000056, 0.2000000000000000111 ),
 ( 0.000000000000000000, 1.000000000000000000 ),
 .UNSPECIFIED. ) ;
#4386 = CYLINDRICAL_SURFACE ( 'NONE', #2186, 0.02999999999999997113 ) ;
#4387 = ADVANCED_FACE ( 'NONE', ( #5793 ), #2470, .F. ) ;
#4388 = LINE ( 'NONE', #5916, #5311 ) ;
#4389 = VECTOR ( 'NONE', #418, 1000.000000000000000 ) ;
#4390 = DIRECTION ( 'NONE',  ( 0.01433544433277646191, -0.9998972422383122227, 0.000000000000000000 ) ) ;
#4391 = DIRECTION ( 'NONE',  ( -0.000000000000000000, -0.000000000000000000, -1.000000000000000000 ) ) ;
#4392 =( NAMED_UNIT ( * ) SI_UNIT ( $, .STERADIAN. ) SOLID_ANGLE_UNIT ( ) );
#4393 = CARTESIAN_POINT ( 'NONE',  ( 3.224447030649223667, 16.58518330721311784, 0.001000000000000000021 ) ) ;
#4394 = VECTOR ( 'NONE', #3230, 1000.000000000000000 ) ;
#4395 = ORIENTED_EDGE ( 'NONE', *, *, #667, .T. ) ;
#4396 = ORIENTED_EDGE ( 'NONE', *, *, #767, .T. ) ;
#4397 = CARTESIAN_POINT ( 'NONE',  ( 3.791263577291842601, 16.65049695475526192, 0.001000000000000000021 ) ) ;
#4398 = EDGE_CURVE ( 'NONE', #8857, #9730, #491, .T. ) ;
#4399 = CARTESIAN_POINT ( 'NONE',  ( 0.7250000000000001998, 0.8199999999999995071, 0.000000000000000000 ) ) ;
#4400 = CARTESIAN_POINT ( 'NONE',  ( 1.224999999999999201, 0.1249999999999985983, -0.02000000000000000042 ) ) ;
#4401 = LINE ( 'NONE', #7516, #1606 ) ;
#4402 = EDGE_LOOP ( 'NONE', ( #5769, #8902, #6554, #377 ) ) ;
#4403 = EDGE_CURVE ( 'NONE', #2739, #6121, #1955, .T. ) ;
#4404 = ORIENTED_EDGE ( 'NONE', *, *, #2261, .F. ) ;
#4405 = CARTESIAN_POINT ( 'NONE',  ( 2.175015585681802310, 16.75376312722047345, 0.000000000000000000 ) ) ;
#4406 = CYLINDRICAL_SURFACE ( 'NONE', #1820, 0.1250000000000001110 ) ;
#4407 = ORIENTED_EDGE ( 'NONE', *, *, #1001, .T. ) ;
#4408 = DIRECTION ( 'NONE',  ( -1.000000000000000000, 0.000000000000000000, -0.000000000000000000 ) ) ;
#4409 = CARTESIAN_POINT ( 'NONE',  ( -1.499999999999999556, 0.8750000000000000000, 0.000000000000000000 ) ) ;
#4410 = VERTEX_POINT ( 'NONE', #9826 ) ;
#4411 = CARTESIAN_POINT ( 'NONE',  ( 3.061162911793909647, 16.48685978915644057, -1.694065894508600678E-18 ) ) ;
#4412 = DIRECTION ( 'NONE',  ( 0.5979988466212445841, -0.8014969615910351175, 0.000000000000000000 ) ) ;
#4413 = ORIENTED_EDGE ( 'NONE', *, *, #2355, .F. ) ;
#4414 = EDGE_CURVE ( 'NONE', #8106, #5043, #9674, .T. ) ;
#4415 = PLANE ( 'NONE',  #6241 ) ;
#4416 = LINE ( 'NONE', #9938, #6980 ) ;
#4417 = ORIENTED_EDGE ( 'NONE', *, *, #2665, .F. ) ;
#4418 = FILL_AREA_STYLE_COLOUR ( '', #9646 ) ;
#4419 = CARTESIAN_POINT ( 'NONE',  ( 0.1218546356157844401, 16.45037580764052976, 0.001000000000000000021 ) ) ;
#4420 = VERTEX_POINT ( 'NONE', #9883 ) ;
#4421 = DIRECTION ( 'NONE',  ( 1.000000000000000000, 0.000000000000000000, 0.000000000000000000 ) ) ;
#4422 = VECTOR ( 'NONE', #4719, 1000.000000000000000 ) ;
#4423 = VECTOR ( 'NONE', #5272, 1000.000000000000000 ) ;
#4424 = LINE ( 'NONE', #9020, #247 ) ;
#4425 = EDGE_CURVE ( 'NONE', #4244, #6202, #3452, .T. ) ;
#4426 = ORIENTED_EDGE ( 'NONE', *, *, #5468, .T. ) ;
#4427 = VERTEX_POINT ( 'NONE', #5016 ) ;
#4428 = VECTOR ( 'NONE', #1707, 1000.000000000000000 ) ;
#4429 = VECTOR ( 'NONE', #9057, 1000.000000000000000 ) ;
#4430 = DIRECTION ( 'NONE',  ( 0.000000000000000000, 0.000000000000000000, -1.000000000000000000 ) ) ;
#4431 = DIRECTION ( 'NONE',  ( -1.000000000000000000, 3.942553354492742545E-16, 0.000000000000000000 ) ) ;
#4432 = UNCERTAINTY_MEASURE_WITH_UNIT (LENGTH_MEASURE( 1.000000000000000082E-05 ), #2768, 'distance_accuracy_value', 'NONE');
#4433 =( LENGTH_UNIT ( ) NAMED_UNIT ( * ) SI_UNIT ( .MILLI., .METRE. ) );
#4434 = FACE_OUTER_BOUND ( 'NONE', #3366, .T. ) ;
#4435 = EDGE_CURVE ( 'NONE', #4771, #577, #2117, .T. ) ;
#4436 = VECTOR ( 'NONE', #5967, 1000.000000000000000 ) ;
#4437 = STYLED_ITEM ( 'NONE', ( #4686 ), #8553 ) ;
#4438 = DIRECTION ( 'NONE',  ( -1.000000000000000000, 3.942553354492742545E-16, -0.000000000000000000 ) ) ;
#4439 = ORIENTED_EDGE ( 'NONE', *, *, #3324, .F. ) ;
#4440 = AXIS2_PLACEMENT_3D ( 'NONE', #9707, #8241, #1336 ) ;
#4441 = LINE ( 'NONE', #6641, #7971 ) ;
#4442 = COLOUR_RGB ( '',0.8039215686274510109, 0.8039215686274510109, 0.8039215686274510109 ) ;
#4443 = ORIENTED_EDGE ( 'NONE', *, *, #5260, .F. ) ;
#4444 = DIRECTION ( 'NONE',  ( 0.000000000000000000, 1.000000000000000000, -0.000000000000000000 ) ) ;
#4445 = VERTEX_POINT ( 'NONE', #7480 ) ;
#4446 = EDGE_CURVE ( 'NONE', #5372, #7585, #8304, .T. ) ;
#4447 = FACE_OUTER_BOUND ( 'NONE', #6592, .T. ) ;
#4448 = PLANE ( 'NONE',  #2217 ) ;
#4449 = STYLED_ITEM ( 'NONE', ( #4288 ), #2354 ) ;
#4450 = EDGE_CURVE ( 'NONE', #2133, #3304, #5768, .T. ) ;
#4451 = EDGE_CURVE ( 'NONE', #8406, #4112, #1167, .T. ) ;
#4452 = LINE ( 'NONE', #735, #8882 ) ;
#4453 = ORIENTED_EDGE ( 'NONE', *, *, #6261, .T. ) ;
#4454 = ORIENTED_EDGE ( 'NONE', *, *, #2848, .T. ) ;
#4455 = ADVANCED_FACE ( 'NONE', ( #5891 ), #946, .F. ) ;
#4456 = CARTESIAN_POINT ( 'NONE',  ( 0.000000000000000000, 16.45508558224401696, 0.001000000000000000021 ) ) ;
#4457 = DIRECTION ( 'NONE',  ( 1.000000000000000000, -3.942553354492743531E-16, 0.000000000000000000 ) ) ;
#4458 = AXIS2_PLACEMENT_3D ( 'NONE', #2536, #6486, #4837 ) ;
#4459 = ORIENTED_EDGE ( 'NONE', *, *, #8440, .F. ) ;
#4460 = CARTESIAN_POINT ( 'NONE',  ( -1.499999999999999556, 0.3750000000000000000, 0.1830000000000000238 ) ) ;
#4461 = CARTESIAN_POINT ( 'NONE',  ( 3.778730417898627181, 16.58677201755869746, 1.694065894508600678E-18 ) ) ;
#4462 = CARTESIAN_POINT ( 'NONE',  ( 3.653045777222963419, 16.55270300681376838, 0.001000000000000000021 ) ) ;
#4463 = ORIENTED_EDGE ( 'NONE', *, *, #2175, .T. ) ;
#4464 = B_SPLINE_CURVE_WITH_KNOTS ( 'NONE', 3,
 ( #7790, #9278, #9423, #5536 ),
 .UNSPECIFIED., .F., .F.,
 ( 4, 4 ),
 ( 0.5454545454545454142, 0.6363636363636363535 ),
 .UNSPECIFIED. ) ;
#4465 = FILL_AREA_STYLE ('',( #3507 ) ) ;
#4466 = CARTESIAN_POINT ( 'NONE',  ( 3.536893398621014928, 16.55005515623776091, 1.694065894508600678E-18 ) ) ;
#4467 = EDGE_CURVE ( 'NONE', #4121, #7743, #4468, .T. ) ;
#4468 = LINE ( 'NONE', #3900, #2228 ) ;
#4469 = LINE ( 'NONE', #6769, #7402 ) ;
#4470 = ORIENTED_EDGE ( 'NONE', *, *, #1473, .T. ) ;
#4471 = B_SPLINE_SURFACE_WITH_KNOTS ( 'NONE', 3, 1, ( 
 ( #6773, #9890 ),
 ( #8312, #2218 ),
 ( #7537, #6111 ),
 ( #3866, #9227 ) ),
 .UNSPECIFIED., .F., .F., .F.,
 ( 4, 4 ),
 ( 2, 2 ),
 ( 0.2000000000000000111, 0.4000000000000000222 ),
 ( 0.000000000000000000, 1.000000000000000000 ),
 .UNSPECIFIED. ) ;
#4472 = B_SPLINE_CURVE_WITH_KNOTS ( 'NONE', 3,
 ( #7088, #7999, #968, #7180 ),
 .UNSPECIFIED., .F., .F.,
 ( 4, 4 ),
 ( 0.000000000000000000, 0.07142857142857139685 ),
 .UNSPECIFIED. ) ;
#4473 =( GEOMETRIC_REPRESENTATION_CONTEXT ( 3 ) GLOBAL_UNCERTAINTY_ASSIGNED_CONTEXT ( ( #1055 ) ) GLOBAL_UNIT_ASSIGNED_CONTEXT ( ( #6964, #2910, #8351 ) ) REPRESENTATION_CONTEXT ( 'NONE', 'WORKASPACE' ) );
#4474 = CARTESIAN_POINT ( 'NONE',  ( -0.02437147238369592045, 16.54822974686678805, 0.001000000000000000021 ) ) ;
#4475 = CARTESIAN_POINT ( 'NONE',  ( 3.180845757830562004, 16.71263318160610822, 0.000000000000000000 ) ) ;
#4476 = FACE_OUTER_BOUND ( 'NONE', #9856, .T. ) ;
#4477 = ORIENTED_EDGE ( 'NONE', *, *, #3368, .T. ) ;
#4478 = CARTESIAN_POINT ( 'NONE',  ( 2.565485283960688534, 16.38730060749761464, 0.000000000000000000 ) ) ;
#4479 = ORIENTED_EDGE ( 'NONE', *, *, #4012, .T. ) ;
#4480 = CARTESIAN_POINT ( 'NONE',  ( 2.721531944574842932, 16.70027654558460384, 0.001000000000000000021 ) ) ;
#4481 = VECTOR ( 'NONE', #5229, 1000.000000000000227 ) ;
#4482 = EDGE_CURVE ( 'NONE', #3200, #2684, #7014, .T. ) ;
#4483 = ADVANCED_FACE ( 'NONE', ( #3060 ), #3014, .F. ) ;
#4484 = LINE ( 'NONE', #2873, #4436 ) ;
#4485 = CARTESIAN_POINT ( 'NONE',  ( 0.6750000000000001554, 0.8199999999999998401, 0.01000000000000000021 ) ) ;
#4486 = ORIENTED_EDGE ( 'NONE', *, *, #5690, .T. ) ;
#4487 = VECTOR ( 'NONE', #1753, 1000.000000000000000 ) ;
#4488 = ORIENTED_EDGE ( 'NONE', *, *, #6766, .F. ) ;
#4489 = LINE ( 'NONE', #7648, #9473 ) ;
#4490 = CARTESIAN_POINT ( 'NONE',  ( 2.790376059551682886, 16.67256237622216375, 0.000000000000000000 ) ) ;
#4491 = AXIS2_PLACEMENT_3D ( 'NONE', #3040, #9434, #3882 ) ;
#4492 =( NAMED_UNIT ( * ) PLANE_ANGLE_UNIT ( ) SI_UNIT ( $, .RADIAN. ) );
#4493 = SURFACE_SIDE_STYLE ('',( #671 ) ) ;
#4494 = DIRECTION ( 'NONE',  ( 0.000000000000000000, 0.000000000000000000, -1.000000000000000000 ) ) ;
#4495 = PLANE ( 'NONE',  #777 ) ;
#4496 = VERTEX_POINT ( 'NONE', #6153 ) ;
#4497 = ORIENTED_EDGE ( 'NONE', *, *, #2426, .F. ) ;
#4498 = VECTOR ( 'NONE', #1823, 1000.000000000000000 ) ;
#4499 = EDGE_CURVE ( 'NONE', #1427, #7206, #2390, .T. ) ;
#4500 = DIRECTION ( 'NONE',  ( -0.000000000000000000, -0.000000000000000000, 1.000000000000000000 ) ) ;
#4501 = PLANE ( 'NONE',  #7449 ) ;
#4502 = ORIENTED_EDGE ( 'NONE', *, *, #2355, .T. ) ;
#4503 = ORIENTED_EDGE ( 'NONE', *, *, #2735, .T. ) ;
#4504 = FACE_OUTER_BOUND ( 'NONE', #7007, .T. ) ;
#4505 = CARTESIAN_POINT ( 'NONE',  ( 2.915884176855606302, 16.74652566897933426, 0.000000000000000000 ) ) ;
#4506 = DIRECTION ( 'NONE',  ( 1.000000000000000000, -0.000000000000000000, -0.000000000000000000 ) ) ;
#4507 = CARTESIAN_POINT ( 'NONE',  ( 3.181198804574033812, 16.70027654558460384, 0.000000000000000000 ) ) ;
#4508 = ORIENTED_EDGE ( 'NONE', *, *, #1325, .T. ) ;
#4509 = SURFACE_STYLE_FILL_AREA ( #5051 ) ;
#4510 = DIRECTION ( 'NONE',  ( 0.9999983319822389749, 0.001826480971651787575, -0.000000000000000000 ) ) ;
#4511 = CARTESIAN_POINT ( 'NONE',  ( -0.1258576712951786913, 16.80199911951577363, 0.001000000000000000021 ) ) ;
#4512 = AXIS2_PLACEMENT_3D ( 'NONE', #3525, #4276, #5805 ) ;
#4513 = ORIENTED_EDGE ( 'NONE', *, *, #471, .F. ) ;
#4514 = LINE ( 'NONE', #3150, #4211 ) ;
#4515 = LINE ( 'NONE', #5373, #3982 ) ;
#4516 = DIRECTION ( 'NONE',  ( -0.000000000000000000, 0.000000000000000000, 1.000000000000000000 ) ) ;
#4517 = EDGE_CURVE ( 'NONE', #3411, #6082, #3703, .T. ) ;
#4518 = EDGE_CURVE ( 'NONE', #474, #1568, #2863, .T. ) ;
#4519 = DIRECTION ( 'NONE',  ( -1.000000000000000000, 0.000000000000000000, 0.000000000000000000 ) ) ;
#4520 = CARTESIAN_POINT ( 'NONE',  ( 2.074397263792580937, 16.82296028894079853, 0.000000000000000000 ) ) ;
#4521 = STYLED_ITEM ( 'NONE', ( #7342 ), #246 ) ;
#4522 = FACE_OUTER_BOUND ( 'NONE', #6563, .T. ) ;
#4523 = ORIENTED_EDGE ( 'NONE', *, *, #5350, .F. ) ;
#4524 =( GEOMETRIC_REPRESENTATION_CONTEXT ( 3 ) GLOBAL_UNCERTAINTY_ASSIGNED_CONTEXT ( ( #3967 ) ) GLOBAL_UNIT_ASSIGNED_CONTEXT ( ( #4179, #3415, #5028 ) ) REPRESENTATION_CONTEXT ( 'NONE', 'WORKASPACE' ) );
#4525 = DIRECTION ( 'NONE',  ( 0.000000000000000000, 1.000000000000000000, 0.000000000000000000 ) ) ;
#4526 = CARTESIAN_POINT ( 'NONE',  ( 6.197462010520894182, 1.141637738780459710, 0.001000000000000000021 ) ) ;
#4527 = DIRECTION ( 'NONE',  ( -1.000000000000000000, 3.942553354492743531E-16, 0.000000000000000000 ) ) ;
#4528 = VERTEX_POINT ( 'NONE', #2311 ) ;
#4529 = EDGE_LOOP ( 'NONE', ( #3574, #6055, #173, #9178, #3342 ) ) ;
#4530 = VECTOR ( 'NONE', #5405, 1000.000000000000000 ) ;
#4531 = DIRECTION ( 'NONE',  ( -0.3486989651146546465, -0.9372347794058694115, 0.000000000000000000 ) ) ;
#4532 = VERTEX_POINT ( 'NONE', #2212 ) ;
#4533 = CARTESIAN_POINT ( 'NONE',  ( 2.740772992094016924, 16.77300417473965410, 0.001000000000000000021 ) ) ;
#4534 = SURFACE_STYLE_FILL_AREA ( #2283 ) ;
#4535 = VERTEX_POINT ( 'NONE', #1559 ) ;
#4536 = VECTOR ( 'NONE', #4939, 1000.000000000000114 ) ;
#4537 = EDGE_CURVE ( 'NONE', #2251, #397, #1465, .T. ) ;
#4538 = ORIENTED_EDGE ( 'NONE', *, *, #2131, .T. ) ;
#4539 = EDGE_CURVE ( 'NONE', #1454, #79, #9310, .T. ) ;
#4540 = EDGE_LOOP ( 'NONE', ( #4027, #6949, #1105, #8521 ) ) ;
#4541 = FACE_OUTER_BOUND ( 'NONE', #8683, .T. ) ;
#4542 = CARTESIAN_POINT ( 'NONE',  ( 2.756483572178468400, 16.38888931784326886, 0.001000000000000000021 ) ) ;
#4543 = UNCERTAINTY_MEASURE_WITH_UNIT (LENGTH_MEASURE( 1.000000000000000082E-05 ), #7066, 'distance_accuracy_value', 'NONE');
#4544 = SURFACE_STYLE_FILL_AREA ( #9032 ) ;
#4545 = LINE ( 'NONE', #1434, #2568 ) ;
#4546 = VECTOR ( 'NONE', #4328, 1000.000000000000000 ) ;
#4547 = LINE ( 'NONE', #110, #2589 ) ;
#4548 = FACE_OUTER_BOUND ( 'NONE', #2189, .T. ) ;
#4549 = LINE ( 'NONE', #3082, #2554 ) ;
#4550 = VERTEX_POINT ( 'NONE', #4520 ) ;
#4551 = ORIENTED_EDGE ( 'NONE', *, *, #575, .T. ) ;
#4552 = ADVANCED_FACE ( 'NONE', ( #5333 ), #7722, .T. ) ;
#4553 = VECTOR ( 'NONE', #7020, 1000.000000000000000 ) ;
#4554 = SURFACE_STYLE_FILL_AREA ( #3929 ) ;
#4555 = DIRECTION ( 'NONE',  ( -0.000000000000000000, -0.000000000000000000, -1.000000000000000000 ) ) ;
#4556 = ORIENTED_EDGE ( 'NONE', *, *, #9755, .F. ) ;
#4557 = B_SPLINE_SURFACE_WITH_KNOTS ( 'NONE', 3, 1, ( 
 ( #4054, #7220 ),
 ( #286, #9621 ),
 ( #2648, #1904 ),
 ( #4213, #3346 ) ),
 .UNSPECIFIED., .F., .F., .F.,
 ( 4, 4 ),
 ( 2, 2 ),
 ( 0.8666666666666666963, 1.000000000000000000 ),
 ( 0.000000000000000000, 1.000000000000000000 ),
 .UNSPECIFIED. ) ;
#4558 = CARTESIAN_POINT ( 'NONE',  ( 2.910058905588333467, 16.75676402453996872, 0.001000000000000000021 ) ) ;
#4559 = VECTOR ( 'NONE', #7194, 1000.000000000000000 ) ;
#4560 = EDGE_CURVE ( 'NONE', #1903, #8378, #3325, .T. ) ;
#4561 = CARTESIAN_POINT ( 'NONE',  ( -1.224999999999999645, -0.2500000000000001110, -0.02000000000000000042 ) ) ;
#4562 = EDGE_LOOP ( 'NONE', ( #3041, #4486, #5346, #4877 ) ) ;
#4563 = ORIENTED_EDGE ( 'NONE', *, *, #9749, .T. ) ;
#4564 = DIRECTION ( 'NONE',  ( 0.000000000000000000, 0.000000000000000000, 1.000000000000000000 ) ) ;
#4565 = FACE_OUTER_BOUND ( 'NONE', #1734, .T. ) ;
#4566 = ORIENTED_EDGE ( 'NONE', *, *, #9319, .T. ) ;
#4567 = CARTESIAN_POINT ( 'NONE',  ( 2.175015585681802310, 16.75376312722047345, 0.001000000000000000021 ) ) ;
#4568 =( NAMED_UNIT ( * ) SI_UNIT ( $, .STERADIAN. ) SOLID_ANGLE_UNIT ( ) );
#4569 = FACE_OUTER_BOUND ( 'NONE', #4948, .T. ) ;
#4570 = SURFACE_STYLE_USAGE ( .BOTH. , #3108 ) ;
#4571 = EDGE_CURVE ( 'NONE', #2043, #4307, #4708, .T. ) ;
#4572 = DIRECTION ( 'NONE',  ( -0.000000000000000000, -1.000000000000000000, -0.000000000000000000 ) ) ;
#4573 = DIRECTION ( 'NONE',  ( 1.000000000000000000, 0.000000000000000000, 0.000000000000000000 ) ) ;
#4574 = VERTEX_POINT ( 'NONE', #3280 ) ;
#4575 = EDGE_CURVE ( 'NONE', #1666, #8367, #2547, .T. ) ;
#4576 = EDGE_LOOP ( 'NONE', ( #1232, #7669, #2650, #4220 ) ) ;
#4577 = CARTESIAN_POINT ( 'NONE',  ( 3.673345964972550171, 16.49903990180617797, 0.000000000000000000 ) ) ;
#4578 = EDGE_CURVE ( 'NONE', #7330, #5810, #4150, .T. ) ;
#4579 = CARTESIAN_POINT ( 'NONE',  ( 1.499999999999999556, 0.8749999999999996669, 0.000000000000000000 ) ) ;
#4580 = DIRECTION ( 'NONE',  ( 3.942553354492743531E-16, 1.000000000000000000, 0.000000000000000000 ) ) ;
#4581 = ORIENTED_EDGE ( 'NONE', *, *, #149, .F. ) ;
#4582 = FILL_AREA_STYLE_COLOUR ( '', #6071 ) ;
#4583 = ORIENTED_EDGE ( 'NONE', *, *, #6373, .F. ) ;
#4584 = FILL_AREA_STYLE_COLOUR ( '', #4442 ) ;
#4585 = LINE ( 'NONE', #8463, #4102 ) ;
#4586 = LINE ( 'NONE', #100, #9726 ) ;
#4587 =( LENGTH_UNIT ( ) NAMED_UNIT ( * ) SI_UNIT ( .MILLI., .METRE. ) );
#4588 = ADVANCED_FACE ( 'NONE', ( #2498 ), #9500, .F. ) ;
#4589 = ORIENTED_EDGE ( 'NONE', *, *, #6236, .T. ) ;
#4590 = EDGE_CURVE ( 'NONE', #2549, #9123, #1082, .T. ) ;
#4591 = ORIENTED_EDGE ( 'NONE', *, *, #6019, .F. ) ;
#4592 = CARTESIAN_POINT ( 'NONE',  ( 1.499999999999999556, 0.6249999999999984457, 0.1830000000000000238 ) ) ;
#4593 = DIRECTION ( 'NONE',  ( -0.000000000000000000, -0.000000000000000000, -1.000000000000000000 ) ) ;
#4594 = CARTESIAN_POINT ( 'NONE',  ( 3.442276871370805402, 16.64043512256629853, 0.000000000000000000 ) ) ;
#4595 = CARTESIAN_POINT ( 'NONE',  ( -1.500000000000000000, 0.8750000000000000000, -0.02000000000000000042 ) ) ;
#4596 = EDGE_CURVE ( 'NONE', #3313, #7197, #3333, .T. ) ;
#4597 = CARTESIAN_POINT ( 'NONE',  ( 3.752428435510036575, 16.49798076157578564, -1.694065894508600678E-18 ) ) ;
#4598 = VECTOR ( 'NONE', #9308, 1000.000000000000000 ) ;
#4599 = ORIENTED_EDGE ( 'NONE', *, *, #1988, .T. ) ;
#4600 = AXIS2_PLACEMENT_3D ( 'NONE', #7236, #4029, #5706 ) ;
#4601 = LINE ( 'NONE', #5503, #6347 ) ;
#4602 = CARTESIAN_POINT ( 'NONE',  ( 2.912177186049166533, 16.75782316477041789, 0.001000000000000000021 ) ) ;
#4603 = ORIENTED_EDGE ( 'NONE', *, *, #4078, .T. ) ;
#4604 = VECTOR ( 'NONE', #8652, 1000.000000000000000 ) ;
#4605 = DIRECTION ( 'NONE',  ( -0.3576158181216269050, -0.9338687951897736150, 0.000000000000000000 ) ) ;
#4606 = DIRECTION ( 'NONE',  ( 0.9999922500745950238, -0.003936977361965895116, 0.000000000000000000 ) ) ;
#4607 = EDGE_CURVE ( 'NONE', #3213, #9864, #6367, .T. ) ;
#4608 = DIRECTION ( 'NONE',  ( 1.000000000000000000, 0.000000000000000000, 0.000000000000000000 ) ) ;
#4609 = MECHANICAL_DESIGN_GEOMETRIC_PRESENTATION_REPRESENTATION (  '', ( #921 ), #425 ) ;
#4610 = FACE_OUTER_BOUND ( 'NONE', #9281, .T. ) ;
#4611 = ORIENTED_EDGE ( 'NONE', *, *, #6766, .T. ) ;
#4612 = EDGE_LOOP ( 'NONE', ( #6281, #2176, #3517, #3761 ) ) ;
#4613 = VECTOR ( 'NONE', #8057, 1000.000000000000000 ) ;
#4614 = PRESENTATION_LAYER_ASSIGNMENT (  '', '', ( #4437 ) ) ;
#4615 = B_SPLINE_CURVE_WITH_KNOTS ( 'NONE', 3,
 ( #5032, #3624, #4282, #9902 ),
 .UNSPECIFIED., .F., .F.,
 ( 4, 4 ),
 ( 0.2727272727272727071, 0.3636363636363635909 ),
 .UNSPECIFIED. ) ;
#4616 = EDGE_LOOP ( 'NONE', ( #3275, #6891, #8459, #8980 ) ) ;
#4617 = DIRECTION ( 'NONE',  ( -0.000000000000000000, -0.000000000000000000, -1.000000000000000000 ) ) ;
#4618 = DIRECTION ( 'NONE',  ( -0.000000000000000000, -0.000000000000000000, -1.000000000000000000 ) ) ;
#4619 = VECTOR ( 'NONE', #9793, 1000.000000000000000 ) ;
#4620 = FACE_OUTER_BOUND ( 'NONE', #4716, .T. ) ;
#4621 =( NAMED_UNIT ( * ) SI_UNIT ( $, .STERADIAN. ) SOLID_ANGLE_UNIT ( ) );
#4622 = CARTESIAN_POINT ( 'NONE',  ( 0.5045290498176755456, 16.73354681831069968, 0.001000000000000000021 ) ) ;
#4623 = FACE_OUTER_BOUND ( 'NONE', #507, .T. ) ;
#4624 = CARTESIAN_POINT ( 'NONE',  ( 3.110412932508104689, 16.66444230112228198, 0.001000000000000000021 ) ) ;
#4625 = VECTOR ( 'NONE', #3889, 999.9999999999998863 ) ;
#4626 = DIRECTION ( 'NONE',  ( -0.9834531885890647196, -0.1811624294769798305, 0.000000000000000000 ) ) ;
#4627 = LINE ( 'NONE', #3952, #2145 ) ;
#4628 = ORIENTED_EDGE ( 'NONE', *, *, #545, .T. ) ;
#4629 = EDGE_CURVE ( 'NONE', #503, #5126, #279, .T. ) ;
#4630 = AXIS2_PLACEMENT_3D ( 'NONE', #5575, #3442, #8024 ) ;
#4631 = ORIENTED_EDGE ( 'NONE', *, *, #3481, .F. ) ;
#4632 =( LENGTH_UNIT ( ) NAMED_UNIT ( * ) SI_UNIT ( .MILLI., .METRE. ) );
#4633 = AXIS2_PLACEMENT_3D ( 'NONE', #6127, #6889, #9243 ) ;
#4634 = CARTESIAN_POINT ( 'NONE',  ( 2.721531944574842932, 16.70027654558460384, 0.000000000000000000 ) ) ;
#4635 = VECTOR ( 'NONE', #1142, 1000.000000000000000 ) ;
#4636 = FACE_OUTER_BOUND ( 'NONE', #8563, .T. ) ;
#4637 = ORIENTED_EDGE ( 'NONE', *, *, #9628, .F. ) ;
#4638 = B_SPLINE_SURFACE_WITH_KNOTS ( 'NONE', 3, 1, ( 
 ( #3689, #8577 ),
 ( #2997, #7802 ),
 ( #4777, #7613 ),
 ( #7085, #869 ) ),
 .UNSPECIFIED., .F., .F., .F.,
 ( 4, 4 ),
 ( 2, 2 ),
 ( 0.2307692307692308098, 0.3076923076923077094 ),
 ( 0.000000000000000000, 1.000000000000000000 ),
 .UNSPECIFIED. ) ;
#4639 = ADVANCED_FACE ( 'NONE', ( #273 ), #219, .T. ) ;
#4640 = ORIENTED_EDGE ( 'NONE', *, *, #8416, .F. ) ;
#4641 = CARTESIAN_POINT ( 'NONE',  ( 2.992848366932272963, 16.64484820685967037, 0.001000000000000000021 ) ) ;
#4642 = VECTOR ( 'NONE', #5979, 1000.000000000000000 ) ;
#4643 = UNCERTAINTY_MEASURE_WITH_UNIT (LENGTH_MEASURE( 1.000000000000000082E-05 ), #2989, 'distance_accuracy_value', 'NONE');
#4644 = CARTESIAN_POINT ( 'NONE',  ( 1.224999999999999201, 0.3750000000000003331, -0.02000000000000000042 ) ) ;
#4645 = CARTESIAN_POINT ( 'NONE',  ( 0.000000000000000000, 16.63054981374909858, 0.001000000000000000021 ) ) ;
#4646 = EDGE_CURVE ( 'NONE', #5359, #1044, #2452, .T. ) ;
#4647 =( GEOMETRIC_REPRESENTATION_CONTEXT ( 3 ) GLOBAL_UNCERTAINTY_ASSIGNED_CONTEXT ( ( #4432 ) ) GLOBAL_UNIT_ASSIGNED_CONTEXT ( ( #2768, #4915, #1104 ) ) REPRESENTATION_CONTEXT ( 'NONE', 'WORKASPACE' ) );
#4648 = DIRECTION ( 'NONE',  ( -0.005464399289685873372, -0.9999850700587498142, 0.000000000000000000 ) ) ;
#4649 = CARTESIAN_POINT ( 'NONE',  ( 1.499999999999999556, -0.6250000000000003331, -0.02000000000000000042 ) ) ;
#4650 = CARTESIAN_POINT ( 'NONE',  ( 3.095761492654057090, 16.63054981374909858, 0.001000000000000000021 ) ) ;
#4651 = ORIENTED_EDGE ( 'NONE', *, *, #5870, .T. ) ;
#4652 = EDGE_CURVE ( 'NONE', #8205, #5055, #1694, .T. ) ;
#4653 = ORIENTED_EDGE ( 'NONE', *, *, #1977, .T. ) ;
#4654 = AXIS2_PLACEMENT_3D ( 'NONE', #2577, #3416, #9635 ) ;
#4655 = CARTESIAN_POINT ( 'NONE',  ( 3.835394420225713308, 16.46797178838075482, 0.001000000000000000021 ) ) ;
#4656 = B_SPLINE_CURVE_WITH_KNOTS ( 'NONE', 3,
 ( #9264, #10031, #4461, #9979 ),
 .UNSPECIFIED., .F., .F.,
 ( 4, 4 ),
 ( 0.1818181818181817955, 0.2727272727272727071 ),
 .UNSPECIFIED. ) ;
#4657 = CARTESIAN_POINT ( 'NONE',  ( -1.469999999999999751, 1.469999999999999973, 0.000000000000000000 ) ) ;
#4658 = ORIENTED_EDGE ( 'NONE', *, *, #3212, .F. ) ;
#4659 = CARTESIAN_POINT ( 'NONE',  ( 2.907587578384037474, 16.75905882837253813, 0.001000000000000000021 ) ) ;
#4660 = AXIS2_PLACEMENT_3D ( 'NONE', #1669, #6978, #2516 ) ;
#4661 = FACE_OUTER_BOUND ( 'NONE', #5205, .T. ) ;
#4662 = ORIENTED_EDGE ( 'NONE', *, *, #5350, .T. ) ;
#4663 = EDGE_CURVE ( 'NONE', #6782, #6487, #827, .T. ) ;
#4664 = MECHANICAL_DESIGN_GEOMETRIC_PRESENTATION_REPRESENTATION (  '', ( #315 ), #9543 ) ;
#4665 = VERTEX_POINT ( 'NONE', #177 ) ;
#4666 = CARTESIAN_POINT ( 'NONE',  ( -1.224999999999999423, -0.8750000000000001110, 0.1829999999927167664 ) ) ;
#4667 = CYLINDRICAL_SURFACE ( 'NONE', #4202, 0.1250000000000001110 ) ;
#4668 = CARTESIAN_POINT ( 'NONE',  ( 3.151366354750738452, 16.78200686669816832, 0.001000000000000000021 ) ) ;
#4669 = FILL_AREA_STYLE_COLOUR ( '', #7395 ) ;
#4670 = CARTESIAN_POINT ( 'NONE',  ( 3.701942751193689318, 16.45014292783547205, 0.001000000000000000021 ) ) ;
#4671 = ORIENTED_EDGE ( 'NONE', *, *, #5127, .T. ) ;
#4672 = FACE_OUTER_BOUND ( 'NONE', #6629, .T. ) ;
#4673 = DIRECTION ( 'NONE',  ( -0.000000000000000000, -0.000000000000000000, 1.000000000000000000 ) ) ;
#4674 = CARTESIAN_POINT ( 'NONE',  ( 3.778730417898627181, 16.58677201755869746, -1.694065894508600678E-18 ) ) ;
#4675 = ORIENTED_EDGE ( 'NONE', *, *, #7746, .T. ) ;
#4676 = VERTEX_POINT ( 'NONE', #4804 ) ;
#4677 = LINE ( 'NONE', #9995, #8843 ) ;
#4678 = DIRECTION ( 'NONE',  ( 0.8014969615910352285, 0.5979988466212444731, -0.000000000000000000 ) ) ;
#4679 = AXIS2_PLACEMENT_3D ( 'NONE', #4657, #2188, #7609 ) ;
#4680 = CARTESIAN_POINT ( 'NONE',  ( 3.823390830947702490, 16.78094772646771560, 0.000000000000000000 ) ) ;
#4681 = ADVANCED_FACE ( 'NONE', ( #7928 ), #7079, .F. ) ;
#4682 = ORIENTED_EDGE ( 'NONE', *, *, #7092, .F. ) ;
#4683 = EDGE_LOOP ( 'NONE', ( #238, #6481, #6707, #1049 ) ) ;
#4684 = LINE ( 'NONE', #7797, #407 ) ;
#4685 = UNCERTAINTY_MEASURE_WITH_UNIT (LENGTH_MEASURE( 1.000000000000000082E-05 ), #6911, 'distance_accuracy_value', 'NONE');
#4686 = PRESENTATION_STYLE_ASSIGNMENT (( #2933 ) ) ;
#4687 = PLANE ( 'NONE',  #2523 ) ;
#4688 = FACE_OUTER_BOUND ( 'NONE', #7171, .T. ) ;
#4689 = EDGE_CURVE ( 'NONE', #8000, #7565, #2020, .T. ) ;
#4690 = EDGE_CURVE ( 'NONE', #2243, #9482, #3549, .T. ) ;
#4691 = ADVANCED_FACE ( 'NONE', ( #5108 ), #5723, .F. ) ;
#4692 = B_SPLINE_CURVE_WITH_KNOTS ( 'NONE', 3,
 ( #9945, #5243, #5295, #8417 ),
 .UNSPECIFIED., .F., .F.,
 ( 4, 4 ),
 ( 0.2307692307692308098, 0.3076923076923077094 ),
 .UNSPECIFIED. ) ;
#4693 = DIRECTION ( 'NONE',  ( 0.000000000000000000, -0.000000000000000000, -1.000000000000000000 ) ) ;
#4694 = DIRECTION ( 'NONE',  ( 1.000000000000000000, 0.000000000000000000, 0.000000000000000000 ) ) ;
#4695 = AXIS2_PLACEMENT_3D ( 'NONE', #3241, #7934, #9368 ) ;
#4696 = CARTESIAN_POINT ( 'NONE',  ( -1.500000000000000000, 0.1250000000000000000, -0.02000000000000000042 ) ) ;
#4697 = PRESENTATION_STYLE_ASSIGNMENT (( #8729 ) ) ;
#4698 = COLOUR_RGB ( '',0.8039215686274510109, 0.8039215686274510109, 0.8039215686274510109 ) ;
#4699 = DIRECTION ( 'NONE',  ( 0.000000000000000000, -0.000000000000000000, 1.000000000000000000 ) ) ;
#4700 = EDGE_LOOP ( 'NONE', ( #683, #7834, #2200 ) ) ;
#4701 = CARTESIAN_POINT ( 'NONE',  ( 0.1291038805578605397, 16.84805641110800067, 0.001000000000000000021 ) ) ;
#4702 = ORIENTED_EDGE ( 'NONE', *, *, #2750, .T. ) ;
#4703 = DIRECTION ( 'NONE',  ( 1.000000000000000000, 0.000000000000000000, 0.000000000000000000 ) ) ;
#4704 = VECTOR ( 'NONE', #8733, 1000.000000000000000 ) ;
#4705 = DIRECTION ( 'NONE',  ( -0.02589804635614198491, 0.9996645893473145028, 0.000000000000000000 ) ) ;
#4706 = FACE_OUTER_BOUND ( 'NONE', #9691, .T. ) ;
#4707 = CARTESIAN_POINT ( 'NONE',  ( 2.073691170305643094, 16.38730060749761464, 0.001000000000000000021 ) ) ;
#4708 = LINE ( 'NONE', #6395, #8380 ) ;
#4709 = EDGE_CURVE ( 'NONE', #9101, #3345, #8243, .T. ) ;
#4710 = CARTESIAN_POINT ( 'NONE',  ( 2.893112661901726668, 0.000000000000000000, 0.000000000000000000 ) ) ;
#4711 = ORIENTED_EDGE ( 'NONE', *, *, #8416, .T. ) ;
#4712 = PRODUCT ( 'AD8000YCPZ-R2', 'AD8000YCPZ-R2', '', ( #6143 ) ) ;
#4713 = CARTESIAN_POINT ( 'NONE',  ( 3.725067312891037208, 16.58677201755869746, 0.000000000000000000 ) ) ;
#4714 = PLANE ( 'NONE',  #6661 ) ;
#4715 = LINE ( 'NONE', #4761, #1506 ) ;
#4716 = EDGE_LOOP ( 'NONE', ( #4711, #7320, #3389, #3670 ) ) ;
#4717 = CARTESIAN_POINT ( 'NONE',  ( 1.499999999999999556, -0.1250000000000003331, 0.1830000000000000238 ) ) ;
#4718 = EDGE_LOOP ( 'NONE', ( #8758, #2789, #7316, #8138 ) ) ;
#4719 = DIRECTION ( 'NONE',  ( -0.000000000000000000, -0.000000000000000000, -1.000000000000000000 ) ) ;
#4720 = LINE ( 'NONE', #9085, #3829 ) ;
#4721 = EDGE_CURVE ( 'NONE', #5339, #2817, #7457, .T. ) ;
#4722 = FILL_AREA_STYLE_COLOUR ( '', #3204 ) ;
#4723 = VERTEX_POINT ( 'NONE', #7306 ) ;
#4724 = CARTESIAN_POINT ( 'NONE',  ( 3.714475910586914065, 16.66108835705933089, 0.001000000000000000021 ) ) ;
#4725 = UNCERTAINTY_MEASURE_WITH_UNIT (LENGTH_MEASURE( 1.000000000000000082E-05 ), #6160, 'distance_accuracy_value', 'NONE');
#4726 =( NAMED_UNIT ( * ) SI_UNIT ( $, .STERADIAN. ) SOLID_ANGLE_UNIT ( ) );
#4727 = CARTESIAN_POINT ( 'NONE',  ( 1.224999999999999423, 0.6249999999999985567, 0.1830000000000000238 ) ) ;
#4728 = CARTESIAN_POINT ( 'NONE',  ( 3.730716060786571475, 16.79489307283483512, 0.000000000000000000 ) ) ;
#4729 = VERTEX_POINT ( 'NONE', #5002 ) ;
#4730 = VERTEX_POINT ( 'NONE', #9809 ) ;
#4731 = CARTESIAN_POINT ( 'NONE',  ( 2.998497114827814780, 16.47768057382617712, 0.001000000000000000021 ) ) ;
#4732 =( NAMED_UNIT ( * ) SI_UNIT ( $, .STERADIAN. ) SOLID_ANGLE_UNIT ( ) );
#4733 = DIRECTION ( 'NONE',  ( 1.000000000000000000, 0.000000000000000000, 0.000000000000000000 ) ) ;
#4734 = EDGE_CURVE ( 'NONE', #5335, #3465, #9282, .T. ) ;
#4735 = VECTOR ( 'NONE', #1780, 1000.000000000000000 ) ;
#4736 = CARTESIAN_POINT ( 'NONE',  ( 3.554868513959378973, -0.01777434256967811918, 0.001000000000000000021 ) ) ;
#4737 = CARTESIAN_POINT ( 'NONE',  ( 2.905822344666683765, 16.63107938386431428, 0.001000000000000000021 ) ) ;
#4738 = VECTOR ( 'NONE', #863, 1000.000000000000000 ) ;
#4739 = FACE_OUTER_BOUND ( 'NONE', #8010, .T. ) ;
#4740 = ORIENTED_EDGE ( 'NONE', *, *, #1573, .T. ) ;
#4741 = FACE_OUTER_BOUND ( 'NONE', #9885, .T. ) ;
#4742 = AXIS2_PLACEMENT_3D ( 'NONE', #1404, #2759, #8302 ) ;
#4743 = AXIS2_PLACEMENT_3D ( 'NONE', #5480, #2415, #6356 ) ;
#4744 = ORIENTED_EDGE ( 'NONE', *, *, #9857, .T. ) ;
#4745 = EDGE_CURVE ( 'NONE', #1859, #8535, #3595, .T. ) ;
#4746 = DIRECTION ( 'NONE',  ( -1.000000000000000000, 0.000000000000000000, -0.000000000000000000 ) ) ;
#4747 = CARTESIAN_POINT ( 'NONE',  ( 2.174132968823124568, 16.44272894622254100, 0.000000000000000000 ) ) ;
#4748 = LINE ( 'NONE', #1080, #2191 ) ;
#4749 = DIRECTION ( 'NONE',  ( -0.000000000000000000, -0.000000000000000000, -1.000000000000000000 ) ) ;
#4750 = EDGE_CURVE ( 'NONE', #2611, #3856, #6859, .T. ) ;
#4751 = CARTESIAN_POINT ( 'NONE',  ( 3.446336908920713427, 16.45508558224401696, 0.001000000000000000021 ) ) ;
#4752 = EDGE_LOOP ( 'NONE', ( #5018, #2776 ) ) ;
#4753 = PRESENTATION_LAYER_ASSIGNMENT (  '', '', ( #9171 ) ) ;
#4754 = LINE ( 'NONE', #179, #8061 ) ;
#4755 = ORIENTED_EDGE ( 'NONE', *, *, #4757, .F. ) ;
#4756 = STYLED_ITEM ( 'NONE', ( #4177 ), #8593 ) ;
#4757 = EDGE_CURVE ( 'NONE', #666, #7660, #4945, .T. ) ;
#4758 = VERTEX_POINT ( 'NONE', #5936 ) ;
#4759 = FACE_OUTER_BOUND ( 'NONE', #5873, .T. ) ;
#4760 = CARTESIAN_POINT ( 'NONE',  ( 3.406266103536768508, 16.85579363608356829, 0.000000000000000000 ) ) ;
#4761 = CARTESIAN_POINT ( 'NONE',  ( -0.000000000000000000, 16.70363048964761177, 0.000000000000000000 ) ) ;
#4762 = MECHANICAL_DESIGN_GEOMETRIC_PRESENTATION_REPRESENTATION (  '', ( #8198 ), #755 ) ;
#4763 = ORIENTED_EDGE ( 'NONE', *, *, #6473, .T. ) ;
#4764 = LINE ( 'NONE', #1704, #8671 ) ;
#4765 = LINE ( 'NONE', #999, #965 ) ;
#4766 = ORIENTED_EDGE ( 'NONE', *, *, #211, .F. ) ;
#4767 = MECHANICAL_DESIGN_GEOMETRIC_PRESENTATION_REPRESENTATION (  '', ( #8820 ), #5241 ) ;
#4768 = CARTESIAN_POINT ( 'NONE',  ( 2.860985408245872552, 16.82437247591468577, 0.000000000000000000 ) ) ;
#4769 = CARTESIAN_POINT ( 'NONE',  ( 2.472280943684348919, 16.59595123288893959, 0.001000000000000000021 ) ) ;
#4770 = VECTOR ( 'NONE', #3038, 1000.000000000000114 ) ;
#4771 = VERTEX_POINT ( 'NONE', #2242 ) ;
#4772 = ORIENTED_EDGE ( 'NONE', *, *, #9439, .F. ) ;
#4773 = CARTESIAN_POINT ( 'NONE',  ( 2.708645738438149930, 16.67273889959386679, 0.001000000000000000021 ) ) ;
#4774 = EDGE_CURVE ( 'NONE', #7391, #7607, #6540, .T. ) ;
#4775 = STYLED_ITEM ( 'NONE', ( #7865 ), #2819 ) ;
#4776 = DIRECTION ( 'NONE',  ( -0.000000000000000000, -0.000000000000000000, -1.000000000000000000 ) ) ;
#4777 = CARTESIAN_POINT ( 'NONE',  ( 3.626743794834374590, 16.54599511868780226, 0.001000000000000001756 ) ) ;
#4778 = CARTESIAN_POINT ( 'NONE',  ( 3.749957108305741915, 16.41625044046226378, 0.001000000000000001756 ) ) ;
#4779 = STYLED_ITEM ( 'NONE', ( #1039 ), #10005 ) ;
#4780 = CARTESIAN_POINT ( 'NONE',  ( -1.224999999999999423, 0.2499999999999998890, 0.1830000000000000238 ) ) ;
#4781 = VERTEX_POINT ( 'NONE', #374 ) ;
#4782 = VECTOR ( 'NONE', #4705, 1000.000000000000227 ) ;
#4783 = ORIENTED_EDGE ( 'NONE', *, *, #3824, .T. ) ;
#4784 = B_SPLINE_CURVE_WITH_KNOTS ( 'NONE', 3,
 ( #8130, #4358, #5005, #6700 ),
 .UNSPECIFIED., .F., .F.,
 ( 4, 4 ),
 ( 0.000000000000000000, 0.07142857142857139685 ),
 .UNSPECIFIED. ) ;
#4785 = DIRECTION ( 'NONE',  ( -1.000000000000000000, 0.000000000000000000, 0.000000000000000000 ) ) ;
#4786 = FACE_OUTER_BOUND ( 'NONE', #24, .T. ) ;
#4787 = CARTESIAN_POINT ( 'NONE',  ( 2.462748681610632318, 16.59118510185208351, 0.000000000000000000 ) ) ;
#4788 = VECTOR ( 'NONE', #4052, 1000.000000000000000 ) ;
#4789 = LINE ( 'NONE', #7917, #3931 ) ;
#4790 = CARTESIAN_POINT ( 'NONE',  ( 3.673345964972550171, 16.49903990180617797, 0.000000000000000000 ) ) ;
#4791 = DIRECTION ( 'NONE',  ( 1.000000000000000000, 0.000000000000000000, 0.000000000000000000 ) ) ;
#4792 = VECTOR ( 'NONE', #748, 1000.000000000000114 ) ;
#4793 = CARTESIAN_POINT ( 'NONE',  ( 3.482700723498230122, 16.40795384199065410, 0.001000000000000001756 ) ) ;
#4794 = STYLED_ITEM ( 'NONE', ( #7181 ), #4950 ) ;
#4795 = EDGE_CURVE ( 'NONE', #6782, #5497, #9655, .T. ) ;
#4796 = VECTOR ( 'NONE', #6954, 1000.000000000000000 ) ;
#4797 = DIRECTION ( 'NONE',  ( 0.000000000000000000, -1.000000000000000000, 0.000000000000000000 ) ) ;
#4798 = ORIENTED_EDGE ( 'NONE', *, *, #3062, .T. ) ;
#4799 = LINE ( 'NONE', #4082, #341 ) ;
#4800 = CARTESIAN_POINT ( 'NONE',  ( 2.416146511472467839, 16.56735444666781731, 0.000000000000000000 ) ) ;
#4801 = VECTOR ( 'NONE', #2778, 1000.000000000000000 ) ;
#4802 = CARTESIAN_POINT ( 'NONE',  ( 3.725067312891037208, 16.58677201755869746, 0.001000000000000000021 ) ) ;
#4803 = DIRECTION ( 'NONE',  ( 0.03294913285455995655, -0.9994570299138090252, 0.000000000000000000 ) ) ;
#4804 = CARTESIAN_POINT ( 'NONE',  ( 3.043863621363823935, 16.82454899928641368, 0.000000000000000000 ) ) ;
#4805 = DIRECTION ( 'NONE',  ( 0.000000000000000000, 1.000000000000000000, -0.000000000000000000 ) ) ;
#4806 = VERTEX_POINT ( 'NONE', #9708 ) ;
#4807 = ORIENTED_EDGE ( 'NONE', *, *, #4689, .F. ) ;
#4808 = VECTOR ( 'NONE', #3955, 1000.000000000000114 ) ;
#4809 = CARTESIAN_POINT ( 'NONE',  ( 2.727886785957321258, 16.55270300681376838, 0.001000000000000000021 ) ) ;
#4810 = ADVANCED_FACE ( 'NONE', ( #8892 ), #1942, .F. ) ;
#4811 = ORIENTED_EDGE ( 'NONE', *, *, #1409, .T. ) ;
#4812 = DIRECTION ( 'NONE',  ( -0.000000000000000000, -0.000000000000000000, -1.000000000000000000 ) ) ;
#4813 = DIRECTION ( 'NONE',  ( 1.000000000000000000, 0.000000000000000000, 0.000000000000000000 ) ) ;
#4814 = ORIENTED_EDGE ( 'NONE', *, *, #7400, .T. ) ;
#4815 = FACE_OUTER_BOUND ( 'NONE', #7358, .T. ) ;
#4816 = CARTESIAN_POINT ( 'NONE',  ( 3.835394420225713308, 16.46797178838075482, 0.000000000000000000 ) ) ;
#4817 = PRESENTATION_STYLE_ASSIGNMENT (( #339 ) ) ;
#4818 = ORIENTED_EDGE ( 'NONE', *, *, #9191, .T. ) ;
#4819 = ORIENTED_EDGE ( 'NONE', *, *, #5257, .F. ) ;
#4820 = DIRECTION ( 'NONE',  ( -1.000000000000000000, 0.000000000000000000, 0.000000000000000000 ) ) ;
#4821 = ORIENTED_EDGE ( 'NONE', *, *, #6454, .T. ) ;
#4822 = VECTOR ( 'NONE', #1156, 1000.000000000000000 ) ;
#4823 = SURFACE_STYLE_FILL_AREA ( #5492 ) ;
#4824 = CARTESIAN_POINT ( 'NONE',  ( 9.914889184844570380, 7.282122000169334086, 0.001000000000000000021 ) ) ;
#4825 = CARTESIAN_POINT ( 'NONE',  ( 2.753835721602434727, 16.76506062301154643, 0.000000000000000000 ) ) ;
#4826 = CARTESIAN_POINT ( 'NONE',  ( 3.637511720510237190, 16.51086696771244888, 0.001000000000000000021 ) ) ;
#4827 = CARTESIAN_POINT ( 'NONE',  ( 0.07136018008581830607, 16.43662814736523714, 0.001000000000000000021 ) ) ;
#4828 = VERTEX_POINT ( 'NONE', #5829 ) ;
#4829 = EDGE_CURVE ( 'NONE', #8936, #1859, #1633, .T. ) ;
#4830 = EDGE_CURVE ( 'NONE', #4781, #3044, #2279, .T. ) ;
#4831 = VERTEX_POINT ( 'NONE', #7805 ) ;
#4832 = DIRECTION ( 'NONE',  ( 1.000000000000000000, 0.000000000000000000, 0.000000000000000000 ) ) ;
#4833 = CARTESIAN_POINT ( 'NONE',  ( 1.224999999999999201, 0.8750000000000003331, 0.1829999999927167664 ) ) ;
#4834 = CARTESIAN_POINT ( 'NONE',  ( 2.816854565312001846, 16.71492798543869185, 0.001000000000000000021 ) ) ;
#4835 = DIRECTION ( 'NONE',  ( 0.001092895521940541763, 0.9999994027895107163, -0.000000000000000000 ) ) ;
#4836 = CARTESIAN_POINT ( 'NONE',  ( 3.599735718958842590, 16.68068245132198157, 0.000000000000000000 ) ) ;
#4837 = DIRECTION ( 'NONE',  ( 1.000000000000000000, 0.000000000000000000, 0.000000000000000000 ) ) ;
#4838 = LINE ( 'NONE', #7968, #4056 ) ;
#4839 = ORIENTED_EDGE ( 'NONE', *, *, #3265, .T. ) ;
#4840 = B_SPLINE_CURVE_WITH_KNOTS ( 'NONE', 3,
 ( #2318, #3018, #4475, #2967 ),
 .UNSPECIFIED., .F., .F.,
 ( 4, 4 ),
 ( 0.2500000000000000000, 0.5000000000000000000 ),
 .UNSPECIFIED. ) ;
#4841 = CARTESIAN_POINT ( 'NONE',  ( 3.432038515810145629, 16.53822809033147223, 0.001000000000000000021 ) ) ;
#4842 = CARTESIAN_POINT ( 'NONE',  ( 3.140598429074867415, 16.39153716841929764, 0.001000000000000000021 ) ) ;
#4843 = EDGE_CURVE ( 'NONE', #5984, #8769, #5398, .T. ) ;
#4844 = VECTOR ( 'NONE', #4253, 1000.000000000000000 ) ;
#4845 = DIRECTION ( 'NONE',  ( -0.000000000000000000, -0.000000000000000000, -1.000000000000000000 ) ) ;
#4846 = CARTESIAN_POINT ( 'NONE',  ( 2.647568651817678198, 16.39189021516272504, 0.000000000000000000 ) ) ;
#4847 = ORIENTED_EDGE ( 'NONE', *, *, #3348, .T. ) ;
#4848 =( NAMED_UNIT ( * ) PLANE_ANGLE_UNIT ( ) SI_UNIT ( $, .RADIAN. ) );
#4849 = DIRECTION ( 'NONE',  ( 1.000000000000000000, 0.000000000000000000, -0.000000000000000000 ) ) ;
#4850 = VECTOR ( 'NONE', #5835, 1000.000000000000000 ) ;
#4851 = ORIENTED_EDGE ( 'NONE', *, *, #8325, .T. ) ;
#4852 = SURFACE_STYLE_USAGE ( .BOTH. , #1797 ) ;
#4853 = CARTESIAN_POINT ( 'NONE',  ( 2.756483572178468400, 16.38888931784326886, 0.000000000000000000 ) ) ;
#4854 = VERTEX_POINT ( 'NONE', #4728 ) ;
#4855 = EDGE_CURVE ( 'NONE', #6321, #6266, #5496, .T. ) ;
#4856 = ADVANCED_FACE ( 'NONE', ( #7853 ), #8624, .F. ) ;
#4857 = FACE_OUTER_BOUND ( 'NONE', #4327, .T. ) ;
#4858 = CARTESIAN_POINT ( 'NONE',  ( 3.658341478375024547, 16.35888034464818475, 0.001000000000000000021 ) ) ;
#4859 = EDGE_CURVE ( 'NONE', #8742, #8914, #1266, .T. ) ;
#4860 = VECTOR ( 'NONE', #1172, 1000.000000000000000 ) ;
#4861 = EDGE_CURVE ( 'NONE', #5385, #5668, #5358, .T. ) ;
#4862 = ORIENTED_EDGE ( 'NONE', *, *, #5559, .F. ) ;
#4863 = ORIENTED_EDGE ( 'NONE', *, *, #8253, .T. ) ;
#4864 = FACE_OUTER_BOUND ( 'NONE', #39, .T. ) ;
#4865 = ORIENTED_EDGE ( 'NONE', *, *, #6945, .F. ) ;
#4866 = PLANE ( 'NONE',  #7032 ) ;
#4867 = EDGE_LOOP ( 'NONE', ( #317, #6474, #1521, #6033 ) ) ;
#4868 = UNCERTAINTY_MEASURE_WITH_UNIT (LENGTH_MEASURE( 1.000000000000000082E-05 ), #8143, 'distance_accuracy_value', 'NONE');
#4869 = SURFACE_STYLE_FILL_AREA ( #3305 ) ;
#4870 = LINE ( 'NONE', #3362, #1713 ) ;
#4871 = SURFACE_SIDE_STYLE ('',( #1815 ) ) ;
#4872 = DIRECTION ( 'NONE',  ( 0.000000000000000000, 0.000000000000000000, -1.000000000000000000 ) ) ;
#4873 = EDGE_CURVE ( 'NONE', #1622, #5006, #7812, .T. ) ;
#4874 = DIRECTION ( 'NONE',  ( 0.000000000000000000, 0.000000000000000000, -1.000000000000000000 ) ) ;
#4875 = ORIENTED_EDGE ( 'NONE', *, *, #4016, .F. ) ;
#4876 = EDGE_CURVE ( 'NONE', #6797, #1236, #2388, .T. ) ;
#4877 = ORIENTED_EDGE ( 'NONE', *, *, #5584, .T. ) ;
#4878 = CARTESIAN_POINT ( 'NONE',  ( 3.408207860625855901, 16.66373620763538810, 0.001000000000000000021 ) ) ;
#4879 = CARTESIAN_POINT ( 'NONE',  ( 2.693817775212373533, 0.000000000000000000, 0.001000000000000000021 ) ) ;
#4880 = CARTESIAN_POINT ( 'NONE',  ( 3.084640520234724903, 16.42101657149909499, 0.000000000000000000 ) ) ;
#4881 = CARTESIAN_POINT ( 'NONE',  ( 3.076167398391417507, 16.56806054015475027, 0.001000000000000000021 ) ) ;
#4882 = ADVANCED_FACE ( 'NONE', ( #6890 ), #3974, .F. ) ;
#4883 = DIRECTION ( 'NONE',  ( 1.000000000000000000, -2.365532012695645428E-15, 0.000000000000000000 ) ) ;
#4884 = CARTESIAN_POINT ( 'NONE',  ( 3.526125472945151440, 16.66179445054629582, 0.001000000000000000021 ) ) ;
#4885 = SURFACE_STYLE_FILL_AREA ( #9544 ) ;
#4886 = PLANE ( 'NONE',  #1021 ) ;
#4887 = ORIENTED_EDGE ( 'NONE', *, *, #1576, .T. ) ;
#4888 = EDGE_CURVE ( 'NONE', #9804, #4532, #3679, .T. ) ;
#4889 = CARTESIAN_POINT ( 'NONE',  ( 0.7250000000000001998, 0.8199999999999995071, 0.01000000000000000021 ) ) ;
#4890 = VECTOR ( 'NONE', #8221, 1000.000000000000114 ) ;
#4891 = CARTESIAN_POINT ( 'NONE',  ( 3.442982964857743688, 16.52092879990137675, 0.000000000000000000 ) ) ;
#4892 = DIRECTION ( 'NONE',  ( -0.000000000000000000, -0.000000000000000000, -1.000000000000000000 ) ) ;
#4893 = ORIENTED_EDGE ( 'NONE', *, *, #7208, .F. ) ;
#4894 = CARTESIAN_POINT ( 'NONE',  ( 2.816854565312001846, 16.71492798543869185, 0.000000000000000000 ) ) ;
#4895 = VERTEX_POINT ( 'NONE', #823 ) ;
#4896 = ORIENTED_EDGE ( 'NONE', *, *, #7312, .F. ) ;
#4897 = CARTESIAN_POINT ( 'NONE',  ( 2.740772992094016924, 16.77300417473965410, 0.000000000000000000 ) ) ;
#4898 = CIRCLE ( 'NONE', #3777, 0.1250000000000005551 ) ;
#4899 = AXIS2_PLACEMENT_3D ( 'NONE', #712, #3760, #6871 ) ;
#4900 = CARTESIAN_POINT ( 'NONE',  ( 1.470000000000000195, -1.500000000000000000, 0.7800000000000000266 ) ) ;
#4901 = CARTESIAN_POINT ( 'NONE',  ( 3.336892418444728836, 16.48721283589987152, 1.694065894508600678E-18 ) ) ;
#4902 = ORIENTED_EDGE ( 'NONE', *, *, #5246, .F. ) ;
#4903 = CARTESIAN_POINT ( 'NONE',  ( -1.224999999999999423, 0.3749999999999998890, 0.1830000000000000238 ) ) ;
#4904 = CARTESIAN_POINT ( 'NONE',  ( -1.499999999999999556, -0.3750000000000000000, 0.000000000000000000 ) ) ;
#4905 = ORIENTED_EDGE ( 'NONE', *, *, #2750, .F. ) ;
#4906 = DIRECTION ( 'NONE',  ( 0.9294646364987049214, 0.3689112217029055230, -0.000000000000000000 ) ) ;
#4907 = CARTESIAN_POINT ( 'NONE',  ( 3.658341478375024547, 16.35888034464818475, 0.000000000000000000 ) ) ;
#4908 = VECTOR ( 'NONE', #1224, 1000.000000000000000 ) ;
#4909 = LINE ( 'NONE', #8036, #8072 ) ;
#4910 = ORIENTED_EDGE ( 'NONE', *, *, #9713, .F. ) ;
#4911 = COLOUR_RGB ( '',0.9607843137254902244, 0.9607843137254902244, 0.9607843137254902244 ) ;
#4912 = ADVANCED_FACE ( 'NONE', ( #4688 ), #9388, .F. ) ;
#4913 = VERTEX_POINT ( 'NONE', #2480 ) ;
#4914 = FILL_AREA_STYLE_COLOUR ( '', #8615 ) ;
#4915 =( NAMED_UNIT ( * ) PLANE_ANGLE_UNIT ( ) SI_UNIT ( $, .RADIAN. ) );
#4916 = VECTOR ( 'NONE', #2732, 1000.000000000000000 ) ;
#4917 = COLOUR_RGB ( '',0.8039215686274510109, 0.8039215686274510109, 0.8039215686274510109 ) ;
#4918 = ORIENTED_EDGE ( 'NONE', *, *, #5038, .T. ) ;
#4919 = DIRECTION ( 'NONE',  ( 0.000000000000000000, 0.000000000000000000, -1.000000000000000000 ) ) ;
#4920 = VERTEX_POINT ( 'NONE', #8580 ) ;
#4921 = CARTESIAN_POINT ( 'NONE',  ( 3.406266103536768508, 16.71987063984729005, 0.001000000000000000021 ) ) ;
#4922 = AXIS2_PLACEMENT_3D ( 'NONE', #3080, #6175, #2982 ) ;
#4923 = LINE ( 'NONE', #8047, #8201 ) ;
#4924 = CARTESIAN_POINT ( 'NONE',  ( -1.224999999999999423, -0.6250000000000001110, 0.1830000000000000238 ) ) ;
#4925 = STYLED_ITEM ( 'NONE', ( #1057 ), #1865 ) ;
#4926 = ORIENTED_EDGE ( 'NONE', *, *, #4414, .F. ) ;
#4927 = EDGE_CURVE ( 'NONE', #9970, #9990, #4549, .T. ) ;
#4928 = EDGE_LOOP ( 'NONE', ( #6617, #8306, #9429, #6184 ) ) ;
#4929 = CARTESIAN_POINT ( 'NONE',  ( 3.140598429074867415, 16.39153716841929764, 0.001000000000000000021 ) ) ;
#4930 = EDGE_CURVE ( 'NONE', #9072, #5646, #6128, .T. ) ;
#4931 = DIRECTION ( 'NONE',  ( -1.000000000000000000, 0.000000000000000000, 0.000000000000000000 ) ) ;
#4932 = LINE ( 'NONE', #5763, #4613 ) ;
#4933 = CARTESIAN_POINT ( 'NONE',  ( 3.376963223828672866, 16.42101657149909499, 0.0009999999999999982861 ) ) ;
#4934 = CARTESIAN_POINT ( 'NONE',  ( 3.703707984911051465, 16.46973702209810497, 0.001000000000000001756 ) ) ;
#4935 = VECTOR ( 'NONE', #1354, 1000.000000000000000 ) ;
#4936 = VERTEX_POINT ( 'NONE', #9244 ) ;
#4937 = CARTESIAN_POINT ( 'NONE',  ( 3.371314475933138599, 16.58783115778910755, 1.694065894508600678E-18 ) ) ;
#4938 = ORIENTED_EDGE ( 'NONE', *, *, #1382, .F. ) ;
#4939 = DIRECTION ( 'NONE',  ( 0.002837673024398464344, 0.9999959737977981433, 0.000000000000000000 ) ) ;
#4940 = COLOUR_RGB ( '',0.8039215686274510109, 0.8039215686274510109, 0.8039215686274510109 ) ;
#4941 = DIRECTION ( 'NONE',  ( -0.02658634363531967720, 0.9996465206922418023, 0.000000000000000000 ) ) ;
#4942 = CARTESIAN_POINT ( 'NONE',  ( 2.849864435826539033, 16.39153716841929409, 0.001000000000000000021 ) ) ;
#4943 = LINE ( 'NONE', #3594, #3299 ) ;
#4944 = VECTOR ( 'NONE', #9953, 1000.000000000000000 ) ;
#4945 = LINE ( 'NONE', #8128, #8867 ) ;
#4946 = ORIENTED_EDGE ( 'NONE', *, *, #8859, .F. ) ;
#4947 = CARTESIAN_POINT ( 'NONE',  ( 3.749957108305741915, 16.41625044046226378, 0.001000000000000001756 ) ) ;
#4948 = EDGE_LOOP ( 'NONE', ( #9733, #1714, #9321, #6244 ) ) ;
#4949 = VECTOR ( 'NONE', #6651, 1000.000000000000000 ) ;
#4950 = ADVANCED_FACE ( 'NONE', ( #2291 ), #775, .T. ) ;
#4951 = ORIENTED_EDGE ( 'NONE', *, *, #858, .T. ) ;
#4952 = FILL_AREA_STYLE_COLOUR ( '', #2697 ) ;
#4953 = ADVANCED_FACE ( 'NONE', ( #4069 ), #6477, .F. ) ;
#4954 = CARTESIAN_POINT ( 'NONE',  ( 2.847569631993972283, 16.54211160450963547, 0.000000000000000000 ) ) ;
#4955 = FACE_OUTER_BOUND ( 'NONE', #9230, .T. ) ;
#4956 = CIRCLE ( 'NONE', #5614, 0.02999999999999997113 ) ;
#4957 = ORIENTED_EDGE ( 'NONE', *, *, #2598, .F. ) ;
#4958 = PLANE ( 'NONE',  #3671 ) ;
#4959 = SURFACE_STYLE_FILL_AREA ( #1569 ) ;
#4960 = ORIENTED_EDGE ( 'NONE', *, *, #2879, .F. ) ;
#4961 = LINE ( 'NONE', #9465, #9163 ) ;
#4962 = FACE_OUTER_BOUND ( 'NONE', #9046, .T. ) ;
#4963 = CARTESIAN_POINT ( 'NONE',  ( 0.000000000000000000, 16.47768057382617712, 0.001000000000000000021 ) ) ;
#4964 = VERTEX_POINT ( 'NONE', #8768 ) ;
#4965 = MECHANICAL_DESIGN_GEOMETRIC_PRESENTATION_REPRESENTATION (  '', ( #3995 ), #2097 ) ;
#4966 = VERTEX_POINT ( 'NONE', #1920 ) ;
#4967 = VERTEX_POINT ( 'NONE', #969 ) ;
#4968 = DIRECTION ( 'NONE',  ( 0.000000000000000000, 1.000000000000000000, 0.000000000000000000 ) ) ;
#4969 = CARTESIAN_POINT ( 'NONE',  ( 2.908117148499234972, 16.82472552265812382, 0.001000000000000000021 ) ) ;
#4970 = ORIENTED_EDGE ( 'NONE', *, *, #8524, .T. ) ;
#4971 = CARTESIAN_POINT ( 'NONE',  ( 3.418622739558246693, 16.54881949263557672, 1.694065894508600678E-18 ) ) ;
#4972 = ORIENTED_EDGE ( 'NONE', *, *, #1774, .F. ) ;
#4973 = UNCERTAINTY_MEASURE_WITH_UNIT (LENGTH_MEASURE( 1.000000000000000082E-05 ), #6539, 'distance_accuracy_value', 'NONE');
#4974 = SURFACE_STYLE_USAGE ( .BOTH. , #3258 ) ;
#4975 = B_SPLINE_CURVE_WITH_KNOTS ( 'NONE', 3,
 ( #5180, #1469, #806, #3661 ),
 .UNSPECIFIED., .F., .F.,
 ( 4, 4 ),
 ( 0.000000000000000000, 0.2500000000000000000 ),
 .UNSPECIFIED. ) ;
#4976 = DIRECTION ( 'NONE',  ( -0.000000000000000000, -0.000000000000000000, -1.000000000000000000 ) ) ;
#4977 = LINE ( 'NONE', #8970, #7115 ) ;
#4978 = CARTESIAN_POINT ( 'NONE',  ( 1.224999999999999423, -0.2500000000000004441, 0.1830000000000000238 ) ) ;
#4979 = ORIENTED_EDGE ( 'NONE', *, *, #6501, .F. ) ;
#4980 = ORIENTED_EDGE ( 'NONE', *, *, #1086, .F. ) ;
#4981 = VERTEX_POINT ( 'NONE', #8816 ) ;
#4982 = CARTESIAN_POINT ( 'NONE',  ( 2.708645738438149930, 16.67273889959386679, 0.000000000000000000 ) ) ;
#4983 = PLANE ( 'NONE',  #1113 ) ;
#4984 = CARTESIAN_POINT ( 'NONE',  ( -1.499999999999999556, 0.8750000000000000000, 0.1830000000000000238 ) ) ;
#4985 = EDGE_CURVE ( 'NONE', #6452, #5589, #3312, .T. ) ;
#4986 = LINE ( 'NONE', #8113, #7214 ) ;
#4987 = DIRECTION ( 'NONE',  ( 0.000000000000000000, 0.000000000000000000, 1.000000000000000000 ) ) ;
#4988 = MECHANICAL_DESIGN_GEOMETRIC_PRESENTATION_REPRESENTATION (  '', ( #8273 ), #4524 ) ;
#4989 = ADVANCED_FACE ( 'NONE', ( #9687 ), #402, .T. ) ;
#4990 = EDGE_CURVE ( 'NONE', #6259, #535, #6479, .T. ) ;
#4991 = ORIENTED_EDGE ( 'NONE', *, *, #3403, .F. ) ;
#4992 = VECTOR ( 'NONE', #2906, 1000.000000000000000 ) ;
#4993 = CARTESIAN_POINT ( 'NONE',  ( 2.860985408245872552, 16.82437247591468577, 0.001000000000000000021 ) ) ;
#4994 = CARTESIAN_POINT ( 'NONE',  ( 3.208383403821292834, 16.63866988884892706, 0.000000000000000000 ) ) ;
#4995 = ORIENTED_EDGE ( 'NONE', *, *, #2397, .F. ) ;
#4996 = DIRECTION ( 'NONE',  ( -0.002837673024398464344, -0.9999959737977981433, 0.000000000000000000 ) ) ;
#4997 = CARTESIAN_POINT ( 'NONE',  ( 3.290460928505618998, -0.003764829437805906464, 0.001000000000000000021 ) ) ;
#4998 = ORIENTED_EDGE ( 'NONE', *, *, #9998, .T. ) ;
#4999 = CARTESIAN_POINT ( 'NONE',  ( 3.406266103536768508, 16.72957942529269815, 0.001000000000000000021 ) ) ;
#5000 = CARTESIAN_POINT ( 'NONE',  ( -1.224999999999999645, -0.3750000000000001110, -0.02000000000000000042 ) ) ;
#5001 = VECTOR ( 'NONE', #844, 1000.000000000000000 ) ;
#5002 = CARTESIAN_POINT ( 'NONE',  ( -1.224999999999999867, 0.1249999999999998890, -0.02000000000000000042 ) ) ;
#5003 = EDGE_LOOP ( 'NONE', ( #4563, #6333, #9534, #2493 ) ) ;
#5004 = CLOSED_SHELL ( 'NONE', ( #1992, #7983, #3456, #9492, #7461, #3831, #3267, #274, #6853, #6073 ) ) ;
#5005 = CARTESIAN_POINT ( 'NONE',  ( 2.926122532416263411, 16.73434555632957199, 0.001000000000000000021 ) ) ;
#5006 = VERTEX_POINT ( 'NONE', #4026 ) ;
#5007 = DIRECTION ( 'NONE',  ( -0.000000000000000000, -0.000000000000000000, 1.000000000000000000 ) ) ;
#5008 = FACE_OUTER_BOUND ( 'NONE', #1340, .T. ) ;
#5009 = ORIENTED_EDGE ( 'NONE', *, *, #2325, .F. ) ;
#5010 = LINE ( 'NONE', #486, #4317 ) ;
#5011 = AXIS2_PLACEMENT_3D ( 'NONE', #3459, #6516, #547 ) ;
#5012 = VERTEX_POINT ( 'NONE', #202 ) ;
#5013 = CARTESIAN_POINT ( 'NONE',  ( 3.100930588201689986, 0.01649431163981041060, 0.000000000000000000 ) ) ;
#5014 = FACE_OUTER_BOUND ( 'NONE', #926, .T. ) ;
#5015 = ADVANCED_FACE ( 'NONE', ( #4120 ), #2725, .F. ) ;
#5016 = CARTESIAN_POINT ( 'NONE',  ( 2.074397263792580937, 16.82296028894079853, 0.001000000000000000021 ) ) ;
#5017 = CARTESIAN_POINT ( 'NONE',  ( 1.499999999999999112, 0.3749999999999996669, -0.02000000000000000042 ) ) ;
#5018 = ORIENTED_EDGE ( 'NONE', *, *, #6342, .F. ) ;
#5019 = ORIENTED_EDGE ( 'NONE', *, *, #5733, .F. ) ;
#5020 = VERTEX_POINT ( 'NONE', #8048 ) ;
#5021 = FACE_OUTER_BOUND ( 'NONE', #4867, .T. ) ;
#5022 = FILL_AREA_STYLE ('',( #7275 ) ) ;
#5023 = ORIENTED_EDGE ( 'NONE', *, *, #6998, .T. ) ;
#5024 = VERTEX_POINT ( 'NONE', #1866 ) ;
#5025 =( LENGTH_UNIT ( ) NAMED_UNIT ( * ) SI_UNIT ( .MILLI., .METRE. ) );
#5026 = EDGE_CURVE ( 'NONE', #178, #1416, #1109, .T. ) ;
#5027 = VECTOR ( 'NONE', #4694, 1000.000000000000000 ) ;
#5028 =( NAMED_UNIT ( * ) SI_UNIT ( $, .STERADIAN. ) SOLID_ANGLE_UNIT ( ) );
#5029 = DIRECTION ( 'NONE',  ( -0.000000000000000000, -0.000000000000000000, -1.000000000000000000 ) ) ;
#5030 = EDGE_LOOP ( 'NONE', ( #991, #3496, #9143, #7624 ) ) ;
#5031 = EDGE_LOOP ( 'NONE', ( #1170, #4740, #8503, #2696, #8133, #5971, #6319, #6981, #4363, #1649, #3570, #5884, #6533, #7795 ) ) ;
#5032 = CARTESIAN_POINT ( 'NONE',  ( 3.336892418444728836, 16.48721283589987152, 1.694065894508600678E-18 ) ) ;
#5033 = LINE ( 'NONE', #8005, #3301 ) ;
#5034 = SURFACE_STYLE_FILL_AREA ( #5978 ) ;
#5035 = SURFACE_STYLE_FILL_AREA ( #3580 ) ;
#5036 = LINE ( 'NONE', #5097, #1413 ) ;
#5037 = DIRECTION ( 'NONE',  ( 0.000000000000000000, 0.000000000000000000, -1.000000000000000000 ) ) ;
#5038 = EDGE_CURVE ( 'NONE', #7657, #4081, #7323, .T. ) ;
#5039 = CARTESIAN_POINT ( 'NONE',  ( 1.499999999999999112, 0.6249999999999984457, 0.1830000001064036041 ) ) ;
#5040 = VERTEX_POINT ( 'NONE', #1111 ) ;
#5041 = CARTESIAN_POINT ( 'NONE',  ( -1.224999999999999423, 0.1249999999999998890, 0.1830000000000000238 ) ) ;
#5042 = CARTESIAN_POINT ( 'NONE',  ( 3.848670040461199537, 0.1023582457565145043, 0.000000000000000000 ) ) ;
#5043 = VERTEX_POINT ( 'NONE', #5602 ) ;
#5044 = LINE ( 'NONE', #9805, #7541 ) ;
#5045 = CARTESIAN_POINT ( 'NONE',  ( 2.731275851770189611, -0.02713187932191788929, 0.000000000000000000 ) ) ;
#5046 = DIRECTION ( 'NONE',  ( -0.000000000000000000, -0.000000000000000000, -1.000000000000000000 ) ) ;
#5047 = VERTEX_POINT ( 'NONE', #8719 ) ;
#5048 = CARTESIAN_POINT ( 'NONE',  ( 3.793558381124408019, 16.45155511480933441, 0.001000000000000001756 ) ) ;
#5049 = B_SPLINE_CURVE_WITH_KNOTS ( 'NONE', 3,
 ( #3016, #6866, #7433, #4370 ),
 .UNSPECIFIED., .F., .F.,
 ( 4, 4 ),
 ( 0.1538461538461539102, 0.2307692307692308098 ),
 .UNSPECIFIED. ) ;
#5050 = ORIENTED_EDGE ( 'NONE', *, *, #4499, .F. ) ;
#5051 = FILL_AREA_STYLE ('',( #2752 ) ) ;
#5052 = EDGE_CURVE ( 'NONE', #9091, #5466, #1772, .T. ) ;
#5053 = CARTESIAN_POINT ( 'NONE',  ( 2.894506534544623921, 0.007886938786178987817, 0.001000000000000000021 ) ) ;
#5054 = CARTESIAN_POINT ( 'NONE',  ( 4.335469161910372904, 0.1429275547893756604, 0.001000000000000000021 ) ) ;
#5055 = VERTEX_POINT ( 'NONE', #1019 ) ;
#5056 = PRESENTATION_STYLE_ASSIGNMENT (( #7423 ) ) ;
#5057 = DIRECTION ( 'NONE',  ( 0.000000000000000000, 0.000000000000000000, -1.000000000000000000 ) ) ;
#5058 = CARTESIAN_POINT ( 'NONE',  ( -1.500000000000000000, 0.6250000000000000000, -0.02000000000000000042 ) ) ;
#5059 = EDGE_CURVE ( 'NONE', #444, #1427, #4956, .T. ) ;
#5060 = ADVANCED_FACE ( 'NONE', ( #9948 ), #8162, .F. ) ;
#5061 = VERTEX_POINT ( 'NONE', #5190 ) ;
#5062 = AXIS2_PLACEMENT_3D ( 'NONE', #9348, #2992, #6850 ) ;
#5063 = LINE ( 'NONE', #8349, #413 ) ;
#5064 = DIRECTION ( 'NONE',  ( -1.000000000000000000, 0.000000000000000000, -0.000000000000000000 ) ) ;
#5065 = ADVANCED_FACE ( 'NONE', ( #1204 ), #4278, .F. ) ;
#5066 = CARTESIAN_POINT ( 'NONE',  ( 2.754894861832849706, 16.58818420453259179, 0.000000000000000000 ) ) ;
#5067 = CIRCLE ( 'NONE', #1858, 0.1250000000000001110 ) ;
#5068 = CARTESIAN_POINT ( 'NONE',  ( -1.499999999999999778, -0.3750000000000000000, -0.02000000000000000042 ) ) ;
#5069 = ORIENTED_EDGE ( 'NONE', *, *, #3583, .F. ) ;
#5070 = AXIS2_PLACEMENT_3D ( 'NONE', #9331, #9285, #5302 ) ;
#5071 = FACE_OUTER_BOUND ( 'NONE', #1953, .T. ) ;
#5072 = ORIENTED_EDGE ( 'NONE', *, *, #7017, .T. ) ;
#5073 = DIRECTION ( 'NONE',  ( -0.000000000000000000, -0.000000000000000000, -1.000000000000000000 ) ) ;
#5074 = DIRECTION ( 'NONE',  ( 1.000000000000000000, 0.000000000000000000, 0.000000000000000000 ) ) ;
#5075 = B_SPLINE_CURVE_WITH_KNOTS ( 'NONE', 3,
 ( #3049, #5411, #6898, #6234 ),
 .UNSPECIFIED., .F., .F.,
 ( 4, 4 ),
 ( 0.8666666666666666963, 1.000000000000000000 ),
 .UNSPECIFIED. ) ;
#5076 = ORIENTED_EDGE ( 'NONE', *, *, #436, .F. ) ;
#5077 = PLANE ( 'NONE',  #9803 ) ;
#5078 = LINE ( 'NONE', #8966, #6162 ) ;
#5079 = COLOUR_RGB ( '',0.8039215686274510109, 0.8039215686274510109, 0.8039215686274510109 ) ;
#5080 = ORIENTED_EDGE ( 'NONE', *, *, #8837, .F. ) ;
#5081 =( GEOMETRIC_REPRESENTATION_CONTEXT ( 3 ) GLOBAL_UNCERTAINTY_ASSIGNED_CONTEXT ( ( #719 ) ) GLOBAL_UNIT_ASSIGNED_CONTEXT ( ( #3462, #5751, #2125 ) ) REPRESENTATION_CONTEXT ( 'NONE', 'WORKASPACE' ) );
#5082 = FACE_BOUND ( 'NONE', #3960, .T. ) ;
#5083 = DIRECTION ( 'NONE',  ( -1.000000000000000000, 3.942553354492743531E-16, 0.000000000000000000 ) ) ;
#5084 = CARTESIAN_POINT ( 'NONE',  ( 5.477489506485256676, 1.009011224877483848, 0.001000000000000000021 ) ) ;
#5085 = AXIS2_PLACEMENT_3D ( 'NONE', #4041, #272, #9606 ) ;
#5086 = DIRECTION ( 'NONE',  ( -0.000000000000000000, 0.000000000000000000, -1.000000000000000000 ) ) ;
#5087 = ORIENTED_EDGE ( 'NONE', *, *, #6531, .F. ) ;
#5088 = ADVANCED_FACE ( 'NONE', ( #1424 ), #6727, .F. ) ;
#5089 = EDGE_LOOP ( 'NONE', ( #4887, #4142, #7409, #7332 ) ) ;
#5090 = DIRECTION ( 'NONE',  ( -1.000000000000000000, 0.000000000000000000, 0.000000000000000000 ) ) ;
#5091 = CARTESIAN_POINT ( 'NONE',  ( 2.992848366932276516, 16.64484820685967037, 0.000000000000000000 ) ) ;
#5092 = STYLED_ITEM ( 'NONE', ( #4697 ), #2295 ) ;
#5093 = SURFACE_STYLE_USAGE ( .BOTH. , #5864 ) ;
#5094 = PRESENTATION_STYLE_ASSIGNMENT (( #8976 ) ) ;
#5095 = MANIFOLD_SOLID_BREP ( 'Boss-Extrude1[8]', #2740 ) ;
#5096 = PLANE ( 'NONE',  #2897 ) ;
#5097 = CARTESIAN_POINT ( 'NONE',  ( -1.499999999999999556, 0.3750000000000000000, 0.000000000000000000 ) ) ;
#5098 = DIRECTION ( 'NONE',  ( -1.000000000000000000, 0.000000000000000000, 0.000000000000000000 ) ) ;
#5099 = ORIENTED_EDGE ( 'NONE', *, *, #3639, .F. ) ;
#5100 = CARTESIAN_POINT ( 'NONE',  ( 3.563724951124809692, 16.55640999762019661, 0.001000000000000001756 ) ) ;
#5101 = ORIENTED_EDGE ( 'NONE', *, *, #8193, .F. ) ;
#5102 = DIRECTION ( 'NONE',  ( 0.000000000000000000, 0.000000000000000000, -1.000000000000000000 ) ) ;
#5103 = VECTOR ( 'NONE', #4438, 1000.000000000000000 ) ;
#5104 = DIRECTION ( 'NONE',  ( -1.000000000000000000, 3.942553354492742545E-16, 0.000000000000000000 ) ) ;
#5105 = CARTESIAN_POINT ( 'NONE',  ( 3.442982964857743688, 16.52092879990137675, 0.001000000000000000021 ) ) ;
#5106 = VECTOR ( 'NONE', #1906, 1000.000000000000000 ) ;
#5107 = ADVANCED_FACE ( 'NONE', ( #7547 ), #9784, .F. ) ;
#5108 = FACE_OUTER_BOUND ( 'NONE', #7702, .T. ) ;
#5109 = CARTESIAN_POINT ( 'NONE',  ( 3.526125472945151440, 16.66179445054629582, 0.000000000000000000 ) ) ;
#5110 = ORIENTED_EDGE ( 'NONE', *, *, #2261, .T. ) ;
#5111 = ORIENTED_EDGE ( 'NONE', *, *, #625, .F. ) ;
#5112 = CARTESIAN_POINT ( 'NONE',  ( 0.000000000000000000, 0.000000000000000000, 0.000000000000000000 ) ) ;
#5113 = AXIS2_PLACEMENT_3D ( 'NONE', #1223, #6595, #472 ) ;
#5114 = CARTESIAN_POINT ( 'NONE',  ( 3.652516207107757928, 16.82066548510818649, 0.000000000000000000 ) ) ;
#5115 = SURFACE_STYLE_USAGE ( .BOTH. , #5221 ) ;
#5116 = ORIENTED_EDGE ( 'NONE', *, *, #5038, .F. ) ;
#5117 = CARTESIAN_POINT ( 'NONE',  ( 3.656399721285936266, 16.42419399219033949, 0.000000000000000000 ) ) ;
#5118 = LINE ( 'NONE', #1401, #5173 ) ;
#5119 = ORIENTED_EDGE ( 'NONE', *, *, #6677, .F. ) ;
#5120 = CARTESIAN_POINT ( 'NONE',  ( 3.737247425540783041, 16.73293336935568476, 0.001000000000000000021 ) ) ;
#5121 = CARTESIAN_POINT ( 'NONE',  ( 3.791263577291842601, 16.65049695475526192, 0.001000000000000000021 ) ) ;
#5122 = EDGE_CURVE ( 'NONE', #4854, #7855, #8316, .T. ) ;
#5123 = LINE ( 'NONE', #3657, #5935 ) ;
#5124 = AXIS2_PLACEMENT_3D ( 'NONE', #1614, #1656, #2408 ) ;
#5125 = CYLINDRICAL_SURFACE ( 'NONE', #1262, 0.1249999999999998890 ) ;
#5126 = VERTEX_POINT ( 'NONE', #8320 ) ;
#5127 = EDGE_CURVE ( 'NONE', #4528, #9399, #9401, .T. ) ;
#5128 = DIRECTION ( 'NONE',  ( 1.000000000000000000, -0.000000000000000000, -0.000000000000000000 ) ) ;
#5129 = STYLED_ITEM ( 'NONE', ( #2875 ), #5095 ) ;
#5130 = PLANE ( 'NONE',  #5011 ) ;
#5131 = PLANE ( 'NONE',  #8944 ) ;
#5132 = ORIENTED_EDGE ( 'NONE', *, *, #9442, .T. ) ;
#5133 = CARTESIAN_POINT ( 'NONE',  ( -1.224999999999999423, 0.3749999999999999445, 0.000000000000000000 ) ) ;
#5134 = EDGE_LOOP ( 'NONE', ( #3439, #5209, #5009, #6293 ) ) ;
#5135 = LINE ( 'NONE', #6065, #7043 ) ;
#5136 = VECTOR ( 'NONE', #253, 1000.000000000000000 ) ;
#5137 = CARTESIAN_POINT ( 'NONE',  ( 3.823390830947702490, 16.78094772646771560, 0.001000000000000000021 ) ) ;
#5138 = CARTESIAN_POINT ( 'NONE',  ( 3.730716060786571475, 16.79489307283483512, 0.000000000000000000 ) ) ;
#5139 = ORIENTED_EDGE ( 'NONE', *, *, #772, .F. ) ;
#5140 = VERTEX_POINT ( 'NONE', #7842 ) ;
#5141 = MECHANICAL_DESIGN_GEOMETRIC_PRESENTATION_REPRESENTATION (  '', ( #6457 ), #6761 ) ;
#5142 = PLANE ( 'NONE',  #6218 ) ;
#5143 = CARTESIAN_POINT ( 'NONE',  ( 2.775724619697635287, 16.81536978395616089, 0.000000000000000000 ) ) ;
#5144 = VECTOR ( 'NONE', #1720, 1000.000000000000114 ) ;
#5145 = DIRECTION ( 'NONE',  ( 1.000000000000000000, 0.000000000000000000, 0.000000000000000000 ) ) ;
#5146 = MANIFOLD_SOLID_BREP ( 'Cut-Extrude3', #7930 ) ;
#5147 = SURFACE_STYLE_USAGE ( .BOTH. , #9034 ) ;
#5148 = EDGE_CURVE ( 'NONE', #8194, #7209, #101, .T. ) ;
#5149 = ADVANCED_FACE ( 'NONE', ( #813 ), #2150, .F. ) ;
#5150 = CARTESIAN_POINT ( 'NONE',  ( 1.470000000000000195, 1.469999999999999973, 0.7500000000000000000 ) ) ;
#5151 = ORIENTED_EDGE ( 'NONE', *, *, #9607, .F. ) ;
#5152 = CARTESIAN_POINT ( 'NONE',  ( -1.224999999999999423, 0.6249999999999998890, 0.000000000000000000 ) ) ;
#5153 = ORIENTED_EDGE ( 'NONE', *, *, #149, .T. ) ;
#5154 = VECTOR ( 'NONE', #5508, 1000.000000000000000 ) ;
#5155 = CARTESIAN_POINT ( 'NONE',  ( 3.791793147407053421, 16.63443332792731155, 0.001000000000000000021 ) ) ;
#5156 = CARTESIAN_POINT ( 'NONE',  ( 3.791263577291842601, 16.80901494257366124, 0.001000000000000000021 ) ) ;
#5157 = ORIENTED_EDGE ( 'NONE', *, *, #4927, .T. ) ;
#5158 = AXIS2_PLACEMENT_3D ( 'NONE', #2324, #6976, #3913 ) ;
#5159 = CARTESIAN_POINT ( 'NONE',  ( 2.851453146172155506, 16.63054981374909858, 0.001000000000000000021 ) ) ;
#5160 = FILL_AREA_STYLE_COLOUR ( '', #9004 ) ;
#5161 = EDGE_CURVE ( 'NONE', #2578, #4218, #8568, .T. ) ;
#5162 = MANIFOLD_SOLID_BREP ( 'Boss-Extrude1[2]', #9246 ) ;
#5163 = FACE_OUTER_BOUND ( 'NONE', #2945, .T. ) ;
#5164 = ORIENTED_EDGE ( 'NONE', *, *, #8516, .T. ) ;
#5165 = EDGE_LOOP ( 'NONE', ( #1114, #1287, #4271, #7415 ) ) ;
#5166 = CARTESIAN_POINT ( 'NONE',  ( 3.113590353199340743, 16.67238585285042873, 0.001000000000000000021 ) ) ;
#5167 = CARTESIAN_POINT ( 'NONE',  ( 3.653045777222963419, 16.55270300681376838, 0.001000000000000000021 ) ) ;
#5168 = ORIENTED_EDGE ( 'NONE', *, *, #4855, .F. ) ;
#5169 = DIRECTION ( 'NONE',  ( -0.000000000000000000, -0.000000000000000000, -1.000000000000000000 ) ) ;
#5170 = DIRECTION ( 'NONE',  ( 0.000000000000000000, -1.000000000000000000, 0.000000000000000000 ) ) ;
#5171 = ADVANCED_FACE ( 'NONE', ( #4636 ), #7739, .T. ) ;
#5172 = EDGE_LOOP ( 'NONE', ( #3055, #4459, #5111, #4171 ) ) ;
#5173 = VECTOR ( 'NONE', #8251, 1000.000000000000000 ) ;
#5174 = PRESENTATION_STYLE_ASSIGNMENT (( #7581 ) ) ;
#5175 = CARTESIAN_POINT ( 'NONE',  ( 3.212796488114678439, 16.57017882061555980, 0.000000000000000000 ) ) ;
#5176 = VECTOR ( 'NONE', #3463, 1000.000000000000000 ) ;
#5177 = DIRECTION ( 'NONE',  ( 0.9999934363175143615, -0.003623164623563692333, 0.000000000000000000 ) ) ;
#5178 = DIRECTION ( 'NONE',  ( 1.000000000000000000, 0.000000000000000000, 0.000000000000000000 ) ) ;
#5179 = LINE ( 'NONE', #9117, #8021 ) ;
#5180 = CARTESIAN_POINT ( 'NONE',  ( 3.125064372362150955, 16.70027654558460384, 0.001000000000000000021 ) ) ;
#5181 = CARTESIAN_POINT ( 'NONE',  ( 3.730716060786571475, 16.79489307283483512, 0.001000000000000000021 ) ) ;
#5182 = MANIFOLD_SOLID_BREP ( 'Boss-Extrude1[6]', #2436 ) ;
#5183 = ORIENTED_EDGE ( 'NONE', *, *, #9088, .F. ) ;
#5184 = EDGE_CURVE ( 'NONE', #8194, #8301, #5741, .T. ) ;
#5185 = CARTESIAN_POINT ( 'NONE',  ( 3.335303708099099040, 16.55146734321162683, 1.694065894508600678E-18 ) ) ;
#5186 = EDGE_LOOP ( 'NONE', ( #7128, #9304, #6543, #8794 ) ) ;
#5187 = FACE_OUTER_BOUND ( 'NONE', #2214, .T. ) ;
#5188 = DIRECTION ( 'NONE',  ( 0.000000000000000000, 1.000000000000000000, -0.000000000000000000 ) ) ;
#5189 = AXIS2_PLACEMENT_3D ( 'NONE', #3067, #1470, #8360 ) ;
#5190 = CARTESIAN_POINT ( 'NONE',  ( 2.998497114827814780, 16.47768057382617712, 0.000000000000000000 ) ) ;
#5191 = ORIENTED_EDGE ( 'NONE', *, *, #3233, .T. ) ;
#5192 = ORIENTED_EDGE ( 'NONE', *, *, #8286, .F. ) ;
#5193 = B_SPLINE_SURFACE_WITH_KNOTS ( 'NONE', 3, 1, ( 
 ( #64, #1429 ),
 ( #816, #2286 ),
 ( #5349, #6933 ),
 ( #7599, #8473 ) ),
 .UNSPECIFIED., .F., .F., .F.,
 ( 4, 4 ),
 ( 2, 2 ),
 ( 0.5000000000000000000, 0.5714285714285713969 ),
 ( 0.000000000000000000, 1.000000000000000000 ),
 .UNSPECIFIED. ) ;
#5194 = EDGE_CURVE ( 'NONE', #7264, #6610, #290, .T. ) ;
#5195 = CARTESIAN_POINT ( 'NONE',  ( 3.371314475933138599, 16.58783115778910755, 0.001000000000000001756 ) ) ;
#5196 = DIRECTION ( 'NONE',  ( 0.000000000000000000, -0.000000000000000000, 1.000000000000000000 ) ) ;
#5197 = VECTOR ( 'NONE', #5404, 1000.000000000000000 ) ;
#5198 =( NAMED_UNIT ( * ) SI_UNIT ( $, .STERADIAN. ) SOLID_ANGLE_UNIT ( ) );
#5199 = SURFACE_STYLE_FILL_AREA ( #2676 ) ;
#5200 = EDGE_CURVE ( 'NONE', #4316, #4828, #5588, .T. ) ;
#5201 = MANIFOLD_SOLID_BREP ( 'LPattern6[2]', #1782 ) ;
#5202 = LINE ( 'NONE', #415, #439 ) ;
#5203 = EDGE_CURVE ( 'NONE', #5627, #3471, #6512, .T. ) ;
#5204 = VECTOR ( 'NONE', #586, 1000.000000000000000 ) ;
#5205 = EDGE_LOOP ( 'NONE', ( #3064, #7879, #7101, #285 ) ) ;
#5206 = EDGE_CURVE ( 'NONE', #1236, #8757, #4909, .T. ) ;
#5207 = PRESENTATION_STYLE_ASSIGNMENT (( #7560 ) ) ;
#5208 = CARTESIAN_POINT ( 'NONE',  ( 3.095761492654057090, 16.63054981374909858, 0.000000000000000000 ) ) ;
#5209 = ORIENTED_EDGE ( 'NONE', *, *, #2669, .F. ) ;
#5210 = SURFACE_SIDE_STYLE ('',( #2892 ) ) ;
#5211 = CARTESIAN_POINT ( 'NONE',  ( 0.6749999999999998224, -0.8700000000000001066, 0.01000000000000000021 ) ) ;
#5212 = ORIENTED_EDGE ( 'NONE', *, *, #2727, .T. ) ;
#5213 = DIRECTION ( 'NONE',  ( 0.000000000000000000, -1.000000000000000000, 0.000000000000000000 ) ) ;
#5214 = DIRECTION ( 'NONE',  ( -0.003936977361965895116, -0.9999922500745950238, 0.000000000000000000 ) ) ;
#5215 = CARTESIAN_POINT ( 'NONE',  ( -1.224999999999999423, -0.8750000000000001110, -0.02000000000000000042 ) ) ;
#5216 = VERTEX_POINT ( 'NONE', #3251 ) ;
#5217 = VERTEX_POINT ( 'NONE', #1805 ) ;
#5218 = SURFACE_STYLE_USAGE ( .BOTH. , #3598 ) ;
#5219 = ADVANCED_FACE ( 'NONE', ( #6415 ), #8659, .T. ) ;
#5220 = LINE ( 'NONE', #638, #6706 ) ;
#5221 = SURFACE_SIDE_STYLE ('',( #9874 ) ) ;
#5222 = EDGE_CURVE ( 'NONE', #5217, #2162, #5642, .T. ) ;
#5223 = ORIENTED_EDGE ( 'NONE', *, *, #8688, .F. ) ;
#5224 = CARTESIAN_POINT ( 'NONE',  ( 3.703707984911051465, 16.46973702209810497, 0.001000000000000001756 ) ) ;
#5225 = PLANE ( 'NONE',  #9859 ) ;
#5226 = DIRECTION ( 'NONE',  ( 0.000000000000000000, -0.000000000000000000, -1.000000000000000000 ) ) ;
#5227 = ORIENTED_EDGE ( 'NONE', *, *, #6038, .F. ) ;
#5228 = PLANE ( 'NONE',  #6381 ) ;
#5229 = DIRECTION ( 'NONE',  ( 0.004999937501138439211, 0.9999875002343702191, 0.000000000000000000 ) ) ;
#5230 = CARTESIAN_POINT ( 'NONE',  ( 1.224999999999999201, 0.2499999999999995837, 0.1830000000000000238 ) ) ;
#5231 = LINE ( 'NONE', #1410, #457 ) ;
#5232 = VERTEX_POINT ( 'NONE', #1047 ) ;
#5233 = FACE_OUTER_BOUND ( 'NONE', #914, .T. ) ;
#5234 = CARTESIAN_POINT ( 'NONE',  ( 3.446336908920713427, 16.45508558224401696, 0.001000000000000000021 ) ) ;
#5235 = CARTESIAN_POINT ( 'NONE',  ( 3.778730417898627181, 16.58677201755869746, 0.001000000000000001756 ) ) ;
#5236 = ORIENTED_EDGE ( 'NONE', *, *, #7688, .F. ) ;
#5237 = CARTESIAN_POINT ( 'NONE',  ( -1.224999999999999423, -0.7500000000000001110, -0.02000000000000000042 ) ) ;
#5238 =( GEOMETRIC_REPRESENTATION_CONTEXT ( 3 ) GLOBAL_UNCERTAINTY_ASSIGNED_CONTEXT ( ( #3359 ) ) GLOBAL_UNIT_ASSIGNED_CONTEXT ( ( #6231, #2338, #6287 ) ) REPRESENTATION_CONTEXT ( 'NONE', 'WORKASPACE' ) );
#5239 = LINE ( 'NONE', #9074, #5662 ) ;
#5240 = ORIENTED_EDGE ( 'NONE', *, *, #3997, .F. ) ;
#5241 =( GEOMETRIC_REPRESENTATION_CONTEXT ( 3 ) GLOBAL_UNCERTAINTY_ASSIGNED_CONTEXT ( ( #9332 ) ) GLOBAL_UNIT_ASSIGNED_CONTEXT ( ( #1968, #8715, #7953 ) ) REPRESENTATION_CONTEXT ( 'NONE', 'WORKASPACE' ) );
#5242 = VECTOR ( 'NONE', #7574, 1000.000000000000000 ) ;
#5243 = CARTESIAN_POINT ( 'NONE',  ( 3.563724951124809692, 16.55640999762019661, 1.694065894508600678E-18 ) ) ;
#5244 = FILL_AREA_STYLE_COLOUR ( '', #2092 ) ;
#5245 = ORIENTED_EDGE ( 'NONE', *, *, #529, .F. ) ;
#5246 = EDGE_CURVE ( 'NONE', #9245, #6719, #9624, .T. ) ;
#5247 = EDGE_LOOP ( 'NONE', ( #8842, #5779, #3505, #5236, #7462 ) ) ;
#5248 = VECTOR ( 'NONE', #2511, 1000.000000000000000 ) ;
#5249 = CARTESIAN_POINT ( 'NONE',  ( 1.224999999999999423, 0.7499999999999995559, 0.000000000000000000 ) ) ;
#5250 = CARTESIAN_POINT ( 'NONE',  ( 2.724179795150874828, 16.82490204602989081, 0.001000000000000000021 ) ) ;
#5251 = UNCERTAINTY_MEASURE_WITH_UNIT (LENGTH_MEASURE( 1.000000000000000082E-05 ), #8091, 'distance_accuracy_value', 'NONE');
#5252 = SURFACE_STYLE_USAGE ( .BOTH. , #6841 ) ;
#5253 = CARTESIAN_POINT ( 'NONE',  ( 0.7250000000000001998, -0.8199999999999997291, 0.01000000000000000021 ) ) ;
#5254 = VECTOR ( 'NONE', #2151, 1000.000000000000000 ) ;
#5255 = COLOUR_RGB ( '',0.8039215686274510109, 0.8039215686274510109, 0.8039215686274510109 ) ;
#5256 = ORIENTED_EDGE ( 'NONE', *, *, #6363, .T. ) ;
#5257 = EDGE_CURVE ( 'NONE', #3485, #9970, #3682, .T. ) ;
#5258 = VERTEX_POINT ( 'NONE', #1924 ) ;
#5259 = ADVANCED_FACE ( 'NONE', ( #4786 ), #4983, .F. ) ;
#5260 = EDGE_CURVE ( 'NONE', #9750, #7264, #6526, .T. ) ;
#5261 = CARTESIAN_POINT ( 'NONE',  ( 3.648456169557835249, 16.52304708036222181, 0.001000000000000000021 ) ) ;
#5262 = LINE ( 'NONE', #6895, #3375 ) ;
#5263 = EDGE_LOOP ( 'NONE', ( #1291, #8922, #5050, #5342 ) ) ;
#5264 = PRODUCT_DEFINITION ( 'UNKNOWN', '', #10017, #7083 ) ;
#5265 = CARTESIAN_POINT ( 'NONE',  ( 1.224999999999999423, -0.6249999999999995559, 0.1830000001064036041 ) ) ;
#5266 = CARTESIAN_POINT ( 'NONE',  ( 2.926843860220482263, -0.01599368229554730750, 0.000000000000000000 ) ) ;
#5267 = VERTEX_POINT ( 'NONE', #7915 ) ;
#5268 = DIRECTION ( 'NONE',  ( -1.000000000000000000, 0.000000000000000000, 0.000000000000000000 ) ) ;
#5269 = MECHANICAL_DESIGN_GEOMETRIC_PRESENTATION_REPRESENTATION (  '', ( #4449 ), #9344 ) ;
#5270 = CARTESIAN_POINT ( 'NONE',  ( 3.372197092791819006, 16.38800670098454404, 0.001000000000000001756 ) ) ;
#5271 = VERTEX_POINT ( 'NONE', #2532 ) ;
#5272 = DIRECTION ( 'NONE',  ( -0.000000000000000000, -0.000000000000000000, -1.000000000000000000 ) ) ;
#5273 =( NAMED_UNIT ( * ) SI_UNIT ( $, .STERADIAN. ) SOLID_ANGLE_UNIT ( ) );
#5274 = MECHANICAL_DESIGN_GEOMETRIC_PRESENTATION_REPRESENTATION (  '', ( #4775 ), #6899 ) ;
#5275 = EDGE_LOOP ( 'NONE', ( #4839, #6044, #9828, #4198 ) ) ;
#5276 = DIRECTION ( 'NONE',  ( 0.000000000000000000, 0.000000000000000000, 1.000000000000000000 ) ) ;
#5277 = FACE_OUTER_BOUND ( 'NONE', #2806, .T. ) ;
#5278 = VECTOR ( 'NONE', #9267, 1000.000000000000000 ) ;
#5279 = DIRECTION ( 'NONE',  ( 0.000000000000000000, -0.000000000000000000, 1.000000000000000000 ) ) ;
#5280 = AXIS2_PLACEMENT_3D ( 'NONE', #5463, #3794, #3100 ) ;
#5281 = CARTESIAN_POINT ( 'NONE',  ( 2.992848366932276516, 16.64484820685967037, 0.001000000000000000021 ) ) ;
#5282 = EDGE_CURVE ( 'NONE', #1443, #8378, #1727, .T. ) ;
#5283 = EDGE_CURVE ( 'NONE', #1995, #7438, #5607, .T. ) ;
#5284 = LINE ( 'NONE', #651, #4792 ) ;
#5285 = ORIENTED_EDGE ( 'NONE', *, *, #2053, .F. ) ;
#5286 = B_SPLINE_SURFACE_WITH_KNOTS ( 'NONE', 3, 1, ( 
 ( #3065, #4713 ),
 ( #4002, #6156 ),
 ( #3950, #1516 ),
 ( #6969, #4577 ) ),
 .UNSPECIFIED., .F., .F., .F.,
 ( 4, 4 ),
 ( 2, 2 ),
 ( 0.4545454545454544748, 0.5454545454545454142 ),
 ( 0.000000000000000000, 1.000000000000000000 ),
 .UNSPECIFIED. ) ;
#5287 = CARTESIAN_POINT ( 'NONE',  ( 2.802909218944895198, 16.74599609886408302, 0.001000000000000000021 ) ) ;
#5288 = CARTESIAN_POINT ( 'NONE',  ( 3.437157693590472185, 16.45067249795063802, 0.001000000000000000021 ) ) ;
#5289 = VECTOR ( 'NONE', #5074, 1000.000000000000000 ) ;
#5290 = ORIENTED_EDGE ( 'NONE', *, *, #3227, .F. ) ;
#5291 = LINE ( 'NONE', #5340, #1563 ) ;
#5292 = ORIENTED_EDGE ( 'NONE', *, *, #1935, .F. ) ;
#5293 =( NAMED_UNIT ( * ) PLANE_ANGLE_UNIT ( ) SI_UNIT ( $, .RADIAN. ) );
#5294 = VECTOR ( 'NONE', #7584, 1000.000000000000000 ) ;
#5295 = CARTESIAN_POINT ( 'NONE',  ( 3.626743794834374590, 16.54599511868780226, 1.694065894508600678E-18 ) ) ;
#5296 = CARTESIAN_POINT ( 'NONE',  ( 2.212791587233197355, 16.73540469655996432, 0.001000000000000000021 ) ) ;
#5297 = FILL_AREA_STYLE ('',( #6263 ) ) ;
#5298 = ORIENTED_EDGE ( 'NONE', *, *, #8798, .F. ) ;
#5299 = COLOUR_RGB ( '',0.2862745098039215508, 0.2862745098039215508, 0.2862745098039215508 ) ;
#5300 = AXIS2_PLACEMENT_3D ( 'NONE', #2399, #6238, #4699 ) ;
#5301 = ORIENTED_EDGE ( 'NONE', *, *, #1242, .T. ) ;
#5302 = DIRECTION ( 'NONE',  ( -0.9999976675813642135, 0.002159822175824301343, 0.000000000000000000 ) ) ;
#5303 = CARTESIAN_POINT ( 'NONE',  ( -1.469999999999999751, 1.500000000000000000, 0.7800000000000000266 ) ) ;
#5304 = EDGE_CURVE ( 'NONE', #2684, #1967, #6780, .T. ) ;
#5305 = LINE ( 'NONE', #1486, #8260 ) ;
#5306 = CARTESIAN_POINT ( 'NONE',  ( 3.482700723498230122, 16.40795384199065410, 1.694065894508600678E-18 ) ) ;
#5307 = PLANE ( 'NONE',  #4298 ) ;
#5308 = CARTESIAN_POINT ( 'NONE',  ( -0.000000000000000000, 16.63054981374909858, 0.000000000000000000 ) ) ;
#5309 = VERTEX_POINT ( 'NONE', #3422 ) ;
#5310 = VERTEX_POINT ( 'NONE', #8108 ) ;
#5311 = VECTOR ( 'NONE', #3625, 1000.000000000000114 ) ;
#5312 =( NAMED_UNIT ( * ) PLANE_ANGLE_UNIT ( ) SI_UNIT ( $, .RADIAN. ) );
#5313 = PLANE ( 'NONE',  #3072 ) ;
#5314 = VERTEX_POINT ( 'NONE', #8823 ) ;
#5315 = EDGE_CURVE ( 'NONE', #5317, #9524, #2256, .T. ) ;
#5316 = CARTESIAN_POINT ( 'NONE',  ( 2.199375810981297530, 16.45261425503975161, 0.000000000000000000 ) ) ;
#5317 = VERTEX_POINT ( 'NONE', #8004 ) ;
#5318 = CARTESIAN_POINT ( 'NONE',  ( 3.106882465073397270, 16.65526308579208603, 0.000000000000000000 ) ) ;
#5319 = EDGE_CURVE ( 'NONE', #9750, #3541, #3266, .T. ) ;
#5320 = EDGE_CURVE ( 'NONE', #5385, #1304, #4128, .T. ) ;
#5321 = LINE ( 'NONE', #8438, #961 ) ;
#5322 = EDGE_LOOP ( 'NONE', ( #8272, #7527, #1144, #1663 ) ) ;
#5323 = VERTEX_POINT ( 'NONE', #309 ) ;
#5324 = VECTOR ( 'NONE', #4883, 1000.000000000000000 ) ;
#5325 = CARTESIAN_POINT ( 'NONE',  ( 2.185253941242461639, 16.74970308967056809, 0.000000000000000000 ) ) ;
#5326 = AXIS2_PLACEMENT_3D ( 'NONE', #2467, #8657, #3588 ) ;
#5327 = EDGE_LOOP ( 'NONE', ( #6532, #3247 ) ) ;
#5328 = CARTESIAN_POINT ( 'NONE',  ( 0.000000000000000000, 16.82472552265812382, 0.001000000000000000021 ) ) ;
#5329 = LINE ( 'NONE', #6099, #8878 ) ;
#5330 = CARTESIAN_POINT ( 'NONE',  ( 0.7250000000000001998, -0.8199999999999997291, 0.01000000000000000021 ) ) ;
#5331 = CARTESIAN_POINT ( 'NONE',  ( -1.224999999999999423, 0.6249999999999998890, 0.1830000000000000238 ) ) ;
#5332 = EDGE_CURVE ( 'NONE', #4967, #5317, #1116, .T. ) ;
#5333 = FACE_OUTER_BOUND ( 'NONE', #8184, .T. ) ;
#5334 = ORIENTED_EDGE ( 'NONE', *, *, #582, .F. ) ;
#5335 = VERTEX_POINT ( 'NONE', #8674 ) ;
#5336 = CARTESIAN_POINT ( 'NONE',  ( 3.043863621363823935, 16.82454899928641368, 0.001000000000000000021 ) ) ;
#5337 = CARTESIAN_POINT ( 'NONE',  ( 1.499999999999999556, -0.8750000000000015543, -0.02000000000000000042 ) ) ;
#5338 = MANIFOLD_SOLID_BREP ( 'LPattern6[4]', #680 ) ;
#5339 = VERTEX_POINT ( 'NONE', #2580 ) ;
#5340 = CARTESIAN_POINT ( 'NONE',  ( 3.537246445364493397, 16.42507660904904299, 0.001000000000000000021 ) ) ;
#5341 = EDGE_CURVE ( 'NONE', #7548, #6452, #5658, .T. ) ;
#5342 = ORIENTED_EDGE ( 'NONE', *, *, #5584, .F. ) ;
#5343 = CARTESIAN_POINT ( 'NONE',  ( 1.499999999999999556, -0.8750000000000015543, 0.000000000000000000 ) ) ;
#5344 = CARTESIAN_POINT ( 'NONE',  ( 0.6750000000000001554, 0.8199999999999998401, 0.01000000000000000021 ) ) ;
#5345 = CARTESIAN_POINT ( 'NONE',  ( 1.224999999999999423, -0.7500000000000004441, 0.1830000000000000238 ) ) ;
#5346 = ORIENTED_EDGE ( 'NONE', *, *, #9179, .T. ) ;
#5347 = VECTOR ( 'NONE', #6798, 1000.000000000000000 ) ;
#5348 = ORIENTED_EDGE ( 'NONE', *, *, #1625, .T. ) ;
#5349 = CARTESIAN_POINT ( 'NONE',  ( 2.910941522447017427, 16.81731154104526027, 0.001000000000000000021 ) ) ;
#5350 = EDGE_CURVE ( 'NONE', #8511, #6332, #4233, .T. ) ;
#5351 = CARTESIAN_POINT ( 'NONE',  ( 3.208383403821292834, 16.63866988884892706, 0.001000000000000000021 ) ) ;
#5352 = PRODUCT_DEFINITION_CONTEXT ( 'detailed design', #1878, 'design' ) ;
#5353 = CARTESIAN_POINT ( 'NONE',  ( 3.127712222938180187, 16.82507856940162938, 0.001000000000000000021 ) ) ;
#5354 = COLOUR_RGB ( '',0.8039215686274510109, 0.8039215686274510109, 0.8039215686274510109 ) ;
#5355 = CARTESIAN_POINT ( 'NONE',  ( 3.442276871370805402, 16.64043512256629853, 0.001000000000000001756 ) ) ;
#5356 = LINE ( 'NONE', #4595, #599 ) ;
#5357 = FACE_OUTER_BOUND ( 'NONE', #1183, .T. ) ;
#5358 = LINE ( 'NONE', #7653, #1452 ) ;
#5359 = VERTEX_POINT ( 'NONE', #4490 ) ;
#5360 = CARTESIAN_POINT ( 'NONE',  ( 3.432038515810145629, 16.53822809033147223, 0.001000000000000000021 ) ) ;
#5361 = VERTEX_POINT ( 'NONE', #8167 ) ;
#5362 = B_SPLINE_SURFACE_WITH_KNOTS ( 'NONE', 3, 1, ( 
 ( #3277, #9548 ),
 ( #6391, #7053 ),
 ( #129, #5670 ),
 ( #939, #6298 ) ),
 .UNSPECIFIED., .F., .F., .F.,
 ( 4, 4 ),
 ( 2, 2 ),
 ( 0.8000000000000000444, 0.8666666666666666963 ),
 ( 0.000000000000000000, 1.000000000000000000 ),
 .UNSPECIFIED. ) ;
#5363 = CARTESIAN_POINT ( 'NONE',  ( 3.812799428643566468, 16.76329538929418916, 0.000000000000000000 ) ) ;
#5364 = CARTESIAN_POINT ( 'NONE',  ( 2.910058905588334355, 16.75676402453996872, 0.001000000000000000021 ) ) ;
#5365 = VECTOR ( 'NONE', #1933, 1000.000000000000000 ) ;
#5366 = DIRECTION ( 'NONE',  ( -0.000000000000000000, -0.000000000000000000, -1.000000000000000000 ) ) ;
#5367 = CARTESIAN_POINT ( 'NONE',  ( 2.780843797477962731, 16.57529799839590368, 0.000000000000000000 ) ) ;
#5368 = EDGE_CURVE ( 'NONE', #1129, #1030, #3524, .T. ) ;
#5369 = ORIENTED_EDGE ( 'NONE', *, *, #6210, .F. ) ;
#5370 = APPLICATION_PROTOCOL_DEFINITION ( 'draft international standard', 'automotive_design', 1998, #6345 ) ;
#5371 = PLANE ( 'NONE',  #5517 ) ;
#5372 = VERTEX_POINT ( 'NONE', #9788 ) ;
#5373 = CARTESIAN_POINT ( 'NONE',  ( -1.499999999999999778, -1.500000000000000000, 0.7500000000000000000 ) ) ;
#5374 = CARTESIAN_POINT ( 'NONE',  ( 3.180845757830562004, 16.71263318160610822, 0.001000000000000000021 ) ) ;
#5375 =( NAMED_UNIT ( * ) SI_UNIT ( $, .STERADIAN. ) SOLID_ANGLE_UNIT ( ) );
#5376 = CARTESIAN_POINT ( 'NONE',  ( -1.499999999999999556, -0.1250000000000000000, 0.1830000000000000238 ) ) ;
#5377 = LINE ( 'NONE', #3110, #7407 ) ;
#5378 = ORIENTED_EDGE ( 'NONE', *, *, #9222, .F. ) ;
#5379 = ORIENTED_EDGE ( 'NONE', *, *, #952, .F. ) ;
#5380 = PLANE ( 'NONE',  #9197 ) ;
#5381 = EDGE_CURVE ( 'NONE', #4574, #3826, #1372, .T. ) ;
#5382 = CARTESIAN_POINT ( 'NONE',  ( 3.484289433843847927, 16.52092879990137675, 0.000000000000000000 ) ) ;
#5383 = CARTESIAN_POINT ( 'NONE',  ( 3.665225889872715026, 16.54546554857260787, -1.694065894508600678E-18 ) ) ;
#5384 = ADVANCED_FACE ( 'NONE', ( #8371 ), #5525, .F. ) ;
#5385 = VERTEX_POINT ( 'NONE', #9693 ) ;
#5386 = ORIENTED_EDGE ( 'NONE', *, *, #6040, .T. ) ;
#5387 = FACE_OUTER_BOUND ( 'NONE', #8333, .T. ) ;
#5388 = PLANE ( 'NONE',  #1478 ) ;
#5389 = ORIENTED_EDGE ( 'NONE', *, *, #3751, .F. ) ;
#5390 = ORIENTED_EDGE ( 'NONE', *, *, #5749, .F. ) ;
#5391 = ORIENTED_EDGE ( 'NONE', *, *, #1249, .F. ) ;
#5392 = CARTESIAN_POINT ( 'NONE',  ( 3.714475910586914065, 16.66108835705933089, 0.001000000000000000021 ) ) ;
#5393 = UNCERTAINTY_MEASURE_WITH_UNIT (LENGTH_MEASURE( 1.000000000000000082E-05 ), #3271, 'distance_accuracy_value', 'NONE');
#5394 = VECTOR ( 'NONE', #9526, 1000.000000000000000 ) ;
#5395 =( NAMED_UNIT ( * ) PLANE_ANGLE_UNIT ( ) SI_UNIT ( $, .RADIAN. ) );
#5396 = CARTESIAN_POINT ( 'NONE',  ( 3.372197092791819006, 16.38800670098454404, 0.001000000000000001756 ) ) ;
#5397 = DIRECTION ( 'NONE',  ( -1.000000000000000000, 0.000000000000000000, 0.000000000000000000 ) ) ;
#5398 = LINE ( 'NONE', #7701, #2884 ) ;
#5399 = ORIENTED_EDGE ( 'NONE', *, *, #1732, .F. ) ;
#5400 = EDGE_CURVE ( 'NONE', #6082, #3585, #1665, .T. ) ;
#5401 = EDGE_CURVE ( 'NONE', #7978, #7059, #2091, .T. ) ;
#5402 = ORIENTED_EDGE ( 'NONE', *, *, #8731, .F. ) ;
#5403 = AXIS2_PLACEMENT_3D ( 'NONE', #3613, #8264, #9834 ) ;
#5404 = DIRECTION ( 'NONE',  ( -0.000000000000000000, -0.000000000000000000, -1.000000000000000000 ) ) ;
#5405 = DIRECTION ( 'NONE',  ( 0.000000000000000000, 1.000000000000000000, 0.000000000000000000 ) ) ;
#5406 = ORIENTED_EDGE ( 'NONE', *, *, #6655, .T. ) ;
#5407 = DIRECTION ( 'NONE',  ( -1.000000000000000000, 0.000000000000000000, 0.000000000000000000 ) ) ;
#5408 = DIRECTION ( 'NONE',  ( -1.000000000000000000, 3.942553354492742545E-16, 0.000000000000000000 ) ) ;
#5409 = AXIS2_PLACEMENT_3D ( 'NONE', #1769, #3308, #6425 ) ;
#5410 = MECHANICAL_DESIGN_GEOMETRIC_PRESENTATION_REPRESENTATION (  '', ( #9480 ), #5081 ) ;
#5411 = CARTESIAN_POINT ( 'NONE',  ( 3.766197258505401102, 16.62772543980134543, 0.000000000000000000 ) ) ;
#5412 = LINE ( 'NONE', #6088, #3484 ) ;
#5413 = FILL_AREA_STYLE ('',( #7712 ) ) ;
#5414 = AXIS2_PLACEMENT_3D ( 'NONE', #9362, #6152, #6199 ) ;
#5415 = CARTESIAN_POINT ( 'NONE',  ( 2.681461139190897125, 16.58906682139128819, 0.000000000000000000 ) ) ;
#5416 = ORIENTED_EDGE ( 'NONE', *, *, #5161, .T. ) ;
#5417 = VECTOR ( 'NONE', #5896, 1000.000000000000000 ) ;
#5418 = AXIS2_PLACEMENT_3D ( 'NONE', #4161, #8195, #3446 ) ;
#5419 = CARTESIAN_POINT ( 'NONE',  ( 3.746426640871031388, 16.65279175858778160, 0.001000000000000000021 ) ) ;
#5420 = VERTEX_POINT ( 'NONE', #5250 ) ;
#5421 = LINE ( 'NONE', #8550, #2602 ) ;
#5422 = EDGE_CURVE ( 'NONE', #8720, #4854, #1315, .T. ) ;
#5423 = CARTESIAN_POINT ( 'NONE',  ( 3.181198804574033812, 16.70027654558460384, 0.001000000000000000021 ) ) ;
#5424 = CARTESIAN_POINT ( 'NONE',  ( 3.371314475933138599, 16.58783115778910755, 0.001000000000000001756 ) ) ;
#5425 = DIRECTION ( 'NONE',  ( -0.000000000000000000, 0.000000000000000000, 1.000000000000000000 ) ) ;
#5426 = VERTEX_POINT ( 'NONE', #9082 ) ;
#5427 = DIRECTION ( 'NONE',  ( 1.000000000000000000, 0.000000000000000000, 0.000000000000000000 ) ) ;
#5428 = AXIS2_PLACEMENT_3D ( 'NONE', #8046, #4776, #9383 ) ;
#5429 = CARTESIAN_POINT ( 'NONE',  ( 3.406266103536768508, 16.72957942529269815, 0.000000000000000000 ) ) ;
#5430 = CARTESIAN_POINT ( 'NONE',  ( 0.000000000000000000, 16.47556229336537825, 0.001000000000000000021 ) ) ;
#5431 = VERTEX_POINT ( 'NONE', #8326 ) ;
#5432 = MECHANICAL_DESIGN_GEOMETRIC_PRESENTATION_REPRESENTATION (  '', ( #4779 ), #8226 ) ;
#5433 = ORIENTED_EDGE ( 'NONE', *, *, #4060, .T. ) ;
#5434 = EDGE_CURVE ( 'NONE', #6409, #8115, #6633, .T. ) ;
#5435 = DIRECTION ( 'NONE',  ( 1.000000000000000000, 0.000000000000000000, -0.000000000000000000 ) ) ;
#5436 = COLOUR_RGB ( '',0.8039215686274510109, 0.8039215686274510109, 0.8039215686274510109 ) ;
#5437 = EDGE_CURVE ( 'NONE', #7667, #8749, #7601, .T. ) ;
#5438 = ORIENTED_EDGE ( 'NONE', *, *, #2087, .T. ) ;
#5439 = ORIENTED_EDGE ( 'NONE', *, *, #772, .T. ) ;
#5440 = B_SPLINE_SURFACE_WITH_KNOTS ( 'NONE', 3, 1, ( 
 ( #1985, #7299 ),
 ( #7149, #8118 ),
 ( #3274, #5821 ),
 ( #8014, #6386 ) ),
 .UNSPECIFIED., .F., .F., .F.,
 ( 4, 4 ),
 ( 2, 2 ),
 ( 0.1818181818181817955, 0.2727272727272727071 ),
 ( 0.000000000000000000, 1.000000000000000000 ),
 .UNSPECIFIED. ) ;
#5441 = CARTESIAN_POINT ( 'NONE',  ( 3.043863621363823935, 16.63125590723604219, 0.000000000000000000 ) ) ;
#5442 = VECTOR ( 'NONE', #8940, 1000.000000000000000 ) ;
#5443 = UNCERTAINTY_MEASURE_WITH_UNIT (LENGTH_MEASURE( 1.000000000000000082E-05 ), #2793, 'distance_accuracy_value', 'NONE');
#5444 = CARTESIAN_POINT ( 'NONE',  ( 3.406266103536768508, 16.71987063984729005, 0.000000000000000000 ) ) ;
#5445 = COLOUR_RGB ( '',0.8039215686274510109, 0.8039215686274510109, 0.8039215686274510109 ) ;
#5446 = CARTESIAN_POINT ( 'NONE',  ( 3.771492959657475552, 16.79506959620657724, 0.001000000000000000021 ) ) ;
#5447 = CARTESIAN_POINT ( 'NONE',  ( -1.499999999999999556, -0.8750000000000000000, 0.1830000000000000238 ) ) ;
#5448 = DIRECTION ( 'NONE',  ( -0.000000000000000000, 1.000000000000000000, -0.000000000000000000 ) ) ;
#5449 = ORIENTED_EDGE ( 'NONE', *, *, #7013, .F. ) ;
#5450 = VECTOR ( 'NONE', #6666, 1000.000000000000000 ) ;
#5451 = B_SPLINE_CURVE_WITH_KNOTS ( 'NONE', 3,
 ( #6419, #2472, #8761, #9380 ),
 .UNSPECIFIED., .F., .F.,
 ( 4, 4 ),
 ( 0.3846153846153845812, 0.4615384615384616196 ),
 .UNSPECIFIED. ) ;
#5452 = EDGE_LOOP ( 'NONE', ( #2248, #5703, #189, #3461 ) ) ;
#5453 = COLOUR_RGB ( '',0.8039215686274510109, 0.8039215686274510109, 0.8039215686274510109 ) ;
#5454 = DIRECTION ( 'NONE',  ( -0.000000000000000000, 0.000000000000000000, 1.000000000000000000 ) ) ;
#5455 = CARTESIAN_POINT ( 'NONE',  ( 1.499999999999999556, -0.3750000000000014988, 0.1830000000000000238 ) ) ;
#5456 = ADVANCED_FACE ( 'NONE', ( #1431 ), #8275, .F. ) ;
#5457 = CARTESIAN_POINT ( 'NONE',  ( -3.243162531485117572, 1.241937012964192455, 0.001000000000000000021 ) ) ;
#5458 = CARTESIAN_POINT ( 'NONE',  ( 0.01791859393890259111, 16.39551345760311918, 0.001000000000000000021 ) ) ;
#5459 = COLOUR_RGB ( '',0.9607843137254902244, 0.9607843137254902244, 0.9607843137254902244 ) ;
#5460 = CARTESIAN_POINT ( 'NONE',  ( 2.780843797477962731, 16.57529799839590368, 0.000000000000000000 ) ) ;
#5461 = ORIENTED_EDGE ( 'NONE', *, *, #3730, .T. ) ;
#5462 = VERTEX_POINT ( 'NONE', #2179 ) ;
#5463 = CARTESIAN_POINT ( 'NONE',  ( -2.936452660013267657, -16.54072390419342042, 0.7800000000000000266 ) ) ;
#5464 = DIRECTION ( 'NONE',  ( 0.9999989154995179153, 0.001472752453019140562, 0.000000000000000000 ) ) ;
#5465 = COLOUR_RGB ( '',0.9607843137254902244, 0.9607843137254902244, 0.9607843137254902244 ) ;
#5466 = VERTEX_POINT ( 'NONE', #8926 ) ;
#5467 = PLANE ( 'NONE',  #6318 ) ;
#5468 = EDGE_CURVE ( 'NONE', #8239, #6358, #7921, .T. ) ;
#5469 = CARTESIAN_POINT ( 'NONE',  ( 1.224999999999999201, 0.3750000000000004441, -0.02000000000000000042 ) ) ;
#5470 = CIRCLE ( 'NONE', #7459, 0.1250000000000005551 ) ;
#5471 = LINE ( 'NONE', #2352, #4598 ) ;
#5472 =( NAMED_UNIT ( * ) PLANE_ANGLE_UNIT ( ) SI_UNIT ( $, .RADIAN. ) );
#5473 = FACE_OUTER_BOUND ( 'NONE', #1326, .T. ) ;
#5474 = ORIENTED_EDGE ( 'NONE', *, *, #7728, .F. ) ;
#5475 = CARTESIAN_POINT ( 'NONE',  ( 1.499999999999999334, -0.3750000000000014988, 0.1830000001064036041 ) ) ;
#5476 = ADVANCED_FACE ( 'NONE', ( #9903, #3532 ), #3578, .F. ) ;
#5477 = DIRECTION ( 'NONE',  ( 1.000000000000000000, 0.000000000000000000, 0.000000000000000000 ) ) ;
#5478 = CARTESIAN_POINT ( 'NONE',  ( 0.6750000000000001554, -0.8200000000000000622, -0.02000000000000000042 ) ) ;
#5479 = VERTEX_POINT ( 'NONE', #2828 ) ;
#5480 = CARTESIAN_POINT ( 'NONE',  ( 1.224999999999999423, 0.7499999999999995559, 0.1830000000000000238 ) ) ;
#5481 = ORIENTED_EDGE ( 'NONE', *, *, #2309, .F. ) ;
#5482 = SURFACE_STYLE_USAGE ( .BOTH. , #9322 ) ;
#5483 = CARTESIAN_POINT ( 'NONE',  ( 3.406266103536768508, 16.72957942529269815, 0.001000000000000000021 ) ) ;
#5484 = AXIS2_PLACEMENT_3D ( 'NONE', #5345, #3120, #9175 ) ;
#5485 = CARTESIAN_POINT ( 'NONE',  ( 2.775195049582429796, 16.71598712566905220, 0.000000000000000000 ) ) ;
#5486 = MECHANICAL_DESIGN_GEOMETRIC_PRESENTATION_REPRESENTATION (  '', ( #38 ), #8280 ) ;
#5487 = EDGE_CURVE ( 'NONE', #6020, #9919, #4388, .T. ) ;
#5488 = ORIENTED_EDGE ( 'NONE', *, *, #7708, .F. ) ;
#5489 = DIRECTION ( 'NONE',  ( 0.000000000000000000, -0.000000000000000000, 1.000000000000000000 ) ) ;
#5490 = CIRCLE ( 'NONE', #836, 0.1250000000000009714 ) ;
#5491 = FILL_AREA_STYLE ('',( #9431 ) ) ;
#5492 = FILL_AREA_STYLE ('',( #3306 ) ) ;
#5493 = LINE ( 'NONE', #3921, #3472 ) ;
#5494 = CARTESIAN_POINT ( 'NONE',  ( 3.771492959657475552, 16.79506959620657724, 0.000000000000000000 ) ) ;
#5495 = CARTESIAN_POINT ( 'NONE',  ( 3.043863621363823935, 0.000000000000000000, 0.001000000000000000021 ) ) ;
#5496 = LINE ( 'NONE', #21, #6930 ) ;
#5497 = VERTEX_POINT ( 'NONE', #6733 ) ;
#5498 = AXIS2_PLACEMENT_3D ( 'NONE', #4419, #8265, #9122 ) ;
#5499 = ORIENTED_EDGE ( 'NONE', *, *, #7506, .F. ) ;
#5500 = EDGE_CURVE ( 'NONE', #3304, #71, #4765, .T. ) ;
#5501 = ORIENTED_EDGE ( 'NONE', *, *, #5630, .F. ) ;
#5502 = FACE_OUTER_BOUND ( 'NONE', #5952, .T. ) ;
#5503 = CARTESIAN_POINT ( 'NONE',  ( 2.694170821955845341, 16.63143243060779142, 0.001000000000000000021 ) ) ;
#5504 = VECTOR ( 'NONE', #753, 1000.000000000000000 ) ;
#5505 = CARTESIAN_POINT ( 'NONE',  ( 0.6750000000000001554, 0.8199999999999998401, 0.000000000000000000 ) ) ;
#5506 = EDGE_CURVE ( 'NONE', #1107, #7173, #2557, .T. ) ;
#5507 = LINE ( 'NONE', #8006, #1206 ) ;
#5508 = DIRECTION ( 'NONE',  ( -0.000000000000000000, -0.000000000000000000, -1.000000000000000000 ) ) ;
#5509 = EDGE_CURVE ( 'NONE', #997, #7382, #3530, .T. ) ;
#5510 = CARTESIAN_POINT ( 'NONE',  ( 2.893112661901726668, 16.51245567805807468, 0.001000000000000000021 ) ) ;
#5511 = DIRECTION ( 'NONE',  ( 1.000000000000000000, 0.000000000000000000, 0.000000000000000000 ) ) ;
#5512 = AXIS2_PLACEMENT_3D ( 'NONE', #8457, #1518, #6009 ) ;
#5513 = ORIENTED_EDGE ( 'NONE', *, *, #8447, .F. ) ;
#5514 = LINE ( 'NONE', #8492, #8783 ) ;
#5515 = ORIENTED_EDGE ( 'NONE', *, *, #4985, .F. ) ;
#5516 = CARTESIAN_POINT ( 'NONE',  ( 1.499999999999999556, -0.8750000000000015543, 0.1830000000000000238 ) ) ;
#5517 = AXIS2_PLACEMENT_3D ( 'NONE', #4701, #8594, #1650 ) ;
#5518 = CARTESIAN_POINT ( 'NONE',  ( 3.822155167345547166, 16.76329538929418916, 0.001000000000000000021 ) ) ;
#5519 = CARTESIAN_POINT ( 'NONE',  ( 3.442982964857743688, 16.52092879990137675, 0.001000000000000000021 ) ) ;
#5520 = FACE_OUTER_BOUND ( 'NONE', #2305, .T. ) ;
#5521 = CARTESIAN_POINT ( 'NONE',  ( 8.325806465266822443, 3.498238010614933113, 0.000000000000000000 ) ) ;
#5522 = VERTEX_POINT ( 'NONE', #9513 ) ;
#5523 = PLANE ( 'NONE',  #2088 ) ;
#5524 = VERTEX_POINT ( 'NONE', #9239 ) ;
#5525 = B_SPLINE_SURFACE_WITH_KNOTS ( 'NONE', 3, 1, ( 
 ( #460, #616 ),
 ( #2883, #5813 ),
 ( #4283, #5143 ),
 ( #6681, #9741 ) ),
 .UNSPECIFIED., .F., .F., .F.,
 ( 4, 4 ),
 ( 2, 2 ),
 ( 0.4000000000000000222, 0.5000000000000000000 ),
 ( 0.000000000000000000, 1.000000000000000000 ),
 .UNSPECIFIED. ) ;
#5526 = ADVANCED_FACE ( 'NONE', ( #7836 ), #7725, .F. ) ;
#5527 = VERTEX_POINT ( 'NONE', #9183 ) ;
#5528 = SPHERICAL_SURFACE ( 'NONE', #1426, 0.02999999999999999889 ) ;
#5529 = EDGE_CURVE ( 'NONE', #1819, #6521, #5635, .T. ) ;
#5530 = DIRECTION ( 'NONE',  ( 0.005405326438614984838, 0.9999853911163362197, 0.000000000000000000 ) ) ;
#5531 = CARTESIAN_POINT ( 'NONE',  ( 3.789321820202755653, 16.53046106197511733, -1.694065894508600678E-18 ) ) ;
#5532 = ORIENTED_EDGE ( 'NONE', *, *, #709, .F. ) ;
#5533 = CARTESIAN_POINT ( 'NONE',  ( 0.000000000000000000, 16.70027654558460384, 0.001000000000000000021 ) ) ;
#5534 = CARTESIAN_POINT ( 'NONE',  ( 2.682343756049562433, 16.38959541133016273, 0.001000000000000000021 ) ) ;
#5535 = ORIENTED_EDGE ( 'NONE', *, *, #1659, .T. ) ;
#5536 = CARTESIAN_POINT ( 'NONE',  ( 3.371314475933138599, 16.58783115778910755, 0.001000000000000001756 ) ) ;
#5537 = CARTESIAN_POINT ( 'NONE',  ( 0.03602270259318360313, 16.67851130355796840, 0.000000000000000000 ) ) ;
#5538 = FILL_AREA_STYLE ('',( #4103 ) ) ;
#5539 = ORIENTED_EDGE ( 'NONE', *, *, #4450, .T. ) ;
#5540 = ORIENTED_EDGE ( 'NONE', *, *, #4092, .F. ) ;
#5541 = FACE_OUTER_BOUND ( 'NONE', #737, .T. ) ;
#5542 = DIRECTION ( 'NONE',  ( 1.000000000000000000, -2.365532012695645823E-15, 0.000000000000000000 ) ) ;
#5543 =( LENGTH_UNIT ( ) NAMED_UNIT ( * ) SI_UNIT ( .MILLI., .METRE. ) );
#5544 = CARTESIAN_POINT ( 'NONE',  ( 2.775548096325903824, 16.70027654558460384, 0.000000000000000000 ) ) ;
#5545 = EDGE_CURVE ( 'NONE', #1240, #5962, #473, .T. ) ;
#5546 = CARTESIAN_POINT ( 'NONE',  ( 3.749957108305741915, 16.41625044046226378, 0.001000000000000001756 ) ) ;
#5547 = DIRECTION ( 'NONE',  ( 0.000000000000000000, 0.000000000000000000, -1.000000000000000000 ) ) ;
#5548 = ORIENTED_EDGE ( 'NONE', *, *, #4318, .F. ) ;
#5549 = DIRECTION ( 'NONE',  ( 0.000000000000000000, 0.000000000000000000, -1.000000000000000000 ) ) ;
#5550 = DIRECTION ( 'NONE',  ( -0.000000000000000000, 0.000000000000000000, -1.000000000000000000 ) ) ;
#5551 = DIRECTION ( 'NONE',  ( 0.000000000000000000, 1.000000000000000000, 0.000000000000000000 ) ) ;
#5552 = CARTESIAN_POINT ( 'NONE',  ( 3.714475910586914065, 16.66108835705933089, 0.000000000000000000 ) ) ;
#5553 = CARTESIAN_POINT ( 'NONE',  ( 3.658341478375024547, 16.35888034464818475, 0.000000000000000000 ) ) ;
#5554 = EDGE_CURVE ( 'NONE', #4307, #7660, #6883, .T. ) ;
#5555 = AXIS2_PLACEMENT_3D ( 'NONE', #5761, #5549, #4785 ) ;
#5556 = FILL_AREA_STYLE ('',( #9398 ) ) ;
#5557 = B_SPLINE_CURVE_WITH_KNOTS ( 'NONE', 3,
 ( #890, #2497, #8124, #476 ),
 .UNSPECIFIED., .F., .F.,
 ( 4, 4 ),
 ( 0.6363636363636363535, 0.7272727272727272929 ),
 .UNSPECIFIED. ) ;
#5558 = EDGE_CURVE ( 'NONE', #5656, #1747, #8912, .T. ) ;
#5559 = EDGE_CURVE ( 'NONE', #3822, #8669, #3246, .T. ) ;
#5560 = DIRECTION ( 'NONE',  ( 0.000000000000000000, 0.000000000000000000, 1.000000000000000000 ) ) ;
#5561 = VECTOR ( 'NONE', #2310, 1000.000000000000000 ) ;
#5562 =( GEOMETRIC_REPRESENTATION_CONTEXT ( 3 ) GLOBAL_UNCERTAINTY_ASSIGNED_CONTEXT ( ( #917 ) ) GLOBAL_UNIT_ASSIGNED_CONTEXT ( ( #536, #485, #8954 ) ) REPRESENTATION_CONTEXT ( 'NONE', 'WORKASPACE' ) );
#5563 = ORIENTED_EDGE ( 'NONE', *, *, #7898, .F. ) ;
#5564 = CARTESIAN_POINT ( 'NONE',  ( 3.440864684396913287, 16.59736341986284458, 0.001000000000000001756 ) ) ;
#5565 = LINE ( 'NONE', #4039, #4782 ) ;
#5566 = DIRECTION ( 'NONE',  ( 1.000000000000000000, 0.000000000000000000, 0.000000000000000000 ) ) ;
#5567 = CARTESIAN_POINT ( 'NONE',  ( -1.499999999999999556, -0.6250000000000000000, -0.02000000000000000042 ) ) ;
#5568 = PRESENTATION_LAYER_ASSIGNMENT (  '', '', ( #7695 ) ) ;
#5569 = CARTESIAN_POINT ( 'NONE',  ( 2.202376708300803454, 16.74087692108376046, 0.001000000000000000021 ) ) ;
#5570 = VERTEX_POINT ( 'NONE', #9421 ) ;
#5571 =( GEOMETRIC_REPRESENTATION_CONTEXT ( 3 ) GLOBAL_UNCERTAINTY_ASSIGNED_CONTEXT ( ( #1432 ) ) GLOBAL_UNIT_ASSIGNED_CONTEXT ( ( #7640, #7544, #1421 ) ) REPRESENTATION_CONTEXT ( 'NONE', 'WORKASPACE' ) );
#5572 = LINE ( 'NONE', #9503, #9210 ) ;
#5573 = EDGE_LOOP ( 'NONE', ( #4107, #9688, #5941, #2891 ) ) ;
#5574 = VECTOR ( 'NONE', #5145, 1000.000000000000000 ) ;
#5575 = CARTESIAN_POINT ( 'NONE',  ( 1.499999999999999334, -0.3750000000000014988, -0.02000000000000000042 ) ) ;
#5576 = FACE_OUTER_BOUND ( 'NONE', #875, .T. ) ;
#5577 = AXIS2_PLACEMENT_3D ( 'NONE', #7804, #3972, #3881 ) ;
#5578 = EDGE_LOOP ( 'NONE', ( #6968, #8461, #8851, #7724 ) ) ;
#5579 = DIRECTION ( 'NONE',  ( -0.000000000000000000, -0.000000000000000000, -1.000000000000000000 ) ) ;
#5580 = CARTESIAN_POINT ( 'NONE',  ( 0.3453327476816830388, -0.03541874335152404157, 0.001000000000000000021 ) ) ;
#5581 = ORIENTED_EDGE ( 'NONE', *, *, #6653, .F. ) ;
#5582 = CYLINDRICAL_SURFACE ( 'NONE', #98, 0.1250000000000005551 ) ;
#5583 = CARTESIAN_POINT ( 'NONE',  ( 3.140598429074867415, 16.39153716841929764, 0.000000000000000000 ) ) ;
#5584 = EDGE_CURVE ( 'NONE', #4170, #1427, #7888, .T. ) ;
#5585 = EDGE_CURVE ( 'NONE', #4427, #8194, #8423, .T. ) ;
#5586 = CARTESIAN_POINT ( 'NONE',  ( 3.615269775671568375, 16.72569591111453136, 0.000000000000000000 ) ) ;
#5587 = VECTOR ( 'NONE', #4133, 1000.000000000000000 ) ;
#5588 = LINE ( 'NONE', #7127, #9875 ) ;
#5589 = VERTEX_POINT ( 'NONE', #9463 ) ;
#5590 = EDGE_LOOP ( 'NONE', ( #861, #8151, #5581, #4581 ) ) ;
#5591 = ORIENTED_EDGE ( 'NONE', *, *, #5148, .T. ) ;
#5592 = CARTESIAN_POINT ( 'NONE',  ( 3.781554791846390984, 16.59665732637590096, 0.000000000000000000 ) ) ;
#5593 = PRESENTATION_LAYER_ASSIGNMENT (  '', '', ( #770 ) ) ;
#5594 = ORIENTED_EDGE ( 'NONE', *, *, #2414, .F. ) ;
#5595 = UNCERTAINTY_MEASURE_WITH_UNIT (LENGTH_MEASURE( 1.000000000000000082E-05 ), #412, 'distance_accuracy_value', 'NONE');
#5596 = DIRECTION ( 'NONE',  ( -0.000000000000000000, 0.000000000000000000, 1.000000000000000000 ) ) ;
#5597 = VECTOR ( 'NONE', #9671, 1000.000000000000000 ) ;
#5598 = ADVANCED_FACE ( 'NONE', ( #2463 ), #956, .T. ) ;
#5599 = CARTESIAN_POINT ( 'NONE',  ( 3.406266103536768508, 16.59983474706711704, 0.000000000000000000 ) ) ;
#5600 = CARTESIAN_POINT ( 'NONE',  ( -0.6749999999999993783, -0.8700000000000001066, 0.01000000000000000021 ) ) ;
#5601 = DIRECTION ( 'NONE',  ( -1.000000000000000000, 0.000000000000000000, 0.000000000000000000 ) ) ;
#5602 = CARTESIAN_POINT ( 'NONE',  ( 1.099999999999998979, -0.7500000000000004441, 0.000000000000000000 ) ) ;
#5603 = EDGE_LOOP ( 'NONE', ( #1038, #4155, #5449, #1471 ) ) ;
#5604 = VECTOR ( 'NONE', #8656, 1000.000000000000114 ) ;
#5605 = ORIENTED_EDGE ( 'NONE', *, *, #1538, .T. ) ;
#5606 = EDGE_CURVE ( 'NONE', #7027, #9620, #2979, .T. ) ;
#5607 = LINE ( 'NONE', #2487, #4498 ) ;
#5608 = CARTESIAN_POINT ( 'NONE',  ( -1.499999999999999556, -0.6250000000000000000, 0.000000000000000000 ) ) ;
#5609 = CARTESIAN_POINT ( 'NONE',  ( 2.816854565312001846, 16.71492798543869185, 0.000000000000000000 ) ) ;
#5610 = DIRECTION ( 'NONE',  ( -0.000000000000000000, -1.000000000000000000, -0.000000000000000000 ) ) ;
#5611 = CARTESIAN_POINT ( 'NONE',  ( 2.775724619697635287, 16.81536978395616089, 0.000000000000000000 ) ) ;
#5612 = VECTOR ( 'NONE', #9364, 1000.000000000000000 ) ;
#5613 = CARTESIAN_POINT ( 'NONE',  ( 2.894701372247347138, 16.42437051556204608, 0.000000000000000000 ) ) ;
#5614 = AXIS2_PLACEMENT_3D ( 'NONE', #6781, #2974, #9127 ) ;
#5615 = EDGE_CURVE ( 'NONE', #8581, #9951, #7120, .T. ) ;
#5616 = CARTESIAN_POINT ( 'NONE',  ( 1.499999999999999556, 0.1249999999999984873, 0.000000000000000000 ) ) ;
#5617 = B_SPLINE_CURVE_WITH_KNOTS ( 'NONE', 3,
 ( #5460, #5066, #6767, #8203 ),
 .UNSPECIFIED., .F., .F.,
 ( 4, 4 ),
 ( 0.4000000000000000222, 0.5999999999999999778 ),
 .UNSPECIFIED. ) ;
#5618 = ORIENTED_EDGE ( 'NONE', *, *, #8253, .F. ) ;
#5619 = LINE ( 'NONE', #1735, #2927 ) ;
#5620 = EDGE_CURVE ( 'NONE', #9157, #3782, #7938, .T. ) ;
#5621 = CARTESIAN_POINT ( 'NONE',  ( 3.114826016801492514, 16.45508558224401696, 0.000000000000000000 ) ) ;
#5622 = EDGE_CURVE ( 'NONE', #3209, #9525, #3290, .T. ) ;
#5623 = CARTESIAN_POINT ( 'NONE',  ( 0.000000000000000000, 16.55270300681376838, 0.001000000000000000021 ) ) ;
#5624 = DIRECTION ( 'NONE',  ( 0.9999994027895108273, -0.001092895521940541979, 0.000000000000000000 ) ) ;
#5625 = ORIENTED_EDGE ( 'NONE', *, *, #3504, .T. ) ;
#5626 = FACE_OUTER_BOUND ( 'NONE', #8956, .T. ) ;
#5627 = VERTEX_POINT ( 'NONE', #8474 ) ;
#5628 = ORIENTED_EDGE ( 'NONE', *, *, #6627, .F. ) ;
#5629 =( NAMED_UNIT ( * ) SI_UNIT ( $, .STERADIAN. ) SOLID_ANGLE_UNIT ( ) );
#5630 = EDGE_CURVE ( 'NONE', #4895, #5216, #6609, .T. ) ;
#5631 = CARTESIAN_POINT ( 'NONE',  ( 3.537246445364493397, 16.42507660904904299, 0.000000000000000000 ) ) ;
#5632 = CARTESIAN_POINT ( 'NONE',  ( 3.376963223828672866, 16.42101657149909499, -1.694065894508600678E-18 ) ) ;
#5633 = ORIENTED_EDGE ( 'NONE', *, *, #2546, .F. ) ;
#5634 = FILL_AREA_STYLE ('',( #3289 ) ) ;
#5635 = LINE ( 'NONE', #188, #4808 ) ;
#5636 = ADVANCED_FACE ( 'NONE', ( #3397 ), #6507, .F. ) ;
#5637 = ADVANCED_FACE ( 'NONE', ( #8955 ), #1952, .F. ) ;
#5638 = ORIENTED_EDGE ( 'NONE', *, *, #6076, .F. ) ;
#5639 = CARTESIAN_POINT ( 'NONE',  ( 3.789498343574488892, 16.70363048964761177, 0.000000000000000000 ) ) ;
#5640 = LINE ( 'NONE', #6510, #1907 ) ;
#5641 = EDGE_CURVE ( 'NONE', #8517, #8628, #5010, .T. ) ;
#5642 = LINE ( 'NONE', #4168, #2723 ) ;
#5643 = ORIENTED_EDGE ( 'NONE', *, *, #3127, .F. ) ;
#5644 = EDGE_CURVE ( 'NONE', #3592, #5570, #7580, .T. ) ;
#5645 = ORIENTED_EDGE ( 'NONE', *, *, #5304, .T. ) ;
#5646 = VERTEX_POINT ( 'NONE', #4904 ) ;
#5647 = CARTESIAN_POINT ( 'NONE',  ( 3.827274345125879496, 16.57812237234368524, 0.000000000000000000 ) ) ;
#5648 = VERTEX_POINT ( 'NONE', #5117 ) ;
#5649 = PRESENTATION_LAYER_ASSIGNMENT (  '', '', ( #8273 ) ) ;
#5650 = DIRECTION ( 'NONE',  ( 0.000000000000000000, -1.000000000000000000, 0.000000000000000000 ) ) ;
#5651 = CARTESIAN_POINT ( 'NONE',  ( 6.197462010520894182, 1.141637738780459710, 0.000000000000000000 ) ) ;
#5652 = FACE_OUTER_BOUND ( 'NONE', #7080, .T. ) ;
#5653 = VERTEX_POINT ( 'NONE', #1136 ) ;
#5654 =( GEOMETRIC_REPRESENTATION_CONTEXT ( 3 ) GLOBAL_UNCERTAINTY_ASSIGNED_CONTEXT ( ( #2660 ) ) GLOBAL_UNIT_ASSIGNED_CONTEXT ( ( #1436, #9906, #4392 ) ) REPRESENTATION_CONTEXT ( 'NONE', 'WORKASPACE' ) );
#5655 = EDGE_CURVE ( 'NONE', #9864, #2607, #2014, .T. ) ;
#5656 = VERTEX_POINT ( 'NONE', #4257 ) ;
#5657 = CARTESIAN_POINT ( 'NONE',  ( 3.400264308897753107, 16.41307301977099797, 0.000000000000000000 ) ) ;
#5658 = LINE ( 'NONE', #4344, #8418 ) ;
#5659 = CARTESIAN_POINT ( 'NONE',  ( 2.851982716287360553, 16.63955250570759858, 0.000000000000000000 ) ) ;
#5660 = DIRECTION ( 'NONE',  ( 0.000000000000000000, 1.000000000000000000, 0.000000000000000000 ) ) ;
#5661 = CARTESIAN_POINT ( 'NONE',  ( 3.703707984911051465, 16.46973702209810497, 0.000000000000000000 ) ) ;
#5662 = VECTOR ( 'NONE', #9893, 1000.000000000000000 ) ;
#5663 = CARTESIAN_POINT ( 'NONE',  ( 0.06483382559257365452, 16.59745935003211770, 0.001000000000000000021 ) ) ;
#5664 = CARTESIAN_POINT ( 'NONE',  ( 1.224999999999999201, -0.2500000000000004441, -0.02000000000000000042 ) ) ;
#5665 = ORIENTED_EDGE ( 'NONE', *, *, #5320, .T. ) ;
#5666 = VECTOR ( 'NONE', #5960, 1000.000000000000000 ) ;
#5667 = LINE ( 'NONE', #4141, #60 ) ;
#5668 = VERTEX_POINT ( 'NONE', #6660 ) ;
#5669 = DIRECTION ( 'NONE',  ( 1.000000000000000000, -0.000000000000000000, -0.000000000000000000 ) ) ;
#5670 = CARTESIAN_POINT ( 'NONE',  ( 3.647573552699173050, 16.62701934631438050, 0.000000000000000000 ) ) ;
#5671 = PLANE ( 'NONE',  #7191 ) ;
#5672 = FACE_OUTER_BOUND ( 'NONE', #5826, .T. ) ;
#5673 = ADVANCED_FACE ( 'NONE', ( #9619 ), #8196, .T. ) ;
#5674 = PRESENTATION_STYLE_ASSIGNMENT (( #2593 ) ) ;
#5675 = EDGE_LOOP ( 'NONE', ( #7150, #3993, #2084, #1818 ) ) ;
#5676 = CARTESIAN_POINT ( 'NONE',  ( 3.721183798712856650, 16.41501477686008315, 0.001000000000000001756 ) ) ;
#5677 = EDGE_LOOP ( 'NONE', ( #578, #623, #6045, #7234 ) ) ;
#5678 = VERTEX_POINT ( 'NONE', #1188 ) ;
#5679 = LINE ( 'NONE', #8743, #3318 ) ;
#5680 = DIRECTION ( 'NONE',  ( -0.3307096921100434739, -0.9437325360209216640, 0.000000000000000000 ) ) ;
#5681 = CARTESIAN_POINT ( 'NONE',  ( 3.337598511931664458, 16.45720386270481228, 1.694065894508600678E-18 ) ) ;
#5682 = VECTOR ( 'NONE', #983, 1000.000000000000000 ) ;
#5683 = ORIENTED_EDGE ( 'NONE', *, *, #7991, .F. ) ;
#5684 = CARTESIAN_POINT ( 'NONE',  ( -1.499999999999999556, -0.3750000000000000000, 0.1830000000000000238 ) ) ;
#5685 = DIRECTION ( 'NONE',  ( 0.3307096921100434739, 0.9437325360209216640, 0.000000000000000000 ) ) ;
#5686 = VERTEX_POINT ( 'NONE', #284 ) ;
#5687 = CARTESIAN_POINT ( 'NONE',  ( 2.783315124682264941, 16.40089290712125347, 0.000000000000000000 ) ) ;
#5688 = LINE ( 'NONE', #1046, #4309 ) ;
#5689 = LINE ( 'NONE', #6466, #6475 ) ;
#5690 = EDGE_CURVE ( 'NONE', #7689, #2965, #2804, .T. ) ;
#5691 = AXIS2_PLACEMENT_3D ( 'NONE', #5998, #2904, #2159 ) ;
#5692 = SURFACE_STYLE_FILL_AREA ( #5538 ) ;
#5693 = ORIENTED_EDGE ( 'NONE', *, *, #6668, .F. ) ;
#5694 = EDGE_CURVE ( 'NONE', #9993, #2867, #1042, .T. ) ;
#5695 = SURFACE_STYLE_FILL_AREA ( #5022 ) ;
#5696 = VERTEX_POINT ( 'NONE', #8849 ) ;
#5697 = CARTESIAN_POINT ( 'NONE',  ( 2.905822344666683765, 16.75976492185944622, 0.001000000000000000021 ) ) ;
#5698 = ORIENTED_EDGE ( 'NONE', *, *, #9560, .F. ) ;
#5699 =( NAMED_UNIT ( * ) PLANE_ANGLE_UNIT ( ) SI_UNIT ( $, .RADIAN. ) );
#5700 = LINE ( 'NONE', #1058, #7862 ) ;
#5701 = DIRECTION ( 'NONE',  ( 1.000000000000000000, -0.000000000000000000, 0.000000000000000000 ) ) ;
#5702 =( NAMED_UNIT ( * ) PLANE_ANGLE_UNIT ( ) SI_UNIT ( $, .RADIAN. ) );
#5703 = ORIENTED_EDGE ( 'NONE', *, *, #383, .F. ) ;
#5704 = ORIENTED_EDGE ( 'NONE', *, *, #3403, .T. ) ;
#5705 = B_SPLINE_CURVE_WITH_KNOTS ( 'NONE', 3,
 ( #2040, #5100, #4349, #3223 ),
 .UNSPECIFIED., .F., .F.,
 ( 4, 4 ),
 ( 0.2307692307692308098, 0.3076923076923077094 ),
 .UNSPECIFIED. ) ;
#5706 = DIRECTION ( 'NONE',  ( -1.000000000000000000, 0.000000000000000000, 0.000000000000000000 ) ) ;
#5707 =( NAMED_UNIT ( * ) SI_UNIT ( $, .STERADIAN. ) SOLID_ANGLE_UNIT ( ) );
#5708 = CARTESIAN_POINT ( 'NONE',  ( 3.537599492107962096, 16.51157306119940671, 0.000000000000000000 ) ) ;
#5709 = CARTESIAN_POINT ( 'NONE',  ( 3.337598511931664458, 16.45720386270481228, 0.001000000000000001756 ) ) ;
#5710 = LINE ( 'NONE', #3537, #4619 ) ;
#5711 = EDGE_CURVE ( 'NONE', #5854, #1903, #3503, .T. ) ;
#5712 = EDGE_CURVE ( 'NONE', #4806, #7780, #9565, .T. ) ;
#5713 = CIRCLE ( 'NONE', #5062, 0.1250000000000001110 ) ;
#5714 = DIRECTION ( 'NONE',  ( -0.000000000000000000, -0.000000000000000000, -1.000000000000000000 ) ) ;
#5715 = EDGE_LOOP ( 'NONE', ( #7793, #6737, #9555, #957 ) ) ;
#5716 = DIRECTION ( 'NONE',  ( 0.000000000000000000, -0.000000000000000000, 1.000000000000000000 ) ) ;
#5717 = CARTESIAN_POINT ( 'NONE',  ( -0.02437147238369592045, 16.54822974686678805, 0.000000000000000000 ) ) ;
#5718 = MECHANICAL_DESIGN_GEOMETRIC_PRESENTATION_REPRESENTATION (  '', ( #4756 ), #1699 ) ;
#5719 = CIRCLE ( 'NONE', #567, 0.1250000000000001110 ) ;
#5720 = ORIENTED_EDGE ( 'NONE', *, *, #35, .T. ) ;
#5721 = CARTESIAN_POINT ( 'NONE',  ( -1.500000000000000000, 0.8750000000000000000, -0.02000000000000000042 ) ) ;
#5722 = CARTESIAN_POINT ( 'NONE',  ( 3.194791104197659770, 16.67291542296562312, 0.001000000000000000021 ) ) ;
#5723 = PLANE ( 'NONE',  #615 ) ;
#5724 = ORIENTED_EDGE ( 'NONE', *, *, #8798, .T. ) ;
#5725 = PLANE ( 'NONE',  #8404 ) ;
#5726 = EDGE_LOOP ( 'NONE', ( #8049, #2955, #5402, #3408 ) ) ;
#5727 = CARTESIAN_POINT ( 'NONE',  ( 1.499999999999999556, -0.1250000000000003331, 0.000000000000000000 ) ) ;
#5728 = AXIS2_PLACEMENT_3D ( 'NONE', #6051, #8449, #845 ) ;
#5729 = AXIS2_PLACEMENT_3D ( 'NONE', #3814, #3117, #7787 ) ;
#5730 = CARTESIAN_POINT ( 'NONE',  ( 3.736894378797315230, 16.70363048964761177, 0.001000000000000000021 ) ) ;
#5731 = CARTESIAN_POINT ( 'NONE',  ( -0.3942356891071699954, 16.55789894224802339, 0.000000000000000000 ) ) ;
#5732 = EDGE_LOOP ( 'NONE', ( #4675, #1351, #3712, #481 ) ) ;
#5733 = EDGE_CURVE ( 'NONE', #1176, #8549, #2845, .T. ) ;
#5734 = DIRECTION ( 'NONE',  ( -0.000000000000000000, 0.000000000000000000, -1.000000000000000000 ) ) ;
#5735 = DIRECTION ( 'NONE',  ( 1.000000000000000000, 0.000000000000000000, 0.000000000000000000 ) ) ;
#5736 = ORIENTED_EDGE ( 'NONE', *, *, #6690, .T. ) ;
#5737 = CARTESIAN_POINT ( 'NONE',  ( 3.071930837469771802, 16.58571287732828736, 0.000000000000000000 ) ) ;
#5738 = CARTESIAN_POINT ( 'NONE',  ( 3.868227767368511927, 16.36700041974804165, 0.001000000000000000021 ) ) ;
#5739 = VECTOR ( 'NONE', #7303, 1000.000000000000000 ) ;
#5740 = DIRECTION ( 'NONE',  ( -0.000000000000000000, 0.000000000000000000, -1.000000000000000000 ) ) ;
#5741 = LINE ( 'NONE', #2606, #307 ) ;
#5742 = ORIENTED_EDGE ( 'NONE', *, *, #3627, .T. ) ;
#5743 = ORIENTED_EDGE ( 'NONE', *, *, #5554, .F. ) ;
#5744 =( GEOMETRIC_REPRESENTATION_CONTEXT ( 3 ) GLOBAL_UNCERTAINTY_ASSIGNED_CONTEXT ( ( #9581 ) ) GLOBAL_UNIT_ASSIGNED_CONTEXT ( ( #301, #9530, #8764 ) ) REPRESENTATION_CONTEXT ( 'NONE', 'WORKASPACE' ) );
#5745 = EDGE_LOOP ( 'NONE', ( #5386, #4404, #349, #6652 ) ) ;
#5746 = CARTESIAN_POINT ( 'NONE',  ( 1.499999999999999556, -0.8750000000000015543, 0.1830000000000000238 ) ) ;
#5747 = LINE ( 'NONE', #9729, #7731 ) ;
#5748 = PRESENTATION_LAYER_ASSIGNMENT (  '', '', ( #112 ) ) ;
#5749 = EDGE_CURVE ( 'NONE', #7495, #6702, #1845, .T. ) ;
#5750 = ORIENTED_EDGE ( 'NONE', *, *, #3361, .F. ) ;
#5751 =( NAMED_UNIT ( * ) PLANE_ANGLE_UNIT ( ) SI_UNIT ( $, .RADIAN. ) );
#5752 = ORIENTED_EDGE ( 'NONE', *, *, #5875, .F. ) ;
#5753 = EDGE_CURVE ( 'NONE', #7585, #7330, #335, .T. ) ;
#5754 = ADVANCED_FACE ( 'NONE', ( #1901 ), #4958, .F. ) ;
#5755 = VECTOR ( 'NONE', #1017, 1000.000000000000000 ) ;
#5756 = DIRECTION ( 'NONE',  ( 0.000000000000000000, 0.000000000000000000, -1.000000000000000000 ) ) ;
#5757 = LINE ( 'NONE', #8870, #8537 ) ;
#5758 = DIRECTION ( 'NONE',  ( -0.000000000000000000, -0.000000000000000000, 1.000000000000000000 ) ) ;
#5759 = ORIENTED_EDGE ( 'NONE', *, *, #1659, .F. ) ;
#5760 = ORIENTED_EDGE ( 'NONE', *, *, #9130, .F. ) ;
#5761 = CARTESIAN_POINT ( 'NONE',  ( -1.469999999999999751, -1.469999999999999973, 0.7800000000000000266 ) ) ;
#5762 = CARTESIAN_POINT ( 'NONE',  ( 1.224999999999999201, 0.7499999999999995559, 0.1829999999927167664 ) ) ;
#5763 = CARTESIAN_POINT ( 'NONE',  ( -0.000000000000000000, 16.47768057382617712, 0.000000000000000000 ) ) ;
#5764 = VECTOR ( 'NONE', #5007, 1000.000000000000000 ) ;
#5765 = DIRECTION ( 'NONE',  ( -0.000000000000000000, -0.000000000000000000, -1.000000000000000000 ) ) ;
#5766 = FILL_AREA_STYLE ('',( #9089 ) ) ;
#5767 = EDGE_CURVE ( 'NONE', #3044, #7495, #4656, .T. ) ;
#5768 = CIRCLE ( 'NONE', #6100, 0.1250000000000009714 ) ;
#5769 = ORIENTED_EDGE ( 'NONE', *, *, #7376, .T. ) ;
#5770 = MECHANICAL_DESIGN_GEOMETRIC_PRESENTATION_REPRESENTATION (  '', ( #1604 ), #8394 ) ;
#5771 = EDGE_CURVE ( 'NONE', #1997, #336, #9370, .T. ) ;
#5772 = ORIENTED_EDGE ( 'NONE', *, *, #3004, .T. ) ;
#5773 = VECTOR ( 'NONE', #9670, 1000.000000000000000 ) ;
#5774 = ORIENTED_EDGE ( 'NONE', *, *, #2662, .T. ) ;
#5775 = FILL_AREA_STYLE_COLOUR ( '', #5902 ) ;
#5776 = CARTESIAN_POINT ( 'NONE',  ( 3.826921298382410352, 16.73293336935568476, 0.001000000000000000021 ) ) ;
#5777 = VECTOR ( 'NONE', #4210, 1000.000000000000000 ) ;
#5778 = DIRECTION ( 'NONE',  ( -0.000000000000000000, -0.000000000000000000, -1.000000000000000000 ) ) ;
#5779 = ORIENTED_EDGE ( 'NONE', *, *, #9519, .F. ) ;
#5780 = CARTESIAN_POINT ( 'NONE',  ( -1.269999999999999574, 1.269999999999999796, 0.7699999999999999067 ) ) ;
#5781 = VECTOR ( 'NONE', #4412, 999.9999999999998863 ) ;
#5782 = VERTEX_POINT ( 'NONE', #6049 ) ;
#5783 = SURFACE_SIDE_STYLE ('',( #7359 ) ) ;
#5784 = EDGE_CURVE ( 'NONE', #8700, #4895, #5329, .T. ) ;
#5785 = CARTESIAN_POINT ( 'NONE',  ( 3.791263577291842601, 16.80901494257366124, 0.001000000000000000021 ) ) ;
#5786 = DIRECTION ( 'NONE',  ( 0.000000000000000000, -0.000000000000000000, 1.000000000000000000 ) ) ;
#5787 = VERTEX_POINT ( 'NONE', #1349 ) ;
#5788 = DIRECTION ( 'NONE',  ( 1.000000000000000000, 0.000000000000000000, 0.000000000000000000 ) ) ;
#5789 = CARTESIAN_POINT ( 'NONE',  ( 3.673345964972550171, 16.49903990180617797, 0.000000000000000000 ) ) ;
#5790 = ORIENTED_EDGE ( 'NONE', *, *, #7338, .F. ) ;
#5791 = FACE_OUTER_BOUND ( 'NONE', #6943, .T. ) ;
#5792 = CARTESIAN_POINT ( 'NONE',  ( 3.212796488114678439, 16.58571287732828736, 0.000000000000000000 ) ) ;
#5793 = FACE_OUTER_BOUND ( 'NONE', #2369, .T. ) ;
#5794 = CARTESIAN_POINT ( 'NONE',  ( 2.767781067969536490, 16.82472552265812382, 0.001000000000000000021 ) ) ;
#5795 = ORIENTED_EDGE ( 'NONE', *, *, #4663, .F. ) ;
#5796 = AXIS2_PLACEMENT_3D ( 'NONE', #5762, #1163, #9484 ) ;
#5797 = VERTEX_POINT ( 'NONE', #4409 ) ;
#5798 = ORIENTED_EDGE ( 'NONE', *, *, #2056, .T. ) ;
#5799 =( NAMED_UNIT ( * ) PLANE_ANGLE_UNIT ( ) SI_UNIT ( $, .RADIAN. ) );
#5800 = CARTESIAN_POINT ( 'NONE',  ( 1.224999999999999423, 0.2499999999999995837, 0.1830000000000000238 ) ) ;
#5801 = ORIENTED_EDGE ( 'NONE', *, *, #3864, .T. ) ;
#5802 = FACE_OUTER_BOUND ( 'NONE', #7103, .T. ) ;
#5803 = CARTESIAN_POINT ( 'NONE',  ( -1.269999999999999574, 1.269999999999999796, 0.7699999999999999067 ) ) ;
#5804 = ORIENTED_EDGE ( 'NONE', *, *, #4745, .T. ) ;
#5805 = DIRECTION ( 'NONE',  ( 1.000000000000000000, 0.000000000000000000, 0.000000000000000000 ) ) ;
#5806 = ORIENTED_EDGE ( 'NONE', *, *, #573, .T. ) ;
#5807 = B_SPLINE_CURVE_WITH_KNOTS ( 'NONE', 3,
 ( #4235, #7918, #362, #6379 ),
 .UNSPECIFIED., .F., .F.,
 ( 4, 4 ),
 ( 0.000000000000000000, 0.2500000000000000000 ),
 .UNSPECIFIED. ) ;
#5808 = EDGE_CURVE ( 'NONE', #7855, #4528, #5976, .T. ) ;
#5809 = CLOSED_SHELL ( 'NONE', ( #4691, #892, #2257, #648, #7943, #2647, #2178, #6014, #8959, #7893, #7183, #8481, #2038, #5219, #9070 ) ) ;
#5810 = VERTEX_POINT ( 'NONE', #1504 ) ;
#5811 = VECTOR ( 'NONE', #6209, 1000.000000000000114 ) ;
#5812 = CARTESIAN_POINT ( 'NONE',  ( 3.637158673766773820, 16.58694854093044313, 0.001000000000000000021 ) ) ;
#5813 = CARTESIAN_POINT ( 'NONE',  ( 2.802909218944895198, 16.74599609886408302, 0.000000000000000000 ) ) ;
#5814 = DIRECTION ( 'NONE',  ( -0.000000000000000000, -0.000000000000000000, -1.000000000000000000 ) ) ;
#5815 = DIRECTION ( 'NONE',  ( -1.000000000000000000, 0.000000000000000000, -0.000000000000000000 ) ) ;
#5816 = DIRECTION ( 'NONE',  ( 0.000000000000000000, 0.000000000000000000, -1.000000000000000000 ) ) ;
#5817 = EDGE_CURVE ( 'NONE', #3502, #4729, #1742, .T. ) ;
#5818 = ORIENTED_EDGE ( 'NONE', *, *, #1313, .F. ) ;
#5819 = ADVANCED_FACE ( 'NONE', ( #1288 ), #7475, .F. ) ;
#5820 = AXIS2_PLACEMENT_3D ( 'NONE', #3151, #4746, #9404 ) ;
#5821 = CARTESIAN_POINT ( 'NONE',  ( 3.337598511931664458, 16.45720386270481228, -1.694065894508600678E-18 ) ) ;
#5822 = ORIENTED_EDGE ( 'NONE', *, *, #7400, .F. ) ;
#5823 = ADVANCED_FACE ( 'NONE', ( #5277 ), #9365, .F. ) ;
#5824 = PLANE ( 'NONE',  #7135 ) ;
#5825 = CARTESIAN_POINT ( 'NONE',  ( 1.499999999999999556, -0.6250000000000003331, 0.1830000000000000238 ) ) ;
#5826 = EDGE_LOOP ( 'NONE', ( #5724, #686, #4523, #9898 ) ) ;
#5827 = CARTESIAN_POINT ( 'NONE',  ( 3.012972031310122034, 16.55270300681376838, 0.001000000000000000021 ) ) ;
#5828 = AXIS2_PLACEMENT_3D ( 'NONE', #8283, #2838, #7563 ) ;
#5829 = CARTESIAN_POINT ( 'NONE',  ( 1.499999999999999556, -0.8750000000000015543, 0.1830000001064036041 ) ) ;
#5830 = ORIENTED_EDGE ( 'NONE', *, *, #9560, .T. ) ;
#5831 = CARTESIAN_POINT ( 'NONE',  ( 3.789498343574488892, 16.67079714250480649, 0.001000000000000000021 ) ) ;
#5832 = EDGE_LOOP ( 'NONE', ( #2078, #1910, #7703, #8186 ) ) ;
#5833 = ORIENTED_EDGE ( 'NONE', *, *, #8712, .T. ) ;
#5834 = DIRECTION ( 'NONE',  ( -0.9437325360209217751, 0.3307096921100435294, 0.000000000000000000 ) ) ;
#5835 = DIRECTION ( 'NONE',  ( -0.000000000000000000, -0.000000000000000000, -1.000000000000000000 ) ) ;
#5836 = ORIENTED_EDGE ( 'NONE', *, *, #2166, .F. ) ;
#5837 = CARTESIAN_POINT ( 'NONE',  ( -0.7249999999999997558, -0.8200000000000000622, -0.02000000000000000042 ) ) ;
#5838 = CARTESIAN_POINT ( 'NONE',  ( 3.610856691378189876, 16.69833478849553643, 0.001000000000000000021 ) ) ;
#5839 = CARTESIAN_POINT ( 'NONE',  ( 3.421270590134276368, 16.77212155788095771, 0.001000000000000001756 ) ) ;
#5840 = VECTOR ( 'NONE', #8409, 1000.000000000000000 ) ;
#5841 = ORIENTED_EDGE ( 'NONE', *, *, #972, .F. ) ;
#5842 = CARTESIAN_POINT ( 'NONE',  ( -1.224999999999999645, -0.2500000000000001110, -0.02000000000000000042 ) ) ;
#5843 = CARTESIAN_POINT ( 'NONE',  ( 3.084640520234724903, 16.42101657149909499, 0.001000000000000000021 ) ) ;
#5844 = EDGE_CURVE ( 'NONE', #3856, #8857, #587, .T. ) ;
#5845 = LINE ( 'NONE', #4323, #3838 ) ;
#5846 = ORIENTED_EDGE ( 'NONE', *, *, #9549, .F. ) ;
#5847 = AXIS2_PLACEMENT_3D ( 'NONE', #5054, #9663, #2703 ) ;
#5848 = EDGE_LOOP ( 'NONE', ( #2691, #4049, #6849, #1245 ) ) ;
#5849 =( LENGTH_UNIT ( ) NAMED_UNIT ( * ) SI_UNIT ( .MILLI., .METRE. ) );
#5850 = FACE_OUTER_BOUND ( 'NONE', #4216, .T. ) ;
#5851 = VERTEX_POINT ( 'NONE', #8401 ) ;
#5852 = FACE_BOUND ( 'NONE', #9320, .T. ) ;
#5853 = DIRECTION ( 'NONE',  ( -0.000000000000000000, -0.000000000000000000, -1.000000000000000000 ) ) ;
#5854 = VERTEX_POINT ( 'NONE', #2905 ) ;
#5855 = VECTOR ( 'NONE', #5169, 1000.000000000000000 ) ;
#5856 = LINE ( 'NONE', #8159, #9329 ) ;
#5857 = CARTESIAN_POINT ( 'NONE',  ( 0.03602270259318360313, 16.67851130355796840, 0.001000000000000000021 ) ) ;
#5858 = DIRECTION ( 'NONE',  ( -0.1811624294766949750, 0.9834531885891171221, 0.000000000000000000 ) ) ;
#5859 = ORIENTED_EDGE ( 'NONE', *, *, #7554, .T. ) ;
#5860 = ORIENTED_EDGE ( 'NONE', *, *, #9623, .T. ) ;
#5861 = FACE_OUTER_BOUND ( 'NONE', #857, .T. ) ;
#5862 = CARTESIAN_POINT ( 'NONE',  ( 0.000000000000000000, 0.000000000000000000, 0.000000000000000000 ) ) ;
#5863 = ADVANCED_FACE ( 'NONE', ( #5999 ), #5225, .F. ) ;
#5864 = SURFACE_SIDE_STYLE ('',( #1373 ) ) ;
#5865 =( NAMED_UNIT ( * ) SI_UNIT ( $, .STERADIAN. ) SOLID_ANGLE_UNIT ( ) );
#5866 = FACE_OUTER_BOUND ( 'NONE', #6775, .T. ) ;
#5867 = SURFACE_STYLE_USAGE ( .BOTH. , #1323 ) ;
#5868 = PLANE ( 'NONE',  #6503 ) ;
#5869 = EDGE_LOOP ( 'NONE', ( #7908, #5927, #9891, #9535 ) ) ;
#5870 = EDGE_CURVE ( 'NONE', #5570, #7206, #4515, .T. ) ;
#5871 = CARTESIAN_POINT ( 'NONE',  ( 2.786845592116968806, 16.48915459298898867, 0.000000000000000000 ) ) ;
#5872 = CARTESIAN_POINT ( 'NONE',  ( 1.470000000000000195, -1.500000000000000000, 0.7500000000000000000 ) ) ;
#5873 = EDGE_LOOP ( 'NONE', ( #9437, #1600, #4651, #6893, #7310, #470, #5698, #6693, #6827, #635, #1883, #5922, #203, #7958, #9262, #8362, #3173, #8617, #6400, #4046 ) ) ;
#5874 = LINE ( 'NONE', #5045, #1567 ) ;
#5875 = EDGE_CURVE ( 'NONE', #2293, #4139, #3105, .T. ) ;
#5876 = EDGE_CURVE ( 'NONE', #3681, #5420, #6194, .T. ) ;
#5877 = CARTESIAN_POINT ( 'NONE',  ( 3.125064372362150955, 16.70027654558460384, 0.001000000000000000021 ) ) ;
#5878 = CARTESIAN_POINT ( 'NONE',  ( 3.802914119826379835, 16.42754793625329057, 0.001000000000000001756 ) ) ;
#5879 = EDGE_LOOP ( 'NONE', ( #1690, #7326, #6622, #5625, #1832, #6116, #716 ) ) ;
#5880 = ADVANCED_FACE ( 'NONE', ( #9306 ), #8494, .F. ) ;
#5881 = EDGE_LOOP ( 'NONE', ( #8949, #4454, #8817 ) ) ;
#5882 = CARTESIAN_POINT ( 'NONE',  ( 3.791263577291842601, 16.80901494257366124, 0.000000000000000000 ) ) ;
#5883 = CARTESIAN_POINT ( 'NONE',  ( 3.273697051363418709, 16.58588940070004369, 0.001000000000000000021 ) ) ;
#5884 = ORIENTED_EDGE ( 'NONE', *, *, #4873, .T. ) ;
#5885 = CARTESIAN_POINT ( 'NONE',  ( 1.470000000000000195, 1.500000000000000000, 0.7800000000000000266 ) ) ;
#5886 = CARTESIAN_POINT ( 'NONE',  ( 1.224999999999999201, 0.7499999999999995559, -0.02000000000000000042 ) ) ;
#5887 = ORIENTED_EDGE ( 'NONE', *, *, #9507, .T. ) ;
#5888 = VECTOR ( 'NONE', #1728, 1000.000000000000114 ) ;
#5889 = DIRECTION ( 'NONE',  ( -0.000000000000000000, 0.000000000000000000, -1.000000000000000000 ) ) ;
#5890 = LINE ( 'NONE', #2009, #2872 ) ;
#5891 = FACE_OUTER_BOUND ( 'NONE', #3122, .T. ) ;
#5892 = VECTOR ( 'NONE', #1045, 999.9999999999998863 ) ;
#5893 = SURFACE_STYLE_USAGE ( .BOTH. , #2812 ) ;
#5894 = ORIENTED_EDGE ( 'NONE', *, *, #3407, .T. ) ;
#5895 = EDGE_CURVE ( 'NONE', #7607, #9245, #6469, .T. ) ;
#5896 = DIRECTION ( 'NONE',  ( -0.000000000000000000, -0.000000000000000000, -1.000000000000000000 ) ) ;
#5897 = DIRECTION ( 'NONE',  ( 1.000000000000000000, -3.942553354492743531E-16, 0.000000000000000000 ) ) ;
#5898 = DIRECTION ( 'NONE',  ( -0.000000000000000000, -0.000000000000000000, 1.000000000000000000 ) ) ;
#5899 = ORIENTED_EDGE ( 'NONE', *, *, #7688, .T. ) ;
#5900 = SURFACE_SIDE_STYLE ('',( #9073 ) ) ;
#5901 = EDGE_CURVE ( 'NONE', #9737, #4920, #8041, .T. ) ;
#5902 = COLOUR_RGB ( '',0.8039215686274510109, 0.8039215686274510109, 0.8039215686274510109 ) ;
#5903 = EDGE_CURVE ( 'NONE', #3793, #6409, #7436, .T. ) ;
#5904 = ORIENTED_EDGE ( 'NONE', *, *, #5903, .F. ) ;
#5905 = AXIS2_PLACEMENT_3D ( 'NONE', #8211, #5963, #9682 ) ;
#5906 = DIRECTION ( 'NONE',  ( -0.000000000000000000, -0.000000000000000000, -1.000000000000000000 ) ) ;
#5907 = PLANE ( 'NONE',  #747 ) ;
#5908 = CARTESIAN_POINT ( 'NONE',  ( 3.098585866601821781, 16.39153716841929764, 0.001000000000000000021 ) ) ;
#5909 = CARTESIAN_POINT ( 'NONE',  ( -1.500000000000000000, 0.3750000000000000000, -0.02000000000000000042 ) ) ;
#5910 = ORIENTED_EDGE ( 'NONE', *, *, #5808, .T. ) ;
#5911 = VECTOR ( 'NONE', #2011, 1000.000000000000000 ) ;
#5912 = AXIS2_PLACEMENT_3D ( 'NONE', #8139, #1187, #4256 ) ;
#5913 = ORIENTED_EDGE ( 'NONE', *, *, #9623, .F. ) ;
#5914 = CARTESIAN_POINT ( 'NONE',  ( -1.499999999999999778, -1.500000000000000000, 0.000000000000000000 ) ) ;
#5915 = ADVANCED_FACE ( 'NONE', ( #8913 ), #4270, .F. ) ;
#5916 = CARTESIAN_POINT ( 'NONE',  ( 6.197462010520894182, 1.141637738780459710, 0.001000000000000000021 ) ) ;
#5917 = VECTOR ( 'NONE', #2384, 1000.000000000000000 ) ;
#5918 = DIRECTION ( 'NONE',  ( 1.000000000000000000, 0.000000000000000000, 0.000000000000000000 ) ) ;
#5919 =( NAMED_UNIT ( * ) PLANE_ANGLE_UNIT ( ) SI_UNIT ( $, .RADIAN. ) );
#5920 = CARTESIAN_POINT ( 'NONE',  ( 3.784379165794165001, 16.47538576999362547, 0.000000000000000000 ) ) ;
#5921 = CARTESIAN_POINT ( 'NONE',  ( -0.7249999999999997558, -0.8200000000000000622, 0.01000000000000000021 ) ) ;
#5922 = ORIENTED_EDGE ( 'NONE', *, *, #9270, .T. ) ;
#5923 = EDGE_CURVE ( 'NONE', #1995, #2043, #7225, .T. ) ;
#5924 = CARTESIAN_POINT ( 'NONE',  ( 1.224999999999999423, 0.1249999999999985983, 0.1830000000000000238 ) ) ;
#5925 = DIRECTION ( 'NONE',  ( -0.000000000000000000, -0.000000000000000000, -1.000000000000000000 ) ) ;
#5926 =( GEOMETRIC_REPRESENTATION_CONTEXT ( 3 ) GLOBAL_UNCERTAINTY_ASSIGNED_CONTEXT ( ( #4064 ) ) GLOBAL_UNIT_ASSIGNED_CONTEXT ( ( #9177, #150, #61 ) ) REPRESENTATION_CONTEXT ( 'NONE', 'WORKASPACE' ) );
#5927 = ORIENTED_EDGE ( 'NONE', *, *, #250, .F. ) ;
#5928 = CARTESIAN_POINT ( 'NONE',  ( 1.470000000000000195, -1.469999999999999973, 0.7500000000000000000 ) ) ;
#5929 = CARTESIAN_POINT ( 'NONE',  ( 3.309531295825717478, 16.66373620763538810, 0.001000000000000000021 ) ) ;
#5930 = B_SPLINE_SURFACE_WITH_KNOTS ( 'NONE', 3, 1, ( 
 ( #271, #8073 ),
 ( #7973, #4199 ),
 ( #1692, #131 ),
 ( #4802, #6299 ) ),
 .UNSPECIFIED., .F., .F., .F.,
 ( 4, 4 ),
 ( 2, 2 ),
 ( 0.3636363636363635909, 0.4545454545454544748 ),
 ( 0.000000000000000000, 1.000000000000000000 ),
 .UNSPECIFIED. ) ;
#5931 = EDGE_LOOP ( 'NONE', ( #14, #9573, #7947, #2485 ) ) ;
#5932 = B_SPLINE_CURVE_WITH_KNOTS ( 'NONE', 3,
 ( #722, #2241, #5306, #3678 ),
 .UNSPECIFIED., .F., .F.,
 ( 4, 4 ),
 ( 0.7272727272727272929, 0.8181818181818182323 ),
 .UNSPECIFIED. ) ;
#5933 = PRESENTATION_STYLE_ASSIGNMENT (( #4245 ) ) ;
#5934 = SURFACE_STYLE_USAGE ( .BOTH. , #2896 ) ;
#5935 = VECTOR ( 'NONE', #3606, 1000.000000000000000 ) ;
#5936 = CARTESIAN_POINT ( 'NONE',  ( -1.099999999999999423, -0.7500000000000001110, -0.02000000000000000042 ) ) ;
#5937 = CARTESIAN_POINT ( 'NONE',  ( -1.499999999999999556, -0.1250000000000000000, 0.000000000000000000 ) ) ;
#5938 = ORIENTED_EDGE ( 'NONE', *, *, #4517, .F. ) ;
#5939 = ADVANCED_FACE ( 'NONE', ( #7381, #5850 ), #344, .T. ) ;
#5940 = EDGE_CURVE ( 'NONE', #2813, #8066, #5747, .T. ) ;
#5941 = ORIENTED_EDGE ( 'NONE', *, *, #195, .F. ) ;
#5942 = ADVANCED_FACE ( 'NONE', ( #4864 ), #1198, .F. ) ;
#5943 = STYLED_ITEM ( 'NONE', ( #7479 ), #3607 ) ;
#5944 = LINE ( 'NONE', #9054, #3935 ) ;
#5945 = CARTESIAN_POINT ( 'NONE',  ( 2.647215605074208167, 16.58518330721312140, 0.001000000000000000021 ) ) ;
#5946 = EDGE_CURVE ( 'NONE', #6463, #5984, #3410, .T. ) ;
#5947 = ORIENTED_EDGE ( 'NONE', *, *, #2362, .F. ) ;
#5948 = FACE_OUTER_BOUND ( 'NONE', #9912, .T. ) ;
#5949 = DIRECTION ( 'NONE',  ( 0.02589804635614198144, -0.9996645893473145028, 0.000000000000000000 ) ) ;
#5950 = CARTESIAN_POINT ( 'NONE',  ( 7.052281452695194908, 14.35844503768889702, 0.001000000000000000021 ) ) ;
#5951 = STYLED_ITEM ( 'NONE', ( #6986 ), #1846 ) ;
#5952 = EDGE_LOOP ( 'NONE', ( #3512, #5474, #8651, #9023 ) ) ;
#5953 = LINE ( 'NONE', #2116, #6107 ) ;
#5954 = DIRECTION ( 'NONE',  ( 1.000000000000000000, 0.000000000000000000, 0.000000000000000000 ) ) ;
#5955 = CIRCLE ( 'NONE', #629, 0.05000000000000002359 ) ;
#5956 = ADVANCED_FACE ( 'NONE', ( #1963 ), #4329, .T. ) ;
#5957 = DIRECTION ( 'NONE',  ( -0.9999993454441439278, 0.001144164010853205519, 0.000000000000000000 ) ) ;
#5958 = VECTOR ( 'NONE', #7026, 1000.000000000000000 ) ;
#5959 = ADVANCED_FACE ( 'NONE', ( #1147, #295 ), #8095, .T. ) ;
#5960 = DIRECTION ( 'NONE',  ( -1.000000000000000000, 3.942553354492742545E-16, 0.000000000000000000 ) ) ;
#5961 = FACE_OUTER_BOUND ( 'NONE', #8509, .T. ) ;
#5962 = VERTEX_POINT ( 'NONE', #2968 ) ;
#5963 = DIRECTION ( 'NONE',  ( 0.000000000000000000, -1.000000000000000000, 0.000000000000000000 ) ) ;
#5964 = ORIENTED_EDGE ( 'NONE', *, *, #4018, .T. ) ;
#5965 = ADVANCED_FACE ( 'NONE', ( #4476 ), #9228, .F. ) ;
#5966 =( NAMED_UNIT ( * ) SI_UNIT ( $, .STERADIAN. ) SOLID_ANGLE_UNIT ( ) );
#5967 = DIRECTION ( 'NONE',  ( -0.000000000000000000, -0.000000000000000000, -1.000000000000000000 ) ) ;
#5968 = STYLED_ITEM ( 'NONE', ( #4817 ), #5201 ) ;
#5969 = DIRECTION ( 'NONE',  ( -0.000000000000000000, 0.000000000000000000, 1.000000000000000000 ) ) ;
#5970 = DIRECTION ( 'NONE',  ( -1.000000000000000000, 0.000000000000000000, 0.000000000000000000 ) ) ;
#5971 = ORIENTED_EDGE ( 'NONE', *, *, #7742, .T. ) ;
#5972 = ADVANCED_FACE ( 'NONE', ( #3710 ), #2866, .F. ) ;
#5973 = ORIENTED_EDGE ( 'NONE', *, *, #6870, .F. ) ;
#5974 = LINE ( 'NONE', #3531, #9156 ) ;
#5975 = DIRECTION ( 'NONE',  ( -0.000000000000000000, -0.000000000000000000, -1.000000000000000000 ) ) ;
#5976 = B_SPLINE_CURVE_WITH_KNOTS ( 'NONE', 3,
 ( #4364, #7577, #2266, #9820 ),
 .UNSPECIFIED., .F., .F.,
 ( 4, 4 ),
 ( 0.5999999999999999778, 0.6666666666666666297 ),
 .UNSPECIFIED. ) ;
#5977 = UNCERTAINTY_MEASURE_WITH_UNIT (LENGTH_MEASURE( 1.000000000000000082E-05 ), #866, 'distance_accuracy_value', 'NONE');
#5978 = FILL_AREA_STYLE ('',( #9791 ) ) ;
#5979 = DIRECTION ( 'NONE',  ( 0.000000000000000000, -1.000000000000000000, 0.000000000000000000 ) ) ;
#5980 = CARTESIAN_POINT ( 'NONE',  ( 2.073691170305643094, 0.000000000000000000, 0.001000000000000000021 ) ) ;
#5981 = LINE ( 'NONE', #724, #1885 ) ;
#5982 = EDGE_CURVE ( 'NONE', #1392, #6856, #6718, .T. ) ;
#5983 = EDGE_CURVE ( 'NONE', #9739, #3485, #1662, .T. ) ;
#5984 = VERTEX_POINT ( 'NONE', #9832 ) ;
#5985 = CARTESIAN_POINT ( 'NONE',  ( 2.783315124682264941, 16.40089290712125347, 0.001000000000000000021 ) ) ;
#5986 = CARTESIAN_POINT ( 'NONE',  ( 3.213679104973357958, 16.62737239305786474, 0.000000000000000000 ) ) ;
#5987 = EDGE_LOOP ( 'NONE', ( #4212, #9412, #8467, #2787 ) ) ;
#5988 = VECTOR ( 'NONE', #834, 1000.000000000000000 ) ;
#5989 = ORIENTED_EDGE ( 'NONE', *, *, #3942, .F. ) ;
#5990 = VECTOR ( 'NONE', #1541, 1000.000000000000000 ) ;
#5991 = LINE ( 'NONE', #8289, #7546 ) ;
#5992 = CARTESIAN_POINT ( 'NONE',  ( 3.151366354750738452, 16.78200686669816832, 0.000000000000000000 ) ) ;
#5993 = EDGE_LOOP ( 'NONE', ( #1939, #8709, #572 ) ) ;
#5994 = EDGE_LOOP ( 'NONE', ( #5157, #4053, #6672, #2564 ) ) ;
#5995 = FACE_OUTER_BOUND ( 'NONE', #7579, .T. ) ;
#5996 =( NAMED_UNIT ( * ) PLANE_ANGLE_UNIT ( ) SI_UNIT ( $, .RADIAN. ) );
#5997 = EDGE_LOOP ( 'NONE', ( #8043, #9251, #2769, #3023 ) ) ;
#5998 = CARTESIAN_POINT ( 'NONE',  ( 0.6750000000000001554, -0.8200000000000000622, 0.01000000000000000021 ) ) ;
#5999 = FACE_OUTER_BOUND ( 'NONE', #3355, .T. ) ;
#6000 = PLANE ( 'NONE',  #7946 ) ;
#6001 = ORIENTED_EDGE ( 'NONE', *, *, #3828, .F. ) ;
#6002 = VECTOR ( 'NONE', #84, 1000.000000000000000 ) ;
#6003 = ADVANCED_FACE ( 'NONE', ( #9939 ), #2219, .F. ) ;
#6004 = DIRECTION ( 'NONE',  ( -1.000000000000000000, 0.000000000000000000, -0.000000000000000000 ) ) ;
#6005 = FILL_AREA_STYLE_COLOUR ( '', #4940 ) ;
#6006 = ORIENTED_EDGE ( 'NONE', *, *, #6488, .F. ) ;
#6007 = FACE_OUTER_BOUND ( 'NONE', #8045, .T. ) ;
#6008 = LINE ( 'NONE', #51, #8937 ) ;
#6009 = DIRECTION ( 'NONE',  ( -1.000000000000000000, 0.000000000000000000, 0.000000000000000000 ) ) ;
#6010 = AXIS2_PLACEMENT_3D ( 'NONE', #2753, #9615, #4310 ) ;
#6011 = VERTEX_POINT ( 'NONE', #8 ) ;
#6012 = CARTESIAN_POINT ( 'NONE',  ( -1.099999999999999867, 0.7499999999999998890, -0.02000000000000000042 ) ) ;
#6013 = ORIENTED_EDGE ( 'NONE', *, *, #6870, .T. ) ;
#6014 = ADVANCED_FACE ( 'NONE', ( #6158 ), #5131, .F. ) ;
#6015 = PLANE ( 'NONE',  #1394 ) ;
#6016 = CARTESIAN_POINT ( 'NONE',  ( 3.273697051363418709, 16.39153716841929409, 0.001000000000000000021 ) ) ;
#6017 = ADVANCED_FACE ( 'NONE', ( #5961 ), #8556, .F. ) ;
#6018 = STYLED_ITEM ( 'NONE', ( #1501 ), #6277 ) ;
#6019 = EDGE_CURVE ( 'NONE', #9464, #9737, #6341, .T. ) ;
#6020 = VERTEX_POINT ( 'NONE', #601 ) ;
#6021 = EDGE_CURVE ( 'NONE', #3705, #1578, #1526, .T. ) ;
#6022 = ORIENTED_EDGE ( 'NONE', *, *, #2626, .F. ) ;
#6023 = B_SPLINE_SURFACE_WITH_KNOTS ( 'NONE', 3, 1, ( 
 ( #6380, #3986 ),
 ( #7099, #7190 ),
 ( #2491, #4836 ),
 ( #4884, #9490 ) ),
 .UNSPECIFIED., .F., .F., .F.,
 ( 4, 4 ),
 ( 2, 2 ),
 ( 0.000000000000000000, 0.3333333333333333148 ),
 ( 0.000000000000000000, 1.000000000000000000 ),
 .UNSPECIFIED. ) ;
#6024 = CARTESIAN_POINT ( 'NONE',  ( 0.6749999999999998224, 0.8699999999999998845, 0.01000000000000000021 ) ) ;
#6025 = CARTESIAN_POINT ( 'NONE',  ( 1.499999999999999112, 0.1249999999999984873, 0.1830000000000000238 ) ) ;
#6026 = VECTOR ( 'NONE', #4797, 1000.000000000000000 ) ;
#6027 = FILL_AREA_STYLE_COLOUR ( '', #8202 ) ;
#6028 = LINE ( 'NONE', #6369, #4127 ) ;
#6029 = DIRECTION ( 'NONE',  ( -1.000000000000000000, 0.000000000000000000, 0.000000000000000000 ) ) ;
#6030 = CARTESIAN_POINT ( 'NONE',  ( 3.505119191708629955, 16.58730158767390961, 0.001000000000000000021 ) ) ;
#6031 = CARTESIAN_POINT ( 'NONE',  ( 3.127712222938180187, 16.82507856940162938, 0.000000000000000000 ) ) ;
#6032 = ORIENTED_EDGE ( 'NONE', *, *, #9588, .F. ) ;
#6033 = ORIENTED_EDGE ( 'NONE', *, *, #2469, .F. ) ;
#6034 = CARTESIAN_POINT ( 'NONE',  ( 3.725067312891037208, 16.58677201755869746, 0.001000000000000000021 ) ) ;
#6035 = DIRECTION ( 'NONE',  ( 0.000000000000000000, -1.000000000000000000, 0.000000000000000000 ) ) ;
#6036 = EDGE_LOOP ( 'NONE', ( #1347, #6940, #7348, #3798 ) ) ;
#6037 = LINE ( 'NONE', #8236, #6648 ) ;
#6038 = EDGE_CURVE ( 'NONE', #5696, #7027, #3662, .T. ) ;
#6039 = LINE ( 'NONE', #5266, #938 ) ;
#6040 = EDGE_CURVE ( 'NONE', #7487, #8752, #4715, .T. ) ;
#6041 = ORIENTED_EDGE ( 'NONE', *, *, #2938, .T. ) ;
#6042 = CARTESIAN_POINT ( 'NONE',  ( 3.615269775671568375, 16.72569591111453136, 0.000000000000000000 ) ) ;
#6043 = DIRECTION ( 'NONE',  ( -0.000000000000000000, -0.000000000000000000, -1.000000000000000000 ) ) ;
#6044 = ORIENTED_EDGE ( 'NONE', *, *, #7048, .F. ) ;
#6045 = ORIENTED_EDGE ( 'NONE', *, *, #5585, .F. ) ;
#6046 = CARTESIAN_POINT ( 'NONE',  ( 3.736894378797315230, 16.70363048964761177, 0.000000000000000000 ) ) ;
#6047 = VERTEX_POINT ( 'NONE', #4809 ) ;
#6048 = CARTESIAN_POINT ( 'NONE',  ( -6.987650917943116546, 9.957402558050056030, 0.001000000000000000021 ) ) ;
#6049 = CARTESIAN_POINT ( 'NONE',  ( 1.499999999999999334, -0.1250000000000003331, 0.1830000001064036041 ) ) ;
#6050 = DIRECTION ( 'NONE',  ( 0.000000000000000000, 0.000000000000000000, -1.000000000000000000 ) ) ;
#6051 = CARTESIAN_POINT ( 'NONE',  ( -3.243162531485117572, 1.241937012964192455, 0.001000000000000000021 ) ) ;
#6052 = DIRECTION ( 'NONE',  ( 0.000000000000000000, 0.000000000000000000, -1.000000000000000000 ) ) ;
#6053 = CARTESIAN_POINT ( 'NONE',  ( 2.786845592116968806, 16.48915459298898867, 0.000000000000000000 ) ) ;
#6054 = DIRECTION ( 'NONE',  ( -1.000000000000000000, 2.365532012695645823E-15, 0.000000000000000000 ) ) ;
#6055 = ORIENTED_EDGE ( 'NONE', *, *, #5771, .T. ) ;
#6056 = CARTESIAN_POINT ( 'NONE',  ( -1.469999999999999751, -1.469999999999999973, 0.7500000000000000000 ) ) ;
#6057 = EDGE_CURVE ( 'NONE', #6804, #5361, #6354, .T. ) ;
#6058 = PLANE ( 'NONE',  #1806 ) ;
#6059 = ORIENTED_EDGE ( 'NONE', *, *, #7817, .F. ) ;
#6060 = VECTOR ( 'NONE', #7861, 1000.000000000000227 ) ;
#6061 = VERTEX_POINT ( 'NONE', #6308 ) ;
#6062 = FILL_AREA_STYLE_COLOUR ( '', #8663 ) ;
#6063 = VECTOR ( 'NONE', #550, 1000.000000000000000 ) ;
#6064 = VECTOR ( 'NONE', #8044, 1000.000000000000000 ) ;
#6065 = CARTESIAN_POINT ( 'NONE',  ( -1.224999999999999867, 0.6249999999999998890, -0.02000000000000000042 ) ) ;
#6066 = DIRECTION ( 'NONE',  ( -1.000000000000000000, 3.942553354492742545E-16, 0.000000000000000000 ) ) ;
#6067 = ORIENTED_EDGE ( 'NONE', *, *, #6632, .T. ) ;
#6068 = EDGE_CURVE ( 'NONE', #7392, #4964, #6205, .T. ) ;
#6069 = VERTEX_POINT ( 'NONE', #3242 ) ;
#6070 = STYLED_ITEM ( 'NONE', ( #5174 ), #8899 ) ;
#6071 = COLOUR_RGB ( '',0.8039215686274510109, 0.8039215686274510109, 0.8039215686274510109 ) ;
#6072 = CARTESIAN_POINT ( 'NONE',  ( -0.6749999999999993783, -0.8700000000000001066, 0.01000000000000000021 ) ) ;
#6073 = ADVANCED_FACE ( 'NONE', ( #5576 ), #3161, .F. ) ;
#6074 = CARTESIAN_POINT ( 'NONE',  ( -0.6749999999999997113, -0.8200000000000000622, 0.000000000000000000 ) ) ;
#6075 = UNCERTAINTY_MEASURE_WITH_UNIT (LENGTH_MEASURE( 1.000000000000000082E-05 ), #5849, 'distance_accuracy_value', 'NONE');
#6076 = EDGE_CURVE ( 'NONE', #8874, #7667, #4627, .T. ) ;
#6077 = CARTESIAN_POINT ( 'NONE',  ( 3.443336011601217272, 16.44961335772024569, 0.000000000000000000 ) ) ;
#6078 = CARTESIAN_POINT ( 'NONE',  ( 2.849864435826539033, 16.39153716841929409, 0.000000000000000000 ) ) ;
#6079 =( GEOMETRIC_REPRESENTATION_CONTEXT ( 3 ) GLOBAL_UNCERTAINTY_ASSIGNED_CONTEXT ( ( #5443 ) ) GLOBAL_UNIT_ASSIGNED_CONTEXT ( ( #2793, #6646, #9866 ) ) REPRESENTATION_CONTEXT ( 'NONE', 'WORKASPACE' ) );
#6080 = PRESENTATION_LAYER_ASSIGNMENT (  '', '', ( #9994 ) ) ;
#6081 = DIRECTION ( 'NONE',  ( 0.9999918045886077023, -0.004048549816873615002, 0.000000000000000000 ) ) ;
#6082 = VERTEX_POINT ( 'NONE', #807 ) ;
#6083 = B_SPLINE_CURVE_WITH_KNOTS ( 'NONE', 3,
 ( #6148, #5224, #696, #9263 ),
 .UNSPECIFIED., .F., .F.,
 ( 4, 4 ),
 ( 0.5454545454545454142, 0.6363636363636363535 ),
 .UNSPECIFIED. ) ;
#6084 = ORIENTED_EDGE ( 'NONE', *, *, #2127, .T. ) ;
#6085 = CARTESIAN_POINT ( 'NONE',  ( 3.703707984911051465, 16.46973702209810497, 1.694065894508600678E-18 ) ) ;
#6086 = ORIENTED_EDGE ( 'NONE', *, *, #1683, .F. ) ;
#6087 = CARTESIAN_POINT ( 'NONE',  ( 3.095761492654057090, 16.63054981374909858, 0.000000000000000000 ) ) ;
#6088 = CARTESIAN_POINT ( 'NONE',  ( -0.3942356891071699954, 16.55789894224802339, 0.001000000000000000021 ) ) ;
#6089 = AXIS2_PLACEMENT_3D ( 'NONE', #821, #871, #9477 ) ;
#6090 = CARTESIAN_POINT ( 'NONE',  ( -1.224999999999999645, -0.2500000000000001110, -0.02000000000000000042 ) ) ;
#6091 = ORIENTED_EDGE ( 'NONE', *, *, #971, .T. ) ;
#6092 = EDGE_CURVE ( 'NONE', #2751, #8245, #2459, .T. ) ;
#6093 = EDGE_LOOP ( 'NONE', ( #1263, #1146, #539, #3032 ) ) ;
#6094 = CARTESIAN_POINT ( 'NONE',  ( 0.6750000000000001554, 0.8199999999999998401, -0.02000000000000000042 ) ) ;
#6095 = CARTESIAN_POINT ( 'NONE',  ( -1.224999999999999867, 0.6249999999999998890, -0.02000000000000000042 ) ) ;
#6096 = COLOUR_RGB ( '',0.8039215686274510109, 0.8039215686274510109, 0.8039215686274510109 ) ;
#6097 = ORIENTED_EDGE ( 'NONE', *, *, #1280, .F. ) ;
#6098 = DIRECTION ( 'NONE',  ( 1.000000000000000000, -3.942553354492743531E-16, 0.000000000000000000 ) ) ;
#6099 = CARTESIAN_POINT ( 'NONE',  ( 0.000000000000000000, 16.58588940070004369, 0.001000000000000000021 ) ) ;
#6100 = AXIS2_PLACEMENT_3D ( 'NONE', #2810, #4263, #9722 ) ;
#6101 = CARTESIAN_POINT ( 'NONE',  ( 2.649686932278500606, 16.63037329037736356, 0.000000000000000000 ) ) ;
#6102 =( GEOMETRIC_REPRESENTATION_CONTEXT ( 3 ) GLOBAL_UNCERTAINTY_ASSIGNED_CONTEXT ( ( #2932 ) ) GLOBAL_UNIT_ASSIGNED_CONTEXT ( ( #1748, #4848, #5629 ) ) REPRESENTATION_CONTEXT ( 'NONE', 'WORKASPACE' ) );
#6103 = DIRECTION ( 'NONE',  ( -0.000000000000000000, -0.000000000000000000, 1.000000000000000000 ) ) ;
#6104 = CARTESIAN_POINT ( 'NONE',  ( 1.500000000000000222, -1.500000000000000000, 0.000000000000000000 ) ) ;
#6105 = ORIENTED_EDGE ( 'NONE', *, *, #2764, .F. ) ;
#6106 = B_SPLINE_SURFACE_WITH_KNOTS ( 'NONE', 3, 1, ( 
 ( #5785, #5882 ),
 ( #8997, #2642 ),
 ( #8900, #5114 ),
 ( #1948, #2054 ) ),
 .UNSPECIFIED., .F., .F., .F.,
 ( 4, 4 ),
 ( 2, 2 ),
 ( 0.7333333333333332815, 0.8000000000000000444 ),
 ( 0.000000000000000000, 1.000000000000000000 ),
 .UNSPECIFIED. ) ;
#6107 = VECTOR ( 'NONE', #2118, 1000.000000000000000 ) ;
#6108 = ADVANCED_FACE ( 'NONE', ( #1661 ), #2506, .F. ) ;
#6109 = ORIENTED_EDGE ( 'NONE', *, *, #1408, .T. ) ;
#6110 = DIRECTION ( 'NONE',  ( 0.000000000000000000, 1.000000000000000000, 0.000000000000000000 ) ) ;
#6111 = CARTESIAN_POINT ( 'NONE',  ( 2.786845592116968806, 16.52340012710568118, 0.000000000000000000 ) ) ;
#6112 = SURFACE_STYLE_FILL_AREA ( #9988 ) ;
#6113 = VECTOR ( 'NONE', #3516, 999.9999999999998863 ) ;
#6114 = ORIENTED_EDGE ( 'NONE', *, *, #2585, .F. ) ;
#6115 = CARTESIAN_POINT ( 'NONE',  ( -1.099999999999999423, -0.7500000000000001110, 0.1829999999927167664 ) ) ;
#6116 = ORIENTED_EDGE ( 'NONE', *, *, #3263, .T. ) ;
#6117 = CIRCLE ( 'NONE', #2550, 0.1250000000000005551 ) ;
#6118 = LINE ( 'NONE', #3818, #8522 ) ;
#6119 =( GEOMETRIC_REPRESENTATION_CONTEXT ( 3 ) GLOBAL_UNCERTAINTY_ASSIGNED_CONTEXT ( ( #7952 ) ) GLOBAL_UNIT_ASSIGNED_CONTEXT ( ( #7494, #9736, #1259 ) ) REPRESENTATION_CONTEXT ( 'NONE', 'WORKASPACE' ) );
#6120 = VECTOR ( 'NONE', #2153, 1000.000000000000114 ) ;
#6121 = VERTEX_POINT ( 'NONE', #7833 ) ;
#6122 = PLANE ( 'NONE',  #5070 ) ;
#6123 = DIRECTION ( 'NONE',  ( -1.000000000000000000, 0.000000000000000000, 0.000000000000000000 ) ) ;
#6124 = VECTOR ( 'NONE', #2622, 1000.000000000000000 ) ;
#6125 = EDGE_CURVE ( 'NONE', #7206, #5314, #8695, .T. ) ;
#6126 = CARTESIAN_POINT ( 'NONE',  ( -1.224999999999999645, -0.1250000000000001110, 0.1830000002200904419 ) ) ;
#6127 = CARTESIAN_POINT ( 'NONE',  ( 1.224999999999999423, -0.2500000000000004441, 0.1830000000000000238 ) ) ;
#6128 = LINE ( 'NONE', #7037, #151 ) ;
#6129 = ORIENTED_EDGE ( 'NONE', *, *, #3674, .F. ) ;
#6130 = ORIENTED_EDGE ( 'NONE', *, *, #916, .T. ) ;
#6131 = AXIS2_PLACEMENT_3D ( 'NONE', #1798, #8751, #7071 ) ;
#6132 = DIRECTION ( 'NONE',  ( -1.000000000000000000, 0.000000000000000000, -0.000000000000000000 ) ) ;
#6133 = LINE ( 'NONE', #74, #7771 ) ;
#6134 = ORIENTED_EDGE ( 'NONE', *, *, #9789, .F. ) ;
#6135 = CARTESIAN_POINT ( 'NONE',  ( -1.269999999999999574, 1.269999999999999796, 0.7800000000000000266 ) ) ;
#6136 = EDGE_CURVE ( 'NONE', #4266, #6640, #3732, .T. ) ;
#6137 = CARTESIAN_POINT ( 'NONE',  ( 3.422682777108163155, 16.42066352475564273, -1.694065894508600678E-18 ) ) ;
#6138 = ADVANCED_FACE ( 'NONE', ( #7067 ), #3825, .F. ) ;
#6139 = EDGE_CURVE ( 'NONE', #4000, #97, #2308, .T. ) ;
#6140 = DIRECTION ( 'NONE',  ( -0.000000000000000000, -0.000000000000000000, 1.000000000000000000 ) ) ;
#6141 = ORIENTED_EDGE ( 'NONE', *, *, #3310, .F. ) ;
#6142 = ORIENTED_EDGE ( 'NONE', *, *, #9301, .T. ) ;
#6143 = PRODUCT_CONTEXT ( 'NONE', #9865, 'mechanical' ) ;
#6144 = EDGE_CURVE ( 'NONE', #8669, #8106, #2364, .T. ) ;
#6145 = AXIS2_PLACEMENT_3D ( 'NONE', #9488, #8679, #1729 ) ;
#6146 = AXIS2_PLACEMENT_3D ( 'NONE', #3734, #6035, #6796 ) ;
#6147 = ORIENTED_EDGE ( 'NONE', *, *, #267, .T. ) ;
#6148 = CARTESIAN_POINT ( 'NONE',  ( 3.673345964972550171, 16.49903990180617797, 0.001000000000000000021 ) ) ;
#6149 = DIRECTION ( 'NONE',  ( -1.000000000000000000, 3.942553354492743531E-16, 0.000000000000000000 ) ) ;
#6150 = CARTESIAN_POINT ( 'NONE',  ( 3.372197092791819006, 16.38800670098454404, 1.694065894508600678E-18 ) ) ;
#6151 = DIRECTION ( 'NONE',  ( 0.5919557230876554277, -0.8059704845115427396, 0.000000000000000000 ) ) ;
#6152 = DIRECTION ( 'NONE',  ( 0.000000000000000000, 1.000000000000000000, 0.000000000000000000 ) ) ;
#6153 = CARTESIAN_POINT ( 'NONE',  ( -1.224999999999999645, -0.1250000000000001110, -0.02000000000000000042 ) ) ;
#6154 = ORIENTED_EDGE ( 'NONE', *, *, #6843, .F. ) ;
#6155 = AXIS2_PLACEMENT_3D ( 'NONE', #6791, #7557, #620 ) ;
#6156 = CARTESIAN_POINT ( 'NONE',  ( 3.660283235464118157, 16.57547452176763159, 0.000000000000000000 ) ) ;
#6157 = DIRECTION ( 'NONE',  ( 0.000000000000000000, 1.000000000000000000, -0.000000000000000000 ) ) ;
#6158 = FACE_OUTER_BOUND ( 'NONE', #7989, .T. ) ;
#6159 = EDGE_LOOP ( 'NONE', ( #1180, #8893, #7139, #180 ) ) ;
#6160 =( LENGTH_UNIT ( ) NAMED_UNIT ( * ) SI_UNIT ( .MILLI., .METRE. ) );
#6161 = ORIENTED_EDGE ( 'NONE', *, *, #5655, .F. ) ;
#6162 = VECTOR ( 'NONE', #8725, 1000.000000000000000 ) ;
#6163 = EDGE_CURVE ( 'NONE', #1867, #5385, #6831, .T. ) ;
#6164 = ADVANCED_FACE ( 'NONE', ( #1619 ), #8606, .F. ) ;
#6165 = CARTESIAN_POINT ( 'NONE',  ( 2.740772992094016924, 16.77300417473965410, 0.000000000000000000 ) ) ;
#6166 = B_SPLINE_CURVE_WITH_KNOTS ( 'NONE', 3,
 ( #4668, #3012, #5374, #5423 ),
 .UNSPECIFIED., .F., .F.,
 ( 4, 4 ),
 ( 0.2500000000000000000, 0.5000000000000000000 ),
 .UNSPECIFIED. ) ;
#6167 = VECTOR ( 'NONE', #3758, 1000.000000000000000 ) ;
#6168 = EDGE_LOOP ( 'NONE', ( #3074, #1254, #1786, #850 ) ) ;
#6169 = B_SPLINE_CURVE_WITH_KNOTS ( 'NONE', 3,
 ( #4146, #2449, #7254, #3994 ),
 .UNSPECIFIED., .F., .F.,
 ( 4, 4 ),
 ( 0.000000000000000000, 0.2500000000000000000 ),
 .UNSPECIFIED. ) ;
#6170 = CARTESIAN_POINT ( 'NONE',  ( 3.790734007176634890, 16.76311886592244704, 0.000000000000000000 ) ) ;
#6171 = UNCERTAINTY_MEASURE_WITH_UNIT (LENGTH_MEASURE( 1.000000000000000082E-05 ), #8538, 'distance_accuracy_value', 'NONE');
#6172 = PRESENTATION_STYLE_ASSIGNMENT (( #1584 ) ) ;
#6173 = AXIS2_PLACEMENT_3D ( 'NONE', #431, #6458, #9714 ) ;
#6174 = DIRECTION ( 'NONE',  ( -0.9999850700587499253, 0.005464399289685874239, 0.000000000000000000 ) ) ;
#6175 = DIRECTION ( 'NONE',  ( -0.000000000000000000, 0.000000000000000000, 1.000000000000000000 ) ) ;
#6176 = DIRECTION ( 'NONE',  ( -0.000000000000000000, -0.000000000000000000, -1.000000000000000000 ) ) ;
#6177 = SURFACE_SIDE_STYLE ('',( #3836 ) ) ;
#6178 = ORIENTED_EDGE ( 'NONE', *, *, #5606, .F. ) ;
#6179 = VERTEX_POINT ( 'NONE', #7117 ) ;
#6180 = PRESENTATION_LAYER_ASSIGNMENT (  '', '', ( #526 ) ) ;
#6181 = ADVANCED_FACE ( 'NONE', ( #853 ), #1134, .F. ) ;
#6182 = PLANE ( 'NONE',  #3584 ) ;
#6183 = CARTESIAN_POINT ( 'NONE',  ( -1.469999999999999751, 0.000000000000000000, 0.7800000000000000266 ) ) ;
#6184 = ORIENTED_EDGE ( 'NONE', *, *, #8063, .T. ) ;
#6185 = CARTESIAN_POINT ( 'NONE',  ( 2.416146511472467839, 16.56735444666781731, 0.000000000000000000 ) ) ;
#6186 = PRODUCT_DEFINITION_SHAPE ( 'NONE', 'NONE',  #10035 ) ;
#6187 = CARTESIAN_POINT ( 'NONE',  ( 2.933713037400889068, 16.72410720076891621, 0.001000000000000000021 ) ) ;
#6188 = AXIS2_PLACEMENT_3D ( 'NONE', #7870, #81, #5560 ) ;
#6189 = CARTESIAN_POINT ( 'NONE',  ( 3.430802852207997855, 16.38006314925643991, 0.001000000000000001756 ) ) ;
#6190 = ORIENTED_EDGE ( 'NONE', *, *, #608, .T. ) ;
#6191 = ADVANCED_FACE ( 'NONE', ( #6404 ), #9562, .F. ) ;
#6192 = CARTESIAN_POINT ( 'NONE',  ( -0.02437147238369592045, 16.54822974686678805, 0.001000000000000000021 ) ) ;
#6193 = ORIENTED_EDGE ( 'NONE', *, *, #7029, .T. ) ;
#6194 = LINE ( 'NONE', #6960, #6434 ) ;
#6195 = FACE_OUTER_BOUND ( 'NONE', #3261, .T. ) ;
#6196 = EDGE_CURVE ( 'NONE', #3328, #7438, #2476, .T. ) ;
#6197 = ADVANCED_FACE ( 'NONE', ( #8901 ), #2002, .F. ) ;
#6198 = PLANE ( 'NONE',  #3622 ) ;
#6199 = DIRECTION ( 'NONE',  ( 0.000000000000000000, -0.000000000000000000, 1.000000000000000000 ) ) ;
#6200 = FILL_AREA_STYLE ('',( #4669 ) ) ;
#6201 = DIRECTION ( 'NONE',  ( 0.000000000000000000, 0.000000000000000000, -1.000000000000000000 ) ) ;
#6202 = VERTEX_POINT ( 'NONE', #1185 ) ;
#6203 = CARTESIAN_POINT ( 'NONE',  ( -1.499999999999999778, -1.500000000000000000, 0.7800000000000000266 ) ) ;
#6204 = FACE_OUTER_BOUND ( 'NONE', #1562, .T. ) ;
#6205 = LINE ( 'NONE', #224, #4553 ) ;
#6206 = VERTEX_POINT ( 'NONE', #8747 ) ;
#6207 = ORIENTED_EDGE ( 'NONE', *, *, #5222, .T. ) ;
#6208 =( LENGTH_UNIT ( ) NAMED_UNIT ( * ) SI_UNIT ( .MILLI., .METRE. ) );
#6209 = DIRECTION ( 'NONE',  ( -0.9999922500745950238, 0.003936977361965895116, 0.000000000000000000 ) ) ;
#6210 = EDGE_CURVE ( 'NONE', #8239, #5271, #4254, .T. ) ;
#6211 = VERTEX_POINT ( 'NONE', #7363 ) ;
#6212 = VECTOR ( 'NONE', #5660, 1000.000000000000000 ) ;
#6213 = EDGE_CURVE ( 'NONE', #6020, #9972, #4311, .T. ) ;
#6214 = EDGE_LOOP ( 'NONE', ( #2110, #9795, #4991, #765 ) ) ;
#6215 = ORIENTED_EDGE ( 'NONE', *, *, #6076, .T. ) ;
#6216 = CARTESIAN_POINT ( 'NONE',  ( 3.043863621363823935, 16.63125590723604219, 0.001000000000000000021 ) ) ;
#6217 = UNCERTAINTY_MEASURE_WITH_UNIT (LENGTH_MEASURE( 1.000000000000000082E-05 ), #77, 'distance_accuracy_value', 'NONE');
#6218 = AXIS2_PLACEMENT_3D ( 'NONE', #1162, #6732, #2827 ) ;
#6219 =( NAMED_UNIT ( * ) PLANE_ANGLE_UNIT ( ) SI_UNIT ( $, .RADIAN. ) );
#6220 =( NAMED_UNIT ( * ) SI_UNIT ( $, .STERADIAN. ) SOLID_ANGLE_UNIT ( ) );
#6221 = CARTESIAN_POINT ( 'NONE',  ( -1.269999999999999574, 1.269999999999999796, 0.7699999999999999067 ) ) ;
#6222 = LINE ( 'NONE', #9338, #7715 ) ;
#6223 = CARTESIAN_POINT ( 'NONE',  ( 3.835394420225713308, 16.46797178838075482, 0.000000000000000000 ) ) ;
#6224 = EDGE_LOOP ( 'NONE', ( #6190, #8345, #4174, #5110 ) ) ;
#6225 = VECTOR ( 'NONE', #2323, 1000.000000000000000 ) ;
#6226 = EDGE_LOOP ( 'NONE', ( #9435, #4811, #8439, #522 ) ) ;
#6227 = EDGE_CURVE ( 'NONE', #8914, #8131, #1841, .T. ) ;
#6228 = FILL_AREA_STYLE_COLOUR ( '', #1668 ) ;
#6229 = LINE ( 'NONE', #5455, #5990 ) ;
#6230 = ORIENTED_EDGE ( 'NONE', *, *, #879, .T. ) ;
#6231 =( LENGTH_UNIT ( ) NAMED_UNIT ( * ) SI_UNIT ( .MILLI., .METRE. ) );
#6232 = AXIS2_PLACEMENT_3D ( 'NONE', #2744, #3593, #1388 ) ;
#6233 = STYLED_ITEM ( 'NONE', ( #1717 ), #8583 ) ;
#6234 = CARTESIAN_POINT ( 'NONE',  ( 3.791263577291842601, 16.65049695475526192, 0.000000000000000000 ) ) ;
#6235 = CARTESIAN_POINT ( 'NONE',  ( 3.435039413129651997, 16.43778629181395701, 0.000000000000000000 ) ) ;
#6236 = EDGE_CURVE ( 'NONE', #5020, #1007, #9384, .T. ) ;
#6237 = VECTOR ( 'NONE', #7304, 1000.000000000000000 ) ;
#6238 = DIRECTION ( 'NONE',  ( 0.000000000000000000, 1.000000000000000000, 0.000000000000000000 ) ) ;
#6239 = ORIENTED_EDGE ( 'NONE', *, *, #7742, .F. ) ;
#6240 = VERTEX_POINT ( 'NONE', #382 ) ;
#6241 = AXIS2_PLACEMENT_3D ( 'NONE', #4474, #2121, #546 ) ;
#6242 = VECTOR ( 'NONE', #4531, 1000.000000000000114 ) ;
#6243 = LINE ( 'NONE', #841, #6026 ) ;
#6244 = ORIENTED_EDGE ( 'NONE', *, *, #7948, .T. ) ;
#6245 = CARTESIAN_POINT ( 'NONE',  ( 0.000000000000000000, 16.39153716841929764, 0.001000000000000000021 ) ) ;
#6246 = DIRECTION ( 'NONE',  ( -0.000000000000000000, -1.000000000000000000, -0.000000000000000000 ) ) ;
#6247 = LINE ( 'NONE', #1834, #786 ) ;
#6248 = MECHANICAL_DESIGN_GEOMETRIC_PRESENTATION_REPRESENTATION (  '', ( #5092 ), #3802 ) ;
#6249 = FACE_OUTER_BOUND ( 'NONE', #630, .T. ) ;
#6250 = EDGE_CURVE ( 'NONE', #6047, #1384, #678, .T. ) ;
#6251 = CARTESIAN_POINT ( 'NONE',  ( 1.499999999999999556, -0.8750000000000015543, 0.1830000000000000238 ) ) ;
#6252 = EDGE_LOOP ( 'NONE', ( #8076, #2315, #4395, #6444 ) ) ;
#6253 = CARTESIAN_POINT ( 'NONE',  ( 3.110765979251580493, 16.66991452564612430, 0.000000000000000000 ) ) ;
#6254 = VECTOR ( 'NONE', #9258, 1000.000000000000000 ) ;
#6255 = FACE_OUTER_BOUND ( 'NONE', #9876, .T. ) ;
#6256 = DIRECTION ( 'NONE',  ( 0.000000000000000000, -1.000000000000000000, 0.000000000000000000 ) ) ;
#6257 = ORIENTED_EDGE ( 'NONE', *, *, #4590, .F. ) ;
#6258 = CARTESIAN_POINT ( 'NONE',  ( -1.224999999999999645, -0.3750000000000001110, 0.1830000001064036041 ) ) ;
#6259 = VERTEX_POINT ( 'NONE', #2553 ) ;
#6260 = LINE ( 'NONE', #3816, #6225 ) ;
#6261 = EDGE_CURVE ( 'NONE', #8989, #4806, #9616, .T. ) ;
#6262 = MECHANICAL_DESIGN_GEOMETRIC_PRESENTATION_REPRESENTATION (  '', ( #3660 ), #4473 ) ;
#6263 = FILL_AREA_STYLE_COLOUR ( '', #5299 ) ;
#6264 = B_SPLINE_CURVE_WITH_KNOTS ( 'NONE', 3,
 ( #5109, #4248, #7467, #428 ),
 .UNSPECIFIED., .F., .F.,
 ( 4, 4 ),
 ( 0.3333333333333333148, 1.000000000000000000 ),
 .UNSPECIFIED. ) ;
#6265 = ADVANCED_FACE ( 'NONE', ( #4955 ), #8081, .F. ) ;
#6266 = VERTEX_POINT ( 'NONE', #639 ) ;
#6267 = B_SPLINE_SURFACE_WITH_KNOTS ( 'NONE', 3, 1, ( 
 ( #287, #1849 ),
 ( #4858, #4907 ),
 ( #5738, #4055 ),
 ( #1803, #4816 ) ),
 .UNSPECIFIED., .F., .F., .F.,
 ( 4, 4 ),
 ( 2, 2 ),
 ( 0.000000000000000000, 0.09090909090909089774 ),
 ( 0.000000000000000000, 1.000000000000000000 ),
 .UNSPECIFIED. ) ;
#6268 = ORIENTED_EDGE ( 'NONE', *, *, #5400, .T. ) ;
#6269 = DIRECTION ( 'NONE',  ( 1.000000000000000000, -3.942553354492742545E-16, 0.000000000000000000 ) ) ;
#6270 = VECTOR ( 'NONE', #2631, 1000.000000000000114 ) ;
#6271 = PRODUCT_DEFINITION_CONTEXT ( 'detailed design', #6731, 'design' ) ;
#6272 = CARTESIAN_POINT ( 'NONE',  ( 3.537246445364493397, 16.47556229336537825, 0.000000000000000000 ) ) ;
#6273 = CARTESIAN_POINT ( 'NONE',  ( 0.000000000000000000, 0.000000000000000000, 0.001000000000000000021 ) ) ;
#6274 = FACE_OUTER_BOUND ( 'NONE', #3298, .T. ) ;
#6275 = VECTOR ( 'NONE', #7166, 1000.000000000000000 ) ;
#6276 = PLANE ( 'NONE',  #2047 ) ;
#6277 = ADVANCED_FACE ( 'NONE', ( #8343 ), #9153, .F. ) ;
#6278 = CARTESIAN_POINT ( 'NONE',  ( 2.462748681610632318, 16.59118510185208351, 0.001000000000000000021 ) ) ;
#6279 = CARTESIAN_POINT ( 'NONE',  ( 3.821449073858611989, 16.51104349108420521, -1.694065894508600678E-18 ) ) ;
#6280 =( GEOMETRIC_REPRESENTATION_CONTEXT ( 3 ) GLOBAL_UNCERTAINTY_ASSIGNED_CONTEXT ( ( #7747 ) ) GLOBAL_UNIT_ASSIGNED_CONTEXT ( ( #2762, #7431, #493 ) ) REPRESENTATION_CONTEXT ( 'NONE', 'WORKASPACE' ) );
#6281 = ORIENTED_EDGE ( 'NONE', *, *, #3270, .T. ) ;
#6282 = AXIS2_PLACEMENT_3D ( 'NONE', #4978, #4874, #1060 ) ;
#6283 = CARTESIAN_POINT ( 'NONE',  ( 3.117120820634052158, 16.67273889959385968, 0.000000000000000000 ) ) ;
#6284 = CARTESIAN_POINT ( 'NONE',  ( 2.780843797477962731, 16.57529799839590368, 0.001000000000000000021 ) ) ;
#6285 = DIRECTION ( 'NONE',  ( 1.000000000000000000, 0.000000000000000000, 0.000000000000000000 ) ) ;
#6286 = B_SPLINE_CURVE_WITH_KNOTS ( 'NONE', 3,
 ( #1357, #5287, #6771, #1412 ),
 .UNSPECIFIED., .F., .F.,
 ( 4, 4 ),
 ( 0.4000000000000000222, 0.5000000000000000000 ),
 .UNSPECIFIED. ) ;
#6287 =( NAMED_UNIT ( * ) SI_UNIT ( $, .STERADIAN. ) SOLID_ANGLE_UNIT ( ) );
#6288 = LINE ( 'NONE', #1494, #5988 ) ;
#6289 = ADVANCED_FACE ( 'NONE', ( #4565 ), #4406, .T. ) ;
#6290 = EDGE_CURVE ( 'NONE', #4665, #6589, #1457, .T. ) ;
#6291 = AXIS2_PLACEMENT_3D ( 'NONE', #3476, #9640, #4931 ) ;
#6292 = ORIENTED_EDGE ( 'NONE', *, *, #6644, .F. ) ;
#6293 = ORIENTED_EDGE ( 'NONE', *, *, #8741, .T. ) ;
#6294 =( NAMED_UNIT ( * ) PLANE_ANGLE_UNIT ( ) SI_UNIT ( $, .RADIAN. ) );
#6295 = CARTESIAN_POINT ( 'NONE',  ( 1.500000000000000222, -1.500000000000000000, 0.000000000000000000 ) ) ;
#6296 = ORIENTED_EDGE ( 'NONE', *, *, #5400, .F. ) ;
#6297 = LINE ( 'NONE', #888, #8923 ) ;
#6298 = CARTESIAN_POINT ( 'NONE',  ( 3.730716060786571475, 16.62754891642958910, 0.000000000000000000 ) ) ;
#6299 = CARTESIAN_POINT ( 'NONE',  ( 3.725067312891037208, 16.58677201755869746, 0.000000000000000000 ) ) ;
#6300 = LINE ( 'NONE', #4842, #1718 ) ;
#6301 = DIRECTION ( 'NONE',  ( 0.000000000000000000, 0.000000000000000000, -1.000000000000000000 ) ) ;
#6302 = VERTEX_POINT ( 'NONE', #5945 ) ;
#6303 = LINE ( 'NONE', #7158, #8711 ) ;
#6304 = ORIENTED_EDGE ( 'NONE', *, *, #3482, .T. ) ;
#6305 = VECTOR ( 'NONE', #2830, 1000.000000000000000 ) ;
#6306 = CARTESIAN_POINT ( 'NONE',  ( 3.113590353199340743, 16.67238585285042873, 0.000000000000000000 ) ) ;
#6307 =( NAMED_UNIT ( * ) SI_UNIT ( $, .STERADIAN. ) SOLID_ANGLE_UNIT ( ) );
#6308 = CARTESIAN_POINT ( 'NONE',  ( 1.224999999999999423, -0.8750000000000014433, 0.1830000002200904419 ) ) ;
#6309 = ORIENTED_EDGE ( 'NONE', *, *, #3420, .T. ) ;
#6310 = EDGE_CURVE ( 'NONE', #6463, #4312, #9212, .T. ) ;
#6311 = CARTESIAN_POINT ( 'NONE',  ( 1.224999999999999201, -0.1249999999999996808, 0.1829999999927167664 ) ) ;
#6312 = FACE_OUTER_BOUND ( 'NONE', #2171, .T. ) ;
#6313 = VERTEX_POINT ( 'NONE', #5167 ) ;
#6314 =( NAMED_UNIT ( * ) PLANE_ANGLE_UNIT ( ) SI_UNIT ( $, .RADIAN. ) );
#6315 = CARTESIAN_POINT ( 'NONE',  ( 3.615269775671568375, 16.86638503838770120, 0.001000000000000000021 ) ) ;
#6316 = VECTOR ( 'NONE', #9842, 1000.000000000000114 ) ;
#6317 = CARTESIAN_POINT ( 'NONE',  ( 0.000000000000000000, 0.000000000000000000, 0.001000000000000000021 ) ) ;
#6318 = AXIS2_PLACEMENT_3D ( 'NONE', #7872, #6961, #7718 ) ;
#6319 = ORIENTED_EDGE ( 'NONE', *, *, #8185, .T. ) ;
#6320 = EDGE_CURVE ( 'NONE', #3471, #5267, #1344, .T. ) ;
#6321 = VERTEX_POINT ( 'NONE', #8442 ) ;
#6322 = DIRECTION ( 'NONE',  ( 0.000000000000000000, 1.000000000000000000, 0.000000000000000000 ) ) ;
#6323 = UNCERTAINTY_MEASURE_WITH_UNIT (LENGTH_MEASURE( 1.000000000000000082E-05 ), #7454, 'distance_accuracy_value', 'NONE');
#6324 = PLANE ( 'NONE',  #1063 ) ;
#6325 = EDGE_CURVE ( 'NONE', #4259, #808, #6755, .T. ) ;
#6326 = ADVANCED_FACE ( 'NONE', ( #936 ), #5371, .F. ) ;
#6327 = CARTESIAN_POINT ( 'NONE',  ( 1.224999999999999423, -0.6250000000000003331, 0.000000000000000000 ) ) ;
#6328 = AXIS2_PLACEMENT_3D ( 'NONE', #1937, #7924, #4996 ) ;
#6329 = LINE ( 'NONE', #3923, #10006 ) ;
#6330 = CLOSED_SHELL ( 'NONE', ( #1290, #6003, #2952, #9489, #2858, #1760 ) ) ;
#6331 = CARTESIAN_POINT ( 'NONE',  ( 3.812799428643566468, 16.76329538929418916, 0.001000000000000000021 ) ) ;
#6332 = VERTEX_POINT ( 'NONE', #8636 ) ;
#6333 = ORIENTED_EDGE ( 'NONE', *, *, #5222, .F. ) ;
#6334 = FACE_OUTER_BOUND ( 'NONE', #1112, .T. ) ;
#6335 = DIRECTION ( 'NONE',  ( -0.000000000000000000, 0.000000000000000000, 1.000000000000000000 ) ) ;
#6336 =( GEOMETRIC_REPRESENTATION_CONTEXT ( 3 ) GLOBAL_UNCERTAINTY_ASSIGNED_CONTEXT ( ( #4543 ) ) GLOBAL_UNIT_ASSIGNED_CONTEXT ( ( #7066, #6403, #6307 ) ) REPRESENTATION_CONTEXT ( 'NONE', 'WORKASPACE' ) );
#6337 = FACE_OUTER_BOUND ( 'NONE', #2926, .T. ) ;
#6338 = CARTESIAN_POINT ( 'NONE',  ( 3.336892418444728836, 16.48721283589987152, 0.001000000000000001756 ) ) ;
#6339 = CARTESIAN_POINT ( 'NONE',  ( 3.822155167345547166, 16.76329538929418916, 0.001000000000000000021 ) ) ;
#6340 = CYLINDRICAL_SURFACE ( 'NONE', #8028, 0.1250000000000001110 ) ;
#6341 = CIRCLE ( 'NONE', #7305, 0.05000000000000002359 ) ;
#6342 = EDGE_CURVE ( 'NONE', #1921, #7448, #1515, .T. ) ;
#6343 = CARTESIAN_POINT ( 'NONE',  ( 3.789498343574488892, 16.70363048964761177, 0.000000000000000000 ) ) ;
#6344 = ORIENTED_EDGE ( 'NONE', *, *, #6892, .F. ) ;
#6345 = APPLICATION_CONTEXT ( 'automotive_design' ) ;
#6346 = DIRECTION ( 'NONE',  ( 0.000000000000000000, 0.000000000000000000, 1.000000000000000000 ) ) ;
#6347 = VECTOR ( 'NONE', #877, 1000.000000000000000 ) ;
#6348 = DIRECTION ( 'NONE',  ( -0.9999999351169827078, 0.0003602305242138014482, 0.000000000000000000 ) ) ;
#6349 = CARTESIAN_POINT ( 'NONE',  ( 2.175015585681802310, 16.75376312722047345, 0.001000000000000000021 ) ) ;
#6350 = CARTESIAN_POINT ( 'NONE',  ( 3.266812639865734003, 16.63054981374909858, 0.000000000000000000 ) ) ;
#6351 = VERTEX_POINT ( 'NONE', #794 ) ;
#6352 = EDGE_CURVE ( 'NONE', #2971, #6179, #5514, .T. ) ;
#6353 = FACE_OUTER_BOUND ( 'NONE', #5879, .T. ) ;
#6354 = LINE ( 'NONE', #5430, #1976 ) ;
#6355 = ORIENTED_EDGE ( 'NONE', *, *, #6685, .F. ) ;
#6356 = DIRECTION ( 'NONE',  ( -1.000000000000000000, 0.000000000000000000, 0.000000000000000000 ) ) ;
#6357 = CARTESIAN_POINT ( 'NONE',  ( 3.043863621363823935, 0.000000000000000000, 0.001000000000000000021 ) ) ;
#6358 = VERTEX_POINT ( 'NONE', #9402 ) ;
#6359 = CARTESIAN_POINT ( 'NONE',  ( -0.7249999999999997558, 0.8199999999999995071, -0.02000000000000000042 ) ) ;
#6360 = DIRECTION ( 'NONE',  ( 1.000000000000000000, 0.000000000000000000, 0.000000000000000000 ) ) ;
#6361 = SURFACE_SIDE_STYLE ('',( #4057 ) ) ;
#6362 = ORIENTED_EDGE ( 'NONE', *, *, #1171, .F. ) ;
#6363 = EDGE_CURVE ( 'NONE', #1240, #8669, #3854, .T. ) ;
#6364 = VERTEX_POINT ( 'NONE', #9447 ) ;
#6365 = EDGE_LOOP ( 'NONE', ( #4268, #8967, #403, #1231 ) ) ;
#6366 = FACE_OUTER_BOUND ( 'NONE', #1000, .T. ) ;
#6367 = B_SPLINE_CURVE_WITH_KNOTS ( 'NONE', 3,
 ( #1035, #7156, #3199, #1791 ),
 .UNSPECIFIED., .F., .F.,
 ( 4, 4 ),
 ( 0.7333333333333332815, 0.8000000000000000444 ),
 .UNSPECIFIED. ) ;
#6368 = PRESENTATION_STYLE_ASSIGNMENT (( #4974 ) ) ;
#6369 = CARTESIAN_POINT ( 'NONE',  ( 0.000000000000000000, 16.45508558224401696, 0.000000000000000000 ) ) ;
#6370 = DIRECTION ( 'NONE',  ( -1.000000000000000000, 0.000000000000000000, 0.000000000000000000 ) ) ;
#6371 = ORIENTED_EDGE ( 'NONE', *, *, #8684, .F. ) ;
#6372 = EDGE_CURVE ( 'NONE', #5462, #3822, #6243, .T. ) ;
#6373 = EDGE_CURVE ( 'NONE', #5216, #2421, #41, .T. ) ;
#6374 = ORIENTED_EDGE ( 'NONE', *, *, #5437, .F. ) ;
#6375 = VERTEX_POINT ( 'NONE', #8682 ) ;
#6376 = CARTESIAN_POINT ( 'NONE',  ( 3.422682777108163155, 16.42066352475564273, 0.000000000000000000 ) ) ;
#6377 = CARTESIAN_POINT ( 'NONE',  ( 0.1116976285321055889, 16.53124902287799713, 0.001000000000000000021 ) ) ;
#6378 = CARTESIAN_POINT ( 'NONE',  ( 3.053042836694066064, 16.50751302364947293, 0.000000000000000000 ) ) ;
#6379 = CARTESIAN_POINT ( 'NONE',  ( 2.747127833476488590, 16.78183034332643331, 0.001000000000000000021 ) ) ;
#6380 = CARTESIAN_POINT ( 'NONE',  ( 3.495763453006649257, 16.79171565214358708, 0.001000000000000000021 ) ) ;
#6381 = AXIS2_PLACEMENT_3D ( 'NONE', #2063, #2008, #1352 ) ;
#6382 = VECTOR ( 'NONE', #8525, 1000.000000000000000 ) ;
#6383 = CYLINDRICAL_SURFACE ( 'NONE', #4458, 0.1250000000000001110 ) ;
#6384 = EDGE_CURVE ( 'NONE', #7636, #9261, #1689, .T. ) ;
#6385 = ORIENTED_EDGE ( 'NONE', *, *, #5422, .T. ) ;
#6386 = CARTESIAN_POINT ( 'NONE',  ( 3.336892418444728836, 16.48721283589987152, -1.694065894508600678E-18 ) ) ;
#6387 = VECTOR ( 'NONE', #5188, 1000.000000000000000 ) ;
#6388 = AXIS2_PLACEMENT_3D ( 'NONE', #5237, #3664, #1472 ) ;
#6389 = ORIENTED_EDGE ( 'NONE', *, *, #4338, .T. ) ;
#6390 = EDGE_CURVE ( 'NONE', #4895, #9026, #172, .T. ) ;
#6391 = CARTESIAN_POINT ( 'NONE',  ( 3.610856691378189876, 16.69833478849553643, 0.001000000000000000021 ) ) ;
#6392 = LINE ( 'NONE', #5623, #7532 ) ;
#6393 = DIRECTION ( 'NONE',  ( 0.9995457756906724889, -0.03013705856469448344, 0.000000000000000000 ) ) ;
#6394 = VECTOR ( 'NONE', #3235, 1000.000000000000000 ) ;
#6395 = CARTESIAN_POINT ( 'NONE',  ( 8.476969323671932344, 3.364570298569097950, 0.001000000000000000021 ) ) ;
#6396 = ORIENTED_EDGE ( 'NONE', *, *, #532, .F. ) ;
#6397 = ADVANCED_FACE ( 'NONE', ( #3896 ), #705, .F. ) ;
#6398 = AXIS2_PLACEMENT_3D ( 'NONE', #8357, #5957, #7586 ) ;
#6399 = LINE ( 'NONE', #7058, #3336 ) ;
#6400 = ORIENTED_EDGE ( 'NONE', *, *, #4876, .F. ) ;
#6401 = COLOUR_RGB ( '',0.9607843137254902244, 0.9607843137254902244, 0.9607843137254902244 ) ;
#6402 = DIRECTION ( 'NONE',  ( 0.000000000000000000, 0.000000000000000000, -1.000000000000000000 ) ) ;
#6403 =( NAMED_UNIT ( * ) PLANE_ANGLE_UNIT ( ) SI_UNIT ( $, .RADIAN. ) );
#6404 = FACE_OUTER_BOUND ( 'NONE', #8804, .T. ) ;
#6405 = VECTOR ( 'NONE', #1816, 1000.000000000000000 ) ;
#6406 = EDGE_LOOP ( 'NONE', ( #9456, #484, #566, #2646 ) ) ;
#6407 = DIRECTION ( 'NONE',  ( -1.000000000000000000, 3.942553354492742545E-16, -0.000000000000000000 ) ) ;
#6408 = DIRECTION ( 'NONE',  ( 1.000000000000000000, -2.365532012695645428E-15, 0.000000000000000000 ) ) ;
#6409 = VERTEX_POINT ( 'NONE', #738 ) ;
#6410 = CARTESIAN_POINT ( 'NONE',  ( -1.369999999999999662, 1.269999999999999796, 0.7699999999999999067 ) ) ;
#6411 = LINE ( 'NONE', #230, #6430 ) ;
#6412 = CARTESIAN_POINT ( 'NONE',  ( 3.406266103536768508, 16.72957942529269815, 0.000000000000000000 ) ) ;
#6413 = ADVANCED_FACE ( 'NONE', ( #4741 ), #2492, .F. ) ;
#6414 = PRESENTATION_LAYER_ASSIGNMENT (  '', '', ( #4775 ) ) ;
#6415 = FACE_OUTER_BOUND ( 'NONE', #2298, .T. ) ;
#6416 = ORIENTED_EDGE ( 'NONE', *, *, #7091, .F. ) ;
#6417 = AXIS2_PLACEMENT_3D ( 'NONE', #2272, #9367, #7781 ) ;
#6418 = ORIENTED_EDGE ( 'NONE', *, *, #1683, .T. ) ;
#6419 = CARTESIAN_POINT ( 'NONE',  ( 3.653222300594695771, 16.58518330721311784, 0.000000000000000000 ) ) ;
#6420 = AXIS2_PLACEMENT_3D ( 'NONE', #2330, #1536, #2939 ) ;
#6421 = ORIENTED_EDGE ( 'NONE', *, *, #2052, .F. ) ;
#6422 = PRESENTATION_STYLE_ASSIGNMENT (( #9474 ) ) ;
#6423 = PLANE ( 'NONE',  #1238 ) ;
#6424 = VECTOR ( 'NONE', #1293, 1000.000000000000000 ) ;
#6425 = DIRECTION ( 'NONE',  ( -1.000000000000000000, 0.000000000000000000, -0.000000000000000000 ) ) ;
#6426 = CYLINDRICAL_SURFACE ( 'NONE', #4512, 0.1250000000000001110 ) ;
#6427 = FACE_OUTER_BOUND ( 'NONE', #5832, .T. ) ;
#6428 = DIRECTION ( 'NONE',  ( -0.000000000000000000, -0.000000000000000000, 1.000000000000000000 ) ) ;
#6429 = ORIENTED_EDGE ( 'NONE', *, *, #6057, .T. ) ;
#6430 = VECTOR ( 'NONE', #338, 1000.000000000000000 ) ;
#6431 = ORIENTED_EDGE ( 'NONE', *, *, #9003, .T. ) ;
#6432 = VERTEX_POINT ( 'NONE', #1733 ) ;
#6433 = CARTESIAN_POINT ( 'NONE',  ( 3.422682777108163155, 16.42066352475564273, 0.0009999999999999982861 ) ) ;
#6434 = VECTOR ( 'NONE', #44, 1000.000000000000114 ) ;
#6435 = EDGE_CURVE ( 'NONE', #7059, #5024, #9742, .T. ) ;
#6436 = CARTESIAN_POINT ( 'NONE',  ( 2.910058905588334355, 16.75676402453996872, 0.000000000000000000 ) ) ;
#6437 = CARTESIAN_POINT ( 'NONE',  ( 3.026740854305484785, 16.56594225969389100, 0.0009999999999999982861 ) ) ;
#6438 = LINE ( 'NONE', #4984, #2901 ) ;
#6439 = CARTESIAN_POINT ( 'NONE',  ( 2.847569631993972283, 16.54211160450963547, 0.001000000000000000021 ) ) ;
#6440 = VECTOR ( 'NONE', #4088, 1000.000000000000000 ) ;
#6441 = CARTESIAN_POINT ( 'NONE',  ( 3.423082598700431411, 0.08868089633936865335, 0.000000000000000000 ) ) ;
#6442 = PRESENTATION_LAYER_ASSIGNMENT (  '', '', ( #5129 ) ) ;
#6443 = CARTESIAN_POINT ( 'NONE',  ( 3.273697051363418709, 16.58588940070004369, 0.000000000000000000 ) ) ;
#6444 = ORIENTED_EDGE ( 'NONE', *, *, #6966, .T. ) ;
#6445 = EDGE_CURVE ( 'NONE', #6351, #7654, #3797, .T. ) ;
#6446 = CARTESIAN_POINT ( 'NONE',  ( 1.224999999999999201, -0.3750000000000014433, 0.1830000002200904419 ) ) ;
#6447 = VECTOR ( 'NONE', #4431, 1000.000000000000000 ) ;
#6448 = CARTESIAN_POINT ( 'NONE',  ( -1.499999999999999778, -0.1250000000000000000, -0.02000000000000000042 ) ) ;
#6449 = DIRECTION ( 'NONE',  ( 1.000000000000000000, 0.000000000000000000, 0.000000000000000000 ) ) ;
#6450 = EDGE_CURVE ( 'NONE', #1398, #1129, #8068, .T. ) ;
#6451 = FILL_AREA_STYLE_COLOUR ( '', #5436 ) ;
#6452 = VERTEX_POINT ( 'NONE', #7251 ) ;
#6453 = CARTESIAN_POINT ( 'NONE',  ( 3.701942751193689318, 16.45014292783547560, 1.694065894508600678E-18 ) ) ;
#6454 = EDGE_CURVE ( 'NONE', #9482, #2837, #2351, .T. ) ;
#6455 = ORIENTED_EDGE ( 'NONE', *, *, #4861, .F. ) ;
#6456 = DIRECTION ( 'NONE',  ( -1.000000000000000000, 0.000000000000000000, 0.000000000000000000 ) ) ;
#6457 = STYLED_ITEM ( 'NONE', ( #6172 ), #1817 ) ;
#6458 = DIRECTION ( 'NONE',  ( -0.000000000000000000, 0.000000000000000000, -1.000000000000000000 ) ) ;
#6459 = CARTESIAN_POINT ( 'NONE',  ( 3.352426475157440855, 16.42931316997066915, 1.694065894508600678E-18 ) ) ;
#6460 = ORIENTED_EDGE ( 'NONE', *, *, #9342, .T. ) ;
#6461 = DIRECTION ( 'NONE',  ( -0.000000000000000000, -0.000000000000000000, -1.000000000000000000 ) ) ;
#6462 = DIRECTION ( 'NONE',  ( -0.000000000000000000, -0.000000000000000000, 1.000000000000000000 ) ) ;
#6463 = VERTEX_POINT ( 'NONE', #7347 ) ;
#6464 = CARTESIAN_POINT ( 'NONE',  ( 3.562980195541907147, -0.01936402280150656408, 0.001000000000000000021 ) ) ;
#6465 = CYLINDRICAL_SURFACE ( 'NONE', #2396, 0.05000000000000002359 ) ;
#6466 = CARTESIAN_POINT ( 'NONE',  ( 1.099999999999998979, -0.2500000000000004441, 0.1830000000000000238 ) ) ;
#6467 = EDGE_LOOP ( 'NONE', ( #2007, #5938, #646, #9625 ) ) ;
#6468 = ORIENTED_EDGE ( 'NONE', *, *, #4166, .F. ) ;
#6469 = LINE ( 'NONE', #6618, #5289 ) ;
#6470 = ORIENTED_EDGE ( 'NONE', *, *, #2796, .F. ) ;
#6471 = PLANE ( 'NONE',  #2995 ) ;
#6472 = VECTOR ( 'NONE', #4605, 1000.000000000000000 ) ;
#6473 = EDGE_CURVE ( 'NONE', #1819, #8029, #5667, .T. ) ;
#6474 = ORIENTED_EDGE ( 'NONE', *, *, #2385, .T. ) ;
#6475 = VECTOR ( 'NONE', #7841, 1000.000000000000000 ) ;
#6476 = PRESENTATION_STYLE_ASSIGNMENT (( #7233 ) ) ;
#6477 = PLANE ( 'NONE',  #4654 ) ;
#6478 = ORIENTED_EDGE ( 'NONE', *, *, #2051, .F. ) ;
#6479 = B_SPLINE_CURVE_WITH_KNOTS ( 'NONE', 3,
 ( #4228, #1722, #7334, #9585 ),
 .UNSPECIFIED., .F., .F.,
 ( 4, 4 ),
 ( 0.000000000000000000, 0.1111111111111111049 ),
 .UNSPECIFIED. ) ;
#6480 = AXIS2_PLACEMENT_3D ( 'NONE', #3218, #5701, #9476 ) ;
#6481 = ORIENTED_EDGE ( 'NONE', *, *, #8741, .F. ) ;
#6482 = CARTESIAN_POINT ( 'NONE',  ( 2.893112661901726668, 16.55252648344201205, 0.001000000000000000021 ) ) ;
#6483 = CARTESIAN_POINT ( 'NONE',  ( 0.6749999999999998224, -0.8700000000000001066, 0.01000000000000000021 ) ) ;
#6484 = CARTESIAN_POINT ( 'NONE',  ( 3.822155167345547166, 16.76329538929418916, 0.000000000000000000 ) ) ;
#6485 =( NAMED_UNIT ( * ) SI_UNIT ( $, .STERADIAN. ) SOLID_ANGLE_UNIT ( ) );
#6486 = DIRECTION ( 'NONE',  ( -0.000000000000000000, -0.000000000000000000, 1.000000000000000000 ) ) ;
#6487 = VERTEX_POINT ( 'NONE', #3486 ) ;
#6488 = EDGE_CURVE ( 'NONE', #7073, #5787, #8780, .T. ) ;
#6489 = VECTOR ( 'NONE', #4673, 1000.000000000000000 ) ;
#6490 = LINE ( 'NONE', #2628, #2785 ) ;
#6491 = ORIENTED_EDGE ( 'NONE', *, *, #6944, .F. ) ;
#6492 = FACE_OUTER_BOUND ( 'NONE', #10, .T. ) ;
#6493 = CARTESIAN_POINT ( 'NONE',  ( 3.701942751193689318, 16.45014292783547205, 0.000000000000000000 ) ) ;
#6494 = DIRECTION ( 'NONE',  ( -0.000000000000000000, 0.000000000000000000, 1.000000000000000000 ) ) ;
#6495 = PLANE ( 'NONE',  #5085 ) ;
#6496 = AXIS2_PLACEMENT_3D ( 'NONE', #7885, #9369, #6971 ) ;
#6497 = ORIENTED_EDGE ( 'NONE', *, *, #4843, .T. ) ;
#6498 = LINE ( 'NONE', #8645, #9375 ) ;
#6499 = ORIENTED_EDGE ( 'NONE', *, *, #8947, .T. ) ;
#6500 = ADVANCED_FACE ( 'NONE', ( #8938 ), #2738, .F. ) ;
#6501 = EDGE_CURVE ( 'NONE', #3718, #192, #1831, .T. ) ;
#6502 = CARTESIAN_POINT ( 'NONE',  ( 2.724179795150874828, 16.82490204602989081, 0.000000000000000000 ) ) ;
#6503 = AXIS2_PLACEMENT_3D ( 'NONE', #9195, #6795, #1329 ) ;
#6504 = EDGE_CURVE ( 'NONE', #336, #388, #6490, .T. ) ;
#6505 = ORIENTED_EDGE ( 'NONE', *, *, #3211, .F. ) ;
#6506 = PLANE ( 'NONE',  #99 ) ;
#6507 = PLANE ( 'NONE',  #1909 ) ;
#6508 = ORIENTED_EDGE ( 'NONE', *, *, #7779, .T. ) ;
#6509 = LINE ( 'NONE', #6464, #5892 ) ;
#6510 = CARTESIAN_POINT ( 'NONE',  ( 1.499999999999999334, -0.1250000000000003331, -0.02000000000000000042 ) ) ;
#6511 = AXIS2_PLACEMENT_3D ( 'NONE', #1553, #8297, #6098 ) ;
#6512 = LINE ( 'NONE', #231, #157 ) ;
#6513 = ORIENTED_EDGE ( 'NONE', *, *, #8440, .T. ) ;
#6514 = VERTEX_POINT ( 'NONE', #8830 ) ;
#6515 = ORIENTED_EDGE ( 'NONE', *, *, #8859, .T. ) ;
#6516 = DIRECTION ( 'NONE',  ( 0.9999274284261912005, -0.01204731841465963259, 0.000000000000000000 ) ) ;
#6517 = EDGE_LOOP ( 'NONE', ( #103, #6431, #2704, #3254 ) ) ;
#6518 = FILL_AREA_STYLE ('',( #4418 ) ) ;
#6519 = ORIENTED_EDGE ( 'NONE', *, *, #5381, .T. ) ;
#6520 = CARTESIAN_POINT ( 'NONE',  ( 2.212791587233198243, 16.73540469655996432, 0.001000000000000000021 ) ) ;
#6521 = VERTEX_POINT ( 'NONE', #3430 ) ;
#6522 = ADVANCED_FACE ( 'NONE', ( #9649 ), #5440, .F. ) ;
#6523 = ORIENTED_EDGE ( 'NONE', *, *, #9538, .T. ) ;
#6524 = ORIENTED_EDGE ( 'NONE', *, *, #8447, .T. ) ;
#6525 = CARTESIAN_POINT ( 'NONE',  ( 1.499999999999999556, 0.3749999999999996669, 0.1830000000000000238 ) ) ;
#6526 = LINE ( 'NONE', #4879, #5136 ) ;
#6527 = DIRECTION ( 'NONE',  ( 0.9999995814672878458, 0.0009149127003156816776, -0.000000000000000000 ) ) ;
#6528 = LINE ( 'NONE', #2623, #4735 ) ;
#6529 = DIRECTION ( 'NONE',  ( -0.000000000000000000, -0.000000000000000000, -1.000000000000000000 ) ) ;
#6530 = SURFACE_STYLE_FILL_AREA ( #5766 ) ;
#6531 = EDGE_CURVE ( 'NONE', #9422, #8549, #9493, .T. ) ;
#6532 = ORIENTED_EDGE ( 'NONE', *, *, #58, .T. ) ;
#6533 = ORIENTED_EDGE ( 'NONE', *, *, #529, .T. ) ;
#6534 = SHAPE_DEFINITION_REPRESENTATION ( #8307, #4111 ) ;
#6535 = STYLED_ITEM ( 'NONE', ( #5094 ), #1755 ) ;
#6536 = CARTESIAN_POINT ( 'NONE',  ( 1.499999999999999556, -0.3750000000000014988, 0.1830000000000000238 ) ) ;
#6537 = ORIENTED_EDGE ( 'NONE', *, *, #1369, .F. ) ;
#6538 = CARTESIAN_POINT ( 'NONE',  ( 0.6749999999999998224, -0.8700000000000001066, -0.02000000000000000042 ) ) ;
#6539 =( LENGTH_UNIT ( ) NAMED_UNIT ( * ) SI_UNIT ( .MILLI., .METRE. ) );
#6540 = LINE ( 'NONE', #8075, #1430 ) ;
#6541 = ORIENTED_EDGE ( 'NONE', *, *, #4652, .T. ) ;
#6542 = LINE ( 'NONE', #2797, #9696 ) ;
#6543 = ORIENTED_EDGE ( 'NONE', *, *, #1322, .F. ) ;
#6544 = B_SPLINE_CURVE_WITH_KNOTS ( 'NONE', 3,
 ( #3653, #2208, #5839, #1239 ),
 .UNSPECIFIED., .F., .F.,
 ( 4, 4 ),
 ( 0.3333333333333333148, 1.000000000000000000 ),
 .UNSPECIFIED. ) ;
#6545 = ORIENTED_EDGE ( 'NONE', *, *, #7569, .T. ) ;
#6546 = CARTESIAN_POINT ( 'NONE',  ( 3.660283235464118157, 16.45031945120717864, 0.001000000000000000021 ) ) ;
#6547 = VECTOR ( 'NONE', #7876, 1000.000000000000000 ) ;
#6548 = PRESENTATION_LAYER_ASSIGNMENT (  '', '', ( #909 ) ) ;
#6549 = CARTESIAN_POINT ( 'NONE',  ( 2.783315124682264941, 16.40089290712125347, 0.001000000000000000021 ) ) ;
#6550 = FILL_AREA_STYLE_COLOUR ( '', #4698 ) ;
#6551 = ORIENTED_EDGE ( 'NONE', *, *, #5983, .T. ) ;
#6552 = LINE ( 'NONE', #1951, #2359 ) ;
#6553 = CARTESIAN_POINT ( 'NONE',  ( -1.499999999999999778, -1.500000000000000000, 0.7800000000000000266 ) ) ;
#6554 = ORIENTED_EDGE ( 'NONE', *, *, #4607, .F. ) ;
#6555 = EDGE_CURVE ( 'NONE', #4312, #8769, #4079, .T. ) ;
#6556 = CARTESIAN_POINT ( 'NONE',  ( 2.756483572178468400, 16.38888931784326886, 0.000000000000000000 ) ) ;
#6557 = CARTESIAN_POINT ( 'NONE',  ( 3.308472155595314490, 16.82472552265812382, 0.001000000000000000021 ) ) ;
#6558 = PRESENTATION_LAYER_ASSIGNMENT (  '', '', ( #580 ) ) ;
#6559 = CARTESIAN_POINT ( 'NONE',  ( 3.275462285080775526, 16.40089290712125347, 1.694065894508600678E-18 ) ) ;
#6560 = CARTESIAN_POINT ( 'NONE',  ( -1.224999999999999645, -0.2500000000000001110, -0.02000000000000000042 ) ) ;
#6561 = ORIENTED_EDGE ( 'NONE', *, *, #2114, .F. ) ;
#6562 = PRESENTATION_LAYER_ASSIGNMENT (  '', '', ( #8198 ) ) ;
#6563 = EDGE_LOOP ( 'NONE', ( #8917, #2656, #1571, #7021 ) ) ;
#6564 = LINE ( 'NONE', #2073, #4546 ) ;
#6565 = DIRECTION ( 'NONE',  ( 0.000000000000000000, 0.000000000000000000, -1.000000000000000000 ) ) ;
#6566 = AXIS2_PLACEMENT_3D ( 'NONE', #240, #7230, #8810 ) ;
#6567 = ORIENTED_EDGE ( 'NONE', *, *, #7635, .T. ) ;
#6568 = CARTESIAN_POINT ( 'NONE',  ( 1.499999999999999334, -0.1250000000000003331, -0.02000000000000000042 ) ) ;
#6569 = LINE ( 'NONE', #3519, #508 ) ;
#6570 = VERTEX_POINT ( 'NONE', #8886 ) ;
#6571 = EDGE_CURVE ( 'NONE', #7644, #1480, #2539, .T. ) ;
#6572 = DIRECTION ( 'NONE',  ( -0.000000000000000000, -0.000000000000000000, -1.000000000000000000 ) ) ;
#6573 = PLANE ( 'NONE',  #3546 ) ;
#6574 = EDGE_CURVE ( 'NONE', #4365, #5020, #1785, .T. ) ;
#6575 = EDGE_CURVE ( 'NONE', #4218, #9464, #4838, .T. ) ;
#6576 = DIRECTION ( 'NONE',  ( 0.000000000000000000, 1.000000000000000000, -0.000000000000000000 ) ) ;
#6577 = ORIENTED_EDGE ( 'NONE', *, *, #9836, .F. ) ;
#6578 = ORIENTED_EDGE ( 'NONE', *, *, #8576, .F. ) ;
#6579 = AXIS2_PLACEMENT_3D ( 'NONE', #5150, #2680, #4987 ) ;
#6580 = DIRECTION ( 'NONE',  ( 1.000000000000000000, 0.000000000000000000, 0.000000000000000000 ) ) ;
#6581 = AXIS2_PLACEMENT_3D ( 'NONE', #7776, #5425, #6913 ) ;
#6582 = CARTESIAN_POINT ( 'NONE',  ( -1.224999999999999423, -0.7500000000000001110, 0.1830000000000000238 ) ) ;
#6583 = CARTESIAN_POINT ( 'NONE',  ( 2.905822344666683765, 16.75976492185944622, 0.000000000000000000 ) ) ;
#6584 = CARTESIAN_POINT ( 'NONE',  ( 3.435039413129651997, 16.43778629181395701, 0.001000000000000000021 ) ) ;
#6585 = AXIS2_PLACEMENT_3D ( 'NONE', #7678, #3158, #7883 ) ;
#6586 = DIRECTION ( 'NONE',  ( -0.000000000000000000, 0.000000000000000000, -1.000000000000000000 ) ) ;
#6587 = DIRECTION ( 'NONE',  ( 1.000000000000000000, 0.000000000000000000, 0.000000000000000000 ) ) ;
#6588 = VECTOR ( 'NONE', #2947, 1000.000000000000000 ) ;
#6589 = VERTEX_POINT ( 'NONE', #6443 ) ;
#6590 = AXIS2_PLACEMENT_3D ( 'NONE', #3057, #9105, #3010 ) ;
#6591 = CARTESIAN_POINT ( 'NONE',  ( 1.500000000000000222, -1.500000000000000000, 0.000000000000000000 ) ) ;
#6592 = EDGE_LOOP ( 'NONE', ( #7468, #8871, #5795, #3883 ) ) ;
#6593 = DIRECTION ( 'NONE',  ( -1.000000000000000000, -0.000000000000000000, 0.000000000000000000 ) ) ;
#6594 = ADVANCED_FACE ( 'NONE', ( #2586 ), #4886, .F. ) ;
#6595 = DIRECTION ( 'NONE',  ( 0.000000000000000000, 0.000000000000000000, 1.000000000000000000 ) ) ;
#6596 = EDGE_CURVE ( 'NONE', #3963, #2755, #6689, .T. ) ;
#6597 = CARTESIAN_POINT ( 'NONE',  ( 3.012972031310122034, 16.55270300681376838, 0.001000000000000000021 ) ) ;
#6598 = CARTESIAN_POINT ( 'NONE',  ( 2.930182569966179429, 16.79206869888706066, 0.000000000000000000 ) ) ;
#6599 = VECTOR ( 'NONE', #6576, 1000.000000000000000 ) ;
#6600 = CARTESIAN_POINT ( 'NONE',  ( 3.831157859304063606, 16.53046106197511733, 0.001000000000000000021 ) ) ;
#6601 = ORIENTED_EDGE ( 'NONE', *, *, #6627, .T. ) ;
#6602 = CARTESIAN_POINT ( 'NONE',  ( 3.730716060786571475, 16.62754891642958910, 0.000000000000000000 ) ) ;
#6603 = ORIENTED_EDGE ( 'NONE', *, *, #1538, .F. ) ;
#6604 = VECTOR ( 'NONE', #7047, 1000.000000000000000 ) ;
#6605 = ORIENTED_EDGE ( 'NONE', *, *, #6325, .T. ) ;
#6606 = DIRECTION ( 'NONE',  ( -0.002724785525229372115, 0.9999962877650303561, 0.000000000000000000 ) ) ;
#6607 = ORIENTED_EDGE ( 'NONE', *, *, #8947, .F. ) ;
#6608 = DIRECTION ( 'NONE',  ( -0.000000000000000000, 0.000000000000000000, 1.000000000000000000 ) ) ;
#6609 = LINE ( 'NONE', #9718, #143 ) ;
#6610 = VERTEX_POINT ( 'NONE', #3635 ) ;
#6611 = CARTESIAN_POINT ( 'NONE',  ( 3.098585866601821781, 16.39153716841929764, -1.694065894508600678E-18 ) ) ;
#6612 = PLANE ( 'NONE',  #9854 ) ;
#6613 = ORIENTED_EDGE ( 'NONE', *, *, #5940, .F. ) ;
#6614 = AXIS2_PLACEMENT_3D ( 'NONE', #7396, #3675, #513 ) ;
#6615 = ORIENTED_EDGE ( 'NONE', *, *, #5903, .T. ) ;
#6616 = EDGE_CURVE ( 'NONE', #6589, #530, #4441, .T. ) ;
#6617 = ORIENTED_EDGE ( 'NONE', *, *, #1637, .T. ) ;
#6618 = CARTESIAN_POINT ( 'NONE',  ( 0.000000000000000000, 16.63054981374909858, 0.001000000000000000021 ) ) ;
#6619 = ORIENTED_EDGE ( 'NONE', *, *, #7531, .T. ) ;
#6620 = DIRECTION ( 'NONE',  ( -1.000000000000000000, 0.000000000000000000, -0.000000000000000000 ) ) ;
#6621 = ORIENTED_EDGE ( 'NONE', *, *, #4709, .F. ) ;
#6622 = ORIENTED_EDGE ( 'NONE', *, *, #9151, .T. ) ;
#6623 = PLANE ( 'NONE',  #5409 ) ;
#6624 = DIRECTION ( 'NONE',  ( -0.009933284738731439426, -0.9999506637101148732, 0.000000000000000000 ) ) ;
#6625 = LINE ( 'NONE', #2772, #4116 ) ;
#6626 = ORIENTED_EDGE ( 'NONE', *, *, #5319, .F. ) ;
#6627 = EDGE_CURVE ( 'NONE', #6375, #1480, #468, .T. ) ;
#6628 = CLOSED_SHELL ( 'NONE', ( #3762, #6265, #1596, #9531, #6594, #8899, #8676 ) ) ;
#6629 = EDGE_LOOP ( 'NONE', ( #3910, #22, #5643, #1913, #9813, #2464, #4938, #4910 ) ) ;
#6630 = CIRCLE ( 'NONE', #495, 0.1250000000000007494 ) ;
#6631 = CARTESIAN_POINT ( 'NONE',  ( 3.494527789404506812, 16.58465373709785950, 0.001000000000000000021 ) ) ;
#6632 = EDGE_CURVE ( 'NONE', #3411, #8581, #3764, .T. ) ;
#6633 = LINE ( 'NONE', #9851, #9536 ) ;
#6634 = ADVANCED_FACE ( 'NONE', ( #9860 ), #5868, .F. ) ;
#6635 = CARTESIAN_POINT ( 'NONE',  ( 3.151366354750738452, 16.78200686669816832, 0.001000000000000000021 ) ) ;
#6636 = FACE_OUTER_BOUND ( 'NONE', #585, .T. ) ;
#6637 = LINE ( 'NONE', #9746, #9390 ) ;
#6638 = CARTESIAN_POINT ( 'NONE',  ( 2.810499723929526628, 16.72887333180576874, 0.001000000000000000021 ) ) ;
#6639 = CARTESIAN_POINT ( 'NONE',  ( 2.462748681610632318, 16.59118510185208351, 0.000000000000000000 ) ) ;
#6640 = VERTEX_POINT ( 'NONE', #5152 ) ;
#6641 = CARTESIAN_POINT ( 'NONE',  ( -0.2370689009062744990, 16.53555583866170053, 0.000000000000000000 ) ) ;
#6642 = ORIENTED_EDGE ( 'NONE', *, *, #5808, .F. ) ;
#6643 = DIRECTION ( 'NONE',  ( -0.9999934363175143615, 0.003623164623563692333, 0.000000000000000000 ) ) ;
#6644 = EDGE_CURVE ( 'NONE', #3465, #9422, #2455, .T. ) ;
#6645 = ORIENTED_EDGE ( 'NONE', *, *, #3840, .F. ) ;
#6646 =( NAMED_UNIT ( * ) PLANE_ANGLE_UNIT ( ) SI_UNIT ( $, .RADIAN. ) );
#6647 = FACE_OUTER_BOUND ( 'NONE', #4700, .T. ) ;
#6648 = VECTOR ( 'NONE', #9756, 1000.000000000000114 ) ;
#6649 = CARTESIAN_POINT ( 'NONE',  ( 2.780843797477962731, 16.57529799839590368, 0.000000000000000000 ) ) ;
#6650 = ORIENTED_EDGE ( 'NONE', *, *, #5733, .T. ) ;
#6651 = DIRECTION ( 'NONE',  ( -0.000000000000000000, -0.000000000000000000, -1.000000000000000000 ) ) ;
#6652 = ORIENTED_EDGE ( 'NONE', *, *, #2304, .T. ) ;
#6653 = EDGE_CURVE ( 'NONE', #8541, #9524, #9797, .T. ) ;
#6654 = ORIENTED_EDGE ( 'NONE', *, *, #5059, .T. ) ;
#6655 = EDGE_CURVE ( 'NONE', #9261, #8700, #8983, .T. ) ;
#6656 = CARTESIAN_POINT ( 'NONE',  ( 2.780843797477962731, 16.57529799839590368, 0.001000000000000000021 ) ) ;
#6657 = DIRECTION ( 'NONE',  ( -3.942553354492743531E-16, -1.000000000000000000, 0.000000000000000000 ) ) ;
#6658 = ORIENTED_EDGE ( 'NONE', *, *, #6903, .F. ) ;
#6659 = DIRECTION ( 'NONE',  ( 1.000000000000000000, 0.000000000000000000, 0.000000000000000000 ) ) ;
#6660 = CARTESIAN_POINT ( 'NONE',  ( 1.499999999999999556, 0.3749999999999996669, 0.1830000000000000238 ) ) ;
#6661 = AXIS2_PLACEMENT_3D ( 'NONE', #9416, #1795, #2363 ) ;
#6662 = ORIENTED_EDGE ( 'NONE', *, *, #9837, .F. ) ;
#6663 = PLANE ( 'NONE',  #6878 ) ;
#6664 = LINE ( 'NONE', #7429, #451 ) ;
#6665 = CARTESIAN_POINT ( 'NONE',  ( 3.084640520234724903, 16.42101657149909499, -1.694065894508600678E-18 ) ) ;
#6666 = DIRECTION ( 'NONE',  ( 1.000000000000000000, 0.000000000000000000, 0.000000000000000000 ) ) ;
#6667 = ORIENTED_EDGE ( 'NONE', *, *, #8185, .F. ) ;
#6668 = EDGE_CURVE ( 'NONE', #6751, #6313, #5705, .T. ) ;
#6669 = AXIS2_PLACEMENT_3D ( 'NONE', #5478, #7935, #9417 ) ;
#6670 = CARTESIAN_POINT ( 'NONE',  ( 3.793558381124408019, 16.45155511480933441, 0.001000000000000001756 ) ) ;
#6671 = DIRECTION ( 'NONE',  ( -0.000000000000000000, -0.000000000000000000, -1.000000000000000000 ) ) ;
#6672 = ORIENTED_EDGE ( 'NONE', *, *, #245, .F. ) ;
#6673 = DIRECTION ( 'NONE',  ( -0.000000000000000000, 0.000000000000000000, 1.000000000000000000 ) ) ;
#6674 = EDGE_LOOP ( 'NONE', ( #9428, #9703, #8249, #9833 ) ) ;
#6675 = CARTESIAN_POINT ( 'NONE',  ( 3.537246445364493397, 0.000000000000000000, 0.001000000000000000021 ) ) ;
#6676 = PLANE ( 'NONE',  #7279 ) ;
#6677 = EDGE_CURVE ( 'NONE', #2413, #8905, #9961, .T. ) ;
#6678 = ORIENTED_EDGE ( 'NONE', *, *, #7068, .F. ) ;
#6679 = ORIENTED_EDGE ( 'NONE', *, *, #5641, .T. ) ;
#6680 = FACE_OUTER_BOUND ( 'NONE', #6214, .T. ) ;
#6681 = CARTESIAN_POINT ( 'NONE',  ( 2.767781067969536490, 16.82472552265812382, 0.001000000000000000021 ) ) ;
#6682 = DIRECTION ( 'NONE',  ( -0.000000000000000000, -0.000000000000000000, -1.000000000000000000 ) ) ;
#6683 = LINE ( 'NONE', #9792, #6305 ) ;
#6684 = EDGE_CURVE ( 'NONE', #7519, #5061, #26, .T. ) ;
#6685 = EDGE_CURVE ( 'NONE', #4550, #8301, #3135, .T. ) ;
#6686 = DIRECTION ( 'NONE',  ( -1.000000000000000000, 3.942553354492743531E-16, 0.000000000000000000 ) ) ;
#6687 = PLANE ( 'NONE',  #1420 ) ;
#6688 = ADVANCED_FACE ( 'NONE', ( #10015, #830 ), #6182, .T. ) ;
#6689 = B_SPLINE_CURVE_WITH_KNOTS ( 'NONE', 3,
 ( #9914, #3684, #4293, #5985 ),
 .UNSPECIFIED., .F., .F.,
 ( 4, 4 ),
 ( 0.000000000000000000, 0.2000000000000000389 ),
 .UNSPECIFIED. ) ;
#6690 = EDGE_CURVE ( 'NONE', #7827, #3705, #8158, .T. ) ;
#6691 = ORIENTED_EDGE ( 'NONE', *, *, #8013, .F. ) ;
#6692 = CARTESIAN_POINT ( 'NONE',  ( 3.043863621363823935, 16.63125590723604219, 0.001000000000000000021 ) ) ;
#6693 = ORIENTED_EDGE ( 'NONE', *, *, #3766, .T. ) ;
#6694 = CYLINDRICAL_SURFACE ( 'NONE', #9149, 0.1249999999999998890 ) ;
#6695 = EDGE_LOOP ( 'NONE', ( #2771, #6605, #5192, #4979 ) ) ;
#6696 = ADVANCED_FACE ( 'NONE', ( #2434 ), #3046, .F. ) ;
#6697 = DIRECTION ( 'NONE',  ( -1.000000000000000000, 3.942553354492742545E-16, 0.000000000000000000 ) ) ;
#6698 = CARTESIAN_POINT ( 'NONE',  ( 3.721183798712856650, 16.41501477686008315, 0.001000000000000001756 ) ) ;
#6699 = EDGE_CURVE ( 'NONE', #2126, #6302, #1738, .T. ) ;
#6700 = CARTESIAN_POINT ( 'NONE',  ( 2.933713037400890844, 16.72410720076891977, 0.001000000000000000021 ) ) ;
#6701 = ORIENTED_EDGE ( 'NONE', *, *, #1763, .F. ) ;
#6702 = VERTEX_POINT ( 'NONE', #8582 ) ;
#6703 = PRESENTATION_STYLE_ASSIGNMENT (( #1233 ) ) ;
#6704 = CARTESIAN_POINT ( 'NONE',  ( 3.173784822961141838, 16.82472552265812737, 0.001000000000000000021 ) ) ;
#6705 = SURFACE_SIDE_STYLE ('',( #3695 ) ) ;
#6706 = VECTOR ( 'NONE', #3746, 1000.000000000000000 ) ;
#6707 = ORIENTED_EDGE ( 'NONE', *, *, #6596, .F. ) ;
#6708 = FILL_AREA_STYLE ('',( #7474 ) ) ;
#6709 = CARTESIAN_POINT ( 'NONE',  ( -1.499999999999999556, -0.6250000000000000000, 0.1830000000000000238 ) ) ;
#6710 = ORIENTED_EDGE ( 'NONE', *, *, #3398, .F. ) ;
#6711 = PLANE ( 'NONE',  #622 ) ;
#6712 = EDGE_CURVE ( 'NONE', #8914, #4121, #9249, .T. ) ;
#6713 = CARTESIAN_POINT ( 'NONE',  ( 3.098585866601821781, 16.39153716841929764, 0.001000000000000000021 ) ) ;
#6714 = LINE ( 'NONE', #8204, #1256 ) ;
#6715 = ORIENTED_EDGE ( 'NONE', *, *, #7125, .T. ) ;
#6716 = CARTESIAN_POINT ( 'NONE',  ( 3.536893398621014928, 16.55005515623776091, 0.001000000000000001756 ) ) ;
#6717 = CARTESIAN_POINT ( 'NONE',  ( 3.110412932508104689, 16.66444230112228198, 0.001000000000000000021 ) ) ;
#6718 = LINE ( 'NONE', #2917, #1327 ) ;
#6719 = VERTEX_POINT ( 'NONE', #8482 ) ;
#6720 = CARTESIAN_POINT ( 'NONE',  ( -1.499999999999999778, -0.1250000000000000000, 0.1830000000000000238 ) ) ;
#6721 = VECTOR ( 'NONE', #2253, 1000.000000000000000 ) ;
#6722 = VERTEX_POINT ( 'NONE', #1540 ) ;
#6723 = COLOUR_RGB ( '',0.9607843137254902244, 0.9607843137254902244, 0.9607843137254902244 ) ;
#6724 = CARTESIAN_POINT ( 'NONE',  ( 0.000000000000000000, 0.000000000000000000, 0.000000000000000000 ) ) ;
#6725 = DIRECTION ( 'NONE',  ( 0.000000000000000000, -1.000000000000000000, 0.000000000000000000 ) ) ;
#6726 = DIRECTION ( 'NONE',  ( -1.000000000000000000, 2.365532012695645823E-15, 0.000000000000000000 ) ) ;
#6727 = CYLINDRICAL_SURFACE ( 'NONE', #3841, 0.05000000000000002359 ) ;
#6728 = ORIENTED_EDGE ( 'NONE', *, *, #5615, .T. ) ;
#6729 = VECTOR ( 'NONE', #653, 1000.000000000000000 ) ;
#6730 = ORIENTED_EDGE ( 'NONE', *, *, #6068, .T. ) ;
#6731 = APPLICATION_CONTEXT ( 'automotive_design' ) ;
#6732 = DIRECTION ( 'NONE',  ( 1.000000000000000000, -0.000000000000000000, 0.000000000000000000 ) ) ;
#6733 = CARTESIAN_POINT ( 'NONE',  ( 2.175015585681802310, 16.75376312722047345, 0.000000000000000000 ) ) ;
#6734 = VECTOR ( 'NONE', #1269, 1000.000000000000000 ) ;
#6735 = CARTESIAN_POINT ( 'NONE',  ( 1.470000000000000195, 1.500000000000000000, 0.000000000000000000 ) ) ;
#6736 = VECTOR ( 'NONE', #1877, 1000.000000000000000 ) ;
#6737 = ORIENTED_EDGE ( 'NONE', *, *, #4, .F. ) ;
#6738 = EDGE_CURVE ( 'NONE', #7049, #4806, #4601, .T. ) ;
#6739 = DIRECTION ( 'NONE',  ( -0.000000000000000000, -0.000000000000000000, -1.000000000000000000 ) ) ;
#6740 = CARTESIAN_POINT ( 'NONE',  ( 3.256927331048552698, 16.63072633712083004, 0.000000000000000000 ) ) ;
#6741 = VECTOR ( 'NONE', #3905, 1000.000000000000000 ) ;
#6742 = ORIENTED_EDGE ( 'NONE', *, *, #3608, .F. ) ;
#6743 = CARTESIAN_POINT ( 'NONE',  ( 2.786845592116968806, 16.52340012710568118, 0.000000000000000000 ) ) ;
#6744 = B_SPLINE_SURFACE_WITH_KNOTS ( 'NONE', 3, 1, ( 
 ( #7075, #5586 ),
 ( #6315, #8703 ),
 ( #3296, #1004 ),
 ( #5483, #6412 ) ),
 .UNSPECIFIED., .F., .F., .F.,
 ( 4, 4 ),
 ( 2, 2 ),
 ( 0.2500000000000000000, 0.5000000000000000000 ),
 ( 0.000000000000000000, 1.000000000000000000 ),
 .UNSPECIFIED. ) ;
#6745 = EDGE_LOOP ( 'NONE', ( #8104, #6710, #2609, #8434 ) ) ;
#6746 = LINE ( 'NONE', #8288, #4908 ) ;
#6747 = SPHERICAL_SURFACE ( 'NONE', #3634, 0.02999999999999999889 ) ;
#6748 = VECTOR ( 'NONE', #5046, 1000.000000000000000 ) ;
#6749 = FACE_OUTER_BOUND ( 'NONE', #8334, .T. ) ;
#6750 = ORIENTED_EDGE ( 'NONE', *, *, #5282, .F. ) ;
#6751 = VERTEX_POINT ( 'NONE', #7041 ) ;
#6752 = EDGE_CURVE ( 'NONE', #612, #6860, #7650, .T. ) ;
#6753 = VECTOR ( 'NONE', #7169, 1000.000000000000000 ) ;
#6754 = CARTESIAN_POINT ( 'NONE',  ( 3.117120820634052158, 16.67273889959385968, 0.001000000000000000021 ) ) ;
#6755 = LINE ( 'NONE', #4362, #4394 ) ;
#6756 = VERTEX_POINT ( 'NONE', #7705 ) ;
#6757 = LINE ( 'NONE', #2265, #2157 ) ;
#6758 = CARTESIAN_POINT ( 'NONE',  ( 0.06976920970682917722, 16.46553349368654295, 0.001000000000000000021 ) ) ;
#6759 = CARTESIAN_POINT ( 'NONE',  ( 2.744479982900454917, 16.42278180521647357, 0.001000000000000000021 ) ) ;
#6760 = EDGE_CURVE ( 'NONE', #2264, #9123, #164, .T. ) ;
#6761 =( GEOMETRIC_REPRESENTATION_CONTEXT ( 3 ) GLOBAL_UNCERTAINTY_ASSIGNED_CONTEXT ( ( #2473 ) ) GLOBAL_UNIT_ASSIGNED_CONTEXT ( ( #9290, #2934, #6220 ) ) REPRESENTATION_CONTEXT ( 'NONE', 'WORKASPACE' ) );
#6762 = ORIENTED_EDGE ( 'NONE', *, *, #4, .T. ) ;
#6763 = COLOUR_RGB ( '',0.8039215686274510109, 0.8039215686274510109, 0.8039215686274510109 ) ;
#6764 = PLANE ( 'NONE',  #2825 ) ;
#6765 = DIRECTION ( 'NONE',  ( -1.000000000000000000, 0.000000000000000000, 0.000000000000000000 ) ) ;
#6766 = EDGE_CURVE ( 'NONE', #2518, #7844, #6947, .T. ) ;
#6767 = CARTESIAN_POINT ( 'NONE',  ( 2.681461139190897125, 16.58906682139128819, 0.000000000000000000 ) ) ;
#6768 = VECTOR ( 'NONE', #9933, 1000.000000000000000 ) ;
#6769 = CARTESIAN_POINT ( 'NONE',  ( 0.1291038805578605397, 16.84805641110800067, 0.000000000000000000 ) ) ;
#6770 = ORIENTED_EDGE ( 'NONE', *, *, #6944, .T. ) ;
#6771 = CARTESIAN_POINT ( 'NONE',  ( 2.775724619697635287, 16.81536978395616089, 0.001000000000000000021 ) ) ;
#6772 = AXIS2_PLACEMENT_3D ( 'NONE', #10010, #5547, #2331 ) ;
#6773 = CARTESIAN_POINT ( 'NONE',  ( 2.727886785957321258, 16.55270300681376838, 0.001000000000000000021 ) ) ;
#6774 = CARTESIAN_POINT ( 'NONE',  ( 3.719595088367241509, 16.51580962212106840, 0.0009999999999999982861 ) ) ;
#6775 = EDGE_LOOP ( 'NONE', ( #8376, #9479, #5298, #7069 ) ) ;
#6776 = LINE ( 'NONE', #9892, #3938 ) ;
#6777 = CARTESIAN_POINT ( 'NONE',  ( 2.808028396725232412, 16.63054981374909858, 0.000000000000000000 ) ) ;
#6778 = ORIENTED_EDGE ( 'NONE', *, *, #8431, .F. ) ;
#6779 = DIRECTION ( 'NONE',  ( -0.000000000000000000, 0.000000000000000000, 1.000000000000000000 ) ) ;
#6780 = CIRCLE ( 'NONE', #9381, 0.1250000000000001110 ) ;
#6781 = CARTESIAN_POINT ( 'NONE',  ( -1.469999999999999751, 1.469999999999999973, 0.7500000000000000000 ) ) ;
#6782 = VERTEX_POINT ( 'NONE', #4567 ) ;
#6783 = EDGE_CURVE ( 'NONE', #3735, #3563, #1399, .T. ) ;
#6784 = ORIENTED_EDGE ( 'NONE', *, *, #1450, .T. ) ;
#6785 = EDGE_CURVE ( 'NONE', #8369, #2243, #9214, .T. ) ;
#6786 = DIRECTION ( 'NONE',  ( 0.000000000000000000, -1.000000000000000000, 0.000000000000000000 ) ) ;
#6787 = CARTESIAN_POINT ( 'NONE',  ( -0.7249999999999997558, -0.8200000000000000622, -0.02000000000000000042 ) ) ;
#6788 = UNCERTAINTY_MEASURE_WITH_UNIT (LENGTH_MEASURE( 1.000000000000000082E-05 ), #919, 'distance_accuracy_value', 'NONE');
#6789 = LINE ( 'NONE', #670, #9487 ) ;
#6790 = DIRECTION ( 'NONE',  ( -1.000000000000000000, 0.000000000000000000, -0.000000000000000000 ) ) ;
#6791 = CARTESIAN_POINT ( 'NONE',  ( 3.537246445364493397, 0.000000000000000000, 0.001000000000000000021 ) ) ;
#6792 = CARTESIAN_POINT ( 'NONE',  ( 0.06816054722029338264, 16.83565516039590904, 0.001000000000000000021 ) ) ;
#6793 = CIRCLE ( 'NONE', #1634, 0.1000000000000000472 ) ;
#6794 = ORIENTED_EDGE ( 'NONE', *, *, #1977, .F. ) ;
#6795 = DIRECTION ( 'NONE',  ( -3.942553354492742545E-16, -1.000000000000000000, 0.000000000000000000 ) ) ;
#6796 = DIRECTION ( 'NONE',  ( 0.000000000000000000, -0.000000000000000000, -1.000000000000000000 ) ) ;
#6797 = VERTEX_POINT ( 'NONE', #10030 ) ;
#6798 = DIRECTION ( 'NONE',  ( -0.000000000000000000, -0.000000000000000000, -1.000000000000000000 ) ) ;
#6799 = DIRECTION ( 'NONE',  ( -0.000000000000000000, -0.000000000000000000, -1.000000000000000000 ) ) ;
#6800 = ORIENTED_EDGE ( 'NONE', *, *, #3159, .F. ) ;
#6801 = CARTESIAN_POINT ( 'NONE',  ( 2.185253941242461639, 16.74970308967056809, 0.000000000000000000 ) ) ;
#6802 = FACE_OUTER_BOUND ( 'NONE', #8536, .T. ) ;
#6803 = CARTESIAN_POINT ( 'NONE',  ( 3.372197092791819006, 16.38800670098454404, 1.694065894508600678E-18 ) ) ;
#6804 = VERTEX_POINT ( 'NONE', #3056 ) ;
#6805 = VECTOR ( 'NONE', #3750, 1000.000000000000000 ) ;
#6806 = ORIENTED_EDGE ( 'NONE', *, *, #8815, .F. ) ;
#6807 =( NAMED_UNIT ( * ) PLANE_ANGLE_UNIT ( ) SI_UNIT ( $, .RADIAN. ) );
#6808 = DIRECTION ( 'NONE',  ( -0.000000000000000000, -0.000000000000000000, 1.000000000000000000 ) ) ;
#6809 = ORIENTED_EDGE ( 'NONE', *, *, #1573, .F. ) ;
#6810 = LINE ( 'NONE', #1460, #9603 ) ;
#6811 = DIRECTION ( 'NONE',  ( 0.000000000000000000, -1.000000000000000000, 0.000000000000000000 ) ) ;
#6812 = CARTESIAN_POINT ( 'NONE',  ( 2.786669068745240896, 16.41625044046226378, 0.001000000000000000021 ) ) ;
#6813 = EDGE_LOOP ( 'NONE', ( #2894, #1391, #2285, #5804 ) ) ;
#6814 = PRESENTATION_LAYER_ASSIGNMENT (  '', '', ( #9913 ) ) ;
#6815 = FACE_OUTER_BOUND ( 'NONE', #6365, .T. ) ;
#6816 = FILL_AREA_STYLE ('',( #800 ) ) ;
#6817 = ADVANCED_FACE ( 'NONE', ( #9978 ), #2206, .F. ) ;
#6818 = DIRECTION ( 'NONE',  ( -1.000000000000000000, 0.000000000000000000, 0.000000000000000000 ) ) ;
#6819 = ORIENTED_EDGE ( 'NONE', *, *, #1993, .T. ) ;
#6820 = EDGE_CURVE ( 'NONE', #5361, #4981, #6757, .T. ) ;
#6821 = PLANE ( 'NONE',  #2836 ) ;
#6822 = EDGE_CURVE ( 'NONE', #9919, #5232, #3799, .T. ) ;
#6823 = DIRECTION ( 'NONE',  ( 1.000000000000000000, -0.000000000000000000, 0.000000000000000000 ) ) ;
#6824 = DIRECTION ( 'NONE',  ( -0.000000000000000000, 1.000000000000000000, -0.000000000000000000 ) ) ;
#6825 = ORIENTED_EDGE ( 'NONE', *, *, #6136, .F. ) ;
#6826 = DIRECTION ( 'NONE',  ( 1.000000000000000000, 0.000000000000000000, 0.000000000000000000 ) ) ;
#6827 = ORIENTED_EDGE ( 'NONE', *, *, #2096, .T. ) ;
#6828 = CARTESIAN_POINT ( 'NONE',  ( 2.558738328827213859, -0.001053412239088145864, 0.001000000000000000021 ) ) ;
#6829 = DIRECTION ( 'NONE',  ( 1.000000000000000000, -2.365532012695645823E-15, 0.000000000000000000 ) ) ;
#6830 = CARTESIAN_POINT ( 'NONE',  ( 9.900378128825050084, 7.386696376738698611, 0.001000000000000000021 ) ) ;
#6831 = CIRCLE ( 'NONE', #7148, 0.1250000000000005551 ) ;
#6832 = FILL_AREA_STYLE ('',( #5244 ) ) ;
#6833 = ORIENTED_EDGE ( 'NONE', *, *, #2215, .T. ) ;
#6834 = ORIENTED_EDGE ( 'NONE', *, *, #8390, .T. ) ;
#6835 = B_SPLINE_SURFACE_WITH_KNOTS ( 'NONE', 3, 1, ( 
 ( #9641, #3477 ),
 ( #8168, #5659 ),
 ( #4834, #5609 ),
 ( #4188, #8775 ) ),
 .UNSPECIFIED., .F., .F., .F.,
 ( 4, 4 ),
 ( 2, 2 ),
 ( 0.2999999999999999889, 0.4000000000000000222 ),
 ( 0.000000000000000000, 1.000000000000000000 ),
 .UNSPECIFIED. ) ;
#6836 = ADVANCED_FACE ( 'NONE', ( #3104 ), #7524, .F. ) ;
#6837 = DIRECTION ( 'NONE',  ( 0.000000000000000000, 0.000000000000000000, 1.000000000000000000 ) ) ;
#6838 = CARTESIAN_POINT ( 'NONE',  ( 3.793558381124408019, 16.45155511480933441, 1.694065894508600678E-18 ) ) ;
#6839 = PRESENTATION_LAYER_ASSIGNMENT (  '', '', ( #6994 ) ) ;
#6840 = PRESENTATION_STYLE_ASSIGNMENT (( #5093 ) ) ;
#6841 = SURFACE_SIDE_STYLE ('',( #9905 ) ) ;
#6842 = PLANE ( 'NONE',  #4922 ) ;
#6843 = EDGE_CURVE ( 'NONE', #9422, #9764, #6083, .T. ) ;
#6844 = DIRECTION ( 'NONE',  ( 0.000000000000000000, 0.000000000000000000, 1.000000000000000000 ) ) ;
#6845 = EDGE_LOOP ( 'NONE', ( #4373, #9762, #214, #5488 ) ) ;
#6846 = ORIENTED_EDGE ( 'NONE', *, *, #3708, .F. ) ;
#6847 = DIRECTION ( 'NONE',  ( 1.000000000000000000, -0.000000000000000000, 0.000000000000000000 ) ) ;
#6848 = CARTESIAN_POINT ( 'NONE',  ( 3.433274179412293403, 16.53222629569243907, 0.001000000000000000021 ) ) ;
#6849 = ORIENTED_EDGE ( 'NONE', *, *, #7426, .F. ) ;
#6850 = DIRECTION ( 'NONE',  ( 1.000000000000000000, 0.000000000000000000, 0.000000000000000000 ) ) ;
#6851 = ORIENTED_EDGE ( 'NONE', *, *, #7318, .T. ) ;
#6852 = CARTESIAN_POINT ( 'NONE',  ( 0.000000000000000000, 16.38730060749761464, 0.001000000000000000021 ) ) ;
#6853 = ADVANCED_FACE ( 'NONE', ( #3857 ), #8400, .T. ) ;
#6854 = DIRECTION ( 'NONE',  ( -0.000000000000000000, -0.000000000000000000, -1.000000000000000000 ) ) ;
#6855 = ORIENTED_EDGE ( 'NONE', *, *, #4467, .F. ) ;
#6856 = VERTEX_POINT ( 'NONE', #4460 ) ;
#6857 = CARTESIAN_POINT ( 'NONE',  ( 3.273697051363418709, 0.000000000000000000, 0.000000000000000000 ) ) ;
#6858 = FILL_AREA_STYLE ('',( #6550 ) ) ;
#6859 = B_SPLINE_CURVE_WITH_KNOTS ( 'NONE', 3,
 ( #1128, #6698, #1889, #3385 ),
 .UNSPECIFIED., .F., .F.,
 ( 4, 4 ),
 ( 0.7272727272727272929, 0.8181818181818182323 ),
 .UNSPECIFIED. ) ;
#6860 = VERTEX_POINT ( 'NONE', #3651 ) ;
#6861 = CARTESIAN_POINT ( 'NONE',  ( 3.526125472945151440, 16.66179445054629582, 0.001000000000000000021 ) ) ;
#6862 = DIRECTION ( 'NONE',  ( 0.000000000000000000, -0.000000000000000000, 1.000000000000000000 ) ) ;
#6863 = SHAPE_REPRESENTATION ( 'Analog Devices logo_1mm-LAPTOP-NQA1DCQ3', ( #3823 ), #8699 ) ;
#6864 = CARTESIAN_POINT ( 'NONE',  ( 3.266812639865734003, 0.000000000000000000, 0.001000000000000000021 ) ) ;
#6865 = APPLICATION_CONTEXT ( 'automotive_design' ) ;
#6866 = CARTESIAN_POINT ( 'NONE',  ( 3.533539454558040305, 16.51951661292751083, 0.001000000000000001756 ) ) ;
#6867 = DIRECTION ( 'NONE',  ( 0.005464399289685873372, 0.9999850700587498142, 0.000000000000000000 ) ) ;
#6868 = SURFACE_STYLE_USAGE ( .BOTH. , #8410 ) ;
#6869 = VERTEX_POINT ( 'NONE', #7576 ) ;
#6870 = EDGE_CURVE ( 'NONE', #3502, #4410, #6959, .T. ) ;
#6871 = DIRECTION ( 'NONE',  ( -1.000000000000000000, 0.000000000000000000, 0.000000000000000000 ) ) ;
#6872 = ORIENTED_EDGE ( 'NONE', *, *, #9377, .F. ) ;
#6873 = AXIS2_PLACEMENT_3D ( 'NONE', #4456, #9102, #4693 ) ;
#6874 = DIRECTION ( 'NONE',  ( -0.000000000000000000, 1.000000000000000000, -0.000000000000000000 ) ) ;
#6875 = CARTESIAN_POINT ( 'NONE',  ( 2.722944131548728386, 16.71422189195173047, 0.000000000000000000 ) ) ;
#6876 = CARTESIAN_POINT ( 'NONE',  ( 3.791263577291842601, 16.80901494257366124, 0.000000000000000000 ) ) ;
#6877 = EDGE_LOOP ( 'NONE', ( #6650, #5087, #6292, #6460 ) ) ;
#6878 = AXIS2_PLACEMENT_3D ( 'NONE', #2856, #8906, #1241 ) ;
#6879 = VECTOR ( 'NONE', #8697, 1000.000000000000000 ) ;
#6880 = ADVANCED_FACE ( 'NONE', ( #3749 ), #9877, .F. ) ;
#6881 = ORIENTED_EDGE ( 'NONE', *, *, #2970, .T. ) ;
#6882 = CARTESIAN_POINT ( 'NONE',  ( 2.997261451225656792, 16.63019676700563920, 0.000000000000000000 ) ) ;
#6883 = LINE ( 'NONE', #5351, #4003 ) ;
#6884 = DIRECTION ( 'NONE',  ( -0.000000000000000000, -0.000000000000000000, 1.000000000000000000 ) ) ;
#6885 =( LENGTH_UNIT ( ) NAMED_UNIT ( * ) SI_UNIT ( .MILLI., .METRE. ) );
#6886 = EDGE_CURVE ( 'NONE', #503, #1240, #9927, .T. ) ;
#6887 = AXIS2_PLACEMENT_3D ( 'NONE', #1464, #6052, #3702 ) ;
#6888 = DIRECTION ( 'NONE',  ( -0.000000000000000000, -0.000000000000000000, -1.000000000000000000 ) ) ;
#6889 = DIRECTION ( 'NONE',  ( -0.000000000000000000, -0.000000000000000000, -1.000000000000000000 ) ) ;
#6890 = FACE_OUTER_BOUND ( 'NONE', #9822, .T. ) ;
#6891 = ORIENTED_EDGE ( 'NONE', *, *, #6699, .T. ) ;
#6892 = EDGE_CURVE ( 'NONE', #79, #5686, #6810, .T. ) ;
#6893 = ORIENTED_EDGE ( 'NONE', *, *, #6125, .T. ) ;
#6894 = AXIS2_PLACEMENT_3D ( 'NONE', #6221, #4068, #3259 ) ;
#6895 = CARTESIAN_POINT ( 'NONE',  ( -0.000000000000000000, 16.39153716841929764, 0.000000000000000000 ) ) ;
#6896 = ORIENTED_EDGE ( 'NONE', *, *, #6038, .T. ) ;
#6897 = DIRECTION ( 'NONE',  ( -0.000000000000000000, -0.000000000000000000, -1.000000000000000000 ) ) ;
#6898 = CARTESIAN_POINT ( 'NONE',  ( 3.772199053144412062, 16.64008207582279297, 0.000000000000000000 ) ) ;
#6899 =( GEOMETRIC_REPRESENTATION_CONTEXT ( 3 ) GLOBAL_UNCERTAINTY_ASSIGNED_CONTEXT ( ( #1768 ) ) GLOBAL_UNIT_ASSIGNED_CONTEXT ( ( #1685, #3192, #1783 ) ) REPRESENTATION_CONTEXT ( 'NONE', 'WORKASPACE' ) );
#6900 = CARTESIAN_POINT ( 'NONE',  ( 2.893112661901726668, 16.51245567805807468, 0.000000000000000000 ) ) ;
#6901 = B_SPLINE_CURVE_WITH_KNOTS ( 'NONE', 3,
 ( #4724, #297, #7950, #915 ),
 .UNSPECIFIED., .F., .F.,
 ( 4, 4 ),
 ( 0.4666666666666666741, 0.5333333333333333259 ),
 .UNSPECIFIED. ) ;
#6902 = EDGE_LOOP ( 'NONE', ( #333, #9080, #9786, #4653 ) ) ;
#6903 = EDGE_CURVE ( 'NONE', #9764, #5656, #4514, .T. ) ;
#6904 = CARTESIAN_POINT ( 'NONE',  ( 3.484289433843847927, 16.52092879990137675, 0.000000000000000000 ) ) ;
#6905 = AXIS2_PLACEMENT_3D ( 'NONE', #9491, #259, #8730 ) ;
#6906 = EDGE_CURVE ( 'NONE', #9026, #8848, #7009, .T. ) ;
#6907 = EDGE_LOOP ( 'NONE', ( #4671, #420, #5245, #548 ) ) ;
#6908 = DIRECTION ( 'NONE',  ( -1.000000000000000000, 0.000000000000000000, 0.000000000000000000 ) ) ;
#6909 = PLANE ( 'NONE',  #6328 ) ;
#6910 = AXIS2_PLACEMENT_3D ( 'NONE', #8788, #7203, #943 ) ;
#6911 =( LENGTH_UNIT ( ) NAMED_UNIT ( * ) SI_UNIT ( .MILLI., .METRE. ) );
#6912 = AXIS2_PLACEMENT_3D ( 'NONE', #5112, #7470, #791 ) ;
#6913 = DIRECTION ( 'NONE',  ( 1.000000000000000000, 0.000000000000000000, 0.000000000000000000 ) ) ;
#6914 = CARTESIAN_POINT ( 'NONE',  ( 2.677499245069797418, 0.004890409580022050430, 0.001000000000000000021 ) ) ;
#6915 = EDGE_LOOP ( 'NONE', ( #2659, #8212, #1191, #9799 ) ) ;
#6916 = PRODUCT ( 'Analog Devices logo_1mm-LAPTOP-NQA1DCQ3', 'Analog Devices logo_1mm-LAPTOP-NQA1DCQ3', '', ( #3429 ) ) ;
#6917 = VECTOR ( 'NONE', #7874, 1000.000000000000000 ) ;
#6918 = ORIENTED_EDGE ( 'NONE', *, *, #5401, .F. ) ;
#6919 = DIRECTION ( 'NONE',  ( -0.000000000000000000, 0.000000000000000000, 1.000000000000000000 ) ) ;
#6920 = FACE_OUTER_BOUND ( 'NONE', #3614, .T. ) ;
#6921 = CARTESIAN_POINT ( 'NONE',  ( 3.653751870709900373, 16.79489307283483512, 0.001000000000000000021 ) ) ;
#6922 = VECTOR ( 'NONE', #4008, 1000.000000000000000 ) ;
#6923 = ORIENTED_EDGE ( 'NONE', *, *, #6290, .F. ) ;
#6924 = CARTESIAN_POINT ( 'NONE',  ( -1.369999999999999662, 1.269999999999999796, 0.7800000000000000266 ) ) ;
#6925 = ORIENTED_EDGE ( 'NONE', *, *, #4876, .T. ) ;
#6926 = FILL_AREA_STYLE ('',( #4584 ) ) ;
#6927 = B_SPLINE_CURVE_WITH_KNOTS ( 'NONE', 3,
 ( #4343, #2090, #7339, #3577 ),
 .UNSPECIFIED., .F., .F.,
 ( 4, 4 ),
 ( 0.000000000000000000, 0.3333333333333333148 ),
 .UNSPECIFIED. ) ;
#6928 = LINE ( 'NONE', #7687, #7195 ) ;
#6929 =( NAMED_UNIT ( * ) SI_UNIT ( $, .STERADIAN. ) SOLID_ANGLE_UNIT ( ) );
#6930 = VECTOR ( 'NONE', #8534, 1000.000000000000114 ) ;
#6931 = EDGE_CURVE ( 'NONE', #4427, #4550, #5421, .T. ) ;
#6932 = ORIENTED_EDGE ( 'NONE', *, *, #3090, .F. ) ;
#6933 = CARTESIAN_POINT ( 'NONE',  ( 2.910941522447017427, 16.81731154104526027, 0.000000000000000000 ) ) ;
#6934 =( GEOMETRIC_REPRESENTATION_CONTEXT ( 3 ) GLOBAL_UNCERTAINTY_ASSIGNED_CONTEXT ( ( #2236 ) ) GLOBAL_UNIT_ASSIGNED_CONTEXT ( ( #7272, #4013, #2468 ) ) REPRESENTATION_CONTEXT ( 'NONE', 'WORKASPACE' ) );
#6935 = SURFACE_STYLE_FILL_AREA ( #108 ) ;
#6936 = CARTESIAN_POINT ( 'NONE',  ( 3.495763453006649257, 16.79171565214358708, 0.001000000000000001756 ) ) ;
#6937 = CARTESIAN_POINT ( 'NONE',  ( 0.000000000000000000, 16.58571287732828736, 0.000000000000000000 ) ) ;
#6938 = LINE ( 'NONE', #3680, #8220 ) ;
#6939 = FILL_AREA_STYLE_COLOUR ( '', #5453 ) ;
#6940 = ORIENTED_EDGE ( 'NONE', *, *, #8267, .F. ) ;
#6941 = EDGE_CURVE ( 'NONE', #8962, #8093, #1609, .T. ) ;
#6942 = PRESENTATION_LAYER_ASSIGNMENT (  '', '', ( #315 ) ) ;
#6943 = EDGE_LOOP ( 'NONE', ( #9651, #7131, #7807, #2528 ) ) ;
#6944 = EDGE_CURVE ( 'NONE', #8511, #8742, #8963, .T. ) ;
#6945 = EDGE_CURVE ( 'NONE', #4340, #8106, #1962, .T. ) ;
#6946 = AXIS2_PLACEMENT_3D ( 'NONE', #2181, #2734, #8930 ) ;
#6947 = LINE ( 'NONE', #1503, #5855 ) ;
#6948 = CARTESIAN_POINT ( 'NONE',  ( 2.912177186049166533, 16.75782316477041789, 0.000000000000000000 ) ) ;
#6949 = ORIENTED_EDGE ( 'NONE', *, *, #8415, .F. ) ;
#6950 = FACE_OUTER_BOUND ( 'NONE', #8469, .T. ) ;
#6951 = CARTESIAN_POINT ( 'NONE',  ( 3.495763453006649257, 16.79171565214358708, 0.001000000000000000021 ) ) ;
#6952 = CARTESIAN_POINT ( 'NONE',  ( 3.104234614497361822, 16.63566899152944600, 0.001000000000000000021 ) ) ;
#6953 = DIRECTION ( 'NONE',  ( -0.000000000000000000, -0.000000000000000000, -1.000000000000000000 ) ) ;
#6954 = DIRECTION ( 'NONE',  ( 0.000000000000000000, -1.000000000000000000, 0.000000000000000000 ) ) ;
#6955 = ORIENTED_EDGE ( 'NONE', *, *, #7758, .T. ) ;
#6956 = DIRECTION ( 'NONE',  ( 0.000000000000000000, -1.000000000000000000, 0.000000000000000000 ) ) ;
#6957 = ORIENTED_EDGE ( 'NONE', *, *, #9837, .T. ) ;
#6958 = EDGE_CURVE ( 'NONE', #8848, #6011, #1197, .T. ) ;
#6959 = LINE ( 'NONE', #43, #5204 ) ;
#6960 = CARTESIAN_POINT ( 'NONE',  ( 0.06816054722029338264, 16.83565516039590904, 0.001000000000000000021 ) ) ;
#6961 = DIRECTION ( 'NONE',  ( -0.9999875002343703301, 0.004999937501138440078, 0.000000000000000000 ) ) ;
#6962 = CARTESIAN_POINT ( 'NONE',  ( 1.499999999999999112, 0.6249999999999984457, 0.1830000000000000238 ) ) ;
#6963 = PLANE ( 'NONE',  #5414 ) ;
#6964 =( LENGTH_UNIT ( ) NAMED_UNIT ( * ) SI_UNIT ( .MILLI., .METRE. ) );
#6965 = ADVANCED_FACE ( 'NONE', ( #5021 ), #499, .F. ) ;
#6966 = EDGE_CURVE ( 'NONE', #855, #1502, #8149, .T. ) ;
#6967 = LINE ( 'NONE', #6864, #5612 ) ;
#6968 = ORIENTED_EDGE ( 'NONE', *, *, #9455, .T. ) ;
#6969 = CARTESIAN_POINT ( 'NONE',  ( 3.673345964972550171, 16.49903990180617797, 0.001000000000000000021 ) ) ;
#6970 = DIRECTION ( 'NONE',  ( 0.1811624294769798305, -0.9834531885890647196, 0.000000000000000000 ) ) ;
#6971 = DIRECTION ( 'NONE',  ( -1.000000000000000000, 0.000000000000000000, 0.000000000000000000 ) ) ;
#6972 = ORIENTED_EDGE ( 'NONE', *, *, #3184, .T. ) ;
#6973 = CARTESIAN_POINT ( 'NONE',  ( 2.073691170305642650, 16.81607587744306542, 0.001000000000000000021 ) ) ;
#6974 = ORIENTED_EDGE ( 'NONE', *, *, #5487, .F. ) ;
#6975 = CARTESIAN_POINT ( 'NONE',  ( 3.121357381555704524, 16.44625941365725907, 0.001000000000000000021 ) ) ;
#6976 = DIRECTION ( 'NONE',  ( 0.000000000000000000, -1.000000000000000000, 0.000000000000000000 ) ) ;
#6977 = ADVANCED_FACE ( 'NONE', ( #2714 ), #5130, .F. ) ;
#6978 = DIRECTION ( 'NONE',  ( -0.000000000000000000, 0.000000000000000000, 1.000000000000000000 ) ) ;
#6979 = ORIENTED_EDGE ( 'NONE', *, *, #348, .F. ) ;
#6980 = VECTOR ( 'NONE', #6867, 1000.000000000000114 ) ;
#6981 = ORIENTED_EDGE ( 'NONE', *, *, #8544, .T. ) ;
#6982 = ORIENTED_EDGE ( 'NONE', *, *, #7554, .F. ) ;
#6983 = DIRECTION ( 'NONE',  ( 1.000000000000000000, 0.000000000000000000, 0.000000000000000000 ) ) ;
#6984 = UNCERTAINTY_MEASURE_WITH_UNIT (LENGTH_MEASURE( 1.000000000000000082E-05 ), #4225, 'distance_accuracy_value', 'NONE');
#6985 = CARTESIAN_POINT ( 'NONE',  ( -1.469999999999999751, -1.500000000000000000, 0.7800000000000000266 ) ) ;
#6986 = PRESENTATION_STYLE_ASSIGNMENT (( #3880 ) ) ;
#6987 = EDGE_CURVE ( 'NONE', #9207, #7844, #9630, .T. ) ;
#6988 = PRESENTATION_LAYER_ASSIGNMENT (  '', '', ( #53 ) ) ;
#6989 = CARTESIAN_POINT ( 'NONE',  ( 3.730716060786571475, 16.62754891642958910, 0.001000000000000000021 ) ) ;
#6990 = DIRECTION ( 'NONE',  ( 0.000000000000000000, 1.000000000000000000, 0.000000000000000000 ) ) ;
#6991 = CARTESIAN_POINT ( 'NONE',  ( 3.719595088367241509, 16.51580962212106840, -1.694065894508600678E-18 ) ) ;
#6992 = ORIENTED_EDGE ( 'NONE', *, *, #1066, .F. ) ;
#6993 = ORIENTED_EDGE ( 'NONE', *, *, #9439, .T. ) ;
#6994 = STYLED_ITEM ( 'NONE', ( #5207 ), #6594 ) ;
#6995 = DIRECTION ( 'NONE',  ( 1.000000000000000000, 0.000000000000000000, 0.000000000000000000 ) ) ;
#6996 = ORIENTED_EDGE ( 'NONE', *, *, #5529, .F. ) ;
#6997 = EDGE_CURVE ( 'NONE', #3822, #4340, #8209, .T. ) ;
#6998 = EDGE_CURVE ( 'NONE', #4532, #3328, #395, .T. ) ;
#6999 = B_SPLINE_SURFACE_WITH_KNOTS ( 'NONE', 3, 1, ( 
 ( #8169, #2140 ),
 ( #1213, #7556 ),
 ( #411, #3478 ),
 ( #6584, #4286 ) ),
 .UNSPECIFIED., .F., .F., .F.,
 ( 4, 4 ),
 ( 2, 2 ),
 ( 0.000000000000000000, 0.09090909090909089774 ),
 ( 0.000000000000000000, 1.000000000000000000 ),
 .UNSPECIFIED. ) ;
#7000 = FACE_OUTER_BOUND ( 'NONE', #5186, .T. ) ;
#7001 = VECTOR ( 'NONE', #742, 1000.000000000000114 ) ;
#7002 = FACE_OUTER_BOUND ( 'NONE', #7121, .T. ) ;
#7003 = CARTESIAN_POINT ( 'NONE',  ( 2.681461139190897125, 16.58906682139128819, 0.001000000000000000021 ) ) ;
#7004 = ORIENTED_EDGE ( 'NONE', *, *, #3284, .T. ) ;
#7005 = DIRECTION ( 'NONE',  ( 1.000000000000000000, 0.000000000000000000, 0.000000000000000000 ) ) ;
#7006 = CARTESIAN_POINT ( 'NONE',  ( 2.894506534544623921, 0.007886938786178987817, 0.001000000000000000021 ) ) ;
#7007 = EDGE_LOOP ( 'NONE', ( #5887, #1853, #5693, #768 ) ) ;
#7008 = EDGE_CURVE ( 'NONE', #6266, #7534, #8861, .T. ) ;
#7009 = LINE ( 'NONE', #6245, #1971 ) ;
#7010 = DIRECTION ( 'NONE',  ( -0.000000000000000000, -0.000000000000000000, 1.000000000000000000 ) ) ;
#7011 = DIRECTION ( 'NONE',  ( -0.9998972422383122227, -0.01433544433277646191, 0.000000000000000000 ) ) ;
#7012 = EDGE_CURVE ( 'NONE', #8339, #8175, #2013, .T. ) ;
#7013 = EDGE_CURVE ( 'NONE', #5527, #9804, #6564, .T. ) ;
#7014 = LINE ( 'NONE', #5376, #8222 ) ;
#7015 = CARTESIAN_POINT ( 'NONE',  ( -1.224999999999999867, 0.8749999999999998890, 0.1830000002200904419 ) ) ;
#7016 = ORIENTED_EDGE ( 'NONE', *, *, #1001, .F. ) ;
#7017 = EDGE_CURVE ( 'NONE', #2941, #530, #7435, .T. ) ;
#7018 = CARTESIAN_POINT ( 'NONE',  ( 1.224999999999999423, -0.1250000000000003331, 0.000000000000000000 ) ) ;
#7019 = CARTESIAN_POINT ( 'NONE',  ( 3.537246445364493397, 16.42507660904904299, 0.001000000000000000021 ) ) ;
#7020 = DIRECTION ( 'NONE',  ( -0.000000000000000000, -0.000000000000000000, -1.000000000000000000 ) ) ;
#7021 = ORIENTED_EDGE ( 'NONE', *, *, #9155, .T. ) ;
#7022 = CARTESIAN_POINT ( 'NONE',  ( 3.442982964857743688, 16.52092879990137675, 0.000000000000000000 ) ) ;
#7023 = EDGE_CURVE ( 'NONE', #1859, #4535, #4378, .T. ) ;
#7024 = EDGE_LOOP ( 'NONE', ( #8282, #7016, #1011, #9017 ) ) ;
#7025 = CARTESIAN_POINT ( 'NONE',  ( 3.653222300594695771, 16.58518330721311784, 0.001000000000000000021 ) ) ;
#7026 = DIRECTION ( 'NONE',  ( 0.000000000000000000, -1.000000000000000000, 0.000000000000000000 ) ) ;
#7027 = VERTEX_POINT ( 'NONE', #4172 ) ;
#7028 = CARTESIAN_POINT ( 'NONE',  ( 1.224999999999999201, -0.3750000000000014433, -0.02000000000000000042 ) ) ;
#7029 = EDGE_CURVE ( 'NONE', #3592, #5126, #6008, .T. ) ;
#7030 = STYLED_ITEM ( 'NONE', ( #504 ), #8616 ) ;
#7031 = EDGE_CURVE ( 'NONE', #5524, #9472, #4840, .T. ) ;
#7032 = AXIS2_PLACEMENT_3D ( 'NONE', #3303, #7993, #1052 ) ;
#7033 = CARTESIAN_POINT ( 'NONE',  ( -1.499999999999999556, 0.6250000000000000000, 0.1830000000000000238 ) ) ;
#7034 = CARTESIAN_POINT ( 'NONE',  ( 3.224976600764426493, 16.39171369179099003, 0.001000000000000000021 ) ) ;
#7035 = CARTESIAN_POINT ( 'NONE',  ( 3.730716060786571475, 16.79489307283483512, 0.001000000000000000021 ) ) ;
#7036 = CARTESIAN_POINT ( 'NONE',  ( 1.224999999999999423, 0.2499999999999995837, 0.1830000000000000238 ) ) ;
#7037 = CARTESIAN_POINT ( 'NONE',  ( -1.499999999999999556, -0.3750000000000000000, 0.000000000000000000 ) ) ;
#7038 = COLOUR_RGB ( '',0.8039215686274510109, 0.8039215686274510109, 0.8039215686274510109 ) ;
#7039 = COLOUR_RGB ( '',0.9607843137254902244, 0.9607843137254902244, 0.9607843137254902244 ) ;
#7040 = CARTESIAN_POINT ( 'NONE',  ( 2.924886868814120966, 16.79948268049995264, 0.001000000000000000021 ) ) ;
#7041 = CARTESIAN_POINT ( 'NONE',  ( 3.536893398621014928, 16.55005515623776091, 0.001000000000000001756 ) ) ;
#7042 = CARTESIAN_POINT ( 'NONE',  ( 2.466279149045342844, 16.59312685894116157, 0.000000000000000000 ) ) ;
#7043 = VECTOR ( 'NONE', #2922, 1000.000000000000000 ) ;
#7044 = PRESENTATION_LAYER_ASSIGNMENT (  '', '', ( #581 ) ) ;
#7045 = CARTESIAN_POINT ( 'NONE',  ( 3.812799428643566468, 16.76329538929418916, 0.001000000000000000021 ) ) ;
#7046 = DIRECTION ( 'NONE',  ( -0.1811624294766949750, 0.9834531885891171221, 0.000000000000000000 ) ) ;
#7047 = DIRECTION ( 'NONE',  ( -0.000000000000000000, -0.000000000000000000, 1.000000000000000000 ) ) ;
#7048 = EDGE_CURVE ( 'NONE', #7617, #1756, #1565, .T. ) ;
#7049 = VERTEX_POINT ( 'NONE', #9118 ) ;
#7050 = DIRECTION ( 'NONE',  ( 0.000000000000000000, 1.000000000000000000, 0.000000000000000000 ) ) ;
#7051 = ORIENTED_EDGE ( 'NONE', *, *, #2913, .F. ) ;
#7052 = LINE ( 'NONE', #5330, #2294 ) ;
#7053 = CARTESIAN_POINT ( 'NONE',  ( 3.610856691378189876, 16.69833478849553643, 0.000000000000000000 ) ) ;
#7054 = AXIS2_PLACEMENT_3D ( 'NONE', #3050, #5214, #4606 ) ;
#7055 = PLANE ( 'NONE',  #1385 ) ;
#7056 = LINE ( 'NONE', #5567, #9997 ) ;
#7057 = DIRECTION ( 'NONE',  ( 0.9947814386111819562, -0.1020288654973053460, 0.000000000000000000 ) ) ;
#7058 = CARTESIAN_POINT ( 'NONE',  ( 0.000000000000000000, 16.66373620763538810, 0.001000000000000000021 ) ) ;
#7059 = VERTEX_POINT ( 'NONE', #5382 ) ;
#7060 = ADVANCED_FACE ( 'NONE', ( #6920 ), #9987, .F. ) ;
#7061 = ORIENTED_EDGE ( 'NONE', *, *, #1154, .T. ) ;
#7062 = CARTESIAN_POINT ( 'NONE',  ( 3.117120820634052158, 16.67273889959386324, 0.000000000000000000 ) ) ;
#7063 = VECTOR ( 'NONE', #3374, 1000.000000000000227 ) ;
#7064 = ADVANCED_FACE ( 'NONE', ( #8507 ), #6058, .F. ) ;
#7065 = AXIS2_PLACEMENT_3D ( 'NONE', #7354, #426, #2746 ) ;
#7066 =( LENGTH_UNIT ( ) NAMED_UNIT ( * ) SI_UNIT ( .MILLI., .METRE. ) );
#7067 = FACE_OUTER_BOUND ( 'NONE', #345, .T. ) ;
#7068 = EDGE_CURVE ( 'NONE', #9209, #9612, #4975, .T. ) ;
#7069 = ORIENTED_EDGE ( 'NONE', *, *, #3184, .F. ) ;
#7070 = CARTESIAN_POINT ( 'NONE',  ( 3.656399721285936266, 16.42419399219033949, 0.001000000000000000021 ) ) ;
#7071 = DIRECTION ( 'NONE',  ( -1.000000000000000000, 0.000000000000000000, 0.000000000000000000 ) ) ;
#7072 = MECHANICAL_DESIGN_GEOMETRIC_PRESENTATION_REPRESENTATION (  '', ( #7399 ), #8042 ) ;
#7073 = VERTEX_POINT ( 'NONE', #4579 ) ;
#7074 = CARTESIAN_POINT ( 'NONE',  ( 3.026740854305484785, 16.58588940070004725, 0.000000000000000000 ) ) ;
#7075 = CARTESIAN_POINT ( 'NONE',  ( 3.615269775671568375, 16.72569591111453136, 0.001000000000000000021 ) ) ;
#7076 = VECTOR ( 'NONE', #5778, 1000.000000000000000 ) ;
#7077 = CARTESIAN_POINT ( 'NONE',  ( 3.800619315993819747, 16.80283662456293214, 0.000000000000000000 ) ) ;
#7078 = ORIENTED_EDGE ( 'NONE', *, *, #2114, .T. ) ;
#7079 = B_SPLINE_SURFACE_WITH_KNOTS ( 'NONE', 3, 1, ( 
 ( #5877, #9608 ),
 ( #477, #9050 ),
 ( #1994, #1281 ),
 ( #1228, #2048 ) ),
 .UNSPECIFIED., .F., .F., .F.,
 ( 4, 4 ),
 ( 2, 2 ),
 ( 0.000000000000000000, 0.2500000000000000000 ),
 ( 0.000000000000000000, 1.000000000000000000 ),
 .UNSPECIFIED. ) ;
#7080 = EDGE_LOOP ( 'NONE', ( #3663, #4902, #815, #7257 ) ) ;
#7081 = LINE ( 'NONE', #7132, #1551 ) ;
#7082 = VECTOR ( 'NONE', #216, 1000.000000000000000 ) ;
#7083 = PRODUCT_DEFINITION_CONTEXT ( 'detailed design', #6865, 'design' ) ;
#7084 = SURFACE_STYLE_FILL_AREA ( #2475 ) ;
#7085 = CARTESIAN_POINT ( 'NONE',  ( 3.653045777222963864, 16.55270300681376838, 0.001000000000000001756 ) ) ;
#7086 = VECTOR ( 'NONE', #7956, 1000.000000000000114 ) ;
#7087 = FACE_OUTER_BOUND ( 'NONE', #1579, .T. ) ;
#7088 = CARTESIAN_POINT ( 'NONE',  ( 2.910058905588334355, 16.75676402453996872, 0.000000000000000000 ) ) ;
#7089 = CARTESIAN_POINT ( 'NONE',  ( 2.893112661901726668, 0.000000000000000000, 0.001000000000000000021 ) ) ;
#7090 = STYLED_ITEM ( 'NONE', ( #7533 ), #3762 ) ;
#7091 = EDGE_CURVE ( 'NONE', #2971, #4316, #7588, .T. ) ;
#7092 = EDGE_CURVE ( 'NONE', #8848, #9091, #4416, .T. ) ;
#7093 = AXIS2_PLACEMENT_3D ( 'NONE', #7089, #1589, #3220 ) ;
#7094 = CARTESIAN_POINT ( 'NONE',  ( -1.224999999999999645, -0.2500000000000001110, 0.1829999999927167664 ) ) ;
#7095 = DIRECTION ( 'NONE',  ( -0.000000000000000000, 0.000000000000000000, -1.000000000000000000 ) ) ;
#7096 = CARTESIAN_POINT ( 'NONE',  ( -1.499999999999999556, 0.8750000000000000000, 0.000000000000000000 ) ) ;
#7097 = DIRECTION ( 'NONE',  ( -0.000000000000000000, -0.000000000000000000, -1.000000000000000000 ) ) ;
#7098 = CARTESIAN_POINT ( 'NONE',  ( 3.790734007176634890, 16.76311886592244704, 0.000000000000000000 ) ) ;
#7099 = CARTESIAN_POINT ( 'NONE',  ( 3.578552914350594083, 16.81325150349535136, 0.001000000000000000021 ) ) ;
#7100 = PRESENTATION_LAYER_ASSIGNMENT (  '', '', ( #3352 ) ) ;
#7101 = ORIENTED_EDGE ( 'NONE', *, *, #6699, .F. ) ;
#7102 = DIRECTION ( 'NONE',  ( 0.000000000000000000, 0.000000000000000000, 1.000000000000000000 ) ) ;
#7103 = EDGE_LOOP ( 'NONE', ( #6304, #4295, #9461, #9356 ) ) ;
#7104 = LINE ( 'NONE', #3232, #4536 ) ;
#7105 = CARTESIAN_POINT ( 'NONE',  ( 2.199375810981297530, 16.45261425503975161, 0.000000000000000000 ) ) ;
#7106 = B_SPLINE_CURVE_WITH_KNOTS ( 'NONE', 3,
 ( #4205, #5831, #8948, #1338 ),
 .UNSPECIFIED., .F., .F.,
 ( 4, 4 ),
 ( 0.4000000000000000222, 0.4666666666666666741 ),
 .UNSPECIFIED. ) ;
#7107 = CARTESIAN_POINT ( 'NONE',  ( 3.432038515810145629, 16.53822809033147223, 0.000000000000000000 ) ) ;
#7108 = ADVANCED_FACE ( 'NONE', ( #1517 ), #4471, .F. ) ;
#7109 = DIRECTION ( 'NONE',  ( -0.000000000000000000, -0.000000000000000000, -1.000000000000000000 ) ) ;
#7110 = DIRECTION ( 'NONE',  ( -0.000000000000000000, 0.000000000000000000, 1.000000000000000000 ) ) ;
#7111 = ORIENTED_EDGE ( 'NONE', *, *, #5711, .T. ) ;
#7112 = VECTOR ( 'NONE', #313, 1000.000000000000000 ) ;
#7113 = ORIENTED_EDGE ( 'NONE', *, *, #8218, .T. ) ;
#7114 = LINE ( 'NONE', #2457, #9514 ) ;
#7115 = VECTOR ( 'NONE', #1308, 1000.000000000000000 ) ;
#7116 = PRESENTATION_STYLE_ASSIGNMENT (( #9509 ) ) ;
#7117 = CARTESIAN_POINT ( 'NONE',  ( 1.499999999999999556, -0.8750000000000015543, -0.02000000000000000042 ) ) ;
#7118 = ORIENTED_EDGE ( 'NONE', *, *, #4539, .F. ) ;
#7119 = CARTESIAN_POINT ( 'NONE',  ( 2.482342775873272789, 16.60301216775836863, 0.001000000000000000021 ) ) ;
#7120 = LINE ( 'NONE', #6357, #4487 ) ;
#7121 = EDGE_LOOP ( 'NONE', ( #7078, #2824, #9504, #9941, #2975 ) ) ;
#7122 = EDGE_CURVE ( 'NONE', #1972, #7059, #600, .T. ) ;
#7123 = CARTESIAN_POINT ( 'NONE',  ( 1.224999999999999201, 0.1249999999999985983, 0.1830000002200904419 ) ) ;
#7124 = CARTESIAN_POINT ( 'NONE',  ( -1.500000000000000000, 0.3750000000000000000, -0.02000000000000000042 ) ) ;
#7125 = EDGE_CURVE ( 'NONE', #1578, #5335, #2916, .T. ) ;
#7126 = EDGE_CURVE ( 'NONE', #2198, #6061, #3709, .T. ) ;
#7127 = CARTESIAN_POINT ( 'NONE',  ( 1.499999999999999556, -0.6250000000000003331, 0.1830000000000000238 ) ) ;
#7128 = ORIENTED_EDGE ( 'NONE', *, *, #6092, .T. ) ;
#7129 = VECTOR ( 'NONE', #2757, 1000.000000000000000 ) ;
#7130 = ORIENTED_EDGE ( 'NONE', *, *, #9374, .T. ) ;
#7131 = ORIENTED_EDGE ( 'NONE', *, *, #7911, .F. ) ;
#7132 = CARTESIAN_POINT ( 'NONE',  ( 2.731275851770189611, -0.02713187932191788929, 0.001000000000000000021 ) ) ;
#7133 = FACE_OUTER_BOUND ( 'NONE', #3474, .T. ) ;
#7134 = PLANE ( 'NONE',  #2201 ) ;
#7135 = AXIS2_PLACEMENT_3D ( 'NONE', #421, #2044, #6643 ) ;
#7136 = LINE ( 'NONE', #4826, #6405 ) ;
#7137 = EDGE_CURVE ( 'NONE', #8205, #9511, #9855, .T. ) ;
#7138 =( NAMED_UNIT ( * ) SI_UNIT ( $, .STERADIAN. ) SOLID_ANGLE_UNIT ( ) );
#7139 = ORIENTED_EDGE ( 'NONE', *, *, #5052, .F. ) ;
#7140 = LINE ( 'NONE', #7858, #239 ) ;
#7141 =( NAMED_UNIT ( * ) PLANE_ANGLE_UNIT ( ) SI_UNIT ( $, .RADIAN. ) );
#7142 = MECHANICAL_DESIGN_GEOMETRIC_PRESENTATION_REPRESENTATION (  '', ( #9098 ), #6336 ) ;
#7143 = LINE ( 'NONE', #7096, #8759 ) ;
#7144 = CARTESIAN_POINT ( 'NONE',  ( 3.749957108305741915, 16.41625044046226378, 1.694065894508600678E-18 ) ) ;
#7145 = EDGE_CURVE ( 'NONE', #4292, #7174, #654, .T. ) ;
#7146 = DIRECTION ( 'NONE',  ( 1.000000000000000000, -3.942553354492742545E-16, 0.000000000000000000 ) ) ;
#7147 = DIRECTION ( 'NONE',  ( -0.000000000000000000, -0.000000000000000000, 1.000000000000000000 ) ) ;
#7148 = AXIS2_PLACEMENT_3D ( 'NONE', #996, #4047, #1702 ) ;
#7149 = CARTESIAN_POINT ( 'NONE',  ( 3.352426475157440855, 16.42931316997066915, 0.001000000000000001756 ) ) ;
#7150 = ORIENTED_EDGE ( 'NONE', *, *, #5749, .T. ) ;
#7151 = EDGE_CURVE ( 'NONE', #8742, #1635, #93, .T. ) ;
#7152 = AXIS2_PLACEMENT_3D ( 'NONE', #3101, #7102, #8548 ) ;
#7153 = CARTESIAN_POINT ( 'NONE',  ( 3.121357381555703636, 16.44625941365725907, 0.000000000000000000 ) ) ;
#7154 = DIRECTION ( 'NONE',  ( 0.000000000000000000, 0.000000000000000000, -1.000000000000000000 ) ) ;
#7155 = CARTESIAN_POINT ( 'NONE',  ( 3.537246445364493397, 0.000000000000000000, 0.000000000000000000 ) ) ;
#7156 = CARTESIAN_POINT ( 'NONE',  ( 3.729303873812690462, 16.84979184144457065, 0.001000000000000000021 ) ) ;
#7157 = VERTEX_POINT ( 'NONE', #5631 ) ;
#7158 = CARTESIAN_POINT ( 'NONE',  ( 3.181198804574033812, 16.70027654558460384, 0.001000000000000000021 ) ) ;
#7159 = ORIENTED_EDGE ( 'NONE', *, *, #2309, .T. ) ;
#7160 = ORIENTED_EDGE ( 'NONE', *, *, #1121, .T. ) ;
#7161 = SURFACE_STYLE_USAGE ( .BOTH. , #5783 ) ;
#7162 = CARTESIAN_POINT ( 'NONE',  ( 1.499999999999999556, 0.1249999999999984873, 0.1830000000000000238 ) ) ;
#7163 = CARTESIAN_POINT ( 'NONE',  ( 0.000000000000000000, 0.000000000000000000, 0.000000000000000000 ) ) ;
#7164 = ORIENTED_EDGE ( 'NONE', *, *, #7151, .T. ) ;
#7165 = DIRECTION ( 'NONE',  ( -1.000000000000000000, 0.000000000000000000, 0.000000000000000000 ) ) ;
#7166 = DIRECTION ( 'NONE',  ( -1.000000000000000000, 0.000000000000000000, 0.000000000000000000 ) ) ;
#7167 = ORIENTED_EDGE ( 'NONE', *, *, #665, .T. ) ;
#7168 = LINE ( 'NONE', #2708, #5248 ) ;
#7169 = DIRECTION ( 'NONE',  ( 0.000000000000000000, -1.000000000000000000, 0.000000000000000000 ) ) ;
#7170 = DIRECTION ( 'NONE',  ( -0.000000000000000000, -0.000000000000000000, -1.000000000000000000 ) ) ;
#7171 = EDGE_LOOP ( 'NONE', ( #704, #2103, #4176, #9138 ) ) ;
#7172 = ADVANCED_FACE ( 'NONE', ( #7832 ), #1749, .F. ) ;
#7173 = VERTEX_POINT ( 'NONE', #223 ) ;
#7174 = VERTEX_POINT ( 'NONE', #3951 ) ;
#7175 = CARTESIAN_POINT ( 'NONE',  ( -1.469999999999999751, -1.469999999999999973, 0.000000000000000000 ) ) ;
#7176 = ORIENTED_EDGE ( 'NONE', *, *, #4757, .T. ) ;
#7177 = PLANE ( 'NONE',  #7521 ) ;
#7178 = FILL_AREA_STYLE_COLOUR ( '', #9992 ) ;
#7179 = CARTESIAN_POINT ( 'NONE',  ( 2.482342775873272789, 16.60301216775836863, 0.001000000000000000021 ) ) ;
#7180 = CARTESIAN_POINT ( 'NONE',  ( 2.933713037400890844, 16.72410720076891977, 0.000000000000000000 ) ) ;
#7181 = PRESENTATION_STYLE_ASSIGNMENT (( #9292 ) ) ;
#7182 = EDGE_LOOP ( 'NONE', ( #9617, #4279, #7434, #1751 ) ) ;
#7183 = ADVANCED_FACE ( 'NONE', ( #2505 ), #7783, .F. ) ;
#7184 = ORIENTED_EDGE ( 'NONE', *, *, #887, .F. ) ;
#7185 = CARTESIAN_POINT ( 'NONE',  ( 1.499999999999999556, -0.3750000000000014988, 0.000000000000000000 ) ) ;
#7186 = ADVANCED_FACE ( 'NONE', ( #6204 ), #4714, .F. ) ;
#7187 = FACE_OUTER_BOUND ( 'NONE', #5726, .T. ) ;
#7188 = CARTESIAN_POINT ( 'NONE',  ( 3.868227767368511927, 16.36700041974804165, 0.000000000000000000 ) ) ;
#7189 = EDGE_CURVE ( 'NONE', #4730, #590, #7518, .T. ) ;
#7190 = CARTESIAN_POINT ( 'NONE',  ( 3.578552914350594083, 16.81325150349535136, 0.000000000000000000 ) ) ;
#7191 = AXIS2_PLACEMENT_3D ( 'NONE', #1835, #6494, #3278 ) ;
#7192 = AXIS2_PLACEMENT_3D ( 'NONE', #1811, #8710, #5489 ) ;
#7193 =( NAMED_UNIT ( * ) SI_UNIT ( $, .STERADIAN. ) SOLID_ANGLE_UNIT ( ) );
#7194 = DIRECTION ( 'NONE',  ( -0.000000000000000000, -0.000000000000000000, -1.000000000000000000 ) ) ;
#7195 = VECTOR ( 'NONE', #762, 1000.000000000000000 ) ;
#7196 = VECTOR ( 'NONE', #5579, 1000.000000000000000 ) ;
#7197 = VERTEX_POINT ( 'NONE', #7019 ) ;
#7198 = CARTESIAN_POINT ( 'NONE',  ( 3.488349471393764389, 16.55146734321162683, 0.000000000000000000 ) ) ;
#7199 = CARTESIAN_POINT ( 'NONE',  ( 3.071930837469771802, 16.58571287732829092, 0.000000000000000000 ) ) ;
#7200 = CARTESIAN_POINT ( 'NONE',  ( -1.499999999999999556, -0.6250000000000000000, -0.02000000000000000042 ) ) ;
#7201 = DIRECTION ( 'NONE',  ( -0.000000000000000000, -0.000000000000000000, 1.000000000000000000 ) ) ;
#7202 = VECTOR ( 'NONE', #6697, 1000.000000000000000 ) ;
#7203 = DIRECTION ( 'NONE',  ( 0.000000000000000000, -1.000000000000000000, 0.000000000000000000 ) ) ;
#7204 = CIRCLE ( 'NONE', #8531, 0.1250000000000005551 ) ;
#7205 = CARTESIAN_POINT ( 'NONE',  ( 3.749957108305741915, 16.41625044046226378, 1.694065894508600678E-18 ) ) ;
#7206 = VERTEX_POINT ( 'NONE', #4093 ) ;
#7207 =( GEOMETRIC_REPRESENTATION_CONTEXT ( 3 ) GLOBAL_UNCERTAINTY_ASSIGNED_CONTEXT ( ( #5977 ) ) GLOBAL_UNIT_ASSIGNED_CONTEXT ( ( #866, #5395, #8476 ) ) REPRESENTATION_CONTEXT ( 'NONE', 'WORKASPACE' ) );
#7208 = EDGE_CURVE ( 'NONE', #5810, #5648, #8694, .T. ) ;
#7209 = VERTEX_POINT ( 'NONE', #182 ) ;
#7210 = DIRECTION ( 'NONE',  ( 0.000000000000000000, 0.000000000000000000, 1.000000000000000000 ) ) ;
#7211 = ADVANCED_FACE ( 'NONE', ( #9459 ), #950, .F. ) ;
#7212 = DIRECTION ( 'NONE',  ( 0.000000000000000000, 0.000000000000000000, 1.000000000000000000 ) ) ;
#7213 = SURFACE_STYLE_FILL_AREA ( #8192 ) ;
#7214 = VECTOR ( 'NONE', #1166, 1000.000000000000000 ) ;
#7215 = ORIENTED_EDGE ( 'NONE', *, *, #606, .F. ) ;
#7216 = LINE ( 'NONE', #3909, #4604 ) ;
#7217 = DIRECTION ( 'NONE',  ( 0.005434702347162999325, 0.9999852318961505171, 0.000000000000000000 ) ) ;
#7218 =( NAMED_UNIT ( * ) PLANE_ANGLE_UNIT ( ) SI_UNIT ( $, .RADIAN. ) );
#7219 = ORIENTED_EDGE ( 'NONE', *, *, #8070, .F. ) ;
#7220 = CARTESIAN_POINT ( 'NONE',  ( 3.730716060786571475, 16.62754891642958910, 0.000000000000000000 ) ) ;
#7221 = FACE_OUTER_BOUND ( 'NONE', #945, .T. ) ;
#7222 = VECTOR ( 'NONE', #8279, 1000.000000000000000 ) ;
#7223 = FILL_AREA_STYLE ('',( #1143 ) ) ;
#7224 = ORIENTED_EDGE ( 'NONE', *, *, #9235, .F. ) ;
#7225 = LINE ( 'NONE', #2610, #6113 ) ;
#7226 = ORIENTED_EDGE ( 'NONE', *, *, #6712, .F. ) ;
#7227 = DIRECTION ( 'NONE',  ( -0.000000000000000000, -0.000000000000000000, -1.000000000000000000 ) ) ;
#7228 = ORIENTED_EDGE ( 'NONE', *, *, #733, .F. ) ;
#7229 = UNCERTAINTY_MEASURE_WITH_UNIT (LENGTH_MEASURE( 1.000000000000000082E-05 ), #3945, 'distance_accuracy_value', 'NONE');
#7230 = DIRECTION ( 'NONE',  ( -2.365532012695645823E-15, -1.000000000000000000, 0.000000000000000000 ) ) ;
#7231 = AXIS2_PLACEMENT_3D ( 'NONE', #391, #9064, #7530 ) ;
#7232 = FACE_OUTER_BOUND ( 'NONE', #8643, .T. ) ;
#7233 = SURFACE_STYLE_USAGE ( .BOTH. , #4871 ) ;
#7234 = ORIENTED_EDGE ( 'NONE', *, *, #6931, .T. ) ;
#7235 = PRESENTATION_LAYER_ASSIGNMENT (  '', '', ( #5943 ) ) ;
#7236 = CARTESIAN_POINT ( 'NONE',  ( 0.6750000000000001554, 0.8199999999999998401, -0.02000000000000000042 ) ) ;
#7237 = SURFACE_STYLE_FILL_AREA ( #7960 ) ;
#7238 = AXIS2_PLACEMENT_3D ( 'NONE', #4645, #7750, #7800 ) ;
#7239 = AXIS2_PLACEMENT_3D ( 'NONE', #2059, #8140, #5057 ) ;
#7240 = CARTESIAN_POINT ( 'NONE',  ( -0.6749999999999993783, 0.8699999999999998845, 0.01000000000000000021 ) ) ;
#7241 = CARTESIAN_POINT ( 'NONE',  ( -0.6749999999999997113, 0.8199999999999998401, 0.000000000000000000 ) ) ;
#7242 = CARTESIAN_POINT ( 'NONE',  ( 0.6749999999999998224, -0.8700000000000001066, -0.02000000000000000042 ) ) ;
#7243 = ADVANCED_FACE ( 'NONE', ( #6255 ), #1701, .F. ) ;
#7244 = FILL_AREA_STYLE_COLOUR ( '', #7875 ) ;
#7245 = AXIS2_PLACEMENT_3D ( 'NONE', #2301, #3097, #3893 ) ;
#7246 = CYLINDRICAL_SURFACE ( 'NONE', #1581, 0.1250000000000007494 ) ;
#7247 = ADVANCED_FACE ( 'NONE', ( #6353 ), #2411, .T. ) ;
#7248 = B_SPLINE_SURFACE_WITH_KNOTS ( 'NONE', 3, 1, ( 
 ( #7814, #7098 ),
 ( #880, #3933 ),
 ( #7045, #5363 ),
 ( #6339, #6484 ) ),
 .UNSPECIFIED., .F., .F., .F.,
 ( 4, 4 ),
 ( 2, 2 ),
 ( 0.5999999999999999778, 0.6666666666666666297 ),
 ( 0.000000000000000000, 1.000000000000000000 ),
 .UNSPECIFIED. ) ;
#7249 = PRESENTATION_LAYER_ASSIGNMENT (  '', '', ( #4794 ) ) ;
#7250 = ORIENTED_EDGE ( 'NONE', *, *, #2343, .F. ) ;
#7251 = CARTESIAN_POINT ( 'NONE',  ( 2.905822344666683765, 16.63107938386431428, 0.000000000000000000 ) ) ;
#7252 = VERTEX_POINT ( 'NONE', #5730 ) ;
#7253 = CARTESIAN_POINT ( 'NONE',  ( -1.469999999999999751, -1.469999999999999973, 0.7500000000000000000 ) ) ;
#7254 = CARTESIAN_POINT ( 'NONE',  ( 3.615269775671568375, 16.59206771871077990, 0.000000000000000000 ) ) ;
#7255 = DIRECTION ( 'NONE',  ( -0.000000000000000000, -0.000000000000000000, -1.000000000000000000 ) ) ;
#7256 = CARTESIAN_POINT ( 'NONE',  ( 3.418622739558246693, 16.54881949263557672, 0.001000000000000000021 ) ) ;
#7257 = ORIENTED_EDGE ( 'NONE', *, *, #7911, .T. ) ;
#7258 = CARTESIAN_POINT ( 'NONE',  ( 3.435039413129651997, 16.43778629181395701, 0.001000000000000000021 ) ) ;
#7259 = ORIENTED_EDGE ( 'NONE', *, *, #1227, .T. ) ;
#7260 = ORIENTED_EDGE ( 'NONE', *, *, #9374, .F. ) ;
#7261 = B_SPLINE_CURVE_WITH_KNOTS ( 'NONE', 3,
 ( #8486, #3789, #10022, #8436 ),
 .UNSPECIFIED., .F., .F.,
 ( 4, 4 ),
 ( 0.4000000000000000222, 0.5999999999999999778 ),
 .UNSPECIFIED. ) ;
#7262 = DIRECTION ( 'NONE',  ( -0.000000000000000000, -0.000000000000000000, 1.000000000000000000 ) ) ;
#7263 = CARTESIAN_POINT ( 'NONE',  ( 3.110765979251580493, 16.66991452564612430, 0.000000000000000000 ) ) ;
#7264 = VERTEX_POINT ( 'NONE', #7362 ) ;
#7265 = DIRECTION ( 'NONE',  ( 0.000000000000000000, -1.000000000000000000, 0.000000000000000000 ) ) ;
#7266 = DIRECTION ( 'NONE',  ( 1.000000000000000000, 0.000000000000000000, 0.000000000000000000 ) ) ;
#7267 = EDGE_LOOP ( 'NONE', ( #8421, #1626, #2540, #4192 ) ) ;
#7268 = FACE_OUTER_BOUND ( 'NONE', #6517, .T. ) ;
#7269 = CARTESIAN_POINT ( 'NONE',  ( -0.000000000000000000, 16.63054981374909858, 0.000000000000000000 ) ) ;
#7270 = EDGE_CURVE ( 'NONE', #4307, #1819, #3170, .T. ) ;
#7271 = CLOSED_SHELL ( 'NONE', ( #990, #3093, #1342, #9360, #4953, #4588, #249, #2278, #8625, #564, #2484, #5880, #793, #8614 ) ) ;
#7272 =( LENGTH_UNIT ( ) NAMED_UNIT ( * ) SI_UNIT ( .MILLI., .METRE. ) );
#7273 = ORIENTED_EDGE ( 'NONE', *, *, #1227, .F. ) ;
#7274 = DIRECTION ( 'NONE',  ( -0.000000000000000000, -0.000000000000000000, -1.000000000000000000 ) ) ;
#7275 = FILL_AREA_STYLE_COLOUR ( '', #5445 ) ;
#7276 = ORIENTED_EDGE ( 'NONE', *, *, #2056, .F. ) ;
#7277 = FACE_OUTER_BOUND ( 'NONE', #9371, .T. ) ;
#7278 = ORIENTED_EDGE ( 'NONE', *, *, #8468, .T. ) ;
#7279 = AXIS2_PLACEMENT_3D ( 'NONE', #9734, #7493, #2023 ) ;
#7280 = CYLINDRICAL_SURFACE ( 'NONE', #1850, 0.1250000000000009714 ) ;
#7281 = EDGE_CURVE ( 'NONE', #7886, #9072, #3573, .T. ) ;
#7282 = SURFACE_STYLE_USAGE ( .BOTH. , #8812 ) ;
#7283 = CARTESIAN_POINT ( 'NONE',  ( 1.224999999999999201, 0.2499999999999995837, -0.02000000000000000042 ) ) ;
#7284 = ORIENTED_EDGE ( 'NONE', *, *, #3639, .T. ) ;
#7285 = PRESENTATION_LAYER_ASSIGNMENT (  '', '', ( #38 ) ) ;
#7286 = EDGE_LOOP ( 'NONE', ( #3419, #5913, #641, #5841, #3099, #4251, #7571, #2481 ) ) ;
#7287 = CARTESIAN_POINT ( 'NONE',  ( 3.631509925871234667, 16.75905882837253813, 0.000000000000000000 ) ) ;
#7288 = ADVANCED_FACE ( 'NONE', ( #1090 ), #1840, .F. ) ;
#7289 = DIRECTION ( 'NONE',  ( 1.000000000000000000, 0.000000000000000000, 0.000000000000000000 ) ) ;
#7290 = VECTOR ( 'NONE', #1174, 1000.000000000000000 ) ;
#7291 = FACE_OUTER_BOUND ( 'NONE', #1440, .T. ) ;
#7292 = FACE_OUTER_BOUND ( 'NONE', #8354, .T. ) ;
#7293 = CARTESIAN_POINT ( 'NONE',  ( 3.673345964972550171, 16.49903990180617797, 0.001000000000000001756 ) ) ;
#7294 = DIRECTION ( 'NONE',  ( 1.000000000000000000, 0.000000000000000000, 0.000000000000000000 ) ) ;
#7295 =( NAMED_UNIT ( * ) SI_UNIT ( $, .STERADIAN. ) SOLID_ANGLE_UNIT ( ) );
#7296 = ORIENTED_EDGE ( 'NONE', *, *, #3997, .T. ) ;
#7297 = AXIS2_PLACEMENT_3D ( 'NONE', #8135, #5834, #5680 ) ;
#7298 = EDGE_CURVE ( 'NONE', #4967, #778, #3339, .T. ) ;
#7299 = CARTESIAN_POINT ( 'NONE',  ( 3.376963223828672866, 16.42101657149909499, -1.694065894508600678E-18 ) ) ;
#7300 = ORIENTED_EDGE ( 'NONE', *, *, #6931, .F. ) ;
#7301 = PLANE ( 'NONE',  #8109 ) ;
#7302 = CARTESIAN_POINT ( 'NONE',  ( 3.823390830947702490, 16.78094772646771560, 0.000000000000000000 ) ) ;
#7303 = DIRECTION ( 'NONE',  ( -0.000000000000000000, -0.000000000000000000, -1.000000000000000000 ) ) ;
#7304 = DIRECTION ( 'NONE',  ( 0.000000000000000000, -1.000000000000000000, 0.000000000000000000 ) ) ;
#7305 = AXIS2_PLACEMENT_3D ( 'NONE', #8313, #1359, #7538 ) ;
#7306 = CARTESIAN_POINT ( 'NONE',  ( 1.499999999999999334, -0.3750000000000014988, -0.02000000000000000042 ) ) ;
#7307 = EDGE_LOOP ( 'NONE', ( #7061, #7611, #2900, #5151 ) ) ;
#7308 = CARTESIAN_POINT ( 'NONE',  ( 3.749957108305741915, 16.41625044046226378, 1.694065894508600678E-18 ) ) ;
#7309 = ORIENTED_EDGE ( 'NONE', *, *, #4135, .T. ) ;
#7310 = ORIENTED_EDGE ( 'NONE', *, *, #1711, .T. ) ;
#7311 = FILL_AREA_STYLE ('',( #4952 ) ) ;
#7312 = EDGE_CURVE ( 'NONE', #8066, #4410, #518, .T. ) ;
#7313 = CARTESIAN_POINT ( 'NONE',  ( 3.729303873812690462, 16.84979184144457065, 0.000000000000000000 ) ) ;
#7314 = CARTESIAN_POINT ( 'NONE',  ( -1.500000000000000000, 0.6250000000000000000, -0.02000000000000000042 ) ) ;
#7315 = MECHANICAL_DESIGN_GEOMETRIC_PRESENTATION_REPRESENTATION (  '', ( #859 ), #8137 ) ;
#7316 = ORIENTED_EDGE ( 'NONE', *, *, #8127, .F. ) ;
#7317 = FILL_AREA_STYLE ('',( #8084 ) ) ;
#7318 = EDGE_CURVE ( 'NONE', #54, #8994, #7794, .T. ) ;
#7319 = EDGE_CURVE ( 'NONE', #5962, #3194, #2597, .T. ) ;
#7320 = ORIENTED_EDGE ( 'NONE', *, *, #8340, .F. ) ;
#7321 = FACE_OUTER_BOUND ( 'NONE', #6159, .T. ) ;
#7322 = CARTESIAN_POINT ( 'NONE',  ( 1.099999999999998979, -0.2500000000000004441, 0.000000000000000000 ) ) ;
#7323 = B_SPLINE_CURVE_WITH_KNOTS ( 'NONE', 3,
 ( #4181, #3260, #9478, #2527 ),
 .UNSPECIFIED., .F., .F.,
 ( 4, 4 ),
 ( 0.8000000000000000444, 0.8666666666666666963 ),
 .UNSPECIFIED. ) ;
#7324 = CARTESIAN_POINT ( 'NONE',  ( 3.084640520234724903, 16.42101657149909499, 0.001000000000000000021 ) ) ;
#7325 =( NAMED_UNIT ( * ) SI_UNIT ( $, .STERADIAN. ) SOLID_ANGLE_UNIT ( ) );
#7326 = ORIENTED_EDGE ( 'NONE', *, *, #3786, .T. ) ;
#7327 = ORIENTED_EDGE ( 'NONE', *, *, #3159, .T. ) ;
#7328 = SURFACE_STYLE_FILL_AREA ( #4269 ) ;
#7329 = CARTESIAN_POINT ( 'NONE',  ( 2.558738328827213859, -0.001053412239088145864, 0.001000000000000000021 ) ) ;
#7330 = VERTEX_POINT ( 'NONE', #1133 ) ;
#7331 = DIRECTION ( 'NONE',  ( -1.000000000000000000, 0.000000000000000000, 0.000000000000000000 ) ) ;
#7332 = ORIENTED_EDGE ( 'NONE', *, *, #8025, .T. ) ;
#7333 = FACE_OUTER_BOUND ( 'NONE', #4342, .T. ) ;
#7334 = CARTESIAN_POINT ( 'NONE',  ( 3.212796488114678439, 16.57017882061555980, 0.001000000000000000021 ) ) ;
#7335 = EDGE_LOOP ( 'NONE', ( #3813, #5645, #7167, #8443 ) ) ;
#7336 = ADVANCED_FACE ( 'NONE', ( #5008 ), #381, .F. ) ;
#7337 = ORIENTED_EDGE ( 'NONE', *, *, #4517, .T. ) ;
#7338 = EDGE_CURVE ( 'NONE', #4729, #5627, #8951, .T. ) ;
#7339 = CARTESIAN_POINT ( 'NONE',  ( 3.599735718958842590, 16.68068245132198157, 0.000000000000000000 ) ) ;
#7340 = PRESENTATION_STYLE_ASSIGNMENT (( #8876 ) ) ;
#7341 = DIRECTION ( 'NONE',  ( -1.000000000000000000, 0.000000000000000000, 0.000000000000000000 ) ) ;
#7342 = PRESENTATION_STYLE_ASSIGNMENT (( #5147 ) ) ;
#7343 = LINE ( 'NONE', #8332, #4291 ) ;
#7344 = CARTESIAN_POINT ( 'NONE',  ( 1.224999999999999423, -0.7500000000000004441, -0.02000000000000000042 ) ) ;
#7345 = EDGE_LOOP ( 'NONE', ( #4662, #185, #9648, #6491 ) ) ;
#7346 = VECTOR ( 'NONE', #2393, 1000.000000000000000 ) ;
#7347 = CARTESIAN_POINT ( 'NONE',  ( 2.908117148499234972, 16.82472552265812382, 0.001000000000000000021 ) ) ;
#7348 = ORIENTED_EDGE ( 'NONE', *, *, #4596, .F. ) ;
#7349 = CARTESIAN_POINT ( 'NONE',  ( 3.730716060786571475, 16.62754891642958910, 0.001000000000000000021 ) ) ;
#7350 = FACE_OUTER_BOUND ( 'NONE', #9302, .T. ) ;
#7351 = MECHANICAL_DESIGN_GEOMETRIC_PRESENTATION_REPRESENTATION (  '', ( #7030 ), #8368 ) ;
#7352 = CIRCLE ( 'NONE', #8344, 0.1250000000000009714 ) ;
#7353 = ADVANCED_FACE ( 'NONE', ( #3393 ), #2001, .F. ) ;
#7354 = CARTESIAN_POINT ( 'NONE',  ( 1.499999999999999556, -0.6250000000000003331, 0.1830000000000000238 ) ) ;
#7355 = ORIENTED_EDGE ( 'NONE', *, *, #7068, .T. ) ;
#7356 = CARTESIAN_POINT ( 'NONE',  ( 3.772199053144412062, 16.41730958069266677, 1.694065894508600678E-18 ) ) ;
#7357 = ORIENTED_EDGE ( 'NONE', *, *, #5630, .T. ) ;
#7358 = EDGE_LOOP ( 'NONE', ( #5720, #6478, #6809, #1159 ) ) ;
#7359 = SURFACE_STYLE_FILL_AREA ( #7311 ) ;
#7360 = AXIS2_PLACEMENT_3D ( 'NONE', #7891, #4906, #7987 ) ;
#7361 = COLOUR_RGB ( '',0.8039215686274510109, 0.8039215686274510109, 0.8039215686274510109 ) ;
#7362 = CARTESIAN_POINT ( 'NONE',  ( 2.693817775212373533, 16.55270300681376838, 0.001000000000000000021 ) ) ;
#7363 = CARTESIAN_POINT ( 'NONE',  ( 2.905822344666683765, 16.75976492185944622, 0.001000000000000000021 ) ) ;
#7364 = VERTEX_POINT ( 'NONE', #6502 ) ;
#7365 = PLANE ( 'NONE',  #1386 ) ;
#7366 = CARTESIAN_POINT ( 'NONE',  ( -2.791182627710051545, 0.9781067327877203121, 0.000000000000000000 ) ) ;
#7367 = ORIENTED_EDGE ( 'NONE', *, *, #7840, .F. ) ;
#7368 = DIRECTION ( 'NONE',  ( -0.000000000000000000, -0.000000000000000000, -1.000000000000000000 ) ) ;
#7369 = DIRECTION ( 'NONE',  ( 0.000000000000000000, 0.000000000000000000, -1.000000000000000000 ) ) ;
#7370 = B_SPLINE_CURVE_WITH_KNOTS ( 'NONE', 3,
 ( #7153, #5621, #1079, #7199 ),
 .UNSPECIFIED., .F., .F.,
 ( 4, 4 ),
 ( 0.3333333333333333148, 0.4444444444444444198 ),
 .UNSPECIFIED. ) ;
#7371 = ADVANCED_FACE ( 'NONE', ( #9662 ), #9201, .F. ) ;
#7372 = CARTESIAN_POINT ( 'NONE',  ( 2.786845592116968806, 16.48915459298898867, 0.001000000000000000021 ) ) ;
#7373 = LINE ( 'NONE', #5017, #2878 ) ;
#7374 = ORIENTED_EDGE ( 'NONE', *, *, #8038, .T. ) ;
#7375 = B_SPLINE_SURFACE_WITH_KNOTS ( 'NONE', 3, 1, ( 
 ( #1585, #9386 ),
 ( #5355, #4594 ),
 ( #9956, #3833 ),
 ( #6936, #7696 ) ),
 .UNSPECIFIED., .F., .F., .F.,
 ( 4, 4 ),
 ( 2, 2 ),
 ( 0.3333333333333333148, 1.000000000000000000 ),
 ( 0.000000000000000000, 1.000000000000000000 ),
 .UNSPECIFIED. ) ;
#7376 = EDGE_CURVE ( 'NONE', #9399, #7657, #7646, .T. ) ;
#7377 = ADVANCED_FACE ( 'NONE', ( #2702 ), #6106, .F. ) ;
#7378 = VECTOR ( 'NONE', #4749, 1000.000000000000000 ) ;
#7379 = EDGE_LOOP ( 'NONE', ( #4229, #9675, #3621, #2652 ) ) ;
#7380 = CARTESIAN_POINT ( 'NONE',  ( -1.224999999999999423, 0.3749999999999998890, 0.1830000000000000238 ) ) ;
#7381 = FACE_BOUND ( 'NONE', #7286, .T. ) ;
#7382 = VERTEX_POINT ( 'NONE', #8247 ) ;
#7383 = LINE ( 'NONE', #603, #1216 ) ;
#7384 = LINE ( 'NONE', #5608, #5176 ) ;
#7385 = ORIENTED_EDGE ( 'NONE', *, *, #891, .T. ) ;
#7386 = VECTOR ( 'NONE', #9035, 1000.000000000000000 ) ;
#7387 = FACE_OUTER_BOUND ( 'NONE', #6252, .T. ) ;
#7388 = CARTESIAN_POINT ( 'NONE',  ( -1.499999999999999778, -1.500000000000000000, 0.000000000000000000 ) ) ;
#7389 = LINE ( 'NONE', #1970, #9013 ) ;
#7390 =( LENGTH_UNIT ( ) NAMED_UNIT ( * ) SI_UNIT ( .MILLI., .METRE. ) );
#7391 = VERTEX_POINT ( 'NONE', #3647 ) ;
#7392 = VERTEX_POINT ( 'NONE', #1343 ) ;
#7393 = VECTOR ( 'NONE', #363, 1000.000000000000114 ) ;
#7394 = FACE_OUTER_BOUND ( 'NONE', #2026, .T. ) ;
#7395 = COLOUR_RGB ( '',0.8039215686274510109, 0.8039215686274510109, 0.8039215686274510109 ) ;
#7396 = CARTESIAN_POINT ( 'NONE',  ( -1.224999999999999867, 0.7499999999999998890, -0.02000000000000000042 ) ) ;
#7397 = PLANE ( 'NONE',  #9008 ) ;
#7398 = LINE ( 'NONE', #2733, #3357 ) ;
#7399 = STYLED_ITEM ( 'NONE', ( #1341 ), #3961 ) ;
#7400 = EDGE_CURVE ( 'NONE', #4532, #1995, #8626, .T. ) ;
#7401 = EDGE_CURVE ( 'NONE', #8628, #6589, #8295, .T. ) ;
#7402 = VECTOR ( 'NONE', #8305, 1000.000000000000000 ) ;
#7403 = ORIENTED_EDGE ( 'NONE', *, *, #3890, .F. ) ;
#7404 = AXIS2_PLACEMENT_3D ( 'NONE', #8862, #6565, #2015 ) ;
#7405 = ORIENTED_EDGE ( 'NONE', *, *, #9002, .T. ) ;
#7406 = CARTESIAN_POINT ( 'NONE',  ( 3.719595088367241509, 16.51580962212106840, 0.0009999999999999982861 ) ) ;
#7407 = VECTOR ( 'NONE', #802, 1000.000000000000227 ) ;
#7408 = DIRECTION ( 'NONE',  ( -0.000000000000000000, -0.000000000000000000, 1.000000000000000000 ) ) ;
#7409 = ORIENTED_EDGE ( 'NONE', *, *, #6250, .F. ) ;
#7410 = FILL_AREA_STYLE ('',( #5775 ) ) ;
#7411 = CARTESIAN_POINT ( 'NONE',  ( 2.999026684943015830, 0.000000000000000000, 0.000000000000000000 ) ) ;
#7412 = EDGE_CURVE ( 'NONE', #5497, #4206, #9965, .T. ) ;
#7413 = AXIS2_PLACEMENT_3D ( 'NONE', #8479, #873, #3775 ) ;
#7414 = DIRECTION ( 'NONE',  ( 0.3689112217029055785, -0.9294646364987049214, 0.000000000000000000 ) ) ;
#7415 = ORIENTED_EDGE ( 'NONE', *, *, #4352, .T. ) ;
#7416 = FACE_OUTER_BOUND ( 'NONE', #5322, .T. ) ;
#7417 = EDGE_LOOP ( 'NONE', ( #1886, #4044, #2431, #126 ) ) ;
#7418 = VECTOR ( 'NONE', #6140, 1000.000000000000000 ) ;
#7419 = VERTEX_POINT ( 'NONE', #2902 ) ;
#7420 = CARTESIAN_POINT ( 'NONE',  ( 3.256927331048552698, 16.63072633712083004, 0.001000000000000000021 ) ) ;
#7421 = CARTESIAN_POINT ( 'NONE',  ( 3.113590353199340743, 16.67238585285042873, 0.000000000000000000 ) ) ;
#7422 = ORIENTED_EDGE ( 'NONE', *, *, #8125, .T. ) ;
#7423 = SURFACE_STYLE_USAGE ( .BOTH. , #1093 ) ;
#7424 = DIRECTION ( 'NONE',  ( -0.000000000000000000, -0.000000000000000000, -1.000000000000000000 ) ) ;
#7425 = LINE ( 'NONE', #9001, #1138 ) ;
#7426 = EDGE_CURVE ( 'NONE', #1107, #6463, #2811, .T. ) ;
#7427 = EDGE_LOOP ( 'NONE', ( #6955, #1547, #4369, #8395 ) ) ;
#7428 = SURFACE_SIDE_STYLE ('',( #540 ) ) ;
#7429 = CARTESIAN_POINT ( 'NONE',  ( 2.893112661901726668, 0.000000000000000000, 0.001000000000000000021 ) ) ;
#7430 = CARTESIAN_POINT ( 'NONE',  ( 3.073343024443654592, 16.45614472247444837, 0.001000000000000000021 ) ) ;
#7431 =( NAMED_UNIT ( * ) PLANE_ANGLE_UNIT ( ) SI_UNIT ( $, .RADIAN. ) );
#7432 = ORIENTED_EDGE ( 'NONE', *, *, #199, .T. ) ;
#7433 = CARTESIAN_POINT ( 'NONE',  ( 3.534245548044983476, 16.54122898765098526, 0.001000000000000001756 ) ) ;
#7434 = ORIENTED_EDGE ( 'NONE', *, *, #6822, .F. ) ;
#7435 = LINE ( 'NONE', #8261, #8116 ) ;
#7436 = LINE ( 'NONE', #7329, #3506 ) ;
#7437 = ADVANCED_FACE ( 'NONE', ( #3599, #7520 ), #9873, .F. ) ;
#7438 = VERTEX_POINT ( 'NONE', #6283 ) ;
#7439 = CARTESIAN_POINT ( 'NONE',  ( -0.6749999999999993783, 0.8699999999999998845, 0.01000000000000000021 ) ) ;
#7440 = ORIENTED_EDGE ( 'NONE', *, *, #4575, .T. ) ;
#7441 = PRESENTATION_STYLE_ASSIGNMENT (( #1364 ) ) ;
#7442 = EDGE_CURVE ( 'NONE', #8429, #6351, #5944, .T. ) ;
#7443 = ADVANCED_FACE ( 'NONE', ( #5995 ), #3186, .F. ) ;
#7444 = SURFACE_STYLE_FILL_AREA ( #2820 ) ;
#7445 = CARTESIAN_POINT ( 'NONE',  ( -2.118946868454588461, 0.7054215524095633905, 0.000000000000000000 ) ) ;
#7446 = ORIENTED_EDGE ( 'NONE', *, *, #8684, .T. ) ;
#7447 = CLOSED_SHELL ( 'NONE', ( #3162, #8818, #6191, #949, #6836, #5863, #6977, #2378, #6397, #6017, #347, #73, #3183, #7377, #5673, #2782 ) ) ;
#7448 = VERTEX_POINT ( 'NONE', #2156 ) ;
#7449 = AXIS2_PLACEMENT_3D ( 'NONE', #682, #781, #6995 ) ;
#7450 = EDGE_CURVE ( 'NONE', #2851, #7487, #1678, .T. ) ;
#7451 = CARTESIAN_POINT ( 'NONE',  ( -1.469999999999999751, 0.000000000000000000, 0.7500000000000000000 ) ) ;
#7452 = DIRECTION ( 'NONE',  ( 1.000000000000000000, 0.000000000000000000, 0.000000000000000000 ) ) ;
#7453 = SURFACE_STYLE_USAGE ( .BOTH. , #9790 ) ;
#7454 =( LENGTH_UNIT ( ) NAMED_UNIT ( * ) SI_UNIT ( .MILLI., .METRE. ) );
#7455 = EDGE_CURVE ( 'NONE', #2739, #5310, #5220, .T. ) ;
#7456 = CARTESIAN_POINT ( 'NONE',  ( -1.499999999999999556, -0.8750000000000000000, -0.02000000000000000042 ) ) ;
#7457 = B_SPLINE_CURVE_WITH_KNOTS ( 'NONE', 3,
 ( #1487, #7465, #3493, #7256 ),
 .UNSPECIFIED., .F., .F.,
 ( 4, 4 ),
 ( 0.2727272727272727071, 0.3636363636363635909 ),
 .UNSPECIFIED. ) ;
#7458 = CARTESIAN_POINT ( 'NONE',  ( 1.224999999999999423, -0.7500000000000004441, 0.1830000000000000238 ) ) ;
#7459 = AXIS2_PLACEMENT_3D ( 'NONE', #7651, #3772, #2428 ) ;
#7460 = ORIENTED_EDGE ( 'NONE', *, *, #6144, .T. ) ;
#7461 = ADVANCED_FACE ( 'NONE', ( #1456 ), #3694, .T. ) ;
#7462 = ORIENTED_EDGE ( 'NONE', *, *, #5368, .F. ) ;
#7463 = FACE_OUTER_BOUND ( 'NONE', #8806, .T. ) ;
#7464 = ORIENTED_EDGE ( 'NONE', *, *, #5260, .T. ) ;
#7465 = CARTESIAN_POINT ( 'NONE',  ( 3.335303708099099040, 16.55146734321162683, 0.001000000000000000021 ) ) ;
#7466 = AXIS2_PLACEMENT_3D ( 'NONE', #995, #280, #5477 ) ;
#7467 = CARTESIAN_POINT ( 'NONE',  ( 3.421270590134276368, 16.77212155788095771, 1.694065894508600678E-18 ) ) ;
#7468 = ORIENTED_EDGE ( 'NONE', *, *, #7412, .T. ) ;
#7469 = ORIENTED_EDGE ( 'NONE', *, *, #1319, .F. ) ;
#7470 = DIRECTION ( 'NONE',  ( 0.000000000000000000, 0.000000000000000000, 1.000000000000000000 ) ) ;
#7471 = EDGE_CURVE ( 'NONE', #4729, #8950, #876, .T. ) ;
#7472 = DIRECTION ( 'NONE',  ( 0.000000000000000000, 0.000000000000000000, 1.000000000000000000 ) ) ;
#7473 = VERTEX_POINT ( 'NONE', #8441 ) ;
#7474 = FILL_AREA_STYLE_COLOUR ( '', #7039 ) ;
#7475 = PLANE ( 'NONE',  #2239 ) ;
#7476 = CARTESIAN_POINT ( 'NONE',  ( 2.786845592116968806, 16.48915459298898867, 0.001000000000000000021 ) ) ;
#7477 = VERTEX_POINT ( 'NONE', #9924 ) ;
#7478 = DIRECTION ( 'NONE',  ( -0.005319073689649684265, 0.9999858536274821574, 0.000000000000000000 ) ) ;
#7479 = PRESENTATION_STYLE_ASSIGNMENT (( #1292 ) ) ;
#7480 = CARTESIAN_POINT ( 'NONE',  ( 3.409090477484530091, 16.63054981374909858, 0.000000000000000000 ) ) ;
#7481 = DIRECTION ( 'NONE',  ( 1.000000000000000000, 0.000000000000000000, 0.000000000000000000 ) ) ;
#7482 = ORIENTED_EDGE ( 'NONE', *, *, #6213, .F. ) ;
#7483 = B_SPLINE_SURFACE_WITH_KNOTS ( 'NONE', 3, 1, ( 
 ( #922, #5444 ),
 ( #3217, #5599 ),
 ( #9432, #2477 ),
 ( #2950, #6042 ) ),
 .UNSPECIFIED., .F., .F., .F.,
 ( 4, 4 ),
 ( 2, 2 ),
 ( 0.000000000000000000, 0.2500000000000000000 ),
 ( 0.000000000000000000, 1.000000000000000000 ),
 .UNSPECIFIED. ) ;
#7484 = DIRECTION ( 'NONE',  ( 1.000000000000000000, 0.000000000000000000, 0.000000000000000000 ) ) ;
#7485 = PRESENTATION_STYLE_ASSIGNMENT (( #9777 ) ) ;
#7486 = DIRECTION ( 'NONE',  ( 1.000000000000000000, -2.365532012695645823E-15, 0.000000000000000000 ) ) ;
#7487 = VERTEX_POINT ( 'NONE', #6046 ) ;
#7488 = CARTESIAN_POINT ( 'NONE',  ( 3.335303708099099040, 16.55146734321162683, 0.001000000000000000021 ) ) ;
#7489 = ORIENTED_EDGE ( 'NONE', *, *, #5059, .F. ) ;
#7490 = CYLINDRICAL_SURFACE ( 'NONE', #7868, 0.1250000000000001110 ) ;
#7491 = VECTOR ( 'NONE', #3992, 1000.000000000000227 ) ;
#7492 = CARTESIAN_POINT ( 'NONE',  ( -0.7249999999999997558, 0.8199999999999995071, 0.01000000000000000021 ) ) ;
#7493 = DIRECTION ( 'NONE',  ( 0.000000000000000000, 1.000000000000000000, 0.000000000000000000 ) ) ;
#7494 =( LENGTH_UNIT ( ) NAMED_UNIT ( * ) SI_UNIT ( .MILLI., .METRE. ) );
#7495 = VERTEX_POINT ( 'NONE', #9152 ) ;
#7496 = ORIENTED_EDGE ( 'NONE', *, *, #10021, .T. ) ;
#7497 = CYLINDRICAL_SURFACE ( 'NONE', #8664, 0.1250000000000005551 ) ;
#7498 = DIRECTION ( 'NONE',  ( -0.000000000000000000, -0.000000000000000000, 1.000000000000000000 ) ) ;
#7499 = UNCERTAINTY_MEASURE_WITH_UNIT (LENGTH_MEASURE( 1.000000000000000082E-05 ), #9895, 'distance_accuracy_value', 'NONE');
#7500 = FILL_AREA_STYLE_COLOUR ( '', #8015 ) ;
#7501 = SURFACE_SIDE_STYLE ('',( #5034 ) ) ;
#7502 = FILL_AREA_STYLE_COLOUR ( '', #3071 ) ;
#7503 = FACE_OUTER_BOUND ( 'NONE', #5745, .T. ) ;
#7504 = CARTESIAN_POINT ( 'NONE',  ( 1.224999999999999423, -0.7500000000000004441, -0.02000000000000000042 ) ) ;
#7505 = ORIENTED_EDGE ( 'NONE', *, *, #7816, .F. ) ;
#7506 = EDGE_CURVE ( 'NONE', #1488, #5323, #2203, .T. ) ;
#7507 = ORIENTED_EDGE ( 'NONE', *, *, #9930, .F. ) ;
#7508 = ADVANCED_FACE ( 'NONE', ( #5502 ), #3928, .F. ) ;
#7509 = SURFACE_SIDE_STYLE ('',( #9141 ) ) ;
#7510 = VERTEX_POINT ( 'NONE', #694 ) ;
#7511 = CARTESIAN_POINT ( 'NONE',  ( 3.821449073858611989, 16.51104349108420521, 0.0009999999999999982861 ) ) ;
#7512 = DIRECTION ( 'NONE',  ( 0.000000000000000000, 1.000000000000000000, -0.000000000000000000 ) ) ;
#7513 = ORIENTED_EDGE ( 'NONE', *, *, #2938, .F. ) ;
#7514 = SURFACE_SIDE_STYLE ('',( #4356 ) ) ;
#7515 = CARTESIAN_POINT ( 'NONE',  ( 3.714475910586914065, 16.66108835705933089, 0.000000000000000000 ) ) ;
#7516 = CARTESIAN_POINT ( 'NONE',  ( -1.224999999999999423, -0.6250000000000001110, -0.02000000000000000042 ) ) ;
#7517 = ORIENTED_EDGE ( 'NONE', *, *, #8193, .T. ) ;
#7518 = B_SPLINE_CURVE_WITH_KNOTS ( 'NONE', 3,
 ( #2458, #1660, #4760, #5429 ),
 .UNSPECIFIED., .F., .F.,
 ( 4, 4 ),
 ( 0.2500000000000000000, 0.5000000000000000000 ),
 .UNSPECIFIED. ) ;
#7519 = VERTEX_POINT ( 'NONE', #4731 ) ;
#7520 = FACE_OUTER_BOUND ( 'NONE', #3434, .T. ) ;
#7521 = AXIS2_PLACEMENT_3D ( 'NONE', #6724, #6779, #4377 ) ;
#7522 = CIRCLE ( 'NONE', #2504, 0.1250000000000005551 ) ;
#7523 = ORIENTED_EDGE ( 'NONE', *, *, #5500, .T. ) ;
#7524 = PLANE ( 'NONE',  #1345 ) ;
#7525 = CARTESIAN_POINT ( 'NONE',  ( 3.210501684282120571, 16.63054981374909858, 0.000000000000000000 ) ) ;
#7526 = DIRECTION ( 'NONE',  ( 0.000000000000000000, 0.000000000000000000, 1.000000000000000000 ) ) ;
#7527 = ORIENTED_EDGE ( 'NONE', *, *, #5690, .F. ) ;
#7528 =( LENGTH_UNIT ( ) NAMED_UNIT ( * ) SI_UNIT ( .MILLI., .METRE. ) );
#7529 = B_SPLINE_CURVE_WITH_KNOTS ( 'NONE', 3,
 ( #7349, #3543, #1331, #4397 ),
 .UNSPECIFIED., .F., .F.,
 ( 4, 4 ),
 ( 0.8666666666666666963, 1.000000000000000000 ),
 .UNSPECIFIED. ) ;
#7530 = DIRECTION ( 'NONE',  ( -1.000000000000000000, 0.000000000000000000, 0.000000000000000000 ) ) ;
#7531 = EDGE_CURVE ( 'NONE', #6521, #4420, #533, .T. ) ;
#7532 = VECTOR ( 'NONE', #8018, 1000.000000000000000 ) ;
#7533 = PRESENTATION_STYLE_ASSIGNMENT (( #5893 ) ) ;
#7534 = VERTEX_POINT ( 'NONE', #163 ) ;
#7535 = VECTOR ( 'NONE', #7265, 1000.000000000000000 ) ;
#7536 = CARTESIAN_POINT ( 'NONE',  ( 1.499999999999999556, 0.3749999999999996669, 0.000000000000000000 ) ) ;
#7537 = CARTESIAN_POINT ( 'NONE',  ( 2.786845592116968806, 16.52340012710568118, 0.001000000000000000021 ) ) ;
#7538 = DIRECTION ( 'NONE',  ( 1.000000000000000000, 0.000000000000000000, 0.000000000000000000 ) ) ;
#7539 = ORIENTED_EDGE ( 'NONE', *, *, #1993, .F. ) ;
#7540 = CARTESIAN_POINT ( 'NONE',  ( 3.418622739558246693, 16.54881949263557672, 0.001000000000000000021 ) ) ;
#7541 = VECTOR ( 'NONE', #475, 1000.000000000000000 ) ;
#7542 = ORIENTED_EDGE ( 'NONE', *, *, #5332, .F. ) ;
#7543 = LINE ( 'NONE', #907, #6242 ) ;
#7544 =( NAMED_UNIT ( * ) PLANE_ANGLE_UNIT ( ) SI_UNIT ( $, .RADIAN. ) );
#7545 = PLANE ( 'NONE',  #8744 ) ;
#7546 = VECTOR ( 'NONE', #8180, 1000.000000000000000 ) ;
#7547 = FACE_OUTER_BOUND ( 'NONE', #4037, .T. ) ;
#7548 = VERTEX_POINT ( 'NONE', #1822 ) ;
#7549 =( GEOMETRIC_REPRESENTATION_CONTEXT ( 3 ) GLOBAL_UNCERTAINTY_ASSIGNED_CONTEXT ( ( #6984 ) ) GLOBAL_UNIT_ASSIGNED_CONTEXT ( ( #4225, #5699, #1012 ) ) REPRESENTATION_CONTEXT ( 'NONE', 'WORKASPACE' ) );
#7550 = ORIENTED_EDGE ( 'NONE', *, *, #8025, .F. ) ;
#7551 = LINE ( 'NONE', #3673, #3141 ) ;
#7552 = DIRECTION ( 'NONE',  ( -0.000000000000000000, -0.000000000000000000, -1.000000000000000000 ) ) ;
#7553 = VECTOR ( 'NONE', #8667, 1000.000000000000000 ) ;
#7554 = EDGE_CURVE ( 'NONE', #4828, #6061, #9537, .T. ) ;
#7555 = CYLINDRICAL_SURFACE ( 'NONE', #8532, 0.1250000000000001110 ) ;
#7556 = CARTESIAN_POINT ( 'NONE',  ( 3.437157693590472185, 16.45067249795063802, 0.000000000000000000 ) ) ;
#7557 = DIRECTION ( 'NONE',  ( -1.000000000000000000, 0.000000000000000000, 0.000000000000000000 ) ) ;
#7558 = LINE ( 'NONE', #621, #3322 ) ;
#7559 = ORIENTED_EDGE ( 'NONE', *, *, #4034, .F. ) ;
#7560 = SURFACE_STYLE_USAGE ( .BOTH. , #7509 ) ;
#7561 = ORIENTED_EDGE ( 'NONE', *, *, #1648, .T. ) ;
#7562 = EDGE_CURVE ( 'NONE', #2453, #1903, #8001, .T. ) ;
#7563 = DIRECTION ( 'NONE',  ( 1.000000000000000000, 0.000000000000000000, 0.000000000000000000 ) ) ;
#7564 = B_SPLINE_SURFACE_WITH_KNOTS ( 'NONE', 3, 1, ( 
 ( #9869, #5992 ),
 ( #9657, #8078 ),
 ( #2698, #8894 ),
 ( #1944, #4507 ) ),
 .UNSPECIFIED., .F., .F., .F.,
 ( 4, 4 ),
 ( 2, 2 ),
 ( 0.2500000000000000000, 0.5000000000000000000 ),
 ( 0.000000000000000000, 1.000000000000000000 ),
 .UNSPECIFIED. ) ;
#7565 = VERTEX_POINT ( 'NONE', #8723 ) ;
#7566 = CARTESIAN_POINT ( 'NONE',  ( 2.175015585681802310, 16.75376312722047345, 0.001000000000000000021 ) ) ;
#7567 = CARTESIAN_POINT ( 'NONE',  ( 1.499999999999999556, 0.6249999999999984457, 0.000000000000000000 ) ) ;
#7568 = VECTOR ( 'NONE', #4357, 1000.000000000000000 ) ;
#7569 = EDGE_CURVE ( 'NONE', #4121, #3209, #3616, .T. ) ;
#7570 = DIRECTION ( 'NONE',  ( 0.000000000000000000, 0.000000000000000000, -1.000000000000000000 ) ) ;
#7571 = ORIENTED_EDGE ( 'NONE', *, *, #1005, .F. ) ;
#7572 =( NAMED_UNIT ( * ) SI_UNIT ( $, .STERADIAN. ) SOLID_ANGLE_UNIT ( ) );
#7573 = VECTOR ( 'NONE', #7512, 1000.000000000000000 ) ;
#7574 = DIRECTION ( 'NONE',  ( -0.01204731841465963085, -0.9999274284261912005, 0.000000000000000000 ) ) ;
#7575 = ORIENTED_EDGE ( 'NONE', *, *, #4151, .T. ) ;
#7576 = CARTESIAN_POINT ( 'NONE',  ( -1.369999999999999662, 1.269999999999999796, 0.7699999999999999067 ) ) ;
#7577 = CARTESIAN_POINT ( 'NONE',  ( 3.799560175763412762, 16.76241277243552830, 0.000000000000000000 ) ) ;
#7578 = CARTESIAN_POINT ( 'NONE',  ( 2.649686932278500606, 16.63037329037736356, 0.001000000000000000021 ) ) ;
#7579 = EDGE_LOOP ( 'NONE', ( #3568, #4224, #8939, #7912 ) ) ;
#7580 = CIRCLE ( 'NONE', #7239, 0.02999999999999997113 ) ;
#7581 = SURFACE_STYLE_USAGE ( .BOTH. , #7428 ) ;
#7582 = SURFACE_STYLE_FILL_AREA ( #8350 ) ;
#7583 = AXIS2_PLACEMENT_3D ( 'NONE', #8022, #7110, #4152 ) ;
#7584 = DIRECTION ( 'NONE',  ( -1.000000000000000000, 0.000000000000000000, 0.000000000000000000 ) ) ;
#7585 = VERTEX_POINT ( 'NONE', #8822 ) ;
#7586 = DIRECTION ( 'NONE',  ( -0.001144164010853205302, -0.9999993454441438168, 0.000000000000000000 ) ) ;
#7587 = MECHANICAL_DESIGN_GEOMETRIC_PRESENTATION_REPRESENTATION (  '', ( #953 ), #5926 ) ;
#7588 = LINE ( 'NONE', #2122, #6167 ) ;
#7589 = DIRECTION ( 'NONE',  ( 1.000000000000000000, 0.000000000000000000, -0.000000000000000000 ) ) ;
#7590 = ORIENTED_EDGE ( 'NONE', *, *, #4034, .T. ) ;
#7591 = EDGE_CURVE ( 'NONE', #5668, #5653, #2579, .T. ) ;
#7592 = ORIENTED_EDGE ( 'NONE', *, *, #8218, .F. ) ;
#7593 = FILL_AREA_STYLE ('',( #6062 ) ) ;
#7594 = VECTOR ( 'NONE', #358, 1000.000000000000000 ) ;
#7595 = CARTESIAN_POINT ( 'NONE',  ( 3.406266103536768508, 16.72957942529269815, 0.000000000000000000 ) ) ;
#7596 = FILL_AREA_STYLE ('',( #2173 ) ) ;
#7597 = ORIENTED_EDGE ( 'NONE', *, *, #80, .F. ) ;
#7598 = ORIENTED_EDGE ( 'NONE', *, *, #1577, .F. ) ;
#7599 = CARTESIAN_POINT ( 'NONE',  ( 2.908117148499234528, 16.82472552265812382, 0.001000000000000000021 ) ) ;
#7600 = EDGE_CURVE ( 'NONE', #3314, #5426, #9247, .T. ) ;
#7601 = LINE ( 'NONE', #6025, #6447 ) ;
#7602 = LINE ( 'NONE', #720, #2202 ) ;
#7603 = FACE_OUTER_BOUND ( 'NONE', #8802, .T. ) ;
#7604 = CARTESIAN_POINT ( 'NONE',  ( 0.000000000000000000, 16.52092879990137675, 0.001000000000000000021 ) ) ;
#7605 = ORIENTED_EDGE ( 'NONE', *, *, #5194, .F. ) ;
#7606 = CIRCLE ( 'NONE', #6145, 0.05000000000000002359 ) ;
#7607 = VERTEX_POINT ( 'NONE', #2672 ) ;
#7608 = CARTESIAN_POINT ( 'NONE',  ( 3.100930588201689986, 0.01649431163981041060, 0.001000000000000000021 ) ) ;
#7609 = DIRECTION ( 'NONE',  ( -1.000000000000000000, 0.000000000000000000, 0.000000000000000000 ) ) ;
#7610 = VERTEX_POINT ( 'NONE', #1022 ) ;
#7611 = ORIENTED_EDGE ( 'NONE', *, *, #7898, .T. ) ;
#7612 = VECTOR ( 'NONE', #6726, 1000.000000000000000 ) ;
#7613 = CARTESIAN_POINT ( 'NONE',  ( 3.626743794834374590, 16.54599511868780226, 1.694065894508600678E-18 ) ) ;
#7614 = CARTESIAN_POINT ( 'NONE',  ( 0.6749999999999998224, -0.8700000000000001066, 0.01000000000000000021 ) ) ;
#7615 = CARTESIAN_POINT ( 'NONE',  ( 3.719595088367241509, 16.51580962212106840, 0.0009999999999999982861 ) ) ;
#7616 = CARTESIAN_POINT ( 'NONE',  ( 2.212791587233197355, 16.73540469655996432, 0.000000000000000000 ) ) ;
#7617 = VERTEX_POINT ( 'NONE', #4878 ) ;
#7618 = CIRCLE ( 'NONE', #673, 0.02999999999999997113 ) ;
#7619 = EDGE_CURVE ( 'NONE', #1480, #5012, #7522, .T. ) ;
#7620 = ORIENTED_EDGE ( 'NONE', *, *, #5434, .F. ) ;
#7621 = FILL_AREA_STYLE ('',( #9613 ) ) ;
#7622 = DIRECTION ( 'NONE',  ( -0.001826480971651787575, 0.9999983319822389749, 0.000000000000000000 ) ) ;
#7623 = CARTESIAN_POINT ( 'NONE',  ( -1.500000000000000000, 0.3750000000000000000, 0.1830000000000000238 ) ) ;
#7624 = ORIENTED_EDGE ( 'NONE', *, *, #8077, .T. ) ;
#7625 = CARTESIAN_POINT ( 'NONE',  ( 3.208383403821291946, 16.63866988884892706, 0.001000000000000000021 ) ) ;
#7626 = LINE ( 'NONE', #5058, #4992 ) ;
#7627 = CIRCLE ( 'NONE', #3229, 0.1000000000000000472 ) ;
#7628 = DIRECTION ( 'NONE',  ( 0.000000000000000000, 0.000000000000000000, 1.000000000000000000 ) ) ;
#7629 = DIRECTION ( 'NONE',  ( -0.000000000000000000, 0.000000000000000000, -1.000000000000000000 ) ) ;
#7630 = PLANE ( 'NONE',  #148 ) ;
#7631 = ORIENTED_EDGE ( 'NONE', *, *, #776, .F. ) ;
#7632 = CARTESIAN_POINT ( 'NONE',  ( 3.537599492107962540, 16.51157306119940671, 0.000000000000000000 ) ) ;
#7633 = CARTESIAN_POINT ( 'NONE',  ( -0.000000000000000000, 16.52092879990137675, 0.000000000000000000 ) ) ;
#7634 =( GEOMETRIC_REPRESENTATION_CONTEXT ( 3 ) GLOBAL_UNCERTAINTY_ASSIGNED_CONTEXT ( ( #6075 ) ) GLOBAL_UNIT_ASSIGNED_CONTEXT ( ( #5849, #5799, #343 ) ) REPRESENTATION_CONTEXT ( 'NONE', 'WORKASPACE' ) );
#7635 = EDGE_CURVE ( 'NONE', #5335, #6702, #7140, .T. ) ;
#7636 = VERTEX_POINT ( 'NONE', #6482 ) ;
#7637 = FILL_AREA_STYLE ('',( #4582 ) ) ;
#7638 = ORIENTED_EDGE ( 'NONE', *, *, #8090, .T. ) ;
#7639 = LINE ( 'NONE', #811, #4422 ) ;
#7640 =( LENGTH_UNIT ( ) NAMED_UNIT ( * ) SI_UNIT ( .MILLI., .METRE. ) );
#7641 = PLANE ( 'NONE',  #5158 ) ;
#7642 = AXIS2_PLACEMENT_3D ( 'NONE', #1750, #9273, #4005 ) ;
#7643 = PRESENTATION_STYLE_ASSIGNMENT (( #3027 ) ) ;
#7644 = VERTEX_POINT ( 'NONE', #3421 ) ;
#7645 = EDGE_LOOP ( 'NONE', ( #8179, #6658, #6154, #2076 ) ) ;
#7646 = B_SPLINE_CURVE_WITH_KNOTS ( 'NONE', 3,
 ( #8080, #7313, #2801, #3443 ),
 .UNSPECIFIED., .F., .F.,
 ( 4, 4 ),
 ( 0.7333333333333332815, 0.8000000000000000444 ),
 .UNSPECIFIED. ) ;
#7647 = B_SPLINE_SURFACE_WITH_KNOTS ( 'NONE', 3, 1, ( 
 ( #4929, #1923 ),
 ( #308, #929 ),
 ( #1870, #3367 ),
 ( #3264, #9591 ) ),
 .UNSPECIFIED., .F., .F., .F.,
 ( 4, 4 ),
 ( 2, 2 ),
 ( 0.000000000000000000, 0.1111111111111111049 ),
 ( 0.000000000000000000, 1.000000000000000000 ),
 .UNSPECIFIED. ) ;
#7648 = CARTESIAN_POINT ( 'NONE',  ( 3.789321820202755653, 16.53046106197511733, 0.001000000000000000021 ) ) ;
#7649 = CARTESIAN_POINT ( 'NONE',  ( 3.537599492107962096, 16.51157306119940671, 0.001000000000000000021 ) ) ;
#7650 = CIRCLE ( 'NONE', #8952, 0.1250000000000001110 ) ;
#7651 = CARTESIAN_POINT ( 'NONE',  ( 1.224999999999999423, 0.7499999999999995559, 0.000000000000000000 ) ) ;
#7652 = CARTESIAN_POINT ( 'NONE',  ( 3.637158673766773820, 16.58694854093044313, 0.001000000000000000021 ) ) ;
#7653 = CARTESIAN_POINT ( 'NONE',  ( 1.499999999999999556, 0.3749999999999996669, 0.1830000000000000238 ) ) ;
#7654 = VERTEX_POINT ( 'NONE', #7185 ) ;
#7655 = ADVANCED_FACE ( 'NONE', ( #4185 ), #7647, .F. ) ;
#7656 = ADVANCED_FACE ( 'NONE', ( #6334 ), #1333, .F. ) ;
#7657 = VERTEX_POINT ( 'NONE', #7287 ) ;
#7658 = CARTESIAN_POINT ( 'NONE',  ( 0.000000000000000000, 0.000000000000000000, 0.001000000000000000021 ) ) ;
#7659 = CARTESIAN_POINT ( 'NONE',  ( 2.905822344666683765, 16.75976492185944622, 0.001000000000000000021 ) ) ;
#7660 = VERTEX_POINT ( 'NONE', #8053 ) ;
#7661 = CARTESIAN_POINT ( 'NONE',  ( -0.7249999999999997558, -0.8199999999999997291, 0.01000000000000000021 ) ) ;
#7662 = LINE ( 'NONE', #30, #6588 ) ;
#7663 = ORIENTED_EDGE ( 'NONE', *, *, #6958, .F. ) ;
#7664 = CARTESIAN_POINT ( 'NONE',  ( 3.095761492654057090, 16.63054981374909858, 0.001000000000000000021 ) ) ;
#7665 = LINE ( 'NONE', #1545, #3966 ) ;
#7666 = FACE_OUTER_BOUND ( 'NONE', #5165, .T. ) ;
#7667 = VERTEX_POINT ( 'NONE', #8673 ) ;
#7668 =( LENGTH_UNIT ( ) NAMED_UNIT ( * ) SI_UNIT ( .MILLI., .METRE. ) );
#7669 = ORIENTED_EDGE ( 'NONE', *, *, #6320, .T. ) ;
#7670 = DIRECTION ( 'NONE',  ( -1.000000000000000000, 0.000000000000000000, 0.000000000000000000 ) ) ;
#7671 = SPHERICAL_SURFACE ( 'NONE', #2440, 0.02999999999999999889 ) ;
#7672 = EDGE_CURVE ( 'NONE', #6722, #9620, #1725, .T. ) ;
#7673 = FILL_AREA_STYLE ('',( #3861 ) ) ;
#7674 = CARTESIAN_POINT ( 'NONE',  ( 3.372197092791819006, 16.38800670098454404, 1.694065894508600678E-18 ) ) ;
#7675 = SURFACE_STYLE_USAGE ( .BOTH. , #8554 ) ;
#7676 = CARTESIAN_POINT ( 'NONE',  ( -0.6749999999999997113, 0.8199999999999998401, 0.01000000000000000021 ) ) ;
#7677 = ORIENTED_EDGE ( 'NONE', *, *, #1957, .T. ) ;
#7678 = CARTESIAN_POINT ( 'NONE',  ( -1.499999999999999556, -0.8750000000000000000, 0.1830000000000000238 ) ) ;
#7679 = CARTESIAN_POINT ( 'NONE',  ( 1.224999999999999423, -0.8750000000000014433, -0.02000000000000000042 ) ) ;
#7680 = CARTESIAN_POINT ( 'NONE',  ( 2.999026684943015830, 0.000000000000000000, 0.001000000000000000021 ) ) ;
#7681 = ORIENTED_EDGE ( 'NONE', *, *, #416, .T. ) ;
#7682 = CARTESIAN_POINT ( 'NONE',  ( -1.224999999999999645, -0.3750000000000001110, 0.1829999999927167664 ) ) ;
#7683 = ORIENTED_EDGE ( 'NONE', *, *, #1790, .T. ) ;
#7684 = ADVANCED_FACE ( 'NONE', ( #357 ), #9639, .T. ) ;
#7685 =( GEOMETRIC_REPRESENTATION_CONTEXT ( 3 ) GLOBAL_UNCERTAINTY_ASSIGNED_CONTEXT ( ( #7693 ) ) GLOBAL_UNIT_ASSIGNED_CONTEXT ( ( #700, #1611, #2210 ) ) REPRESENTATION_CONTEXT ( 'NONE', 'WORKASPACE' ) );
#7686 = VECTOR ( 'NONE', #1264, 1000.000000000000000 ) ;
#7687 = CARTESIAN_POINT ( 'NONE',  ( -1.499999999999999556, 0.8750000000000000000, 0.1830000000000000238 ) ) ;
#7688 = EDGE_CURVE ( 'NONE', #1030, #8962, #5719, .T. ) ;
#7689 = VERTEX_POINT ( 'NONE', #2882 ) ;
#7690 = AXIS2_PLACEMENT_3D ( 'NONE', #302, #5650, #8765 ) ;
#7691 = VECTOR ( 'NONE', #955, 1000.000000000000000 ) ;
#7692 = CARTESIAN_POINT ( 'NONE',  ( 3.835394420225713308, 16.46797178838075482, 0.001000000000000000021 ) ) ;
#7693 = UNCERTAINTY_MEASURE_WITH_UNIT (LENGTH_MEASURE( 1.000000000000000082E-05 ), #700, 'distance_accuracy_value', 'NONE');
#7694 = DIRECTION ( 'NONE',  ( -1.000000000000000000, 3.942553354492742545E-16, 0.000000000000000000 ) ) ;
#7695 = STYLED_ITEM ( 'NONE', ( #10033 ), #1902 ) ;
#7696 = CARTESIAN_POINT ( 'NONE',  ( 3.495763453006649257, 16.79171565214358708, 0.000000000000000000 ) ) ;
#7697 = DIRECTION ( 'NONE',  ( 1.000000000000000000, -3.942553354492742545E-16, 0.000000000000000000 ) ) ;
#7698 = AXIS2_PLACEMENT_3D ( 'NONE', #6056, #4525, #9830 ) ;
#7699 = MECHANICAL_DESIGN_GEOMETRIC_PRESENTATION_REPRESENTATION (  '', ( #2661 ), #1869 ) ;
#7700 = FACE_OUTER_BOUND ( 'NONE', #2113, .T. ) ;
#7701 = CARTESIAN_POINT ( 'NONE',  ( -0.1258576712951786913, 16.80199911951577363, 0.000000000000000000 ) ) ;
#7702 = EDGE_LOOP ( 'NONE', ( #3925, #2320, #9213, #9419 ) ) ;
#7703 = ORIENTED_EDGE ( 'NONE', *, *, #5615, .F. ) ;
#7704 = VECTOR ( 'NONE', #5397, 1000.000000000000000 ) ;
#7705 = CARTESIAN_POINT ( 'NONE',  ( -1.499999999999999556, -0.3750000000000000000, 0.1830000000000000238 ) ) ;
#7706 = LINE ( 'NONE', #3685, #2282 ) ;
#7707 = EDGE_LOOP ( 'NONE', ( #2292, #8493, #9576, #5072 ) ) ;
#7708 = EDGE_CURVE ( 'NONE', #2198, #981, #7352, .T. ) ;
#7709 = CARTESIAN_POINT ( 'NONE',  ( 3.656399721285936266, 16.42419399219033949, 0.001000000000000000021 ) ) ;
#7710 = ADVANCED_FACE ( 'NONE', ( #7394 ), #4386, .T. ) ;
#7711 = VECTOR ( 'NONE', #5366, 1000.000000000000000 ) ;
#7712 = FILL_AREA_STYLE_COLOUR ( '', #6096 ) ;
#7713 = PLANE ( 'NONE',  #5300 ) ;
#7714 = ORIENTED_EDGE ( 'NONE', *, *, #10025, .F. ) ;
#7715 = VECTOR ( 'NONE', #9137, 1000.000000000000000 ) ;
#7716 = ORIENTED_EDGE ( 'NONE', *, *, #3349, .F. ) ;
#7717 = CARTESIAN_POINT ( 'NONE',  ( -6.987650917943116546, 9.957402558050056030, 0.001000000000000000021 ) ) ;
#7718 = DIRECTION ( 'NONE',  ( -0.004999937501138439211, -0.9999875002343702191, 0.000000000000000000 ) ) ;
#7719 = CIRCLE ( 'NONE', #1591, 0.1250000000000001110 ) ;
#7720 = ADVANCED_FACE ( 'NONE', ( #9692 ), #7497, .F. ) ;
#7721 = CARTESIAN_POINT ( 'NONE',  ( -1.224999999999999423, -0.8750000000000001110, 0.1830000001064036041 ) ) ;
#7722 = PLANE ( 'NONE',  #6581 ) ;
#7723 = CARTESIAN_POINT ( 'NONE',  ( 3.536893398621014928, 16.55005515623776091, 1.694065894508600678E-18 ) ) ;
#7724 = ORIENTED_EDGE ( 'NONE', *, *, #1807, .F. ) ;
#7725 = B_SPLINE_SURFACE_WITH_KNOTS ( 'NONE', 3, 1, ( 
 ( #905, #2287 ),
 ( #5534, #718 ),
 ( #4542, #4853 ),
 ( #146, #7985 ) ),
 .UNSPECIFIED., .F., .F., .F.,
 ( 4, 4 ),
 ( 2, 2 ),
 ( 0.000000000000000000, 0.2000000000000000111 ),
 ( 0.000000000000000000, 1.000000000000000000 ),
 .UNSPECIFIED. ) ;
#7726 = VECTOR ( 'NONE', #2857, 1000.000000000000000 ) ;
#7727 = CARTESIAN_POINT ( 'NONE',  ( 3.117120820634052158, 16.67273889959386324, 0.001000000000000000021 ) ) ;
#7728 = EDGE_CURVE ( 'NONE', #3963, #4028, #614, .T. ) ;
#7729 = PRESENTATION_LAYER_ASSIGNMENT (  '', '', ( #5951 ) ) ;
#7730 = CARTESIAN_POINT ( 'NONE',  ( 3.789321820202755653, 16.53046106197511733, 0.001000000000000000021 ) ) ;
#7731 = VECTOR ( 'NONE', #5898, 1000.000000000000000 ) ;
#7732 = EDGE_LOOP ( 'NONE', ( #6497, #7923, #751, #4163 ) ) ;
#7733 = FACE_OUTER_BOUND ( 'NONE', #3990, .T. ) ;
#7734 = ORIENTED_EDGE ( 'NONE', *, *, #471, .T. ) ;
#7735 = B_SPLINE_CURVE_WITH_KNOTS ( 'NONE', 3,
 ( #4769, #9622, #2605, #7988 ),
 .UNSPECIFIED., .F., .F.,
 ( 4, 4 ),
 ( 0.4285714285714284921, 0.5714285714285713969 ),
 .UNSPECIFIED. ) ;
#7736 = CARTESIAN_POINT ( 'NONE',  ( 3.121357381555704524, 16.44625941365725907, 0.000000000000000000 ) ) ;
#7737 = VECTOR ( 'NONE', #8183, 1000.000000000000000 ) ;
#7738 = CARTESIAN_POINT ( 'NONE',  ( 3.269819931388474377, 0.008950237038417102609, 0.001000000000000000021 ) ) ;
#7739 = PLANE ( 'NONE',  #4660 ) ;
#7740 = STYLED_ITEM ( 'NONE', ( #8921 ), #5107 ) ;
#7741 = ADVANCED_FACE ( 'NONE', ( #5861 ), #3984, .F. ) ;
#7742 = EDGE_CURVE ( 'NONE', #2158, #8897, #5974, .T. ) ;
#7743 = VERTEX_POINT ( 'NONE', #6024 ) ;
#7744 = ORIENTED_EDGE ( 'NONE', *, *, #3227, .T. ) ;
#7745 = CARTESIAN_POINT ( 'NONE',  ( -1.169999999999999707, 1.269999999999999796, 0.7699999999999999067 ) ) ;
#7746 = EDGE_CURVE ( 'NONE', #266, #5962, #9740, .T. ) ;
#7747 = UNCERTAINTY_MEASURE_WITH_UNIT (LENGTH_MEASURE( 1.000000000000000082E-05 ), #2762, 'distance_accuracy_value', 'NONE');
#7748 = AXIS2_PLACEMENT_3D ( 'NONE', #6582, #5196, #9031 ) ;
#7749 = DIRECTION ( 'NONE',  ( 1.000000000000000000, 0.000000000000000000, 0.000000000000000000 ) ) ;
#7750 = DIRECTION ( 'NONE',  ( 0.000000000000000000, 1.000000000000000000, 0.000000000000000000 ) ) ;
#7751 = CARTESIAN_POINT ( 'NONE',  ( 2.926843860220482263, -0.01599368229554730750, 0.001000000000000000021 ) ) ;
#7752 = PLANE ( 'NONE',  #6089 ) ;
#7753 = PLANE ( 'NONE',  #6420 ) ;
#7754 = CARTESIAN_POINT ( 'NONE',  ( 3.799560175763412762, 16.76241277243552830, 0.001000000000000000021 ) ) ;
#7755 = AXIS2_PLACEMENT_3D ( 'NONE', #2780, #9745, #6790 ) ;
#7756 = ORIENTED_EDGE ( 'NONE', *, *, #814, .T. ) ;
#7757 = EDGE_CURVE ( 'NONE', #4095, #5497, #9029, .T. ) ;
#7758 = EDGE_CURVE ( 'NONE', #3953, #3839, #6927, .T. ) ;
#7759 = PRESENTATION_STYLE_ASSIGNMENT (( #1592 ) ) ;
#7760 = DIRECTION ( 'NONE',  ( -0.000000000000000000, 0.000000000000000000, -1.000000000000000000 ) ) ;
#7761 = ORIENTED_EDGE ( 'NONE', *, *, #6352, .T. ) ;
#7762 = B_SPLINE_CURVE_WITH_KNOTS ( 'NONE', 3,
 ( #4994, #5986, #2146, #6740 ),
 .UNSPECIFIED., .F., .F.,
 ( 4, 4 ),
 ( 0.4000000000000000222, 0.5000000000000000000 ),
 .UNSPECIFIED. ) ;
#7763 = ORIENTED_EDGE ( 'NONE', *, *, #8689, .T. ) ;
#7764 = DIRECTION ( 'NONE',  ( -0.000000000000000000, -0.000000000000000000, -1.000000000000000000 ) ) ;
#7765 = LINE ( 'NONE', #5458, #4625 ) ;
#7766 = CARTESIAN_POINT ( 'NONE',  ( 2.754894861832849706, 16.58818420453259179, 0.001000000000000000021 ) ) ;
#7767 = EDGE_CURVE ( 'NONE', #1007, #7419, #4615, .T. ) ;
#7768 = ORIENTED_EDGE ( 'NONE', *, *, #4280, .T. ) ;
#7769 = AXIS2_PLACEMENT_3D ( 'NONE', #9254, #3189, #3985 ) ;
#7770 = CARTESIAN_POINT ( 'NONE',  ( 3.714475910586914065, 16.66108835705933089, 0.000000000000000000 ) ) ;
#7771 = VECTOR ( 'NONE', #4555, 1000.000000000000000 ) ;
#7772 = ORIENTED_EDGE ( 'NONE', *, *, #4338, .F. ) ;
#7773 = DIRECTION ( 'NONE',  ( -0.000000000000000000, -0.000000000000000000, -1.000000000000000000 ) ) ;
#7774 = DIRECTION ( 'NONE',  ( -1.000000000000000000, 0.000000000000000000, 0.000000000000000000 ) ) ;
#7775 = CARTESIAN_POINT ( 'NONE',  ( 3.252690770126899888, 16.57159100758945414, 1.694065894508600678E-18 ) ) ;
#7776 = CARTESIAN_POINT ( 'NONE',  ( 0.000000000000000000, 0.000000000000000000, 0.001000000000000000021 ) ) ;
#7777 = PLANE ( 'NONE',  #5124 ) ;
#7778 = ORIENTED_EDGE ( 'NONE', *, *, #5895, .T. ) ;
#7779 = EDGE_CURVE ( 'NONE', #1984, #503, #1371, .T. ) ;
#7780 = VERTEX_POINT ( 'NONE', #4982 ) ;
#7781 = DIRECTION ( 'NONE',  ( 1.000000000000000000, 0.000000000000000000, -0.000000000000000000 ) ) ;
#7782 = ADVANCED_FACE ( 'NONE', ( #6680 ), #5142, .F. ) ;
#7783 = PLANE ( 'NONE',  #2141 ) ;
#7784 = DIRECTION ( 'NONE',  ( 1.000000000000000000, 0.000000000000000000, 0.000000000000000000 ) ) ;
#7785 = AXIS2_PLACEMENT_3D ( 'NONE', #5886, #6050, #9159 ) ;
#7786 = ORIENTED_EDGE ( 'NONE', *, *, #5203, .F. ) ;
#7787 = DIRECTION ( 'NONE',  ( 1.000000000000000000, 0.000000000000000000, -0.000000000000000000 ) ) ;
#7788 = ORIENTED_EDGE ( 'NONE', *, *, #9049, .T. ) ;
#7789 = AXIS2_PLACEMENT_3D ( 'NONE', #2488, #5551, #8675 ) ;
#7790 = CARTESIAN_POINT ( 'NONE',  ( 3.484289433843847927, 16.52092879990137675, 0.001000000000000000021 ) ) ;
#7791 = CARTESIAN_POINT ( 'NONE',  ( 2.747127833476488590, 16.78183034332643331, 0.001000000000000000021 ) ) ;
#7792 = CARTESIAN_POINT ( 'NONE',  ( 2.747127833476488590, 16.78183034332643331, 0.001000000000000000021 ) ) ;
#7793 = ORIENTED_EDGE ( 'NONE', *, *, #8837, .T. ) ;
#7794 = CIRCLE ( 'NONE', #6010, 0.1250000000000001110 ) ;
#7795 = ORIENTED_EDGE ( 'NONE', *, *, #4607, .T. ) ;
#7796 = ORIENTED_EDGE ( 'NONE', *, *, #9986, .T. ) ;
#7797 = CARTESIAN_POINT ( 'NONE',  ( 3.791793147407053421, 16.63443332792731155, 0.001000000000000000021 ) ) ;
#7798 = UNCERTAINTY_MEASURE_WITH_UNIT (LENGTH_MEASURE( 1.000000000000000082E-05 ), #1455, 'distance_accuracy_value', 'NONE');
#7799 = FILL_AREA_STYLE_COLOUR ( '', #9330 ) ;
#7800 = DIRECTION ( 'NONE',  ( 0.000000000000000000, -0.000000000000000000, 1.000000000000000000 ) ) ;
#7801 = MECHANICAL_DESIGN_GEOMETRIC_PRESENTATION_REPRESENTATION (  '', ( #53 ), #3579 ) ;
#7802 = CARTESIAN_POINT ( 'NONE',  ( 3.563724951124809692, 16.55640999762019661, 1.694065894508600678E-18 ) ) ;
#7803 = EDGE_CURVE ( 'NONE', #6179, #4828, #9848, .T. ) ;
#7804 = CARTESIAN_POINT ( 'NONE',  ( 0.000000000000000000, 16.63054981374909858, 0.001000000000000000021 ) ) ;
#7805 = CARTESIAN_POINT ( 'NONE',  ( 2.462748681610632318, 16.59118510185208351, 0.001000000000000000021 ) ) ;
#7806 = VERTEX_POINT ( 'NONE', #8274 ) ;
#7807 = ORIENTED_EDGE ( 'NONE', *, *, #4774, .F. ) ;
#7808 = VECTOR ( 'NONE', #728, 1000.000000000000000 ) ;
#7809 = CARTESIAN_POINT ( 'NONE',  ( 3.110412932508104689, 16.66444230112228198, 0.001000000000000000021 ) ) ;
#7810 = DIRECTION ( 'NONE',  ( -0.1020288654973053322, -0.9947814386111818452, 0.000000000000000000 ) ) ;
#7811 = LINE ( 'NONE', #3885, #1148 ) ;
#7812 = B_SPLINE_CURVE_WITH_KNOTS ( 'NONE', 3,
 ( #70, #7754, #6331, #9339 ),
 .UNSPECIFIED., .F., .F.,
 ( 4, 4 ),
 ( 0.5999999999999999778, 0.6666666666666666297 ),
 .UNSPECIFIED. ) ;
#7813 = B_SPLINE_SURFACE_WITH_KNOTS ( 'NONE', 3, 1, ( 
 ( #3488, #4242 ),
 ( #7511, #520 ),
 ( #9918, #9092 ),
 ( #7406, #2946 ) ),
 .UNSPECIFIED., .F., .F., .F.,
 ( 4, 4 ),
 ( 2, 2 ),
 ( 0.09090909090909089774, 0.1818181818181817955 ),
 ( 0.000000000000000000, 1.000000000000000000 ),
 .UNSPECIFIED. ) ;
#7814 = CARTESIAN_POINT ( 'NONE',  ( 3.790734007176634890, 16.76311886592244704, 0.001000000000000000021 ) ) ;
#7815 = CARTESIAN_POINT ( 'NONE',  ( 5.477489506485256676, 1.009011224877483848, 0.000000000000000000 ) ) ;
#7816 = EDGE_CURVE ( 'NONE', #1500, #5024, #2136, .T. ) ;
#7817 = EDGE_CURVE ( 'NONE', #4496, #2453, #7551, .T. ) ;
#7818 = CARTESIAN_POINT ( 'NONE',  ( 1.224999999999999201, 0.8750000000000004441, -0.02000000000000000042 ) ) ;
#7819 = EDGE_LOOP ( 'NONE', ( #5704, #1687, #3494, #2620 ) ) ;
#7820 = ORIENTED_EDGE ( 'NONE', *, *, #2727, .F. ) ;
#7821 = CARTESIAN_POINT ( 'NONE',  ( 3.789498343574488892, 16.70363048964761177, 0.001000000000000000021 ) ) ;
#7822 = ORIENTED_EDGE ( 'NONE', *, *, #1618, .F. ) ;
#7823 = DIRECTION ( 'NONE',  ( -0.02380277794665261806, 0.9997166737441275375, 0.000000000000000000 ) ) ;
#7824 = FACE_OUTER_BOUND ( 'NONE', #1041, .T. ) ;
#7825 = DIRECTION ( 'NONE',  ( 0.000000000000000000, 1.000000000000000000, 0.000000000000000000 ) ) ;
#7826 = FACE_OUTER_BOUND ( 'NONE', #4718, .T. ) ;
#7827 = VERTEX_POINT ( 'NONE', #7692 ) ;
#7828 = DIRECTION ( 'NONE',  ( 0.000000000000000000, 0.000000000000000000, -1.000000000000000000 ) ) ;
#7829 = ORIENTED_EDGE ( 'NONE', *, *, #10025, .T. ) ;
#7830 = CARTESIAN_POINT ( 'NONE',  ( 3.308472155595314490, 16.82472552265812382, 0.001000000000000000021 ) ) ;
#7831 = B_SPLINE_CURVE_WITH_KNOTS ( 'NONE', 3,
 ( #7258, #3388, #4045, #3201 ),
 .UNSPECIFIED., .F., .F.,
 ( 4, 4 ),
 ( 0.09090909090909089774, 0.1818181818181817955 ),
 .UNSPECIFIED. ) ;
#7832 = FACE_OUTER_BOUND ( 'NONE', #1549, .T. ) ;
#7833 = CARTESIAN_POINT ( 'NONE',  ( 1.224999999999999423, 0.8749999999999996669, 0.000000000000000000 ) ) ;
#7834 = ORIENTED_EDGE ( 'NONE', *, *, #4629, .T. ) ;
#7835 = CARTESIAN_POINT ( 'NONE',  ( 3.432038515810145629, 16.53822809033147223, 0.000000000000000000 ) ) ;
#7836 = FACE_OUTER_BOUND ( 'NONE', #4683, .T. ) ;
#7837 = ORIENTED_EDGE ( 'NONE', *, *, #6021, .F. ) ;
#7838 = CARTESIAN_POINT ( 'NONE',  ( 1.224999999999999423, -0.1250000000000003331, 0.1830000000000000238 ) ) ;
#7839 = ADVANCED_FACE ( 'NONE', ( #4541 ), #3174, .F. ) ;
#7840 = EDGE_CURVE ( 'NONE', #5040, #1921, #769, .T. ) ;
#7841 = DIRECTION ( 'NONE',  ( -0.000000000000000000, -0.000000000000000000, -1.000000000000000000 ) ) ;
#7842 = CARTESIAN_POINT ( 'NONE',  ( 2.860985408245872996, 16.63107938386431428, 0.001000000000000000021 ) ) ;
#7843 = ORIENTED_EDGE ( 'NONE', *, *, #8125, .F. ) ;
#7844 = VERTEX_POINT ( 'NONE', #2177 ) ;
#7845 = ORIENTED_EDGE ( 'NONE', *, *, #7017, .F. ) ;
#7846 = DIRECTION ( 'NONE',  ( -0.000000000000000000, -0.000000000000000000, -1.000000000000000000 ) ) ;
#7847 = PRESENTATION_LAYER_ASSIGNMENT (  '', '', ( #3637 ) ) ;
#7848 = VECTOR ( 'NONE', #8773, 1000.000000000000000 ) ;
#7849 = FILL_AREA_STYLE_COLOUR ( '', #589 ) ;
#7850 = DIRECTION ( 'NONE',  ( 1.000000000000000000, 0.000000000000000000, 0.000000000000000000 ) ) ;
#7851 = DIRECTION ( 'NONE',  ( -0.000000000000000000, -0.000000000000000000, -1.000000000000000000 ) ) ;
#7852 = FACE_OUTER_BOUND ( 'NONE', #6406, .T. ) ;
#7853 = FACE_OUTER_BOUND ( 'NONE', #5275, .T. ) ;
#7854 = VECTOR ( 'NONE', #3641, 1000.000000000000000 ) ;
#7855 = VERTEX_POINT ( 'NONE', #6170 ) ;
#7856 = VECTOR ( 'NONE', #2276, 1000.000000000000000 ) ;
#7857 = ORIENTED_EDGE ( 'NONE', *, *, #4590, .T. ) ;
#7858 = CARTESIAN_POINT ( 'NONE',  ( 3.831157859304063606, 16.53046106197511733, 0.001000000000000000021 ) ) ;
#7859 = EDGE_CURVE ( 'NONE', #1578, #7495, #4489, .T. ) ;
#7860 = CARTESIAN_POINT ( 'NONE',  ( 2.681461139190897125, 16.58906682139128819, 0.001000000000000000021 ) ) ;
#7861 = DIRECTION ( 'NONE',  ( 0.004999937501138439211, 0.9999875002343702191, 0.000000000000000000 ) ) ;
#7862 = VECTOR ( 'NONE', #1863, 1000.000000000000000 ) ;
#7863 =( GEOMETRIC_REPRESENTATION_CONTEXT ( 3 ) GLOBAL_UNCERTAINTY_ASSIGNED_CONTEXT ( ( #6788 ) ) GLOBAL_UNIT_ASSIGNED_CONTEXT ( ( #919, #1533, #4726 ) ) REPRESENTATION_CONTEXT ( 'NONE', 'WORKASPACE' ) );
#7864 = LINE ( 'NONE', #7919, #9664 ) ;
#7865 = PRESENTATION_STYLE_ASSIGNMENT (( #210 ) ) ;
#7866 = B_SPLINE_CURVE_WITH_KNOTS ( 'NONE', 3,
 ( #9016, #3569, #2222, #3022 ),
 .UNSPECIFIED., .F., .F.,
 ( 4, 4 ),
 ( 0.5333333333333333259, 0.5999999999999999778 ),
 .UNSPECIFIED. ) ;
#7868 = AXIS2_PLACEMENT_3D ( 'NONE', #8213, #2128, #4421 ) ;
#7867 = B_SPLINE_CURVE_WITH_KNOTS ( 'NONE', 3,
 ( #4285, #2675, #4880, #1068 ),
 .UNSPECIFIED., .F., .F.,
 ( 4, 4 ),
 ( 0.6666666666666666297, 0.7777777777777777901 ),
 .UNSPECIFIED. ) ;
#7869 = ADVANCED_FACE ( 'NONE', ( #3033 ), #6122, .F. ) ;
#7870 = CARTESIAN_POINT ( 'NONE',  ( 1.499999999999999556, 0.3749999999999996669, 0.1830000000000000238 ) ) ;
#7871 = EDGE_LOOP ( 'NONE', ( #9528, #9354, #4798, #6925 ) ) ;
#7872 = CARTESIAN_POINT ( 'NONE',  ( 3.554868513959378973, -0.01777434256967811918, 0.001000000000000000021 ) ) ;
#7873 = EDGE_CURVE ( 'NONE', #5047, #6121, #8821, .T. ) ;
#7874 = DIRECTION ( 'NONE',  ( -0.000000000000000000, -0.000000000000000000, 1.000000000000000000 ) ) ;
#7875 = COLOUR_RGB ( '',0.8039215686274510109, 0.8039215686274510109, 0.8039215686274510109 ) ;
#7876 = DIRECTION ( 'NONE',  ( -0.000000000000000000, -0.000000000000000000, 1.000000000000000000 ) ) ;
#7877 = PRESENTATION_STYLE_ASSIGNMENT (( #3944 ) ) ;
#7878 = DIRECTION ( 'NONE',  ( -0.000000000000000000, -0.000000000000000000, -1.000000000000000000 ) ) ;
#7879 = ORIENTED_EDGE ( 'NONE', *, *, #3845, .F. ) ;
#7880 = B_SPLINE_CURVE_WITH_KNOTS ( 'NONE', 3,
 ( #9780, #2816, #1200, #9731 ),
 .UNSPECIFIED., .F., .F.,
 ( 4, 4 ),
 ( 0.6363636363636363535, 0.7272727272727272929 ),
 .UNSPECIFIED. ) ;
#7881 = FACE_OUTER_BOUND ( 'NONE', #5247, .T. ) ;
#7882 = VERTEX_POINT ( 'NONE', #5392 ) ;
#7883 = DIRECTION ( 'NONE',  ( 1.000000000000000000, -3.942553354492742545E-16, 0.000000000000000000 ) ) ;
#7884 = CARTESIAN_POINT ( 'NONE',  ( -0.7249999999999997558, 0.8199999999999995071, -0.02000000000000000042 ) ) ;
#7885 = CARTESIAN_POINT ( 'NONE',  ( 1.224999999999999423, -0.2500000000000004441, 0.1830000000000000238 ) ) ;
#7886 = VERTEX_POINT ( 'NONE', #9182 ) ;
#7887 = CARTESIAN_POINT ( 'NONE',  ( 1.500000000000000222, -1.500000000000000000, 0.000000000000000000 ) ) ;
#7888 = LINE ( 'NONE', #5303, #4788 ) ;
#7889 =( GEOMETRIC_REPRESENTATION_CONTEXT ( 3 ) GLOBAL_UNCERTAINTY_ASSIGNED_CONTEXT ( ( #3830 ) ) GLOBAL_UNIT_ASSIGNED_CONTEXT ( ( #4308, #6807, #7572 ) ) REPRESENTATION_CONTEXT ( 'NONE', 'WORKASPACE' ) );
#7890 = ORIENTED_EDGE ( 'NONE', *, *, #8787, .F. ) ;
#7891 = CARTESIAN_POINT ( 'NONE',  ( 8.476969323671932344, 3.364570298569097950, 0.001000000000000000021 ) ) ;
#7892 = DIRECTION ( 'NONE',  ( -1.000000000000000000, 0.000000000000000000, -0.000000000000000000 ) ) ;
#7893 = ADVANCED_FACE ( 'NONE', ( #9238 ), #5193, .F. ) ;
#7894 = B_SPLINE_CURVE_WITH_KNOTS ( 'NONE', 3,
 ( #1664, #7835, #904, #7022 ),
 .UNSPECIFIED., .F., .F.,
 ( 4, 4 ),
 ( 0.3636363636363635909, 0.4545454545454544748 ),
 .UNSPECIFIED. ) ;
#7895 = VECTOR ( 'NONE', #2909, 1000.000000000000000 ) ;
#7896 = ORIENTED_EDGE ( 'NONE', *, *, #1207, .F. ) ;
#7897 = VECTOR ( 'NONE', #500, 1000.000000000000000 ) ;
#7898 = EDGE_CURVE ( 'NONE', #9785, #9546, #1483, .T. ) ;
#7899 = ORIENTED_EDGE ( 'NONE', *, *, #7270, .T. ) ;
#7900 = ORIENTED_EDGE ( 'NONE', *, *, #3842, .T. ) ;
#7901 = DIRECTION ( 'NONE',  ( 0.000000000000000000, 0.000000000000000000, 1.000000000000000000 ) ) ;
#7902 = PRESENTATION_LAYER_ASSIGNMENT (  '', '', ( #7090 ) ) ;
#7903 = PLANE ( 'NONE',  #6566 ) ;
#7904 = LINE ( 'NONE', #7034, #6721 ) ;
#7905 = CARTESIAN_POINT ( 'NONE',  ( 0.000000000000000000, 16.70027654558460384, 0.001000000000000000021 ) ) ;
#7906 = CARTESIAN_POINT ( 'NONE',  ( -1.224999999999999423, -0.8750000000000001110, -0.02000000000000000042 ) ) ;
#7907 = CARTESIAN_POINT ( 'NONE',  ( 1.224999999999999201, -0.2500000000000004441, 0.1829999999927167664 ) ) ;
#7908 = ORIENTED_EDGE ( 'NONE', *, *, #9946, .T. ) ;
#7909 = SHAPE_REPRESENTATION ( 'AD8000YCPZ-R2', ( #3029, #6912, #5280 ), #2538 ) ;
#7910 = VECTOR ( 'NONE', #3690, 1000.000000000000000 ) ;
#7911 = EDGE_CURVE ( 'NONE', #7607, #1044, #106, .T. ) ;
#7912 = ORIENTED_EDGE ( 'NONE', *, *, #8896, .T. ) ;
#7913 = VECTOR ( 'NONE', #7498, 1000.000000000000000 ) ;
#7914 = CARTESIAN_POINT ( 'NONE',  ( 3.435039413129651997, 16.43778629181395701, 0.0009999999999999982861 ) ) ;
#7915 = CARTESIAN_POINT ( 'NONE',  ( -1.500000000000000000, 0.3750000000000000000, 0.1830000001064036041 ) ) ;
#7916 = CYLINDRICAL_SURFACE ( 'NONE', #7789, 0.02999999999999997113 ) ;
#7917 = CARTESIAN_POINT ( 'NONE',  ( 3.567516057160415865, -0.01928387057977457020, 0.001000000000000000021 ) ) ;
#7918 = CARTESIAN_POINT ( 'NONE',  ( 2.722944131548728386, 16.71422189195173047, 0.001000000000000000021 ) ) ;
#7919 = CARTESIAN_POINT ( 'NONE',  ( 3.736894378797315230, 16.70363048964761177, 0.001000000000000000021 ) ) ;
#7920 = CARTESIAN_POINT ( 'NONE',  ( 3.372197092791819006, 16.38800670098454404, 0.001000000000000001756 ) ) ;
#7921 = CIRCLE ( 'NONE', #6614, 0.1250000000000001110 ) ;
#7922 = CARTESIAN_POINT ( 'NONE',  ( 2.472280943684348919, 16.59595123288893959, 0.000000000000000000 ) ) ;
#7923 = ORIENTED_EDGE ( 'NONE', *, *, #6555, .F. ) ;
#7924 = DIRECTION ( 'NONE',  ( -0.9999959737977982543, 0.002837673024398464777, 0.000000000000000000 ) ) ;
#7925 = CARTESIAN_POINT ( 'NONE',  ( -2.118946868454588461, 0.7054215524095633905, 0.001000000000000000021 ) ) ;
#7926 = DIRECTION ( 'NONE',  ( -0.000000000000000000, -0.000000000000000000, -1.000000000000000000 ) ) ;
#7927 = ADVANCED_FACE ( 'NONE', ( #1580 ), #3076, .T. ) ;
#7928 = FACE_OUTER_BOUND ( 'NONE', #1205, .T. ) ;
#7929 = CARTESIAN_POINT ( 'NONE',  ( 3.495763453006649257, 16.79171565214358708, 0.000000000000000000 ) ) ;
#7930 = CLOSED_SHELL ( 'NONE', ( #980, #2980, #9394, #7720, #8809, #7288, #824, #9947, #5637, #7437, #5939, #2915, #1302, #4810, #8920, #8996, #9910, #1861, #5456, #8050, #8562, #1306, #6181, #4290, #6634, #5015, #5636, #1929, #102, #9139, #9889, #8391, #7839, #7064, #2786, #5942, #7172, #6413, #2614, #6108, #186, #7211, #4989, #260, #1956, #4122, #1328, #9943, #7684, #7710, #1018, #3253, #9829, #2075, #404, #2596, #8120, #3784, #1639, #5915, #8166, #6880, #232, #5088, #9257, #9911 ) ) ;
#7931 = ORIENTED_EDGE ( 'NONE', *, *, #8013, .T. ) ;
#7932 = CARTESIAN_POINT ( 'NONE',  ( 2.722944131548728386, 16.71422189195173047, 0.000000000000000000 ) ) ;
#7933 = CIRCLE ( 'NONE', #5326, 0.03000000000000007869 ) ;
#7934 = DIRECTION ( 'NONE',  ( -1.000000000000000000, 0.000000000000000000, 0.000000000000000000 ) ) ;
#7935 = DIRECTION ( 'NONE',  ( 0.000000000000000000, 0.000000000000000000, -1.000000000000000000 ) ) ;
#7936 = ORIENTED_EDGE ( 'NONE', *, *, #8470, .F. ) ;
#7937 = CARTESIAN_POINT ( 'NONE',  ( -1.269999999999999574, 1.269999999999999796, 0.7699999999999999067 ) ) ;
#7938 = LINE ( 'NONE', #3770, #6275 ) ;
#7939 = ORIENTED_EDGE ( 'NONE', *, *, #1141, .T. ) ;
#7940 = CARTESIAN_POINT ( 'NONE',  ( 3.266812639865734003, 16.82472552265812382, 0.001000000000000000021 ) ) ;
#7941 = CARTESIAN_POINT ( 'NONE',  ( 2.564426143730266894, 16.82278376556904931, 0.000000000000000000 ) ) ;
#7942 = CARTESIAN_POINT ( 'NONE',  ( 3.406266103536768508, 16.72957942529269815, 0.001000000000000000021 ) ) ;
#7943 = ADVANCED_FACE ( 'NONE', ( #3769 ), #8384, .F. ) ;
#7944 =( NAMED_UNIT ( * ) PLANE_ANGLE_UNIT ( ) SI_UNIT ( $, .RADIAN. ) );
#7945 = ORIENTED_EDGE ( 'NONE', *, *, #2712, .F. ) ;
#7946 = AXIS2_PLACEMENT_3D ( 'NONE', #588, #5170, #5226 ) ;
#7947 = ORIENTED_EDGE ( 'NONE', *, *, #4018, .F. ) ;
#7948 = EDGE_CURVE ( 'NONE', #351, #4095, #8571, .T. ) ;
#7949 = ORIENTED_EDGE ( 'NONE', *, *, #2360, .F. ) ;
#7950 = CARTESIAN_POINT ( 'NONE',  ( 3.653751870709900373, 16.79489307283483512, 0.001000000000000000021 ) ) ;
#7951 = ORIENTED_EDGE ( 'NONE', *, *, #6139, .T. ) ;
#7952 = UNCERTAINTY_MEASURE_WITH_UNIT (LENGTH_MEASURE( 1.000000000000000082E-05 ), #7494, 'distance_accuracy_value', 'NONE');
#7953 =( NAMED_UNIT ( * ) SI_UNIT ( $, .STERADIAN. ) SOLID_ANGLE_UNIT ( ) );
#7954 = CARTESIAN_POINT ( 'NONE',  ( 2.775195049582429796, 16.71598712566905220, 0.000000000000000000 ) ) ;
#7955 = CARTESIAN_POINT ( 'NONE',  ( 0.7250000000000001998, -0.8199999999999997291, 0.01000000000000000021 ) ) ;
#7956 = DIRECTION ( 'NONE',  ( -0.9999905756744552621, 0.004341493092407098554, 0.000000000000000000 ) ) ;
#7957 = EDGE_LOOP ( 'NONE', ( #7590, #5947, #3353, #1543 ) ) ;
#7958 = ORIENTED_EDGE ( 'NONE', *, *, #3767, .F. ) ;
#7959 = CARTESIAN_POINT ( 'NONE',  ( 3.599735718958842590, 16.68068245132198157, 0.001000000000000000021 ) ) ;
#7960 = FILL_AREA_STYLE ('',( #8774 ) ) ;
#7961 = VECTOR ( 'NONE', #9014, 1000.000000000000000 ) ;
#7962 = CARTESIAN_POINT ( 'NONE',  ( 2.907587578384037474, 16.75905882837253813, 0.000000000000000000 ) ) ;
#7963 = CARTESIAN_POINT ( 'NONE',  ( 1.224999999999999201, -0.1249999999999995698, 0.1830000001064036041 ) ) ;
#7964 = EDGE_CURVE ( 'NONE', #1454, #2230, #4684, .T. ) ;
#7965 = SURFACE_SIDE_STYLE ('',( #9446 ) ) ;
#7966 = STYLED_ITEM ( 'NONE', ( #3611 ), #5965 ) ;
#7967 = ORIENTED_EDGE ( 'NONE', *, *, #573, .F. ) ;
#7968 = CARTESIAN_POINT ( 'NONE',  ( -0.7249999999999997558, -0.8199999999999997291, 0.01000000000000000021 ) ) ;
#7969 = VERTEX_POINT ( 'NONE', #7028 ) ;
#7970 = CARTESIAN_POINT ( 'NONE',  ( -1.499999999999999556, -0.6250000000000000000, 0.1830000001064036041 ) ) ;
#7971 = VECTOR ( 'NONE', #2943, 1000.000000000000114 ) ;
#7972 = LINE ( 'NONE', #1032, #1602 ) ;
#7973 = CARTESIAN_POINT ( 'NONE',  ( 3.827274345125879496, 16.57812237234368524, 0.001000000000000000021 ) ) ;
#7974 = CARTESIAN_POINT ( 'NONE',  ( -0.6749999999999997113, -0.8200000000000000622, -0.02000000000000000042 ) ) ;
#7975 = CARTESIAN_POINT ( 'NONE',  ( 0.1218546356157844401, 16.45037580764052976, 0.001000000000000000021 ) ) ;
#7976 = ORIENTED_EDGE ( 'NONE', *, *, #3265, .F. ) ;
#7977 = DIRECTION ( 'NONE',  ( -0.000000000000000000, -0.000000000000000000, -1.000000000000000000 ) ) ;
#7978 = VERTEX_POINT ( 'NONE', #2978 ) ;
#7979 = ORIENTED_EDGE ( 'NONE', *, *, #85, .T. ) ;
#7980 = CARTESIAN_POINT ( 'NONE',  ( -0.1258576712951786913, 16.80199911951577363, 0.001000000000000000021 ) ) ;
#7981 = FILL_AREA_STYLE_COLOUR ( '', #4048 ) ;
#7982 = VERTEX_POINT ( 'NONE', #6072 ) ;
#7983 = ADVANCED_FACE ( 'NONE', ( #2233 ), #4866, .F. ) ;
#7984 = PRESENTATION_STYLE_ASSIGNMENT (( #4852 ) ) ;
#7985 = CARTESIAN_POINT ( 'NONE',  ( 2.783315124682264941, 16.40089290712125347, 0.000000000000000000 ) ) ;
#7986 = ORIENTED_EDGE ( 'NONE', *, *, #1141, .F. ) ;
#7987 = DIRECTION ( 'NONE',  ( -0.3689112217029055230, 0.9294646364987049214, 0.000000000000000000 ) ) ;
#7988 = CARTESIAN_POINT ( 'NONE',  ( 2.462748681610632318, 16.59118510185208351, 0.001000000000000000021 ) ) ;
#7989 = EDGE_LOOP ( 'NONE', ( #6084, #5119, #8323, #6513 ) ) ;
#7990 = ORIENTED_EDGE ( 'NONE', *, *, #7562, .F. ) ;
#7991 = EDGE_CURVE ( 'NONE', #6702, #1176, #8978, .T. ) ;
#7992 = ORIENTED_EDGE ( 'NONE', *, *, #7048, .T. ) ;
#7993 = DIRECTION ( 'NONE',  ( 1.000000000000000000, -0.000000000000000000, 0.000000000000000000 ) ) ;
#7994 = VERTEX_POINT ( 'NONE', #1766 ) ;
#7995 =( NAMED_UNIT ( * ) PLANE_ANGLE_UNIT ( ) SI_UNIT ( $, .RADIAN. ) );
#7996 = EDGE_CURVE ( 'NONE', #2867, #7585, #5451, .T. ) ;
#7997 = DIRECTION ( 'NONE',  ( 0.000000000000000000, 1.000000000000000000, -0.000000000000000000 ) ) ;
#7998 = CARTESIAN_POINT ( 'NONE',  ( 2.933713037400890844, 16.72410720076891977, 0.001000000000000000021 ) ) ;
#7999 = CARTESIAN_POINT ( 'NONE',  ( 2.915884176855606302, 16.74652566897933426, 0.000000000000000000 ) ) ;
#8000 = VERTEX_POINT ( 'NONE', #4113 ) ;
#8001 = CIRCLE ( 'NONE', #2028, 0.1249999999999998890 ) ;
#8002 = EDGE_LOOP ( 'NONE', ( #6309, #6142, #2277, #2147, #5301, #327 ) ) ;
#8003 = CARTESIAN_POINT ( 'NONE',  ( 3.495763453006649257, 16.79171565214358708, 0.001000000000000000021 ) ) ;
#8004 = CARTESIAN_POINT ( 'NONE',  ( 1.224999999999999201, 0.8750000000000004441, 0.1830000001064036041 ) ) ;
#8005 = CARTESIAN_POINT ( 'NONE',  ( 1.499999999999999112, 0.8749999999999996669, -0.02000000000000000042 ) ) ;
#8006 = CARTESIAN_POINT ( 'NONE',  ( 4.335469161910372904, 0.1429275547893756604, 0.000000000000000000 ) ) ;
#8007 = LINE ( 'NONE', #4190, #3373 ) ;
#8008 = LINE ( 'NONE', #1072, #5587 ) ;
#8009 = VECTOR ( 'NONE', #6826, 1000.000000000000000 ) ;
#8010 = EDGE_LOOP ( 'NONE', ( #1528, #3776, #4957, #3600 ) ) ;
#8011 = ORIENTED_EDGE ( 'NONE', *, *, #2131, .F. ) ;
#8012 = ITEM_DEFINED_TRANSFORMATION ( 'NONE', 'NONE', #5280,  #3823 ) ;
#8013 = EDGE_CURVE ( 'NONE', #8219, #2549, #1672, .T. ) ;
#8014 = CARTESIAN_POINT ( 'NONE',  ( 3.336892418444728836, 16.48721283589987152, 0.001000000000000001756 ) ) ;
#8015 = COLOUR_RGB ( '',0.9607843137254902244, 0.9607843137254902244, 0.9607843137254902244 ) ;
#8016 = ORIENTED_EDGE ( 'NONE', *, *, #2018, .F. ) ;
#8017 = CARTESIAN_POINT ( 'NONE',  ( 1.224999999999999423, 0.7499999999999995559, 0.1830000000000000238 ) ) ;
#8018 = DIRECTION ( 'NONE',  ( 1.000000000000000000, 0.000000000000000000, 0.000000000000000000 ) ) ;
#8019 = COLOUR_RGB ( '',0.8039215686274510109, 0.8039215686274510109, 0.8039215686274510109 ) ;
#8020 = ORIENTED_EDGE ( 'NONE', *, *, #4105, .T. ) ;
#8021 = VECTOR ( 'NONE', #9166, 1000.000000000000000 ) ;
#8022 = CARTESIAN_POINT ( 'NONE',  ( 0.000000000000000000, 0.000000000000000000, 0.000000000000000000 ) ) ;
#8023 = ORIENTED_EDGE ( 'NONE', *, *, #4575, .F. ) ;
#8024 = DIRECTION ( 'NONE',  ( -1.000000000000000000, 3.942553354492743531E-16, 0.000000000000000000 ) ) ;
#8025 = EDGE_CURVE ( 'NONE', #6047, #4966, #1715, .T. ) ;
#8026 = CARTESIAN_POINT ( 'NONE',  ( 3.208383403821292834, 16.63866988884892706, 0.001000000000000000021 ) ) ;
#8027 = CARTESIAN_POINT ( 'NONE',  ( 2.727886785957321258, 16.55270300681376838, 0.001000000000000000021 ) ) ;
#8028 = AXIS2_PLACEMENT_3D ( 'NONE', #258, #168, #4791 ) ;
#8029 = VERTEX_POINT ( 'NONE', #3214 ) ;
#8030 = CARTESIAN_POINT ( 'NONE',  ( 0.000000000000000000, 0.000000000000000000, 0.001000000000000000021 ) ) ;
#8031 = DIRECTION ( 'NONE',  ( 1.000000000000000000, 0.000000000000000000, -0.000000000000000000 ) ) ;
#8032 = ORIENTED_EDGE ( 'NONE', *, *, #9986, .F. ) ;
#8033 = CARTESIAN_POINT ( 'NONE',  ( 3.076167398391417507, 16.56806054015475027, 0.001000000000000000021 ) ) ;
#8034 = CARTESIAN_POINT ( 'NONE',  ( 2.992848366932276516, 16.64484820685967037, 0.001000000000000000021 ) ) ;
#8035 = AXIS2_PLACEMENT_3D ( 'NONE', #7504, #563, #3632 ) ;
#8036 = CARTESIAN_POINT ( 'NONE',  ( -1.499999999999999556, -0.6250000000000000000, 0.1830000000000000238 ) ) ;
#8037 = ORIENTED_EDGE ( 'NONE', *, *, #1935, .T. ) ;
#8038 = EDGE_CURVE ( 'NONE', #5466, #1666, #7081, .T. ) ;
#8039 = ORIENTED_EDGE ( 'NONE', *, *, #690, .T. ) ;
#8040 = CARTESIAN_POINT ( 'NONE',  ( 3.121357381555703636, 16.44625941365725907, 0.001000000000000000021 ) ) ;
#8041 = LINE ( 'NONE', #2715, #7897 ) ;
#8042 =( GEOMETRIC_REPRESENTATION_CONTEXT ( 3 ) GLOBAL_UNCERTAINTY_ASSIGNED_CONTEXT ( ( #3626 ) ) GLOBAL_UNIT_ASSIGNED_CONTEXT ( ( #579, #9053, #1393 ) ) REPRESENTATION_CONTEXT ( 'NONE', 'WORKASPACE' ) );
#8043 = ORIENTED_EDGE ( 'NONE', *, *, #4467, .T. ) ;
#8044 = DIRECTION ( 'NONE',  ( -1.000000000000000000, 3.942553354492742545E-16, 0.000000000000000000 ) ) ;
#8045 = EDGE_LOOP ( 'NONE', ( #82, #2728, #8266 ) ) ;
#8046 = CARTESIAN_POINT ( 'NONE',  ( -1.224999999999999423, -0.7500000000000001110, 0.1830000000000000238 ) ) ;
#8047 = CARTESIAN_POINT ( 'NONE',  ( 0.000000000000000000, 16.45508558224401696, 0.001000000000000000021 ) ) ;
#8048 = CARTESIAN_POINT ( 'NONE',  ( 3.376963223828672866, 16.42101657149909499, -1.694065894508600678E-18 ) ) ;
#8049 = ORIENTED_EDGE ( 'NONE', *, *, #3942, .T. ) ;
#8050 = ADVANCED_FACE ( 'NONE', ( #5541 ), #2422, .F. ) ;
#8051 = EDGE_CURVE ( 'NONE', #266, #299, #8514, .T. ) ;
#8052 = AXIS2_PLACEMENT_3D ( 'NONE', #3728, #6844, #9958 ) ;
#8053 = CARTESIAN_POINT ( 'NONE',  ( 3.208383403821292834, 16.63866988884892706, 0.000000000000000000 ) ) ;
#8054 = CARTESIAN_POINT ( 'NONE',  ( 1.224999999999999423, 0.3749999999999996669, 0.1830000000000000238 ) ) ;
#8055 = MECHANICAL_DESIGN_GEOMETRIC_PRESENTATION_REPRESENTATION (  '', ( #9858 ), #2082 ) ;
#8056 = AXIS2_PLACEMENT_3D ( 'NONE', #6553, #3557, #9000 ) ;
#8057 = DIRECTION ( 'NONE',  ( 1.000000000000000000, 0.000000000000000000, 0.000000000000000000 ) ) ;
#8058 = LINE ( 'NONE', #4736, #6060 ) ;
#8059 = FACE_OUTER_BOUND ( 'NONE', #8561, .T. ) ;
#8060 = DIRECTION ( 'NONE',  ( -1.000000000000000000, 0.000000000000000000, 0.000000000000000000 ) ) ;
#8061 = VECTOR ( 'NONE', #3237, 1000.000000000000000 ) ;
#8062 = CARTESIAN_POINT ( 'NONE',  ( 3.430802852207997855, 16.38006314925643991, 0.001000000000000001756 ) ) ;
#8063 = EDGE_CURVE ( 'NONE', #4831, #2837, #3256, .T. ) ;
#8064 = ORIENTED_EDGE ( 'NONE', *, *, #5767, .T. ) ;
#8065 = MECHANICAL_DESIGN_GEOMETRIC_PRESENTATION_REPRESENTATION (  '', ( #5129 ), #2246 ) ;
#8066 = VERTEX_POINT ( 'NONE', #8807 ) ;
#8067 = EDGE_CURVE ( 'NONE', #664, #2867, #1106, .T. ) ;
#8068 = LINE ( 'NONE', #1029, #4389 ) ;
#8069 = ORIENTED_EDGE ( 'NONE', *, *, #6712, .T. ) ;
#8070 = EDGE_CURVE ( 'NONE', #7882, #8720, #6901, .T. ) ;
#8071 = LINE ( 'NONE', #9652, #1145 ) ;
#8072 = VECTOR ( 'NONE', #3350, 1000.000000000000000 ) ;
#8073 = CARTESIAN_POINT ( 'NONE',  ( 3.831157859304063606, 16.53046106197511733, 0.000000000000000000 ) ) ;
#8074 = SURFACE_STYLE_FILL_AREA ( #2842 ) ;
#8075 = CARTESIAN_POINT ( 'NONE',  ( 8.325806465266822443, 3.498238010614933113, 0.001000000000000000021 ) ) ;
#8076 = ORIENTED_EDGE ( 'NONE', *, *, #3392, .T. ) ;
#8077 = EDGE_CURVE ( 'NONE', #6211, #5589, #4175, .T. ) ;
#8078 = CARTESIAN_POINT ( 'NONE',  ( 3.157897719504948242, 16.77318069811136425, 0.000000000000000000 ) ) ;
#8079 = ORIENTED_EDGE ( 'NONE', *, *, #7619, .T. ) ;
#8080 = CARTESIAN_POINT ( 'NONE',  ( 3.791263577291842601, 16.80901494257366124, 0.000000000000000000 ) ) ;
#8081 = PLANE ( 'NONE',  #3891 ) ;
#8082 = ORIENTED_EDGE ( 'NONE', *, *, #289, .T. ) ;
#8083 = CARTESIAN_POINT ( 'NONE',  ( 3.269819931388474377, 0.008950237038417102609, 0.000000000000000000 ) ) ;
#8084 = FILL_AREA_STYLE_COLOUR ( '', #9040 ) ;
#8085 = ORIENTED_EDGE ( 'NONE', *, *, #5122, .F. ) ;
#8086 = PLANE ( 'NONE',  #7360 ) ;
#8087 = CARTESIAN_POINT ( 'NONE',  ( 3.725067312891037208, 16.58677201755869746, 0.001000000000000000021 ) ) ;
#8088 = CARTESIAN_POINT ( 'NONE',  ( 1.224999999999999423, -0.8750000000000014433, 0.1830000000000000238 ) ) ;
#8089 = ADVANCED_FACE ( 'NONE', ( #7277 ), #9470, .F. ) ;
#8090 = EDGE_CURVE ( 'NONE', #6860, #8472, #9579, .T. ) ;
#8091 =( LENGTH_UNIT ( ) NAMED_UNIT ( * ) SI_UNIT ( .MILLI., .METRE. ) );
#8092 = VERTEX_POINT ( 'NONE', #4773 ) ;
#8093 = VERTEX_POINT ( 'NONE', #1010 ) ;
#8094 = EDGE_LOOP ( 'NONE', ( #8772, #6114, #8646, #756 ) ) ;
#8095 = PLANE ( 'NONE',  #2877 ) ;
#8096 = ORIENTED_EDGE ( 'NONE', *, *, #7426, .T. ) ;
#8097 = DIRECTION ( 'NONE',  ( 1.000000000000000000, 0.000000000000000000, -0.000000000000000000 ) ) ;
#8098 = DIRECTION ( 'NONE',  ( -0.9995457756906724889, 0.03013705856469448691, 0.000000000000000000 ) ) ;
#8099 = VERTEX_POINT ( 'NONE', #1857 ) ;
#8100 = FILL_AREA_STYLE ('',( #7178 ) ) ;
#8101 = LINE ( 'NONE', #7388, #4822 ) ;
#8102 = B_SPLINE_CURVE_WITH_KNOTS ( 'NONE', 3,
 ( #6546, #4156, #8898, #994 ),
 .UNSPECIFIED., .F., .F.,
 ( 4, 4 ),
 ( 0.000000000000000000, 0.09090909090909089774 ),
 .UNSPECIFIED. ) ;
#8103 =( LENGTH_UNIT ( ) NAMED_UNIT ( * ) SI_UNIT ( .MILLI., .METRE. ) );
#8104 = ORIENTED_EDGE ( 'NONE', *, *, #1378, .T. ) ;
#8105 = VECTOR ( 'NONE', #9059, 1000.000000000000114 ) ;
#8106 = VERTEX_POINT ( 'NONE', #155 ) ;
#8107 = DIRECTION ( 'NONE',  ( -0.000000000000000000, -0.000000000000000000, -1.000000000000000000 ) ) ;
#8108 = CARTESIAN_POINT ( 'NONE',  ( 1.499999999999999556, 0.8749999999999996669, 0.1830000000000000238 ) ) ;
#8109 = AXIS2_PLACEMENT_3D ( 'NONE', #9602, #2630, #5716 ) ;
#8110 = CARTESIAN_POINT ( 'NONE',  ( 3.789498343574488892, 16.70363048964761177, 0.001000000000000000021 ) ) ;
#8111 =( NAMED_UNIT ( * ) SI_UNIT ( $, .STERADIAN. ) SOLID_ANGLE_UNIT ( ) );
#8112 = CARTESIAN_POINT ( 'NONE',  ( 0.01791859393890259111, 16.39551345760311918, 0.001000000000000000021 ) ) ;
#8113 = CARTESIAN_POINT ( 'NONE',  ( 0.7250000000000001998, 0.8199999999999995071, 0.01000000000000000021 ) ) ;
#8114 = DIRECTION ( 'NONE',  ( -1.000000000000000000, 0.000000000000000000, -0.000000000000000000 ) ) ;
#8115 = VERTEX_POINT ( 'NONE', #3356 ) ;
#8116 = VECTOR ( 'NONE', #3566, 1000.000000000000000 ) ;
#8117 = B_SPLINE_CURVE_WITH_KNOTS ( 'NONE', 3,
 ( #8621, #2981, #6077, #8426 ),
 .UNSPECIFIED., .F., .F.,
 ( 4, 4 ),
 ( 0.000000000000000000, 0.09090909090909089774 ),
 .UNSPECIFIED. ) ;
#8118 = CARTESIAN_POINT ( 'NONE',  ( 3.352426475157440855, 16.42931316997066915, -1.694065894508600678E-18 ) ) ;
#8119 = ORIENTED_EDGE ( 'NONE', *, *, #1932, .T. ) ;
#8120 = ADVANCED_FACE ( 'NONE', ( #6366 ), #6471, .T. ) ;
#8121 = DIRECTION ( 'NONE',  ( 1.000000000000000000, 0.000000000000000000, 0.000000000000000000 ) ) ;
#8122 = ORIENTED_EDGE ( 'NONE', *, *, #3539, .T. ) ;
#8123 = DIRECTION ( 'NONE',  ( 0.000000000000000000, 0.000000000000000000, 1.000000000000000000 ) ) ;
#8124 = CARTESIAN_POINT ( 'NONE',  ( 3.772199053144412062, 16.41730958069266677, 0.001000000000000001756 ) ) ;
#8125 = EDGE_CURVE ( 'NONE', #7438, #666, #8915, .T. ) ;
#8126 = MECHANICAL_DESIGN_GEOMETRIC_PRESENTATION_REPRESENTATION (  '', ( #6018 ), #8629 ) ;
#8127 = EDGE_CURVE ( 'NONE', #1500, #1838, #7880, .T. ) ;
#8128 = CARTESIAN_POINT ( 'NONE',  ( 8.476969323671932344, 3.364570298569097950, 0.000000000000000000 ) ) ;
#8129 = ORIENTED_EDGE ( 'NONE', *, *, #9713, .T. ) ;
#8130 = CARTESIAN_POINT ( 'NONE',  ( 2.910058905588334355, 16.75676402453996872, 0.001000000000000000021 ) ) ;
#8131 = VERTEX_POINT ( 'NONE', #7439 ) ;
#8132 = ADVANCED_FACE ( 'NONE', ( #2017 ), #1965, .T. ) ;
#8133 = ORIENTED_EDGE ( 'NONE', *, *, #9436, .T. ) ;
#8134 = LINE ( 'NONE', #2700, #1084 ) ;
#8135 = CARTESIAN_POINT ( 'NONE',  ( -2.791182627710051545, 0.9781067327877203121, 0.001000000000000000021 ) ) ;
#8136 = SURFACE_STYLE_USAGE ( .BOTH. , #1040 ) ;
#8137 =( GEOMETRIC_REPRESENTATION_CONTEXT ( 3 ) GLOBAL_UNCERTAINTY_ASSIGNED_CONTEXT ( ( #6171 ) ) GLOBAL_UNIT_ASSIGNED_CONTEXT ( ( #8538, #5312, #4732 ) ) REPRESENTATION_CONTEXT ( 'NONE', 'WORKASPACE' ) );
#8138 = ORIENTED_EDGE ( 'NONE', *, *, #7816, .T. ) ;
#8139 = CARTESIAN_POINT ( 'NONE',  ( -1.469999999999999751, -1.469999999999999973, 0.7500000000000000000 ) ) ;
#8140 = DIRECTION ( 'NONE',  ( 0.000000000000000000, -1.000000000000000000, 0.000000000000000000 ) ) ;
#8141 = ORIENTED_EDGE ( 'NONE', *, *, #2795, .T. ) ;
#8142 = CARTESIAN_POINT ( 'NONE',  ( 3.660283235464118157, 16.45031945120717864, 0.001000000000000000021 ) ) ;
#8143 =( LENGTH_UNIT ( ) NAMED_UNIT ( * ) SI_UNIT ( .MILLI., .METRE. ) );
#8144 = B_SPLINE_CURVE_WITH_KNOTS ( 'NONE', 3,
 ( #8776, #8727, #4881, #976 ),
 .UNSPECIFIED., .F., .F.,
 ( 4, 4 ),
 ( 0.3333333333333333148, 0.4444444444444444198 ),
 .UNSPECIFIED. ) ;
#8145 = CARTESIAN_POINT ( 'NONE',  ( 0.000000000000000000, 16.70027654558460384, 0.000000000000000000 ) ) ;
#8146 = FACE_BOUND ( 'NONE', #9140, .T. ) ;
#8147 = VERTEX_POINT ( 'NONE', #398 ) ;
#8148 = ORIENTED_EDGE ( 'NONE', *, *, #3895, .F. ) ;
#8149 = LINE ( 'NONE', #445, #9584 ) ;
#8150 = SURFACE_SIDE_STYLE ('',( #5695 ) ) ;
#8151 = ORIENTED_EDGE ( 'NONE', *, *, #8934, .T. ) ;
#8152 = FACE_OUTER_BOUND ( 'NONE', #4616, .T. ) ;
#8153 = CARTESIAN_POINT ( 'NONE',  ( -0.6749999999999993783, -0.8700000000000001066, 0.000000000000000000 ) ) ;
#8154 = ADVANCED_FACE ( 'NONE', ( #5802 ), #5077, .F. ) ;
#8155 = ADVANCED_FACE ( 'NONE', ( #5852, #8152 ), #447, .T. ) ;
#8156 = ORIENTED_EDGE ( 'NONE', *, *, #9191, .F. ) ;
#8157 = FILL_AREA_STYLE_COLOUR ( '', #4917 ) ;
#8158 = B_SPLINE_CURVE_WITH_KNOTS ( 'NONE', 3,
 ( #4655, #3980, #1679, #9346 ),
 .UNSPECIFIED., .F., .F.,
 ( 4, 4 ),
 ( 0.09090909090909089774, 0.1818181818181817955 ),
 .UNSPECIFIED. ) ;
#8159 = CARTESIAN_POINT ( 'NONE',  ( -1.224999999999999423, -0.3750000000000001110, 0.1830000000000000238 ) ) ;
#8160 = PLANE ( 'NONE',  #2432 ) ;
#8161 = CARTESIAN_POINT ( 'NONE',  ( 2.775548096325903824, 16.70027654558460384, 0.001000000000000000021 ) ) ;
#8162 = PLANE ( 'NONE',  #8717 ) ;
#8163 = ORIENTED_EDGE ( 'NONE', *, *, #4855, .T. ) ;
#8164 = ORIENTED_EDGE ( 'NONE', *, *, #4930, .F. ) ;
#8165 = CARTESIAN_POINT ( 'NONE',  ( 1.224999999999999423, -0.7500000000000004441, -0.02000000000000000042 ) ) ;
#8166 = ADVANCED_FACE ( 'NONE', ( #2868 ), #2657, .F. ) ;
#8167 = CARTESIAN_POINT ( 'NONE',  ( 3.637335197138503062, 16.47556229336537470, 0.001000000000000000021 ) ) ;
#8168 = CARTESIAN_POINT ( 'NONE',  ( 2.851982716287360553, 16.63955250570759858, 0.001000000000000000021 ) ) ;
#8169 = CARTESIAN_POINT ( 'NONE',  ( 3.446336908920713427, 16.45508558224401696, 0.001000000000000000021 ) ) ;
#8170 = DIRECTION ( 'NONE',  ( 1.000000000000000000, -0.000000000000000000, -0.000000000000000000 ) ) ;
#8171 = LINE ( 'NONE', #5921, #7386 ) ;
#8172 = CARTESIAN_POINT ( 'NONE',  ( 0.7250000000000001998, -0.8199999999999997291, -0.02000000000000000042 ) ) ;
#8173 = ORIENTED_EDGE ( 'NONE', *, *, #4280, .F. ) ;
#8174 = EDGE_CURVE ( 'NONE', #474, #612, #7383, .T. ) ;
#8175 = VERTEX_POINT ( 'NONE', #5133 ) ;
#8176 = CARTESIAN_POINT ( 'NONE',  ( -1.500000000000000000, 0.3750000000000000000, -0.02000000000000000042 ) ) ;
#8177 = CARTESIAN_POINT ( 'NONE',  ( 2.997614497969137926, 16.51174958457114528, 0.000000000000000000 ) ) ;
#8178 = AXIS2_PLACEMENT_3D ( 'NONE', #4592, #10002, #6269 ) ;
#8179 = ORIENTED_EDGE ( 'NONE', *, *, #918, .T. ) ;
#8180 = DIRECTION ( 'NONE',  ( 1.000000000000000000, -3.942553354492742545E-16, 0.000000000000000000 ) ) ;
#8181 = CARTESIAN_POINT ( 'NONE',  ( 3.827274345125879496, 16.57812237234368524, 0.001000000000000000021 ) ) ;
#8182 = ORIENTED_EDGE ( 'NONE', *, *, #3627, .F. ) ;
#8183 = DIRECTION ( 'NONE',  ( 1.000000000000000000, 0.000000000000000000, 0.000000000000000000 ) ) ;
#8184 = EDGE_LOOP ( 'NONE', ( #7284, #9769, #10001, #2119, #2798, #8163, #6418, #1697 ) ) ;
#8185 = EDGE_CURVE ( 'NONE', #8897, #7252, #2717, .T. ) ;
#8186 = ORIENTED_EDGE ( 'NONE', *, *, #1319, .T. ) ;
#8187 = DIRECTION ( 'NONE',  ( 1.000000000000000000, 0.000000000000000000, 0.000000000000000000 ) ) ;
#8188 = VECTOR ( 'NONE', #2559, 1000.000000000000000 ) ;
#8189 = VECTOR ( 'NONE', #4272, 999.9999999999998863 ) ;
#8190 = ADVANCED_FACE ( 'NONE', ( #4374 ), #3659, .F. ) ;
#8191 = CARTESIAN_POINT ( 'NONE',  ( 3.213679104973357958, 16.62737239305786474, 0.001000000000000000021 ) ) ;
#8192 = FILL_AREA_STYLE ('',( #7981 ) ) ;
#8193 = EDGE_CURVE ( 'NONE', #8378, #4259, #1621, .T. ) ;
#8194 = VERTEX_POINT ( 'NONE', #6973 ) ;
#8195 = DIRECTION ( 'NONE',  ( -0.9191450300180620259, -0.3939192985791583057, 0.000000000000000000 ) ) ;
#8196 = PLANE ( 'NONE',  #4149 ) ;
#8197 = CARTESIAN_POINT ( 'NONE',  ( 2.753835721602434727, 16.76506062301154643, 0.001000000000000000021 ) ) ;
#8198 = STYLED_ITEM ( 'NONE', ( #7877 ), #2025 ) ;
#8199 = ORIENTED_EDGE ( 'NONE', *, *, #1006, .F. ) ;
#8200 = DIRECTION ( 'NONE',  ( 0.000000000000000000, 1.000000000000000000, -0.000000000000000000 ) ) ;
#8201 = VECTOR ( 'NONE', #3668, 1000.000000000000000 ) ;
#8202 = COLOUR_RGB ( '',0.9607843137254902244, 0.9607843137254902244, 0.9607843137254902244 ) ;
#8203 = CARTESIAN_POINT ( 'NONE',  ( 2.647215605074208167, 16.58518330721312140, 0.000000000000000000 ) ) ;
#8204 = CARTESIAN_POINT ( 'NONE',  ( -0.6749999999999993783, 0.8699999999999998845, 0.01000000000000000021 ) ) ;
#8205 = VERTEX_POINT ( 'NONE', #657 ) ;
#8206 = CARTESIAN_POINT ( 'NONE',  ( 3.536893398621014928, 16.55005515623776091, 0.000000000000000000 ) ) ;
#8207 = ADVANCED_FACE ( 'NONE', ( #7733 ), #3869, .T. ) ;
#8208 = VERTEX_POINT ( 'NONE', #6924 ) ;
#8209 = LINE ( 'NONE', #5746, #5666 ) ;
#8210 = ORIENTED_EDGE ( 'NONE', *, *, #9377, .T. ) ;
#8211 = CARTESIAN_POINT ( 'NONE',  ( 0.6749999999999998224, -0.8700000000000001066, 0.01000000000000000021 ) ) ;
#8212 = ORIENTED_EDGE ( 'NONE', *, *, #3824, .F. ) ;
#8213 = CARTESIAN_POINT ( 'NONE',  ( -1.224999999999999867, 0.2499999999999998890, -0.02000000000000000042 ) ) ;
#8214 = PRESENTATION_LAYER_ASSIGNMENT (  '', '', ( #122 ) ) ;
#8215 = CARTESIAN_POINT ( 'NONE',  ( 0.7250000000000001998, 0.8199999999999995071, 0.01000000000000000021 ) ) ;
#8216 = CARTESIAN_POINT ( 'NONE',  ( 3.212796488114678439, 16.58571287732828736, 0.001000000000000000021 ) ) ;
#8217 = ORIENTED_EDGE ( 'NONE', *, *, #9455, .F. ) ;
#8218 = EDGE_CURVE ( 'NONE', #4758, #10011, #2192, .T. ) ;
#8219 = VERTEX_POINT ( 'NONE', #1417 ) ;
#8220 = VECTOR ( 'NONE', #6176, 1000.000000000000000 ) ;
#8221 = DIRECTION ( 'NONE',  ( 0.002837673024398464344, 0.9999959737977981433, 0.000000000000000000 ) ) ;
#8222 = VECTOR ( 'NONE', #3754, 1000.000000000000000 ) ;
#8223 = DIRECTION ( 'NONE',  ( -0.000000000000000000, 0.000000000000000000, 1.000000000000000000 ) ) ;
#8224 =( NAMED_UNIT ( * ) PLANE_ANGLE_UNIT ( ) SI_UNIT ( $, .RADIAN. ) );
#8225 = DIRECTION ( 'NONE',  ( 0.000000000000000000, 1.000000000000000000, -0.000000000000000000 ) ) ;
#8226 =( GEOMETRIC_REPRESENTATION_CONTEXT ( 3 ) GLOBAL_UNCERTAINTY_ASSIGNED_CONTEXT ( ( #8327 ) ) GLOBAL_UNIT_ASSIGNED_CONTEXT ( ( #9661, #1794, #380 ) ) REPRESENTATION_CONTEXT ( 'NONE', 'WORKASPACE' ) );
#8227 = CARTESIAN_POINT ( 'NONE',  ( 1.224999999999999201, 0.2499999999999995837, 0.1829999999927167664 ) ) ;
#8228 = CARTESIAN_POINT ( 'NONE',  ( 1.470000000000000195, 1.469999999999999973, 0.7500000000000000000 ) ) ;
#8229 = AXIS2_PLACEMENT_3D ( 'NONE', #3489, #7408, #8121 ) ;
#8230 = EDGE_CURVE ( 'NONE', #1418, #3431, #6776, .T. ) ;
#8231 = ORIENTED_EDGE ( 'NONE', *, *, #9755, .T. ) ;
#8232 = VECTOR ( 'NONE', #5685, 1000.000000000000114 ) ;
#8233 = CARTESIAN_POINT ( 'NONE',  ( -1.499999999999999778, -0.3750000000000000000, -0.02000000000000000042 ) ) ;
#8234 = B_SPLINE_CURVE_WITH_KNOTS ( 'NONE', 3,
 ( #5583, #1353, #5175, #5792 ),
 .UNSPECIFIED., .F., .F.,
 ( 4, 4 ),
 ( 0.000000000000000000, 0.1111111111111111049 ),
 .UNSPECIFIED. ) ;
#8235 = ORIENTED_EDGE ( 'NONE', *, *, #2070, .T. ) ;
#8236 = CARTESIAN_POINT ( 'NONE',  ( 0.1116976285321055889, 16.53124902287799713, 0.000000000000000000 ) ) ;
#8237 = MECHANICAL_DESIGN_GEOMETRIC_PRESENTATION_REPRESENTATION (  '', ( #7090 ), #6280 ) ;
#8238 = CARTESIAN_POINT ( 'NONE',  ( 3.823390830947702490, 16.78094772646771560, 0.001000000000000000021 ) ) ;
#8239 = VERTEX_POINT ( 'NONE', #6012 ) ;
#8240 = PLANE ( 'NONE',  #1868 ) ;
#8241 = DIRECTION ( 'NONE',  ( -0.000000000000000000, 0.000000000000000000, -1.000000000000000000 ) ) ;
#8242 = AXIS2_PLACEMENT_3D ( 'NONE', #3669, #554, #5086 ) ;
#8243 = LINE ( 'NONE', #5308, #7568 ) ;
#8244 = DIRECTION ( 'NONE',  ( 0.000000000000000000, 0.000000000000000000, 1.000000000000000000 ) ) ;
#8245 = VERTEX_POINT ( 'NONE', #4478 ) ;
#8246 = ORIENTED_EDGE ( 'NONE', *, *, #2795, .F. ) ;
#8247 = CARTESIAN_POINT ( 'NONE',  ( -0.7249999999999997558, -0.8200000000000000622, 0.000000000000000000 ) ) ;
#8248 = DIRECTION ( 'NONE',  ( 3.942553354492743531E-16, 1.000000000000000000, 0.000000000000000000 ) ) ;
#8249 = ORIENTED_EDGE ( 'NONE', *, *, #3145, .F. ) ;
#8250 = FACE_OUTER_BOUND ( 'NONE', #3182, .T. ) ;
#8251 = DIRECTION ( 'NONE',  ( -0.000000000000000000, -0.000000000000000000, -1.000000000000000000 ) ) ;
#8252 = ORIENTED_EDGE ( 'NONE', *, *, #4065, .F. ) ;
#8253 = EDGE_CURVE ( 'NONE', #2058, #7978, #3713, .T. ) ;
#8254 = CARTESIAN_POINT ( 'NONE',  ( 1.224999999999999423, -0.6249999999999995559, -0.02000000000000000042 ) ) ;
#8255 = CARTESIAN_POINT ( 'NONE',  ( 3.073343024443654592, 16.45614472247444837, 0.001000000000000000021 ) ) ;
#8256 = COLOUR_RGB ( '',0.9607843137254902244, 0.9607843137254902244, 0.9607843137254902244 ) ;
#8257 = CARTESIAN_POINT ( 'NONE',  ( 9.900378128825050084, 7.386696376738698611, 0.001000000000000000021 ) ) ;
#8258 = EDGE_LOOP ( 'NONE', ( #7638, #7403, #75, #9104 ) ) ;
#8259 = DIRECTION ( 'NONE',  ( 0.000000000000000000, 0.000000000000000000, -1.000000000000000000 ) ) ;
#8260 = VECTOR ( 'NONE', #6888, 1000.000000000000000 ) ;
#8261 = CARTESIAN_POINT ( 'NONE',  ( 3.224447030649223667, 16.58518330721311784, 0.001000000000000000021 ) ) ;
#8262 = CARTESIAN_POINT ( 'NONE',  ( 3.714475910586914065, 16.66108835705933089, 0.000000000000000000 ) ) ;
#8263 = ORIENTED_EDGE ( 'NONE', *, *, #35, .F. ) ;
#8264 = DIRECTION ( 'NONE',  ( -0.000000000000000000, 0.000000000000000000, 1.000000000000000000 ) ) ;
#8265 = DIRECTION ( 'NONE',  ( -0.007407204194937120831, -0.9999725662867029463, 0.000000000000000000 ) ) ;
#8266 = ORIENTED_EDGE ( 'NONE', *, *, #1378, .F. ) ;
#8267 = EDGE_CURVE ( 'NONE', #7197, #7157, #5291, .T. ) ;
#8268 = CARTESIAN_POINT ( 'NONE',  ( 3.224447030649223667, 16.58518330721311784, 0.000000000000000000 ) ) ;
#8269 = CARTESIAN_POINT ( 'NONE',  ( 3.771492959657475552, 16.79506959620657724, 0.000000000000000000 ) ) ;
#8270 = ORIENTED_EDGE ( 'NONE', *, *, #6684, .F. ) ;
#8271 = CLOSED_SHELL ( 'NONE', ( #7927, #4050, #8446, #8132 ) ) ;
#8272 = ORIENTED_EDGE ( 'NONE', *, *, #757, .F. ) ;
#8273 = STYLED_ITEM ( 'NONE', ( #6476 ), #497 ) ;
#8274 = CARTESIAN_POINT ( 'NONE',  ( 3.181198804574033812, 16.70027654558460384, 0.001000000000000000021 ) ) ;
#8275 = PLANE ( 'NONE',  #7748 ) ;
#8276 = FILL_AREA_STYLE_COLOUR ( '', #6401 ) ;
#8277 = FACE_OUTER_BOUND ( 'NONE', #4303, .T. ) ;
#8278 = SURFACE_STYLE_FILL_AREA ( #121 ) ;
#8279 = DIRECTION ( 'NONE',  ( -0.000000000000000000, -0.000000000000000000, 1.000000000000000000 ) ) ;
#8280 =( GEOMETRIC_REPRESENTATION_CONTEXT ( 3 ) GLOBAL_UNCERTAINTY_ASSIGNED_CONTEXT ( ( #865 ) ) GLOBAL_UNIT_ASSIGNED_CONTEXT ( ( #4258, #7218, #9566 ) ) REPRESENTATION_CONTEXT ( 'NONE', 'WORKASPACE' ) );
#8281 =( NAMED_UNIT ( * ) PLANE_ANGLE_UNIT ( ) SI_UNIT ( $, .RADIAN. ) );
#8282 = ORIENTED_EDGE ( 'NONE', *, *, #2712, .T. ) ;
#8283 = CARTESIAN_POINT ( 'NONE',  ( 0.6750000000000001554, -0.8200000000000000622, 0.000000000000000000 ) ) ;
#8284 = EDGE_CURVE ( 'NONE', #3380, #8511, #9324, .T. ) ;
#8285 = DIRECTION ( 'NONE',  ( 0.001144164010853205302, 0.9999993454441438168, 0.000000000000000000 ) ) ;
#8286 = EDGE_CURVE ( 'NONE', #192, #808, #9991, .T. ) ;
#8287 = ORIENTED_EDGE ( 'NONE', *, *, #2240, .F. ) ;
#8288 = CARTESIAN_POINT ( 'NONE',  ( 1.499999999999999334, -0.3750000000000014988, -0.02000000000000000042 ) ) ;
#8289 = CARTESIAN_POINT ( 'NONE',  ( -1.500000000000000000, 0.3750000000000000000, -0.02000000000000000042 ) ) ;
#8290 = PRESENTATION_LAYER_ASSIGNMENT (  '', '', ( #3236 ) ) ;
#8291 = CYLINDRICAL_SURFACE ( 'NONE', #3987, 0.03000000000000007869 ) ;
#8292 = ORIENTED_EDGE ( 'NONE', *, *, #5184, .T. ) ;
#8293 = EDGE_LOOP ( 'NONE', ( #8924, #455, #1552, #7374, #3837, #9811, #2019, #5742, #4359, #5406, #1529, #3164 ) ) ;
#8294 = SHAPE_REPRESENTATION_RELATIONSHIP ( 'NONE' , 'NONE' ,  #4111, #3961 ) ;
#8295 = LINE ( 'NONE', #6857, #3725 ) ;
#8296 = ORIENTED_EDGE ( 'NONE', *, *, #1807, .T. ) ;
#8297 = DIRECTION ( 'NONE',  ( -3.942553354492743531E-16, -1.000000000000000000, 0.000000000000000000 ) ) ;
#8298 = CARTESIAN_POINT ( 'NONE',  ( 3.213679104973357958, 16.62737239305786474, 0.001000000000000000021 ) ) ;
#8299 = CARTESIAN_POINT ( 'NONE',  ( -1.469999999999999751, 1.469999999999999973, 0.7500000000000000000 ) ) ;
#8300 =( GEOMETRIC_REPRESENTATION_CONTEXT ( 3 ) GLOBAL_UNCERTAINTY_ASSIGNED_CONTEXT ( ( #1532 ) ) GLOBAL_UNIT_ASSIGNED_CONTEXT ( ( #3019, #1415, #3812 ) ) REPRESENTATION_CONTEXT ( 'NONE', 'WORKASPACE' ) );
#8301 = VERTEX_POINT ( 'NONE', #8460 ) ;
#8302 = DIRECTION ( 'NONE',  ( -1.000000000000000000, 0.000000000000000000, -0.000000000000000000 ) ) ;
#8303 = CARTESIAN_POINT ( 'NONE',  ( 1.224999999999999201, 0.7499999999999995559, 0.1830000000000000238 ) ) ;
#8304 = LINE ( 'NONE', #3508, #5106 ) ;
#8305 = DIRECTION ( 'NONE',  ( -0.9999706417708761341, 0.007662610282539060978, 0.000000000000000000 ) ) ;
#8306 = ORIENTED_EDGE ( 'NONE', *, *, #7948, .F. ) ;
#8307 = PRODUCT_DEFINITION_SHAPE ( 'NONE', 'NONE',  #958 ) ;
#8308 = APPLICATION_CONTEXT ( 'automotive_design' ) ;
#8309 = VECTOR ( 'NONE', #9303, 1000.000000000000227 ) ;
#8310 = LINE ( 'NONE', #3610, #5417 ) ;
#8311 = EDGE_CURVE ( 'NONE', #221, #8093, #1520, .T. ) ;
#8312 = CARTESIAN_POINT ( 'NONE',  ( 2.764250600534825075, 16.55270300681376838, 0.001000000000000000021 ) ) ;
#8313 = CARTESIAN_POINT ( 'NONE',  ( -0.6749999999999997113, 0.8199999999999998401, 0.01000000000000000021 ) ) ;
#8314 = ORIENTED_EDGE ( 'NONE', *, *, #2166, .T. ) ;
#8315 = CARTESIAN_POINT ( 'NONE',  ( 3.389319859850160821, 16.57141448421772267, 0.001000000000000000021 ) ) ;
#8316 = B_SPLINE_CURVE_WITH_KNOTS ( 'NONE', 3,
 ( #5138, #8269, #4381, #8466 ),
 .UNSPECIFIED., .F., .F.,
 ( 4, 4 ),
 ( 0.5333333333333333259, 0.5999999999999999778 ),
 .UNSPECIFIED. ) ;
#8317 = VECTOR ( 'NONE', #6908, 1000.000000000000000 ) ;
#8318 = FACE_OUTER_BOUND ( 'NONE', #9452, .T. ) ;
#8319 = CARTESIAN_POINT ( 'NONE',  ( 0.6749999999999998224, -0.8700000000000001066, 0.01000000000000000021 ) ) ;
#8320 = CARTESIAN_POINT ( 'NONE',  ( 1.470000000000000195, -1.469999999999999973, 0.7800000000000000266 ) ) ;
#8321 = ORIENTED_EDGE ( 'NONE', *, *, #8524, .F. ) ;
#8322 = EDGE_CURVE ( 'NONE', #590, #8535, #4764, .T. ) ;
#8323 = ORIENTED_EDGE ( 'NONE', *, *, #8468, .F. ) ;
#8324 = DIRECTION ( 'NONE',  ( -0.000000000000000000, -0.000000000000000000, -1.000000000000000000 ) ) ;
#8325 = EDGE_CURVE ( 'NONE', #1252, #8989, #2600, .T. ) ;
#8326 = CARTESIAN_POINT ( 'NONE',  ( 3.487466854535089311, 16.45508558224401696, 0.000000000000000000 ) ) ;
#8327 = UNCERTAINTY_MEASURE_WITH_UNIT (LENGTH_MEASURE( 1.000000000000000082E-05 ), #9661, 'distance_accuracy_value', 'NONE');
#8328 = EDGE_CURVE ( 'NONE', #7510, #2264, #283, .T. ) ;
#8329 = CARTESIAN_POINT ( 'NONE',  ( 0.000000000000000000, 16.70363048964761177, 0.001000000000000000021 ) ) ;
#8330 = LINE ( 'NONE', #1318, #9065 ) ;
#8331 = CARTESIAN_POINT ( 'NONE',  ( 1.499999999999999112, 0.3749999999999996669, -0.02000000000000000042 ) ) ;
#8332 = CARTESIAN_POINT ( 'NONE',  ( 3.790734007176634890, 16.76311886592244704, 0.001000000000000000021 ) ) ;
#8333 = EDGE_LOOP ( 'NONE', ( #2050, #294, #6086, #3654 ) ) ;
#8334 = EDGE_LOOP ( 'NONE', ( #9665, #5240, #6607, #9079 ) ) ;
#8335 = ORIENTED_EDGE ( 'NONE', *, *, #8174, .F. ) ;
#8336 = LINE ( 'NONE', #4999, #5739 ) ;
#8337 = CARTESIAN_POINT ( 'NONE',  ( 3.376963223828672866, 16.42101657149909499, -1.694065894508600678E-18 ) ) ;
#8338 = CARTESIAN_POINT ( 'NONE',  ( 3.266812639865734003, 0.000000000000000000, 0.000000000000000000 ) ) ;
#8339 = VERTEX_POINT ( 'NONE', #4903 ) ;
#8340 = EDGE_CURVE ( 'NONE', #2058, #1972, #4007, .T. ) ;
#8341 = EDGE_LOOP ( 'NONE', ( #430, #4980, #6001, #4479 ) ) ;
#8342 = CARTESIAN_POINT ( 'NONE',  ( 2.930182569966179429, 16.79206869888706066, 0.001000000000000000021 ) ) ;
#8343 = FACE_OUTER_BOUND ( 'NONE', #5578, .T. ) ;
#8344 = AXIS2_PLACEMENT_3D ( 'NONE', #8165, #1314, #2930 ) ;
#8345 = ORIENTED_EDGE ( 'NONE', *, *, #1957, .F. ) ;
#8346 = CARTESIAN_POINT ( 'NONE',  ( 0.000000000000000000, 16.73293336935568476, 0.001000000000000000021 ) ) ;
#8347 = LINE ( 'NONE', #3558, #2918 ) ;
#8348 = ORIENTED_EDGE ( 'NONE', *, *, #6571, .T. ) ;
#8349 = CARTESIAN_POINT ( 'NONE',  ( 3.487466854535089311, 16.45508558224401696, 0.001000000000000000021 ) ) ;
#8350 = FILL_AREA_STYLE ('',( #6005 ) ) ;
#8351 =( NAMED_UNIT ( * ) SI_UNIT ( $, .STERADIAN. ) SOLID_ANGLE_UNIT ( ) );
#8352 = VECTOR ( 'NONE', #4040, 1000.000000000000000 ) ;
#8353 = LINE ( 'NONE', #392, #5450 ) ;
#8354 = EDGE_LOOP ( 'NONE', ( #9468, #984, #5099, #9633 ) ) ;
#8355 = PRESENTATION_LAYER_ASSIGNMENT (  '', '', ( #2661 ) ) ;
#8356 = EDGE_CURVE ( 'NONE', #6756, #5646, #9372, .T. ) ;
#8357 = CARTESIAN_POINT ( 'NONE',  ( 3.290460928505618998, -0.003764829437805906464, 0.001000000000000000021 ) ) ;
#8358 = B_SPLINE_CURVE_WITH_KNOTS ( 'NONE', 3,
 ( #4100, #1139, #6556, #5687 ),
 .UNSPECIFIED., .F., .F.,
 ( 4, 4 ),
 ( 0.000000000000000000, 0.2000000000000000389 ),
 .UNSPECIFIED. ) ;
#8359 = CARTESIAN_POINT ( 'NONE',  ( 3.443336011601217272, 16.44961335772024569, 0.001000000000000000021 ) ) ;
#8360 = DIRECTION ( 'NONE',  ( 0.005319073689649684265, -0.9999858536274821574, 0.000000000000000000 ) ) ;
#8361 = EDGE_LOOP ( 'NONE', ( #1054, #8654, #6416, #7597 ) ) ;
#8362 = ORIENTED_EDGE ( 'NONE', *, *, #8356, .T. ) ;
#8363 = CIRCLE ( 'NONE', #5912, 0.03000000000000007869 ) ;
#8364 = FACE_OUTER_BOUND ( 'NONE', #8964, .T. ) ;
#8365 = DIRECTION ( 'NONE',  ( -1.000000000000000000, 0.000000000000000000, 0.000000000000000000 ) ) ;
#8366 = VECTOR ( 'NONE', #6393, 1000.000000000000000 ) ;
#8367 = VERTEX_POINT ( 'NONE', #856 ) ;
#8368 =( GEOMETRIC_REPRESENTATION_CONTEXT ( 3 ) GLOBAL_UNCERTAINTY_ASSIGNED_CONTEXT ( ( #7499 ) ) GLOBAL_UNIT_ASSIGNED_CONTEXT ( ( #9895, #5293, #3615 ) ) REPRESENTATION_CONTEXT ( 'NONE', 'WORKASPACE' ) );
#8369 = VERTEX_POINT ( 'NONE', #7119 ) ;
#8370 = DIRECTION ( 'NONE',  ( -0.000000000000000000, -0.000000000000000000, 1.000000000000000000 ) ) ;
#8371 = FACE_OUTER_BOUND ( 'NONE', #4540, .T. ) ;
#8372 = AXIS2_PLACEMENT_3D ( 'NONE', #1876, #1120, #4191 ) ;
#8373 = FILL_AREA_STYLE_COLOUR ( '', #8256 ) ;
#8374 = CARTESIAN_POINT ( 'NONE',  ( 1.499999999999999556, -0.1250000000000003331, 0.1830000000000000238 ) ) ;
#8375 = CARTESIAN_POINT ( 'NONE',  ( 3.719595088367241509, 16.51580962212106840, -1.694065894508600678E-18 ) ) ;
#8376 = ORIENTED_EDGE ( 'NONE', *, *, #9107, .T. ) ;
#8377 = MECHANICAL_DESIGN_GEOMETRIC_PRESENTATION_REPRESENTATION (  '', ( #9019 ), #3175 ) ;
#8378 = VERTEX_POINT ( 'NONE', #6258 ) ;
#8379 = B_SPLINE_CURVE_WITH_KNOTS ( 'NONE', 3,
 ( #6235, #6137, #2254, #8337 ),
 .UNSPECIFIED., .F., .F.,
 ( 4, 4 ),
 ( 0.09090909090909089774, 0.1818181818181817955 ),
 .UNSPECIFIED. ) ;
#8380 = VECTOR ( 'NONE', #1655, 1000.000000000000114 ) ;
#8381 = FACE_OUTER_BOUND ( 'NONE', #5030, .T. ) ;
#8382 = STYLED_ITEM ( 'NONE', ( #6703 ), #9940 ) ;
#8383 = ORIENTED_EDGE ( 'NONE', *, *, #7012, .F. ) ;
#8384 = B_SPLINE_SURFACE_WITH_KNOTS ( 'NONE', 3, 1, ( 
 ( #4641, #668 ),
 ( #9952, #16 ),
 ( #3876, #6882 ),
 ( #6216, #5441 ) ),
 .UNSPECIFIED., .F., .F., .F.,
 ( 4, 4 ),
 ( 2, 2 ),
 ( 0.1428571428571427937, 0.2142857142857143016 ),
 ( 0.000000000000000000, 1.000000000000000000 ),
 .UNSPECIFIED. ) ;
#8385 = ORIENTED_EDGE ( 'NONE', *, *, #6139, .F. ) ;
#8386 = EDGE_CURVE ( 'NONE', #5782, #178, #3954, .T. ) ;
#8387 = DIRECTION ( 'NONE',  ( -0.9999852318961504061, 0.005434702347162998458, 0.000000000000000000 ) ) ;
#8388 = CARTESIAN_POINT ( 'NONE',  ( 3.791793147407053421, 16.63443332792731155, 0.000000000000000000 ) ) ;
#8389 = VECTOR ( 'NONE', #3249, 1000.000000000000000 ) ;
#8390 = EDGE_CURVE ( 'NONE', #1488, #1392, #1752, .T. ) ;
#8391 = ADVANCED_FACE ( 'NONE', ( #9512 ), #1844, .F. ) ;
#8392 = CARTESIAN_POINT ( 'NONE',  ( 3.482700723498230122, 16.40795384199065410, 0.001000000000000001756 ) ) ;
#8393 = ORIENTED_EDGE ( 'NONE', *, *, #1988, .F. ) ;
#8394 =( GEOMETRIC_REPRESENTATION_CONTEXT ( 3 ) GLOBAL_UNCERTAINTY_ASSIGNED_CONTEXT ( ( #3918 ) ) GLOBAL_UNIT_ASSIGNED_CONTEXT ( ( #3601, #2207, #4568 ) ) REPRESENTATION_CONTEXT ( 'NONE', 'WORKASPACE' ) );
#8395 = ORIENTED_EDGE ( 'NONE', *, *, #1189, .T. ) ;
#8396 = VECTOR ( 'NONE', #9093, 1000.000000000000000 ) ;
#8397 = CARTESIAN_POINT ( 'NONE',  ( 2.677499245069797418, 0.004890409580022050430, 0.001000000000000000021 ) ) ;
#8398 = CARTESIAN_POINT ( 'NONE',  ( -1.224999999999999423, -0.7500000000000001110, -0.02000000000000000042 ) ) ;
#8399 = EDGE_LOOP ( 'NONE', ( #4755, #7843, #8998, #7631, #6621, #2529, #6129, #7513, #5139 ) ) ;
#8400 = PLANE ( 'NONE',  #65 ) ;
#8401 = CARTESIAN_POINT ( 'NONE',  ( 3.012972031310122034, 16.55270300681376838, 0.000000000000000000 ) ) ;
#8402 = LINE ( 'NONE', #9928, #9574 ) ;
#8403 = CARTESIAN_POINT ( 'NONE',  ( 0.000000000000000000, 16.82472552265812382, 0.001000000000000000021 ) ) ;
#8404 = AXIS2_PLACEMENT_3D ( 'NONE', #3999, #8841, #896 ) ;
#8405 = LINE ( 'NONE', #2213, #5294 ) ;
#8406 = VERTEX_POINT ( 'NONE', #9462 ) ;
#8407 = CARTESIAN_POINT ( 'NONE',  ( 3.533539454558040305, 16.51951661292751083, 0.000000000000000000 ) ) ;
#8408 = VECTOR ( 'NONE', #8856, 1000.000000000000000 ) ;
#8409 = DIRECTION ( 'NONE',  ( 1.000000000000000000, -2.365532012695645428E-15, 0.000000000000000000 ) ) ;
#8410 = SURFACE_SIDE_STYLE ('',( #6112 ) ) ;
#8411 = ORIENTED_EDGE ( 'NONE', *, *, #1754, .F. ) ;
#8412 = CARTESIAN_POINT ( 'NONE',  ( 0.000000000000000000, 16.52092879990137675, 0.001000000000000000021 ) ) ;
#8413 = VERTEX_POINT ( 'NONE', #8609 ) ;
#8414 = FACE_OUTER_BOUND ( 'NONE', #1137, .T. ) ;
#8415 = EDGE_CURVE ( 'NONE', #3681, #3870, #7216, .T. ) ;
#8416 = EDGE_CURVE ( 'NONE', #7419, #1972, #7894, .T. ) ;
#8417 = CARTESIAN_POINT ( 'NONE',  ( 3.653045777222963419, 16.55270300681376838, 0.000000000000000000 ) ) ;
#8418 = VECTOR ( 'NONE', #669, 1000.000000000000000 ) ;
#8419 = DIRECTION ( 'NONE',  ( -0.000000000000000000, -0.000000000000000000, -1.000000000000000000 ) ) ;
#8420 = ORIENTED_EDGE ( 'NONE', *, *, #1675, .F. ) ;
#8421 = ORIENTED_EDGE ( 'NONE', *, *, #8835, .T. ) ;
#8422 = DIRECTION ( 'NONE',  ( -0.000000000000000000, -0.000000000000000000, -1.000000000000000000 ) ) ;
#8423 = LINE ( 'NONE', #5580, #2707 ) ;
#8424 = UNCERTAINTY_MEASURE_WITH_UNIT (LENGTH_MEASURE( 1.000000000000000082E-05 ), #7668, 'distance_accuracy_value', 'NONE');
#8425 = PLANE ( 'NONE',  #7238 ) ;
#8426 = CARTESIAN_POINT ( 'NONE',  ( 3.435039413129651997, 16.43778629181395701, 0.000000000000000000 ) ) ;
#8427 = DIRECTION ( 'NONE',  ( 0.000000000000000000, 1.000000000000000000, 0.000000000000000000 ) ) ;
#8428 = CARTESIAN_POINT ( 'NONE',  ( 2.847569631993972283, 16.54211160450963547, 0.000000000000000000 ) ) ;
#8429 = VERTEX_POINT ( 'NONE', #4717 ) ;
#8430 = ORIENTED_EDGE ( 'NONE', *, *, #5940, .T. ) ;
#8431 = EDGE_CURVE ( 'NONE', #3313, #5648, #96, .T. ) ;
#8432 = CARTESIAN_POINT ( 'NONE',  ( 1.499999999999999112, 0.8749999999999996669, -0.02000000000000000042 ) ) ;
#8433 = DIRECTION ( 'NONE',  ( 1.000000000000000000, 0.000000000000000000, 0.000000000000000000 ) ) ;
#8434 = ORIENTED_EDGE ( 'NONE', *, *, #7029, .F. ) ;
#8435 = PLANE ( 'NONE',  #233 ) ;
#8436 = CARTESIAN_POINT ( 'NONE',  ( 2.693817775212373533, 16.42278180521647357, 0.000000000000000000 ) ) ;
#8437 = SURFACE_STYLE_FILL_AREA ( #5413 ) ;
#8438 = CARTESIAN_POINT ( 'NONE',  ( 0.06816054722029338264, 16.83565516039590904, 0.000000000000000000 ) ) ;
#8439 = ORIENTED_EDGE ( 'NONE', *, *, #10003, .T. ) ;
#8440 = EDGE_CURVE ( 'NONE', #3196, #4913, #145, .T. ) ;
#8441 = CARTESIAN_POINT ( 'NONE',  ( -1.500000000000000000, 0.8750000000000000000, -0.02000000000000000042 ) ) ;
#8442 = CARTESIAN_POINT ( 'NONE',  ( 3.167783028322135763, 16.58571287732828736, 0.001000000000000000021 ) ) ;
#8443 = ORIENTED_EDGE ( 'NONE', *, *, #9256, .T. ) ;
#8444 = CARTESIAN_POINT ( 'NONE',  ( -0.6749999999999997113, -0.8200000000000000622, -0.02000000000000000042 ) ) ;
#8445 = CARTESIAN_POINT ( 'NONE',  ( 3.043863621363823935, 0.000000000000000000, 0.000000000000000000 ) ) ;
#8446 = ADVANCED_FACE ( 'NONE', ( #4051 ), #3207, .F. ) ;
#8447 = EDGE_CURVE ( 'NONE', #7806, #9209, #2462, .T. ) ;
#8448 = AXIS2_PLACEMENT_3D ( 'NONE', #5928, #6593, #5102 ) ;
#8449 = DIRECTION ( 'NONE',  ( 0.9338687951897737261, -0.3576158181216268495, 0.000000000000000000 ) ) ;
#8450 = MANIFOLD_SOLID_BREP ( 'LPattern6[3]', #330 ) ;
#8451 = CARTESIAN_POINT ( 'NONE',  ( 2.786669068745240896, 16.41625044046226378, 0.000000000000000000 ) ) ;
#8452 = CARTESIAN_POINT ( 'NONE',  ( 2.767781067969536490, 16.82472552265812382, 0.000000000000000000 ) ) ;
#8453 = ORIENTED_EDGE ( 'NONE', *, *, #5876, .F. ) ;
#8454 = CARTESIAN_POINT ( 'NONE',  ( 3.309707819197460044, 16.81801763453219678, 0.000000000000000000 ) ) ;
#8455 = B_SPLINE_CURVE_WITH_KNOTS ( 'NONE', 3,
 ( #9771, #2808, #9007, #2064 ),
 .UNSPECIFIED., .F., .F.,
 ( 4, 4 ),
 ( 0.5555555555555555802, 0.6666666666666666297 ),
 .UNSPECIFIED. ) ;
#8456 = CARTESIAN_POINT ( 'NONE',  ( 3.408207860625855901, 16.66373620763538810, 0.001000000000000000021 ) ) ;
#8457 = CARTESIAN_POINT ( 'NONE',  ( 1.224999999999999423, -0.2500000000000004441, 0.000000000000000000 ) ) ;
#8458 = AXIS2_PLACEMENT_3D ( 'NONE', #2865, #2654, #5897 ) ;
#8459 = ORIENTED_EDGE ( 'NONE', *, *, #3887, .T. ) ;
#8460 = CARTESIAN_POINT ( 'NONE',  ( 2.073691170305642650, 16.81607587744306542, 0.000000000000000000 ) ) ;
#8461 = ORIENTED_EDGE ( 'NONE', *, *, #8500, .T. ) ;
#8462 = PRESENTATION_STYLE_ASSIGNMENT (( #5482 ) ) ;
#8463 = CARTESIAN_POINT ( 'NONE',  ( 3.791263577291842601, 16.80901494257366124, 0.001000000000000000021 ) ) ;
#8464 = LINE ( 'NONE', #7738, #2743 ) ;
#8465 = AXIS2_PLACEMENT_3D ( 'NONE', #2074, #2274, #7486 ) ;
#8466 = CARTESIAN_POINT ( 'NONE',  ( 3.790734007176634890, 16.76311886592244704, 0.000000000000000000 ) ) ;
#8467 = ORIENTED_EDGE ( 'NONE', *, *, #665, .F. ) ;
#8468 = EDGE_CURVE ( 'NONE', #3196, #2413, #226, .T. ) ;
#8469 = EDGE_LOOP ( 'NONE', ( #5860, #4160, #8858, #6957 ) ) ;
#8470 = EDGE_CURVE ( 'NONE', #530, #8517, #3396, .T. ) ;
#8471 = B_SPLINE_SURFACE_WITH_KNOTS ( 'NONE', 3, 1, ( 
 ( #5518, #8639 ),
 ( #8238, #7302 ),
 ( #9757, #2791 ),
 ( #5156, #3433 ) ),
 .UNSPECIFIED., .F., .F., .F.,
 ( 4, 4 ),
 ( 2, 2 ),
 ( 0.6666666666666666297, 0.7333333333333332815 ),
 ( 0.000000000000000000, 1.000000000000000000 ),
 .UNSPECIFIED. ) ;
#8472 = VERTEX_POINT ( 'NONE', #8903 ) ;
#8473 = CARTESIAN_POINT ( 'NONE',  ( 2.908117148499234528, 16.82472552265812382, 0.000000000000000000 ) ) ;
#8474 = CARTESIAN_POINT ( 'NONE',  ( -1.500000000000000000, 0.1250000000000000000, -0.02000000000000000042 ) ) ;
#8475 = VECTOR ( 'NONE', #1286, 1000.000000000000114 ) ;
#8476 =( NAMED_UNIT ( * ) SI_UNIT ( $, .STERADIAN. ) SOLID_ANGLE_UNIT ( ) );
#8477 = FILL_AREA_STYLE ('',( #9240 ) ) ;
#8478 = DIRECTION ( 'NONE',  ( -0.004048549816873615870, -0.9999918045886078133, 0.000000000000000000 ) ) ;
#8479 = CARTESIAN_POINT ( 'NONE',  ( 3.848670040461199537, 0.1023582457565145043, 0.001000000000000000021 ) ) ;
#8480 = EDGE_LOOP ( 'NONE', ( #76, #5379, #3231, #8660 ) ) ;
#8481 = ADVANCED_FACE ( 'NONE', ( #8250 ), #6506, .F. ) ;
#8482 = CARTESIAN_POINT ( 'NONE',  ( 2.851453146172155506, 16.63054981374909858, 0.000000000000000000 ) ) ;
#8483 = CARTESIAN_POINT ( 'NONE',  ( -1.499999999999999778, -0.1250000000000000000, 0.1830000001064036041 ) ) ;
#8484 = ORIENTED_EDGE ( 'NONE', *, *, #6632, .F. ) ;
#8485 = PRESENTATION_STYLE_ASSIGNMENT (( #1595 ) ) ;
#8486 = CARTESIAN_POINT ( 'NONE',  ( 2.786845592116968806, 16.48915459298898867, 0.000000000000000000 ) ) ;
#8487 = CARTESIAN_POINT ( 'NONE',  ( 3.822155167345547166, 16.76329538929418916, 0.001000000000000000021 ) ) ;
#8488 = ADVANCED_FACE ( 'NONE', ( #8999 ), #7365, .T. ) ;
#8489 = CARTESIAN_POINT ( 'NONE',  ( -1.469999999999999751, 1.500000000000000000, 0.000000000000000000 ) ) ;
#8490 = ORIENTED_EDGE ( 'NONE', *, *, #6945, .T. ) ;
#8491 =( LENGTH_UNIT ( ) NAMED_UNIT ( * ) SI_UNIT ( .MILLI., .METRE. ) );
#8492 = CARTESIAN_POINT ( 'NONE',  ( 1.499999999999999556, -0.6250000000000003331, -0.02000000000000000042 ) ) ;
#8493 = ORIENTED_EDGE ( 'NONE', *, *, #9319, .F. ) ;
#8494 = PLANE ( 'NONE',  #3193 ) ;
#8495 = CARTESIAN_POINT ( 'NONE',  ( 3.409090477484530091, 16.63054981374909858, 0.001000000000000000021 ) ) ;
#8496 = DIRECTION ( 'NONE',  ( -0.8059704845115427396, -0.5919557230876554277, 0.000000000000000000 ) ) ;
#8497 = LINE ( 'NONE', #4707, #2674 ) ;
#8498 = MANIFOLD_SOLID_BREP ( 'Boss-Extrude1[7]', #23 ) ;
#8499 = ADVANCED_FACE ( 'NONE', ( #5948 ), #9717, .F. ) ;
#8500 = EDGE_CURVE ( 'NONE', #8413, #9785, #6552, .T. ) ;
#8501 = DIRECTION ( 'NONE',  ( 1.000000000000000000, 0.000000000000000000, 0.000000000000000000 ) ) ;
#8502 = CARTESIAN_POINT ( 'NONE',  ( 2.647215605074208167, 16.58518330721312140, 0.001000000000000000021 ) ) ;
#8503 = ORIENTED_EDGE ( 'NONE', *, *, #2018, .T. ) ;
#8504 = EDGE_CURVE ( 'NONE', #5570, #2599, #8363, .T. ) ;
#8505 = ORIENTED_EDGE ( 'NONE', *, *, #1828, .T. ) ;
#8506 = CARTESIAN_POINT ( 'NONE',  ( 1.470000000000000195, 1.469999999999999973, 0.7500000000000000000 ) ) ;
#8507 = FACE_OUTER_BOUND ( 'NONE', #7024, .T. ) ;
#8508 = CARTESIAN_POINT ( 'NONE',  ( -1.499999999999999778, 1.469999999999999973, 0.7800000000000000266 ) ) ;
#8509 = EDGE_LOOP ( 'NONE', ( #4538, #4209, #7219, #7677 ) ) ;
#8510 = FILL_AREA_STYLE_COLOUR ( '', #1311 ) ;
#8511 = VERTEX_POINT ( 'NONE', #5837 ) ;
#8512 = CARTESIAN_POINT ( 'NONE',  ( 3.114826016801492514, 16.45508558224401696, 0.001000000000000000021 ) ) ;
#8513 = MECHANICAL_DESIGN_GEOMETRIC_PRESENTATION_REPRESENTATION (  '', ( #6070 ), #1710 ) ;
#8514 = CIRCLE ( 'NONE', #2341, 0.03000000000000007869 ) ;
#8515 = CARTESIAN_POINT ( 'NONE',  ( 3.194791104197659770, 16.67291542296562312, 0.000000000000000000 ) ) ;
#8516 = EDGE_CURVE ( 'NONE', #5040, #6869, #913, .T. ) ;
#8517 = VERTEX_POINT ( 'NONE', #9767 ) ;
#8518 = ADVANCED_FACE ( 'NONE', ( #8975 ), #618, .F. ) ;
#8519 = MANIFOLD_SOLID_BREP ( 'Boss-Extrude1[9]', #825 ) ;
#8520 = ADVANCED_FACE ( 'NONE', ( #3628 ), #7555, .T. ) ;
#8521 = ORIENTED_EDGE ( 'NONE', *, *, #222, .T. ) ;
#8522 = VECTOR ( 'NONE', #11, 1000.000000000000000 ) ;
#8523 = VECTOR ( 'NONE', #4812, 1000.000000000000000 ) ;
#8524 = EDGE_CURVE ( 'NONE', #8567, #4981, #7602, .T. ) ;
#8525 = DIRECTION ( 'NONE',  ( -0.000000000000000000, 1.000000000000000000, -0.000000000000000000 ) ) ;
#8526 = UNCERTAINTY_MEASURE_WITH_UNIT (LENGTH_MEASURE( 1.000000000000000082E-05 ), #9103, 'distance_accuracy_value', 'NONE');
#8527 = DIRECTION ( 'NONE',  ( -0.000000000000000000, -0.000000000000000000, -1.000000000000000000 ) ) ;
#8528 = MECHANICAL_DESIGN_GEOMETRIC_PRESENTATION_REPRESENTATION (  '', ( #9989 ), #4284 ) ;
#8529 = DIRECTION ( 'NONE',  ( 0.000000000000000000, 1.000000000000000000, 0.000000000000000000 ) ) ;
#8530 = EDGE_CURVE ( 'NONE', #9804, #3345, #6789, .T. ) ;
#8531 = AXIS2_PLACEMENT_3D ( 'NONE', #9776, #8259, #1298 ) ;
#8532 = AXIS2_PLACEMENT_3D ( 'NONE', #9955, #6884, #2885 ) ;
#8533 = PLANE ( 'NONE',  #2067 ) ;
#8534 = DIRECTION ( 'NONE',  ( -0.3158674381473075554, -0.9488033313170104455, 0.000000000000000000 ) ) ;
#8535 = VERTEX_POINT ( 'NONE', #2093 ) ;
#8536 = EDGE_LOOP ( 'NONE', ( #2907, #1221, #4125, #1152 ) ) ;
#8537 = VECTOR ( 'NONE', #453, 1000.000000000000000 ) ;
#8538 =( LENGTH_UNIT ( ) NAMED_UNIT ( * ) SI_UNIT ( .MILLI., .METRE. ) );
#8539 = MANIFOLD_SOLID_BREP ( 'Boss-Extrude3', #8271 ) ;
#8540 = CARTESIAN_POINT ( 'NONE',  ( 0.6750000000000001554, -0.8200000000000000622, 0.01000000000000000021 ) ) ;
#8541 = VERTEX_POINT ( 'NONE', #2829 ) ;
#8542 = CARTESIAN_POINT ( 'NONE',  ( -1.224999999999999423, 0.8749999999999998890, 0.1830000000000000238 ) ) ;
#8543 = LINE ( 'NONE', #1601, #2681 ) ;
#8544 = EDGE_CURVE ( 'NONE', #7252, #9589, #2779, .T. ) ;
#8545 =( NAMED_UNIT ( * ) PLANE_ANGLE_UNIT ( ) SI_UNIT ( $, .RADIAN. ) );
#8546 = FACE_OUTER_BOUND ( 'NONE', #5675, .T. ) ;
#8547 = ORIENTED_EDGE ( 'NONE', *, *, #2567, .F. ) ;
#8548 = DIRECTION ( 'NONE',  ( 1.000000000000000000, 0.000000000000000000, 0.000000000000000000 ) ) ;
#8549 = VERTEX_POINT ( 'NONE', #1433 ) ;
#8550 = CARTESIAN_POINT ( 'NONE',  ( 2.074397263792580937, 16.82296028894079853, 0.001000000000000000021 ) ) ;
#8551 = LINE ( 'NONE', #6861, #3225 ) ;
#8552 = AXIS2_PLACEMENT_3D ( 'NONE', #1613, #7629, #1509 ) ;
#8553 = MANIFOLD_SOLID_BREP ( 'Boss-Extrude1[3]', #9557 ) ;
#8554 = SURFACE_SIDE_STYLE ('',( #801 ) ) ;
#8555 = ORIENTED_EDGE ( 'NONE', *, *, #5844, .T. ) ;
#8556 = B_SPLINE_SURFACE_WITH_KNOTS ( 'NONE', 3, 1, ( 
 ( #9071, #8262 ),
 ( #655, #1300 ),
 ( #6921, #2123 ),
 ( #5181, #2168 ) ),
 .UNSPECIFIED., .F., .F., .F.,
 ( 4, 4 ),
 ( 2, 2 ),
 ( 0.4666666666666666741, 0.5333333333333333259 ),
 ( 0.000000000000000000, 1.000000000000000000 ),
 .UNSPECIFIED. ) ;
#8557 = ORIENTED_EDGE ( 'NONE', *, *, #3310, .T. ) ;
#8558 = DIRECTION ( 'NONE',  ( 0.000000000000000000, 0.000000000000000000, -1.000000000000000000 ) ) ;
#8559 = CARTESIAN_POINT ( 'NONE',  ( 1.499999999999999556, -0.8750000000000015543, 0.000000000000000000 ) ) ;
#8560 = VECTOR ( 'NONE', #3035, 1000.000000000000000 ) ;
#8561 = EDGE_LOOP ( 'NONE', ( #251, #4350, #3417, #9109 ) ) ;
#8562 = ADVANCED_FACE ( 'NONE', ( #2288 ), #1317, .F. ) ;
#8563 = EDGE_LOOP ( 'NONE', ( #263, #2569, #8555, #7829, #5736, #3555, #6715, #3853, #8637, #3075 ) ) ;
#8564 = PLANE ( 'NONE',  #924 ) ;
#8565 = VECTOR ( 'NONE', #3063, 1000.000000000000000 ) ;
#8566 = DIRECTION ( 'NONE',  ( 0.002737216023205454266, -0.9999962538172042503, 0.000000000000000000 ) ) ;
#8567 = VERTEX_POINT ( 'NONE', #6272 ) ;
#8568 = CIRCLE ( 'NONE', #4159, 0.05000000000000002359 ) ;
#8569 = ORIENTED_EDGE ( 'NONE', *, *, #5923, .T. ) ;
#8570 = EDGE_CURVE ( 'NONE', #6610, #4966, #2329, .T. ) ;
#8571 = LINE ( 'NONE', #3721, #9796 ) ;
#8572 = VECTOR ( 'NONE', #409, 1000.000000000000000 ) ;
#8573 =( NAMED_UNIT ( * ) SI_UNIT ( $, .STERADIAN. ) SOLID_ANGLE_UNIT ( ) );
#8574 = CARTESIAN_POINT ( 'NONE',  ( 3.256927331048552698, 16.63072633712083004, 0.001000000000000000021 ) ) ;
#8575 = ADVANCED_FACE ( 'NONE', ( #3879 ), #6324, .F. ) ;
#8576 = EDGE_CURVE ( 'NONE', #2599, #266, #818, .T. ) ;
#8577 = CARTESIAN_POINT ( 'NONE',  ( 3.536893398621014928, 16.55005515623776091, 1.694065894508600678E-18 ) ) ;
#8578 = CARTESIAN_POINT ( 'NONE',  ( 3.790734007176634890, 16.76311886592244704, 0.000000000000000000 ) ) ;
#8579 = LINE ( 'NONE', #111, #1226 ) ;
#8580 = CARTESIAN_POINT ( 'NONE',  ( -0.6749999999999993783, 0.8699999999999998845, 0.000000000000000000 ) ) ;
#8581 = VERTEX_POINT ( 'NONE', #18 ) ;
#8582 = CARTESIAN_POINT ( 'NONE',  ( 3.831157859304063606, 16.53046106197511733, 0.000000000000000000 ) ) ;
#8583 = MANIFOLD_SOLID_BREP ( 'Boss-Extrude1[11]', #1294 ) ;
#8584 = LINE ( 'NONE', #4696, #4530 ) ;
#8585 = LINE ( 'NONE', #3847, #2182 ) ;
#8586 = DIRECTION ( 'NONE',  ( 0.000000000000000000, 0.000000000000000000, 1.000000000000000000 ) ) ;
#8587 = PLANE ( 'NONE',  #117 ) ;
#8588 = AXIS2_PLACEMENT_3D ( 'NONE', #8112, #4835, #4132 ) ;
#8589 = LINE ( 'NONE', #8487, #10012 ) ;
#8590 = CARTESIAN_POINT ( 'NONE',  ( 1.499999999999999556, -0.6250000000000003331, 0.1830000001064036041 ) ) ;
#8591 = ORIENTED_EDGE ( 'NONE', *, *, #4124, .F. ) ;
#8592 = MECHANICAL_DESIGN_GEOMETRIC_PRESENTATION_REPRESENTATION (  '', ( #4521 ), #5654 ) ;
#8593 = ADVANCED_FACE ( 'NONE', ( #2615 ), #7903, .F. ) ;
#8594 = DIRECTION ( 'NONE',  ( -0.007662610282539060978, -0.9999706417708761341, 0.000000000000000000 ) ) ;
#8595 = ADVANCED_FACE ( 'NONE', ( #2663 ), #7280, .T. ) ;
#8596 = VECTOR ( 'NONE', #9234, 1000.000000000000000 ) ;
#8597 = ORIENTED_EDGE ( 'NONE', *, *, #2677, .T. ) ;
#8598 = FACE_OUTER_BOUND ( 'NONE', #9181, .T. ) ;
#8599 = DIRECTION ( 'NONE',  ( 0.000000000000000000, 0.000000000000000000, 1.000000000000000000 ) ) ;
#8600 = CARTESIAN_POINT ( 'NONE',  ( -1.224999999999999867, 0.2499999999999998890, 0.1830000000000000238 ) ) ;
#8601 = MANIFOLD_SOLID_BREP ( 'LPattern6[6]', #9723 ) ;
#8602 = FILL_AREA_STYLE ('',( #6451 ) ) ;
#8603 = DIRECTION ( 'NONE',  ( -1.000000000000000000, 0.000000000000000000, 0.000000000000000000 ) ) ;
#8604 = FACE_OUTER_BOUND ( 'NONE', #7335, .T. ) ;
#8605 = SURFACE_STYLE_FILL_AREA ( #9317 ) ;
#8606 = PLANE ( 'NONE',  #9280 ) ;
#8607 = COLOUR_RGB ( '',0.8039215686274510109, 0.8039215686274510109, 0.8039215686274510109 ) ;
#8608 = ORIENTED_EDGE ( 'NONE', *, *, #2546, .T. ) ;
#8609 = CARTESIAN_POINT ( 'NONE',  ( -1.224999999999999867, 0.6249999999999998890, 0.1830000001064036041 ) ) ;
#8610 = ORIENTED_EDGE ( 'NONE', *, *, #2127, .F. ) ;
#8611 = FILL_AREA_STYLE_COLOUR ( '', #2503 ) ;
#8612 = CARTESIAN_POINT ( 'NONE',  ( 2.073691170305643094, 0.000000000000000000, 0.000000000000000000 ) ) ;
#8613 = CARTESIAN_POINT ( 'NONE',  ( 2.775548096325903824, 16.70027654558460384, 0.000000000000000000 ) ) ;
#8614 = ADVANCED_FACE ( 'NONE', ( #605, #5082 ), #7177, .F. ) ;
#8615 = COLOUR_RGB ( '',0.8039215686274510109, 0.8039215686274510109, 0.8039215686274510109 ) ;
#8616 = MANIFOLD_SOLID_BREP ( 'Boss-Extrude6[1]', #3387 ) ;
#8617 = ORIENTED_EDGE ( 'NONE', *, *, #5206, .F. ) ;
#8618 = CARTESIAN_POINT ( 'NONE',  ( 1.499999999999999556, 0.6249999999999984457, 0.1830000000000000238 ) ) ;
#8619 = UNCERTAINTY_MEASURE_WITH_UNIT (LENGTH_MEASURE( 1.000000000000000082E-05 ), #3724, 'distance_accuracy_value', 'NONE');
#8620 = VECTOR ( 'NONE', #3907, 1000.000000000000000 ) ;
#8621 = CARTESIAN_POINT ( 'NONE',  ( 3.446336908920713427, 16.45508558224401696, 0.000000000000000000 ) ) ;
#8622 = DIRECTION ( 'NONE',  ( -1.000000000000000000, 0.000000000000000000, 0.000000000000000000 ) ) ;
#8623 = CARTESIAN_POINT ( 'NONE',  ( 2.462748681610632318, 16.59118510185208351, 0.000000000000000000 ) ) ;
#8624 = PLANE ( 'NONE',  #7413 ) ;
#8625 = ADVANCED_FACE ( 'NONE', ( #8414 ), #9076, .F. ) ;
#8626 = B_SPLINE_CURVE_WITH_KNOTS ( 'NONE', 3,
 ( #7809, #5166, #9974, #6754 ),
 .UNSPECIFIED., .F., .F.,
 ( 4, 4 ),
 ( 0.1000000000000000056, 0.2000000000000000111 ),
 .UNSPECIFIED. ) ;
#8627 = ADVANCED_FACE ( 'NONE', ( #5187 ), #7490, .T. ) ;
#8628 = VERTEX_POINT ( 'NONE', #1255 ) ;
#8629 =( GEOMETRIC_REPRESENTATION_CONTEXT ( 3 ) GLOBAL_UNCERTAINTY_ASSIGNED_CONTEXT ( ( #8526 ) ) GLOBAL_UNIT_ASSIGNED_CONTEXT ( ( #9103, #5996, #5273 ) ) REPRESENTATION_CONTEXT ( 'NONE', 'WORKASPACE' ) );
#8630 = EDGE_CURVE ( 'NONE', #1274, #4445, #4333, .T. ) ;
#8631 = DIRECTION ( 'NONE',  ( -0.000000000000000000, -0.000000000000000000, 1.000000000000000000 ) ) ;
#8632 = DIRECTION ( 'NONE',  ( -0.000000000000000000, 0.000000000000000000, -1.000000000000000000 ) ) ;
#8633 = CARTESIAN_POINT ( 'NONE',  ( -1.499999999999999778, -1.500000000000000000, 0.000000000000000000 ) ) ;
#8634 = B_SPLINE_SURFACE_WITH_KNOTS ( 'NONE', 3, 1, ( 
 ( #5424, #846 ),
 ( #1612, #7775 ),
 ( #3899, #9981 ),
 ( #3013, #7674 ) ),
 .UNSPECIFIED., .F., .F., .F.,
 ( 4, 4 ),
 ( 2, 2 ),
 ( 0.6363636363636363535, 0.7272727272727272929 ),
 ( 0.000000000000000000, 1.000000000000000000 ),
 .UNSPECIFIED. ) ;
#8635 = CARTESIAN_POINT ( 'NONE',  ( -1.224999999999999867, 0.3749999999999998890, -0.02000000000000000042 ) ) ;
#8636 = CARTESIAN_POINT ( 'NONE',  ( -0.7249999999999997558, -0.8200000000000000622, 0.01000000000000000021 ) ) ;
#8637 = ORIENTED_EDGE ( 'NONE', *, *, #6644, .T. ) ;
#8638 = FACE_OUTER_BOUND ( 'NONE', #5452, .T. ) ;
#8639 = CARTESIAN_POINT ( 'NONE',  ( 3.822155167345547166, 16.76329538929418916, 0.000000000000000000 ) ) ;
#8640 = CARTESIAN_POINT ( 'NONE',  ( 3.433274179412293403, 16.53222629569243907, 0.001000000000000000021 ) ) ;
#8641 = LINE ( 'NONE', #1888, #6394 ) ;
#8642 = DIRECTION ( 'NONE',  ( 0.3873641921316386405, -0.9219267772736634559, 0.000000000000000000 ) ) ;
#8643 = EDGE_LOOP ( 'NONE', ( #8672, #95, #8119, #677 ) ) ;
#8644 = EDGE_CURVE ( 'NONE', #3563, #6202, #9018, .T. ) ;
#8645 = CARTESIAN_POINT ( 'NONE',  ( 3.071930837469771802, 16.58571287732829092, 0.001000000000000000021 ) ) ;
#8646 = ORIENTED_EDGE ( 'NONE', *, *, #1726, .F. ) ;
#8647 = EDGE_LOOP ( 'NONE', ( #4014, #7517, #6097, #1539 ) ) ;
#8648 = DIRECTION ( 'NONE',  ( -0.000000000000000000, -0.000000000000000000, 1.000000000000000000 ) ) ;
#8649 = CARTESIAN_POINT ( 'NONE',  ( 1.499999999999999556, -0.1250000000000003331, 0.1830000000000000238 ) ) ;
#8650 = DIRECTION ( 'NONE',  ( -1.000000000000000000, 3.942553354492742545E-16, 0.000000000000000000 ) ) ;
#8651 = ORIENTED_EDGE ( 'NONE', *, *, #3887, .F. ) ;
#8652 = DIRECTION ( 'NONE',  ( -0.000000000000000000, -0.000000000000000000, -1.000000000000000000 ) ) ;
#8653 = CARTESIAN_POINT ( 'NONE',  ( 3.749957108305741915, 16.41625044046226378, 1.694065894508600678E-18 ) ) ;
#8654 = ORIENTED_EDGE ( 'NONE', *, *, #575, .F. ) ;
#8655 = CARTESIAN_POINT ( 'NONE',  ( -0.6749999999999993783, -0.8700000000000001066, -0.02000000000000000042 ) ) ;
#8656 = DIRECTION ( 'NONE',  ( -0.02658634363531967720, 0.9996465206922418023, 0.000000000000000000 ) ) ;
#8657 = DIRECTION ( 'NONE',  ( 0.000000000000000000, 0.000000000000000000, -1.000000000000000000 ) ) ;
#8658 = EDGE_CURVE ( 'NONE', #6206, #5527, #7543, .T. ) ;
#8659 = PLANE ( 'NONE',  #2889 ) ;
#8660 = ORIENTED_EDGE ( 'NONE', *, *, #2545, .T. ) ;
#8661 = EDGE_LOOP ( 'NONE', ( #2155, #6578, #1934, #2565 ) ) ;
#8662 = CARTESIAN_POINT ( 'NONE',  ( -1.499999999999999556, -0.8750000000000000000, 0.000000000000000000 ) ) ;
#8663 = COLOUR_RGB ( '',0.8039215686274510109, 0.8039215686274510109, 0.8039215686274510109 ) ;
#8664 = AXIS2_PLACEMENT_3D ( 'NONE', #1210, #8107, #511 ) ;
#8665 = SURFACE_SIDE_STYLE ('',( #66 ) ) ;
#8666 = CARTESIAN_POINT ( 'NONE',  ( 1.099999999999998979, -0.2500000000000004441, 0.1830000000000000238 ) ) ;
#8667 = DIRECTION ( 'NONE',  ( -0.000000000000000000, -0.000000000000000000, 1.000000000000000000 ) ) ;
#8668 = CARTESIAN_POINT ( 'NONE',  ( 3.110412932508104689, 16.66444230112228198, 0.001000000000000000021 ) ) ;
#8669 = VERTEX_POINT ( 'NONE', #5343 ) ;
#8670 = AXIS2_PLACEMENT_3D ( 'NONE', #5842, #2115, #591 ) ;
#8671 = VECTOR ( 'NONE', #2556, 1000.000000000000000 ) ;
#8672 = ORIENTED_EDGE ( 'NONE', *, *, #6163, .F. ) ;
#8673 = CARTESIAN_POINT ( 'NONE',  ( 1.499999999999999112, 0.1249999999999984873, 0.1830000001064036041 ) ) ;
#8674 = CARTESIAN_POINT ( 'NONE',  ( 3.831157859304063606, 16.53046106197511733, 0.001000000000000000021 ) ) ;
#8675 = DIRECTION ( 'NONE',  ( 0.000000000000000000, 0.000000000000000000, 1.000000000000000000 ) ) ;
#8676 = ADVANCED_FACE ( 'NONE', ( #9231 ), #8564, .T. ) ;
#8677 = CARTESIAN_POINT ( 'NONE',  ( 3.053042836694066064, 16.50751302364947293, 0.0009999999999999982861 ) ) ;
#8678 = PRESENTATION_LAYER_ASSIGNMENT (  '', '', ( #2831 ) ) ;
#8679 = DIRECTION ( 'NONE',  ( 0.000000000000000000, 0.000000000000000000, -1.000000000000000000 ) ) ;
#8680 =( NAMED_UNIT ( * ) PLANE_ANGLE_UNIT ( ) SI_UNIT ( $, .RADIAN. ) );
#8681 = VECTOR ( 'NONE', #7011, 1000.000000000000114 ) ;
#8682 = CARTESIAN_POINT ( 'NONE',  ( 1.224999999999999423, 0.1249999999999985983, 0.1830000000000000238 ) ) ;
#8683 = EDGE_LOOP ( 'NONE', ( #4231, #6257, #6691, #1199 ) ) ;
#8684 = EDGE_CURVE ( 'NONE', #8769, #7548, #4677, .T. ) ;
#8685 = CARTESIAN_POINT ( 'NONE',  ( -1.099999999999999423, -0.7500000000000001110, -0.02000000000000000042 ) ) ;
#8686 = VECTOR ( 'NONE', #8060, 1000.000000000000000 ) ;
#8687 = LINE ( 'NONE', #175, #6547 ) ;
#8688 = EDGE_CURVE ( 'NONE', #6321, #2419, #7639, .T. ) ;
#8689 = EDGE_CURVE ( 'NONE', #7978, #1500, #4464, .T. ) ;
#8690 = FACE_OUTER_BOUND ( 'NONE', #1723, .T. ) ;
#8691 = ORIENTED_EDGE ( 'NONE', *, *, #4446, .T. ) ;
#8692 = CARTESIAN_POINT ( 'NONE',  ( -1.224999999999999423, -0.8750000000000001110, -0.02000000000000000042 ) ) ;
#8693 = VECTOR ( 'NONE', #5624, 999.9999999999998863 ) ;
#8694 = LINE ( 'NONE', #3160, #2300 ) ;
#8695 = LINE ( 'NONE', #8508, #200 ) ;
#8696 = VERTEX_POINT ( 'NONE', #7838 ) ;
#8697 = DIRECTION ( 'NONE',  ( -0.000000000000000000, -0.000000000000000000, -1.000000000000000000 ) ) ;
#8698 = CARTESIAN_POINT ( 'NONE',  ( 3.772199053144412062, 16.41730958069266677, 1.694065894508600678E-18 ) ) ;
#8699 =( GEOMETRIC_REPRESENTATION_CONTEXT ( 3 ) GLOBAL_UNCERTAINTY_ASSIGNED_CONTEXT ( ( #7798 ) ) GLOBAL_UNIT_ASSIGNED_CONTEXT ( ( #1455, #9712, #4360 ) ) REPRESENTATION_CONTEXT ( 'NONE', 'WORKASPACE' ) );
#8700 = VERTEX_POINT ( 'NONE', #3763 ) ;
#8701 = DIRECTION ( 'NONE',  ( -0.000000000000000000, -0.000000000000000000, -1.000000000000000000 ) ) ;
#8702 = CARTESIAN_POINT ( 'NONE',  ( 3.848670040461199537, 0.1023582457565145043, 0.001000000000000000021 ) ) ;
#8703 = CARTESIAN_POINT ( 'NONE',  ( 3.615269775671568375, 16.86638503838770120, 0.000000000000000000 ) ) ;
#8704 = VECTOR ( 'NONE', #4297, 1000.000000000000000 ) ;
#8705 = SURFACE_STYLE_USAGE ( .BOTH. , #6361 ) ;
#8706 = MANIFOLD_SOLID_BREP ( 'LPattern6[5]', #4193 ) ;
#8707 = STYLED_ITEM ( 'NONE', ( #9778 ), #5956 ) ;
#8708 = ORIENTED_EDGE ( 'NONE', *, *, #3642, .F. ) ;
#8709 = ORIENTED_EDGE ( 'NONE', *, *, #4425, .F. ) ;
#8710 = DIRECTION ( 'NONE',  ( 0.000000000000000000, 1.000000000000000000, 0.000000000000000000 ) ) ;
#8711 = VECTOR ( 'NONE', #2548, 1000.000000000000000 ) ;
#8712 = EDGE_CURVE ( 'NONE', #8950, #3471, #6260, .T. ) ;
#8713 = ADVANCED_FACE ( 'NONE', ( #5387 ), #784, .F. ) ;
#8714 = ORIENTED_EDGE ( 'NONE', *, *, #1325, .F. ) ;
#8715 =( NAMED_UNIT ( * ) PLANE_ANGLE_UNIT ( ) SI_UNIT ( $, .RADIAN. ) );
#8716 = DIRECTION ( 'NONE',  ( -0.000000000000000000, -0.000000000000000000, -1.000000000000000000 ) ) ;
#8717 = AXIS2_PLACEMENT_3D ( 'NONE', #9843, #2132, #663 ) ;
#8718 = CYLINDRICAL_SURFACE ( 'NONE', #6894, 0.1000000000000000472 ) ;
#8719 = CARTESIAN_POINT ( 'NONE',  ( 1.099999999999998979, 0.7499999999999995559, 0.000000000000000000 ) ) ;
#8720 = VERTEX_POINT ( 'NONE', #1096 ) ;
#8721 = ORIENTED_EDGE ( 'NONE', *, *, #9964, .F. ) ;
#8722 =( GEOMETRIC_REPRESENTATION_CONTEXT ( 3 ) GLOBAL_UNCERTAINTY_ASSIGNED_CONTEXT ( ( #5251 ) ) GLOBAL_UNIT_ASSIGNED_CONTEXT ( ( #8091, #7944, #7325 ) ) REPRESENTATION_CONTEXT ( 'NONE', 'WORKASPACE' ) );
#8723 = CARTESIAN_POINT ( 'NONE',  ( 2.780843797477962731, 16.57529799839590368, 0.000000000000000000 ) ) ;
#8724 =( LENGTH_UNIT ( ) NAMED_UNIT ( * ) SI_UNIT ( .MILLI., .METRE. ) );
#8725 = DIRECTION ( 'NONE',  ( -1.000000000000000000, 0.000000000000000000, 0.000000000000000000 ) ) ;
#8726 = PLANE ( 'NONE',  #3636 ) ;
#8727 = CARTESIAN_POINT ( 'NONE',  ( 3.114826016801492514, 16.45508558224401696, 0.001000000000000000021 ) ) ;
#8728 = DIRECTION ( 'NONE',  ( -1.000000000000000000, 3.942553354492742545E-16, 0.000000000000000000 ) ) ;
#8729 = SURFACE_STYLE_USAGE ( .BOTH. , #4076 ) ;
#8730 = DIRECTION ( 'NONE',  ( -1.000000000000000000, 0.000000000000000000, -0.000000000000000000 ) ) ;
#8731 = EDGE_CURVE ( 'NONE', #9245, #2379, #130, .T. ) ;
#8732 = EDGE_LOOP ( 'NONE', ( #9, #6662, #2921, #1961 ) ) ;
#8733 = DIRECTION ( 'NONE',  ( -1.000000000000000000, 3.942553354492742545E-16, 0.000000000000000000 ) ) ;
#8734 = ORIENTED_EDGE ( 'NONE', *, *, #898, .T. ) ;
#8735 = LINE ( 'NONE', #8685, #6917 ) ;
#8736 = LINE ( 'NONE', #5721, #2658 ) ;
#8737 = CARTESIAN_POINT ( 'NONE',  ( 3.714475910586914065, 16.66108835705933089, 0.001000000000000000021 ) ) ;
#8738 = CARTESIAN_POINT ( 'NONE',  ( 1.224999999999999423, 0.6249999999999985567, 0.1830000000000000238 ) ) ;
#8739 = CARTESIAN_POINT ( 'NONE',  ( 3.721183798712856650, 16.41501477686008315, 1.694065894508600678E-18 ) ) ;
#8740 = ORIENTED_EDGE ( 'NONE', *, *, #7145, .T. ) ;
#8741 = EDGE_CURVE ( 'NONE', #2755, #8000, #4961, .T. ) ;
#8742 = VERTEX_POINT ( 'NONE', #6359 ) ;
#8743 = CARTESIAN_POINT ( 'NONE',  ( -1.499999999999999556, 0.3750000000000000000, 0.1830000000000000238 ) ) ;
#8744 = AXIS2_PLACEMENT_3D ( 'NONE', #2081, #5969, #1366 ) ;
#8745 = EDGE_CURVE ( 'NONE', #7610, #4028, #9516, .T. ) ;
#8746 = SURFACE_SIDE_STYLE ('',( #8605 ) ) ;
#8747 = CARTESIAN_POINT ( 'NONE',  ( 3.127712222938180187, 16.82507856940162938, 0.001000000000000000021 ) ) ;
#8748 = EDGE_CURVE ( 'NONE', #6869, #7448, #1002, .T. ) ;
#8749 = VERTEX_POINT ( 'NONE', #7123 ) ;
#8750 = SURFACE_STYLE_FILL_AREA ( #5634 ) ;
#8751 = DIRECTION ( 'NONE',  ( 0.000000000000000000, 0.000000000000000000, -1.000000000000000000 ) ) ;
#8752 = VERTEX_POINT ( 'NONE', #5639 ) ;
#8753 = CARTESIAN_POINT ( 'NONE',  ( 2.851982716287360553, 16.63955250570759858, 0.001000000000000000021 ) ) ;
#8754 = CARTESIAN_POINT ( 'NONE',  ( 3.053042836694066064, 16.50751302364947293, -1.694065894508600678E-18 ) ) ;
#8755 = AXIS2_PLACEMENT_3D ( 'NONE', #7751, #6174, #4648 ) ;
#8756 = DIRECTION ( 'NONE',  ( -0.000000000000000000, -0.000000000000000000, -1.000000000000000000 ) ) ;
#8757 = VERTEX_POINT ( 'NONE', #190 ) ;
#8758 = ORIENTED_EDGE ( 'NONE', *, *, #4371, .T. ) ;
#8759 = VECTOR ( 'NONE', #165, 1000.000000000000000 ) ;
#8760 = VERTEX_POINT ( 'NONE', #1757 ) ;
#8761 = CARTESIAN_POINT ( 'NONE',  ( 3.505119191708629955, 16.58730158767390961, 0.000000000000000000 ) ) ;
#8762 = ORIENTED_EDGE ( 'NONE', *, *, #5283, .T. ) ;
#8763 = UNCERTAINTY_MEASURE_WITH_UNIT (LENGTH_MEASURE( 1.000000000000000082E-05 ), #4289, 'distance_accuracy_value', 'NONE');
#8764 =( NAMED_UNIT ( * ) SI_UNIT ( $, .STERADIAN. ) SOLID_ANGLE_UNIT ( ) );
#8765 = DIRECTION ( 'NONE',  ( 0.000000000000000000, -0.000000000000000000, -1.000000000000000000 ) ) ;
#8766 = FACE_OUTER_BOUND ( 'NONE', #1706, .T. ) ;
#8767 = MECHANICAL_DESIGN_GEOMETRIC_PRESENTATION_REPRESENTATION (  '', ( #3236 ), #7634 ) ;
#8768 = CARTESIAN_POINT ( 'NONE',  ( 2.747127833476488590, 16.78183034332643331, 0.000000000000000000 ) ) ;
#8769 = VERTEX_POINT ( 'NONE', #4768 ) ;
#8770 = EDGE_CURVE ( 'NONE', #2333, #5810, #2604, .T. ) ;
#8771 = EDGE_CURVE ( 'NONE', #7636, #5479, #7168, .T. ) ;
#8772 = ORIENTED_EDGE ( 'NONE', *, *, #3575, .T. ) ;
#8773 = DIRECTION ( 'NONE',  ( -0.000000000000000000, -0.000000000000000000, -1.000000000000000000 ) ) ;
#8774 = FILL_AREA_STYLE_COLOUR ( '', #2562 ) ;
#8775 = CARTESIAN_POINT ( 'NONE',  ( 2.810499723929526628, 16.72887333180576874, 0.000000000000000000 ) ) ;
#8776 = CARTESIAN_POINT ( 'NONE',  ( 3.121357381555703636, 16.44625941365725907, 0.001000000000000000021 ) ) ;
#8777 = CARTESIAN_POINT ( 'NONE',  ( 3.487466854535089311, 16.45508558224401696, 0.001000000000000000021 ) ) ;
#8778 = EDGE_CURVE ( 'NONE', #5232, #3782, #4164, .T. ) ;
#8779 = VECTOR ( 'NONE', #584, 1000.000000000000000 ) ;
#8780 = LINE ( 'NONE', #6591, #5682 ) ;
#8781 = B_SPLINE_CURVE_WITH_KNOTS ( 'NONE', 3,
 ( #1193, #2066, #6559, #2710 ),
 .UNSPECIFIED., .F., .F.,
 ( 4, 4 ),
 ( 0.6363636363636363535, 0.7272727272727272929 ),
 .UNSPECIFIED. ) ;
#8782 = EDGE_LOOP ( 'NONE', ( #555, #2919, #9709, #4153 ) ) ;
#8783 = VECTOR ( 'NONE', #6956, 1000.000000000000000 ) ;
#8784 = CARTESIAN_POINT ( 'NONE',  ( 2.199375810981297530, 16.45261425503975161, 0.001000000000000000021 ) ) ;
#8785 = FACE_OUTER_BOUND ( 'NONE', #393, .T. ) ;
#8786 = DIRECTION ( 'NONE',  ( 1.000000000000000000, -3.942553354492742545E-16, 0.000000000000000000 ) ) ;
#8787 = EDGE_CURVE ( 'NONE', #4028, #8000, #8358, .T. ) ;
#8788 = CARTESIAN_POINT ( 'NONE',  ( 1.470000000000000195, -1.469999999999999973, 0.7500000000000000000 ) ) ;
#8789 = ORIENTED_EDGE ( 'NONE', *, *, #1709, .T. ) ;
#8790 = CARTESIAN_POINT ( 'NONE',  ( 2.851982716287360553, 16.63955250570759858, 0.000000000000000000 ) ) ;
#8791 = ORIENTED_EDGE ( 'NONE', *, *, #7600, .T. ) ;
#8792 = CARTESIAN_POINT ( 'NONE',  ( 2.747127833476488590, 16.78183034332643331, 0.000000000000000000 ) ) ;
#8793 = DIRECTION ( 'NONE',  ( -1.000000000000000000, 0.000000000000000000, 0.000000000000000000 ) ) ;
#8794 = ORIENTED_EDGE ( 'NONE', *, *, #1896, .T. ) ;
#8795 = DIRECTION ( 'NONE',  ( -1.000000000000000000, 2.365532012695645823E-15, 0.000000000000000000 ) ) ;
#8796 = CARTESIAN_POINT ( 'NONE',  ( 3.648456169557835249, 16.52304708036222181, 0.000000000000000000 ) ) ;
#8797 = ORIENTED_EDGE ( 'NONE', *, *, #8658, .T. ) ;
#8798 = EDGE_CURVE ( 'NONE', #3380, #7982, #1802, .T. ) ;
#8799 = ADVANCED_FACE ( 'NONE', ( #4857 ), #8086, .F. ) ;
#8800 = CARTESIAN_POINT ( 'NONE',  ( 3.791263577291842601, 16.65049695475526192, 0.000000000000000000 ) ) ;
#8801 = DIRECTION ( 'NONE',  ( 0.9999976675813642135, -0.002159822175824301343, 0.000000000000000000 ) ) ;
#8802 = EDGE_LOOP ( 'NONE', ( #3731, #7507, #4682, #9681 ) ) ;
#8803 = ORIENTED_EDGE ( 'NONE', *, *, #972, .T. ) ;
#8804 = EDGE_LOOP ( 'NONE', ( #8789, #556, #8016, #340 ) ) ;
#8805 = SURFACE_STYLE_USAGE ( .BOTH. , #8150 ) ;
#8806 = EDGE_LOOP ( 'NONE', ( #6679, #8246, #4089, #4566 ) ) ;
#8807 = CARTESIAN_POINT ( 'NONE',  ( -1.224999999999999867, 0.3749999999999998890, 0.1830000002200904419 ) ) ;
#8808 = ORIENTED_EDGE ( 'NONE', *, *, #4371, .F. ) ;
#8809 = ADVANCED_FACE ( 'NONE', ( #7268 ), #5582, .F. ) ;
#8810 = DIRECTION ( 'NONE',  ( 1.000000000000000000, -2.365532012695645823E-15, 0.000000000000000000 ) ) ;
#8811 =( NAMED_UNIT ( * ) SI_UNIT ( $, .STERADIAN. ) SOLID_ANGLE_UNIT ( ) );
#8812 = SURFACE_SIDE_STYLE ('',( #4226 ) ) ;
#8813 = PLANE ( 'NONE',  #1468 ) ;
#8814 = CARTESIAN_POINT ( 'NONE',  ( 1.500000000000000222, 1.469999999999999973, 0.7800000000000000266 ) ) ;
#8815 = EDGE_CURVE ( 'NONE', #6313, #664, #6509, .T. ) ;
#8816 = CARTESIAN_POINT ( 'NONE',  ( 3.637335197138503062, 16.47556229336537470, 0.000000000000000000 ) ) ;
#8817 = ORIENTED_EDGE ( 'NONE', *, *, #2854, .F. ) ;
#8818 = ADVANCED_FACE ( 'NONE', ( #4815 ), #4557, .F. ) ;
#8819 = VERTEX_POINT ( 'NONE', #8800 ) ;
#8820 = STYLED_ITEM ( 'NONE', ( #6368 ), #8601 ) ;
#8821 = CIRCLE ( 'NONE', #4084, 0.1250000000000005551 ) ;
#8822 = CARTESIAN_POINT ( 'NONE',  ( 3.494527789404507256, 16.58465373709786306, 0.000000000000000000 ) ) ;
#8823 = CARTESIAN_POINT ( 'NONE',  ( -1.499999999999999778, 1.469999999999999973, 0.000000000000000000 ) ) ;
#8824 = CARTESIAN_POINT ( 'NONE',  ( 3.061162911793909647, 16.48685978915644057, 0.000000000000000000 ) ) ;
#8825 = ADVANCED_FACE ( 'NONE', ( #7321 ), #6663, .F. ) ;
#8826 = DIRECTION ( 'NONE',  ( 1.000000000000000000, -3.942553354492742545E-16, 0.000000000000000000 ) ) ;
#8827 = PLANE ( 'NONE',  #8372 ) ;
#8828 = VECTOR ( 'NONE', #9170, 1000.000000000000000 ) ;
#8829 = LINE ( 'NONE', #9597, #6736 ) ;
#8830 = CARTESIAN_POINT ( 'NONE',  ( 3.098585866601821781, 16.39153716841929764, 0.000000000000000000 ) ) ;
#8831 = AXIS2_PLACEMENT_3D ( 'NONE', #2618, #5756, #4066 ) ;
#8832 = MECHANICAL_DESIGN_GEOMETRIC_PRESENTATION_REPRESENTATION (  '', ( #9994 ), #1395 ) ;
#8833 = ORIENTED_EDGE ( 'NONE', *, *, #2426, .T. ) ;
#8834 = LINE ( 'NONE', #8985, #184 ) ;
#8835 = EDGE_CURVE ( 'NONE', #4723, #9926, #1192, .T. ) ;
#8836 = CARTESIAN_POINT ( 'NONE',  ( -1.499999999999999556, -0.1250000000000000000, 0.1830000000000000238 ) ) ;
#8837 = EDGE_CURVE ( 'NONE', #5851, #1310, #4366, .T. ) ;
#8838 =( NAMED_UNIT ( * ) PLANE_ANGLE_UNIT ( ) SI_UNIT ( $, .RADIAN. ) );
#8839 = CIRCLE ( 'NONE', #4440, 0.1250000000000001110 ) ;
#8840 = CARTESIAN_POINT ( 'NONE',  ( 3.725067312891037208, 16.58677201755869746, 0.001000000000000000021 ) ) ;
#8841 = DIRECTION ( 'NONE',  ( 0.000000000000000000, -0.000000000000000000, 1.000000000000000000 ) ) ;
#8842 = ORIENTED_EDGE ( 'NONE', *, *, #6450, .F. ) ;
#8843 = VECTOR ( 'NONE', #2417, 1000.000000000000000 ) ;
#8844 = ORIENTED_EDGE ( 'NONE', *, *, #3927, .F. ) ;
#8845 = CARTESIAN_POINT ( 'NONE',  ( 1.499999999999999112, 0.8749999999999996669, 0.1830000000000000238 ) ) ;
#8846 = DIRECTION ( 'NONE',  ( 0.9997166737441275375, 0.02380277794665261459, 0.000000000000000000 ) ) ;
#8847 = VECTOR ( 'NONE', #9203, 1000.000000000000000 ) ;
#8848 = VERTEX_POINT ( 'NONE', #9770 ) ;
#8849 = CARTESIAN_POINT ( 'NONE',  ( 3.637511720510237190, 16.51086696771244888, 0.001000000000000000021 ) ) ;
#8850 = MECHANICAL_DESIGN_GEOMETRIC_PRESENTATION_REPRESENTATION (  '', ( #4925 ), #5744 ) ;
#8851 = ORIENTED_EDGE ( 'NONE', *, *, #1154, .F. ) ;
#8852 = DIRECTION ( 'NONE',  ( -0.000000000000000000, -0.000000000000000000, 1.000000000000000000 ) ) ;
#8853 = DIRECTION ( 'NONE',  ( -0.000000000000000000, -0.000000000000000000, 1.000000000000000000 ) ) ;
#8854 = CARTESIAN_POINT ( 'NONE',  ( -1.224999999999999867, 0.7499999999999998890, 0.1829999999927167664 ) ) ;
#8855 = MECHANICAL_DESIGN_GEOMETRIC_PRESENTATION_REPRESENTATION (  '', ( #770 ), #2689 ) ;
#8856 = DIRECTION ( 'NONE',  ( -0.000000000000000000, -0.000000000000000000, -1.000000000000000000 ) ) ;
#8857 = VERTEX_POINT ( 'NONE', #8142 ) ;
#8858 = ORIENTED_EDGE ( 'NONE', *, *, #6575, .F. ) ;
#8859 = EDGE_CURVE ( 'NONE', #5271, #8413, #3785, .T. ) ;
#8860 = EDGE_LOOP ( 'NONE', ( #5910, #6105, #478, #1847 ) ) ;
#8861 = LINE ( 'NONE', #8040, #691 ) ;
#8862 = CARTESIAN_POINT ( 'NONE',  ( 0.000000000000000000, 0.000000000000000000, 0.000000000000000000 ) ) ;
#8863 = ORIENTED_EDGE ( 'NONE', *, *, #7312, .T. ) ;
#8864 = DIRECTION ( 'NONE',  ( -0.01204731841465963085, -0.9999274284261912005, 0.000000000000000000 ) ) ;
#8865 = EDGE_LOOP ( 'NONE', ( #2940, #6374, #5638, #4783 ) ) ;
#8866 = SURFACE_SIDE_STYLE ('',( #4869 ) ) ;
#8867 = VECTOR ( 'NONE', #7414, 1000.000000000000114 ) ;
#8868 = DIRECTION ( 'NONE',  ( -0.5919557230876554277, 0.8059704845115426286, 0.000000000000000000 ) ) ;
#8869 = CARTESIAN_POINT ( 'NONE',  ( 2.731275851770189611, -0.02713187932191788929, 0.001000000000000000021 ) ) ;
#8870 = CARTESIAN_POINT ( 'NONE',  ( 3.435039413129651997, 16.43778629181395701, 0.001000000000000000021 ) ) ;
#8871 = ORIENTED_EDGE ( 'NONE', *, *, #706, .F. ) ;
#8872 = ADVANCED_FACE ( 'NONE', ( #437 ), #2163, .T. ) ;
#8873 = VECTOR ( 'NONE', #8801, 1000.000000000000114 ) ;
#8874 = VERTEX_POINT ( 'NONE', #9006 ) ;
#8875 = DIRECTION ( 'NONE',  ( 0.000000000000000000, -1.000000000000000000, 0.000000000000000000 ) ) ;
#8876 = SURFACE_STYLE_USAGE ( .BOTH. , #9592 ) ;
#8877 = ADVANCED_FACE ( 'NONE', ( #5791 ), #5228, .F. ) ;
#8878 = VECTOR ( 'NONE', #9215, 1000.000000000000000 ) ;
#8879 = CARTESIAN_POINT ( 'NONE',  ( 1.224999999999999423, -0.3750000000000014433, 0.000000000000000000 ) ) ;
#8880 = DIRECTION ( 'NONE',  ( 0.005405326438614984838, 0.9999853911163362197, 0.000000000000000000 ) ) ;
#8881 = DIRECTION ( 'NONE',  ( -3.942553354492742545E-16, -1.000000000000000000, 0.000000000000000000 ) ) ;
#8882 = VECTOR ( 'NONE', #6854, 1000.000000000000000 ) ;
#8883 = CARTESIAN_POINT ( 'NONE',  ( 3.737247425540783041, 16.73293336935568476, 0.000000000000000000 ) ) ;
#8884 = ORIENTED_EDGE ( 'NONE', *, *, #7442, .F. ) ;
#8885 = VECTOR ( 'NONE', #1677, 1000.000000000000000 ) ;
#8886 = CARTESIAN_POINT ( 'NONE',  ( 3.309531295825717478, 16.66373620763538810, 0.000000000000000000 ) ) ;
#8887 = ORIENTED_EDGE ( 'NONE', *, *, #3706, .F. ) ;
#8888 = CYLINDRICAL_SURFACE ( 'NONE', #2542, 0.03000000000000007869 ) ;
#8889 = ORIENTED_EDGE ( 'NONE', *, *, #8284, .T. ) ;
#8890 = DIRECTION ( 'NONE',  ( 0.000000000000000000, 1.000000000000000000, -0.000000000000000000 ) ) ;
#8891 = DIRECTION ( 'NONE',  ( -0.000000000000000000, -1.000000000000000000, -0.000000000000000000 ) ) ;
#8892 = FACE_OUTER_BOUND ( 'NONE', #2482, .T. ) ;
#8893 = ORIENTED_EDGE ( 'NONE', *, *, #416, .F. ) ;
#8894 = CARTESIAN_POINT ( 'NONE',  ( 3.180845757830562004, 16.71263318160610822, 0.000000000000000000 ) ) ;
#8895 = EDGE_LOOP ( 'NONE', ( #7355, #6499, #6524 ) ) ;
#8896 = EDGE_CURVE ( 'NONE', #6069, #5431, #5063, .T. ) ;
#8897 = VERTEX_POINT ( 'NONE', #5120 ) ;
#8898 = CARTESIAN_POINT ( 'NONE',  ( 3.868227767368511927, 16.36700041974804165, 0.001000000000000000021 ) ) ;
#8899 = ADVANCED_FACE ( 'NONE', ( #4319 ), #3604, .T. ) ;
#8900 = CARTESIAN_POINT ( 'NONE',  ( 3.652516207107757928, 16.82066548510818649, 0.001000000000000000021 ) ) ;
#8901 = FACE_OUTER_BOUND ( 'NONE', #7307, .T. ) ;
#8902 = ORIENTED_EDGE ( 'NONE', *, *, #4187, .F. ) ;
#8903 = CARTESIAN_POINT ( 'NONE',  ( -1.499999999999999556, -0.8750000000000000000, 0.000000000000000000 ) ) ;
#8904 = SURFACE_SIDE_STYLE ('',( #3447 ) ) ;
#8905 = VERTEX_POINT ( 'NONE', #8957 ) ;
#8906 = DIRECTION ( 'NONE',  ( -0.004341493092407098554, -0.9999905756744553731, 0.000000000000000000 ) ) ;
#8907 = CARTESIAN_POINT ( 'NONE',  ( 3.537599492107962096, 16.51157306119940671, 0.000000000000000000 ) ) ;
#8908 = CARTESIAN_POINT ( 'NONE',  ( 3.061162911793909647, 16.48685978915644057, 0.001000000000000000021 ) ) ;
#8909 = DIRECTION ( 'NONE',  ( -0.000000000000000000, -0.000000000000000000, 1.000000000000000000 ) ) ;
#8910 = ORIENTED_EDGE ( 'NONE', *, *, #3840, .T. ) ;
#8911 = EDGE_LOOP ( 'NONE', ( #5191, #5501, #658, #6762 ) ) ;
#8912 = B_SPLINE_CURVE_WITH_KNOTS ( 'NONE', 3,
 ( #6838, #2235, #8698, #8653 ),
 .UNSPECIFIED., .F., .F.,
 ( 4, 4 ),
 ( 0.6363636363636363535, 0.7272727272727272929 ),
 .UNSPECIFIED. ) ;
#8913 = FACE_OUTER_BOUND ( 'NONE', #8732, .T. ) ;
#8914 = VERTEX_POINT ( 'NONE', #3655 ) ;
#8915 = LINE ( 'NONE', #502, #8189 ) ;
#8916 = CARTESIAN_POINT ( 'NONE',  ( 2.472280943684347143, 16.59595123288893603, 0.000000000000000000 ) ) ;
#8917 = ORIENTED_EDGE ( 'NONE', *, *, #8322, .T. ) ;
#8918 = DIRECTION ( 'NONE',  ( -0.000000000000000000, -0.000000000000000000, 1.000000000000000000 ) ) ;
#8919 = FACE_OUTER_BOUND ( 'NONE', #903, .T. ) ;
#8920 = ADVANCED_FACE ( 'NONE', ( #3701 ), #6764, .T. ) ;
#8921 = PRESENTATION_STYLE_ASSIGNMENT (( #4339 ) ) ;
#8922 = ORIENTED_EDGE ( 'NONE', *, *, #6125, .F. ) ;
#8923 = VECTOR ( 'NONE', #7010, 1000.000000000000000 ) ;
#8924 = ORIENTED_EDGE ( 'NONE', *, *, #6906, .T. ) ;
#8925 = CARTESIAN_POINT ( 'NONE',  ( 3.494527789404506812, 16.58465373709785950, 0.000000000000000000 ) ) ;
#8926 = CARTESIAN_POINT ( 'NONE',  ( 2.894701372247347138, 16.42437051556204608, 0.001000000000000000021 ) ) ;
#8927 = VECTOR ( 'NONE', #4703, 1000.000000000000000 ) ;
#8928 = FACE_OUTER_BOUND ( 'NONE', #7707, .T. ) ;
#8929 = DIRECTION ( 'NONE',  ( -1.000000000000000000, 3.942553354492742545E-16, -0.000000000000000000 ) ) ;
#8930 = DIRECTION ( 'NONE',  ( -1.000000000000000000, 0.000000000000000000, 0.000000000000000000 ) ) ;
#8931 = ADVANCED_FACE ( 'NONE', ( #6815 ), #45, .F. ) ;
#8932 = LINE ( 'NONE', #1981, #8686 ) ;
#8933 = DIRECTION ( 'NONE',  ( 1.000000000000000000, 0.000000000000000000, 0.000000000000000000 ) ) ;
#8934 = EDGE_CURVE ( 'NONE', #778, #9524, #889, .T. ) ;
#8935 = EDGE_CURVE ( 'NONE', #3541, #6610, #5471, .T. ) ;
#8936 = VERTEX_POINT ( 'NONE', #3943 ) ;
#8937 = VECTOR ( 'NONE', #6823, 1000.000000000000000 ) ;
#8938 = FACE_OUTER_BOUND ( 'NONE', #3404, .T. ) ;
#8939 = ORIENTED_EDGE ( 'NONE', *, *, #9442, .F. ) ;
#8940 = DIRECTION ( 'NONE',  ( 1.000000000000000000, -0.000000000000000000, -0.000000000000000000 ) ) ;
#8941 = ORIENTED_EDGE ( 'NONE', *, *, #5127, .F. ) ;
#8942 = CARTESIAN_POINT ( 'NONE',  ( 1.499999999999999556, -0.6250000000000003331, 0.000000000000000000 ) ) ;
#8943 =( NAMED_UNIT ( * ) PLANE_ANGLE_UNIT ( ) SI_UNIT ( $, .RADIAN. ) );
#8944 = AXIS2_PLACEMENT_3D ( 'NONE', #7680, #7589, #754 ) ;
#8945 = DIRECTION ( 'NONE',  ( -1.000000000000000000, 0.000000000000000000, 0.000000000000000000 ) ) ;
#8946 = ORIENTED_EDGE ( 'NONE', *, *, #4721, .T. ) ;
#8947 = EDGE_CURVE ( 'NONE', #9612, #7806, #6166, .T. ) ;
#8948 = CARTESIAN_POINT ( 'NONE',  ( 3.746426640871031388, 16.65279175858778160, 0.001000000000000000021 ) ) ;
#8949 = ORIENTED_EDGE ( 'NONE', *, *, #9068, .T. ) ;
#8950 = VERTEX_POINT ( 'NONE', #3803 ) ;
#8951 = LINE ( 'NONE', #1285, #2935 ) ;
#8952 = AXIS2_PLACEMENT_3D ( 'NONE', #119, #7095, #780 ) ;
#8953 = ORIENTED_EDGE ( 'NONE', *, *, #8745, .F. ) ;
#8954 =( NAMED_UNIT ( * ) SI_UNIT ( $, .STERADIAN. ) SOLID_ANGLE_UNIT ( ) );
#8955 = FACE_OUTER_BOUND ( 'NONE', #5732, .T. ) ;
#8956 = EDGE_LOOP ( 'NONE', ( #3119, #235, #5069, #790, #3672, #8321, #8393, #4417, #4893, #1100, #2447, #713 ) ) ;
#8957 = CARTESIAN_POINT ( 'NONE',  ( 2.999026684943015830, 16.69833478849553643, 0.000000000000000000 ) ) ;
#8958 = CARTESIAN_POINT ( 'NONE',  ( 3.043863621363823935, 16.63125590723604219, 0.000000000000000000 ) ) ;
#8959 = ADVANCED_FACE ( 'NONE', ( #3752 ), #7055, .F. ) ;
#8960 = LINE ( 'NONE', #4321, #3492 ) ;
#8961 = LINE ( 'NONE', #3609, #9527 ) ;
#8962 = VERTEX_POINT ( 'NONE', #7721 ) ;
#8963 = LINE ( 'NONE', #9677, #2774 ) ;
#8964 = EDGE_LOOP ( 'NONE', ( #2716, #3720, #6855, #7226 ) ) ;
#8965 = PRESENTATION_STYLE_ASSIGNMENT (( #2770 ) ) ;
#8966 = CARTESIAN_POINT ( 'NONE',  ( 0.6749999999999998224, -0.8700000000000001066, 0.000000000000000000 ) ) ;
#8967 = ORIENTED_EDGE ( 'NONE', *, *, #8325, .F. ) ;
#8968 = ADVANCED_FACE ( 'NONE', ( #4706 ), #6198, .F. ) ;
#8969 = FILL_AREA_STYLE_COLOUR ( '', #5079 ) ;
#8970 = CARTESIAN_POINT ( 'NONE',  ( 3.336892418444728836, 16.48721283589987152, 0.001000000000000001756 ) ) ;
#8971 = ORIENTED_EDGE ( 'NONE', *, *, #436, .T. ) ;
#8972 = ORIENTED_EDGE ( 'NONE', *, *, #8063, .F. ) ;
#8973 = CARTESIAN_POINT ( 'NONE',  ( 3.505119191708629955, 16.58730158767390961, 0.001000000000000000021 ) ) ;
#8974 = CARTESIAN_POINT ( 'NONE',  ( -1.224999999999999423, -0.7500000000000001110, 0.1829999999927167664 ) ) ;
#8975 = FACE_OUTER_BOUND ( 'NONE', #3646, .T. ) ;
#8976 = SURFACE_STYLE_USAGE ( .BOTH. , #9033 ) ;
#8977 = PLANE ( 'NONE',  #9888 ) ;
#8978 = B_SPLINE_CURVE_WITH_KNOTS ( 'NONE', 3,
 ( #346, #5647, #5592, #3412 ),
 .UNSPECIFIED., .F., .F.,
 ( 4, 4 ),
 ( 0.3636363636363635909, 0.4545454545454544748 ),
 .UNSPECIFIED. ) ;
#8979 = FACE_OUTER_BOUND ( 'NONE', #2555, .T. ) ;
#8980 = ORIENTED_EDGE ( 'NONE', *, *, #6596, .T. ) ;
#8981 = B_SPLINE_CURVE_WITH_KNOTS ( 'NONE', 3,
 ( #9445, #933, #6439, #978 ),
 .UNSPECIFIED., .F., .F.,
 ( 4, 4 ),
 ( 0.2000000000000000111, 0.4000000000000000222 ),
 .UNSPECIFIED. ) ;
#8982 = ADVANCED_FACE ( 'NONE', ( #6249 ), #2405, .T. ) ;
#8983 = LINE ( 'NONE', #7608, #9766 ) ;
#8984 = ORIENTED_EDGE ( 'NONE', *, *, #9121, .T. ) ;
#8985 = CARTESIAN_POINT ( 'NONE',  ( 2.905822344666683765, 0.000000000000000000, 0.001000000000000000021 ) ) ;
#8986 = LINE ( 'NONE', #5717, #6270 ) ;
#8987 = PRESENTATION_LAYER_ASSIGNMENT (  '', '', ( #6070 ) ) ;
#8988 = VECTOR ( 'NONE', #7846, 1000.000000000000000 ) ;
#8989 = VERTEX_POINT ( 'NONE', #6101 ) ;
#8990 = CARTESIAN_POINT ( 'NONE',  ( 0.6749999999999998224, 0.8699999999999998845, 0.01000000000000000021 ) ) ;
#8991 = PRESENTATION_STYLE_ASSIGNMENT (( #5934 ) ) ;
#8992 = CARTESIAN_POINT ( 'NONE',  ( 3.772199053144412062, 16.41730958069266677, 0.001000000000000001756 ) ) ;
#8993 = ORIENTED_EDGE ( 'NONE', *, *, #8067, .F. ) ;
#8994 = VERTEX_POINT ( 'NONE', #5331 ) ;
#8995 = VECTOR ( 'NONE', #6461, 1000.000000000000000 ) ;
#8996 = ADVANCED_FACE ( 'NONE', ( #9218 ), #1463, .F. ) ;
#8997 = CARTESIAN_POINT ( 'NONE',  ( 3.729303873812690462, 16.84979184144457065, 0.001000000000000000021 ) ) ;
#8998 = ORIENTED_EDGE ( 'NONE', *, *, #6196, .F. ) ;
#8999 = FACE_OUTER_BOUND ( 'NONE', #2337, .T. ) ;
#9000 = DIRECTION ( 'NONE',  ( 0.000000000000000000, -0.000000000000000000, 1.000000000000000000 ) ) ;
#9001 = CARTESIAN_POINT ( 'NONE',  ( 1.499999999999999334, -0.3750000000000014988, 0.1830000000000000238 ) ) ;
#9002 = EDGE_CURVE ( 'NONE', #138, #9312, #4898, .T. ) ;
#9003 = EDGE_CURVE ( 'NONE', #1997, #5043, #3059, .T. ) ;
#9004 = COLOUR_RGB ( '',0.8039215686274510109, 0.8039215686274510109, 0.8039215686274510109 ) ;
#9005 = ORIENTED_EDGE ( 'NONE', *, *, #7471, .F. ) ;
#9006 = CARTESIAN_POINT ( 'NONE',  ( 1.499999999999999112, 0.3749999999999996669, 0.1830000001064036041 ) ) ;
#9007 = CARTESIAN_POINT ( 'NONE',  ( 3.053042836694066064, 16.50751302364947293, 0.0009999999999999982861 ) ) ;
#9008 = AXIS2_PLACEMENT_3D ( 'NONE', #254, #3533, #311 ) ;
#9009 =( GEOMETRIC_REPRESENTATION_CONTEXT ( 3 ) GLOBAL_UNCERTAINTY_ASSIGNED_CONTEXT ( ( #1716 ) ) GLOBAL_UNIT_ASSIGNED_CONTEXT ( ( #2237, #4492, #5198 ) ) REPRESENTATION_CONTEXT ( 'NONE', 'WORKASPACE' ) );
#9010 = CARTESIAN_POINT ( 'NONE',  ( -0.7249999999999997558, 0.8199999999999995071, 0.000000000000000000 ) ) ;
#9011 = ORIENTED_EDGE ( 'NONE', *, *, #6092, .F. ) ;
#9012 = CARTESIAN_POINT ( 'NONE',  ( -1.499999999999999556, -0.8750000000000000000, -0.02000000000000000042 ) ) ;
#9013 = VECTOR ( 'NONE', #4119, 1000.000000000000114 ) ;
#9014 = DIRECTION ( 'NONE',  ( -0.000000000000000000, -1.000000000000000000, -0.000000000000000000 ) ) ;
#9015 = EDGE_LOOP ( 'NONE', ( #3700, #8039, #5539, #7523 ) ) ;
#9016 = CARTESIAN_POINT ( 'NONE',  ( 3.730716060786571475, 16.79489307283483512, 0.001000000000000000021 ) ) ;
#9017 = ORIENTED_EDGE ( 'NONE', *, *, #4403, .T. ) ;
#9018 = LINE ( 'NONE', #4480, #6063 ) ;
#9019 = STYLED_ITEM ( 'NONE', ( #3742 ), #2773 ) ;
#9020 = CARTESIAN_POINT ( 'NONE',  ( 3.043863621363823935, 16.82454899928641368, 0.001000000000000000021 ) ) ;
#9021 = LINE ( 'NONE', #5908, #1297 ) ;
#9022 = DIRECTION ( 'NONE',  ( -3.942553354492743531E-16, -1.000000000000000000, 0.000000000000000000 ) ) ;
#9023 = ORIENTED_EDGE ( 'NONE', *, *, #3845, .T. ) ;
#9024 = PRODUCT_DEFINITION_FORMATION_WITH_SPECIFIED_SOURCE ( 'ANY', '', #2314, .NOT_KNOWN. ) ;
#9025 = ADVANCED_FACE ( 'NONE', ( #4620 ), #3031, .F. ) ;
#9026 = VERTEX_POINT ( 'NONE', #4942 ) ;
#9027 = AXIS2_PLACEMENT_3D ( 'NONE', #1588, #3081, #2290 ) ;
#9028 = EDGE_CURVE ( 'NONE', #7473, #9546, #8736, .T. ) ;
#9029 = LINE ( 'NONE', #2777, #4890 ) ;
#9030 = VECTOR ( 'NONE', #135, 1000.000000000000114 ) ;
#9031 = DIRECTION ( 'NONE',  ( 1.000000000000000000, 0.000000000000000000, -0.000000000000000000 ) ) ;
#9032 = FILL_AREA_STYLE ('',( #6027 ) ) ;
#9033 = SURFACE_SIDE_STYLE ('',( #5199 ) ) ;
#9034 = SURFACE_SIDE_STYLE ('',( #5035 ) ) ;
#9035 = DIRECTION ( 'NONE',  ( 0.000000000000000000, 1.000000000000000000, 0.000000000000000000 ) ) ;
#9036 = SURFACE_STYLE_USAGE ( .BOTH. , #1217 ) ;
#9037 = CIRCLE ( 'NONE', #9520, 0.1000000000000000472 ) ;
#9038 = ORIENTED_EDGE ( 'NONE', *, *, #4721, .F. ) ;
#9039 = COLOUR_RGB ( '',0.9607843137254902244, 0.9607843137254902244, 0.9607843137254902244 ) ;
#9040 = COLOUR_RGB ( '',0.8039215686274510109, 0.8039215686274510109, 0.8039215686274510109 ) ;
#9041 = FACE_BOUND ( 'NONE', #8002, .T. ) ;
#9042 = ORIENTED_EDGE ( 'NONE', *, *, #169, .T. ) ;
#9043 = CARTESIAN_POINT ( 'NONE',  ( 3.371314475933138599, 16.58783115778910755, 0.001000000000000001756 ) ) ;
#9044 = AXIS2_PLACEMENT_3D ( 'NONE', #5780, #8244, #1130 ) ;
#9045 = CARTESIAN_POINT ( 'NONE',  ( 2.482342775873272789, 16.60301216775836863, 0.000000000000000000 ) ) ;
#9046 = EDGE_LOOP ( 'NONE', ( #7164, #7432, #10018, #9553 ) ) ;
#9047 = DIRECTION ( 'NONE',  ( -1.000000000000000000, -0.000000000000000000, -0.000000000000000000 ) ) ;
#9048 = LINE ( 'NONE', #1178, #9334 ) ;
#9049 = EDGE_CURVE ( 'NONE', #192, #4496, #2633, .T. ) ;
#9050 = CARTESIAN_POINT ( 'NONE',  ( 3.125240895733882418, 16.72322458391026245, 0.000000000000000000 ) ) ;
#9051 = CYLINDRICAL_SURFACE ( 'NONE', #9044, 0.1000000000000000472 ) ;
#9052 = ORIENTED_EDGE ( 'NONE', *, *, #1932, .F. ) ;
#9053 =( NAMED_UNIT ( * ) PLANE_ANGLE_UNIT ( ) SI_UNIT ( $, .RADIAN. ) );
#9054 = CARTESIAN_POINT ( 'NONE',  ( 1.499999999999999556, -0.1250000000000003331, 0.1830000000000000238 ) ) ;
#9055 =( GEOMETRIC_REPRESENTATION_CONTEXT ( 3 ) GLOBAL_UNCERTAINTY_ASSIGNED_CONTEXT ( ( #2423 ) ) GLOBAL_UNIT_ASSIGNED_CONTEXT ( ( #4587, #3768, #6929 ) ) REPRESENTATION_CONTEXT ( 'NONE', 'WORKASPACE' ) );
#9056 = ORIENTED_EDGE ( 'NONE', *, *, #8934, .F. ) ;
#9057 = DIRECTION ( 'NONE',  ( 0.002737216023205454266, -0.9999962538172042503, 0.000000000000000000 ) ) ;
#9058 = CARTESIAN_POINT ( 'NONE',  ( 3.208383403821291946, 16.63866988884892706, 0.000000000000000000 ) ) ;
#9059 = DIRECTION ( 'NONE',  ( 0.8975788108711598712, -0.4408540328443356637, 0.000000000000000000 ) ) ;
#9060 = ORIENTED_EDGE ( 'NONE', *, *, #4435, .T. ) ;
#9061 = CARTESIAN_POINT ( 'NONE',  ( 1.499999999999999334, -0.3750000000000014988, -0.02000000000000000042 ) ) ;
#9062 = SURFACE_SIDE_STYLE ('',( #7582 ) ) ;
#9063 = EDGE_CURVE ( 'NONE', #54, #4266, #217, .T. ) ;
#9064 = DIRECTION ( 'NONE',  ( 0.000000000000000000, 0.000000000000000000, -1.000000000000000000 ) ) ;
#9065 = VECTOR ( 'NONE', #4391, 1000.000000000000000 ) ;
#9066 = LINE ( 'NONE', #9775, #10027 ) ;
#9067 = ORIENTED_EDGE ( 'NONE', *, *, #8712, .F. ) ;
#9068 = EDGE_CURVE ( 'NONE', #1984, #7689, #570, .T. ) ;
#9069 = FACE_BOUND ( 'NONE', #2245, .T. ) ;
#9070 = ADVANCED_FACE ( 'NONE', ( #1126 ), #5671, .F. ) ;
#9071 = CARTESIAN_POINT ( 'NONE',  ( 3.714475910586914065, 16.66108835705933089, 0.001000000000000000021 ) ) ;
#9072 = VERTEX_POINT ( 'NONE', #2544 ) ;
#9073 = SURFACE_STYLE_FILL_AREA ( #6518 ) ;
#9074 = CARTESIAN_POINT ( 'NONE',  ( 3.026740854305484785, 16.58588940070004725, 0.001000000000000000021 ) ) ;
#9075 = EDGE_LOOP ( 'NONE', ( #9917, #7273, #154, #7357 ) ) ;
#9076 = PLANE ( 'NONE',  #9659 ) ;
#9077 = DIRECTION ( 'NONE',  ( 0.000000000000000000, 0.000000000000000000, 1.000000000000000000 ) ) ;
#9078 = CARTESIAN_POINT ( 'NONE',  ( 1.500000000000000222, -1.469999999999999973, 0.7500000000000000000 ) ) ;
#9079 = ORIENTED_EDGE ( 'NONE', *, *, #3586, .T. ) ;
#9080 = ORIENTED_EDGE ( 'NONE', *, *, #267, .F. ) ;
#9081 = DIRECTION ( 'NONE',  ( -0.000000000000000000, -0.000000000000000000, 1.000000000000000000 ) ) ;
#9082 = CARTESIAN_POINT ( 'NONE',  ( 3.526125472945151440, 16.66179445054629582, 0.001000000000000000021 ) ) ;
#9083 = SURFACE_STYLE_FILL_AREA ( #559 ) ;
#9084 = FACE_OUTER_BOUND ( 'NONE', #3511, .T. ) ;
#9085 = CARTESIAN_POINT ( 'NONE',  ( 1.499999999999999556, -0.6250000000000003331, 0.000000000000000000 ) ) ;
#9086 = DIRECTION ( 'NONE',  ( 1.000000000000000000, 0.000000000000000000, -0.000000000000000000 ) ) ;
#9087 = FACE_OUTER_BOUND ( 'NONE', #8293, .T. ) ;
#9088 = EDGE_CURVE ( 'NONE', #4574, #8239, #5067, .T. ) ;
#9089 = FILL_AREA_STYLE_COLOUR ( '', #2850 ) ;
#9090 = VERTEX_POINT ( 'NONE', #7200 ) ;
#9091 = VERTEX_POINT ( 'NONE', #9605 ) ;
#9092 = CARTESIAN_POINT ( 'NONE',  ( 3.752428435510036575, 16.49798076157578564, 0.000000000000000000 ) ) ;
#9093 = DIRECTION ( 'NONE',  ( 1.000000000000000000, 0.000000000000000000, 0.000000000000000000 ) ) ;
#9094 = ORIENTED_EDGE ( 'NONE', *, *, #6210, .T. ) ;
#9095 = DIRECTION ( 'NONE',  ( -0.000000000000000000, -0.000000000000000000, -1.000000000000000000 ) ) ;
#9096 = CARTESIAN_POINT ( 'NONE',  ( 3.646161365725279158, 16.67874069423287153, 0.000000000000000000 ) ) ;
#9097 = ADVANCED_FACE ( 'NONE', ( #8785 ), #5930, .F. ) ;
#9098 = STYLED_ITEM ( 'NONE', ( #7116 ), #7186 ) ;
#9099 = CARTESIAN_POINT ( 'NONE',  ( -0.6749999999999997113, -0.8200000000000000622, 0.01000000000000000021 ) ) ;
#9100 = ORIENTED_EDGE ( 'NONE', *, *, #3810, .F. ) ;
#9101 = VERTEX_POINT ( 'NONE', #940 ) ;
#9102 = DIRECTION ( 'NONE',  ( 0.000000000000000000, -1.000000000000000000, 0.000000000000000000 ) ) ;
#9103 =( LENGTH_UNIT ( ) NAMED_UNIT ( * ) SI_UNIT ( .MILLI., .METRE. ) );
#9104 = ORIENTED_EDGE ( 'NONE', *, *, #9588, .T. ) ;
#9105 = DIRECTION ( 'NONE',  ( 0.000000000000000000, 0.000000000000000000, -1.000000000000000000 ) ) ;
#9106 = CARTESIAN_POINT ( 'NONE',  ( 2.775195049582429796, 16.71598712566905220, 0.001000000000000000021 ) ) ;
#9107 = EDGE_CURVE ( 'NONE', #97, #501, #8687, .T. ) ;
#9108 = VECTOR ( 'NONE', #94, 1000.000000000000000 ) ;
#9109 = ORIENTED_EDGE ( 'NONE', *, *, #1732, .T. ) ;
#9110 = DIRECTION ( 'NONE',  ( -0.000000000000000000, -0.000000000000000000, 1.000000000000000000 ) ) ;
#9111 = CARTESIAN_POINT ( 'NONE',  ( 3.534245548044983476, 16.54122898765098526, 1.694065894508600678E-18 ) ) ;
#9112 = DIRECTION ( 'NONE',  ( 0.000000000000000000, 0.000000000000000000, -1.000000000000000000 ) ) ;
#9113 = DIRECTION ( 'NONE',  ( -0.000000000000000000, -0.000000000000000000, 1.000000000000000000 ) ) ;
#9114 = ORIENTED_EDGE ( 'NONE', *, *, #1110, .F. ) ;
#9115 = B_SPLINE_SURFACE_WITH_KNOTS ( 'NONE', 3, 1, ( 
 ( #2494, #986 ),
 ( #268, #7198 ),
 ( #5564, #1078 ),
 ( #9495, #4038 ) ),
 .UNSPECIFIED., .F., .F., .F.,
 ( 4, 4 ),
 ( 2, 2 ),
 ( 0.5454545454545454142, 0.6363636363636363535 ),
 ( 0.000000000000000000, 1.000000000000000000 ),
 .UNSPECIFIED. ) ;
#9116 = VECTOR ( 'NONE', #1123, 1000.000000000000000 ) ;
#9117 = CARTESIAN_POINT ( 'NONE',  ( -1.499999999999999778, -1.500000000000000000, 0.000000000000000000 ) ) ;
#9118 = CARTESIAN_POINT ( 'NONE',  ( 2.694170821955845341, 16.63143243060779142, 0.001000000000000000021 ) ) ;
#9119 = CARTESIAN_POINT ( 'NONE',  ( 3.665225889872715026, 16.54546554857260787, 0.001000000000000001756 ) ) ;
#9120 = EDGE_LOOP ( 'NONE', ( #9586, #9094, #6515, #8217 ) ) ;
#9121 = EDGE_CURVE ( 'NONE', #7264, #6047, #6392, .T. ) ;
#9122 = DIRECTION ( 'NONE',  ( 0.9999725662867028353, -0.007407204194937119963, 0.000000000000000000 ) ) ;
#9123 = VERTEX_POINT ( 'NONE', #3234 ) ;
#9124 = DIRECTION ( 'NONE',  ( -0.0004116920194412302704, -0.9999999152548370018, 0.000000000000000000 ) ) ;
#9125 = SURFACE_STYLE_USAGE ( .BOTH. , #2129 ) ;
#9126 = CARTESIAN_POINT ( 'NONE',  ( 1.224999999999999201, -0.2500000000000004441, -0.02000000000000000042 ) ) ;
#9127 = DIRECTION ( 'NONE',  ( 0.000000000000000000, 0.000000000000000000, 1.000000000000000000 ) ) ;
#9128 = EDGE_LOOP ( 'NONE', ( #7761, #9340, #9960, #498 ) ) ;
#9129 = ORIENTED_EDGE ( 'NONE', *, *, #7767, .T. ) ;
#9130 = EDGE_CURVE ( 'NONE', #1418, #4427, #4748, .T. ) ;
#9131 = CARTESIAN_POINT ( 'NONE',  ( 1.500000000000000222, -1.500000000000000000, 0.7500000000000000000 ) ) ;
#9132 = CARTESIAN_POINT ( 'NONE',  ( 3.006087619812437772, 16.62648977619918966, 0.000000000000000000 ) ) ;
#9133 = FILL_AREA_STYLE ('',( #8276 ) ) ;
#9134 = SURFACE_SIDE_STYLE ('',( #2238 ) ) ;
#9135 = EDGE_CURVE ( 'NONE', #31, #6452, #4147, .T. ) ;
#9136 = CARTESIAN_POINT ( 'NONE',  ( 3.494527789404507256, 16.58465373709786306, 0.001000000000000000021 ) ) ;
#9137 = DIRECTION ( 'NONE',  ( -0.000000000000000000, -0.000000000000000000, -1.000000000000000000 ) ) ;
#9138 = ORIENTED_EDGE ( 'NONE', *, *, #952, .T. ) ;
#9139 = ADVANCED_FACE ( 'NONE', ( #9449 ), #1740, .F. ) ;
#9140 = EDGE_LOOP ( 'NONE', ( #1801, #2629 ) ) ;
#9141 = SURFACE_STYLE_FILL_AREA ( #681 ) ;
#9142 = FACE_OUTER_BOUND ( 'NONE', #9754, .T. ) ;
#9143 = ORIENTED_EDGE ( 'NONE', *, *, #2149, .F. ) ;
#9144 = CARTESIAN_POINT ( 'NONE',  ( 1.224999999999999423, 0.1249999999999985983, 0.000000000000000000 ) ) ;
#9145 = CARTESIAN_POINT ( 'NONE',  ( 1.099999999999998979, 0.7499999999999995559, 0.1830000000000000238 ) ) ;
#9146 = CARTESIAN_POINT ( 'NONE',  ( 3.106882465073397270, 16.65526308579208603, 0.001000000000000000021 ) ) ;
#9147 = PLANE ( 'NONE',  #3025 ) ;
#9148 = DIRECTION ( 'NONE',  ( 0.000000000000000000, 0.000000000000000000, -1.000000000000000000 ) ) ;
#9149 = AXIS2_PLACEMENT_3D ( 'NONE', #3188, #684, #2437 ) ;
#9150 = ORIENTED_EDGE ( 'NONE', *, *, #1066, .T. ) ;
#9151 = EDGE_CURVE ( 'NONE', #7477, #1274, #3383, .T. ) ;
#9152 = CARTESIAN_POINT ( 'NONE',  ( 3.789321820202755653, 16.53046106197511733, 0.000000000000000000 ) ) ;
#9153 = PLANE ( 'NONE',  #1983 ) ;
#9154 = PRESENTATION_LAYER_ASSIGNMENT (  '', '', ( #7030 ) ) ;
#9155 = EDGE_CURVE ( 'NONE', #8936, #590, #8336, .T. ) ;
#9156 = VECTOR ( 'NONE', #5090, 1000.000000000000000 ) ;
#9157 = VERTEX_POINT ( 'NONE', #1990 ) ;
#9158 = CARTESIAN_POINT ( 'NONE',  ( 3.210501684282120571, 16.63054981374909858, 0.001000000000000000021 ) ) ;
#9159 = DIRECTION ( 'NONE',  ( -1.000000000000000000, 0.000000000000000000, -0.000000000000000000 ) ) ;
#9160 = CARTESIAN_POINT ( 'NONE',  ( 1.224999999999999423, -0.2500000000000004441, 0.1830000000000000238 ) ) ;
#9161 = CARTESIAN_POINT ( 'NONE',  ( 0.000000000000000000, 1.469999999999999973, 0.7500000000000000000 ) ) ;
#9162 = DIRECTION ( 'NONE',  ( 1.000000000000000000, 0.000000000000000000, 0.000000000000000000 ) ) ;
#9163 = VECTOR ( 'NONE', #4010, 1000.000000000000000 ) ;
#9164 = CARTESIAN_POINT ( 'NONE',  ( 2.565485283960688534, 16.38730060749761464, 0.001000000000000000021 ) ) ;
#9165 = EDGE_LOOP ( 'NONE', ( #1202, #9293, #9379, #2823, #7931 ) ) ;
#9166 = DIRECTION ( 'NONE',  ( -0.000000000000000000, -1.000000000000000000, -0.000000000000000000 ) ) ;
#9167 = DIRECTION ( 'NONE',  ( 1.000000000000000000, 0.000000000000000000, 0.000000000000000000 ) ) ;
#9168 = FILL_AREA_STYLE_COLOUR ( '', #6763 ) ;
#9169 = ORIENTED_EDGE ( 'NONE', *, *, #4560, .F. ) ;
#9170 = DIRECTION ( 'NONE',  ( -1.000000000000000000, 3.942553354492743038E-16, 0.000000000000000000 ) ) ;
#9171 = STYLED_ITEM ( 'NONE', ( #400 ), #9405 ) ;
#9172 = ORIENTED_EDGE ( 'NONE', *, *, #348, .T. ) ;
#9173 = MECHANICAL_DESIGN_GEOMETRIC_PRESENTATION_REPRESENTATION (  '', ( #6233 ), #3949 ) ;
#9174 = CARTESIAN_POINT ( 'NONE',  ( -0.6749999999999993783, 0.8699999999999998845, -0.02000000000000000042 ) ) ;
#9175 = DIRECTION ( 'NONE',  ( -1.000000000000000000, 0.000000000000000000, 0.000000000000000000 ) ) ;
#9176 = VECTOR ( 'NONE', #2592, 1000.000000000000000 ) ;
#9177 =( LENGTH_UNIT ( ) NAMED_UNIT ( * ) SI_UNIT ( .MILLI., .METRE. ) );
#9178 = ORIENTED_EDGE ( 'NONE', *, *, #6372, .T. ) ;
#9179 = EDGE_CURVE ( 'NONE', #2965, #4170, #1177, .T. ) ;
#9180 = MECHANICAL_DESIGN_GEOMETRIC_PRESENTATION_REPRESENTATION (  '', ( #112 ), #2994 ) ;
#9181 = EDGE_LOOP ( 'NONE', ( #6654, #3134, #5391 ) ) ;
#9182 = CARTESIAN_POINT ( 'NONE',  ( -1.224999999999999423, -0.1250000000000000555, 0.000000000000000000 ) ) ;
#9183 = CARTESIAN_POINT ( 'NONE',  ( 3.055337640526630594, 16.63054981374909502, 0.001000000000000000021 ) ) ;
#9184 = PRESENTATION_LAYER_ASSIGNMENT (  '', '', ( #5092 ) ) ;
#9185 = CARTESIAN_POINT ( 'NONE',  ( -0.2370689009062744990, 16.53555583866170053, 0.001000000000000000021 ) ) ;
#9186 = FILL_AREA_STYLE ('',( #819 ) ) ;
#9187 = CARTESIAN_POINT ( 'NONE',  ( 3.772905146631351236, 16.76435452952457794, 0.001000000000000000021 ) ) ;
#9188 = CARTESIAN_POINT ( 'NONE',  ( 0.06628453444613494061, 16.83627175159552891, 0.000000000000000000 ) ) ;
#9189 = LINE ( 'NONE', #2983, #1737 ) ;
#9190 = ORIENTED_EDGE ( 'NONE', *, *, #6903, .T. ) ;
#9191 = EDGE_CURVE ( 'NONE', #3209, #4000, #9654, .T. ) ;
#9192 = AXIS2_PLACEMENT_3D ( 'NONE', #34, #9299, #9205 ) ;
#9193 = ORIENTED_EDGE ( 'NONE', *, *, #8688, .T. ) ;
#9194 = PRESENTATION_LAYER_ASSIGNMENT (  '', '', ( #1089 ) ) ;
#9195 = CARTESIAN_POINT ( 'NONE',  ( -1.499999999999999556, 0.1250000000000000000, 0.1830000000000000238 ) ) ;
#9196 = DIRECTION ( 'NONE',  ( -0.000000000000000000, -0.000000000000000000, -1.000000000000000000 ) ) ;
#9197 = AXIS2_PLACEMENT_3D ( 'NONE', #6203, #5427, #8558 ) ;
#9198 = VERTEX_POINT ( 'NONE', #8942 ) ;
#9199 = CARTESIAN_POINT ( 'NONE',  ( 3.790734007176634890, 16.76311886592244704, 0.001000000000000000021 ) ) ;
#9200 = LINE ( 'NONE', #731, #1098 ) ;
#9201 = B_SPLINE_SURFACE_WITH_KNOTS ( 'NONE', 3, 1, ( 
 ( #6549, #9561 ),
 ( #3500, #1184 ),
 ( #3554, #4954 ),
 ( #6656, #9765 ) ),
 .UNSPECIFIED., .F., .F., .F.,
 ( 4, 4 ),
 ( 2, 2 ),
 ( 0.2000000000000000111, 0.4000000000000000222 ),
 ( 0.000000000000000000, 1.000000000000000000 ),
 .UNSPECIFIED. ) ;
#9202 = CARTESIAN_POINT ( 'NONE',  ( 2.462748681610632318, 16.59118510185208351, 0.001000000000000000021 ) ) ;
#9203 = DIRECTION ( 'NONE',  ( -0.000000000000000000, -0.000000000000000000, -1.000000000000000000 ) ) ;
#9204 =( GEOMETRIC_REPRESENTATION_CONTEXT ( 3 ) GLOBAL_UNCERTAINTY_ASSIGNED_CONTEXT ( ( #4868 ) ) GLOBAL_UNIT_ASSIGNED_CONTEXT ( ( #8143, #4262, #592 ) ) REPRESENTATION_CONTEXT ( 'NONE', 'WORKASPACE' ) );
#9205 = DIRECTION ( 'NONE',  ( -1.000000000000000000, 0.000000000000000000, -0.000000000000000000 ) ) ;
#9206 = CARTESIAN_POINT ( 'NONE',  ( -1.499999999999999778, -0.3750000000000000000, 0.1830000001064036041 ) ) ;
#9207 = VERTEX_POINT ( 'NONE', #4399 ) ;
#9208 = VECTOR ( 'NONE', #7266, 1000.000000000000000 ) ;
#9209 = VERTEX_POINT ( 'NONE', #3435 ) ;
#9210 = VECTOR ( 'NONE', #7977, 1000.000000000000000 ) ;
#9211 = CARTESIAN_POINT ( 'NONE',  ( 2.202376708300803454, 16.74087692108376046, 0.000000000000000000 ) ) ;
#9212 = LINE ( 'NONE', #4511, #8475 ) ;
#9213 = ORIENTED_EDGE ( 'NONE', *, *, #1450, .F. ) ;
#9214 = LINE ( 'NONE', #6048, #7001 ) ;
#9215 = DIRECTION ( 'NONE',  ( -1.000000000000000000, 0.000000000000000000, 0.000000000000000000 ) ) ;
#9216 = LINE ( 'NONE', #8445, #6002 ) ;
#9217 = MECHANICAL_DESIGN_GEOMETRIC_PRESENTATION_REPRESENTATION (  '', ( #4794 ), #3989 ) ;
#9218 = FACE_OUTER_BOUND ( 'NONE', #2174, .T. ) ;
#9219 = CARTESIAN_POINT ( 'NONE',  ( 2.693817775212373533, 16.42278180521647357, 0.000000000000000000 ) ) ;
#9220 = VECTOR ( 'NONE', #6043, 1000.000000000000000 ) ;
#9221 = EDGE_CURVE ( 'NONE', #4723, #7969, #6746, .T. ) ;
#9222 = EDGE_CURVE ( 'NONE', #9261, #5851, #2841, .T. ) ;
#9223 = DIRECTION ( 'NONE',  ( 0.000000000000000000, 1.000000000000000000, 0.000000000000000000 ) ) ;
#9224 = ORIENTED_EDGE ( 'NONE', *, *, #9850, .T. ) ;
#9225 = CARTESIAN_POINT ( 'NONE',  ( 1.099999999999998979, 0.2499999999999995837, 0.1830000000000000238 ) ) ;
#9226 = AXIS2_PLACEMENT_3D ( 'NONE', #8974, #2931, #7452 ) ;
#9227 = CARTESIAN_POINT ( 'NONE',  ( 2.786845592116968806, 16.48915459298898867, 0.000000000000000000 ) ) ;
#9228 = PLANE ( 'NONE',  #8465 ) ;
#9229 = ORIENTED_EDGE ( 'NONE', *, *, #4859, .T. ) ;
#9230 = EDGE_LOOP ( 'NONE', ( #1856, #9150, #6059, #305 ) ) ;
#9231 = FACE_OUTER_BOUND ( 'NONE', #2775, .T. ) ;
#9232 = CARTESIAN_POINT ( 'NONE',  ( -1.500000000000000000, 0.8750000000000000000, 0.1830000001064036041 ) ) ;
#9233 = AXIS2_PLACEMENT_3D ( 'NONE', #6074, #3208, #6123 ) ;
#9234 = DIRECTION ( 'NONE',  ( -1.000000000000000000, 3.942553354492742545E-16, -0.000000000000000000 ) ) ;
#9235 = EDGE_CURVE ( 'NONE', #7654, #9739, #2104, .T. ) ;
#9236 = SURFACE_SIDE_STYLE ('',( #860 ) ) ;
#9237 = ORIENTED_EDGE ( 'NONE', *, *, #5206, .T. ) ;
#9238 = FACE_OUTER_BOUND ( 'NONE', #5848, .T. ) ;
#9239 = CARTESIAN_POINT ( 'NONE',  ( 3.151366354750738452, 16.78200686669816832, 0.000000000000000000 ) ) ;
#9240 = FILL_AREA_STYLE_COLOUR ( '', #9039 ) ;
#9241 = EDGE_CURVE ( 'NONE', #6521, #6206, #3491, .T. ) ;
#9242 = CARTESIAN_POINT ( 'NONE',  ( -1.499999999999999778, -1.469999999999999973, 0.000000000000000000 ) ) ;
#9243 = DIRECTION ( 'NONE',  ( -1.000000000000000000, 0.000000000000000000, 0.000000000000000000 ) ) ;
#9244 = CARTESIAN_POINT ( 'NONE',  ( 3.140598429074867415, 16.39153716841929764, 0.000000000000000000 ) ) ;
#9245 = VERTEX_POINT ( 'NONE', #5159 ) ;
#9246 = CLOSED_SHELL ( 'NONE', ( #9680, #5384, #2985, #8931, #1305, #7336, #7869, #8877, #593, #5149, #449, #2541, #5959, #3437 ) ) ;
#9247 = B_SPLINE_CURVE_WITH_KNOTS ( 'NONE', 3,
 ( #8003, #9483, #7959, #4126 ),
 .UNSPECIFIED., .F., .F.,
 ( 4, 4 ),
 ( 0.000000000000000000, 0.3333333333333333148 ),
 .UNSPECIFIED. ) ;
#9248 = ORIENTED_EDGE ( 'NONE', *, *, #7840, .T. ) ;
#9249 = LINE ( 'NONE', #1640, #5027 ) ;
#9250 = DIRECTION ( 'NONE',  ( 1.000000000000000000, 0.000000000000000000, 0.000000000000000000 ) ) ;
#9251 = ORIENTED_EDGE ( 'NONE', *, *, #9568, .T. ) ;
#9252 = ADVANCED_FACE ( 'NONE', ( #2046 ), #524, .F. ) ;
#9253 = CARTESIAN_POINT ( 'NONE',  ( 1.224999999999999201, 0.3750000000000004441, -0.02000000000000000042 ) ) ;
#9254 = CARTESIAN_POINT ( 'NONE',  ( -1.224999999999999423, -0.7500000000000001110, -0.02000000000000000042 ) ) ;
#9255 = CARTESIAN_POINT ( 'NONE',  ( 2.915884176855606302, 16.74652566897933426, 0.001000000000000000021 ) ) ;
#9256 = EDGE_CURVE ( 'NONE', #6756, #3200, #1940, .T. ) ;
#9257 = ADVANCED_FACE ( 'NONE', ( #4300 ), #8240, .F. ) ;
#9258 = DIRECTION ( 'NONE',  ( -0.000000000000000000, -0.000000000000000000, -1.000000000000000000 ) ) ;
#9259 = CARTESIAN_POINT ( 'NONE',  ( 3.487466854535089311, 16.45508558224401696, 0.001000000000000001756 ) ) ;
#9260 = ORIENTED_EDGE ( 'NONE', *, *, #3481, .T. ) ;
#9261 = VERTEX_POINT ( 'NONE', #5827 ) ;
#9262 = ORIENTED_EDGE ( 'NONE', *, *, #9256, .F. ) ;
#9263 = CARTESIAN_POINT ( 'NONE',  ( 3.793558381124408019, 16.45155511480933441, 0.001000000000000001756 ) ) ;
#9264 = CARTESIAN_POINT ( 'NONE',  ( 3.719595088367241509, 16.51580962212106840, -1.694065894508600678E-18 ) ) ;
#9265 = CARTESIAN_POINT ( 'NONE',  ( 1.099999999999998979, -0.7500000000000004441, 0.1830000000000000238 ) ) ;
#9266 = LINE ( 'NONE', #3753, #8681 ) ;
#9267 = DIRECTION ( 'NONE',  ( -0.000000000000000000, -0.000000000000000000, -1.000000000000000000 ) ) ;
#9268 = CARTESIAN_POINT ( 'NONE',  ( 2.933713037400890844, 16.72410720076891977, 0.001000000000000000021 ) ) ;
#9269 = ORIENTED_EDGE ( 'NONE', *, *, #4451, .F. ) ;
#9270 = EDGE_CURVE ( 'NONE', #1392, #2251, #5044, .T. ) ;
#9271 = ORIENTED_EDGE ( 'NONE', *, *, #1409, .F. ) ;
#9272 = FACE_OUTER_BOUND ( 'NONE', #5881, .T. ) ;
#9273 = DIRECTION ( 'NONE',  ( -0.000000000000000000, 0.000000000000000000, -1.000000000000000000 ) ) ;
#9274 = AXIS2_PLACEMENT_3D ( 'NONE', #4361, #4157, #1234 ) ;
#9275 = ORIENTED_EDGE ( 'NONE', *, *, #2215, .F. ) ;
#9276 = ADVANCED_FACE ( 'NONE', ( #3547 ), #1719, .F. ) ;
#9277 = ORIENTED_EDGE ( 'NONE', *, *, #3892, .T. ) ;
#9278 = CARTESIAN_POINT ( 'NONE',  ( 3.488349471393764389, 16.55146734321162683, 0.001000000000000001756 ) ) ;
#9279 = CARTESIAN_POINT ( 'NONE',  ( 3.789498343574488892, 16.67079714250480649, 0.000000000000000000 ) ) ;
#9280 = AXIS2_PLACEMENT_3D ( 'NONE', #7163, #951, #7784 ) ;
#9281 = EDGE_LOOP ( 'NONE', ( #1615, #8383, #2322, #4998 ) ) ;
#9282 = B_SPLINE_CURVE_WITH_KNOTS ( 'NONE', 3,
 ( #6600, #8181, #527, #8840 ),
 .UNSPECIFIED., .F., .F.,
 ( 4, 4 ),
 ( 0.3636363636363635909, 0.4545454545454544748 ),
 .UNSPECIFIED. ) ;
#9283 = B_SPLINE_SURFACE_WITH_KNOTS ( 'NONE', 3, 1, ( 
 ( #4558, #2340 ),
 ( #9255, #4505 ),
 ( #732, #1389 ),
 ( #6187, #9298 ) ),
 .UNSPECIFIED., .F., .F., .F.,
 ( 4, 4 ),
 ( 2, 2 ),
 ( 0.000000000000000000, 0.07142857142857139685 ),
 ( 0.000000000000000000, 1.000000000000000000 ),
 .UNSPECIFIED. ) ;
#9284 = ORIENTED_EDGE ( 'NONE', *, *, #2585, .T. ) ;
#9285 = DIRECTION ( 'NONE',  ( 0.002159822175824301776, 0.9999976675813643245, -0.000000000000000000 ) ) ;
#9286 = ADVANCED_FACE ( 'NONE', ( #3178 ), #7483, .F. ) ;
#9287 = PRESENTATION_LAYER_ASSIGNMENT (  '', '', ( #859 ) ) ;
#9288 = UNCERTAINTY_MEASURE_WITH_UNIT (LENGTH_MEASURE( 1.000000000000000082E-05 ), #1081, 'distance_accuracy_value', 'NONE');
#9289 = PRESENTATION_STYLE_ASSIGNMENT (( #9382 ) ) ;
#9290 =( LENGTH_UNIT ( ) NAMED_UNIT ( * ) SI_UNIT ( .MILLI., .METRE. ) );
#9291 = FACE_OUTER_BOUND ( 'NONE', #2069, .T. ) ;
#9292 = SURFACE_STYLE_USAGE ( .BOTH. , #6177 ) ;
#9293 = ORIENTED_EDGE ( 'NONE', *, *, #9808, .T. ) ;
#9294 = ORIENTED_EDGE ( 'NONE', *, *, #6057, .F. ) ;
#9295 = DIRECTION ( 'NONE',  ( 1.000000000000000000, 0.000000000000000000, 0.000000000000000000 ) ) ;
#9296 = PLANE ( 'NONE',  #6146 ) ;
#9297 = VERTEX_POINT ( 'NONE', #9145 ) ;
#9298 = CARTESIAN_POINT ( 'NONE',  ( 2.933713037400889068, 16.72410720076891621, 0.000000000000000000 ) ) ;
#9299 = DIRECTION ( 'NONE',  ( 0.000000000000000000, 0.000000000000000000, -1.000000000000000000 ) ) ;
#9300 = LINE ( 'NONE', #9969, #6120 ) ;
#9301 = EDGE_CURVE ( 'NONE', #4831, #351, #3364, .T. ) ;
#9302 = EDGE_LOOP ( 'NONE', ( #906, #7496, #886, #8385 ) ) ;
#9303 = DIRECTION ( 'NONE',  ( 0.002724785525229372115, -0.9999962877650303561, 0.000000000000000000 ) ) ;
#9304 = ORIENTED_EDGE ( 'NONE', *, *, #767, .F. ) ;
#9305 = DIRECTION ( 'NONE',  ( -1.000000000000000000, 0.000000000000000000, 0.000000000000000000 ) ) ;
#9306 = FACE_OUTER_BOUND ( 'NONE', #2185, .T. ) ;
#9307 = DIRECTION ( 'NONE',  ( -0.9997166737441275375, -0.02380277794665261806, 0.000000000000000000 ) ) ;
#9308 = DIRECTION ( 'NONE',  ( 0.000000000000000000, 1.000000000000000000, -0.000000000000000000 ) ) ;
#9309 = DIRECTION ( 'NONE',  ( 0.000000000000000000, -1.000000000000000000, 0.000000000000000000 ) ) ;
#9310 = LINE ( 'NONE', #4622, #779 ) ;
#9311 = CARTESIAN_POINT ( 'NONE',  ( 3.406266103536768508, 0.000000000000000000, 0.001000000000000000021 ) ) ;
#9312 = VERTEX_POINT ( 'NONE', #8666 ) ;
#9313 = ADVANCED_FACE ( 'NONE', ( #4504 ), #4638, .F. ) ;
#9314 = PLANE ( 'NONE',  #6585 ) ;
#9315 = VECTOR ( 'NONE', #9438, 1000.000000000000000 ) ;
#9316 = EDGE_CURVE ( 'NONE', #535, #6321, #5493, .T. ) ;
#9317 = FILL_AREA_STYLE ('',( #141 ) ) ;
#9318 = CARTESIAN_POINT ( 'NONE',  ( 3.789321820202755653, 16.53046106197511733, 0.001000000000000001756 ) ) ;
#9319 = EDGE_CURVE ( 'NONE', #4771, #8517, #7904, .T. ) ;
#9320 = EDGE_LOOP ( 'NONE', ( #4001, #7939, #7464, #8984 ) ) ;
#9321 = ORIENTED_EDGE ( 'NONE', *, *, #1346, .F. ) ;
#9322 = SURFACE_SIDE_STYLE ('',( #3169 ) ) ;
#9323 = AXIS2_PLACEMENT_3D ( 'NONE', #8600, #5279, #3152 ) ;
#9324 = CIRCLE ( 'NONE', #4899, 0.05000000000000002359 ) ;
#9325 = CARTESIAN_POINT ( 'NONE',  ( 3.746426640871031388, 16.65279175858778160, 0.000000000000000000 ) ) ;
#9326 = CARTESIAN_POINT ( 'NONE',  ( 2.753835721602434727, 16.76506062301154643, 0.001000000000000000021 ) ) ;
#9327 = ORIENTED_EDGE ( 'NONE', *, *, #4383, .F. ) ;
#9328 = VERTEX_POINT ( 'NONE', #109 ) ;
#9329 = VECTOR ( 'NONE', #6572, 1000.000000000000000 ) ;
#9330 = COLOUR_RGB ( '',0.8039215686274510109, 0.8039215686274510109, 0.8039215686274510109 ) ;
#9331 = CARTESIAN_POINT ( 'NONE',  ( 0.03602270259318360313, 16.67851130355796840, 0.001000000000000000021 ) ) ;
#9332 = UNCERTAINTY_MEASURE_WITH_UNIT (LENGTH_MEASURE( 1.000000000000000082E-05 ), #1968, 'distance_accuracy_value', 'NONE');
#9333 = CARTESIAN_POINT ( 'NONE',  ( 2.786845592116968806, 16.48915459298898867, 0.000000000000000000 ) ) ;
#9334 = VECTOR ( 'NONE', #8891, 1000.000000000000000 ) ;
#9335 = DIRECTION ( 'NONE',  ( 0.000000000000000000, -1.000000000000000000, 0.000000000000000000 ) ) ;
#9336 = VECTOR ( 'NONE', #5814, 1000.000000000000000 ) ;
#9337 = COLOUR_RGB ( '',0.8039215686274510109, 0.8039215686274510109, 0.8039215686274510109 ) ;
#9338 = CARTESIAN_POINT ( 'NONE',  ( 2.724179795150874828, 16.82490204602989081, 0.001000000000000000021 ) ) ;
#9339 = CARTESIAN_POINT ( 'NONE',  ( 3.822155167345547166, 16.76329538929418916, 0.001000000000000000021 ) ) ;
#9340 = ORIENTED_EDGE ( 'NONE', *, *, #868, .T. ) ;
#9341 = ADVANCED_FACE ( 'NONE', ( #6274 ), #7134, .F. ) ;
#9342 = EDGE_CURVE ( 'NONE', #3465, #1176, #1447, .T. ) ;
#9343 = ORIENTED_EDGE ( 'NONE', *, *, #8630, .F. ) ;
#9344 =( GEOMETRIC_REPRESENTATION_CONTEXT ( 3 ) GLOBAL_UNCERTAINTY_ASSIGNED_CONTEXT ( ( #5595 ) ) GLOBAL_UNIT_ASSIGNED_CONTEXT ( ( #412, #2035, #2679 ) ) REPRESENTATION_CONTEXT ( 'NONE', 'WORKASPACE' ) );
#9345 = COLOUR_RGB ( '',0.9607843137254902244, 0.9607843137254902244, 0.9607843137254902244 ) ;
#9346 = CARTESIAN_POINT ( 'NONE',  ( 3.719595088367241509, 16.51580962212106840, 0.0009999999999999982861 ) ) ;
#9347 = DIRECTION ( 'NONE',  ( 0.000000000000000000, -0.000000000000000000, 1.000000000000000000 ) ) ;
#9348 = CARTESIAN_POINT ( 'NONE',  ( -1.224999999999999423, 0.2499999999999998890, 0.1830000000000000238 ) ) ;
#9349 = ORIENTED_EDGE ( 'NONE', *, *, #3103, .F. ) ;
#9350 = DIRECTION ( 'NONE',  ( 0.9997166737441275375, 0.02380277794665261459, 0.000000000000000000 ) ) ;
#9351 = AXIS2_PLACEMENT_3D ( 'NONE', #8228, #8933, #9697 ) ;
#9352 = LINE ( 'NONE', #4963, #4635 ) ;
#9353 = ORIENTED_EDGE ( 'NONE', *, *, #918, .F. ) ;
#9354 = ORIENTED_EDGE ( 'NONE', *, *, #4518, .T. ) ;
#9355 = APPLICATION_PROTOCOL_DEFINITION ( 'draft international standard', 'automotive_design', 1998, #9865 ) ;
#9356 = ORIENTED_EDGE ( 'NONE', *, *, #3392, .F. ) ;
#9357 = CARTESIAN_POINT ( 'NONE',  ( 3.043863621363823935, 16.63125590723604219, 0.001000000000000000021 ) ) ;
#9358 = AXIS2_PLACEMENT_3D ( 'NONE', #650, #3109, #8501 ) ;
#9359 = CARTESIAN_POINT ( 'NONE',  ( 2.174132968823124568, 16.44272894622254100, 0.001000000000000000021 ) ) ;
#9360 = ADVANCED_FACE ( 'NONE', ( #4447 ), #10020, .F. ) ;
#9361 = SURFACE_STYLE_FILL_AREA ( #7673 ) ;
#9362 = CARTESIAN_POINT ( 'NONE',  ( -1.499999999999999556, -0.1250000000000000000, 0.1830000000000000238 ) ) ;
#9363 = CARTESIAN_POINT ( 'NONE',  ( -1.224999999999999867, 0.7499999999999998890, -0.02000000000000000042 ) ) ;
#9364 = DIRECTION ( 'NONE',  ( 0.000000000000000000, -1.000000000000000000, 0.000000000000000000 ) ) ;
#9365 = B_SPLINE_SURFACE_WITH_KNOTS ( 'NONE', 3, 1, ( 
 ( #7625, #9058 ),
 ( #8298, #3652 ),
 ( #9158, #7525 ),
 ( #643, #697 ) ),
 .UNSPECIFIED., .F., .F., .F.,
 ( 4, 4 ),
 ( 2, 2 ),
 ( 0.4000000000000000222, 0.5000000000000000000 ),
 ( 0.000000000000000000, 1.000000000000000000 ),
 .UNSPECIFIED. ) ;
#9366 = MECHANICAL_DESIGN_GEOMETRIC_PRESENTATION_REPRESENTATION (  '', ( #5943 ), #9204 ) ;
#9367 = DIRECTION ( 'NONE',  ( 0.000000000000000000, -0.000000000000000000, 1.000000000000000000 ) ) ;
#9368 = DIRECTION ( 'NONE',  ( 0.000000000000000000, 0.000000000000000000, 1.000000000000000000 ) ) ;
#9369 = DIRECTION ( 'NONE',  ( -0.000000000000000000, -0.000000000000000000, -1.000000000000000000 ) ) ;
#9370 = CIRCLE ( 'NONE', #6590, 0.1250000000000005551 ) ;
#9371 = EDGE_LOOP ( 'NONE', ( #3448, #6794, #6846, #5806 ) ) ;
#9372 = LINE ( 'NONE', #5684, #8995 ) ;
#9373 = EDGE_LOOP ( 'NONE', ( #6800, #1767, #3808, #7367 ) ) ;
#9374 = EDGE_CURVE ( 'NONE', #6375, #1867, #3154, .T. ) ;
#9375 = VECTOR ( 'NONE', #9610, 1000.000000000000000 ) ;
#9376 = EDGE_CURVE ( 'NONE', #1967, #9072, #5856, .T. ) ;
#9377 = EDGE_CURVE ( 'NONE', #2413, #1107, #352, .T. ) ;
#9378 = COLOUR_RGB ( '',0.9607843137254902244, 0.9607843137254902244, 0.9607843137254902244 ) ;
#9379 = ORIENTED_EDGE ( 'NONE', *, *, #7455, .T. ) ;
#9380 = CARTESIAN_POINT ( 'NONE',  ( 3.494527789404507256, 16.58465373709786306, 0.000000000000000000 ) ) ;
#9381 = AXIS2_PLACEMENT_3D ( 'NONE', #2673, #5550, #7289 ) ;
#9382 = SURFACE_STYLE_USAGE ( .BOTH. , #1629 ) ;
#9383 = DIRECTION ( 'NONE',  ( -1.000000000000000000, 0.000000000000000000, 0.000000000000000000 ) ) ;
#9384 = B_SPLINE_CURVE_WITH_KNOTS ( 'NONE', 3,
 ( #5632, #6459, #5681, #4901 ),
 .UNSPECIFIED., .F., .F.,
 ( 4, 4 ),
 ( 0.1818181818181817955, 0.2727272727272727071 ),
 .UNSPECIFIED. ) ;
#9385 = CARTESIAN_POINT ( 'NONE',  ( 3.562980195541907147, -0.01936402280150656408, 0.001000000000000000021 ) ) ;
#9386 = CARTESIAN_POINT ( 'NONE',  ( 3.526125472945151440, 16.66179445054629582, 0.000000000000000000 ) ) ;
#9387 = CARTESIAN_POINT ( 'NONE',  ( -1.369999999999999662, 1.269999999999999796, 0.7699999999999999067 ) ) ;
#9388 = PLANE ( 'NONE',  #4491 ) ;
#9389 = ORIENTED_EDGE ( 'NONE', *, *, #195, .T. ) ;
#9390 = VECTOR ( 'NONE', #2781, 1000.000000000000000 ) ;
#9391 = DIRECTION ( 'NONE',  ( 0.000000000000000000, -1.000000000000000000, 0.000000000000000000 ) ) ;
#9392 = CARTESIAN_POINT ( 'NONE',  ( 2.999026684943015830, 16.69833478849553643, 0.001000000000000000021 ) ) ;
#9393 = CARTESIAN_POINT ( 'NONE',  ( 2.468220906134433346, 16.59383295242814071, 0.001000000000000000021 ) ) ;
#9394 = ADVANCED_FACE ( 'NONE', ( #7232 ), #1015, .F. ) ;
#9395 = CARTESIAN_POINT ( 'NONE',  ( 3.012795507938381689, 16.58588940070004369, 0.001000000000000000021 ) ) ;
#9396 =( NAMED_UNIT ( * ) PLANE_ANGLE_UNIT ( ) SI_UNIT ( $, .RADIAN. ) );
#9397 = CIRCLE ( 'NONE', #7769, 0.1250000000000001110 ) ;
#9398 = FILL_AREA_STYLE_COLOUR ( '', #3649 ) ;
#9399 = VERTEX_POINT ( 'NONE', #1108 ) ;
#9400 = ORIENTED_EDGE ( 'NONE', *, *, #1726, .T. ) ;
#9401 = B_SPLINE_CURVE_WITH_KNOTS ( 'NONE', 3,
 ( #1624, #4680, #7077, #6876 ),
 .UNSPECIFIED., .F., .F.,
 ( 4, 4 ),
 ( 0.6666666666666666297, 0.7333333333333332815 ),
 .UNSPECIFIED. ) ;
#9402 = CARTESIAN_POINT ( 'NONE',  ( -1.224999999999999867, 0.6249999999999998890, -0.02000000000000000042 ) ) ;
#9403 = ORIENTED_EDGE ( 'NONE', *, *, #4398, .T. ) ;
#9404 = DIRECTION ( 'NONE',  ( -0.000000000000000000, 0.000000000000000000, 1.000000000000000000 ) ) ;
#9405 = ADVANCED_FACE ( 'NONE', ( #7387 ), #6623, .T. ) ;
#9406 = LINE ( 'NONE', #5469, #7082 ) ;
#9407 = CARTESIAN_POINT ( 'NONE',  ( -1.224999999999999423, -0.2500000000000001110, 0.1830000000000000238 ) ) ;
#9408 = SURFACE_STYLE_FILL_AREA ( #4086 ) ;
#9409 = AXIS2_PLACEMENT_3D ( 'NONE', #1289, #4516, #538 ) ;
#9410 = DIRECTION ( 'NONE',  ( -1.000000000000000000, 0.000000000000000000, -0.000000000000000000 ) ) ;
#9411 = CARTESIAN_POINT ( 'NONE',  ( 0.7250000000000001998, -0.8199999999999997291, -0.02000000000000000042 ) ) ;
#9412 = ORIENTED_EDGE ( 'NONE', *, *, #8356, .F. ) ;
#9413 = VECTOR ( 'NONE', #2944, 1000.000000000000000 ) ;
#9414 = EDGE_LOOP ( 'NONE', ( #4077, #5859, #9515, #2840 ) ) ;
#9415 = PLANE ( 'NONE',  #6417 ) ;
#9416 = CARTESIAN_POINT ( 'NONE',  ( 1.224999999999999201, -0.2500000000000004441, 0.1830000000000000238 ) ) ;
#9417 = DIRECTION ( 'NONE',  ( -1.000000000000000000, 0.000000000000000000, 0.000000000000000000 ) ) ;
#9418 = VECTOR ( 'NONE', #1275, 1000.000000000000000 ) ;
#9419 = ORIENTED_EDGE ( 'NONE', *, *, #9135, .T. ) ;
#9420 = DIRECTION ( 'NONE',  ( 0.000000000000000000, 0.000000000000000000, 1.000000000000000000 ) ) ;
#9421 = CARTESIAN_POINT ( 'NONE',  ( -1.499999999999999778, -1.469999999999999973, 0.7500000000000000000 ) ) ;
#9422 = VERTEX_POINT ( 'NONE', #1814 ) ;
#9423 = CARTESIAN_POINT ( 'NONE',  ( 3.440864684396913287, 16.59736341986284458, 0.001000000000000001756 ) ) ;
#9424 = LINE ( 'NONE', #8702, #5604 ) ;
#9425 = CARTESIAN_POINT ( 'NONE',  ( 3.026740854305484785, 16.58588940070004725, 0.001000000000000000021 ) ) ;
#9426 = VECTOR ( 'NONE', #7274, 1000.000000000000000 ) ;
#9427 = ADVANCED_FACE ( 'NONE', ( #9532 ), #2573, .F. ) ;
#9428 = ORIENTED_EDGE ( 'NONE', *, *, #2796, .T. ) ;
#9429 = ORIENTED_EDGE ( 'NONE', *, *, #9301, .F. ) ;
#9430 = CARTESIAN_POINT ( 'NONE',  ( -1.269999999999999574, 1.269999999999999796, 0.7699999999999999067 ) ) ;
#9431 = FILL_AREA_STYLE_COLOUR ( '', #6723 ) ;
#9432 = CARTESIAN_POINT ( 'NONE',  ( 3.615269775671568375, 16.59206771871077990, 0.001000000000000000021 ) ) ;
#9433 = FACE_OUTER_BOUND ( 'NONE', #3894, .T. ) ;
#9434 = DIRECTION ( 'NONE',  ( -0.004237250095936103376, -0.9999910228155173275, 0.000000000000000000 ) ) ;
#9435 = ORIENTED_EDGE ( 'NONE', *, *, #2499, .F. ) ;
#9436 = EDGE_CURVE ( 'NONE', #79, #2158, #4870, .T. ) ;
#9437 = ORIENTED_EDGE ( 'NONE', *, *, #9836, .T. ) ;
#9438 = DIRECTION ( 'NONE',  ( -0.9999750287169699714, 0.007066961333913559205, 0.000000000000000000 ) ) ;
#9439 = EDGE_CURVE ( 'NONE', #8092, #7780, #5700, .T. ) ;
#9440 = DIRECTION ( 'NONE',  ( -0.000000000000000000, -0.000000000000000000, 1.000000000000000000 ) ) ;
#9441 = CARTESIAN_POINT ( 'NONE',  ( 2.462748681610632318, 16.59118510185208351, 0.001000000000000000021 ) ) ;
#9442 = EDGE_CURVE ( 'NONE', #6069, #8205, #4923, .T. ) ;
#9443 = DIRECTION ( 'NONE',  ( 1.000000000000000000, 0.000000000000000000, 0.000000000000000000 ) ) ;
#9444 = CARTESIAN_POINT ( 'NONE',  ( 3.826921298382410352, 16.63337418769686238, 0.001000000000000000021 ) ) ;
#9445 = CARTESIAN_POINT ( 'NONE',  ( 2.783315124682264941, 16.40089290712125347, 0.001000000000000000021 ) ) ;
#9446 = SURFACE_STYLE_FILL_AREA ( #5556 ) ;
#9447 = CARTESIAN_POINT ( 'NONE',  ( -1.499999999999999556, 0.8750000000000000000, 0.1830000000000000238 ) ) ;
#9448 = ORIENTED_EDGE ( 'NONE', *, *, #5876, .T. ) ;
#9449 = FACE_OUTER_BOUND ( 'NONE', #8782, .T. ) ;
#9450 = CARTESIAN_POINT ( 'NONE',  ( 1.500000000000000222, 1.469999999999999973, 0.7500000000000000000 ) ) ;
#9451 = CARTESIAN_POINT ( 'NONE',  ( 2.185253941242461639, 16.74970308967056809, 0.001000000000000000021 ) ) ;
#9452 = EDGE_LOOP ( 'NONE', ( #4183, #6923, #5290, #8141 ) ) ;
#9453 = CARTESIAN_POINT ( 'NONE',  ( -1.499999999999999556, -0.8750000000000000000, 0.1830000000000000238 ) ) ;
#9454 = ORIENTED_EDGE ( 'NONE', *, *, #20, .F. ) ;
#9455 = EDGE_CURVE ( 'NONE', #6358, #8413, #5135, .T. ) ;
#9456 = ORIENTED_EDGE ( 'NONE', *, *, #4167, .T. ) ;
#9457 = DIRECTION ( 'NONE',  ( -0.000000000000000000, -0.000000000000000000, -1.000000000000000000 ) ) ;
#9458 = ADVANCED_FACE ( 'NONE', ( #8318 ), #3572, .F. ) ;
#9459 = FACE_OUTER_BOUND ( 'NONE', #5994, .T. ) ;
#9460 = DIRECTION ( 'NONE',  ( 0.000000000000000000, 0.000000000000000000, -1.000000000000000000 ) ) ;
#9461 = ORIENTED_EDGE ( 'NONE', *, *, #8835, .F. ) ;
#9462 = CARTESIAN_POINT ( 'NONE',  ( 3.061162911793909647, 16.48685978915644057, 0.0009999999999999982861 ) ) ;
#9463 = CARTESIAN_POINT ( 'NONE',  ( 2.905822344666683765, 16.75976492185944622, 0.000000000000000000 ) ) ;
#9464 = VERTEX_POINT ( 'NONE', #7492 ) ;
#9465 = CARTESIAN_POINT ( 'NONE',  ( 2.783315124682264941, 16.40089290712125347, 0.001000000000000000021 ) ) ;
#9466 = LINE ( 'NONE', #3656, #2234 ) ;
#9467 = CARTESIAN_POINT ( 'NONE',  ( 2.693817775212373533, 16.55270300681376838, 0.001000000000000000021 ) ) ;
#9468 = ORIENTED_EDGE ( 'NONE', *, *, #3378, .T. ) ;
#9469 = EDGE_LOOP ( 'NONE', ( #7460, #4865, #1481, #4070 ) ) ;
#9470 = PLANE ( 'NONE',  #1048 ) ;
#9471 = AXIS2_PLACEMENT_3D ( 'NONE', #2450, #9498, #5566 ) ;
#9472 = VERTEX_POINT ( 'NONE', #9841 ) ;
#9473 = VECTOR ( 'NONE', #8422, 1000.000000000000000 ) ;
#9474 = SURFACE_STYLE_USAGE ( .BOTH. , #8866 ) ;
#9475 = FACE_BOUND ( 'NONE', #8895, .T. ) ;
#9476 = DIRECTION ( 'NONE',  ( 0.000000000000000000, 0.000000000000000000, -1.000000000000000000 ) ) ;
#9477 = DIRECTION ( 'NONE',  ( 0.9999999351169825967, -0.0003602305242138014482, 0.000000000000000000 ) ) ;
#9478 = CARTESIAN_POINT ( 'NONE',  ( 3.647573552699173050, 16.62701934631438050, 0.000000000000000000 ) ) ;
#9479 = ORIENTED_EDGE ( 'NONE', *, *, #2199, .T. ) ;
#9480 = STYLED_ITEM ( 'NONE', ( #8965 ), #8154 ) ;
#9481 = ORIENTED_EDGE ( 'NONE', *, *, #6574, .F. ) ;
#9482 = VERTEX_POINT ( 'NONE', #1307 ) ;
#9483 = CARTESIAN_POINT ( 'NONE',  ( 3.578552914350594083, 16.81325150349535136, 0.001000000000000000021 ) ) ;
#9484 = DIRECTION ( 'NONE',  ( -1.000000000000000000, 0.000000000000000000, 0.000000000000000000 ) ) ;
#9485 = DIRECTION ( 'NONE',  ( 0.03294913285455995655, -0.9994570299138090252, 0.000000000000000000 ) ) ;
#9486 = MECHANICAL_DESIGN_GEOMETRIC_PRESENTATION_REPRESENTATION (  '', ( #580 ), #6079 ) ;
#9487 = VECTOR ( 'NONE', #6682, 1000.000000000000000 ) ;
#9488 = CARTESIAN_POINT ( 'NONE',  ( -0.6749999999999997113, 0.8199999999999998401, 0.01000000000000000021 ) ) ;
#9489 = ADVANCED_FACE ( 'NONE', ( #4334 ), #6015, .F. ) ;
#9490 = CARTESIAN_POINT ( 'NONE',  ( 3.526125472945151440, 16.66179445054629582, 0.000000000000000000 ) ) ;
#9491 = CARTESIAN_POINT ( 'NONE',  ( 1.224999999999999423, 0.7499999999999995559, 0.1830000000000000238 ) ) ;
#9492 = ADVANCED_FACE ( 'NONE', ( #8364 ), #9782, .F. ) ;
#9493 = LINE ( 'NONE', #369, #9116 ) ;
#9494 = ORIENTED_EDGE ( 'NONE', *, *, #5585, .T. ) ;
#9495 = CARTESIAN_POINT ( 'NONE',  ( 3.371314475933138599, 16.58783115778910755, 0.001000000000000001756 ) ) ;
#9496 = PLANE ( 'NONE',  #1439 ) ;
#9497 = MECHANICAL_DESIGN_GEOMETRIC_PRESENTATION_REPRESENTATION (  '', ( #122 ), #9840 ) ;
#9498 = DIRECTION ( 'NONE',  ( 0.000000000000000000, 0.000000000000000000, 1.000000000000000000 ) ) ;
#9499 = DIRECTION ( 'NONE',  ( 0.000000000000000000, 1.000000000000000000, -0.000000000000000000 ) ) ;
#9500 = PLANE ( 'NONE',  #3969 ) ;
#9501 = ORIENTED_EDGE ( 'NONE', *, *, #6363, .F. ) ;
#9502 = PRESENTATION_LAYER_ASSIGNMENT (  '', '', ( #8382 ) ) ;
#9503 = CARTESIAN_POINT ( 'NONE',  ( 2.997614497969137926, 16.51174958457114528, 0.001000000000000000021 ) ) ;
#9504 = ORIENTED_EDGE ( 'NONE', *, *, #5817, .T. ) ;
#9505 = ORIENTED_EDGE ( 'NONE', *, *, #6435, .F. ) ;
#9506 = AXIS2_PLACEMENT_3D ( 'NONE', #6792, #8478, #6081 ) ;
#9507 = EDGE_CURVE ( 'NONE', #3846, #9993, #4692, .T. ) ;
#9508 = VECTOR ( 'NONE', #5177, 1000.000000000000000 ) ;
#9509 = SURFACE_STYLE_USAGE ( .BOTH. , #8746 ) ;
#9510 = DIRECTION ( 'NONE',  ( -0.000000000000000000, -0.000000000000000000, 1.000000000000000000 ) ) ;
#9511 = VERTEX_POINT ( 'NONE', #2972 ) ;
#9512 = FACE_OUTER_BOUND ( 'NONE', #3686, .T. ) ;
#9513 = CARTESIAN_POINT ( 'NONE',  ( 3.212796488114678439, 16.58571287732828736, 0.000000000000000000 ) ) ;
#9514 = VECTOR ( 'NONE', #2361, 1000.000000000000000 ) ;
#9515 = ORIENTED_EDGE ( 'NONE', *, *, #7126, .F. ) ;
#9516 = LINE ( 'NONE', #389, #4428 ) ;
#9517 = CARTESIAN_POINT ( 'NONE',  ( 0.000000000000000000, 0.000000000000000000, 0.000000000000000000 ) ) ;
#9518 = EDGE_CURVE ( 'NONE', #2158, #5678, #4484, .T. ) ;
#9519 = EDGE_CURVE ( 'NONE', #8093, #1398, #1257, .T. ) ;
#9520 = AXIS2_PLACEMENT_3D ( 'NONE', #269, #8599, #174 ) ;
#9521 = DIRECTION ( 'NONE',  ( -0.000000000000000000, 0.000000000000000000, 1.000000000000000000 ) ) ;
#9522 = ORIENTED_EDGE ( 'NONE', *, *, #8090, .F. ) ;
#9523 = VECTOR ( 'NONE', #9678, 1000.000000000000000 ) ;
#9524 = VERTEX_POINT ( 'NONE', #551 ) ;
#9525 = VERTEX_POINT ( 'NONE', #8215 ) ;
#9526 = DIRECTION ( 'NONE',  ( -0.000000000000000000, -0.000000000000000000, -1.000000000000000000 ) ) ;
#9527 = VECTOR ( 'NONE', #9673, 1000.000000000000000 ) ;
#9528 = ORIENTED_EDGE ( 'NONE', *, *, #1577, .T. ) ;
#9529 = FILL_AREA_STYLE_COLOUR ( '', #3453 ) ;
#9530 =( NAMED_UNIT ( * ) PLANE_ANGLE_UNIT ( ) SI_UNIT ( $, .RADIAN. ) );
#9531 = ADVANCED_FACE ( 'NONE', ( #2226 ), #5907, .F. ) ;
#9532 = FACE_OUTER_BOUND ( 'NONE', #8911, .T. ) ;
#9533 = FILL_AREA_STYLE_COLOUR ( '', #4355 ) ;
#9534 = ORIENTED_EDGE ( 'NONE', *, *, #3892, .F. ) ;
#9535 = ORIENTED_EDGE ( 'NONE', *, *, #4450, .F. ) ;
#9536 = VECTOR ( 'NONE', #2731, 1000.000000000000000 ) ;
#9537 = LINE ( 'NONE', #1064, #2826 ) ;
#9538 = EDGE_CURVE ( 'NONE', #7197, #6804, #505, .T. ) ;
#9539 = FACE_OUTER_BOUND ( 'NONE', #3351, .T. ) ;
#9540 = CARTESIAN_POINT ( 'NONE',  ( 3.705826265371870765, 16.42666531939461549, 1.694065894508600678E-18 ) ) ;
#9541 = CARTESIAN_POINT ( 'NONE',  ( 2.802909218944895198, 16.74599609886408302, 0.000000000000000000 ) ) ;
#9542 = PLANE ( 'NONE',  #2374 ) ;
#9543 =( GEOMETRIC_REPRESENTATION_CONTEXT ( 3 ) GLOBAL_UNCERTAINTY_ASSIGNED_CONTEXT ( ( #6323 ) ) GLOBAL_UNIT_ASSIGNED_CONTEXT ( ( #7454, #5919, #8111 ) ) REPRESENTATION_CONTEXT ( 'NONE', 'WORKASPACE' ) );
#9544 = FILL_AREA_STYLE ('',( #1829 ) ) ;
#9545 = EDGE_CURVE ( 'NONE', #9951, #4676, #4424, .T. ) ;
#9546 = VERTEX_POINT ( 'NONE', #9232 ) ;
#9547 = CARTESIAN_POINT ( 'NONE',  ( 2.564426143730266894, 16.82278376556904931, 0.001000000000000000021 ) ) ;
#9548 = CARTESIAN_POINT ( 'NONE',  ( 3.631509925871234667, 16.75905882837253813, 0.000000000000000000 ) ) ;
#9549 = EDGE_CURVE ( 'NONE', #6364, #54, #6928, .T. ) ;
#9550 = VECTOR ( 'NONE', #243, 1000.000000000000000 ) ;
#9551 = CARTESIAN_POINT ( 'NONE',  ( 3.117120820634052158, 16.67273889959385968, 0.001000000000000000021 ) ) ;
#9552 = SURFACE_SIDE_STYLE ('',( #1837 ) ) ;
#9553 = ORIENTED_EDGE ( 'NONE', *, *, #4859, .F. ) ;
#9554 = CARTESIAN_POINT ( 'NONE',  ( 0.000000000000000000, 0.000000000000000000, 0.000000000000000000 ) ) ;
#9555 = ORIENTED_EDGE ( 'NONE', *, *, #6655, .F. ) ;
#9556 = B_SPLINE_CURVE_WITH_KNOTS ( 'NONE', 3,
 ( #7074, #1708, #8754, #390 ),
 .UNSPECIFIED., .F., .F.,
 ( 4, 4 ),
 ( 0.5555555555555555802, 0.6666666666666666297 ),
 .UNSPECIFIED. ) ;
#9557 = CLOSED_SHELL ( 'NONE', ( #7371, #4140, #7508, #7108, #4455, #7243, #829, #5526, #8155, #9807 ) ) ;
#9558 = ORIENTED_EDGE ( 'NONE', *, *, #9626, .T. ) ;
#9559 = CARTESIAN_POINT ( 'NONE',  ( 2.721531944574842932, 16.70027654558460384, 0.000000000000000000 ) ) ;
#9560 = EDGE_CURVE ( 'NONE', #3807, #6364, #6118, .T. ) ;
#9561 = CARTESIAN_POINT ( 'NONE',  ( 2.783315124682264941, 16.40089290712125347, 0.000000000000000000 ) ) ;
#9562 = PLANE ( 'NONE',  #5847 ) ;
#9563 = ORIENTED_EDGE ( 'NONE', *, *, #3692, .T. ) ;
#9564 = CARTESIAN_POINT ( 'NONE',  ( 2.999026684943015830, 16.82472552265812737, 0.001000000000000000021 ) ) ;
#9565 = LINE ( 'NONE', #7366, #8232 ) ;
#9566 =( NAMED_UNIT ( * ) SI_UNIT ( $, .STERADIAN. ) SOLID_ANGLE_UNIT ( ) );
#9567 = EDGE_CURVE ( 'NONE', #3213, #9399, #4585, .T. ) ;
#9568 = EDGE_CURVE ( 'NONE', #7743, #9525, #256, .T. ) ;
#9569 = VERTEX_POINT ( 'NONE', #6483 ) ;
#9570 = CARTESIAN_POINT ( 'NONE',  ( 2.810499723929526628, 16.72887333180576874, 0.001000000000000000021 ) ) ;
#9571 = DIRECTION ( 'NONE',  ( 1.000000000000000000, 0.000000000000000000, 0.000000000000000000 ) ) ;
#9572 = PRESENTATION_STYLE_ASSIGNMENT (( #8705 ) ) ;
#9573 = ORIENTED_EDGE ( 'NONE', *, *, #5315, .F. ) ;
#9574 = VECTOR ( 'NONE', #2961, 1000.000000000000000 ) ;
#9575 = ADVANCED_FACE ( 'NONE', ( #8928 ), #7397, .F. ) ;
#9576 = ORIENTED_EDGE ( 'NONE', *, *, #645, .F. ) ;
#9577 = DIRECTION ( 'NONE',  ( -1.000000000000000000, 0.000000000000000000, 0.000000000000000000 ) ) ;
#9578 = EDGE_LOOP ( 'NONE', ( #4970, #9872, #9294, #1160 ) ) ;
#9579 = LINE ( 'NONE', #8662, #2651 ) ;
#9580 = ORIENTED_EDGE ( 'NONE', *, *, #1657, .T. ) ;
#9581 = UNCERTAINTY_MEASURE_WITH_UNIT (LENGTH_MEASURE( 1.000000000000000082E-05 ), #301, 'distance_accuracy_value', 'NONE');
#9582 = SURFACE_SIDE_STYLE ('',( #1153 ) ) ;
#9583 = LINE ( 'NONE', #8814, #261 ) ;
#9584 = VECTOR ( 'NONE', #3409, 1000.000000000000000 ) ;
#9585 = CARTESIAN_POINT ( 'NONE',  ( 3.212796488114678439, 16.58571287732828736, 0.001000000000000000021 ) ) ;
#9586 = ORIENTED_EDGE ( 'NONE', *, *, #5468, .F. ) ;
#9587 = B_SPLINE_CURVE_WITH_KNOTS ( 'NONE', 3,
 ( #1442, #5360, #6848, #3781 ),
 .UNSPECIFIED., .F., .F.,
 ( 4, 4 ),
 ( 0.3636363636363635909, 0.4545454545454544748 ),
 .UNSPECIFIED. ) ;
#9588 = EDGE_CURVE ( 'NONE', #1568, #6860, #4129, .T. ) ;
#9589 = VERTEX_POINT ( 'NONE', #8110 ) ;
#9590 = VERTEX_POINT ( 'NONE', #4234 ) ;
#9591 = CARTESIAN_POINT ( 'NONE',  ( 3.212796488114678439, 16.58571287732828736, 0.000000000000000000 ) ) ;
#9592 = SURFACE_SIDE_STYLE ('',( #7237 ) ) ;
#9593 = COLOUR_RGB ( '',0.8039215686274510109, 0.8039215686274510109, 0.8039215686274510109 ) ;
#9594 = LINE ( 'NONE', #9744, #4916 ) ;
#9595 = LINE ( 'NONE', #3371, #660 ) ;
#9596 = CARTESIAN_POINT ( 'NONE',  ( -1.224999999999999423, -0.1250000000000001110, 0.1830000000000000238 ) ) ;
#9597 = CARTESIAN_POINT ( 'NONE',  ( 3.273697051363418709, 16.39153716841929409, 0.001000000000000000021 ) ) ;
#9598 = VECTOR ( 'NONE', #4500, 1000.000000000000000 ) ;
#9599 = DIRECTION ( 'NONE',  ( 1.000000000000000000, 0.000000000000000000, 0.000000000000000000 ) ) ;
#9600 = ORIENTED_EDGE ( 'NONE', *, *, #971, .F. ) ;
#9601 = B_SPLINE_CURVE_WITH_KNOTS ( 'NONE', 3,
 ( #7476, #6812, #6759, #2805 ),
 .UNSPECIFIED., .F., .F.,
 ( 4, 4 ),
 ( 0.4000000000000000222, 0.5999999999999999778 ),
 .UNSPECIFIED. ) ;
#9602 = CARTESIAN_POINT ( 'NONE',  ( 0.000000000000000000, 16.63054981374909858, 0.001000000000000000021 ) ) ;
#9603 = VECTOR ( 'NONE', #2959, 1000.000000000000000 ) ;
#9604 = LINE ( 'NONE', #3048, #8396 ) ;
#9605 = CARTESIAN_POINT ( 'NONE',  ( 3.016679022116560027, 16.42384094544686945, 0.001000000000000000021 ) ) ;
#9606 = DIRECTION ( 'NONE',  ( 0.000000000000000000, -0.000000000000000000, 1.000000000000000000 ) ) ;
#9607 = EDGE_CURVE ( 'NONE', #9328, #7473, #9594, .T. ) ;
#9608 = CARTESIAN_POINT ( 'NONE',  ( 3.125064372362150955, 16.70027654558460384, 0.000000000000000000 ) ) ;
#9609 = ORIENTED_EDGE ( 'NONE', *, *, #4187, .T. ) ;
#9610 = DIRECTION ( 'NONE',  ( -0.000000000000000000, -0.000000000000000000, -1.000000000000000000 ) ) ;
#9611 = ORIENTED_EDGE ( 'NONE', *, *, #947, .T. ) ;
#9612 = VERTEX_POINT ( 'NONE', #6635 ) ;
#9613 = FILL_AREA_STYLE_COLOUR ( '', #3180 ) ;
#9614 = B_SPLINE_SURFACE_WITH_KNOTS ( 'NONE', 3, 1, ( 
 ( #7293, #4790 ),
 ( #4934, #5661 ),
 ( #560, #5920 ),
 ( #514, #2094 ) ),
 .UNSPECIFIED., .F., .F., .F.,
 ( 4, 4 ),
 ( 2, 2 ),
 ( 0.5454545454545454142, 0.6363636363636363535 ),
 ( 0.000000000000000000, 1.000000000000000000 ),
 .UNSPECIFIED. ) ;
#9615 = DIRECTION ( 'NONE',  ( -0.000000000000000000, 0.000000000000000000, -1.000000000000000000 ) ) ;
#9616 = LINE ( 'NONE', #5731, #1813 ) ;
#9617 = ORIENTED_EDGE ( 'NONE', *, *, #5620, .T. ) ;
#9618 = SURFACE_STYLE_FILL_AREA ( #6708 ) ;
#9619 = FACE_OUTER_BOUND ( 'NONE', #5031, .T. ) ;
#9620 = VERTEX_POINT ( 'NONE', #5708 ) ;
#9621 = CARTESIAN_POINT ( 'NONE',  ( 3.766197258505401102, 16.62772543980134543, 0.000000000000000000 ) ) ;
#9622 = CARTESIAN_POINT ( 'NONE',  ( 2.468220906134433346, 16.59383295242814071, 0.001000000000000000021 ) ) ;
#9623 = EDGE_CURVE ( 'NONE', #7382, #4354, #1023, .T. ) ;
#9624 = LINE ( 'NONE', #4186, #8572 ) ;
#9625 = ORIENTED_EDGE ( 'NONE', *, *, #3779, .T. ) ;
#9626 = EDGE_CURVE ( 'NONE', #7174, #324, #5033, .T. ) ;
#9627 = ORIENTED_EDGE ( 'NONE', *, *, #3157, .T. ) ;
#9628 = EDGE_CURVE ( 'NONE', #6240, #6082, #3369, .T. ) ;
#9629 = ORIENTED_EDGE ( 'NONE', *, *, #5983, .F. ) ;
#9630 = LINE ( 'NONE', #9728, #7961 ) ;
#9631 = CARTESIAN_POINT ( 'NONE',  ( 0.000000000000000000, 0.000000000000000000, 0.001000000000000000021 ) ) ;
#9632 = ORIENTED_EDGE ( 'NONE', *, *, #4830, .F. ) ;
#9633 = ORIENTED_EDGE ( 'NONE', *, *, #1086, .T. ) ;
#9634 = SURFACE_STYLE_USAGE ( .BOTH. , #9582 ) ;
#9635 = DIRECTION ( 'NONE',  ( -0.8975788108711598712, 0.4408540328443357192, 0.000000000000000000 ) ) ;
#9636 = ORIENTED_EDGE ( 'NONE', *, *, #757, .T. ) ;
#9637 = ORIENTED_EDGE ( 'NONE', *, *, #8516, .F. ) ;
#9638 = AXIS2_PLACEMENT_3D ( 'NONE', #583, #2262, #2849 ) ;
#9639 = CYLINDRICAL_SURFACE ( 'NONE', #5555, 0.03000000000000007869 ) ;
#9640 = DIRECTION ( 'NONE',  ( 0.000000000000000000, 0.000000000000000000, -1.000000000000000000 ) ) ;
#9641 = CARTESIAN_POINT ( 'NONE',  ( 2.851453146172155506, 16.63054981374909858, 0.001000000000000000021 ) ) ;
#9642 = CARTESIAN_POINT ( 'NONE',  ( 3.026740854305484785, 16.58588940070004369, 0.000000000000000000 ) ) ;
#9643 = CARTESIAN_POINT ( 'NONE',  ( 1.499999999999999556, -0.3750000000000014988, 0.1830000000000000238 ) ) ;
#9644 = ADVANCED_FACE ( 'NONE', ( #9539 ), #360, .F. ) ;
#9645 = AXIS2_PLACEMENT_3D ( 'NONE', #2268, #7825, #2962 ) ;
#9646 = COLOUR_RGB ( '',0.8039215686274510109, 0.8039215686274510109, 0.8039215686274510109 ) ;
#9647 = PRESENTATION_STYLE_ASSIGNMENT (( #9036 ) ) ;
#9648 = ORIENTED_EDGE ( 'NONE', *, *, #7151, .F. ) ;
#9649 = FACE_OUTER_BOUND ( 'NONE', #2958, .T. ) ;
#9650 = AXIS2_PLACEMENT_3D ( 'NONE', #9185, #4390, #4345 ) ;
#9651 = ORIENTED_EDGE ( 'NONE', *, *, #4646, .T. ) ;
#9652 = CARTESIAN_POINT ( 'NONE',  ( -1.499999999999999556, 0.3750000000000000000, 0.1830000000000000238 ) ) ;
#9653 = CARTESIAN_POINT ( 'NONE',  ( 0.7250000000000001998, 0.8199999999999995071, -0.02000000000000000042 ) ) ;
#9654 = LINE ( 'NONE', #423, #419 ) ;
#9655 = LINE ( 'NONE', #2695, #7076 ) ;
#9656 = ORIENTED_EDGE ( 'NONE', *, *, #169, .F. ) ;
#9657 = CARTESIAN_POINT ( 'NONE',  ( 3.157897719504948242, 16.77318069811136425, 0.001000000000000000021 ) ) ;
#9658 = EDGE_LOOP ( 'NONE', ( #911, #9846, #6508, #234, #5256, #4862, #1776, #6881, #5801, #331, #8884, #3666, #5535, #9656, #9660, #2834, #1135, #384, #3291, #4407 ) ) ;
#9659 = AXIS2_PLACEMENT_3D ( 'NONE', #6828, #1419, #9124 ) ;
#9660 = ORIENTED_EDGE ( 'NONE', *, *, #7591, .F. ) ;
#9661 =( LENGTH_UNIT ( ) NAMED_UNIT ( * ) SI_UNIT ( .MILLI., .METRE. ) );
#9662 = FACE_OUTER_BOUND ( 'NONE', #5134, .T. ) ;
#9663 = DIRECTION ( 'NONE',  ( 0.9994570299138090252, 0.03294913285455995655, -0.000000000000000000 ) ) ;
#9664 = VECTOR ( 'NONE', #1684, 1000.000000000000000 ) ;
#9665 = ORIENTED_EDGE ( 'NONE', *, *, #7031, .T. ) ;
#9666 = DIRECTION ( 'NONE',  ( -1.000000000000000000, 3.942553354492743038E-16, 0.000000000000000000 ) ) ;
#9667 = CARTESIAN_POINT ( 'NONE',  ( 3.725067312891037208, 16.58677201755869746, 0.000000000000000000 ) ) ;
#9668 = ORIENTED_EDGE ( 'NONE', *, *, #1657, .F. ) ;
#9669 = DIRECTION ( 'NONE',  ( -1.000000000000000000, 0.000000000000000000, 0.000000000000000000 ) ) ;
#9670 = DIRECTION ( 'NONE',  ( -0.000000000000000000, -0.000000000000000000, -1.000000000000000000 ) ) ;
#9671 = DIRECTION ( 'NONE',  ( -1.000000000000000000, 0.000000000000000000, 0.000000000000000000 ) ) ;
#9672 = COLOUR_RGB ( '',0.8039215686274510109, 0.8039215686274510109, 0.8039215686274510109 ) ;
#9673 = DIRECTION ( 'NONE',  ( -0.000000000000000000, -0.000000000000000000, -1.000000000000000000 ) ) ;
#9674 = CIRCLE ( 'NONE', #7231, 0.1250000000000005551 ) ;
#9675 = ORIENTED_EDGE ( 'NONE', *, *, #4078, .F. ) ;
#9676 = ORIENTED_EDGE ( 'NONE', *, *, #6571, .F. ) ;
#9677 = CARTESIAN_POINT ( 'NONE',  ( -0.7249999999999997558, -0.8200000000000000622, -0.02000000000000000042 ) ) ;
#9678 = DIRECTION ( 'NONE',  ( -0.000000000000000000, -0.000000000000000000, -1.000000000000000000 ) ) ;
#9679 = AXIS2_PLACEMENT_3D ( 'NONE', #9814, #2000, #8187 ) ;
#9680 = ADVANCED_FACE ( 'NONE', ( #7187 ), #6835, .F. ) ;
#9681 = ORIENTED_EDGE ( 'NONE', *, *, #6958, .T. ) ;
#9682 = DIRECTION ( 'NONE',  ( 0.000000000000000000, -0.000000000000000000, -1.000000000000000000 ) ) ;
#9683 = ORIENTED_EDGE ( 'NONE', *, *, #9607, .T. ) ;
#9684 = UNCERTAINTY_MEASURE_WITH_UNIT (LENGTH_MEASURE( 1.000000000000000082E-05 ), #6885, 'distance_accuracy_value', 'NONE');
#9685 = VECTOR ( 'NONE', #1320, 1000.000000000000114 ) ;
#9686 = ADVANCED_FACE ( 'NONE', ( #7291 ), #8726, .F. ) ;
#9687 = FACE_OUTER_BOUND ( 'NONE', #894, .T. ) ;
#9688 = ORIENTED_EDGE ( 'NONE', *, *, #6068, .F. ) ;
#9689 = VECTOR ( 'NONE', #4618, 1000.000000000000000 ) ;
#9690 = CIRCLE ( 'NONE', #1746, 0.05000000000000002359 ) ;
#9691 = EDGE_LOOP ( 'NONE', ( #7385, #7663, #3068, #7259 ) ) ;
#9692 = FACE_OUTER_BOUND ( 'NONE', #832, .T. ) ;
#9693 = CARTESIAN_POINT ( 'NONE',  ( 1.224999999999999423, 0.3749999999999996669, 0.1830000000000000238 ) ) ;
#9694 = DIRECTION ( 'NONE',  ( 0.000000000000000000, 1.000000000000000000, 0.000000000000000000 ) ) ;
#9695 = FACE_OUTER_BOUND ( 'NONE', #5263, .T. ) ;
#9696 = VECTOR ( 'NONE', #2106, 1000.000000000000000 ) ;
#9697 = DIRECTION ( 'NONE',  ( 0.000000000000000000, 0.000000000000000000, -1.000000000000000000 ) ) ;
#9698 = ORIENTED_EDGE ( 'NONE', *, *, #4829, .T. ) ;
#9699 = MECHANICAL_DESIGN_GEOMETRIC_PRESENTATION_REPRESENTATION (  '', ( #2410 ), #9055 ) ;
#9700 = EDGE_CURVE ( 'NONE', #5589, #2861, #1946, .T. ) ;
#9701 = CARTESIAN_POINT ( 'NONE',  ( 2.462748681610632318, 16.59118510185208351, 0.000000000000000000 ) ) ;
#9702 = CARTESIAN_POINT ( 'NONE',  ( 3.106882465073397270, 16.65526308579208603, 0.000000000000000000 ) ) ;
#9703 = ORIENTED_EDGE ( 'NONE', *, *, #4033, .F. ) ;
#9704 = FACE_OUTER_BOUND ( 'NONE', #2749, .T. ) ;
#9705 = LINE ( 'NONE', #6538, #3330 ) ;
#9706 = AXIS2_PLACEMENT_3D ( 'NONE', #5862, #8223, #1265 ) ;
#9707 = CARTESIAN_POINT ( 'NONE',  ( -1.224999999999999867, 0.2499999999999998890, 0.1829999999927167664 ) ) ;
#9708 = CARTESIAN_POINT ( 'NONE',  ( 2.694170821955845341, 16.63143243060779142, 0.000000000000000000 ) ) ;
#9709 = ORIENTED_EDGE ( 'NONE', *, *, #5304, .F. ) ;
#9710 = CARTESIAN_POINT ( 'NONE',  ( 3.309531295825717478, 16.66373620763538810, 0.001000000000000000021 ) ) ;
#9711 = ORIENTED_EDGE ( 'NONE', *, *, #9800, .F. ) ;
#9712 =( NAMED_UNIT ( * ) PLANE_ANGLE_UNIT ( ) SI_UNIT ( $, .RADIAN. ) );
#9713 = EDGE_CURVE ( 'NONE', #3638, #6514, #7867, .T. ) ;
#9714 = DIRECTION ( 'NONE',  ( 1.000000000000000000, 0.000000000000000000, 0.000000000000000000 ) ) ;
#9715 =( LENGTH_UNIT ( ) NAMED_UNIT ( * ) SI_UNIT ( .MILLI., .METRE. ) );
#9716 = ORIENTED_EDGE ( 'NONE', *, *, #8386, .T. ) ;
#9717 = PLANE ( 'NONE',  #5418 ) ;
#9718 = CARTESIAN_POINT ( 'NONE',  ( 2.849334865711335318, 16.58588940070004369, 0.001000000000000000021 ) ) ;
#9719 = CARTESIAN_POINT ( 'NONE',  ( 2.930182569966179429, 16.79206869888706066, 0.001000000000000000021 ) ) ;
#9720 = ORIENTED_EDGE ( 'NONE', *, *, #8771, .F. ) ;
#9721 = CARTESIAN_POINT ( 'NONE',  ( 2.693817775212373533, 16.42278180521647357, 0.000000000000000000 ) ) ;
#9722 = DIRECTION ( 'NONE',  ( -1.000000000000000000, 0.000000000000000000, 0.000000000000000000 ) ) ;
#9723 = CLOSED_SHELL ( 'NONE', ( #6696, #5754, #8595, #8593, #1088, #3607 ) ) ;
#9724 = DIRECTION ( 'NONE',  ( 0.000000000000000000, -1.000000000000000000, 0.000000000000000000 ) ) ;
#9725 = ORIENTED_EDGE ( 'NONE', *, *, #1408, .F. ) ;
#9726 = VECTOR ( 'NONE', #763, 1000.000000000000000 ) ;
#9727 = ORIENTED_EDGE ( 'NONE', *, *, #7619, .F. ) ;
#9728 = CARTESIAN_POINT ( 'NONE',  ( 0.7250000000000001998, -0.8199999999999997291, 0.000000000000000000 ) ) ;
#9729 = CARTESIAN_POINT ( 'NONE',  ( -1.224999999999999867, 0.3749999999999998890, -0.02000000000000000042 ) ) ;
#9730 = VERTEX_POINT ( 'NONE', #1212 ) ;
#9731 = CARTESIAN_POINT ( 'NONE',  ( 3.372197092791819006, 16.38800670098454404, 0.001000000000000001756 ) ) ;
#9732 = FACE_OUTER_BOUND ( 'NONE', #356, .T. ) ;
#9733 = ORIENTED_EDGE ( 'NONE', *, *, #7757, .T. ) ;
#9734 = CARTESIAN_POINT ( 'NONE',  ( 0.000000000000000000, 16.47556229336537825, 0.001000000000000000021 ) ) ;
#9735 = LINE ( 'NONE', #2024, #2843 ) ;
#9736 =( NAMED_UNIT ( * ) PLANE_ANGLE_UNIT ( ) SI_UNIT ( $, .RADIAN. ) );
#9737 = VERTEX_POINT ( 'NONE', #7240 ) ;
#9738 = EDGE_CURVE ( 'NONE', #8367, #5061, #4932, .T. ) ;
#9739 = VERTEX_POINT ( 'NONE', #8879 ) ;
#9740 = LINE ( 'NONE', #5914, #4267 ) ;
#9741 = CARTESIAN_POINT ( 'NONE',  ( 2.767781067969536490, 16.82472552265812382, 0.000000000000000000 ) ) ;
#9742 = B_SPLINE_CURVE_WITH_KNOTS ( 'NONE', 3,
 ( #6904, #10028, #319, #4937 ),
 .UNSPECIFIED., .F., .F.,
 ( 4, 4 ),
 ( 0.5454545454545454142, 0.6363636363636363535 ),
 .UNSPECIFIED. ) ;
#9743 = CIRCLE ( 'NONE', #3565, 0.1250000000000005551 ) ;
#9744 = CARTESIAN_POINT ( 'NONE',  ( -1.500000000000000000, 0.6250000000000000000, -0.02000000000000000042 ) ) ;
#9745 = DIRECTION ( 'NONE',  ( 0.000000000000000000, 0.000000000000000000, -1.000000000000000000 ) ) ;
#9746 = CARTESIAN_POINT ( 'NONE',  ( 3.212796488114678439, 16.58571287732828736, 0.001000000000000000021 ) ) ;
#9747 = LINE ( 'NONE', #3480, #432 ) ;
#9748 =( NAMED_UNIT ( * ) PLANE_ANGLE_UNIT ( ) SI_UNIT ( $, .RADIAN. ) );
#9749 = EDGE_CURVE ( 'NONE', #4920, #2162, #1117, .T. ) ;
#9750 = VERTEX_POINT ( 'NONE', #2814 ) ;
#9751 = ADVANCED_FACE ( 'NONE', ( #2216 ), #4415, .F. ) ;
#9752 = AXIS2_PLACEMENT_3D ( 'NONE', #4526, #4626, #6970 ) ;
#9753 = CARTESIAN_POINT ( 'NONE',  ( 2.565485283960688534, 16.38730060749761464, 0.001000000000000000021 ) ) ;
#9754 = EDGE_LOOP ( 'NONE', ( #1959, #7550, #3792, #282 ) ) ;
#9755 = EDGE_CURVE ( 'NONE', #1304, #7510, #2864, .T. ) ;
#9756 = DIRECTION ( 'NONE',  ( -0.9999771739006353410, 0.006756602526303994750, 0.000000000000000000 ) ) ;
#9757 = CARTESIAN_POINT ( 'NONE',  ( 3.800619315993819747, 16.80283662456293214, 0.001000000000000000021 ) ) ;
#9758 = ORIENTED_EDGE ( 'NONE', *, *, #1024, .F. ) ;
#9759 = DIRECTION ( 'NONE',  ( -0.9999706417708761341, 0.007662610282539060978, 0.000000000000000000 ) ) ;
#9760 = LINE ( 'NONE', #7411, #6237 ) ;
#9761 = DIRECTION ( 'NONE',  ( 0.000000000000000000, 0.000000000000000000, 1.000000000000000000 ) ) ;
#9762 = ORIENTED_EDGE ( 'NONE', *, *, #3711, .F. ) ;
#9763 = CARTESIAN_POINT ( 'NONE',  ( 3.802914119826379835, 16.42754793625329057, 1.694065894508600678E-18 ) ) ;
#9764 = VERTEX_POINT ( 'NONE', #6670 ) ;
#9765 = CARTESIAN_POINT ( 'NONE',  ( 2.780843797477962731, 16.57529799839590368, 0.000000000000000000 ) ) ;
#9766 = VECTOR ( 'NONE', #3733, 1000.000000000000114 ) ;
#9767 = CARTESIAN_POINT ( 'NONE',  ( 3.224976600764426493, 16.39171369179099003, 0.000000000000000000 ) ) ;
#9768 = DIRECTION ( 'NONE',  ( -0.000000000000000000, 0.000000000000000000, 1.000000000000000000 ) ) ;
#9769 = ORIENTED_EDGE ( 'NONE', *, *, #4451, .T. ) ;
#9770 = CARTESIAN_POINT ( 'NONE',  ( 3.016502498744832561, 16.39153716841929764, 0.001000000000000000021 ) ) ;
#9771 = CARTESIAN_POINT ( 'NONE',  ( 3.026740854305484785, 16.58588940070004725, 0.001000000000000000021 ) ) ;
#9772 = CARTESIAN_POINT ( 'NONE',  ( 3.660283235464118157, 16.45031945120717864, 0.001000000000000000021 ) ) ;
#9773 = ADVANCED_FACE ( 'NONE', ( #4325 ), #1248, .F. ) ;
#9774 = ADVANCED_FACE ( 'NONE', ( #5233 ), #613, .F. ) ;
#9775 = CARTESIAN_POINT ( 'NONE',  ( 0.000000000000000000, 16.39153716841929764, 0.001000000000000000021 ) ) ;
#9776 = CARTESIAN_POINT ( 'NONE',  ( 1.224999999999999423, 0.7499999999999995559, 0.1830000000000000238 ) ) ;
#9777 = SURFACE_STYLE_USAGE ( .BOTH. , #3515 ) ;
#9778 = PRESENTATION_STYLE_ASSIGNMENT (( #8805 ) ) ;
#9779 = ORIENTED_EDGE ( 'NONE', *, *, #7991, .T. ) ;
#9780 = CARTESIAN_POINT ( 'NONE',  ( 3.371314475933138599, 16.58783115778910755, 0.001000000000000001756 ) ) ;
#9781 = EDGE_LOOP ( 'NONE', ( #488, #3457, #3956, #2976 ) ) ;
#9782 = PLANE ( 'NONE',  #2668 ) ;
#9783 = LINE ( 'NONE', #5857, #6316 ) ;
#9784 = PLANE ( 'NONE',  #1918 ) ;
#9785 = VERTEX_POINT ( 'NONE', #2914 ) ;
#9786 = ORIENTED_EDGE ( 'NONE', *, *, #4990, .F. ) ;
#9787 = CARTESIAN_POINT ( 'NONE',  ( 2.647568651817678198, 16.39189021516272504, 0.001000000000000000021 ) ) ;
#9788 = CARTESIAN_POINT ( 'NONE',  ( 3.494527789404507256, 16.58465373709786306, 0.001000000000000000021 ) ) ;
#9789 = EDGE_CURVE ( 'NONE', #5323, #2251, #598, .T. ) ;
#9790 = SURFACE_SIDE_STYLE ('',( #4544 ) ) ;
#9791 = FILL_AREA_STYLE_COLOUR ( '', #5465 ) ;
#9792 = CARTESIAN_POINT ( 'NONE',  ( 2.810499723929526628, 16.72887333180576874, 0.001000000000000000021 ) ) ;
#9793 = DIRECTION ( 'NONE',  ( -0.000000000000000000, -0.000000000000000000, -1.000000000000000000 ) ) ;
#9794 = CARTESIAN_POINT ( 'NONE',  ( 3.653222300594695771, 16.58518330721311784, 0.000000000000000000 ) ) ;
#9795 = ORIENTED_EDGE ( 'NONE', *, *, #9519, .T. ) ;
#9796 = VECTOR ( 'NONE', #1627, 1000.000000000000000 ) ;
#9797 = LINE ( 'NONE', #2890, #9598 ) ;
#9798 = LINE ( 'NONE', #9753, #25 ) ;
#9799 = ORIENTED_EDGE ( 'NONE', *, *, #5500, .F. ) ;
#9800 = EDGE_CURVE ( 'NONE', #7027, #6751, #5049, .T. ) ;
#9801 = FILL_AREA_STYLE ('',( #2148 ) ) ;
#9802 = VECTOR ( 'NONE', #3449, 1000.000000000000000 ) ;
#9803 = AXIS2_PLACEMENT_3D ( 'NONE', #6568, #6620, #6673 ) ;
#9804 = VERTEX_POINT ( 'NONE', #496 ) ;
#9805 = CARTESIAN_POINT ( 'NONE',  ( -1.499999999999999556, 0.1250000000000000000, 0.1830000000000000238 ) ) ;
#9806 = DIRECTION ( 'NONE',  ( 0.000000000000000000, 1.000000000000000000, 0.000000000000000000 ) ) ;
#9807 = ADVANCED_FACE ( 'NONE', ( #9069, #5071 ), #6821, .F. ) ;
#9808 = EDGE_CURVE ( 'NONE', #9297, #2739, #7204, .T. ) ;
#9809 = CARTESIAN_POINT ( 'NONE',  ( 3.615269775671568375, 16.72569591111453136, 0.000000000000000000 ) ) ;
#9810 = CARTESIAN_POINT ( 'NONE',  ( 2.174132968823124568, 16.44272894622254100, 0.000000000000000000 ) ) ;
#9811 = ORIENTED_EDGE ( 'NONE', *, *, #3145, .T. ) ;
#9812 = B_SPLINE_SURFACE_WITH_KNOTS ( 'NONE', 3, 1, ( 
 ( #7035, #773 ),
 ( #5446, #5494 ),
 ( #9187, #3726 ),
 ( #10007, #8578 ) ),
 .UNSPECIFIED., .F., .F., .F.,
 ( 4, 4 ),
 ( 2, 2 ),
 ( 0.5333333333333333259, 0.5999999999999999778 ),
 ( 0.000000000000000000, 1.000000000000000000 ),
 .UNSPECIFIED. ) ;
#9813 = ORIENTED_EDGE ( 'NONE', *, *, #2483, .F. ) ;
#9814 = CARTESIAN_POINT ( 'NONE',  ( 0.000000000000000000, 0.000000000000000000, 0.000000000000000000 ) ) ;
#9815 = AXIS2_PLACEMENT_3D ( 'NONE', #9385, #8387, #3970 ) ;
#9816 = CARTESIAN_POINT ( 'NONE',  ( 2.212791587233197355, 16.73540469655996432, 0.000000000000000000 ) ) ;
#9817 = DIRECTION ( 'NONE',  ( -0.000000000000000000, -0.000000000000000000, -1.000000000000000000 ) ) ;
#9818 = EDGE_LOOP ( 'NONE', ( #7796, #2551, #3788, #1519 ) ) ;
#9819 =( NAMED_UNIT ( * ) SI_UNIT ( $, .STERADIAN. ) SOLID_ANGLE_UNIT ( ) );
#9820 = CARTESIAN_POINT ( 'NONE',  ( 3.822155167345547166, 16.76329538929418916, 0.000000000000000000 ) ) ;
#9821 = CARTESIAN_POINT ( 'NONE',  ( 3.026740854305484785, 16.58588940070004725, 0.000000000000000000 ) ) ;
#9822 = EDGE_LOOP ( 'NONE', ( #9949, #9720, #8182, #2135 ) ) ;
#9823 =( NAMED_UNIT ( * ) SI_UNIT ( $, .STERADIAN. ) SOLID_ANGLE_UNIT ( ) );
#9824 = AXIS2_PLACEMENT_3D ( 'NONE', #2581, #1164, #4073 ) ;
#9825 = STYLED_ITEM ( 'NONE', ( #2032 ), #8519 ) ;
#9826 = CARTESIAN_POINT ( 'NONE',  ( -1.099999999999999867, 0.2499999999999998890, 0.1829999999927167664 ) ) ;
#9827 = SURFACE_STYLE_FILL_AREA ( #2911 ) ;
#9828 = ORIENTED_EDGE ( 'NONE', *, *, #3504, .F. ) ;
#9829 = ADVANCED_FACE ( 'NONE', ( #6007 ), #1467, .T. ) ;
#9830 = DIRECTION ( 'NONE',  ( 1.000000000000000000, 0.000000000000000000, 0.000000000000000000 ) ) ;
#9831 = VECTOR ( 'NONE', #5268, 1000.000000000000000 ) ;
#9832 = CARTESIAN_POINT ( 'NONE',  ( 2.908117148499234972, 16.82472552265812382, 0.000000000000000000 ) ) ;
#9833 = ORIENTED_EDGE ( 'NONE', *, *, #6684, .T. ) ;
#9834 = DIRECTION ( 'NONE',  ( 1.000000000000000000, 0.000000000000000000, 0.000000000000000000 ) ) ;
#9835 = DIRECTION ( 'NONE',  ( 1.000000000000000000, 0.000000000000000000, 0.000000000000000000 ) ) ;
#9836 = EDGE_CURVE ( 'NONE', #8472, #299, #5179, .T. ) ;
#9837 = EDGE_CURVE ( 'NONE', #4218, #7382, #8310, .T. ) ;
#9838 = ORIENTED_EDGE ( 'NONE', *, *, #7746, .F. ) ;
#9839 = FILL_AREA_STYLE_COLOUR ( '', #9337 ) ;
#9840 =( GEOMETRIC_REPRESENTATION_CONTEXT ( 3 ) GLOBAL_UNCERTAINTY_ASSIGNED_CONTEXT ( ( #8763 ) ) GLOBAL_UNIT_ASSIGNED_CONTEXT ( ( #4289, #9748, #7295 ) ) REPRESENTATION_CONTEXT ( 'NONE', 'WORKASPACE' ) );
#9841 = CARTESIAN_POINT ( 'NONE',  ( 3.181198804574033812, 16.70027654558460384, 0.000000000000000000 ) ) ;
#9842 = DIRECTION ( 'NONE',  ( 0.9999976675813642135, -0.002159822175824301343, 0.000000000000000000 ) ) ;
#9843 = CARTESIAN_POINT ( 'NONE',  ( 0.000000000000000000, 16.70027654558460384, 0.001000000000000000021 ) ) ;
#9844 = ORIENTED_EDGE ( 'NONE', *, *, #3978, .T. ) ;
#9845 = B_SPLINE_CURVE_WITH_KNOTS ( 'NONE', 3,
 ( #3640, #2790, #6743, #5871 ),
 .UNSPECIFIED., .F., .F.,
 ( 4, 4 ),
 ( 0.2000000000000000111, 0.4000000000000000222 ),
 .UNSPECIFIED. ) ;
#9846 = ORIENTED_EDGE ( 'NONE', *, *, #2666, .T. ) ;
#9847 = B_SPLINE_SURFACE_WITH_KNOTS ( 'NONE', 3, 1, ( 
 ( #6278, #8623 ),
 ( #2479, #4800 ),
 ( #8784, #7105 ),
 ( #9359, #4747 ) ),
 .UNSPECIFIED., .F., .F., .F.,
 ( 4, 4 ),
 ( 2, 2 ),
 ( 0.5714285714285713969, 0.7142857142857143016 ),
 ( 0.000000000000000000, 1.000000000000000000 ),
 .UNSPECIFIED. ) ;
#9848 = LINE ( 'NONE', #408, #9976 ) ;
#9849 = AXIS2_PLACEMENT_3D ( 'NONE', #5230, #9112, #1407 ) ;
#9850 = EDGE_CURVE ( 'NONE', #221, #9090, #3757, .T. ) ;
#9851 = CARTESIAN_POINT ( 'NONE',  ( 2.565661807332418665, 16.81607587744306898, 0.001000000000000000021 ) ) ;
#9852 = FACE_OUTER_BOUND ( 'NONE', #3390, .T. ) ;
#9853 = CARTESIAN_POINT ( 'NONE',  ( 2.910058905588334355, 16.75676402453996872, 0.000000000000000000 ) ) ;
#9854 = AXIS2_PLACEMENT_3D ( 'NONE', #2860, #3510, #5178 ) ;
#9855 = B_SPLINE_CURVE_WITH_KNOTS ( 'NONE', 3,
 ( #5234, #5288, #8359, #1414 ),
 .UNSPECIFIED., .F., .F.,
 ( 4, 4 ),
 ( 0.000000000000000000, 0.09090909090909089774 ),
 .UNSPECIFIED. ) ;
#9856 = EDGE_LOOP ( 'NONE', ( #884, #3612, #4009, #611 ) ) ;
#9857 = EDGE_CURVE ( 'NONE', #2379, #3681, #6286, .T. ) ;
#9858 = STYLED_ITEM ( 'NONE', ( #1534 ), #1830 ) ;
#9859 = AXIS2_PLACEMENT_3D ( 'NONE', #8346, #6811, #1461 ) ;
#9860 = FACE_OUTER_BOUND ( 'NONE', #7417, .T. ) ;
#9861 = ORIENTED_EDGE ( 'NONE', *, *, #9151, .F. ) ;
#9862 = CARTESIAN_POINT ( 'NONE',  ( -1.499999999999999556, -0.6250000000000000000, 0.1830000000000000238 ) ) ;
#9863 = AXIS2_PLACEMENT_3D ( 'NONE', #1355, #8909, #1194 ) ;
#9864 = VERTEX_POINT ( 'NONE', #2071 ) ;
#9865 = APPLICATION_CONTEXT ( 'automotive_design' ) ;
#9866 =( NAMED_UNIT ( * ) SI_UNIT ( $, .STERADIAN. ) SOLID_ANGLE_UNIT ( ) );
#9867 = CARTESIAN_POINT ( 'NONE',  ( 3.143952373137842038, 16.75958839848774318, 0.000000000000000000 ) ) ;
#9868 = AXIS2_PLACEMENT_3D ( 'NONE', #7283, #5758, #1158 ) ;
#9869 = CARTESIAN_POINT ( 'NONE',  ( 3.151366354750738452, 16.78200686669816832, 0.001000000000000000021 ) ) ;
#9870 = VERTEX_POINT ( 'NONE', #91 ) ;
#9871 = ADVANCED_FACE ( 'NONE', ( #4672 ), #1564, .F. ) ;
#9872 = ORIENTED_EDGE ( 'NONE', *, *, #6820, .F. ) ;
#9873 = PLANE ( 'NONE',  #9638 ) ;
#9874 = SURFACE_STYLE_FILL_AREA ( #6858 ) ;
#9875 = VECTOR ( 'NONE', #962, 1000.000000000000000 ) ;
#9876 = EDGE_LOOP ( 'NONE', ( #3939, #7605, #4443, #3902 ) ) ;
#9877 = CYLINDRICAL_SURFACE ( 'NONE', #5691, 0.05000000000000002359 ) ;
#9878 = DIRECTION ( 'NONE',  ( -0.9999910228155172165, 0.004237250095936101642, 0.000000000000000000 ) ) ;
#9879 = DIRECTION ( 'NONE',  ( -0.000000000000000000, -0.000000000000000000, 1.000000000000000000 ) ) ;
#9880 = ORIENTED_EDGE ( 'NONE', *, *, #3535, .T. ) ;
#9881 = CARTESIAN_POINT ( 'NONE',  ( 1.224999999999999423, -0.7500000000000004441, 0.1830000000000000238 ) ) ;
#9882 = LINE ( 'NONE', #8254, #7726 ) ;
#9883 = CARTESIAN_POINT ( 'NONE',  ( 3.173784822961141838, 16.82472552265812737, 0.000000000000000000 ) ) ;
#9884 = VECTOR ( 'NONE', #8225, 1000.000000000000000 ) ;
#9885 = EDGE_LOOP ( 'NONE', ( #8231, #1775, #6455, #5665 ) ) ;
#9886 = ADVANCED_FACE ( 'NONE', ( #50 ), #4385, .F. ) ;
#9887 = CARTESIAN_POINT ( 'NONE',  ( 3.533539454558040305, 16.51951661292751083, 0.001000000000000001756 ) ) ;
#9888 = AXIS2_PLACEMENT_3D ( 'NONE', #2034, #8529, #721 ) ;
#9889 = ADVANCED_FACE ( 'NONE', ( #8604 ), #5, .F. ) ;
#9890 = CARTESIAN_POINT ( 'NONE',  ( 2.727886785957321258, 16.55270300681376838, 0.000000000000000000 ) ) ;
#9891 = ORIENTED_EDGE ( 'NONE', *, *, #3125, .F. ) ;
#9892 = CARTESIAN_POINT ( 'NONE',  ( 2.564426143730266894, 16.82278376556904931, 0.001000000000000000021 ) ) ;
#9893 = DIRECTION ( 'NONE',  ( -0.000000000000000000, -0.000000000000000000, -1.000000000000000000 ) ) ;
#9894 = ORIENTED_EDGE ( 'NONE', *, *, #7401, .F. ) ;
#9895 =( LENGTH_UNIT ( ) NAMED_UNIT ( * ) SI_UNIT ( .MILLI., .METRE. ) );
#9896 = DIRECTION ( 'NONE',  ( 0.000000000000000000, -0.000000000000000000, -1.000000000000000000 ) ) ;
#9897 = CARTESIAN_POINT ( 'NONE',  ( 3.800619315993819747, 16.80283662456293214, 0.001000000000000000021 ) ) ;
#9898 = ORIENTED_EDGE ( 'NONE', *, *, #8284, .F. ) ;
#9899 = ADVANCED_FACE ( 'NONE', ( #1658 ), #5286, .F. ) ;
#9900 = ORIENTED_EDGE ( 'NONE', *, *, #199, .F. ) ;
#9901 = CIRCLE ( 'NONE', #5484, 0.1250000000000005551 ) ;
#9902 = CARTESIAN_POINT ( 'NONE',  ( 3.418622739558246693, 16.54881949263557672, 0.000000000000000000 ) ) ;
#9903 = FACE_BOUND ( 'NONE', #405, .T. ) ;
#9904 =( NAMED_UNIT ( * ) SI_UNIT ( $, .STERADIAN. ) SOLID_ANGLE_UNIT ( ) );
#9905 = SURFACE_STYLE_FILL_AREA ( #8477 ) ;
#9906 =( NAMED_UNIT ( * ) PLANE_ANGLE_UNIT ( ) SI_UNIT ( $, .RADIAN. ) );
#9907 = CLOSED_SHELL ( 'NONE', ( #9276, #7741, #9686, #153, #523, #1031, #262, #562, #1270, #2977, #9774, #9313, #8488, #3912 ) ) ;
#9908 = FACE_OUTER_BOUND ( 'NONE', #2220, .T. ) ;
#9909 = AXIS2_PLACEMENT_3D ( 'NONE', #5980, #9086, #6586 ) ;
#9910 = ADVANCED_FACE ( 'NONE', ( #3240 ), #9314, .F. ) ;
#9911 = ADVANCED_FACE ( 'NONE', ( #1616 ), #9415, .F. ) ;
#9912 = EDGE_LOOP ( 'NONE', ( #6041, #2401, #6996, #4763 ) ) ;
#9913 = STYLED_ITEM ( 'NONE', ( #8485 ), #1596 ) ;
#9914 = CARTESIAN_POINT ( 'NONE',  ( 2.647568651817678198, 16.39189021516272504, 0.001000000000000000021 ) ) ;
#9915 = CARTESIAN_POINT ( 'NONE',  ( 1.499999999999999556, -0.8750000000000015543, -0.02000000000000000042 ) ) ;
#9916 = AXIS2_PLACEMENT_3D ( 'NONE', #5803, #3981, #6285 ) ;
#9917 = ORIENTED_EDGE ( 'NONE', *, *, #6373, .T. ) ;
#9918 = CARTESIAN_POINT ( 'NONE',  ( 3.752428435510036575, 16.49798076157578564, 0.0009999999999999982861 ) ) ;
#9919 = VERTEX_POINT ( 'NONE', #7830 ) ;
#9920 = LINE ( 'NONE', #7614, #9831 ) ;
#9921 = VECTOR ( 'NONE', #843, 1000.000000000000000 ) ;
#9922 = CARTESIAN_POINT ( 'NONE',  ( 3.430802852207997855, 16.38006314925643991, 1.694065894508600678E-18 ) ) ;
#9923 = ORIENTED_EDGE ( 'NONE', *, *, #9316, .F. ) ;
#9924 = CARTESIAN_POINT ( 'NONE',  ( 3.266812639865734003, 16.63054981374909858, 0.001000000000000000021 ) ) ;
#9925 =( NAMED_UNIT ( * ) SI_UNIT ( $, .STERADIAN. ) SOLID_ANGLE_UNIT ( ) );
#9926 = VERTEX_POINT ( 'NONE', #5475 ) ;
#9927 = LINE ( 'NONE', #642, #3904 ) ;
#9928 = CARTESIAN_POINT ( 'NONE',  ( 3.495763453006649257, 16.79171565214358708, 0.001000000000000000021 ) ) ;
#9929 = VECTOR ( 'NONE', #8650, 1000.000000000000000 ) ;
#9930 = EDGE_CURVE ( 'NONE', #9091, #1646, #7114, .T. ) ;
#9931 = PLANE ( 'NONE',  #2835 ) ;
#9932 = PRESENTATION_STYLE_ASSIGNMENT (( #7675 ) ) ;
#9933 = DIRECTION ( 'NONE',  ( -0.000000000000000000, -0.000000000000000000, -1.000000000000000000 ) ) ;
#9934 = EDGE_LOOP ( 'NONE', ( #4470, #6141, #4114, #4611 ) ) ;
#9935 = B_SPLINE_SURFACE_WITH_KNOTS ( 'NONE', 3, 1, ( 
 ( #3268, #9642 ),
 ( #6437, #4189 ),
 ( #8677, #6378 ),
 ( #255, #8824 ) ),
 .UNSPECIFIED., .F., .F., .F.,
 ( 4, 4 ),
 ( 2, 2 ),
 ( 0.5555555555555555802, 0.6666666666666666297 ),
 ( 0.000000000000000000, 1.000000000000000000 ),
 .UNSPECIFIED. ) ;
#9936 = VECTOR ( 'NONE', #9817, 1000.000000000000000 ) ;
#9937 = CARTESIAN_POINT ( 'NONE',  ( 0.000000000000000000, 0.000000000000000000, 0.000000000000000000 ) ) ;
#9938 = CARTESIAN_POINT ( 'NONE',  ( 2.926843860220482263, -0.01599368229554730750, 0.001000000000000000021 ) ) ;
#9939 = FACE_OUTER_BOUND ( 'NONE', #9414, .T. ) ;
#9940 = ADVANCED_BREP_SHAPE_REPRESENTATION ( '', ( #1800, #5162, #8553, #1830, #1817, #5182, #8498, #5095, #8519, #1865, #8583, #1880, #1902, #1755, #3823 ), #8699 ) ;
#9941 = ORIENTED_EDGE ( 'NONE', *, *, #7338, .T. ) ;
#9942 = ORIENTED_EDGE ( 'NONE', *, *, #3320, .F. ) ;
#9943 = ADVANCED_FACE ( 'NONE', ( #9272 ), #5528, .T. ) ;
#9944 = SURFACE_STYLE_FILL_AREA ( #2021 ) ;
#9945 = CARTESIAN_POINT ( 'NONE',  ( 3.536893398621014928, 16.55005515623776091, 1.694065894508600678E-18 ) ) ;
#9946 = EDGE_CURVE ( 'NONE', #2133, #8749, #1698, .T. ) ;
#9947 = ADVANCED_FACE ( 'NONE', ( #4759 ), #5380, .F. ) ;
#9948 = FACE_OUTER_BOUND ( 'NONE', #2348, .T. ) ;
#9949 = ORIENTED_EDGE ( 'NONE', *, *, #3895, .T. ) ;
#9950 = PRODUCT_RELATED_PRODUCT_CATEGORY ( 'part', '', ( #6916 ) ) ;
#9951 = VERTEX_POINT ( 'NONE', #5336 ) ;
#9952 = CARTESIAN_POINT ( 'NONE',  ( 3.006087619812437772, 16.62648977619918966, 0.001000000000000000021 ) ) ;
#9953 = DIRECTION ( 'NONE',  ( -0.000000000000000000, -0.000000000000000000, -1.000000000000000000 ) ) ;
#9954 = UNCERTAINTY_MEASURE_WITH_UNIT (LENGTH_MEASURE( 1.000000000000000082E-05 ), #9715, 'distance_accuracy_value', 'NONE');
#9955 = CARTESIAN_POINT ( 'NONE',  ( -1.224999999999999423, -0.7500000000000001110, -0.02000000000000000042 ) ) ;
#9956 = CARTESIAN_POINT ( 'NONE',  ( 3.421270590134276368, 16.77212155788095771, 0.001000000000000001756 ) ) ;
#9957 = B_SPLINE_CURVE_WITH_KNOTS ( 'NONE', 3,
 ( #5208, #1383, #9702, #1986 ),
 .UNSPECIFIED., .F., .F.,
 ( 4, 4 ),
 ( 0.000000000000000000, 0.1000000000000000194 ),
 .UNSPECIFIED. ) ;
#9958 = DIRECTION ( 'NONE',  ( 1.000000000000000000, 0.000000000000000000, 0.000000000000000000 ) ) ;
#9959 = ORIENTED_EDGE ( 'NONE', *, *, #4151, .F. ) ;
#9960 = ORIENTED_EDGE ( 'NONE', *, *, #7708, .T. ) ;
#9961 = LINE ( 'NONE', #9392, #5197 ) ;
#9962 = LINE ( 'NONE', #9915, #2120 ) ;
#9963 = ORIENTED_EDGE ( 'NONE', *, *, #6616, .T. ) ;
#9964 = EDGE_CURVE ( 'NONE', #1867, #5012, #181, .T. ) ;
#9965 = B_SPLINE_CURVE_WITH_KNOTS ( 'NONE', 3,
 ( #4405, #5325, #9211, #9816 ),
 .UNSPECIFIED., .F., .F.,
 ( 4, 4 ),
 ( 0.000000000000000000, 0.1428571428571427937 ),
 .UNSPECIFIED. ) ;
#9966 = ORIENTED_EDGE ( 'NONE', *, *, #3168, .F. ) ;
#9967 = DIRECTION ( 'NONE',  ( 0.000000000000000000, 1.000000000000000000, 0.000000000000000000 ) ) ;
#9968 = SURFACE_SIDE_STYLE ('',( #8437 ) ) ;
#9969 = CARTESIAN_POINT ( 'NONE',  ( 2.558738328827213859, -0.001053412239088145864, 0.000000000000000000 ) ) ;
#9970 = VERTEX_POINT ( 'NONE', #7018 ) ;
#9971 = MECHANICAL_DESIGN_GEOMETRIC_PRESENTATION_REPRESENTATION (  '', ( #6535 ), #2893 ) ;
#9972 = VERTEX_POINT ( 'NONE', #8454 ) ;
#9973 =( NAMED_UNIT ( * ) SI_UNIT ( $, .STERADIAN. ) SOLID_ANGLE_UNIT ( ) );
#9974 = CARTESIAN_POINT ( 'NONE',  ( 3.110765979251580493, 16.66991452564612430, 0.001000000000000000021 ) ) ;
#9975 = PRESENTATION_LAYER_ASSIGNMENT (  '', '', ( #8820 ) ) ;
#9976 = VECTOR ( 'NONE', #9081, 1000.000000000000000 ) ;
#9977 = EDGE_LOOP ( 'NONE', ( #8608, #1922, #8252, #7683 ) ) ;
#9978 = FACE_OUTER_BOUND ( 'NONE', #7819, .T. ) ;
#9979 = CARTESIAN_POINT ( 'NONE',  ( 3.789321820202755653, 16.53046106197511733, 0.000000000000000000 ) ) ;
#9980 = LINE ( 'NONE', #9357, #5001 ) ;
#9981 = CARTESIAN_POINT ( 'NONE',  ( 3.275462285080775526, 16.40089290712125347, 1.694065894508600678E-18 ) ) ;
#9982 = LINE ( 'NONE', #6104, #792 ) ;
#9983 = ORIENTED_EDGE ( 'NONE', *, *, #8340, .T. ) ;
#9984 = VECTOR ( 'NONE', #7165, 1000.000000000000000 ) ;
#9985 = CARTESIAN_POINT ( 'NONE',  ( 0.6749999999999998224, 0.8699999999999998845, 0.000000000000000000 ) ) ;
#9986 = EDGE_CURVE ( 'NONE', #8147, #7667, #4252, .T. ) ;
#9987 = PLANE ( 'NONE',  #9752 ) ;
#9988 = FILL_AREA_STYLE ('',( #9168 ) ) ;
#9989 = STYLED_ITEM ( 'NONE', ( #3216 ), #1880 ) ;
#9990 = VERTEX_POINT ( 'NONE', #5727 ) ;
#9991 = LINE ( 'NONE', #3021, #7856 ) ;
#9992 = COLOUR_RGB ( '',0.8039215686274510109, 0.8039215686274510109, 0.8039215686274510109 ) ;
#9993 = VERTEX_POINT ( 'NONE', #1131 ) ;
#9994 = STYLED_ITEM ( 'NONE', ( #6840 ), #8539 ) ;
#9995 = CARTESIAN_POINT ( 'NONE',  ( 2.860985408245872996, 0.000000000000000000, 0.000000000000000000 ) ) ;
#9996 = DIRECTION ( 'NONE',  ( 3.942553354492743531E-16, 1.000000000000000000, 0.000000000000000000 ) ) ;
#9997 = VECTOR ( 'NONE', #8786, 1000.000000000000000 ) ;
#9998 = EDGE_CURVE ( 'NONE', #6856, #3098, #5679, .T. ) ;
#9999 = ORIENTED_EDGE ( 'NONE', *, *, #7757, .F. ) ;
#10000 =( REPRESENTATION_RELATIONSHIP ('NONE','NONE', #7909, #4111 ) REPRESENTATION_RELATIONSHIP_WITH_TRANSFORMATION ( #264 )SHAPE_REPRESENTATION_RELATIONSHIP( ) );
#10001 = ORIENTED_EDGE ( 'NONE', *, *, #3708, .T. ) ;
#10002 = DIRECTION ( 'NONE',  ( -3.942553354492742545E-16, -1.000000000000000000, 0.000000000000000000 ) ) ;
#10003 = EDGE_CURVE ( 'NONE', #1973, #782, #8134, .T. ) ;
#10004 = CARTESIAN_POINT ( 'NONE',  ( 0.7250000000000001998, 0.8199999999999995071, -0.02000000000000000042 ) ) ;
#10005 = ADVANCED_FACE ( 'NONE', ( #2502 ), #3285, .F. ) ;
#10006 = VECTOR ( 'NONE', #4025, 1000.000000000000000 ) ;
#10007 = CARTESIAN_POINT ( 'NONE',  ( 3.790734007176634890, 16.76311886592244704, 0.001000000000000000021 ) ) ;
#10008 = DIRECTION ( 'NONE',  ( -0.000000000000000000, -0.000000000000000000, -1.000000000000000000 ) ) ;
#10009 = CARTESIAN_POINT ( 'NONE',  ( 0.1168604091606676026, 16.53574789570863857, 0.001000000000000000021 ) ) ;
#10010 = CARTESIAN_POINT ( 'NONE',  ( -0.6749999999999997113, 0.8199999999999998401, -0.02000000000000000042 ) ) ;
#10011 = VERTEX_POINT ( 'NONE', #8692 ) ;
#10012 = VECTOR ( 'NONE', #6953, 1000.000000000000000 ) ;
#10013 = ORIENTED_EDGE ( 'NONE', *, *, #887, .T. ) ;
#10014 = EDGE_CURVE ( 'NONE', #6202, #4964, #982, .T. ) ;
#10015 = FACE_BOUND ( 'NONE', #1284, .T. ) ;
#10016 = DIRECTION ( 'NONE',  ( 0.000000000000000000, 1.000000000000000000, 0.000000000000000000 ) ) ;
#10017 = PRODUCT_DEFINITION_FORMATION_WITH_SPECIFIED_SOURCE ( 'ANY', '', #4712, .NOT_KNOWN. ) ;
#10018 = ORIENTED_EDGE ( 'NONE', *, *, #6227, .F. ) ;
#10019 = CARTESIAN_POINT ( 'NONE',  ( 2.174132968823124568, 16.44272894622254100, 0.000000000000000000 ) ) ;
#10020 = B_SPLINE_SURFACE_WITH_KNOTS ( 'NONE', 3, 1, ( 
 ( #7566, #631 ),
 ( #687, #6801 ),
 ( #3739, #1917 ),
 ( #6520, #2664 ) ),
 .UNSPECIFIED., .F., .F., .F.,
 ( 4, 4 ),
 ( 2, 2 ),
 ( 0.000000000000000000, 0.1428571428571427937 ),
 ( 0.000000000000000000, 1.000000000000000000 ),
 .UNSPECIFIED. ) ;
#10021 = EDGE_CURVE ( 'NONE', #435, #501, #275, .T. ) ;
#10022 = CARTESIAN_POINT ( 'NONE',  ( 2.744479982900454917, 16.42278180521647357, 0.000000000000000000 ) ) ;
#10023 = DIRECTION ( 'NONE',  ( -0.9999918045886077023, 0.004048549816873615002, 0.000000000000000000 ) ) ;
#10024 = AXIS2_PLACEMENT_3D ( 'NONE', #1705, #2509, #4813 ) ;
#10025 = EDGE_CURVE ( 'NONE', #8857, #7827, #8102, .T. ) ;
#10026 = ORIENTED_EDGE ( 'NONE', *, *, #4518, .F. ) ;
#10027 = VECTOR ( 'NONE', #1295, 1000.000000000000000 ) ;
#10028 = CARTESIAN_POINT ( 'NONE',  ( 3.488349471393764389, 16.55146734321162683, 1.694065894508600678E-18 ) ) ;
#10029 = ORIENTED_EDGE ( 'NONE', *, *, #2662, .F. ) ;
#10030 = CARTESIAN_POINT ( 'NONE',  ( -1.499999999999999556, -0.8750000000000000000, 0.1830000000000000238 ) ) ;
#10031 = CARTESIAN_POINT ( 'NONE',  ( 3.665225889872715026, 16.54546554857260787, 1.694065894508600678E-18 ) ) ;
#10032 = PLANE ( 'NONE',  #5820 ) ;
#10033 = PRESENTATION_STYLE_ASSIGNMENT (( #2269 ) ) ;
#10034 = NEXT_ASSEMBLY_USAGE_OCCURRENCE ( 'NAUO1', ' ', ' ', #5264, #958, $ ) ;
#10035 = NEXT_ASSEMBLY_USAGE_OCCURRENCE ( 'NAUO2', ' ', ' ', #5264, #1688, $ ) ;
ENDSEC;
END-ISO-10303-21;
