ISO-10303-21;
HEADER;
FILE_DESCRIPTION (( 'STEP AP214' ),
    '1' );
FILE_NAME ('NEO-F10N-00B.STEP',
    '2024-06-03T15:15:33',
    ( '' ),
    ( '' ),
    'SwSTEP 2.0',
    'SolidWorks 2022',
    '' );
FILE_SCHEMA (( 'AUTOMOTIVE_DESIGN' ));
ENDSEC;

DATA;
#1 = DIRECTION ( 'NONE',  ( -0.000000000000000000, 1.000000000000000000, -0.000000000000000000 ) ) ;
#2 = VERTEX_POINT ( 'NONE', #13178 ) ;
#3 = LINE ( 'NONE', #3024, #11983 ) ;
#4 = CIRCLE ( 'NONE', #13104, 0.2500000000000002220 ) ;
#5 = STYLED_ITEM ( 'NONE', ( #2240 ), #10954 ) ;
#6 = VERTEX_POINT ( 'NONE', #3952 ) ;
#7 = EDGE_CURVE ( 'NONE', #7737, #7762, #5286, .T. ) ;
#8 = CARTESIAN_POINT ( 'NONE',  ( -6.099999999999999645, 8.000000000000000000, 0.000000000000000000 ) ) ;
#9 = ORIENTED_EDGE ( 'NONE', *, *, #4363, .F. ) ;
#10 = SURFACE_STYLE_FILL_AREA ( #816 ) ;
#11 = SURFACE_STYLE_FILL_AREA ( #4026 ) ;
#12 =( NAMED_UNIT ( * ) SI_UNIT ( $, .STERADIAN. ) SOLID_ANGLE_UNIT ( ) );
#13 = CARTESIAN_POINT ( 'NONE',  ( -5.299999999999998934, 7.450000000000000178, 0.8199999999999999512 ) ) ;
#14 = VECTOR ( 'NONE', #9770, 1000.000000000000000 ) ;
#15 = COLOUR_RGB ( '',0.9411764705882352811, 0.6274509803921568540, 0.05490196078431372473 ) ;
#16 = VERTEX_POINT ( 'NONE', #3750 ) ;
#17 = MECHANICAL_DESIGN_GEOMETRIC_PRESENTATION_REPRESENTATION (  '', ( #11610 ), #12478 ) ;
#18 = CARTESIAN_POINT ( 'NONE',  ( -5.299999999999998934, -4.150000000000000355, 0.000000000000000000 ) ) ;
#19 = CARTESIAN_POINT ( 'NONE',  ( -6.099999999999999645, 5.249999999999999112, 0.8199999999999999512 ) ) ;
#20 = ORIENTED_EDGE ( 'NONE', *, *, #8900, .T. ) ;
#21 = FILL_AREA_STYLE ('',( #903 ) ) ;
#22 = EDGE_CURVE ( 'NONE', #5626, #10438, #12154, .T. ) ;
#23 = FILL_AREA_STYLE ('',( #5113 ) ) ;
#24 = LINE ( 'NONE', #12463, #10530 ) ;
#25 =( LENGTH_UNIT ( ) NAMED_UNIT ( * ) SI_UNIT ( .MILLI., .METRE. ) );
#26 = VERTEX_POINT ( 'NONE', #10968 ) ;
#27 = PLANE ( 'NONE',  #4751 ) ;
#28 = CARTESIAN_POINT ( 'NONE',  ( 5.299999999999998934, -4.350000000000000533, 0.8199999999999999512 ) ) ;
#29 = SURFACE_SIDE_STYLE ('',( #2180 ) ) ;
#30 = CARTESIAN_POINT ( 'NONE',  ( 6.099999999999999645, 4.800000000000000711, 0.8199999999999999512 ) ) ;
#31 = VECTOR ( 'NONE', #5925, 1000.000000000000000 ) ;
#32 = VERTEX_POINT ( 'NONE', #9950 ) ;
#33 = STYLED_ITEM ( 'NONE', ( #7948 ), #972 ) ;
#34 = DIRECTION ( 'NONE',  ( 0.000000000000000000, 0.000000000000000000, -1.000000000000000000 ) ) ;
#35 =( NAMED_UNIT ( * ) SI_UNIT ( $, .STERADIAN. ) SOLID_ANGLE_UNIT ( ) );
#36 =( NAMED_UNIT ( * ) SI_UNIT ( $, .STERADIAN. ) SOLID_ANGLE_UNIT ( ) );
#37 = EDGE_CURVE ( 'NONE', #7332, #7799, #4869, .T. ) ;
#38 = ORIENTED_EDGE ( 'NONE', *, *, #7262, .T. ) ;
#39 = DIRECTION ( 'NONE',  ( -0.000000000000000000, -0.000000000000000000, -1.000000000000000000 ) ) ;
#40 = ADVANCED_FACE ( 'NONE', ( #742 ), #4809, .T. ) ;
#41 = ORIENTED_EDGE ( 'NONE', *, *, #9228, .F. ) ;
#42 = PRESENTATION_LAYER_ASSIGNMENT (  '', '', ( #6682 ) ) ;
#43 = SURFACE_STYLE_FILL_AREA ( #9245 ) ;
#44 = EDGE_LOOP ( 'NONE', ( #380, #3287, #10685, #2326, #12190, #6367, #10570 ) ) ;
#45 = VECTOR ( 'NONE', #11862, 1000.000000000000000 ) ;
#46 = CARTESIAN_POINT ( 'NONE',  ( -5.299999999999998934, -6.550000000000000711, 0.8199999999999999512 ) ) ;
#47 = PLANE ( 'NONE',  #8383 ) ;
#48 = PRESENTATION_LAYER_ASSIGNMENT (  '', '', ( #9269 ) ) ;
#49 = COLOUR_RGB ( '',0.9411764705882352811, 0.6274509803921568540, 0.05490196078431372473 ) ;
#50 = ADVANCED_FACE ( 'NONE', ( #9845 ), #373, .T. ) ;
#51 = STYLED_ITEM ( 'NONE', ( #2031 ), #13276 ) ;
#52 = CARTESIAN_POINT ( 'NONE',  ( -6.099999999999997868, -2.150000000000000799, 0.000000000000000000 ) ) ;
#53 = SURFACE_STYLE_USAGE ( .BOTH. , #3216 ) ;
#54 = DIRECTION ( 'NONE',  ( 0.000000000000000000, -1.000000000000000000, 0.000000000000000000 ) ) ;
#55 =( GEOMETRIC_REPRESENTATION_CONTEXT ( 3 ) GLOBAL_UNCERTAINTY_ASSIGNED_CONTEXT ( ( #1018 ) ) GLOBAL_UNIT_ASSIGNED_CONTEXT ( ( #3947, #3877, #6894 ) ) REPRESENTATION_CONTEXT ( 'NONE', 'WORKASPACE' ) );
#56 = ORIENTED_EDGE ( 'NONE', *, *, #5888, .T. ) ;
#57 =( LENGTH_UNIT ( ) NAMED_UNIT ( * ) SI_UNIT ( .MILLI., .METRE. ) );
#58 = LINE ( 'NONE', #3948, #10699 ) ;
#59 = SURFACE_SIDE_STYLE ('',( #2340 ) ) ;
#60 = ORIENTED_EDGE ( 'NONE', *, *, #12885, .F. ) ;
#61 = SURFACE_STYLE_USAGE ( .BOTH. , #8506 ) ;
#62 = COLOUR_RGB ( '',0.000000000000000000, 1.000000000000000000, 0.000000000000000000 ) ;
#63 = LINE ( 'NONE', #9386, #1084 ) ;
#64 = EDGE_CURVE ( 'NONE', #5669, #2546, #6809, .T. ) ;
#65 = SURFACE_SIDE_STYLE ('',( #193 ) ) ;
#66 = ORIENTED_EDGE ( 'NONE', *, *, #8334, .F. ) ;
#67 = CARTESIAN_POINT ( 'NONE',  ( -5.299999999999998934, -2.150000000000000355, 0.000000000000000000 ) ) ;
#68 = PRESENTATION_LAYER_ASSIGNMENT (  '', '', ( #1783 ) ) ;
#69 = ORIENTED_EDGE ( 'NONE', *, *, #4842, .T. ) ;
#70 = DIRECTION ( 'NONE',  ( -0.000000000000000000, -0.000000000000000000, 1.000000000000000000 ) ) ;
#71 =( NAMED_UNIT ( * ) PLANE_ANGLE_UNIT ( ) SI_UNIT ( $, .RADIAN. ) );
#72 = ORIENTED_EDGE ( 'NONE', *, *, #4576, .F. ) ;
#73 = SURFACE_STYLE_FILL_AREA ( #6912 ) ;
#74 = CARTESIAN_POINT ( 'NONE',  ( 6.099999999999999645, 5.899999999999999467, 0.8199999999999999512 ) ) ;
#75 = SURFACE_STYLE_USAGE ( .BOTH. , #4213 ) ;
#76 = ORIENTED_EDGE ( 'NONE', *, *, #1835, .T. ) ;
#77 = MECHANICAL_DESIGN_GEOMETRIC_PRESENTATION_REPRESENTATION (  '', ( #7785 ), #12323 ) ;
#78 =( NAMED_UNIT ( * ) PLANE_ANGLE_UNIT ( ) SI_UNIT ( $, .RADIAN. ) );
#79 = ADVANCED_FACE ( 'NONE', ( #4583 ), #10808, .F. ) ;
#80 = LINE ( 'NONE', #11259, #10288 ) ;
#81 = UNCERTAINTY_MEASURE_WITH_UNIT (LENGTH_MEASURE( 1.000000000000000082E-05 ), #2443, 'distance_accuracy_value', 'NONE');
#82 = FACE_OUTER_BOUND ( 'NONE', #2616, .T. ) ;
#83 = ORIENTED_EDGE ( 'NONE', *, *, #13150, .T. ) ;
#84 = CARTESIAN_POINT ( 'NONE',  ( 6.099999999999999645, -4.350000000000000533, 0.8199999999999999512 ) ) ;
#85 = CARTESIAN_POINT ( 'NONE',  ( 6.099999999999999645, -3.950000000000000178, 0.000000000000000000 ) ) ;
#86 = DIRECTION ( 'NONE',  ( 0.000000000000000000, 0.000000000000000000, -1.000000000000000000 ) ) ;
#87 = CIRCLE ( 'NONE', #7582, 0.2500000000000002220 ) ;
#88 = ORIENTED_EDGE ( 'NONE', *, *, #3906, .F. ) ;
#89 = SURFACE_SIDE_STYLE ('',( #10311 ) ) ;
#90 = FILL_AREA_STYLE ('',( #5379 ) ) ;
#91 = DIRECTION ( 'NONE',  ( -0.000000000000000000, 1.000000000000000000, -0.000000000000000000 ) ) ;
#92 = STYLED_ITEM ( 'NONE', ( #3035 ), #9981 ) ;
#93 = EDGE_CURVE ( 'NONE', #3352, #9687, #8932, .T. ) ;
#94 = UNCERTAINTY_MEASURE_WITH_UNIT (LENGTH_MEASURE( 1.000000000000000082E-05 ), #6039, 'distance_accuracy_value', 'NONE');
#95 = EDGE_CURVE ( 'NONE', #536, #10831, #408, .T. ) ;
#96 = CARTESIAN_POINT ( 'NONE',  ( 6.099999999999999645, -3.700000000000000178, 0.000000000000000000 ) ) ;
#97 = VERTEX_POINT ( 'NONE', #1687 ) ;
#98 = CARTESIAN_POINT ( 'NONE',  ( 6.099999999999999645, 7.450000000000000178, 0.000000000000000000 ) ) ;
#99 = CARTESIAN_POINT ( 'NONE',  ( -6.099999999999999645, -3.050000000000000266, 0.000000000000000000 ) ) ;
#100 = ORIENTED_EDGE ( 'NONE', *, *, #11042, .T. ) ;
#101 = DIRECTION ( 'NONE',  ( -0.000000000000000000, -0.000000000000000000, -1.000000000000000000 ) ) ;
#102 = FILL_AREA_STYLE_COLOUR ( '', #581 ) ;
#103 = FACE_OUTER_BOUND ( 'NONE', #12014, .T. ) ;
#104 = ORIENTED_EDGE ( 'NONE', *, *, #5875, .F. ) ;
#105 = CARTESIAN_POINT ( 'NONE',  ( -6.099999999999996980, -8.000000000000000000, 0.8199999999999999512 ) ) ;
#106 = ORIENTED_EDGE ( 'NONE', *, *, #2735, .T. ) ;
#107 = FILL_AREA_STYLE_COLOUR ( '', #10567 ) ;
#108 = EDGE_CURVE ( 'NONE', #2611, #11865, #11788, .T. ) ;
#109 = SURFACE_STYLE_FILL_AREA ( #318 ) ;
#110 =( NAMED_UNIT ( * ) SI_UNIT ( $, .STERADIAN. ) SOLID_ANGLE_UNIT ( ) );
#111 = SURFACE_STYLE_FILL_AREA ( #9252 ) ;
#112 = DIRECTION ( 'NONE',  ( 0.000000000000000000, -1.000000000000000000, -0.000000000000000000 ) ) ;
#113 = ORIENTED_EDGE ( 'NONE', *, *, #10646, .F. ) ;
#114 = DIRECTION ( 'NONE',  ( 1.000000000000000000, 0.000000000000000000, 0.000000000000000000 ) ) ;
#115 = DIRECTION ( 'NONE',  ( -1.000000000000000000, 0.000000000000000000, 0.000000000000000000 ) ) ;
#116 = ORIENTED_EDGE ( 'NONE', *, *, #12603, .T. ) ;
#117 = PRESENTATION_STYLE_ASSIGNMENT (( #4270 ) ) ;
#118 =( NAMED_UNIT ( * ) PLANE_ANGLE_UNIT ( ) SI_UNIT ( $, .RADIAN. ) );
#119 = CARTESIAN_POINT ( 'NONE',  ( 5.299999999999998934, 0.04999999999999969746, 0.000000000000000000 ) ) ;
#120 = DIRECTION ( 'NONE',  ( -0.000000000000000000, 1.000000000000000000, -0.000000000000000000 ) ) ;
#121 = EDGE_CURVE ( 'NONE', #1614, #1734, #9515, .T. ) ;
#122 = UNCERTAINTY_MEASURE_WITH_UNIT (LENGTH_MEASURE( 1.000000000000000082E-05 ), #10091, 'distance_accuracy_value', 'NONE');
#123 = ORIENTED_EDGE ( 'NONE', *, *, #6728, .F. ) ;
#124 =( NAMED_UNIT ( * ) SI_UNIT ( $, .STERADIAN. ) SOLID_ANGLE_UNIT ( ) );
#125 = ORIENTED_EDGE ( 'NONE', *, *, #12793, .T. ) ;
#126 = CIRCLE ( 'NONE', #1193, 0.2500000000000002220 ) ;
#127 =( NAMED_UNIT ( * ) SI_UNIT ( $, .STERADIAN. ) SOLID_ANGLE_UNIT ( ) );
#128 = DIRECTION ( 'NONE',  ( 1.000000000000000000, 0.000000000000000000, 0.000000000000000000 ) ) ;
#129 = VECTOR ( 'NONE', #5202, 1000.000000000000000 ) ;
#130 = VERTEX_POINT ( 'NONE', #9967 ) ;
#131 = CARTESIAN_POINT ( 'NONE',  ( 6.099999999999999645, -4.350000000000000533, 0.000000000000000000 ) ) ;
#132 = ORIENTED_EDGE ( 'NONE', *, *, #8418, .F. ) ;
#133 = DIRECTION ( 'NONE',  ( 0.000000000000000000, -1.000000000000000000, 0.000000000000000000 ) ) ;
#134 = EDGE_CURVE ( 'NONE', #11404, #9863, #316, .T. ) ;
#135 = CARTESIAN_POINT ( 'NONE',  ( 5.849999999999999645, 3.700000000000000178, 0.8199999999999999512 ) ) ;
#136 = CARTESIAN_POINT ( 'NONE',  ( -6.099999999999999645, 5.450000000000000178, 0.000000000000000000 ) ) ;
#138 = EDGE_CURVE ( 'NONE', #130, #9784, #10852, .T. ) ;
#137 = EDGE_LOOP ( 'NONE', ( #10403, #12123, #4335, #730 ) ) ;
#139 = EDGE_LOOP ( 'NONE', ( #6222, #7152, #7031, #8398 ) ) ;
#140 = STYLED_ITEM ( 'NONE', ( #4416 ), #8588 ) ;
#141 = PRESENTATION_LAYER_ASSIGNMENT (  '', '', ( #11734 ) ) ;
#142 = FILL_AREA_STYLE_COLOUR ( '', #10146 ) ;
#143 =( NAMED_UNIT ( * ) PLANE_ANGLE_UNIT ( ) SI_UNIT ( $, .RADIAN. ) );
#144 = VERTEX_POINT ( 'NONE', #5780 ) ;
#145 = LINE ( 'NONE', #11460, #9280 ) ;
#146 = CARTESIAN_POINT ( 'NONE',  ( -6.099999999999999645, 6.550000000000000711, 0.000000000000000000 ) ) ;
#148 = CARTESIAN_POINT ( 'NONE',  ( 6.099999999999999645, -1.050000000000000266, 0.8199999999999999512 ) ) ;
#147 =( GEOMETRIC_REPRESENTATION_CONTEXT ( 3 ) GLOBAL_UNCERTAINTY_ASSIGNED_CONTEXT ( ( #8025 ) ) GLOBAL_UNIT_ASSIGNED_CONTEXT ( ( #6752, #11071, #2671 ) ) REPRESENTATION_CONTEXT ( 'NONE', 'WORKASPACE' ) );
#149 = ORIENTED_EDGE ( 'NONE', *, *, #5862, .F. ) ;
#150 =( GEOMETRIC_REPRESENTATION_CONTEXT ( 3 ) GLOBAL_UNCERTAINTY_ASSIGNED_CONTEXT ( ( #8952 ) ) GLOBAL_UNIT_ASSIGNED_CONTEXT ( ( #12033, #6975, #12171 ) ) REPRESENTATION_CONTEXT ( 'NONE', 'WORKASPACE' ) );
#151 =( LENGTH_UNIT ( ) NAMED_UNIT ( * ) SI_UNIT ( .MILLI., .METRE. ) );
#152 = DIRECTION ( 'NONE',  ( 1.000000000000000000, -0.000000000000000000, -0.000000000000000000 ) ) ;
#153 = EDGE_CURVE ( 'NONE', #10817, #3790, #1476, .T. ) ;
#154 = DIRECTION ( 'NONE',  ( 0.000000000000000000, 0.000000000000000000, -1.000000000000000000 ) ) ;
#155 = CLOSED_SHELL ( 'NONE', ( #6569, #6164, #2772, #12553, #7182, #2036, #8257, #6502 ) ) ;
#156 = VECTOR ( 'NONE', #12598, 1000.000000000000000 ) ;
#157 = PRESENTATION_STYLE_ASSIGNMENT (( #10391 ) ) ;
#158 = ORIENTED_EDGE ( 'NONE', *, *, #10905, .F. ) ;
#159 = CARTESIAN_POINT ( 'NONE',  ( -6.099999999999999645, 3.250000000000000444, 0.8199999999999999512 ) ) ;
#160 = FILL_AREA_STYLE ('',( #10323 ) ) ;
#161 = FACE_OUTER_BOUND ( 'NONE', #12998, .T. ) ;
#162 = ORIENTED_EDGE ( 'NONE', *, *, #5319, .T. ) ;
#163 = CARTESIAN_POINT ( 'NONE',  ( 6.099999999999999645, 3.449999999999999734, 0.8199999999999999512 ) ) ;
#164 =( NAMED_UNIT ( * ) SI_UNIT ( $, .STERADIAN. ) SOLID_ANGLE_UNIT ( ) );
#165 = FILL_AREA_STYLE ('',( #6475 ) ) ;
#166 = EDGE_CURVE ( 'NONE', #5433, #10730, #2329, .T. ) ;
#167 = ORIENTED_EDGE ( 'NONE', *, *, #10008, .F. ) ;
#169 = VECTOR ( 'NONE', #929, 1000.000000000000000 ) ;
#168 =( LENGTH_UNIT ( ) NAMED_UNIT ( * ) SI_UNIT ( .MILLI., .METRE. ) );
#170 =( GEOMETRIC_REPRESENTATION_CONTEXT ( 3 ) GLOBAL_UNCERTAINTY_ASSIGNED_CONTEXT ( ( #11525 ) ) GLOBAL_UNIT_ASSIGNED_CONTEXT ( ( #11354, #12298, #6206 ) ) REPRESENTATION_CONTEXT ( 'NONE', 'WORKASPACE' ) );
#171 = ORIENTED_EDGE ( 'NONE', *, *, #9634, .T. ) ;
#172 = EDGE_LOOP ( 'NONE', ( #5389, #7635, #6084, #12284 ) ) ;
#173 =( NAMED_UNIT ( * ) PLANE_ANGLE_UNIT ( ) SI_UNIT ( $, .RADIAN. ) );
#174 = DIRECTION ( 'NONE',  ( 0.000000000000000000, 0.000000000000000000, 1.000000000000000000 ) ) ;
#175 =( LENGTH_UNIT ( ) NAMED_UNIT ( * ) SI_UNIT ( .MILLI., .METRE. ) );
#176 = CARTESIAN_POINT ( 'NONE',  ( 6.099999999999999645, 2.600000000000000089, 0.8199999999999999512 ) ) ;
#177 =( NAMED_UNIT ( * ) SI_UNIT ( $, .STERADIAN. ) SOLID_ANGLE_UNIT ( ) );
#178 = EDGE_LOOP ( 'NONE', ( #2334, #123, #10517, #11514 ) ) ;
#179 = VERTEX_POINT ( 'NONE', #9896 ) ;
#180 = ORIENTED_EDGE ( 'NONE', *, *, #2358, .F. ) ;
#181 = CARTESIAN_POINT ( 'NONE',  ( -6.099999999999999645, 0.04999999999999969746, 0.8199999999999999512 ) ) ;
#182 =( LENGTH_UNIT ( ) NAMED_UNIT ( * ) SI_UNIT ( .MILLI., .METRE. ) );
#183 =( LENGTH_UNIT ( ) NAMED_UNIT ( * ) SI_UNIT ( .MILLI., .METRE. ) );
#184 = ADVANCED_FACE ( 'NONE', ( #13056 ), #5707, .T. ) ;
#185 = DIRECTION ( 'NONE',  ( -1.000000000000000000, 0.000000000000000000, 0.000000000000000000 ) ) ;
#186 = ORIENTED_EDGE ( 'NONE', *, *, #9862, .T. ) ;
#187 = CARTESIAN_POINT ( 'NONE',  ( 6.099999999999999645, 8.000000000000000000, 0.000000000000000000 ) ) ;
#188 = EDGE_CURVE ( 'NONE', #5683, #2689, #5761, .T. ) ;
#189 = AXIS2_PLACEMENT_3D ( 'NONE', #663, #9866, #10759 ) ;
#190 = DIRECTION ( 'NONE',  ( 1.000000000000000000, 0.000000000000000000, -0.000000000000000000 ) ) ;
#191 = COLOUR_RGB ( '',0.9411764705882352811, 0.6274509803921568540, 0.05490196078431372473 ) ;
#192 = FILL_AREA_STYLE_COLOUR ( '', #4618 ) ;
#193 = SURFACE_STYLE_FILL_AREA ( #4018 ) ;
#194 = CARTESIAN_POINT ( 'NONE',  ( 6.099999999999999645, 8.000000000000000000, 0.8199999999999999512 ) ) ;
#195 = SURFACE_SIDE_STYLE ('',( #12646 ) ) ;
#196 = MECHANICAL_DESIGN_GEOMETRIC_PRESENTATION_REPRESENTATION (  '', ( #4678 ), #4462 ) ;
#197 = ORIENTED_EDGE ( 'NONE', *, *, #13195, .T. ) ;
#198 = LINE ( 'NONE', #11372, #2293 ) ;
#199 = SURFACE_STYLE_USAGE ( .BOTH. , #10290 ) ;
#200 = ORIENTED_EDGE ( 'NONE', *, *, #9913, .T. ) ;
#201 = COLOUR_RGB ( '',1.000000000000000000, 1.000000000000000000, 1.000000000000000000 ) ;
#202 = FACE_OUTER_BOUND ( 'NONE', #6092, .T. ) ;
#203 = DIRECTION ( 'NONE',  ( -1.000000000000000000, 0.000000000000000000, -0.000000000000000000 ) ) ;
#204 = EDGE_LOOP ( 'NONE', ( #5522, #4481, #4555, #2400 ) ) ;
#205 = EDGE_CURVE ( 'NONE', #8813, #1751, #4619, .T. ) ;
#206 = FACE_OUTER_BOUND ( 'NONE', #4592, .T. ) ;
#207 = ORIENTED_EDGE ( 'NONE', *, *, #4859, .T. ) ;
#208 = VECTOR ( 'NONE', #9847, 1000.000000000000000 ) ;
#209 = MECHANICAL_DESIGN_GEOMETRIC_PRESENTATION_REPRESENTATION (  '', ( #5984 ), #1279 ) ;
#210 = VECTOR ( 'NONE', #11218, 1000.000000000000000 ) ;
#211 = AXIS2_PLACEMENT_3D ( 'NONE', #8416, #11522, #12602 ) ;
#212 = EDGE_CURVE ( 'NONE', #2268, #717, #11858, .T. ) ;
#213 = UNCERTAINTY_MEASURE_WITH_UNIT (LENGTH_MEASURE( 1.000000000000000082E-05 ), #11099, 'distance_accuracy_value', 'NONE');
#214 = DIRECTION ( 'NONE',  ( -1.000000000000000000, 0.000000000000000000, 0.000000000000000000 ) ) ;
#215 = ORIENTED_EDGE ( 'NONE', *, *, #1617, .F. ) ;
#216 = EDGE_CURVE ( 'NONE', #896, #10716, #8802, .T. ) ;
#217 = LINE ( 'NONE', #7704, #4116 ) ;
#218 = PRESENTATION_STYLE_ASSIGNMENT (( #8209 ) ) ;
#219 = ORIENTED_EDGE ( 'NONE', *, *, #5241, .F. ) ;
#220 = STYLED_ITEM ( 'NONE', ( #7666 ), #2036 ) ;
#221 = SURFACE_STYLE_FILL_AREA ( #9417 ) ;
#222 = DIRECTION ( 'NONE',  ( 0.000000000000000000, -1.000000000000000000, 0.000000000000000000 ) ) ;
#223 = MECHANICAL_DESIGN_GEOMETRIC_PRESENTATION_REPRESENTATION (  '', ( #11167 ), #5137 ) ;
#224 = SURFACE_SIDE_STYLE ('',( #2499 ) ) ;
#225 = CARTESIAN_POINT ( 'NONE',  ( 6.099999999999999645, -7.450000000000000178, 0.000000000000000000 ) ) ;
#226 = CARTESIAN_POINT ( 'NONE',  ( 5.299999999999998934, -3.250000000000000444, 0.000000000000000000 ) ) ;
#227 = EDGE_CURVE ( 'NONE', #1867, #7737, #7801, .T. ) ;
#228 = VECTOR ( 'NONE', #7712, 1000.000000000000000 ) ;
#229 = CARTESIAN_POINT ( 'NONE',  ( -6.099999999999999645, -4.350000000000000533, 0.8199999999999999512 ) ) ;
#230 = VERTEX_POINT ( 'NONE', #824 ) ;
#231 = PLANE ( 'NONE',  #1062 ) ;
#232 = VERTEX_POINT ( 'NONE', #10236 ) ;
#233 = LINE ( 'NONE', #4316, #2420 ) ;
#234 = PLANE ( 'NONE',  #2071 ) ;
#235 =( GEOMETRIC_REPRESENTATION_CONTEXT ( 3 ) GLOBAL_UNCERTAINTY_ASSIGNED_CONTEXT ( ( #9628 ) ) GLOBAL_UNIT_ASSIGNED_CONTEXT ( ( #7150, #12562, #11349 ) ) REPRESENTATION_CONTEXT ( 'NONE', 'WORKASPACE' ) );
#236 =( NAMED_UNIT ( * ) PLANE_ANGLE_UNIT ( ) SI_UNIT ( $, .RADIAN. ) );
#237 = ORIENTED_EDGE ( 'NONE', *, *, #10075, .T. ) ;
#238 = DIRECTION ( 'NONE',  ( 0.000000000000000000, 0.000000000000000000, -1.000000000000000000 ) ) ;
#239 = CARTESIAN_POINT ( 'NONE',  ( 5.299999999999998934, -6.350000000000000533, 0.8199999999999999512 ) ) ;
#240 = ORIENTED_EDGE ( 'NONE', *, *, #12531, .F. ) ;
#241 = CARTESIAN_POINT ( 'NONE',  ( 6.099999999999999645, -5.900000000000000355, 0.8199999999999999512 ) ) ;
#242 = CARTESIAN_POINT ( 'NONE',  ( -6.099999999999999645, -3.950000000000000178, 0.8199999999999999512 ) ) ;
#243 = VECTOR ( 'NONE', #4930, 1000.000000000000000 ) ;
#244 = EDGE_CURVE ( 'NONE', #697, #11492, #6045, .T. ) ;
#245 = SURFACE_SIDE_STYLE ('',( #109 ) ) ;
#246 = DIRECTION ( 'NONE',  ( -1.000000000000000000, 0.000000000000000000, 0.000000000000000000 ) ) ;
#247 = DIRECTION ( 'NONE',  ( 1.000000000000000000, 1.626303258728256651E-16, -0.000000000000000000 ) ) ;
#248 = AXIS2_PLACEMENT_3D ( 'NONE', #6958, #5886, #13101 ) ;
#249 = ORIENTED_EDGE ( 'NONE', *, *, #3913, .T. ) ;
#250 = ORIENTED_EDGE ( 'NONE', *, *, #4762, .T. ) ;
#251 = DIRECTION ( 'NONE',  ( 1.626303258728256651E-16, -1.000000000000000000, 0.000000000000000000 ) ) ;
#252 = LINE ( 'NONE', #7370, #844 ) ;
#253 = DIRECTION ( 'NONE',  ( 1.000000000000000000, 0.000000000000000000, -0.000000000000000000 ) ) ;
#254 = ORIENTED_EDGE ( 'NONE', *, *, #5664, .F. ) ;
#255 =( NAMED_UNIT ( * ) SI_UNIT ( $, .STERADIAN. ) SOLID_ANGLE_UNIT ( ) );
#256 = LINE ( 'NONE', #5420, #3211 ) ;
#257 = LINE ( 'NONE', #10549, #4120 ) ;
#258 = DIRECTION ( 'NONE',  ( 0.000000000000000000, -0.000000000000000000, 1.000000000000000000 ) ) ;
#259 = EDGE_CURVE ( 'NONE', #1594, #7853, #1824, .T. ) ;
#260 = UNCERTAINTY_MEASURE_WITH_UNIT (LENGTH_MEASURE( 1.000000000000000082E-05 ), #293, 'distance_accuracy_value', 'NONE');
#261 = STYLED_ITEM ( 'NONE', ( #2855 ), #3736 ) ;
#262 = ORIENTED_EDGE ( 'NONE', *, *, #5373, .T. ) ;
#263 = LINE ( 'NONE', #7570, #10053 ) ;
#264 = ADVANCED_FACE ( 'NONE', ( #4891 ), #5909, .F. ) ;
#265 = SURFACE_STYLE_FILL_AREA ( #10361 ) ;
#266 = SURFACE_STYLE_FILL_AREA ( #1463 ) ;
#267 = ORIENTED_EDGE ( 'NONE', *, *, #8824, .T. ) ;
#268 = DIRECTION ( 'NONE',  ( 1.000000000000000000, 6.672013369141564231E-17, 0.000000000000000000 ) ) ;
#269 = FILL_AREA_STYLE_COLOUR ( '', #11342 ) ;
#270 =( GEOMETRIC_REPRESENTATION_CONTEXT ( 3 ) GLOBAL_UNCERTAINTY_ASSIGNED_CONTEXT ( ( #2943 ) ) GLOBAL_UNIT_ASSIGNED_CONTEXT ( ( #6162, #78, #1145 ) ) REPRESENTATION_CONTEXT ( 'NONE', 'WORKASPACE' ) );
#271 = ORIENTED_EDGE ( 'NONE', *, *, #10561, .F. ) ;
#272 =( GEOMETRIC_REPRESENTATION_CONTEXT ( 3 ) GLOBAL_UNCERTAINTY_ASSIGNED_CONTEXT ( ( #6646 ) ) GLOBAL_UNIT_ASSIGNED_CONTEXT ( ( #1629, #9906, #11867 ) ) REPRESENTATION_CONTEXT ( 'NONE', 'WORKASPACE' ) );
#273 = CYLINDRICAL_SURFACE ( 'NONE', #2072, 0.2500000000000002220 ) ;
#274 =( NAMED_UNIT ( * ) PLANE_ANGLE_UNIT ( ) SI_UNIT ( $, .RADIAN. ) );
#275 = ORIENTED_EDGE ( 'NONE', *, *, #3503, .T. ) ;
#276 = CARTESIAN_POINT ( 'NONE',  ( 5.849999999999999645, 3.700000000000000178, 0.000000000000000000 ) ) ;
#277 = VERTEX_POINT ( 'NONE', #8137 ) ;
#278 = VECTOR ( 'NONE', #133, 1000.000000000000000 ) ;
#280 = ADVANCED_FACE ( 'NONE', ( #10300 ), #13126, .F. ) ;
#279 = FILL_AREA_STYLE_COLOUR ( '', #9610 ) ;
#281 =( NAMED_UNIT ( * ) PLANE_ANGLE_UNIT ( ) SI_UNIT ( $, .RADIAN. ) );
#282 = CARTESIAN_POINT ( 'NONE',  ( 5.299999999999998934, -4.150000000000000355, 0.8199999999999999512 ) ) ;
#283 = EDGE_LOOP ( 'NONE', ( #13210, #6399, #3704, #3994 ) ) ;
#284 = MECHANICAL_DESIGN_GEOMETRIC_PRESENTATION_REPRESENTATION (  '', ( #11878 ), #9954 ) ;
#285 = DIRECTION ( 'NONE',  ( 0.000000000000000000, 0.000000000000000000, -1.000000000000000000 ) ) ;
#286 = LINE ( 'NONE', #11319, #7713 ) ;
#287 = ORIENTED_EDGE ( 'NONE', *, *, #2348, .F. ) ;
#288 = CARTESIAN_POINT ( 'NONE',  ( 5.849999999999999645, -1.500000000000000222, 0.000000000000000000 ) ) ;
#289 = FACE_OUTER_BOUND ( 'NONE', #4746, .T. ) ;
#290 = LINE ( 'NONE', #10586, #357 ) ;
#291 = PRESENTATION_STYLE_ASSIGNMENT (( #1421 ) ) ;
#292 = COLOUR_RGB ( '',0.7921568627450980005, 0.8196078431372548767, 0.9333333333333333481 ) ;
#293 =( LENGTH_UNIT ( ) NAMED_UNIT ( * ) SI_UNIT ( .MILLI., .METRE. ) );
#294 = LINE ( 'NONE', #11900, #11827 ) ;
#295 = EDGE_CURVE ( 'NONE', #9946, #7829, #7117, .T. ) ;
#296 =( NAMED_UNIT ( * ) SI_UNIT ( $, .STERADIAN. ) SOLID_ANGLE_UNIT ( ) );
#297 = COLOUR_RGB ( '',0.9411764705882352811, 0.6274509803921568540, 0.05490196078431372473 ) ;
#298 = DIRECTION ( 'NONE',  ( -0.000000000000000000, 1.000000000000000000, -0.000000000000000000 ) ) ;
#299 = VERTEX_POINT ( 'NONE', #7045 ) ;
#300 = PLANE ( 'NONE',  #12922 ) ;
#301 = SURFACE_STYLE_USAGE ( .BOTH. , #3332 ) ;
#302 =( NAMED_UNIT ( * ) PLANE_ANGLE_UNIT ( ) SI_UNIT ( $, .RADIAN. ) );
#303 = ORIENTED_EDGE ( 'NONE', *, *, #11069, .T. ) ;
#304 =( NAMED_UNIT ( * ) PLANE_ANGLE_UNIT ( ) SI_UNIT ( $, .RADIAN. ) );
#305 = DIRECTION ( 'NONE',  ( 1.000000000000000000, 0.000000000000000000, -0.000000000000000000 ) ) ;
#306 = DIRECTION ( 'NONE',  ( -0.000000000000000000, 1.000000000000000000, 0.000000000000000000 ) ) ;
#307 = STYLED_ITEM ( 'NONE', ( #4564 ), #9731 ) ;
#308 = ORIENTED_EDGE ( 'NONE', *, *, #11732, .T. ) ;
#309 = EDGE_CURVE ( 'NONE', #2782, #5669, #80, .T. ) ;
#310 = SURFACE_STYLE_USAGE ( .BOTH. , #1439 ) ;
#311 = EDGE_CURVE ( 'NONE', #3291, #11815, #3912, .T. ) ;
#312 = VERTEX_POINT ( 'NONE', #12253 ) ;
#313 = DIRECTION ( 'NONE',  ( -1.000000000000000000, 0.000000000000000000, 0.000000000000000000 ) ) ;
#314 = DIRECTION ( 'NONE',  ( -0.000000000000000000, 0.000000000000000000, 1.000000000000000000 ) ) ;
#315 = EDGE_CURVE ( 'NONE', #10456, #12599, #12112, .T. ) ;
#316 = LINE ( 'NONE', #10534, #3834 ) ;
#317 = STYLED_ITEM ( 'NONE', ( #4763 ), #9898 ) ;
#318 = FILL_AREA_STYLE ('',( #10408 ) ) ;
#319 = LINE ( 'NONE', #3471, #7378 ) ;
#320 = DIRECTION ( 'NONE',  ( 1.000000000000000000, 0.000000000000000000, 0.000000000000000000 ) ) ;
#321 = EDGE_LOOP ( 'NONE', ( #11912, #7381, #6500, #4597 ) ) ;
#322 = FILL_AREA_STYLE ('',( #2337 ) ) ;
#323 = CARTESIAN_POINT ( 'NONE',  ( -6.099999999999999645, 6.750000000000000000, 0.8199999999999999512 ) ) ;
#324 = ORIENTED_EDGE ( 'NONE', *, *, #7584, .F. ) ;
#325 = LINE ( 'NONE', #12430, #1790 ) ;
#326 = LINE ( 'NONE', #11555, #5975 ) ;
#327 = ADVANCED_FACE ( 'NONE', ( #11312 ), #5976, .F. ) ;
#328 = SURFACE_STYLE_USAGE ( .BOTH. , #6346 ) ;
#329 = ORIENTED_EDGE ( 'NONE', *, *, #1661, .F. ) ;
#330 = FACE_OUTER_BOUND ( 'NONE', #5468, .T. ) ;
#331 = CARTESIAN_POINT ( 'NONE',  ( 6.099999999999999645, 8.000000000000000000, 0.000000000000000000 ) ) ;
#332 = FILL_AREA_STYLE ('',( #9536 ) ) ;
#333 = VERTEX_POINT ( 'NONE', #10169 ) ;
#334 = LINE ( 'NONE', #10365, #3573 ) ;
#335 = FACE_OUTER_BOUND ( 'NONE', #11892, .T. ) ;
#336 = ORIENTED_EDGE ( 'NONE', *, *, #8880, .T. ) ;
#337 = CARTESIAN_POINT ( 'NONE',  ( 6.099999999999999645, 5.249999999999999112, 0.8199999999999999512 ) ) ;
#338 = LINE ( 'NONE', #12449, #3156 ) ;
#339 = ORIENTED_EDGE ( 'NONE', *, *, #9398, .F. ) ;
#340 = EDGE_CURVE ( 'NONE', #9509, #2689, #958, .T. ) ;
#341 = SURFACE_STYLE_FILL_AREA ( #8525 ) ;
#342 = CIRCLE ( 'NONE', #6332, 0.2500000000000002220 ) ;
#343 = UNCERTAINTY_MEASURE_WITH_UNIT (LENGTH_MEASURE( 1.000000000000000082E-05 ), #12632, 'distance_accuracy_value', 'NONE');
#344 = PLANE ( 'NONE',  #4236 ) ;
#345 = FILL_AREA_STYLE ('',( #5371 ) ) ;
#346 = ORIENTED_EDGE ( 'NONE', *, *, #4598, .F. ) ;
#347 = ORIENTED_EDGE ( 'NONE', *, *, #6802, .F. ) ;
#348 = DIRECTION ( 'NONE',  ( -1.000000000000000000, 0.000000000000000000, -0.000000000000000000 ) ) ;
#349 = PLANE ( 'NONE',  #1999 ) ;
#350 = CARTESIAN_POINT ( 'NONE',  ( 6.099999999999999645, -5.900000000000000355, 0.8199999999999999512 ) ) ;
#351 = EDGE_CURVE ( 'NONE', #3481, #9304, #9826, .T. ) ;
#352 = COLOUR_RGB ( '',0.9411764705882352811, 0.6274509803921568540, 0.05490196078431372473 ) ;
#354 = STYLED_ITEM ( 'NONE', ( #11716 ), #7828 ) ;
#353 = DIRECTION ( 'NONE',  ( -0.000000000000000000, 0.000000000000000000, 1.000000000000000000 ) ) ;
#355 = UNCERTAINTY_MEASURE_WITH_UNIT (LENGTH_MEASURE( 1.000000000000000082E-05 ), #11297, 'distance_accuracy_value', 'NONE');
#356 = VECTOR ( 'NONE', #7352, 1000.000000000000000 ) ;
#357 = VECTOR ( 'NONE', #4376, 1000.000000000000000 ) ;
#358 = CARTESIAN_POINT ( 'NONE',  ( -6.099999999999999645, 6.550000000000000711, 0.8199999999999999512 ) ) ;
#359 = ORIENTED_EDGE ( 'NONE', *, *, #1149, .T. ) ;
#360 = FACE_OUTER_BOUND ( 'NONE', #2292, .T. ) ;
#361 = DIRECTION ( 'NONE',  ( -0.000000000000000000, 1.000000000000000000, -0.000000000000000000 ) ) ;
#362 = SURFACE_STYLE_FILL_AREA ( #3333 ) ;
#363 = CARTESIAN_POINT ( 'NONE',  ( 5.299999999999998934, -5.250000000000000000, 0.8199999999999999512 ) ) ;
#364 =( NAMED_UNIT ( * ) PLANE_ANGLE_UNIT ( ) SI_UNIT ( $, .RADIAN. ) );
#365 = VERTEX_POINT ( 'NONE', #12458 ) ;
#366 = PRESENTATION_LAYER_ASSIGNMENT (  '', '', ( #6349 ) ) ;
#367 = PRESENTATION_STYLE_ASSIGNMENT (( #310 ) ) ;
#368 = ORIENTED_EDGE ( 'NONE', *, *, #11913, .T. ) ;
#369 = AXIS2_PLACEMENT_3D ( 'NONE', #3844, #6668, #4834 ) ;
#370 = EDGE_CURVE ( 'NONE', #4476, #4053, #11383, .T. ) ;
#371 = MECHANICAL_DESIGN_GEOMETRIC_PRESENTATION_REPRESENTATION (  '', ( #9372 ), #7869 ) ;
#372 = SURFACE_STYLE_FILL_AREA ( #3653 ) ;
#373 = PLANE ( 'NONE',  #7258 ) ;
#374 = ADVANCED_FACE ( 'NONE', ( #7524 ), #1146, .F. ) ;
#375 = DIRECTION ( 'NONE',  ( -0.000000000000000000, 1.000000000000000000, -0.000000000000000000 ) ) ;
#376 = LINE ( 'NONE', #12692, #1278 ) ;
#377 = AXIS2_PLACEMENT_3D ( 'NONE', #6719, #1287, #8469 ) ;
#378 = DIRECTION ( 'NONE',  ( -0.000000000000000000, 1.000000000000000000, -0.000000000000000000 ) ) ;
#379 = ADVANCED_FACE ( 'NONE', ( #5242 ), #11644, .F. ) ;
#380 = ORIENTED_EDGE ( 'NONE', *, *, #6886, .T. ) ;
#381 = SURFACE_SIDE_STYLE ('',( #4727 ) ) ;
#382 = FACE_OUTER_BOUND ( 'NONE', #12087, .T. ) ;
#383 = CARTESIAN_POINT ( 'NONE',  ( 6.099999999999999645, 2.349999999999999645, 0.8199999999999999512 ) ) ;
#384 = MECHANICAL_DESIGN_GEOMETRIC_PRESENTATION_REPRESENTATION (  '', ( #12837 ), #8100 ) ;
#385 = AXIS2_PLACEMENT_3D ( 'NONE', #9033, #4849, #4996 ) ;
#386 = VECTOR ( 'NONE', #4876, 1000.000000000000000 ) ;
#387 = UNCERTAINTY_MEASURE_WITH_UNIT (LENGTH_MEASURE( 1.000000000000000082E-05 ), #7608, 'distance_accuracy_value', 'NONE');
#388 = ORIENTED_EDGE ( 'NONE', *, *, #3465, .T. ) ;
#389 = LINE ( 'NONE', #13025, #2825 ) ;
#390 = EDGE_CURVE ( 'NONE', #1242, #3665, #7323, .T. ) ;
#391 = FILL_AREA_STYLE_COLOUR ( '', #1040 ) ;
#392 = ORIENTED_EDGE ( 'NONE', *, *, #9498, .F. ) ;
#393 = FILL_AREA_STYLE ('',( #8515 ) ) ;
#394 = DIRECTION ( 'NONE',  ( 0.000000000000000000, -1.000000000000000000, -0.000000000000000000 ) ) ;
#395 = VERTEX_POINT ( 'NONE', #8400 ) ;
#396 = FILL_AREA_STYLE_COLOUR ( '', #7419 ) ;
#397 = ORIENTED_EDGE ( 'NONE', *, *, #3679, .T. ) ;
#398 = VECTOR ( 'NONE', #9272, 1000.000000000000000 ) ;
#399 =( GEOMETRIC_REPRESENTATION_CONTEXT ( 3 ) GLOBAL_UNCERTAINTY_ASSIGNED_CONTEXT ( ( #6905 ) ) GLOBAL_UNIT_ASSIGNED_CONTEXT ( ( #4471, #10886, #6701 ) ) REPRESENTATION_CONTEXT ( 'NONE', 'WORKASPACE' ) );
#400 = SURFACE_STYLE_FILL_AREA ( #2223 ) ;
#401 = DIRECTION ( 'NONE',  ( 2.001604010742470255E-16, -1.000000000000000000, 0.000000000000000000 ) ) ;
#402 = ORIENTED_EDGE ( 'NONE', *, *, #4777, .F. ) ;
#403 = VECTOR ( 'NONE', #8063, 1000.000000000000000 ) ;
#404 = DIRECTION ( 'NONE',  ( 0.000000000000000000, 0.000000000000000000, -1.000000000000000000 ) ) ;
#405 = PRESENTATION_LAYER_ASSIGNMENT (  '', '', ( #10932 ) ) ;
#406 =( GEOMETRIC_REPRESENTATION_CONTEXT ( 3 ) GLOBAL_UNCERTAINTY_ASSIGNED_CONTEXT ( ( #747 ) ) GLOBAL_UNIT_ASSIGNED_CONTEXT ( ( #11290, #13168, #6135 ) ) REPRESENTATION_CONTEXT ( 'NONE', 'WORKASPACE' ) );
#407 = DIRECTION ( 'NONE',  ( -1.000000000000000000, 0.000000000000000000, 0.000000000000000000 ) ) ;
#408 = CIRCLE ( 'NONE', #10511, 0.2500000000000002220 ) ;
#409 = EDGE_CURVE ( 'NONE', #9249, #10794, #2296, .T. ) ;
#410 = FACE_OUTER_BOUND ( 'NONE', #8262, .T. ) ;
#411 = CARTESIAN_POINT ( 'NONE',  ( 6.099999999999999645, -3.250000000000000444, 0.8199999999999999512 ) ) ;
#412 = PRESENTATION_LAYER_ASSIGNMENT (  '', '', ( #11581 ) ) ;
#413 = ORIENTED_EDGE ( 'NONE', *, *, #1607, .F. ) ;
#414 = LINE ( 'NONE', #11583, #12798 ) ;
#415 = ORIENTED_EDGE ( 'NONE', *, *, #3815, .T. ) ;
#416 = LINE ( 'NONE', #5449, #6482 ) ;
#417 = SURFACE_STYLE_FILL_AREA ( #492 ) ;
#418 =( NAMED_UNIT ( * ) PLANE_ANGLE_UNIT ( ) SI_UNIT ( $, .RADIAN. ) );
#419 = CARTESIAN_POINT ( 'NONE',  ( -6.099999999999999645, 6.550000000000000711, 0.8199999999999999512 ) ) ;
#420 = PRESENTATION_LAYER_ASSIGNMENT (  '', '', ( #5984 ) ) ;
#421 = VECTOR ( 'NONE', #7959, 1000.000000000000000 ) ;
#422 = DIRECTION ( 'NONE',  ( -0.000000000000000000, -0.000000000000000000, -1.000000000000000000 ) ) ;
#423 = EDGE_CURVE ( 'NONE', #1719, #2917, #2227, .T. ) ;
#425 = DIRECTION ( 'NONE',  ( -0.000000000000000000, -0.000000000000000000, -1.000000000000000000 ) ) ;
#424 = AXIS2_PLACEMENT_3D ( 'NONE', #9903, #12118, #699 ) ;
#426 = AXIS2_PLACEMENT_3D ( 'NONE', #10654, #11793, #5653 ) ;
#427 = ORIENTED_EDGE ( 'NONE', *, *, #10191, .T. ) ;
#428 = LINE ( 'NONE', #6320, #2615 ) ;
#429 = CARTESIAN_POINT ( 'NONE',  ( -6.099999999999999645, -2.150000000000000355, 0.8199999999999999512 ) ) ;
#430 = CARTESIAN_POINT ( 'NONE',  ( -6.099999999999999645, -6.550000000000000711, 0.8199999999999999512 ) ) ;
#431 = AXIS2_PLACEMENT_3D ( 'NONE', #5660, #11801, #4635 ) ;
#432 = PRESENTATION_LAYER_ASSIGNMENT (  '', '', ( #7930 ) ) ;
#433 = CARTESIAN_POINT ( 'NONE',  ( 6.099999999999999645, -4.150000000000000355, 0.8199999999999999512 ) ) ;
#434 = CARTESIAN_POINT ( 'NONE',  ( 6.099999999999999645, -0.6500000000000003553, 0.000000000000000000 ) ) ;
#435 = FACE_OUTER_BOUND ( 'NONE', #6020, .T. ) ;
#436 = ORIENTED_EDGE ( 'NONE', *, *, #2963, .T. ) ;
#437 = PLANE ( 'NONE',  #4280 ) ;
#438 = VERTEX_POINT ( 'NONE', #10498 ) ;
#439 = CIRCLE ( 'NONE', #7932, 0.2500000000000002220 ) ;
#440 = PRESENTATION_LAYER_ASSIGNMENT (  '', '', ( #6203 ) ) ;
#441 = MANIFOLD_SOLID_BREP ( 'Boss-Extrude2[15]', #2955 ) ;
#442 = PLANE ( 'NONE',  #10350 ) ;
#443 = CARTESIAN_POINT ( 'NONE',  ( 6.099999999999999645, -3.250000000000000444, 0.8199999999999999512 ) ) ;
#444 = EDGE_CURVE ( 'NONE', #12558, #5418, #4487, .T. ) ;
#445 = SURFACE_SIDE_STYLE ('',( #1638 ) ) ;
#446 = EDGE_CURVE ( 'NONE', #277, #11365, #9478, .T. ) ;
#447 = DIRECTION ( 'NONE',  ( 1.000000000000000000, 0.000000000000000000, 0.000000000000000000 ) ) ;
#448 = LINE ( 'NONE', #8631, #10958 ) ;
#449 = VERTEX_POINT ( 'NONE', #8590 ) ;
#450 = DIRECTION ( 'NONE',  ( 1.000000000000000000, 0.000000000000000000, -0.000000000000000000 ) ) ;
#451 =( NAMED_UNIT ( * ) SI_UNIT ( $, .STERADIAN. ) SOLID_ANGLE_UNIT ( ) );
#452 = CARTESIAN_POINT ( 'NONE',  ( -5.299999999999998934, 2.149999999999999911, 0.000000000000000000 ) ) ;
#453 = ORIENTED_EDGE ( 'NONE', *, *, #6979, .T. ) ;
#454 = COLOUR_RGB ( '',0.9411764705882352811, 0.6274509803921568540, 0.05490196078431372473 ) ;
#455 =( LENGTH_UNIT ( ) NAMED_UNIT ( * ) SI_UNIT ( .MILLI., .METRE. ) );
#456 = PRESENTATION_LAYER_ASSIGNMENT (  '', '', ( #4714 ) ) ;
#457 = DIRECTION ( 'NONE',  ( -0.000000000000000000, -0.000000000000000000, -1.000000000000000000 ) ) ;
#458 = CIRCLE ( 'NONE', #5574, 0.2500000000000002220 ) ;
#459 = ADVANCED_FACE ( 'NONE', ( #5632 ), #6571, .T. ) ;
#460 = AXIS2_PLACEMENT_3D ( 'NONE', #2590, #8622, #12751 ) ;
#461 = MECHANICAL_DESIGN_GEOMETRIC_PRESENTATION_REPRESENTATION (  '', ( #4515 ), #2851 ) ;
#462 = ORIENTED_EDGE ( 'NONE', *, *, #5149, .F. ) ;
#463 = PRESENTATION_STYLE_ASSIGNMENT (( #5615 ) ) ;
#464 = LINE ( 'NONE', #6357, #7243 ) ;
#465 =( GEOMETRIC_REPRESENTATION_CONTEXT ( 3 ) GLOBAL_UNCERTAINTY_ASSIGNED_CONTEXT ( ( #10302 ) ) GLOBAL_UNIT_ASSIGNED_CONTEXT ( ( #3658, #11991, #2801 ) ) REPRESENTATION_CONTEXT ( 'NONE', 'WORKASPACE' ) );
#466 = ORIENTED_EDGE ( 'NONE', *, *, #7015, .T. ) ;
#467 = DIRECTION ( 'NONE',  ( 1.000000000000000000, -0.000000000000000000, -0.000000000000000000 ) ) ;
#468 = PRESENTATION_LAYER_ASSIGNMENT (  '', '', ( #3892 ) ) ;
#469 = SURFACE_STYLE_USAGE ( .BOTH. , #12772 ) ;
#470 = ORIENTED_EDGE ( 'NONE', *, *, #9428, .F. ) ;
#471 =( NAMED_UNIT ( * ) PLANE_ANGLE_UNIT ( ) SI_UNIT ( $, .RADIAN. ) );
#472 = DIRECTION ( 'NONE',  ( 0.000000000000000000, -0.000000000000000000, 1.000000000000000000 ) ) ;
#473 = DIRECTION ( 'NONE',  ( -0.000000000000000000, -0.000000000000000000, -1.000000000000000000 ) ) ;
#474 = ORIENTED_EDGE ( 'NONE', *, *, #5026, .T. ) ;
#475 = AXIS2_PLACEMENT_3D ( 'NONE', #9697, #498, #10647 ) ;
#476 = VECTOR ( 'NONE', #6397, 1000.000000000000000 ) ;
#477 = PLANE ( 'NONE',  #9327 ) ;
#478 = EDGE_CURVE ( 'NONE', #4916, #8838, #3506, .T. ) ;
#479 = VECTOR ( 'NONE', #5457, 1000.000000000000000 ) ;
#480 = VECTOR ( 'NONE', #5812, 1000.000000000000000 ) ;
#481 = DIRECTION ( 'NONE',  ( 0.000000000000000000, 1.000000000000000000, 0.000000000000000000 ) ) ;
#482 = UNCERTAINTY_MEASURE_WITH_UNIT (LENGTH_MEASURE( 1.000000000000000082E-05 ), #13247, 'distance_accuracy_value', 'NONE');
#483 = DIRECTION ( 'NONE',  ( -0.000000000000000000, 0.000000000000000000, 1.000000000000000000 ) ) ;
#484 = LINE ( 'NONE', #6573, #11971 ) ;
#485 = PRESENTATION_LAYER_ASSIGNMENT (  '', '', ( #7556 ) ) ;
#486 = EDGE_LOOP ( 'NONE', ( #8975, #13240, #12145, #7115 ) ) ;
#487 = SURFACE_STYLE_USAGE ( .BOTH. , #2764 ) ;
#488 = SURFACE_SIDE_STYLE ('',( #11847 ) ) ;
#489 = ORIENTED_EDGE ( 'NONE', *, *, #4924, .T. ) ;
#490 = CARTESIAN_POINT ( 'NONE',  ( -6.099999999999999645, 6.349999999999999645, 0.000000000000000000 ) ) ;
#491 = DIRECTION ( 'NONE',  ( -0.000000000000000000, 1.000000000000000000, -0.000000000000000000 ) ) ;
#492 = FILL_AREA_STYLE ('',( #10644 ) ) ;
#493 = DIRECTION ( 'NONE',  ( 1.000000000000000000, -0.000000000000000000, -0.000000000000000000 ) ) ;
#494 =( GEOMETRIC_REPRESENTATION_CONTEXT ( 3 ) GLOBAL_UNCERTAINTY_ASSIGNED_CONTEXT ( ( #13148 ) ) GLOBAL_UNIT_ASSIGNED_CONTEXT ( ( #6053, #3052, #10585 ) ) REPRESENTATION_CONTEXT ( 'NONE', 'WORKASPACE' ) );
#495 = CARTESIAN_POINT ( 'NONE',  ( 6.099999999999999645, -3.250000000000000444, 0.000000000000000000 ) ) ;
#496 = EDGE_CURVE ( 'NONE', #7528, #2508, #8657, .T. ) ;
#497 = PRESENTATION_LAYER_ASSIGNMENT (  '', '', ( #8215 ) ) ;
#498 = DIRECTION ( 'NONE',  ( -0.000000000000000000, -0.000000000000000000, 1.000000000000000000 ) ) ;
#499 = UNCERTAINTY_MEASURE_WITH_UNIT (LENGTH_MEASURE( 1.000000000000000082E-05 ), #4449, 'distance_accuracy_value', 'NONE');
#500 = PRESENTATION_LAYER_ASSIGNMENT (  '', '', ( #12946 ) ) ;
#501 = CARTESIAN_POINT ( 'NONE',  ( 5.299999999999998934, -6.550000000000000711, 0.8199999999999999512 ) ) ;
#502 = VERTEX_POINT ( 'NONE', #12781 ) ;
#503 = DIRECTION ( 'NONE',  ( 0.000000000000000000, 0.000000000000000000, -1.000000000000000000 ) ) ;
#504 = DIRECTION ( 'NONE',  ( 0.000000000000000000, 0.000000000000000000, -1.000000000000000000 ) ) ;
#505 = AXIS2_PLACEMENT_3D ( 'NONE', #8061, #7038, #1955 ) ;
#506 = FILL_AREA_STYLE ('',( #12937 ) ) ;
#507 = CARTESIAN_POINT ( 'NONE',  ( -6.099999999999999645, -2.150000000000000355, 0.8199999999999999512 ) ) ;
#508 = CARTESIAN_POINT ( 'NONE',  ( 5.299999999999998934, 6.349999999999999645, 0.8199999999999999512 ) ) ;
#509 = ORIENTED_EDGE ( 'NONE', *, *, #6696, .F. ) ;
#510 = SURFACE_SIDE_STYLE ('',( #5400 ) ) ;
#511 = CARTESIAN_POINT ( 'NONE',  ( -6.099999999999999645, -5.050000000000000711, 0.8199999999999999512 ) ) ;
#512 = EDGE_CURVE ( 'NONE', #12816, #1269, #7645, .T. ) ;
#513 = ORIENTED_EDGE ( 'NONE', *, *, #5087, .T. ) ;
#514 = DIRECTION ( 'NONE',  ( 0.000000000000000000, 0.000000000000000000, -1.000000000000000000 ) ) ;
#515 = PRESENTATION_LAYER_ASSIGNMENT (  '', '', ( #942 ) ) ;
#516 = SURFACE_STYLE_USAGE ( .BOTH. , #2667 ) ;
#517 = DIRECTION ( 'NONE',  ( 1.000000000000000000, 0.000000000000000000, -0.000000000000000000 ) ) ;
#518 = MECHANICAL_DESIGN_GEOMETRIC_PRESENTATION_REPRESENTATION (  '', ( #307 ), #7579 ) ;
#519 = DIRECTION ( 'NONE',  ( 0.000000000000000000, -0.000000000000000000, -1.000000000000000000 ) ) ;
#520 = DIRECTION ( 'NONE',  ( 1.000000000000000000, 0.000000000000000000, 0.000000000000000000 ) ) ;
#521 = EDGE_LOOP ( 'NONE', ( #10211, #5662, #12611, #10143 ) ) ;
#522 = CARTESIAN_POINT ( 'NONE',  ( -5.299999999999998934, 2.149999999999999911, 0.8199999999999999512 ) ) ;
#523 = PRESENTATION_STYLE_ASSIGNMENT (( #5734 ) ) ;
#524 = LINE ( 'NONE', #3664, #12447 ) ;
#525 = ORIENTED_EDGE ( 'NONE', *, *, #1932, .T. ) ;
#526 = VECTOR ( 'NONE', #2261, 1000.000000000000000 ) ;
#527 = SURFACE_STYLE_USAGE ( .BOTH. , #5538 ) ;
#528 = PRESENTATION_STYLE_ASSIGNMENT (( #5610 ) ) ;
#529 = VECTOR ( 'NONE', #4691, 1000.000000000000000 ) ;
#530 = UNCERTAINTY_MEASURE_WITH_UNIT (LENGTH_MEASURE( 1.000000000000000082E-05 ), #2828, 'distance_accuracy_value', 'NONE');
#531 = ORIENTED_EDGE ( 'NONE', *, *, #3576, .T. ) ;
#532 =( LENGTH_UNIT ( ) NAMED_UNIT ( * ) SI_UNIT ( .MILLI., .METRE. ) );
#533 = MANIFOLD_SOLID_BREP ( 'Boss-Extrude2[23]', #804 ) ;
#534 = FILL_AREA_STYLE ('',( #1339 ) ) ;
#535 = DIRECTION ( 'NONE',  ( 0.000000000000000000, 0.000000000000000000, -1.000000000000000000 ) ) ;
#536 = VERTEX_POINT ( 'NONE', #8116 ) ;
#537 = LINE ( 'NONE', #4933, #5834 ) ;
#538 = ORIENTED_EDGE ( 'NONE', *, *, #9080, .T. ) ;
#539 =( NAMED_UNIT ( * ) SI_UNIT ( $, .STERADIAN. ) SOLID_ANGLE_UNIT ( ) );
#540 =( NAMED_UNIT ( * ) PLANE_ANGLE_UNIT ( ) SI_UNIT ( $, .RADIAN. ) );
#541 = PRESENTATION_STYLE_ASSIGNMENT (( #9746 ) ) ;
#542 = ORIENTED_EDGE ( 'NONE', *, *, #11813, .T. ) ;
#543 = ADVANCED_FACE ( 'NONE', ( #2073 ), #6645, .F. ) ;
#544 = FILL_AREA_STYLE_COLOUR ( '', #7078 ) ;
#545 =( LENGTH_UNIT ( ) NAMED_UNIT ( * ) SI_UNIT ( .MILLI., .METRE. ) );
#546 = DIRECTION ( 'NONE',  ( 1.000000000000000000, -0.000000000000000000, -0.000000000000000000 ) ) ;
#547 = ORIENTED_EDGE ( 'NONE', *, *, #2554, .F. ) ;
#548 = ADVANCED_FACE ( 'NONE', ( #11173 ), #12023, .F. ) ;
#549 = ADVANCED_FACE ( 'NONE', ( #11043 ), #8920, .T. ) ;
#550 = DIRECTION ( 'NONE',  ( 0.000000000000000000, -0.000000000000000000, 1.000000000000000000 ) ) ;
#551 = ORIENTED_EDGE ( 'NONE', *, *, #2963, .F. ) ;
#552 =( NAMED_UNIT ( * ) PLANE_ANGLE_UNIT ( ) SI_UNIT ( $, .RADIAN. ) );
#553 = SURFACE_STYLE_USAGE ( .BOTH. , #10847 ) ;
#554 = SURFACE_STYLE_FILL_AREA ( #10787 ) ;
#555 = SURFACE_STYLE_FILL_AREA ( #2773 ) ;
#556 = MANIFOLD_SOLID_BREP ( 'Boss-Extrude2[2]', #5927 ) ;
#557 = SURFACE_STYLE_FILL_AREA ( #10915 ) ;
#558 = CARTESIAN_POINT ( 'NONE',  ( 5.299999999999998934, 3.049999999999999822, 0.8199999999999999512 ) ) ;
#559 = DIRECTION ( 'NONE',  ( 0.000000000000000000, -0.000000000000000000, 1.000000000000000000 ) ) ;
#560 = DIRECTION ( 'NONE',  ( -0.000000000000000000, -0.000000000000000000, -1.000000000000000000 ) ) ;
#561 = ORIENTED_EDGE ( 'NONE', *, *, #7919, .T. ) ;
#562 = EDGE_CURVE ( 'NONE', #2689, #1021, #11097, .T. ) ;
#563 = FACE_OUTER_BOUND ( 'NONE', #4675, .T. ) ;
#564 = FILL_AREA_STYLE ('',( #4439 ) ) ;
#565 = STYLED_ITEM ( 'NONE', ( #904 ), #8203 ) ;
#566 = VERTEX_POINT ( 'NONE', #6146 ) ;
#567 = DIRECTION ( 'NONE',  ( 0.000000000000000000, 0.000000000000000000, -1.000000000000000000 ) ) ;
#568 = CARTESIAN_POINT ( 'NONE',  ( -6.099999999999999645, -3.050000000000000266, 0.8199999999999999512 ) ) ;
#569 = ORIENTED_EDGE ( 'NONE', *, *, #12675, .T. ) ;
#570 = ORIENTED_EDGE ( 'NONE', *, *, #3465, .F. ) ;
#571 =( LENGTH_UNIT ( ) NAMED_UNIT ( * ) SI_UNIT ( .MILLI., .METRE. ) );
#572 = VECTOR ( 'NONE', #5767, 1000.000000000000000 ) ;
#573 = AXIS2_PLACEMENT_3D ( 'NONE', #2444, #5509, #4613 ) ;
#574 = SURFACE_STYLE_USAGE ( .BOTH. , #6605 ) ;
#575 = ADVANCED_FACE ( 'NONE', ( #6434 ), #10284, .F. ) ;
#576 = DIRECTION ( 'NONE',  ( -1.626303258728256651E-16, 1.000000000000000000, 0.000000000000000000 ) ) ;
#577 = CARTESIAN_POINT ( 'NONE',  ( -5.299999999999998934, 0.04999999999999969746, 0.000000000000000000 ) ) ;
#578 = ORIENTED_EDGE ( 'NONE', *, *, #11650, .T. ) ;
#579 = LINE ( 'NONE', #849, #2841 ) ;
#580 = PLANE ( 'NONE',  #10724 ) ;
#581 = COLOUR_RGB ( '',0.000000000000000000, 1.000000000000000000, 0.000000000000000000 ) ;
#582 = DIRECTION ( 'NONE',  ( -1.000000000000000000, 0.000000000000000000, -0.000000000000000000 ) ) ;
#583 = ORIENTED_EDGE ( 'NONE', *, *, #4467, .F. ) ;
#584 = AXIS2_PLACEMENT_3D ( 'NONE', #13118, #4817, #1957 ) ;
#585 = SURFACE_STYLE_FILL_AREA ( #8831 ) ;
#586 = SURFACE_STYLE_FILL_AREA ( #3800 ) ;
#587 = CARTESIAN_POINT ( 'NONE',  ( 5.299999999999998934, 3.250000000000000444, 0.8199999999999999512 ) ) ;
#588 = CLOSED_SHELL ( 'NONE', ( #3079, #1408, #3401, #1465, #3663, #9158, #12544, #6858, #1960 ) ) ;
#589 = VECTOR ( 'NONE', #2078, 1000.000000000000000 ) ;
#590 = ORIENTED_EDGE ( 'NONE', *, *, #9210, .T. ) ;
#591 = EDGE_CURVE ( 'NONE', #395, #10344, #5282, .T. ) ;
#592 = CARTESIAN_POINT ( 'NONE',  ( 5.299999999999998934, 3.250000000000000444, 0.8199999999999999512 ) ) ;
#593 = MANIFOLD_SOLID_BREP ( 'Boss-Extrude2[6]', #7648 ) ;
#594 = FACE_OUTER_BOUND ( 'NONE', #11146, .T. ) ;
#595 = CARTESIAN_POINT ( 'NONE',  ( 5.299999999999998934, 6.550000000000000711, 0.8199999999999999512 ) ) ;
#596 = ORIENTED_EDGE ( 'NONE', *, *, #12421, .F. ) ;
#597 = ORIENTED_EDGE ( 'NONE', *, *, #5781, .F. ) ;
#598 = DIRECTION ( 'NONE',  ( -1.000000000000000000, -0.000000000000000000, -0.000000000000000000 ) ) ;
#599 = CARTESIAN_POINT ( 'NONE',  ( 6.099999999999999645, -1.250000000000000000, 0.000000000000000000 ) ) ;
#600 = ORIENTED_EDGE ( 'NONE', *, *, #5712, .F. ) ;
#601 = VECTOR ( 'NONE', #4553, 1000.000000000000000 ) ;
#602 =( NAMED_UNIT ( * ) SI_UNIT ( $, .STERADIAN. ) SOLID_ANGLE_UNIT ( ) );
#603 =( NAMED_UNIT ( * ) SI_UNIT ( $, .STERADIAN. ) SOLID_ANGLE_UNIT ( ) );
#604 = UNCERTAINTY_MEASURE_WITH_UNIT (LENGTH_MEASURE( 1.000000000000000082E-05 ), #3301, 'distance_accuracy_value', 'NONE');
#605 = PLANE ( 'NONE',  #12202 ) ;
#606 = SURFACE_STYLE_FILL_AREA ( #9817 ) ;
#607 = VECTOR ( 'NONE', #11905, 1000.000000000000000 ) ;
#608 = AXIS2_PLACEMENT_3D ( 'NONE', #7649, #8404, #3318 ) ;
#609 = ADVANCED_FACE ( 'NONE', ( #9393 ), #8249, .T. ) ;
#610 = ORIENTED_EDGE ( 'NONE', *, *, #10525, .T. ) ;
#611 = CARTESIAN_POINT ( 'NONE',  ( 5.299999999999998934, -1.050000000000000266, 0.000000000000000000 ) ) ;
#612 = LINE ( 'NONE', #13045, #9376 ) ;
#613 = EDGE_CURVE ( 'NONE', #9887, #11425, #3609, .T. ) ;
#614 = ORIENTED_EDGE ( 'NONE', *, *, #10757, .T. ) ;
#615 =( LENGTH_UNIT ( ) NAMED_UNIT ( * ) SI_UNIT ( .MILLI., .METRE. ) );
#616 = DIRECTION ( 'NONE',  ( -0.000000000000000000, 0.000000000000000000, -1.000000000000000000 ) ) ;
#617 = PRESENTATION_STYLE_ASSIGNMENT (( #9694 ) ) ;
#618 = VECTOR ( 'NONE', #4412, 1000.000000000000000 ) ;
#619 = CARTESIAN_POINT ( 'NONE',  ( 6.099999999999999645, 6.349999999999999645, 0.8199999999999999512 ) ) ;
#620 = ADVANCED_FACE ( 'NONE', ( #7770 ), #2681, .F. ) ;
#621 = MECHANICAL_DESIGN_GEOMETRIC_PRESENTATION_REPRESENTATION (  '', ( #12446 ), #6838 ) ;
#622 = DIRECTION ( 'NONE',  ( -1.000000000000000000, 0.000000000000000000, -0.000000000000000000 ) ) ;
#623 = AXIS2_PLACEMENT_3D ( 'NONE', #8697, #9662, #11884 ) ;
#624 = EDGE_CURVE ( 'NONE', #6008, #1653, #6555, .T. ) ;
#625 = UNCERTAINTY_MEASURE_WITH_UNIT (LENGTH_MEASURE( 1.000000000000000082E-05 ), #8219, 'distance_accuracy_value', 'NONE');
#626 = DIRECTION ( 'NONE',  ( 0.000000000000000000, -1.000000000000000000, 0.000000000000000000 ) ) ;
#627 = EDGE_LOOP ( 'NONE', ( #4079, #11442, #6938, #2848 ) ) ;
#628 = CARTESIAN_POINT ( 'NONE',  ( 6.099999999999999645, -4.350000000000000533, 0.000000000000000000 ) ) ;
#629 = CARTESIAN_POINT ( 'NONE',  ( -6.099999999999999645, -2.850000000000000533, 0.8199999999999999512 ) ) ;
#630 = CARTESIAN_POINT ( 'NONE',  ( 6.099999999999999645, 3.049999999999999822, 0.8199999999999999512 ) ) ;
#631 = ORIENTED_EDGE ( 'NONE', *, *, #5034, .F. ) ;
#632 = VECTOR ( 'NONE', #10098, 1000.000000000000000 ) ;
#633 = SURFACE_STYLE_USAGE ( .BOTH. , #5654 ) ;
#634 = CARTESIAN_POINT ( 'NONE',  ( 6.099999999999999645, 2.149999999999999911, 0.000000000000000000 ) ) ;
#635 = PLANE ( 'NONE',  #1209 ) ;
#636 = ORIENTED_EDGE ( 'NONE', *, *, #9842, .T. ) ;
#637 = AXIS2_PLACEMENT_3D ( 'NONE', #8037, #10947, #7076 ) ;
#638 = VECTOR ( 'NONE', #12695, 1000.000000000000000 ) ;
#639 = LINE ( 'NONE', #12124, #9661 ) ;
#640 = FACE_OUTER_BOUND ( 'NONE', #12631, .T. ) ;
#641 = EDGE_CURVE ( 'NONE', #9381, #10935, #1014, .T. ) ;
#642 = MANIFOLD_SOLID_BREP ( 'Boss-Extrude2[14]', #155 ) ;
#643 = COLOUR_RGB ( '',0.000000000000000000, 1.000000000000000000, 0.000000000000000000 ) ;
#644 = VECTOR ( 'NONE', #10043, 1000.000000000000000 ) ;
#645 = PRESENTATION_LAYER_ASSIGNMENT (  '', '', ( #2584 ) ) ;
#646 = FILL_AREA_STYLE_COLOUR ( '', #3322 ) ;
#647 = VECTOR ( 'NONE', #9227, 1000.000000000000000 ) ;
#648 = DIRECTION ( 'NONE',  ( 0.000000000000000000, -0.000000000000000000, 1.000000000000000000 ) ) ;
#649 = SURFACE_SIDE_STYLE ('',( #11065 ) ) ;
#650 = CARTESIAN_POINT ( 'NONE',  ( -6.099999999999999645, 5.649999999999999467, 0.000000000000000000 ) ) ;
#651 = VERTEX_POINT ( 'NONE', #9593 ) ;
#652 = SURFACE_STYLE_FILL_AREA ( #8890 ) ;
#653 = VERTEX_POINT ( 'NONE', #6626 ) ;
#654 = CYLINDRICAL_SURFACE ( 'NONE', #10513, 0.2500000000000002220 ) ;
#655 =( GEOMETRIC_REPRESENTATION_CONTEXT ( 3 ) GLOBAL_UNCERTAINTY_ASSIGNED_CONTEXT ( ( #7628 ) ) GLOBAL_UNIT_ASSIGNED_CONTEXT ( ( #3687, #11956, #603 ) ) REPRESENTATION_CONTEXT ( 'NONE', 'WORKASPACE' ) );
#656 = SURFACE_STYLE_USAGE ( .BOTH. , #4655 ) ;
#657 = EDGE_CURVE ( 'NONE', #2546, #11483, #10755, .T. ) ;
#658 = UNCERTAINTY_MEASURE_WITH_UNIT (LENGTH_MEASURE( 1.000000000000000082E-05 ), #4344, 'distance_accuracy_value', 'NONE');
#659 = ORIENTED_EDGE ( 'NONE', *, *, #12061, .T. ) ;
#660 = LINE ( 'NONE', #13095, #243 ) ;
#661 = MANIFOLD_SOLID_BREP ( 'Boss-Extrude2[19]', #10021 ) ;
#662 = DIRECTION ( 'NONE',  ( 0.000000000000000000, 1.000000000000000000, -0.000000000000000000 ) ) ;
#663 = CARTESIAN_POINT ( 'NONE',  ( 6.099999999999999645, 4.800000000000000711, 0.000000000000000000 ) ) ;
#664 = ORIENTED_EDGE ( 'NONE', *, *, #10223, .T. ) ;
#665 = DIRECTION ( 'NONE',  ( 0.000000000000000000, -1.000000000000000000, 0.000000000000000000 ) ) ;
#666 = DIRECTION ( 'NONE',  ( -1.000000000000000000, 0.000000000000000000, 0.000000000000000000 ) ) ;
#667 = ORIENTED_EDGE ( 'NONE', *, *, #3914, .T. ) ;
#668 = VECTOR ( 'NONE', #2527, 1000.000000000000000 ) ;
#669 =( NAMED_UNIT ( * ) SI_UNIT ( $, .STERADIAN. ) SOLID_ANGLE_UNIT ( ) );
#670 = FILL_AREA_STYLE ('',( #5754 ) ) ;
#671 = CARTESIAN_POINT ( 'NONE',  ( -6.099999999999999645, -2.850000000000000533, 0.8199999999999999512 ) ) ;
#672 = VERTEX_POINT ( 'NONE', #13094 ) ;
#673 =( LENGTH_UNIT ( ) NAMED_UNIT ( * ) SI_UNIT ( .MILLI., .METRE. ) );
#674 =( LENGTH_UNIT ( ) NAMED_UNIT ( * ) SI_UNIT ( .MILLI., .METRE. ) );
#675 = EDGE_CURVE ( 'NONE', #502, #1196, #389, .T. ) ;
#676 = EDGE_CURVE ( 'NONE', #949, #5801, #4071, .T. ) ;
#677 = FILL_AREA_STYLE_COLOUR ( '', #7446 ) ;
#678 = AXIS2_PLACEMENT_3D ( 'NONE', #2245, #5255, #10189 ) ;
#679 = CARTESIAN_POINT ( 'NONE',  ( 6.099999999999999645, -5.250000000000000000, 0.8199999999999999512 ) ) ;
#680 =( LENGTH_UNIT ( ) NAMED_UNIT ( * ) SI_UNIT ( .MILLI., .METRE. ) );
#681 = ORIENTED_EDGE ( 'NONE', *, *, #1106, .F. ) ;
#682 = CIRCLE ( 'NONE', #475, 0.2500000000000002220 ) ;
#683 = EDGE_LOOP ( 'NONE', ( #3768, #6023, #11676, #12804, #3160, #4706, #11536 ) ) ;
#684 = AXIS2_PLACEMENT_3D ( 'NONE', #1057, #5216, #8178 ) ;
#685 =( NAMED_UNIT ( * ) SI_UNIT ( $, .STERADIAN. ) SOLID_ANGLE_UNIT ( ) );
#686 = CARTESIAN_POINT ( 'NONE',  ( -6.099999999999999645, 4.349999999999999645, 0.8199999999999999512 ) ) ;
#687 = MANIFOLD_SOLID_BREP ( 'Boss-Extrude2[11]', #8090 ) ;
#688 =( GEOMETRIC_REPRESENTATION_CONTEXT ( 3 ) GLOBAL_UNCERTAINTY_ASSIGNED_CONTEXT ( ( #9479 ) ) GLOBAL_UNIT_ASSIGNED_CONTEXT ( ( #6047, #8141, #10503 ) ) REPRESENTATION_CONTEXT ( 'NONE', 'WORKASPACE' ) );
#689 = DIRECTION ( 'NONE',  ( -0.000000000000000000, 1.000000000000000000, -0.000000000000000000 ) ) ;
#690 =( GEOMETRIC_REPRESENTATION_CONTEXT ( 3 ) GLOBAL_UNCERTAINTY_ASSIGNED_CONTEXT ( ( #12644 ) ) GLOBAL_UNIT_ASSIGNED_CONTEXT ( ( #1067, #11242, #1129 ) ) REPRESENTATION_CONTEXT ( 'NONE', 'WORKASPACE' ) );
#691 =( LENGTH_UNIT ( ) NAMED_UNIT ( * ) SI_UNIT ( .MILLI., .METRE. ) );
#692 = EDGE_CURVE ( 'NONE', #13169, #1495, #731, .T. ) ;
#693 = AXIS2_PLACEMENT_3D ( 'NONE', #30, #8280, #12402 ) ;
#694 = AXIS2_PLACEMENT_3D ( 'NONE', #977, #7200, #5129 ) ;
#695 = VECTOR ( 'NONE', #2547, 1000.000000000000000 ) ;
#696 = CARTESIAN_POINT ( 'NONE',  ( 6.099999999999999645, 3.250000000000000444, 0.000000000000000000 ) ) ;
#697 = VERTEX_POINT ( 'NONE', #4799 ) ;
#698 = CIRCLE ( 'NONE', #9932, 0.2500000000000002220 ) ;
#699 = DIRECTION ( 'NONE',  ( 0.000000000000000000, -0.000000000000000000, 1.000000000000000000 ) ) ;
#700 = SURFACE_STYLE_FILL_AREA ( #2510 ) ;
#701 = ORIENTED_EDGE ( 'NONE', *, *, #2311, .F. ) ;
#702 = CARTESIAN_POINT ( 'NONE',  ( 6.099999999999999645, 0.04999999999999969746, 0.8199999999999999512 ) ) ;
#703 = CARTESIAN_POINT ( 'NONE',  ( 6.099999999999999645, -0.8500000000000000888, 0.8199999999999999512 ) ) ;
#704 = EDGE_CURVE ( 'NONE', #2030, #11500, #7966, .T. ) ;
#705 = VERTEX_POINT ( 'NONE', #5075 ) ;
#706 = AXIS2_PLACEMENT_3D ( 'NONE', #1976, #9224, #7123 ) ;
#707 = CARTESIAN_POINT ( 'NONE',  ( -6.099999999999999645, -5.450000000000001066, 0.000000000000000000 ) ) ;
#708 = DIRECTION ( 'NONE',  ( 0.000000000000000000, -0.000000000000000000, -1.000000000000000000 ) ) ;
#709 = EDGE_CURVE ( 'NONE', #4318, #11869, #7902, .T. ) ;
#710 = DIRECTION ( 'NONE',  ( 1.000000000000000000, 0.000000000000000000, -0.000000000000000000 ) ) ;
#711 = DIRECTION ( 'NONE',  ( 0.000000000000000000, -1.000000000000000000, 0.000000000000000000 ) ) ;
#712 = CARTESIAN_POINT ( 'NONE',  ( -6.099999999999999645, -7.450000000000000178, 0.8199999999999999512 ) ) ;
#713 = ORIENTED_EDGE ( 'NONE', *, *, #11287, .F. ) ;
#714 = CARTESIAN_POINT ( 'NONE',  ( -6.099999999999999645, -5.250000000000000000, 0.000000000000000000 ) ) ;
#715 = CARTESIAN_POINT ( 'NONE',  ( -6.099999999999999645, -0.8500000000000000888, 0.8199999999999999512 ) ) ;
#716 = CARTESIAN_POINT ( 'NONE',  ( 6.099999999999999645, -6.350000000000000533, 0.8199999999999999512 ) ) ;
#717 = VERTEX_POINT ( 'NONE', #11029 ) ;
#718 = EDGE_CURVE ( 'NONE', #9687, #8195, #1797, .T. ) ;
#719 = FILL_AREA_STYLE ('',( #5872 ) ) ;
#720 = FILL_AREA_STYLE_COLOUR ( '', #4860 ) ;
#721 = CARTESIAN_POINT ( 'NONE',  ( 6.099999999999999645, 7.000000000000000000, 0.8199999999999999512 ) ) ;
#722 = ADVANCED_FACE ( 'NONE', ( #9992 ), #8972, .F. ) ;
#723 = MECHANICAL_DESIGN_GEOMETRIC_PRESENTATION_REPRESENTATION (  '', ( #6069 ), #946 ) ;
#724 = LINE ( 'NONE', #10313, #10952 ) ;
#725 = ORIENTED_EDGE ( 'NONE', *, *, #7663, .T. ) ;
#726 = FACE_OUTER_BOUND ( 'NONE', #4012, .T. ) ;
#727 = DIRECTION ( 'NONE',  ( -1.000000000000000000, 0.000000000000000000, -0.000000000000000000 ) ) ;
#728 = STYLED_ITEM ( 'NONE', ( #801 ), #5161 ) ;
#729 = DIRECTION ( 'NONE',  ( 1.000000000000000000, 0.000000000000000000, -0.000000000000000000 ) ) ;
#730 = ORIENTED_EDGE ( 'NONE', *, *, #11771, .T. ) ;
#731 = LINE ( 'NONE', #11080, #4508 ) ;
#732 = LINE ( 'NONE', #592, #6024 ) ;
#733 =( NAMED_UNIT ( * ) SI_UNIT ( $, .STERADIAN. ) SOLID_ANGLE_UNIT ( ) );
#734 = ORIENTED_EDGE ( 'NONE', *, *, #11575, .T. ) ;
#735 = DIRECTION ( 'NONE',  ( -0.000000000000000000, -0.000000000000000000, -1.000000000000000000 ) ) ;
#736 = CARTESIAN_POINT ( 'NONE',  ( 6.099999999999999645, -2.350000000000000089, 0.8199999999999999512 ) ) ;
#737 = EDGE_CURVE ( 'NONE', #4936, #1265, #458, .T. ) ;
#738 = ORIENTED_EDGE ( 'NONE', *, *, #3956, .T. ) ;
#739 =( NAMED_UNIT ( * ) PLANE_ANGLE_UNIT ( ) SI_UNIT ( $, .RADIAN. ) );
#740 = CARTESIAN_POINT ( 'NONE',  ( 5.299999999999998934, 4.349999999999999645, 0.000000000000000000 ) ) ;
#741 = DIRECTION ( 'NONE',  ( 0.000000000000000000, 0.000000000000000000, -1.000000000000000000 ) ) ;
#742 = FACE_OUTER_BOUND ( 'NONE', #4912, .T. ) ;
#743 = VECTOR ( 'NONE', #2774, 1000.000000000000000 ) ;
#744 = PRESENTATION_STYLE_ASSIGNMENT (( #1604 ) ) ;
#745 = DIRECTION ( 'NONE',  ( -0.000000000000000000, 1.000000000000000000, -0.000000000000000000 ) ) ;
#746 = SURFACE_STYLE_FILL_AREA ( #3957 ) ;
#747 = UNCERTAINTY_MEASURE_WITH_UNIT (LENGTH_MEASURE( 1.000000000000000082E-05 ), #11290, 'distance_accuracy_value', 'NONE');
#748 = CARTESIAN_POINT ( 'NONE',  ( -6.099999999999999645, -0.8500000000000000888, 0.000000000000000000 ) ) ;
#749 = EDGE_LOOP ( 'NONE', ( #9583, #6073, #5789, #100 ) ) ;
#750 = EDGE_CURVE ( 'NONE', #3371, #651, #11543, .T. ) ;
#751 =( NAMED_UNIT ( * ) SI_UNIT ( $, .STERADIAN. ) SOLID_ANGLE_UNIT ( ) );
#752 = DIRECTION ( 'NONE',  ( 1.000000000000000000, 0.000000000000000000, 0.000000000000000000 ) ) ;
#753 = ORIENTED_EDGE ( 'NONE', *, *, #11387, .T. ) ;
#754 = SURFACE_STYLE_USAGE ( .BOTH. , #11964 ) ;
#755 = FACE_OUTER_BOUND ( 'NONE', #2982, .T. ) ;
#756 = DIRECTION ( 'NONE',  ( -0.000000000000000000, 0.000000000000000000, 1.000000000000000000 ) ) ;
#757 = DIRECTION ( 'NONE',  ( 0.000000000000000000, 0.000000000000000000, -1.000000000000000000 ) ) ;
#758 = ADVANCED_FACE ( 'NONE', ( #2127 ), #1244, .F. ) ;
#759 = ORIENTED_EDGE ( 'NONE', *, *, #12292, .F. ) ;
#760 = CARTESIAN_POINT ( 'NONE',  ( 5.849999999999999645, 2.600000000000000089, 0.000000000000000000 ) ) ;
#761 = DIRECTION ( 'NONE',  ( 0.000000000000000000, 0.000000000000000000, -1.000000000000000000 ) ) ;
#762 = UNCERTAINTY_MEASURE_WITH_UNIT (LENGTH_MEASURE( 1.000000000000000082E-05 ), #11209, 'distance_accuracy_value', 'NONE');
#763 = FACE_OUTER_BOUND ( 'NONE', #9600, .T. ) ;
#764 = ORIENTED_EDGE ( 'NONE', *, *, #12155, .F. ) ;
#765 = SURFACE_STYLE_USAGE ( .BOTH. , #10717 ) ;
#766 = ADVANCED_FACE ( 'NONE', ( #12419 ), #12291, .F. ) ;
#767 = CARTESIAN_POINT ( 'NONE',  ( 6.099999999999999645, 5.450000000000000178, 0.8199999999999999512 ) ) ;
#768 = EDGE_LOOP ( 'NONE', ( #2008, #8317, #3125, #5239, #5785, #6837, #6056 ) ) ;
#769 = PRESENTATION_STYLE_ASSIGNMENT (( #6799 ) ) ;
#770 = CARTESIAN_POINT ( 'NONE',  ( -6.099999999999999645, 2.349999999999999645, 0.8199999999999999512 ) ) ;
#771 = DIRECTION ( 'NONE',  ( 0.000000000000000000, 0.000000000000000000, -1.000000000000000000 ) ) ;
#772 = EDGE_LOOP ( 'NONE', ( #7782, #4289, #2090, #6295 ) ) ;
#773 = DIRECTION ( 'NONE',  ( 0.000000000000000000, -1.000000000000000000, 0.000000000000000000 ) ) ;
#774 = CARTESIAN_POINT ( 'NONE',  ( 6.099999999999999645, -1.950000000000000178, 0.8199999999999999512 ) ) ;
#775 = UNCERTAINTY_MEASURE_WITH_UNIT (LENGTH_MEASURE( 1.000000000000000082E-05 ), #10428, 'distance_accuracy_value', 'NONE');
#776 = AXIS2_PLACEMENT_3D ( 'NONE', #7709, #1972, #6048 ) ;
#777 = DIRECTION ( 'NONE',  ( 0.000000000000000000, -1.000000000000000000, 0.000000000000000000 ) ) ;
#778 = ORIENTED_EDGE ( 'NONE', *, *, #4708, .T. ) ;
#779 = DIRECTION ( 'NONE',  ( -0.000000000000000000, -0.000000000000000000, 1.000000000000000000 ) ) ;
#780 = CARTESIAN_POINT ( 'NONE',  ( -6.099999999999999645, 8.000000000000000000, 0.8199999999999999512 ) ) ;
#781 = ORIENTED_EDGE ( 'NONE', *, *, #1781, .F. ) ;
#782 = PRESENTATION_STYLE_ASSIGNMENT (( #9987 ) ) ;
#783 = EDGE_CURVE ( 'NONE', #11994, #5838, #4259, .T. ) ;
#784 = ORIENTED_EDGE ( 'NONE', *, *, #8084, .F. ) ;
#785 =( NAMED_UNIT ( * ) SI_UNIT ( $, .STERADIAN. ) SOLID_ANGLE_UNIT ( ) );
#786 = DIRECTION ( 'NONE',  ( 0.000000000000000000, -1.000000000000000000, 0.000000000000000000 ) ) ;
#787 = VECTOR ( 'NONE', #152, 1000.000000000000000 ) ;
#788 = EDGE_CURVE ( 'NONE', #4734, #1483, #3283, .T. ) ;
#789 = VERTEX_POINT ( 'NONE', #52 ) ;
#790 = SURFACE_STYLE_FILL_AREA ( #1930 ) ;
#791 = ADVANCED_FACE ( 'NONE', ( #2060 ), #11488, .F. ) ;
#792 = CARTESIAN_POINT ( 'NONE',  ( 5.299999999999998934, 6.550000000000000711, 0.8199999999999999512 ) ) ;
#793 =( GEOMETRIC_REPRESENTATION_CONTEXT ( 3 ) GLOBAL_UNCERTAINTY_ASSIGNED_CONTEXT ( ( #5312 ) ) GLOBAL_UNIT_ASSIGNED_CONTEXT ( ( #9241, #8162, #10327 ) ) REPRESENTATION_CONTEXT ( 'NONE', 'WORKASPACE' ) );
#794 = FILL_AREA_STYLE ('',( #2006 ) ) ;
#795 = STYLED_ITEM ( 'NONE', ( #12106 ), #7863 ) ;
#796 = ORIENTED_EDGE ( 'NONE', *, *, #5363, .T. ) ;
#797 = DIRECTION ( 'NONE',  ( 0.000000000000000000, 0.000000000000000000, -1.000000000000000000 ) ) ;
#798 = CARTESIAN_POINT ( 'NONE',  ( -6.099999999999999645, -7.000000000000000000, 0.000000000000000000 ) ) ;
#799 = DIRECTION ( 'NONE',  ( 1.000000000000000000, 1.626303258728256651E-16, -0.000000000000000000 ) ) ;
#800 = ORIENTED_EDGE ( 'NONE', *, *, #5467, .F. ) ;
#801 = PRESENTATION_STYLE_ASSIGNMENT (( #6897 ) ) ;
#802 = LINE ( 'NONE', #7980, #11040 ) ;
#803 = PRESENTATION_STYLE_ASSIGNMENT (( #10004 ) ) ;
#804 = CLOSED_SHELL ( 'NONE', ( #2276, #620, #8624, #11252, #2248, #1859, #12625, #10131 ) ) ;
#805 = PRESENTATION_STYLE_ASSIGNMENT (( #4676 ) ) ;
#806 =( NAMED_UNIT ( * ) SI_UNIT ( $, .STERADIAN. ) SOLID_ANGLE_UNIT ( ) );
#807 = VECTOR ( 'NONE', #2220, 1000.000000000000000 ) ;
#808 = ADVANCED_FACE ( 'NONE', ( #4139 ), #5330, .T. ) ;
#809 = CARTESIAN_POINT ( 'NONE',  ( 6.099999999999999645, 4.549999999999999822, 0.000000000000000000 ) ) ;
#810 = ORIENTED_EDGE ( 'NONE', *, *, #2046, .T. ) ;
#811 = CARTESIAN_POINT ( 'NONE',  ( -6.099999999999999645, 8.000000000000000000, 0.8199999999999999512 ) ) ;
#812 =( NAMED_UNIT ( * ) PLANE_ANGLE_UNIT ( ) SI_UNIT ( $, .RADIAN. ) );
#813 = ORIENTED_EDGE ( 'NONE', *, *, #3972, .T. ) ;
#814 = MECHANICAL_DESIGN_GEOMETRIC_PRESENTATION_REPRESENTATION (  '', ( #5941 ), #5524 ) ;
#815 = VECTOR ( 'NONE', #12503, 1000.000000000000000 ) ;
#816 = FILL_AREA_STYLE ('',( #8127 ) ) ;
#817 = DIRECTION ( 'NONE',  ( 0.000000000000000000, -0.000000000000000000, -1.000000000000000000 ) ) ;
#818 = PLANE ( 'NONE',  #10965 ) ;
#819 = FILL_AREA_STYLE_COLOUR ( '', #6939 ) ;
#820 = CARTESIAN_POINT ( 'NONE',  ( 5.299999999999998934, 5.249999999999999112, 0.8199999999999999512 ) ) ;
#821 = EDGE_CURVE ( 'NONE', #3217, #2361, #3533, .T. ) ;
#822 = MECHANICAL_DESIGN_GEOMETRIC_PRESENTATION_REPRESENTATION (  '', ( #12651 ), #1674 ) ;
#823 = AXIS2_PLACEMENT_3D ( 'NONE', #10903, #11843, #11045 ) ;
#824 = CARTESIAN_POINT ( 'NONE',  ( 6.099999999999999645, -0.6500000000000003553, 0.000000000000000000 ) ) ;
#825 = FILL_AREA_STYLE ('',( #8804 ) ) ;
#826 = ORIENTED_EDGE ( 'NONE', *, *, #9913, .F. ) ;
#827 = CARTESIAN_POINT ( 'NONE',  ( 5.299999999999998934, 4.150000000000000355, 0.8199999999999999512 ) ) ;
#828 =( LENGTH_UNIT ( ) NAMED_UNIT ( * ) SI_UNIT ( .MILLI., .METRE. ) );
#829 = PLANE ( 'NONE',  #3444 ) ;
#830 =( NAMED_UNIT ( * ) PLANE_ANGLE_UNIT ( ) SI_UNIT ( $, .RADIAN. ) );
#831 = ORIENTED_EDGE ( 'NONE', *, *, #4266, .F. ) ;
#832 = FILL_AREA_STYLE ('',( #9294 ) ) ;
#833 = SURFACE_STYLE_USAGE ( .BOTH. , #2860 ) ;
#834 = FILL_AREA_STYLE_COLOUR ( '', #13021 ) ;
#835 = EDGE_LOOP ( 'NONE', ( #9454, #1904, #1713, #3997 ) ) ;
#836 = STYLED_ITEM ( 'NONE', ( #6762 ), #3108 ) ;
#837 = AXIS2_PLACEMENT_3D ( 'NONE', #3550, #535, #1657 ) ;
#838 = CARTESIAN_POINT ( 'NONE',  ( -5.299999999999998934, 2.149999999999999911, 0.8199999999999999512 ) ) ;
#839 = ADVANCED_FACE ( 'NONE', ( #12626 ), #6745, .F. ) ;
#840 = SURFACE_SIDE_STYLE ('',( #11927 ) ) ;
#841 = VECTOR ( 'NONE', #11826, 1000.000000000000000 ) ;
#842 = PRESENTATION_LAYER_ASSIGNMENT (  '', '', ( #8134 ) ) ;
#843 = ORIENTED_EDGE ( 'NONE', *, *, #8763, .T. ) ;
#844 = VECTOR ( 'NONE', #5338, 1000.000000000000000 ) ;
#845 = CARTESIAN_POINT ( 'NONE',  ( 6.099999999999999645, -4.150000000000000355, 0.8199999999999999512 ) ) ;
#846 = SURFACE_SIDE_STYLE ('',( #4787 ) ) ;
#847 = AXIS2_PLACEMENT_3D ( 'NONE', #1127, #10417, #4147 ) ;
#848 = ORIENTED_EDGE ( 'NONE', *, *, #2461, .T. ) ;
#849 = CARTESIAN_POINT ( 'NONE',  ( -5.299999999999998934, 3.250000000000000444, 0.8199999999999999512 ) ) ;
#850 = CARTESIAN_POINT ( 'NONE',  ( -5.299999999999998934, -2.150000000000000355, 0.8199999999999999512 ) ) ;
#851 = SURFACE_STYLE_USAGE ( .BOTH. , #1851 ) ;
#852 = ORIENTED_EDGE ( 'NONE', *, *, #7048, .F. ) ;
#853 = CARTESIAN_POINT ( 'NONE',  ( -6.099999999999999645, -4.350000000000000533, 0.8199999999999999512 ) ) ;
#854 = CARTESIAN_POINT ( 'NONE',  ( 6.099999999999999645, -2.150000000000000355, 0.000000000000000000 ) ) ;
#855 = FILL_AREA_STYLE ('',( #3076 ) ) ;
#856 = PRESENTATION_LAYER_ASSIGNMENT (  '', '', ( #5776 ) ) ;
#857 = MECHANICAL_DESIGN_GEOMETRIC_PRESENTATION_REPRESENTATION (  '', ( #1263 ), #10298 ) ;
#858 = DIRECTION ( 'NONE',  ( -1.000000000000000000, 0.000000000000000000, 0.000000000000000000 ) ) ;
#859 = VECTOR ( 'NONE', #4793, 1000.000000000000000 ) ;
#860 = EDGE_CURVE ( 'NONE', #10161, #3961, #9648, .T. ) ;
#861 = STYLED_ITEM ( 'NONE', ( #617 ), #11008 ) ;
#862 = ADVANCED_FACE ( 'NONE', ( #1444 ), #442, .F. ) ;
#863 = ORIENTED_EDGE ( 'NONE', *, *, #8878, .T. ) ;
#864 = FILL_AREA_STYLE ('',( #6827 ) ) ;
#865 = MANIFOLD_SOLID_BREP ( 'Fillet1', #7209 ) ;
#866 = PRESENTATION_STYLE_ASSIGNMENT (( #4075 ) ) ;
#867 = VECTOR ( 'NONE', #361, 1000.000000000000000 ) ;
#868 = ORIENTED_EDGE ( 'NONE', *, *, #7436, .T. ) ;
#869 = FACE_OUTER_BOUND ( 'NONE', #11665, .T. ) ;
#870 =( NAMED_UNIT ( * ) SI_UNIT ( $, .STERADIAN. ) SOLID_ANGLE_UNIT ( ) );
#871 = ORIENTED_EDGE ( 'NONE', *, *, #93, .F. ) ;
#872 = VECTOR ( 'NONE', #12803, 1000.000000000000000 ) ;
#873 = CARTESIAN_POINT ( 'NONE',  ( -6.099999999999999645, 7.250000000000000000, 0.8199999999999999512 ) ) ;
#874 = CARTESIAN_POINT ( 'NONE',  ( 5.299999999999998934, -3.050000000000000266, 0.8199999999999999512 ) ) ;
#876 = EDGE_CURVE ( 'NONE', #10080, #13093, #4520, .T. ) ;
#875 = VERTEX_POINT ( 'NONE', #1784 ) ;
#877 = FILL_AREA_STYLE ('',( #12156 ) ) ;
#878 =( GEOMETRIC_REPRESENTATION_CONTEXT ( 3 ) GLOBAL_UNCERTAINTY_ASSIGNED_CONTEXT ( ( #13127 ) ) GLOBAL_UNIT_ASSIGNED_CONTEXT ( ( #12827, #9799, #6628 ) ) REPRESENTATION_CONTEXT ( 'NONE', 'WORKASPACE' ) );
#879 = AXIS2_PLACEMENT_3D ( 'NONE', #4149, #258, #190 ) ;
#880 = UNCERTAINTY_MEASURE_WITH_UNIT (LENGTH_MEASURE( 1.000000000000000082E-05 ), #1567, 'distance_accuracy_value', 'NONE');
#881 = CARTESIAN_POINT ( 'NONE',  ( 6.099999999999999645, -5.250000000000000000, 0.8199999999999999512 ) ) ;
#882 = DIRECTION ( 'NONE',  ( 0.000000000000000000, 0.000000000000000000, -1.000000000000000000 ) ) ;
#883 = ORIENTED_EDGE ( 'NONE', *, *, #9830, .T. ) ;
#884 = COLOUR_RGB ( '',0.000000000000000000, 1.000000000000000000, 0.000000000000000000 ) ;
#885 = DIRECTION ( 'NONE',  ( 1.626303258728256651E-16, -1.000000000000000000, 0.000000000000000000 ) ) ;
#886 = DIRECTION ( 'NONE',  ( -0.000000000000000000, -0.000000000000000000, -1.000000000000000000 ) ) ;
#887 = ORIENTED_EDGE ( 'NONE', *, *, #138, .T. ) ;
#888 = PLANE ( 'NONE',  #12532 ) ;
#889 = DIRECTION ( 'NONE',  ( -0.000000000000000000, 0.000000000000000000, 1.000000000000000000 ) ) ;
#890 = DIRECTION ( 'NONE',  ( -1.000000000000000000, 0.000000000000000000, -0.000000000000000000 ) ) ;
#891 = LINE ( 'NONE', #6040, #403 ) ;
#892 = EDGE_CURVE ( 'NONE', #3409, #5527, #6808, .T. ) ;
#893 =( GEOMETRIC_REPRESENTATION_CONTEXT ( 3 ) GLOBAL_UNCERTAINTY_ASSIGNED_CONTEXT ( ( #7081 ) ) GLOBAL_UNIT_ASSIGNED_CONTEXT ( ( #10266, #2199, #7361 ) ) REPRESENTATION_CONTEXT ( 'NONE', 'WORKASPACE' ) );
#894 = FILL_AREA_STYLE ('',( #6098 ) ) ;
#895 = EDGE_CURVE ( 'NONE', #6846, #9690, #9098, .T. ) ;
#896 = VERTEX_POINT ( 'NONE', #11205 ) ;
#897 = AXIS2_PLACEMENT_3D ( 'NONE', #229, #6182, #12269 ) ;
#898 = FILL_AREA_STYLE ('',( #2033 ) ) ;
#899 = MECHANICAL_DESIGN_GEOMETRIC_PRESENTATION_REPRESENTATION (  '', ( #10782 ), #4308 ) ;
#900 = VECTOR ( 'NONE', #5947, 1000.000000000000000 ) ;
#901 = PRESENTATION_STYLE_ASSIGNMENT (( #13197 ) ) ;
#902 = ORIENTED_EDGE ( 'NONE', *, *, #6658, .T. ) ;
#903 = FILL_AREA_STYLE_COLOUR ( '', #3059 ) ;
#904 = PRESENTATION_STYLE_ASSIGNMENT (( #10103 ) ) ;
#905 = LINE ( 'NONE', #10104, #4483 ) ;
#906 = ORIENTED_EDGE ( 'NONE', *, *, #11967, .T. ) ;
#907 = SURFACE_STYLE_USAGE ( .BOTH. , #1772 ) ;
#908 = PRESENTATION_STYLE_ASSIGNMENT (( #7124 ) ) ;
#909 = VECTOR ( 'NONE', #560, 1000.000000000000000 ) ;
#910 = CARTESIAN_POINT ( 'NONE',  ( 6.099999999999999645, 4.150000000000000355, 0.8199999999999999512 ) ) ;
#911 = EDGE_CURVE ( 'NONE', #566, #3441, #4841, .T. ) ;
#912 = ORIENTED_EDGE ( 'NONE', *, *, #7806, .T. ) ;
#913 = LINE ( 'NONE', #4709, #2150 ) ;
#914 = COLOUR_RGB ( '',0.9411764705882352811, 0.6274509803921568540, 0.05490196078431372473 ) ;
#915 = MECHANICAL_DESIGN_GEOMETRIC_PRESENTATION_REPRESENTATION (  '', ( #3686 ), #9923 ) ;
#916 = CARTESIAN_POINT ( 'NONE',  ( 6.099999999999999645, 5.450000000000000178, 0.8199999999999999512 ) ) ;
#917 = MECHANICAL_DESIGN_GEOMETRIC_PRESENTATION_REPRESENTATION (  '', ( #9050 ), #12295 ) ;
#918 = AXIS2_PLACEMENT_3D ( 'NONE', #8703, #10885, #3674 ) ;
#919 = UNCERTAINTY_MEASURE_WITH_UNIT (LENGTH_MEASURE( 1.000000000000000082E-05 ), #2317, 'distance_accuracy_value', 'NONE');
#920 = COLOUR_RGB ( '',0.9411764705882352811, 0.6274509803921568540, 0.05490196078431372473 ) ;
#921 =( NAMED_UNIT ( * ) SI_UNIT ( $, .STERADIAN. ) SOLID_ANGLE_UNIT ( ) );
#922 = VERTEX_POINT ( 'NONE', #2798 ) ;
#923 = CARTESIAN_POINT ( 'NONE',  ( 5.299999999999998934, -5.450000000000001066, 0.8199999999999999512 ) ) ;
#924 = DIRECTION ( 'NONE',  ( -0.000000000000000000, 0.000000000000000000, 1.000000000000000000 ) ) ;
#925 = PLANE ( 'NONE',  #4269 ) ;
#926 = ORIENTED_EDGE ( 'NONE', *, *, #9411, .F. ) ;
#927 = FACE_OUTER_BOUND ( 'NONE', #1302, .T. ) ;
#928 = LINE ( 'NONE', #7274, #3580 ) ;
#929 = DIRECTION ( 'NONE',  ( -1.000000000000000000, 0.000000000000000000, 0.000000000000000000 ) ) ;
#930 = EDGE_CURVE ( 'NONE', #1358, #7853, #2869, .T. ) ;
#931 = ORIENTED_EDGE ( 'NONE', *, *, #4549, .T. ) ;
#932 = LINE ( 'NONE', #5937, #12230 ) ;
#933 = PLANE ( 'NONE',  #10501 ) ;
#934 =( GEOMETRIC_REPRESENTATION_CONTEXT ( 3 ) GLOBAL_UNCERTAINTY_ASSIGNED_CONTEXT ( ( #12840 ) ) GLOBAL_UNIT_ASSIGNED_CONTEXT ( ( #7923, #13048, #3570 ) ) REPRESENTATION_CONTEXT ( 'NONE', 'WORKASPACE' ) );
#935 = AXIS2_PLACEMENT_3D ( 'NONE', #7447, #472, #12900 ) ;
#936 = DIRECTION ( 'NONE',  ( 1.000000000000000000, 1.626303258728256651E-16, -0.000000000000000000 ) ) ;
#937 = SURFACE_STYLE_FILL_AREA ( #1933 ) ;
#938 = ORIENTED_EDGE ( 'NONE', *, *, #5974, .T. ) ;
#939 = DIRECTION ( 'NONE',  ( -1.000000000000000000, -0.000000000000000000, -0.000000000000000000 ) ) ;
#940 = CARTESIAN_POINT ( 'NONE',  ( -6.099999999999999645, -7.450000000000000178, 0.000000000000000000 ) ) ;
#941 = ORIENTED_EDGE ( 'NONE', *, *, #12218, .T. ) ;
#942 = STYLED_ITEM ( 'NONE', ( #8913 ), #5156 ) ;
#943 = DIRECTION ( 'NONE',  ( -1.000000000000000000, -0.000000000000000000, -0.000000000000000000 ) ) ;
#944 = PLANE ( 'NONE',  #7911 ) ;
#945 = SURFACE_STYLE_USAGE ( .BOTH. , #6027 ) ;
#946 =( GEOMETRIC_REPRESENTATION_CONTEXT ( 3 ) GLOBAL_UNCERTAINTY_ASSIGNED_CONTEXT ( ( #6252 ) ) GLOBAL_UNIT_ASSIGNED_CONTEXT ( ( #3884, #8182, #1063 ) ) REPRESENTATION_CONTEXT ( 'NONE', 'WORKASPACE' ) );
#947 =( NAMED_UNIT ( * ) SI_UNIT ( $, .STERADIAN. ) SOLID_ANGLE_UNIT ( ) );
#948 = DIRECTION ( 'NONE',  ( 1.000000000000000000, 0.000000000000000000, 0.000000000000000000 ) ) ;
#949 = VERTEX_POINT ( 'NONE', #1842 ) ;
#950 = VECTOR ( 'NONE', #5809, 1000.000000000000000 ) ;
#951 = VERTEX_POINT ( 'NONE', #11136 ) ;
#952 = FILL_AREA_STYLE ('',( #10162 ) ) ;
#953 = CYLINDRICAL_SURFACE ( 'NONE', #9074, 0.5000000000000000000 ) ;
#954 = COLOUR_RGB ( '',0.9411764705882352811, 0.6274509803921568540, 0.05490196078431372473 ) ;
#955 =( NAMED_UNIT ( * ) SI_UNIT ( $, .STERADIAN. ) SOLID_ANGLE_UNIT ( ) );
#956 = ORIENTED_EDGE ( 'NONE', *, *, #9879, .F. ) ;
#957 = AXIS2_PLACEMENT_3D ( 'NONE', #9076, #9207, #8131 ) ;
#958 = LINE ( 'NONE', #5036, #9176 ) ;
#959 = EDGE_CURVE ( 'NONE', #97, #951, #5800, .T. ) ;
#960 = EDGE_CURVE ( 'NONE', #8065, #4154, #9908, .T. ) ;
#961 = ORIENTED_EDGE ( 'NONE', *, *, #10646, .T. ) ;
#962 =( LENGTH_UNIT ( ) NAMED_UNIT ( * ) SI_UNIT ( .MILLI., .METRE. ) );
#963 = CARTESIAN_POINT ( 'NONE',  ( 6.099999999999999645, 4.549999999999999822, 0.8199999999999999512 ) ) ;
#964 = ORIENTED_EDGE ( 'NONE', *, *, #5993, .F. ) ;
#965 = DIRECTION ( 'NONE',  ( 0.000000000000000000, 0.000000000000000000, -1.000000000000000000 ) ) ;
#966 = DIRECTION ( 'NONE',  ( -0.000000000000000000, -0.000000000000000000, 1.000000000000000000 ) ) ;
#967 = LINE ( 'NONE', #10248, #6990 ) ;
#968 = CARTESIAN_POINT ( 'NONE',  ( -6.099999999999999645, -6.750000000000000000, 0.8199999999999999512 ) ) ;
#969 = EDGE_LOOP ( 'NONE', ( #5623, #3825, #3847, #610 ) ) ;
#970 = FACE_OUTER_BOUND ( 'NONE', #11392, .T. ) ;
#971 = CARTESIAN_POINT ( 'NONE',  ( 6.099999999999999645, -4.800000000000000711, 0.8199999999999999512 ) ) ;
#972 = ADVANCED_FACE ( 'NONE', ( #8026 ), #11988, .T. ) ;
#973 = ORIENTED_EDGE ( 'NONE', *, *, #5697, .F. ) ;
#974 = FACE_OUTER_BOUND ( 'NONE', #11849, .T. ) ;
#975 =( NAMED_UNIT ( * ) SI_UNIT ( $, .STERADIAN. ) SOLID_ANGLE_UNIT ( ) );
#976 = ORIENTED_EDGE ( 'NONE', *, *, #11190, .F. ) ;
#977 = CARTESIAN_POINT ( 'NONE',  ( -6.099999999999999645, -3.250000000000000444, 0.8199999999999999512 ) ) ;
#978 = CARTESIAN_POINT ( 'NONE',  ( 6.099999999999999645, -4.549999999999999822, 0.000000000000000000 ) ) ;
#979 = DIRECTION ( 'NONE',  ( -0.000000000000000000, 1.000000000000000000, -0.000000000000000000 ) ) ;
#980 = SURFACE_SIDE_STYLE ('',( #3070 ) ) ;
#981 = VERTEX_POINT ( 'NONE', #8886 ) ;
#982 = DIRECTION ( 'NONE',  ( 0.000000000000000000, -0.000000000000000000, 1.000000000000000000 ) ) ;
#983 = DIRECTION ( 'NONE',  ( 0.000000000000000000, 1.000000000000000000, 0.000000000000000000 ) ) ;
#984 = ORIENTED_EDGE ( 'NONE', *, *, #10317, .F. ) ;
#985 = CARTESIAN_POINT ( 'NONE',  ( 6.099999999999999645, -1.950000000000000178, 0.000000000000000000 ) ) ;
#986 = DIRECTION ( 'NONE',  ( 0.000000000000000000, -1.000000000000000000, 0.000000000000000000 ) ) ;
#987 = ADVANCED_FACE ( 'NONE', ( #3718 ), #10039, .F. ) ;
#988 = SURFACE_SIDE_STYLE ('',( #3215 ) ) ;
#989 = FILL_AREA_STYLE ('',( #5008 ) ) ;
#990 = VERTEX_POINT ( 'NONE', #6318 ) ;
#991 = FILL_AREA_STYLE_COLOUR ( '', #2560 ) ;
#992 = MECHANICAL_DESIGN_GEOMETRIC_PRESENTATION_REPRESENTATION (  '', ( #4410 ), #4829 ) ;
#993 = LINE ( 'NONE', #3151, #3214 ) ;
#994 = VERTEX_POINT ( 'NONE', #7345 ) ;
#995 =( GEOMETRIC_REPRESENTATION_CONTEXT ( 3 ) GLOBAL_UNCERTAINTY_ASSIGNED_CONTEXT ( ( #11135 ) ) GLOBAL_UNIT_ASSIGNED_CONTEXT ( ( #8893, #13016, #12813 ) ) REPRESENTATION_CONTEXT ( 'NONE', 'WORKASPACE' ) );
#996 = CARTESIAN_POINT ( 'NONE',  ( 6.099999999999999645, -2.350000000000000089, 0.8199999999999999512 ) ) ;
#997 = DIRECTION ( 'NONE',  ( 1.000000000000000000, 0.000000000000000000, 0.000000000000000000 ) ) ;
#998 = SURFACE_STYLE_USAGE ( .BOTH. , #7094 ) ;
#999 = ADVANCED_FACE ( 'NONE', ( #1164 ), #9303, .T. ) ;
#1000 = VECTOR ( 'NONE', #4133, 1000.000000000000000 ) ;
#1001 = AXIS2_PLACEMENT_3D ( 'NONE', #910, #4984, #7057 ) ;
#1002 = ORIENTED_EDGE ( 'NONE', *, *, #3122, .T. ) ;
#1003 = CARTESIAN_POINT ( 'NONE',  ( -5.299999999999998934, -0.8500000000000000888, 0.8199999999999999512 ) ) ;
#1004 = ORIENTED_EDGE ( 'NONE', *, *, #11433, .F. ) ;
#1005 =( NAMED_UNIT ( * ) PLANE_ANGLE_UNIT ( ) SI_UNIT ( $, .RADIAN. ) );
#1006 = VERTEX_POINT ( 'NONE', #5056 ) ;
#1007 =( NAMED_UNIT ( * ) SI_UNIT ( $, .STERADIAN. ) SOLID_ANGLE_UNIT ( ) );
#1008 = PRESENTATION_STYLE_ASSIGNMENT (( #8130 ) ) ;
#1009 = VECTOR ( 'NONE', #4630, 1000.000000000000000 ) ;
#1010 = VECTOR ( 'NONE', #3237, 1000.000000000000000 ) ;
#1011 = EDGE_LOOP ( 'NONE', ( #4268, #4334, #7346, #5049, #12520, #1997 ) ) ;
#1012 = SURFACE_SIDE_STYLE ('',( #4032 ) ) ;
#1013 = MECHANICAL_DESIGN_GEOMETRIC_PRESENTATION_REPRESENTATION (  '', ( #11119 ), #12822 ) ;
#1014 = CIRCLE ( 'NONE', #2740, 0.2500000000000002220 ) ;
#1016 = EDGE_CURVE ( 'NONE', #12333, #7412, #8183, .T. ) ;
#1015 = DIRECTION ( 'NONE',  ( 0.000000000000000000, 0.000000000000000000, 1.000000000000000000 ) ) ;
#1017 = ADVANCED_FACE ( 'NONE', ( #8424 ), #1035, .F. ) ;
#1018 = UNCERTAINTY_MEASURE_WITH_UNIT (LENGTH_MEASURE( 1.000000000000000082E-05 ), #3947, 'distance_accuracy_value', 'NONE');
#1019 = CARTESIAN_POINT ( 'NONE',  ( 4.499999999999999112, 6.500000000000000000, 0.8199999999999999512 ) ) ;
#1020 = CIRCLE ( 'NONE', #6807, 0.2500000000000002220 ) ;
#1021 = VERTEX_POINT ( 'NONE', #12794 ) ;
#1022 = PLANE ( 'NONE',  #7190 ) ;
#1023 = DIRECTION ( 'NONE',  ( -0.000000000000000000, 1.000000000000000000, -0.000000000000000000 ) ) ;
#1024 = ORIENTED_EDGE ( 'NONE', *, *, #8676, .T. ) ;
#1025 = SURFACE_STYLE_USAGE ( .BOTH. , #89 ) ;
#1026 = SURFACE_STYLE_FILL_AREA ( #10180 ) ;
#1027 = LINE ( 'NONE', #3120, #4423 ) ;
#1028 =( NAMED_UNIT ( * ) PLANE_ANGLE_UNIT ( ) SI_UNIT ( $, .RADIAN. ) );
#1029 = DIRECTION ( 'NONE',  ( -1.000000000000000000, -0.000000000000000000, -0.000000000000000000 ) ) ;
#1030 = EDGE_CURVE ( 'NONE', #449, #922, #5578, .T. ) ;
#1031 = AXIS2_PLACEMENT_3D ( 'NONE', #2633, #11773, #8718 ) ;
#1032 = MECHANICAL_DESIGN_GEOMETRIC_PRESENTATION_REPRESENTATION (  '', ( #7673 ), #11141 ) ;
#1033 = CARTESIAN_POINT ( 'NONE',  ( 6.099999999999999645, 5.450000000000000178, 0.8199999999999999512 ) ) ;
#1034 = UNCERTAINTY_MEASURE_WITH_UNIT (LENGTH_MEASURE( 1.000000000000000082E-05 ), #8095, 'distance_accuracy_value', 'NONE');
#1035 = PLANE ( 'NONE',  #12717 ) ;
#1036 = EDGE_LOOP ( 'NONE', ( #3828, #7249, #5219, #6741, #132, #8562 ) ) ;
#1037 = DIRECTION ( 'NONE',  ( -1.000000000000000000, 0.000000000000000000, 0.000000000000000000 ) ) ;
#1038 =( NAMED_UNIT ( * ) SI_UNIT ( $, .STERADIAN. ) SOLID_ANGLE_UNIT ( ) );
#1039 = SURFACE_STYLE_FILL_AREA ( #1991 ) ;
#1040 = COLOUR_RGB ( '',0.9411764705882352811, 0.6274509803921568540, 0.05490196078431372473 ) ;
#1041 = VECTOR ( 'NONE', #6089, 1000.000000000000000 ) ;
#1042 = ORIENTED_EDGE ( 'NONE', *, *, #5751, .T. ) ;
#1043 = FILL_AREA_STYLE ('',( #11279 ) ) ;
#1044 = SURFACE_SIDE_STYLE ('',( #6259 ) ) ;
#1045 =( LENGTH_UNIT ( ) NAMED_UNIT ( * ) SI_UNIT ( .MILLI., .METRE. ) );
#1046 = VERTEX_POINT ( 'NONE', #5516 ) ;
#1047 = COLOUR_RGB ( '',0.9411764705882352811, 0.6274509803921568540, 0.05490196078431372473 ) ;
#1048 = COLOUR_RGB ( '',0.9411764705882352811, 0.6274509803921568540, 0.05490196078431372473 ) ;
#1049 = PLANE ( 'NONE',  #12457 ) ;
#1050 = EDGE_CURVE ( 'NONE', #2268, #8045, #3581, .T. ) ;
#1051 = VERTEX_POINT ( 'NONE', #4502 ) ;
#1052 = CARTESIAN_POINT ( 'NONE',  ( 6.099999999999999645, -0.8500000000000000888, 0.8199999999999999512 ) ) ;
#1053 = AXIS2_PLACEMENT_3D ( 'NONE', #11615, #10609, #8753 ) ;
#1054 = VECTOR ( 'NONE', #3885, 1000.000000000000000 ) ;
#1055 = DIRECTION ( 'NONE',  ( -1.000000000000000000, 0.000000000000000000, 0.000000000000000000 ) ) ;
#1056 = ORIENTED_EDGE ( 'NONE', *, *, #10851, .F. ) ;
#1057 = CARTESIAN_POINT ( 'NONE',  ( 6.099999999999999645, 5.249999999999999112, 0.8199999999999999512 ) ) ;
#1058 = SURFACE_STYLE_FILL_AREA ( #12361 ) ;
#1059 = CARTESIAN_POINT ( 'NONE',  ( 6.099999999999999645, 4.349999999999999645, 0.8199999999999999512 ) ) ;
#1060 = EDGE_LOOP ( 'NONE', ( #13221, #12115, #9875, #813 ) ) ;
#1061 = MECHANICAL_DESIGN_GEOMETRIC_PRESENTATION_REPRESENTATION (  '', ( #12671 ), #1720 ) ;
#1062 = AXIS2_PLACEMENT_3D ( 'NONE', #11407, #9306, #2109 ) ;
#1063 =( NAMED_UNIT ( * ) SI_UNIT ( $, .STERADIAN. ) SOLID_ANGLE_UNIT ( ) );
#1064 = CARTESIAN_POINT ( 'NONE',  ( -5.299999999999998934, 5.249999999999999112, 0.8199999999999999512 ) ) ;
#1065 = EDGE_CURVE ( 'NONE', #7065, #7186, #6663, .T. ) ;
#1066 = VECTOR ( 'NONE', #10402, 1000.000000000000000 ) ;
#1067 =( LENGTH_UNIT ( ) NAMED_UNIT ( * ) SI_UNIT ( .MILLI., .METRE. ) );
#1068 = VECTOR ( 'NONE', #12335, 1000.000000000000000 ) ;
#1069 = UNCERTAINTY_MEASURE_WITH_UNIT (LENGTH_MEASURE( 1.000000000000000082E-05 ), #7155, 'distance_accuracy_value', 'NONE');
#1070 = VECTOR ( 'NONE', #5043, 1000.000000000000000 ) ;
#1071 = PLANE ( 'NONE',  #4870 ) ;
#1072 = VERTEX_POINT ( 'NONE', #10592 ) ;
#1073 = DIRECTION ( 'NONE',  ( -1.000000000000000000, 0.000000000000000000, 0.000000000000000000 ) ) ;
#1074 = AXIS2_PLACEMENT_3D ( 'NONE', #11399, #6058, #10185 ) ;
#1075 = PRESENTATION_LAYER_ASSIGNMENT (  '', '', ( #13281 ) ) ;
#1076 = ORIENTED_EDGE ( 'NONE', *, *, #4747, .F. ) ;
#1077 = DIRECTION ( 'NONE',  ( -1.000000000000000000, 0.000000000000000000, 0.000000000000000000 ) ) ;
#1078 = EDGE_LOOP ( 'NONE', ( #11379, #1204, #4408, #359 ) ) ;
#1079 =( LENGTH_UNIT ( ) NAMED_UNIT ( * ) SI_UNIT ( .MILLI., .METRE. ) );
#1080 = EDGE_CURVE ( 'NONE', #9544, #4738, #3456, .T. ) ;
#1081 = SURFACE_STYLE_USAGE ( .BOTH. , #10294 ) ;
#1082 = CIRCLE ( 'NONE', #2810, 0.2500000000000002220 ) ;
#1083 = ORIENTED_EDGE ( 'NONE', *, *, #2816, .T. ) ;
#1084 = VECTOR ( 'NONE', #9458, 1000.000000000000000 ) ;
#1085 = LINE ( 'NONE', #4106, #11647 ) ;
#1086 = DIRECTION ( 'NONE',  ( -6.672013369141566696E-17, 1.000000000000000000, -0.000000000000000000 ) ) ;
#1087 = VERTEX_POINT ( 'NONE', #5650 ) ;
#1088 = STYLED_ITEM ( 'NONE', ( #866 ), #1524 ) ;
#1089 = CARTESIAN_POINT ( 'NONE',  ( 6.099999999999999645, -0.8500000000000000888, 0.8199999999999999512 ) ) ;
#1090 = CARTESIAN_POINT ( 'NONE',  ( -4.500000000000000888, 6.000000000000000000, 2.400000000000000355 ) ) ;
#1091 = SURFACE_STYLE_USAGE ( .BOTH. , #5622 ) ;
#1092 = VERTEX_POINT ( 'NONE', #3385 ) ;
#1093 = LINE ( 'NONE', #1294, #8504 ) ;
#1094 = DIRECTION ( 'NONE',  ( -1.000000000000000000, -0.000000000000000000, -0.000000000000000000 ) ) ;
#1095 = STYLED_ITEM ( 'NONE', ( #10060 ), #3174 ) ;
#1096 = PRODUCT_RELATED_PRODUCT_CATEGORY ( 'part', '', ( #11828 ) ) ;
#1097 = COLOUR_RGB ( '',0.7921568627450980005, 0.8196078431372548767, 0.9333333333333333481 ) ;
#1098 = LINE ( 'NONE', #2098, #5777 ) ;
#1099 = VECTOR ( 'NONE', #1780, 1000.000000000000000 ) ;
#1100 = ORIENTED_EDGE ( 'NONE', *, *, #7754, .F. ) ;
#1101 = EDGE_CURVE ( 'NONE', #3243, #2045, #2451, .T. ) ;
#1102 = DIRECTION ( 'NONE',  ( 0.000000000000000000, 0.000000000000000000, 1.000000000000000000 ) ) ;
#1103 = SURFACE_SIDE_STYLE ('',( #362 ) ) ;
#1104 = EDGE_LOOP ( 'NONE', ( #759, #6288, #9324, #186 ) ) ;
#1105 = CARTESIAN_POINT ( 'NONE',  ( -6.099999999999999645, 5.450000000000000178, 0.8199999999999999512 ) ) ;
#1107 = ORIENTED_EDGE ( 'NONE', *, *, #8401, .F. ) ;
#1106 = EDGE_CURVE ( 'NONE', #5243, #1406, #11664, .T. ) ;
#1108 = VECTOR ( 'NONE', #10449, 1000.000000000000000 ) ;
#1109 = AXIS2_PLACEMENT_3D ( 'NONE', #11159, #3744, #13029 ) ;
#1110 =( NAMED_UNIT ( * ) SI_UNIT ( $, .STERADIAN. ) SOLID_ANGLE_UNIT ( ) );
#1111 = LINE ( 'NONE', #4066, #12867 ) ;
#1112 = VERTEX_POINT ( 'NONE', #7472 ) ;
#1113 = COLOUR_RGB ( '',1.000000000000000000, 1.000000000000000000, 1.000000000000000000 ) ;
#1114 = MECHANICAL_DESIGN_GEOMETRIC_PRESENTATION_REPRESENTATION (  '', ( #3053 ), #8190 ) ;
#1115 = COLOUR_RGB ( '',0.9411764705882352811, 0.6274509803921568540, 0.05490196078431372473 ) ;
#1116 =( GEOMETRIC_REPRESENTATION_CONTEXT ( 3 ) GLOBAL_UNCERTAINTY_ASSIGNED_CONTEXT ( ( #1411 ) ) GLOBAL_UNIT_ASSIGNED_CONTEXT ( ( #12205, #1995, #6067 ) ) REPRESENTATION_CONTEXT ( 'NONE', 'WORKASPACE' ) );
#1117 = CARTESIAN_POINT ( 'NONE',  ( 6.099999999999999645, -4.800000000000000711, 0.8199999999999999512 ) ) ;
#1118 = EDGE_CURVE ( 'NONE', #7102, #4957, #6528, .T. ) ;
#1119 = EDGE_CURVE ( 'NONE', #3961, #365, #10649, .T. ) ;
#1120 = DIRECTION ( 'NONE',  ( 1.000000000000000000, 0.000000000000000000, 0.000000000000000000 ) ) ;
#1121 = ORIENTED_EDGE ( 'NONE', *, *, #2016, .T. ) ;
#1122 = DIRECTION ( 'NONE',  ( 1.000000000000000000, 0.000000000000000000, 0.000000000000000000 ) ) ;
#1123 = VECTOR ( 'NONE', #5640, 1000.000000000000000 ) ;
#1124 = DIRECTION ( 'NONE',  ( 0.000000000000000000, -0.000000000000000000, -1.000000000000000000 ) ) ;
#1125 = ORIENTED_EDGE ( 'NONE', *, *, #6886, .F. ) ;
#1126 = PLANE ( 'NONE',  #10389 ) ;
#1127 = CARTESIAN_POINT ( 'NONE',  ( -6.099999999999999645, 4.349999999999999645, 0.8199999999999999512 ) ) ;
#1128 = AXIS2_PLACEMENT_3D ( 'NONE', #13063, #567, #4772 ) ;
#1129 =( NAMED_UNIT ( * ) SI_UNIT ( $, .STERADIAN. ) SOLID_ANGLE_UNIT ( ) );
#1130 = CARTESIAN_POINT ( 'NONE',  ( 6.099999999999999645, -6.350000000000000533, 0.8199999999999999512 ) ) ;
#1131 = MECHANICAL_DESIGN_GEOMETRIC_PRESENTATION_REPRESENTATION (  '', ( #9730 ), #9289 ) ;
#1132 = EDGE_CURVE ( 'NONE', #4154, #230, #9768, .T. ) ;
#1133 = CARTESIAN_POINT ( 'NONE',  ( -5.299999999999998934, 6.550000000000000711, 0.000000000000000000 ) ) ;
#1134 = ORIENTED_EDGE ( 'NONE', *, *, #1132, .T. ) ;
#1135 = CARTESIAN_POINT ( 'NONE',  ( 5.299999999999998934, 7.450000000000000178, 0.8199999999999999512 ) ) ;
#1136 = LINE ( 'NONE', #12310, #4047 ) ;
#1137 = ORIENTED_EDGE ( 'NONE', *, *, #2061, .T. ) ;
#1138 = CARTESIAN_POINT ( 'NONE',  ( -5.299999999999998934, 6.349999999999999645, 0.000000000000000000 ) ) ;
#1139 = SURFACE_STYLE_USAGE ( .BOTH. , #11249 ) ;
#1140 = EDGE_LOOP ( 'NONE', ( #1818, #1834, #6922, #11049 ) ) ;
#1141 = SURFACE_SIDE_STYLE ('',( #400 ) ) ;
#1142 = SURFACE_SIDE_STYLE ('',( #6223 ) ) ;
#1143 = VECTOR ( 'NONE', #5152, 1000.000000000000000 ) ;
#1144 = COLOUR_RGB ( '',0.7921568627450980005, 0.8196078431372548767, 0.9333333333333333481 ) ;
#1145 =( NAMED_UNIT ( * ) SI_UNIT ( $, .STERADIAN. ) SOLID_ANGLE_UNIT ( ) );
#1146 = PLANE ( 'NONE',  #11969 ) ;
#1147 = UNCERTAINTY_MEASURE_WITH_UNIT (LENGTH_MEASURE( 1.000000000000000082E-05 ), #3741, 'distance_accuracy_value', 'NONE');
#1148 = STYLED_ITEM ( 'NONE', ( #4065 ), #9679 ) ;
#1149 = EDGE_CURVE ( 'NONE', #9521, #10459, #11595, .T. ) ;
#1150 = VERTEX_POINT ( 'NONE', #3521 ) ;
#1151 = LINE ( 'NONE', #9347, #11642 ) ;
#1152 = LINE ( 'NONE', #12665, #11523 ) ;
#1153 = SURFACE_STYLE_USAGE ( .BOTH. , #3321 ) ;
#1154 = SURFACE_STYLE_FILL_AREA ( #12538 ) ;
#1155 = PRESENTATION_LAYER_ASSIGNMENT (  '', '', ( #10617 ) ) ;
#1156 = ORIENTED_EDGE ( 'NONE', *, *, #4827, .F. ) ;
#1157 = DIRECTION ( 'NONE',  ( -1.000000000000000000, 0.000000000000000000, 0.000000000000000000 ) ) ;
#1158 = CARTESIAN_POINT ( 'NONE',  ( 6.099999999999999645, 6.349999999999999645, 0.8199999999999999512 ) ) ;
#1159 = CARTESIAN_POINT ( 'NONE',  ( 6.099999999999999645, -1.050000000000000266, 0.000000000000000000 ) ) ;
#1160 = DIRECTION ( 'NONE',  ( -0.000000000000000000, -0.000000000000000000, -1.000000000000000000 ) ) ;
#1161 = STYLED_ITEM ( 'NONE', ( #3634 ), #9787 ) ;
#1162 = UNCERTAINTY_MEASURE_WITH_UNIT (LENGTH_MEASURE( 1.000000000000000082E-05 ), #1392, 'distance_accuracy_value', 'NONE');
#1163 = EDGE_CURVE ( 'NONE', #3778, #1232, #9630, .T. ) ;
#1164 = FACE_OUTER_BOUND ( 'NONE', #9567, .T. ) ;
#1165 = EDGE_LOOP ( 'NONE', ( #9171, #8238, #6291, #11003, #2184, #11320 ) ) ;
#1166 = AXIS2_PLACEMENT_3D ( 'NONE', #11899, #6839, #10969 ) ;
#1167 = DIRECTION ( 'NONE',  ( -0.000000000000000000, 1.000000000000000000, 0.000000000000000000 ) ) ;
#1168 = DIRECTION ( 'NONE',  ( -1.000000000000000000, 0.000000000000000000, 0.000000000000000000 ) ) ;
#1169 = ORIENTED_EDGE ( 'NONE', *, *, #4400, .F. ) ;
#1170 = DIRECTION ( 'NONE',  ( -1.000000000000000000, -0.000000000000000000, -0.000000000000000000 ) ) ;
#1171 = FILL_AREA_STYLE_COLOUR ( '', #1635 ) ;
#1172 = LINE ( 'NONE', #9366, #8491 ) ;
#1173 = ORIENTED_EDGE ( 'NONE', *, *, #108, .F. ) ;
#1174 = DIRECTION ( 'NONE',  ( -0.000000000000000000, 1.000000000000000000, -0.000000000000000000 ) ) ;
#1175 = VERTEX_POINT ( 'NONE', #4383 ) ;
#1176 = SURFACE_STYLE_USAGE ( .BOTH. , #11538 ) ;
#1177 = DIRECTION ( 'NONE',  ( -0.000000000000000000, 1.000000000000000000, -0.000000000000000000 ) ) ;
#1178 = UNCERTAINTY_MEASURE_WITH_UNIT (LENGTH_MEASURE( 1.000000000000000082E-05 ), #8216, 'distance_accuracy_value', 'NONE');
#1179 =( NAMED_UNIT ( * ) PLANE_ANGLE_UNIT ( ) SI_UNIT ( $, .RADIAN. ) );
#1180 = CARTESIAN_POINT ( 'NONE',  ( 6.099999999999999645, 5.249999999999999112, 0.000000000000000000 ) ) ;
#1181 = EDGE_CURVE ( 'NONE', #9438, #6161, #1370, .T. ) ;
#1182 =( NAMED_UNIT ( * ) PLANE_ANGLE_UNIT ( ) SI_UNIT ( $, .RADIAN. ) );
#1183 = ORIENTED_EDGE ( 'NONE', *, *, #10589, .F. ) ;
#1184 = SURFACE_SIDE_STYLE ('',( #12569 ) ) ;
#1185 = SURFACE_SIDE_STYLE ('',( #4337 ) ) ;
#1186 = CARTESIAN_POINT ( 'NONE',  ( 6.099999999999999645, 4.800000000000000711, 0.000000000000000000 ) ) ;
#1187 = ORIENTED_EDGE ( 'NONE', *, *, #6165, .T. ) ;
#1188 = DIRECTION ( 'NONE',  ( -1.000000000000000000, 0.000000000000000000, 0.000000000000000000 ) ) ;
#1189 = FILL_AREA_STYLE_COLOUR ( '', #7295 ) ;
#1190 = EDGE_CURVE ( 'NONE', #3217, #7887, #8674, .T. ) ;
#1191 = UNCERTAINTY_MEASURE_WITH_UNIT (LENGTH_MEASURE( 1.000000000000000082E-05 ), #1275, 'distance_accuracy_value', 'NONE');
#1192 = ORIENTED_EDGE ( 'NONE', *, *, #6102, .F. ) ;
#1193 = AXIS2_PLACEMENT_3D ( 'NONE', #11765, #6565, #3555 ) ;
#1194 = LINE ( 'NONE', #2424, #12060 ) ;
#1195 = PRESENTATION_STYLE_ASSIGNMENT (( #11630 ) ) ;
#1196 = VERTEX_POINT ( 'NONE', #7598 ) ;
#1197 = CARTESIAN_POINT ( 'NONE',  ( 6.099999999999999645, -4.800000000000000711, 0.8199999999999999512 ) ) ;
#1198 = DIRECTION ( 'NONE',  ( -1.000000000000000000, 0.000000000000000000, 0.000000000000000000 ) ) ;
#1199 = EDGE_LOOP ( 'NONE', ( #11496, #11291, #9643, #9969 ) ) ;
#1200 = FILL_AREA_STYLE ('',( #4283 ) ) ;
#1201 =( NAMED_UNIT ( * ) PLANE_ANGLE_UNIT ( ) SI_UNIT ( $, .RADIAN. ) );
#1202 = DIRECTION ( 'NONE',  ( 0.000000000000000000, -0.000000000000000000, 1.000000000000000000 ) ) ;
#1203 =( NAMED_UNIT ( * ) SI_UNIT ( $, .STERADIAN. ) SOLID_ANGLE_UNIT ( ) );
#1204 = ORIENTED_EDGE ( 'NONE', *, *, #5373, .F. ) ;
#1205 = CARTESIAN_POINT ( 'NONE',  ( -6.099999999999999645, -2.150000000000000355, 0.8199999999999999512 ) ) ;
#1206 = EDGE_CURVE ( 'NONE', #2441, #12104, #8477, .T. ) ;
#1207 = ORIENTED_EDGE ( 'NONE', *, *, #7262, .F. ) ;
#1208 = VECTOR ( 'NONE', #11180, 1000.000000000000000 ) ;
#1209 = AXIS2_PLACEMENT_3D ( 'NONE', #10860, #9909, #12743 ) ;
#1210 = SURFACE_STYLE_USAGE ( .BOTH. , #6303 ) ;
#1211 = STYLED_ITEM ( 'NONE', ( #7028 ), #549 ) ;
#1212 = ORIENTED_EDGE ( 'NONE', *, *, #1119, .T. ) ;
#1213 =( NAMED_UNIT ( * ) SI_UNIT ( $, .STERADIAN. ) SOLID_ANGLE_UNIT ( ) );
#1214 = DIRECTION ( 'NONE',  ( -0.000000000000000000, -0.000000000000000000, -1.000000000000000000 ) ) ;
#1216 = DIRECTION ( 'NONE',  ( 1.000000000000000000, -0.000000000000000000, -0.000000000000000000 ) ) ;
#1215 = COLOUR_RGB ( '',0.9411764705882352811, 0.6274509803921568540, 0.05490196078431372473 ) ;
#1217 = ORIENTED_EDGE ( 'NONE', *, *, #340, .T. ) ;
#1218 = FILL_AREA_STYLE ('',( #1359 ) ) ;
#1219 = CARTESIAN_POINT ( 'NONE',  ( -5.299999999999998934, 0.04999999999999969746, 0.000000000000000000 ) ) ;
#1220 =( NAMED_UNIT ( * ) SI_UNIT ( $, .STERADIAN. ) SOLID_ANGLE_UNIT ( ) );
#1221 = DIRECTION ( 'NONE',  ( 0.000000000000000000, 0.000000000000000000, -1.000000000000000000 ) ) ;
#1222 = CARTESIAN_POINT ( 'NONE',  ( 5.299999999999998934, 4.150000000000000355, 0.8199999999999999512 ) ) ;
#1223 = EDGE_CURVE ( 'NONE', #11175, #6184, #10715, .T. ) ;
#1224 = CLOSED_SHELL ( 'NONE', ( #4811, #10622, #11202, #3149, #6452, #10114, #2613, #6286 ) ) ;
#1225 = DIRECTION ( 'NONE',  ( 1.000000000000000000, -0.000000000000000000, -0.000000000000000000 ) ) ;
#1226 = VECTOR ( 'NONE', #3027, 1000.000000000000000 ) ;
#1227 = FILL_AREA_STYLE_COLOUR ( '', #9262 ) ;
#1228 = ORIENTED_EDGE ( 'NONE', *, *, #5407, .T. ) ;
#1229 = DIRECTION ( 'NONE',  ( -1.000000000000000000, 0.000000000000000000, -0.000000000000000000 ) ) ;
#1230 = DIRECTION ( 'NONE',  ( 1.000000000000000000, -0.000000000000000000, -0.000000000000000000 ) ) ;
#1231 = MECHANICAL_DESIGN_GEOMETRIC_PRESENTATION_REPRESENTATION (  '', ( #3593 ), #9166 ) ;
#1232 = VERTEX_POINT ( 'NONE', #2578 ) ;
#1233 = DIRECTION ( 'NONE',  ( -0.000000000000000000, 0.000000000000000000, 1.000000000000000000 ) ) ;
#1234 = DIRECTION ( 'NONE',  ( -0.000000000000000000, 0.000000000000000000, 1.000000000000000000 ) ) ;
#1235 = ORIENTED_EDGE ( 'NONE', *, *, #2461, .F. ) ;
#1236 = VECTOR ( 'NONE', #11457, 1000.000000000000000 ) ;
#1238 = COLOUR_RGB ( '',0.9411764705882352811, 0.6274509803921568540, 0.05490196078431372473 ) ;
#1237 = DIRECTION ( 'NONE',  ( -0.000000000000000000, -0.000000000000000000, -1.000000000000000000 ) ) ;
#1239 = VECTOR ( 'NONE', #7686, 1000.000000000000000 ) ;
#1240 = CARTESIAN_POINT ( 'NONE',  ( -6.099999999999999645, -1.050000000000000266, 0.8199999999999999512 ) ) ;
#1241 = ADVANCED_FACE ( 'NONE', ( #11721 ), #7733, .F. ) ;
#1242 = VERTEX_POINT ( 'NONE', #1690 ) ;
#1243 = VECTOR ( 'NONE', #2214, 1000.000000000000000 ) ;
#1244 = PLANE ( 'NONE',  #4717 ) ;
#1245 =( NAMED_UNIT ( * ) SI_UNIT ( $, .STERADIAN. ) SOLID_ANGLE_UNIT ( ) );
#1246 =( LENGTH_UNIT ( ) NAMED_UNIT ( * ) SI_UNIT ( .MILLI., .METRE. ) );
#1247 = ORIENTED_EDGE ( 'NONE', *, *, #3167, .T. ) ;
#1248 = VERTEX_POINT ( 'NONE', #6731 ) ;
#1249 = SURFACE_STYLE_FILL_AREA ( #8563 ) ;
#1250 = LINE ( 'NONE', #4265, #11371 ) ;
#1251 = ORIENTED_EDGE ( 'NONE', *, *, #11561, .T. ) ;
#1252 = LINE ( 'NONE', #6141, #10727 ) ;
#1253 = CARTESIAN_POINT ( 'NONE',  ( -4.500000000000000888, 6.500000000000000000, 2.400000000000000355 ) ) ;
#1254 =( GEOMETRIC_REPRESENTATION_CONTEXT ( 3 ) GLOBAL_UNCERTAINTY_ASSIGNED_CONTEXT ( ( #604 ) ) GLOBAL_UNIT_ASSIGNED_CONTEXT ( ( #3301, #11441, #2215 ) ) REPRESENTATION_CONTEXT ( 'NONE', 'WORKASPACE' ) );
#1255 = ADVANCED_FACE ( 'NONE', ( #763 ), #9968, .F. ) ;
#1256 = STYLED_ITEM ( 'NONE', ( #7225 ), #11332 ) ;
#1257 =( GEOMETRIC_REPRESENTATION_CONTEXT ( 3 ) GLOBAL_UNCERTAINTY_ASSIGNED_CONTEXT ( ( #10355 ) ) GLOBAL_UNIT_ASSIGNED_CONTEXT ( ( #4533, #7765, #4730 ) ) REPRESENTATION_CONTEXT ( 'NONE', 'WORKASPACE' ) );
#1258 = ORIENTED_EDGE ( 'NONE', *, *, #7674, .F. ) ;
#1259 = SURFACE_STYLE_USAGE ( .BOTH. , #7512 ) ;
#1260 = VERTEX_POINT ( 'NONE', #1895 ) ;
#1261 = PRESENTATION_STYLE_ASSIGNMENT (( #11629 ) ) ;
#1262 = DIRECTION ( 'NONE',  ( 0.000000000000000000, 0.000000000000000000, -1.000000000000000000 ) ) ;
#1263 = STYLED_ITEM ( 'NONE', ( #7616 ), #6387 ) ;
#1264 = VECTOR ( 'NONE', #8734, 1000.000000000000000 ) ;
#1265 = VERTEX_POINT ( 'NONE', #12930 ) ;
#1266 = EDGE_CURVE ( 'NONE', #9223, #277, #6983, .T. ) ;
#1267 =( LENGTH_UNIT ( ) NAMED_UNIT ( * ) SI_UNIT ( .MILLI., .METRE. ) );
#1268 = CARTESIAN_POINT ( 'NONE',  ( 6.099999999999999645, 3.700000000000000178, 0.8199999999999999512 ) ) ;
#1269 = VERTEX_POINT ( 'NONE', #7803 ) ;
#1270 = PRESENTATION_LAYER_ASSIGNMENT (  '', '', ( #11167 ) ) ;
#1271 = VECTOR ( 'NONE', #7429, 1000.000000000000000 ) ;
#1272 =( NAMED_UNIT ( * ) SI_UNIT ( $, .STERADIAN. ) SOLID_ANGLE_UNIT ( ) );
#1273 = CARTESIAN_POINT ( 'NONE',  ( 6.099999999999999645, 6.349999999999999645, 0.8199999999999999512 ) ) ;
#1274 = FILL_AREA_STYLE_COLOUR ( '', #9591 ) ;
#1275 =( LENGTH_UNIT ( ) NAMED_UNIT ( * ) SI_UNIT ( .MILLI., .METRE. ) );
#1276 = VERTEX_POINT ( 'NONE', #696 ) ;
#1277 = EDGE_LOOP ( 'NONE', ( #12533, #5673, #7220, #4030 ) ) ;
#1278 = VECTOR ( 'NONE', #7615, 1000.000000000000000 ) ;
#1279 =( GEOMETRIC_REPRESENTATION_CONTEXT ( 3 ) GLOBAL_UNCERTAINTY_ASSIGNED_CONTEXT ( ( #1986 ) ) GLOBAL_UNIT_ASSIGNED_CONTEXT ( ( #2392, #7475, #12682 ) ) REPRESENTATION_CONTEXT ( 'NONE', 'WORKASPACE' ) );
#1280 = VECTOR ( 'NONE', #7944, 1000.000000000000000 ) ;
#1281 = DIRECTION ( 'NONE',  ( 1.000000000000000000, 0.000000000000000000, 0.000000000000000000 ) ) ;
#1282 = UNCERTAINTY_MEASURE_WITH_UNIT (LENGTH_MEASURE( 1.000000000000000082E-05 ), #8806, 'distance_accuracy_value', 'NONE');
#1283 = EDGE_LOOP ( 'NONE', ( #13130, #2746, #2414, #4136 ) ) ;
#1284 = EDGE_CURVE ( 'NONE', #5983, #8594, #7870, .T. ) ;
#1285 = CARTESIAN_POINT ( 'NONE',  ( 6.099999999999999645, -2.150000000000000355, 0.8199999999999999512 ) ) ;
#1286 = DIRECTION ( 'NONE',  ( 1.000000000000000000, 0.000000000000000000, -0.000000000000000000 ) ) ;
#1287 = DIRECTION ( 'NONE',  ( -1.000000000000000000, 0.000000000000000000, 0.000000000000000000 ) ) ;
#1288 = PLANE ( 'NONE',  #11394 ) ;
#1289 = ORIENTED_EDGE ( 'NONE', *, *, #12966, .F. ) ;
#1290 = PRESENTATION_LAYER_ASSIGNMENT (  '', '', ( #3639 ) ) ;
#1291 = VECTOR ( 'NONE', #1974, 1000.000000000000000 ) ;
#1292 = CARTESIAN_POINT ( 'NONE',  ( -5.299999999999998934, -6.550000000000000711, 0.000000000000000000 ) ) ;
#1293 = LINE ( 'NONE', #5378, #8201 ) ;
#1294 = CARTESIAN_POINT ( 'NONE',  ( -5.299999999999998934, 4.150000000000000355, 0.8199999999999999512 ) ) ;
#1295 = DIRECTION ( 'NONE',  ( 1.000000000000000000, -0.000000000000000000, -0.000000000000000000 ) ) ;
#1296 = PRESENTATION_LAYER_ASSIGNMENT (  '', '', ( #1945 ) ) ;
#1297 = LINE ( 'NONE', #5383, #4083 ) ;
#1298 =( NAMED_UNIT ( * ) PLANE_ANGLE_UNIT ( ) SI_UNIT ( $, .RADIAN. ) );
#1299 =( GEOMETRIC_REPRESENTATION_CONTEXT ( 3 ) GLOBAL_UNCERTAINTY_ASSIGNED_CONTEXT ( ( #10991 ) ) GLOBAL_UNIT_ASSIGNED_CONTEXT ( ( #8236, #10538, #11547 ) ) REPRESENTATION_CONTEXT ( 'NONE', 'WORKASPACE' ) );
#1300 = UNCERTAINTY_MEASURE_WITH_UNIT (LENGTH_MEASURE( 1.000000000000000082E-05 ), #4248, 'distance_accuracy_value', 'NONE');
#1301 = CARTESIAN_POINT ( 'NONE',  ( -6.099999999999999645, -3.950000000000000178, 0.8199999999999999512 ) ) ;
#1302 = EDGE_LOOP ( 'NONE', ( #6970, #4666, #3808, #8871 ) ) ;
#1303 = ADVANCED_FACE ( 'NONE', ( #5910 ), #11973, .F. ) ;
#1304 = CARTESIAN_POINT ( 'NONE',  ( 6.099999999999999645, 3.700000000000000178, 0.000000000000000000 ) ) ;
#1305 = CARTESIAN_POINT ( 'NONE',  ( -6.099999999999999645, -3.449999999999999734, 0.8199999999999999512 ) ) ;
#1306 = ORIENTED_EDGE ( 'NONE', *, *, #2413, .F. ) ;
#1307 = CARTESIAN_POINT ( 'NONE',  ( -6.099999999999999645, 5.050000000000000711, 0.000000000000000000 ) ) ;
#1308 = CARTESIAN_POINT ( 'NONE',  ( -5.299999999999998934, -6.350000000000000533, 0.000000000000000000 ) ) ;
#1309 = PRESENTATION_LAYER_ASSIGNMENT (  '', '', ( #4434 ) ) ;
#1310 = DIRECTION ( 'NONE',  ( -0.000000000000000000, 1.000000000000000000, -0.000000000000000000 ) ) ;
#1311 = ORIENTED_EDGE ( 'NONE', *, *, #3679, .F. ) ;
#1312 = PRESENTATION_STYLE_ASSIGNMENT (( #12619 ) ) ;
#1313 = CARTESIAN_POINT ( 'NONE',  ( 5.299999999999998934, 3.049999999999999822, 0.8199999999999999512 ) ) ;
#1314 = ORIENTED_EDGE ( 'NONE', *, *, #13121, .F. ) ;
#1315 = PRESENTATION_STYLE_ASSIGNMENT (( #11345 ) ) ;
#1316 = FACE_OUTER_BOUND ( 'NONE', #13046, .T. ) ;
#1317 = AXIS2_PLACEMENT_3D ( 'NONE', #3143, #6078, #13223 ) ;
#1319 = PRESENTATION_STYLE_ASSIGNMENT (( #2648 ) ) ;
#1318 = COLOUR_RGB ( '',0.9411764705882352811, 0.6274509803921568540, 0.05490196078431372473 ) ;
#1320 = CARTESIAN_POINT ( 'NONE',  ( 5.299999999999998934, 5.249999999999999112, 0.8199999999999999512 ) ) ;
#1321 = EDGE_CURVE ( 'NONE', #8581, #9677, #6921, .T. ) ;
#1322 = FACE_OUTER_BOUND ( 'NONE', #3921, .T. ) ;
#1323 = DIRECTION ( 'NONE',  ( -1.000000000000000000, 0.000000000000000000, 0.000000000000000000 ) ) ;
#1324 = PRESENTATION_STYLE_ASSIGNMENT (( #2466 ) ) ;
#1325 = PRESENTATION_LAYER_ASSIGNMENT (  '', '', ( #3477 ) ) ;
#1326 = ORIENTED_EDGE ( 'NONE', *, *, #3765, .T. ) ;
#1327 =( NAMED_UNIT ( * ) SI_UNIT ( $, .STERADIAN. ) SOLID_ANGLE_UNIT ( ) );
#1328 = PRESENTATION_STYLE_ASSIGNMENT (( #3479 ) ) ;
#1329 = ORIENTED_EDGE ( 'NONE', *, *, #10214, .F. ) ;
#1330 = VECTOR ( 'NONE', #3065, 1000.000000000000000 ) ;
#1331 = LINE ( 'NONE', #9526, #4556 ) ;
#1332 =( GEOMETRIC_REPRESENTATION_CONTEXT ( 3 ) GLOBAL_UNCERTAINTY_ASSIGNED_CONTEXT ( ( #625 ) ) GLOBAL_UNIT_ASSIGNED_CONTEXT ( ( #8219, #7193, #11403 ) ) REPRESENTATION_CONTEXT ( 'NONE', 'WORKASPACE' ) );
#1333 = LINE ( 'NONE', #7690, #8346 ) ;
#1334 = SURFACE_STYLE_FILL_AREA ( #8571 ) ;
#1335 = CARTESIAN_POINT ( 'NONE',  ( -6.099999999999999645, -6.550000000000000711, 0.000000000000000000 ) ) ;
#1336 = VECTOR ( 'NONE', #6917, 1000.000000000000000 ) ;
#1337 = STYLED_ITEM ( 'NONE', ( #3975 ), #3782 ) ;
#1338 = FILL_AREA_STYLE ('',( #8511 ) ) ;
#1339 = FILL_AREA_STYLE_COLOUR ( '', #4530 ) ;
#1340 = DIRECTION ( 'NONE',  ( 0.000000000000000000, 0.000000000000000000, -1.000000000000000000 ) ) ;
#1341 = ORIENTED_EDGE ( 'NONE', *, *, #6802, .T. ) ;
#1342 = SURFACE_STYLE_FILL_AREA ( #4354 ) ;
#1343 = PRESENTATION_STYLE_ASSIGNMENT (( #469 ) ) ;
#1344 =( GEOMETRIC_REPRESENTATION_CONTEXT ( 3 ) GLOBAL_UNCERTAINTY_ASSIGNED_CONTEXT ( ( #10340 ) ) GLOBAL_UNIT_ASSIGNED_CONTEXT ( ( #6277, #11866, #10413 ) ) REPRESENTATION_CONTEXT ( 'NONE', 'WORKASPACE' ) );
#1345 = ORIENTED_EDGE ( 'NONE', *, *, #11750, .F. ) ;
#1346 = CIRCLE ( 'NONE', #10374, 0.2500000000000002220 ) ;
#1347 = FILL_AREA_STYLE ('',( #10562 ) ) ;
#1348 = CARTESIAN_POINT ( 'NONE',  ( 6.099999999999999645, 2.149999999999999911, 0.000000000000000000 ) ) ;
#1349 = VERTEX_POINT ( 'NONE', #13057 ) ;
#1350 = CARTESIAN_POINT ( 'NONE',  ( -5.299999999999998934, -6.550000000000000711, 0.8199999999999999512 ) ) ;
#1351 = EDGE_LOOP ( 'NONE', ( #6942, #6476, #3582, #2426 ) ) ;
#1352 = VECTOR ( 'NONE', #11183, 1000.000000000000000 ) ;
#1353 = LINE ( 'NONE', #9548, #13055 ) ;
#1354 = ORIENTED_EDGE ( 'NONE', *, *, #309, .F. ) ;
#1355 = AXIS2_PLACEMENT_3D ( 'NONE', #2622, #5827, #6706 ) ;
#1356 = DIRECTION ( 'NONE',  ( -0.000000000000000000, 1.000000000000000000, -0.000000000000000000 ) ) ;
#1357 =( NAMED_UNIT ( * ) PLANE_ANGLE_UNIT ( ) SI_UNIT ( $, .RADIAN. ) );
#1358 = VERTEX_POINT ( 'NONE', #2853 ) ;
#1359 = FILL_AREA_STYLE_COLOUR ( '', #2636 ) ;
#1360 = CARTESIAN_POINT ( 'NONE',  ( -5.299999999999998934, -1.950000000000000178, 0.8199999999999999512 ) ) ;
#1361 = CARTESIAN_POINT ( 'NONE',  ( 6.099999999999999645, 3.049999999999999822, 0.8199999999999999512 ) ) ;
#1362 = CARTESIAN_POINT ( 'NONE',  ( 6.099999999999999645, -0.4000000000000001887, 0.000000000000000000 ) ) ;
#1363 = AXIS2_PLACEMENT_3D ( 'NONE', #2155, #10966, #5687 ) ;
#1364 = SURFACE_SIDE_STYLE ('',( #6582 ) ) ;
#1365 = DIRECTION ( 'NONE',  ( 0.000000000000000000, 0.000000000000000000, -1.000000000000000000 ) ) ;
#1366 = EDGE_CURVE ( 'NONE', #672, #9246, #11055, .T. ) ;
#1367 = EDGE_CURVE ( 'NONE', #6760, #3466, #1194, .T. ) ;
#1368 = STYLED_ITEM ( 'NONE', ( #7502 ), #9523 ) ;
#1369 = PRESENTATION_LAYER_ASSIGNMENT (  '', '', ( #4782 ) ) ;
#1370 = LINE ( 'NONE', #6588, #5606 ) ;
#1371 = VERTEX_POINT ( 'NONE', #3158 ) ;
#1372 = DIRECTION ( 'NONE',  ( -1.000000000000000000, -0.000000000000000000, -0.000000000000000000 ) ) ;
#1373 = CARTESIAN_POINT ( 'NONE',  ( 5.299999999999998934, 5.450000000000000178, 0.8199999999999999512 ) ) ;
#1374 = CARTESIAN_POINT ( 'NONE',  ( -5.299999999999998934, 5.249999999999999112, 0.8199999999999999512 ) ) ;
#1375 = PRESENTATION_STYLE_ASSIGNMENT (( #7479 ) ) ;
#1376 = COLOUR_RGB ( '',0.9411764705882352811, 0.6274509803921568540, 0.05490196078431372473 ) ;
#1377 = ORIENTED_EDGE ( 'NONE', *, *, #3090, .T. ) ;
#1378 = CARTESIAN_POINT ( 'NONE',  ( 6.099999999999999645, 4.349999999999999645, 0.8199999999999999512 ) ) ;
#1379 = SURFACE_STYLE_USAGE ( .BOTH. , #10863 ) ;
#1380 = ORIENTED_EDGE ( 'NONE', *, *, #315, .T. ) ;
#1381 = DIRECTION ( 'NONE',  ( 1.626303258728256651E-16, -1.000000000000000000, 0.000000000000000000 ) ) ;
#1382 = EDGE_CURVE ( 'NONE', #10426, #6846, #12439, .T. ) ;
#1383 =( GEOMETRIC_REPRESENTATION_CONTEXT ( 3 ) GLOBAL_UNCERTAINTY_ASSIGNED_CONTEXT ( ( #7377 ) ) GLOBAL_UNIT_ASSIGNED_CONTEXT ( ( #10167, #2084, #955 ) ) REPRESENTATION_CONTEXT ( 'NONE', 'WORKASPACE' ) );
#1384 = DIRECTION ( 'NONE',  ( -2.001604010742470009E-16, 1.000000000000000000, 0.000000000000000000 ) ) ;
#1385 =( LENGTH_UNIT ( ) NAMED_UNIT ( * ) SI_UNIT ( .MILLI., .METRE. ) );
#1386 = CARTESIAN_POINT ( 'NONE',  ( 6.099999999999999645, -2.850000000000000533, 0.8199999999999999512 ) ) ;
#1387 = DIRECTION ( 'NONE',  ( -0.000000000000000000, -0.000000000000000000, 1.000000000000000000 ) ) ;
#1388 = VERTEX_POINT ( 'NONE', #331 ) ;
#1389 = LINE ( 'NONE', #2411, #12281 ) ;
#1390 = CARTESIAN_POINT ( 'NONE',  ( 5.299999999999998934, -5.450000000000001066, 0.8199999999999999512 ) ) ;
#1391 = ORIENTED_EDGE ( 'NONE', *, *, #12421, .T. ) ;
#1392 =( LENGTH_UNIT ( ) NAMED_UNIT ( * ) SI_UNIT ( .MILLI., .METRE. ) );
#1393 = LINE ( 'NONE', #9329, #9015 ) ;
#1394 = EDGE_CURVE ( 'NONE', #8396, #3409, #4470, .T. ) ;
#1395 = ORIENTED_EDGE ( 'NONE', *, *, #10827, .T. ) ;
#1396 = FILL_AREA_STYLE ('',( #7630 ) ) ;
#1397 = DIRECTION ( 'NONE',  ( 0.000000000000000000, 0.000000000000000000, -1.000000000000000000 ) ) ;
#1398 = DIRECTION ( 'NONE',  ( -0.000000000000000000, 1.000000000000000000, -0.000000000000000000 ) ) ;
#1399 = PRESENTATION_STYLE_ASSIGNMENT (( #2425 ) ) ;
#1400 = EDGE_LOOP ( 'NONE', ( #11740, #7267, #1056, #10746 ) ) ;
#1401 = FACE_OUTER_BOUND ( 'NONE', #4861, .T. ) ;
#1402 = VERTEX_POINT ( 'NONE', #5486 ) ;
#1403 = FILL_AREA_STYLE ('',( #5434 ) ) ;
#1404 = CARTESIAN_POINT ( 'NONE',  ( 4.500000000000000000, -6.500000000000000000, 0.8199999999999999512 ) ) ;
#1405 = DIRECTION ( 'NONE',  ( 1.000000000000000000, 0.000000000000000000, 0.000000000000000000 ) ) ;
#1406 = VERTEX_POINT ( 'NONE', #12578 ) ;
#1407 = DIRECTION ( 'NONE',  ( -0.000000000000000000, -0.000000000000000000, -1.000000000000000000 ) ) ;
#1408 = ADVANCED_FACE ( 'NONE', ( #9595 ), #3419, .T. ) ;
#1409 = VECTOR ( 'NONE', #285, 1000.000000000000000 ) ;
#1410 = CARTESIAN_POINT ( 'NONE',  ( -5.299999999999998934, -4.350000000000000533, 0.8199999999999999512 ) ) ;
#1411 = UNCERTAINTY_MEASURE_WITH_UNIT (LENGTH_MEASURE( 1.000000000000000082E-05 ), #12205, 'distance_accuracy_value', 'NONE');
#1412 = PLANE ( 'NONE',  #1031 ) ;
#1413 = LINE ( 'NONE', #7587, #10487 ) ;
#1414 = ORIENTED_EDGE ( 'NONE', *, *, #7454, .T. ) ;
#1415 = CARTESIAN_POINT ( 'NONE',  ( -6.099999999999999645, -5.900000000000000355, 0.8199999999999999512 ) ) ;
#1416 = DIRECTION ( 'NONE',  ( -0.000000000000000000, 0.000000000000000000, 1.000000000000000000 ) ) ;
#1417 = ORIENTED_EDGE ( 'NONE', *, *, #10329, .F. ) ;
#1418 = PLANE ( 'NONE',  #10147 ) ;
#1419 = CARTESIAN_POINT ( 'NONE',  ( -6.099999999999999645, -7.250000000000000000, 0.000000000000000000 ) ) ;
#1420 = SURFACE_SIDE_STYLE ('',( #417 ) ) ;
#1421 = SURFACE_STYLE_USAGE ( .BOTH. , #9492 ) ;
#1423 = VECTOR ( 'NONE', #8079, 1000.000000000000000 ) ;
#1422 =( NAMED_UNIT ( * ) SI_UNIT ( $, .STERADIAN. ) SOLID_ANGLE_UNIT ( ) );
#1424 = ADVANCED_FACE ( 'NONE', ( #7441 ), #9395, .F. ) ;
#1425 = PLANE ( 'NONE',  #8605 ) ;
#1426 = ADVANCED_FACE ( 'NONE', ( #10483 ), #5351, .F. ) ;
#1427 = UNCERTAINTY_MEASURE_WITH_UNIT (LENGTH_MEASURE( 1.000000000000000082E-05 ), #11929, 'distance_accuracy_value', 'NONE');
#1428 = COLOUR_RGB ( '',0.9411764705882352811, 0.6274509803921568540, 0.05490196078431372473 ) ;
#1429 = AXIS2_PLACEMENT_3D ( 'NONE', #11306, #1202, #3106 ) ;
#1430 = DIRECTION ( 'NONE',  ( 0.000000000000000000, 0.000000000000000000, -1.000000000000000000 ) ) ;
#1431 = VERTEX_POINT ( 'NONE', #3494 ) ;
#1432 = CARTESIAN_POINT ( 'NONE',  ( 6.099999999999999645, -3.449999999999999734, 0.8199999999999999512 ) ) ;
#1433 = LINE ( 'NONE', #6591, #9003 ) ;
#1434 = LINE ( 'NONE', #8615, #6999 ) ;
#1435 = SURFACE_STYLE_USAGE ( .BOTH. , #10657 ) ;
#1436 = ADVANCED_FACE ( 'NONE', ( #594 ), #12768, .F. ) ;
#1437 = CLOSED_SHELL ( 'NONE', ( #3606, #9787, #2450, #7828, #11332, #184, #10580, #79 ) ) ;
#1438 = VERTEX_POINT ( 'NONE', #5681 ) ;
#1439 = SURFACE_SIDE_STYLE ('',( #10802 ) ) ;
#1440 = EDGE_LOOP ( 'NONE', ( #9904, #9512, #5766, #796 ) ) ;
#1441 = MECHANICAL_DESIGN_GEOMETRIC_PRESENTATION_REPRESENTATION (  '', ( #4435 ), #2741 ) ;
#1442 = DIRECTION ( 'NONE',  ( 0.000000000000000000, -0.000000000000000000, 1.000000000000000000 ) ) ;
#1443 =( GEOMETRIC_REPRESENTATION_CONTEXT ( 3 ) GLOBAL_UNCERTAINTY_ASSIGNED_CONTEXT ( ( #11662 ) ) GLOBAL_UNIT_ASSIGNED_CONTEXT ( ( #3229, #7438, #2349 ) ) REPRESENTATION_CONTEXT ( 'NONE', 'WORKASPACE' ) );
#1444 = FACE_OUTER_BOUND ( 'NONE', #5139, .T. ) ;
#1445 = PLANE ( 'NONE',  #9532 ) ;
#1446 =( NAMED_UNIT ( * ) SI_UNIT ( $, .STERADIAN. ) SOLID_ANGLE_UNIT ( ) );
#1447 = LINE ( 'NONE', #2333, #7306 ) ;
#1448 =( NAMED_UNIT ( * ) SI_UNIT ( $, .STERADIAN. ) SOLID_ANGLE_UNIT ( ) );
#1449 = FILL_AREA_STYLE ('',( #4333 ) ) ;
#1450 = COLOUR_RGB ( '',0.9411764705882352811, 0.6274509803921568540, 0.05490196078431372473 ) ;
#1451 = LINE ( 'NONE', #7496, #6465 ) ;
#1452 = EDGE_CURVE ( 'NONE', #7412, #8192, #4966, .T. ) ;
#1453 = PRESENTATION_STYLE_ASSIGNMENT (( #4527 ) ) ;
#1454 = VERTEX_POINT ( 'NONE', #3549 ) ;
#1455 = DIRECTION ( 'NONE',  ( 0.000000000000000000, 0.000000000000000000, -1.000000000000000000 ) ) ;
#1456 =( NAMED_UNIT ( * ) PLANE_ANGLE_UNIT ( ) SI_UNIT ( $, .RADIAN. ) );
#1457 =( NAMED_UNIT ( * ) SI_UNIT ( $, .STERADIAN. ) SOLID_ANGLE_UNIT ( ) );
#1458 = MECHANICAL_DESIGN_GEOMETRIC_PRESENTATION_REPRESENTATION (  '', ( #13054 ), #13273 ) ;
#1459 = UNCERTAINTY_MEASURE_WITH_UNIT (LENGTH_MEASURE( 1.000000000000000082E-05 ), #9354, 'distance_accuracy_value', 'NONE');
#1460 = VERTEX_POINT ( 'NONE', #6557 ) ;
#1461 = FILL_AREA_STYLE_COLOUR ( '', #10258 ) ;
#1462 = ORIENTED_EDGE ( 'NONE', *, *, #11086, .T. ) ;
#1463 = FILL_AREA_STYLE ('',( #2281 ) ) ;
#1464 = ORIENTED_EDGE ( 'NONE', *, *, #4777, .T. ) ;
#1465 = ADVANCED_FACE ( 'NONE', ( #10686 ), #10829, .T. ) ;
#1466 = VERTEX_POINT ( 'NONE', #1731 ) ;
#1467 = AXIS2_PLACEMENT_3D ( 'NONE', #2019, #7103, #3097 ) ;
#1468 = DIRECTION ( 'NONE',  ( 0.000000000000000000, -0.000000000000000000, 1.000000000000000000 ) ) ;
#1469 = FILL_AREA_STYLE ('',( #10693 ) ) ;
#1470 = ORIENTED_EDGE ( 'NONE', *, *, #5932, .T. ) ;
#1471 = AXIS2_PLACEMENT_3D ( 'NONE', #671, #4745, #6707 ) ;
#1472 = LINE ( 'NONE', #12657, #8879 ) ;
#1473 = MECHANICAL_DESIGN_GEOMETRIC_PRESENTATION_REPRESENTATION (  '', ( #6401 ), #1257 ) ;
#1474 = PRESENTATION_LAYER_ASSIGNMENT (  '', '', ( #9196 ) ) ;
#1475 = CARTESIAN_POINT ( 'NONE',  ( -6.099999999999999645, -7.450000000000000178, 0.8199999999999999512 ) ) ;
#1476 = CIRCLE ( 'NONE', #3624, 0.2500000000000002220 ) ;
#1477 =( NAMED_UNIT ( * ) PLANE_ANGLE_UNIT ( ) SI_UNIT ( $, .RADIAN. ) );
#1478 = DIRECTION ( 'NONE',  ( -1.000000000000000000, -0.000000000000000000, -0.000000000000000000 ) ) ;
#1479 = AXIS2_PLACEMENT_3D ( 'NONE', #2069, #10475, #8446 ) ;
#1480 = ORIENTED_EDGE ( 'NONE', *, *, #2123, .T. ) ;
#1481 = ADVANCED_FACE ( 'NONE', ( #1656 ), #5746, .F. ) ;
#1482 = CARTESIAN_POINT ( 'NONE',  ( 6.099999999999999645, -8.000000000000000000, 0.000000000000000000 ) ) ;
#1483 = VERTEX_POINT ( 'NONE', #4735 ) ;
#1484 = CARTESIAN_POINT ( 'NONE',  ( 6.099999999999999645, 3.250000000000000444, 0.8199999999999999512 ) ) ;
#1485 = PLANE ( 'NONE',  #3061 ) ;
#1486 = LINE ( 'NONE', #9619, #12806 ) ;
#1487 = EDGE_CURVE ( 'NONE', #11137, #9946, #9940, .T. ) ;
#1488 = DIRECTION ( 'NONE',  ( -1.000000000000000000, 0.000000000000000000, -0.000000000000000000 ) ) ;
#1489 = VECTOR ( 'NONE', #6680, 1000.000000000000000 ) ;
#1490 = STYLED_ITEM ( 'NONE', ( #5868 ), #6484 ) ;
#1491 = VECTOR ( 'NONE', #8292, 1000.000000000000000 ) ;
#1492 = PRESENTATION_LAYER_ASSIGNMENT (  '', '', ( #8356 ) ) ;
#1494 = SURFACE_STYLE_FILL_AREA ( #8736 ) ;
#1493 = AXIS2_PLACEMENT_3D ( 'NONE', #10857, #8739, #6472 ) ;
#1495 = VERTEX_POINT ( 'NONE', #3943 ) ;
#1496 = FILL_AREA_STYLE ('',( #8738 ) ) ;
#1497 = CARTESIAN_POINT ( 'NONE',  ( 5.299999999999998934, 0.04999999999999969746, 0.000000000000000000 ) ) ;
#1498 = FACE_OUTER_BOUND ( 'NONE', #6960, .T. ) ;
#1499 = COLOUR_RGB ( '',0.9411764705882352811, 0.6274509803921568540, 0.05490196078431372473 ) ;
#1500 = LINE ( 'NONE', #9635, #6237 ) ;
#1501 = CARTESIAN_POINT ( 'NONE',  ( 6.099999999999999645, -1.050000000000000266, 0.000000000000000000 ) ) ;
#1502 = LINE ( 'NONE', #6801, #2722 ) ;
#1503 = VERTEX_POINT ( 'NONE', #5884 ) ;
#1504 = FILL_AREA_STYLE ('',( #8746 ) ) ;
#1505 = ORIENTED_EDGE ( 'NONE', *, *, #5765, .F. ) ;
#1506 = EDGE_LOOP ( 'NONE', ( #5752, #7405, #3899, #4292 ) ) ;
#1507 = STYLED_ITEM ( 'NONE', ( #5823 ), #6858 ) ;
#1508 = VECTOR ( 'NONE', #5944, 1000.000000000000000 ) ;
#1509 = PRESENTATION_LAYER_ASSIGNMENT (  '', '', ( #11610 ) ) ;
#1510 = SURFACE_STYLE_USAGE ( .BOTH. , #7612 ) ;
#1511 = FACE_OUTER_BOUND ( 'NONE', #2586, .T. ) ;
#1512 = VECTOR ( 'NONE', #9516, 1000.000000000000000 ) ;
#1513 = CARTESIAN_POINT ( 'NONE',  ( -6.099999999999999645, 8.000000000000000000, 0.000000000000000000 ) ) ;
#1514 =( LENGTH_UNIT ( ) NAMED_UNIT ( * ) SI_UNIT ( .MILLI., .METRE. ) );
#1515 = SURFACE_STYLE_USAGE ( .BOTH. , #9786 ) ;
#1516 = SURFACE_SIDE_STYLE ('',( #10671 ) ) ;
#1517 = ORIENTED_EDGE ( 'NONE', *, *, #9879, .T. ) ;
#1518 = COLOUR_RGB ( '',0.9411764705882352811, 0.6274509803921568540, 0.05490196078431372473 ) ;
#1519 = PRESENTATION_STYLE_ASSIGNMENT (( #6616 ) ) ;
#1520 = COLOUR_RGB ( '',0.9411764705882352811, 0.6274509803921568540, 0.05490196078431372473 ) ;
#1521 = DIRECTION ( 'NONE',  ( -0.000000000000000000, -0.000000000000000000, 1.000000000000000000 ) ) ;
#1522 = SURFACE_SIDE_STYLE ('',( #11885 ) ) ;
#1523 = VECTOR ( 'NONE', #6873, 1000.000000000000000 ) ;
#1524 = ADVANCED_FACE ( 'NONE', ( #8904 ), #5078, .F. ) ;
#1525 = EDGE_CURVE ( 'NONE', #1719, #10396, #9181, .T. ) ;
#1526 = VECTOR ( 'NONE', #3781, 1000.000000000000000 ) ;
#1527 = VECTOR ( 'NONE', #2949, 1000.000000000000000 ) ;
#1528 = ORIENTED_EDGE ( 'NONE', *, *, #10029, .F. ) ;
#1529 = DIRECTION ( 'NONE',  ( -0.000000000000000000, 1.000000000000000000, -0.000000000000000000 ) ) ;
#1530 = DIRECTION ( 'NONE',  ( -1.000000000000000000, 0.000000000000000000, 0.000000000000000000 ) ) ;
#1531 = LINE ( 'NONE', #9800, #841 ) ;
#1532 = ORIENTED_EDGE ( 'NONE', *, *, #6526, .T. ) ;
#1533 = CARTESIAN_POINT ( 'NONE',  ( 5.299999999999998934, -0.8500000000000000888, 0.8199999999999999512 ) ) ;
#1534 = PLANE ( 'NONE',  #8568 ) ;
#1535 = ORIENTED_EDGE ( 'NONE', *, *, #11771, .F. ) ;
#1536 =( NAMED_UNIT ( * ) SI_UNIT ( $, .STERADIAN. ) SOLID_ANGLE_UNIT ( ) );
#1537 = SURFACE_SIDE_STYLE ('',( #1663 ) ) ;
#1538 = ORIENTED_EDGE ( 'NONE', *, *, #10839, .T. ) ;
#1539 = VECTOR ( 'NONE', #9785, 1000.000000000000000 ) ;
#1540 =( NAMED_UNIT ( * ) PLANE_ANGLE_UNIT ( ) SI_UNIT ( $, .RADIAN. ) );
#1541 = AXIS2_PLACEMENT_3D ( 'NONE', #827, #4112, #10305 ) ;
#1542 = PRESENTATION_LAYER_ASSIGNMENT (  '', '', ( #11855 ) ) ;
#1543 = EDGE_CURVE ( 'NONE', #8253, #10770, #3009, .T. ) ;
#1544 = VECTOR ( 'NONE', #5675, 1000.000000000000000 ) ;
#1545 = UNCERTAINTY_MEASURE_WITH_UNIT (LENGTH_MEASURE( 1.000000000000000082E-05 ), #10032, 'distance_accuracy_value', 'NONE');
#1546 = CARTESIAN_POINT ( 'NONE',  ( 6.099999999999999645, -1.050000000000000266, 0.8199999999999999512 ) ) ;
#1547 =( LENGTH_UNIT ( ) NAMED_UNIT ( * ) SI_UNIT ( .MILLI., .METRE. ) );
#1548 = ORIENTED_EDGE ( 'NONE', *, *, #1163, .F. ) ;
#1549 = SURFACE_SIDE_STYLE ('',( #7854 ) ) ;
#1550 = ORIENTED_EDGE ( 'NONE', *, *, #3368, .T. ) ;
#1551 = FILL_AREA_STYLE ('',( #2641 ) ) ;
#1552 = FACE_OUTER_BOUND ( 'NONE', #9083, .T. ) ;
#1553 = FACE_OUTER_BOUND ( 'NONE', #2485, .T. ) ;
#1554 = CARTESIAN_POINT ( 'NONE',  ( 6.099999999999999645, -3.250000000000000444, 0.000000000000000000 ) ) ;
#1555 = MECHANICAL_DESIGN_GEOMETRIC_PRESENTATION_REPRESENTATION (  '', ( #2644 ), #1768 ) ;
#1556 = DIRECTION ( 'NONE',  ( -0.000000000000000000, -0.000000000000000000, -1.000000000000000000 ) ) ;
#1557 = STYLED_ITEM ( 'NONE', ( #10980 ), #4872 ) ;
#1558 = DIRECTION ( 'NONE',  ( 1.000000000000000000, 0.000000000000000000, 0.000000000000000000 ) ) ;
#1559 = EDGE_CURVE ( 'NONE', #5430, #3390, #4008, .T. ) ;
#1560 = UNCERTAINTY_MEASURE_WITH_UNIT (LENGTH_MEASURE( 1.000000000000000082E-05 ), #8387, 'distance_accuracy_value', 'NONE');
#1561 = DIRECTION ( 'NONE',  ( 1.000000000000000000, -0.000000000000000000, -0.000000000000000000 ) ) ;
#1562 = ORIENTED_EDGE ( 'NONE', *, *, #11499, .F. ) ;
#1563 = LINE ( 'NONE', #8939, #6892 ) ;
#1564 = PRESENTATION_LAYER_ASSIGNMENT (  '', '', ( #728 ) ) ;
#1565 = LINE ( 'NONE', #11000, #7868 ) ;
#1566 = ORIENTED_EDGE ( 'NONE', *, *, #10978, .T. ) ;
#1567 =( LENGTH_UNIT ( ) NAMED_UNIT ( * ) SI_UNIT ( .MILLI., .METRE. ) );
#1568 = DIRECTION ( 'NONE',  ( -1.000000000000000000, 0.000000000000000000, -0.000000000000000000 ) ) ;
#1569 = VECTOR ( 'NONE', #12959, 1000.000000000000000 ) ;
#1570 = VERTEX_POINT ( 'NONE', #11229 ) ;
#1571 = SURFACE_STYLE_USAGE ( .BOTH. , #6481 ) ;
#1572 = ADVANCED_FACE ( 'NONE', ( #10137 ), #9048, .F. ) ;
#1573 =( GEOMETRIC_REPRESENTATION_CONTEXT ( 3 ) GLOBAL_UNCERTAINTY_ASSIGNED_CONTEXT ( ( #1671 ) ) GLOBAL_UNIT_ASSIGNED_CONTEXT ( ( #3392, #4578, #4321 ) ) REPRESENTATION_CONTEXT ( 'NONE', 'WORKASPACE' ) );
#1574 = CARTESIAN_POINT ( 'NONE',  ( -6.099999999999999645, -6.550000000000000711, 0.8199999999999999512 ) ) ;
#1575 = DIRECTION ( 'NONE',  ( -0.000000000000000000, 1.000000000000000000, -0.000000000000000000 ) ) ;
#1576 = CARTESIAN_POINT ( 'NONE',  ( 6.099999999999999645, -1.500000000000000222, 0.8199999999999999512 ) ) ;
#1577 = LINE ( 'NONE', #10870, #208 ) ;
#1578 = CARTESIAN_POINT ( 'NONE',  ( 6.099999999999999645, 2.149999999999999911, 0.000000000000000000 ) ) ;
#1579 = ORIENTED_EDGE ( 'NONE', *, *, #11640, .T. ) ;
#1580 = DIRECTION ( 'NONE',  ( 0.000000000000000000, 1.000000000000000000, -0.000000000000000000 ) ) ;
#1581 = PLANE ( 'NONE',  #11593 ) ;
#1582 = ORIENTED_EDGE ( 'NONE', *, *, #37, .F. ) ;
#1583 = STYLED_ITEM ( 'NONE', ( #10934 ), #5427 ) ;
#1584 = SURFACE_STYLE_FILL_AREA ( #6689 ) ;
#1585 = SURFACE_STYLE_FILL_AREA ( #10819 ) ;
#1586 = FILL_AREA_STYLE_COLOUR ( '', #6871 ) ;
#1587 = ADVANCED_FACE ( 'NONE', ( #4931 ), #11157, .F. ) ;
#1588 = UNCERTAINTY_MEASURE_WITH_UNIT (LENGTH_MEASURE( 1.000000000000000082E-05 ), #7566, 'distance_accuracy_value', 'NONE');
#1589 = ORIENTED_EDGE ( 'NONE', *, *, #5441, .T. ) ;
#1590 = SURFACE_STYLE_FILL_AREA ( #10826 ) ;
#1591 = SURFACE_STYLE_USAGE ( .BOTH. , #7831 ) ;
#1592 = PRESENTATION_STYLE_ASSIGNMENT (( #9671 ) ) ;
#1593 = LINE ( 'NONE', #5682, #7679 ) ;
#1594 = VERTEX_POINT ( 'NONE', #3144 ) ;
#1595 = CARTESIAN_POINT ( 'NONE',  ( -5.299999999999998934, 5.450000000000000178, 0.8199999999999999512 ) ) ;
#1596 = DIRECTION ( 'NONE',  ( -1.000000000000000000, -0.000000000000000000, -0.000000000000000000 ) ) ;
#1597 = ORIENTED_EDGE ( 'NONE', *, *, #340, .F. ) ;
#1598 = SURFACE_SIDE_STYLE ('',( #10834 ) ) ;
#1599 = CARTESIAN_POINT ( 'NONE',  ( -5.299999999999998934, 4.349999999999999645, 0.8199999999999999512 ) ) ;
#1600 = LINE ( 'NONE', #8523, #4217 ) ;
#1601 = SURFACE_SIDE_STYLE ('',( #4601 ) ) ;
#1603 = EDGE_CURVE ( 'NONE', #4254, #12333, #7494, .T. ) ;
#1602 = ORIENTED_EDGE ( 'NONE', *, *, #166, .T. ) ;
#1604 = SURFACE_STYLE_USAGE ( .BOTH. , #6902 ) ;
#1605 = DIRECTION ( 'NONE',  ( -1.000000000000000000, 0.000000000000000000, 0.000000000000000000 ) ) ;
#1606 = ADVANCED_FACE ( 'NONE', ( #8370 ), #3286, .F. ) ;
#1607 = EDGE_CURVE ( 'NONE', #8609, #5588, #5760, .T. ) ;
#1608 = SURFACE_STYLE_USAGE ( .BOTH. , #6714 ) ;
#1609 = CARTESIAN_POINT ( 'NONE',  ( -6.099999999999999645, -1.050000000000000266, 0.8199999999999999512 ) ) ;
#1610 = LINE ( 'NONE', #7916, #9612 ) ;
#1611 = ORIENTED_EDGE ( 'NONE', *, *, #13208, .T. ) ;
#1612 = FACE_OUTER_BOUND ( 'NONE', #3739, .T. ) ;
#1613 = PRESENTATION_STYLE_ASSIGNMENT (( #6848 ) ) ;
#1614 = VERTEX_POINT ( 'NONE', #3404 ) ;
#1615 = FILL_AREA_STYLE_COLOUR ( '', #4338 ) ;
#1616 = CARTESIAN_POINT ( 'NONE',  ( 5.299999999999998934, 5.450000000000000178, 0.000000000000000000 ) ) ;
#1617 = EDGE_CURVE ( 'NONE', #333, #536, #11614, .T. ) ;
#1618 = LINE ( 'NONE', #10850, #743 ) ;
#1619 = VERTEX_POINT ( 'NONE', #9319 ) ;
#1620 = CARTESIAN_POINT ( 'NONE',  ( 6.099999999999999645, 7.450000000000000178, 0.8199999999999999512 ) ) ;
#1621 = CARTESIAN_POINT ( 'NONE',  ( -5.299999999999998934, 0.04999999999999969746, 0.8199999999999999512 ) ) ;
#1622 = ORIENTED_EDGE ( 'NONE', *, *, #9993, .F. ) ;
#1623 = DIRECTION ( 'NONE',  ( 0.000000000000000000, 0.000000000000000000, -1.000000000000000000 ) ) ;
#1624 = SURFACE_STYLE_USAGE ( .BOTH. , #12613 ) ;
#1626 = LINE ( 'NONE', #6797, #9868 ) ;
#1625 = MECHANICAL_DESIGN_GEOMETRIC_PRESENTATION_REPRESENTATION (  '', ( #12158 ), #6987 ) ;
#1627 = ORIENTED_EDGE ( 'NONE', *, *, #5149, .T. ) ;
#1628 =( GEOMETRIC_REPRESENTATION_CONTEXT ( 3 ) GLOBAL_UNCERTAINTY_ASSIGNED_CONTEXT ( ( #13004 ) ) GLOBAL_UNIT_ASSIGNED_CONTEXT ( ( #1045, #5931, #9034 ) ) REPRESENTATION_CONTEXT ( 'NONE', 'WORKASPACE' ) );
#1629 =( LENGTH_UNIT ( ) NAMED_UNIT ( * ) SI_UNIT ( .MILLI., .METRE. ) );
#1630 = LINE ( 'NONE', #2662, #13231 ) ;
#1631 = ADVANCED_FACE ( 'NONE', ( #6336 ), #7287, .T. ) ;
#1632 = ORIENTED_EDGE ( 'NONE', *, *, #7, .F. ) ;
#1633 = DIRECTION ( 'NONE',  ( 0.000000000000000000, -1.000000000000000000, 0.000000000000000000 ) ) ;
#1634 =( NAMED_UNIT ( * ) PLANE_ANGLE_UNIT ( ) SI_UNIT ( $, .RADIAN. ) );
#1635 = COLOUR_RGB ( '',0.000000000000000000, 1.000000000000000000, 0.000000000000000000 ) ;
#1636 = CIRCLE ( 'NONE', #10666, 0.2500000000000002220 ) ;
#1637 = FILL_AREA_STYLE_COLOUR ( '', #3039 ) ;
#1638 = SURFACE_STYLE_FILL_AREA ( #7753 ) ;
#1639 = SURFACE_SIDE_STYLE ('',( #1710 ) ) ;
#1640 = CARTESIAN_POINT ( 'NONE',  ( 6.099999999999999645, 6.550000000000000711, 0.8199999999999999512 ) ) ;
#1641 =( LENGTH_UNIT ( ) NAMED_UNIT ( * ) SI_UNIT ( .MILLI., .METRE. ) );
#1642 = COLOUR_RGB ( '',0.7921568627450980005, 0.8196078431372548767, 0.9333333333333333481 ) ;
#1643 = ORIENTED_EDGE ( 'NONE', *, *, #216, .T. ) ;
#1644 = SURFACE_STYLE_USAGE ( .BOTH. , #6005 ) ;
#1645 = EDGE_CURVE ( 'NONE', #875, #12104, #8752, .T. ) ;
#1646 = DIRECTION ( 'NONE',  ( 1.000000000000000000, 0.000000000000000000, 0.000000000000000000 ) ) ;
#1647 = EDGE_LOOP ( 'NONE', ( #5893, #6150, #778, #3016 ) ) ;
#1648 = LINE ( 'NONE', #3545, #6188 ) ;
#1649 = EDGE_CURVE ( 'NONE', #9887, #7122, #1577, .T. ) ;
#1650 = FILL_AREA_STYLE ('',( #2608 ) ) ;
#1651 = CARTESIAN_POINT ( 'NONE',  ( -6.099999999999999645, -3.050000000000000266, 0.8199999999999999512 ) ) ;
#1652 = MECHANICAL_DESIGN_GEOMETRIC_PRESENTATION_REPRESENTATION (  '', ( #7451 ), #2521 ) ;
#1653 = VERTEX_POINT ( 'NONE', #3659 ) ;
#1654 = SURFACE_STYLE_FILL_AREA ( #10884 ) ;
#1655 = CARTESIAN_POINT ( 'NONE',  ( -6.099999999999999645, -3.950000000000000178, 0.000000000000000000 ) ) ;
#1656 = FACE_OUTER_BOUND ( 'NONE', #6546, .T. ) ;
#1657 = DIRECTION ( 'NONE',  ( -1.000000000000000000, 0.000000000000000000, 0.000000000000000000 ) ) ;
#1658 = VERTEX_POINT ( 'NONE', #1640 ) ;
#1659 = FILL_AREA_STYLE ('',( #9803 ) ) ;
#1660 = EDGE_LOOP ( 'NONE', ( #3233, #12290, #5215, #8995, #2808, #11730 ) ) ;
#1661 = EDGE_CURVE ( 'NONE', #8057, #11102, #11873, .T. ) ;
#1662 = CARTESIAN_POINT ( 'NONE',  ( -6.099999999999999645, 2.349999999999999645, 0.8199999999999999512 ) ) ;
#1663 = SURFACE_STYLE_FILL_AREA ( #10694 ) ;
#1664 = ORIENTED_EDGE ( 'NONE', *, *, #3511, .T. ) ;
#1665 = MECHANICAL_DESIGN_GEOMETRIC_PRESENTATION_REPRESENTATION (  '', ( #7457 ), #3816 ) ;
#1666 = VECTOR ( 'NONE', #2997, 1000.000000000000000 ) ;
#1667 = SURFACE_STYLE_FILL_AREA ( #1811 ) ;
#1668 = VECTOR ( 'NONE', #8139, 1000.000000000000000 ) ;
#1669 = CARTESIAN_POINT ( 'NONE',  ( 6.099999999999999645, 5.249999999999999112, 0.000000000000000000 ) ) ;
#1670 = EDGE_CURVE ( 'NONE', #10426, #1112, #8822, .T. ) ;
#1671 = UNCERTAINTY_MEASURE_WITH_UNIT (LENGTH_MEASURE( 1.000000000000000082E-05 ), #3392, 'distance_accuracy_value', 'NONE');
#1672 = CARTESIAN_POINT ( 'NONE',  ( 6.099999999999999645, 0.04999999999999969746, 0.8199999999999999512 ) ) ;
#1673 = SURFACE_SIDE_STYLE ('',( #606 ) ) ;
#1674 =( GEOMETRIC_REPRESENTATION_CONTEXT ( 3 ) GLOBAL_UNCERTAINTY_ASSIGNED_CONTEXT ( ( #8402 ) ) GLOBAL_UNIT_ASSIGNED_CONTEXT ( ( #12577, #6355, #7439 ) ) REPRESENTATION_CONTEXT ( 'NONE', 'WORKASPACE' ) );
#1675 =( GEOMETRIC_REPRESENTATION_CONTEXT ( 3 ) GLOBAL_UNCERTAINTY_ASSIGNED_CONTEXT ( ( #13238 ) ) GLOBAL_UNIT_ASSIGNED_CONTEXT ( ( #680, #12985, #10974 ) ) REPRESENTATION_CONTEXT ( 'NONE', 'WORKASPACE' ) );
#1676 = ORIENTED_EDGE ( 'NONE', *, *, #10823, .F. ) ;
#1677 = CARTESIAN_POINT ( 'NONE',  ( -6.099999999999999645, 5.649999999999999467, 0.8199999999999999512 ) ) ;
#1678 = EDGE_CURVE ( 'NONE', #4864, #9304, #5533, .T. ) ;
#1679 = ORIENTED_EDGE ( 'NONE', *, *, #10283, .F. ) ;
#1680 = AXIS2_PLACEMENT_3D ( 'NONE', #2158, #203, #2289 ) ;
#1681 = VECTOR ( 'NONE', #12212, 1000.000000000000000 ) ;
#1682 = CARTESIAN_POINT ( 'NONE',  ( -6.099999999999999645, -5.450000000000001066, 0.8199999999999999512 ) ) ;
#1683 = PLANE ( 'NONE',  #573 ) ;
#1684 =( NAMED_UNIT ( * ) PLANE_ANGLE_UNIT ( ) SI_UNIT ( $, .RADIAN. ) );
#1685 = PRESENTATION_LAYER_ASSIGNMENT (  '', '', ( #6619 ) ) ;
#1686 = DIRECTION ( 'NONE',  ( 0.000000000000000000, 1.000000000000000000, 0.000000000000000000 ) ) ;
#1687 = CARTESIAN_POINT ( 'NONE',  ( 6.099999999999999645, 4.150000000000000355, 0.000000000000000000 ) ) ;
#1688 = EDGE_CURVE ( 'NONE', #4426, #4282, #4692, .T. ) ;
#1689 = EDGE_CURVE ( 'NONE', #653, #1431, #8689, .T. ) ;
#1690 = CARTESIAN_POINT ( 'NONE',  ( -6.099999999999999645, 4.150000000000000355, 0.8199999999999999512 ) ) ;
#1691 = ORIENTED_EDGE ( 'NONE', *, *, #108, .T. ) ;
#1692 = CARTESIAN_POINT ( 'NONE',  ( -5.299999999999998934, -6.550000000000000711, 0.8199999999999999512 ) ) ;
#1693 = CARTESIAN_POINT ( 'NONE',  ( -6.099999999999999645, -5.450000000000001066, 0.8199999999999999512 ) ) ;
#1694 = ORIENTED_EDGE ( 'NONE', *, *, #446, .T. ) ;
#1695 = LINE ( 'NONE', #7668, #7340 ) ;
#1696 = CARTESIAN_POINT ( 'NONE',  ( 6.099999999999999645, -0.1499999999999999667, 0.000000000000000000 ) ) ;
#1697 = LINE ( 'NONE', #703, #5070 ) ;
#1698 = ORIENTED_EDGE ( 'NONE', *, *, #12368, .T. ) ;
#1699 = PRESENTATION_LAYER_ASSIGNMENT (  '', '', ( #9430 ) ) ;
#1700 = CARTESIAN_POINT ( 'NONE',  ( -6.099999999999999645, -4.150000000000000355, 0.8199999999999999512 ) ) ;
#1701 = COLOUR_RGB ( '',0.9411764705882352811, 0.6274509803921568540, 0.05490196078431372473 ) ;
#1702 = FACE_OUTER_BOUND ( 'NONE', #3590, .T. ) ;
#1703 = AXIS2_PLACEMENT_3D ( 'NONE', #6002, #11066, #924 ) ;
#1704 =( GEOMETRIC_REPRESENTATION_CONTEXT ( 3 ) GLOBAL_UNCERTAINTY_ASSIGNED_CONTEXT ( ( #919 ) ) GLOBAL_UNIT_ASSIGNED_CONTEXT ( ( #2317, #302, #6592 ) ) REPRESENTATION_CONTEXT ( 'NONE', 'WORKASPACE' ) );
#1705 = EDGE_CURVE ( 'NONE', #7450, #789, #9652, .T. ) ;
#1706 = CARTESIAN_POINT ( 'NONE',  ( -5.299999999999998934, -5.450000000000001066, 0.8199999999999999512 ) ) ;
#1707 = FILL_AREA_STYLE ('',( #8686 ) ) ;
#1708 =( GEOMETRIC_REPRESENTATION_CONTEXT ( 3 ) GLOBAL_UNCERTAINTY_ASSIGNED_CONTEXT ( ( #1191 ) ) GLOBAL_UNIT_ASSIGNED_CONTEXT ( ( #1275, #274, #12588 ) ) REPRESENTATION_CONTEXT ( 'NONE', 'WORKASPACE' ) );
#1709 = ORIENTED_EDGE ( 'NONE', *, *, #444, .F. ) ;
#1710 = SURFACE_STYLE_FILL_AREA ( #13075 ) ;
#1711 = PRESENTATION_STYLE_ASSIGNMENT (( #6810 ) ) ;
#1712 = CARTESIAN_POINT ( 'NONE',  ( 6.099999999999999645, 6.750000000000000000, 0.8199999999999999512 ) ) ;
#1713 = ORIENTED_EDGE ( 'NONE', *, *, #2046, .F. ) ;
#1714 =( NAMED_UNIT ( * ) PLANE_ANGLE_UNIT ( ) SI_UNIT ( $, .RADIAN. ) );
#1715 = DIRECTION ( 'NONE',  ( -0.000000000000000000, 0.000000000000000000, 1.000000000000000000 ) ) ;
#1716 = PLANE ( 'NONE',  #2530 ) ;
#1717 = DIRECTION ( 'NONE',  ( 0.000000000000000000, -1.000000000000000000, 0.000000000000000000 ) ) ;
#1718 =( LENGTH_UNIT ( ) NAMED_UNIT ( * ) SI_UNIT ( .MILLI., .METRE. ) );
#1719 = VERTEX_POINT ( 'NONE', #7819 ) ;
#1720 =( GEOMETRIC_REPRESENTATION_CONTEXT ( 3 ) GLOBAL_UNCERTAINTY_ASSIGNED_CONTEXT ( ( #3837 ) ) GLOBAL_UNIT_ASSIGNED_CONTEXT ( ( #3192, #9361, #1038 ) ) REPRESENTATION_CONTEXT ( 'NONE', 'WORKASPACE' ) );
#1721 = STYLED_ITEM ( 'NONE', ( #9709 ), #6613 ) ;
#1722 = CARTESIAN_POINT ( 'NONE',  ( 6.099999999999999645, -1.500000000000000222, 0.8199999999999999512 ) ) ;
#1723 = VECTOR ( 'NONE', #7783, 1000.000000000000000 ) ;
#1724 =( NAMED_UNIT ( * ) SI_UNIT ( $, .STERADIAN. ) SOLID_ANGLE_UNIT ( ) );
#1725 = PLANE ( 'NONE',  #11839 ) ;
#1726 = EDGE_CURVE ( 'NONE', #9056, #1503, #4643, .T. ) ;
#1727 = UNCERTAINTY_MEASURE_WITH_UNIT (LENGTH_MEASURE( 1.000000000000000082E-05 ), #10463, 'distance_accuracy_value', 'NONE');
#1728 = VERTEX_POINT ( 'NONE', #9574 ) ;
#1729 = AXIS2_PLACEMENT_3D ( 'NONE', #4664, #10758, #2683 ) ;
#1730 = DIRECTION ( 'NONE',  ( -1.000000000000000000, 0.000000000000000000, 0.000000000000000000 ) ) ;
#1731 = CARTESIAN_POINT ( 'NONE',  ( -5.299999999999998934, 4.349999999999999645, 0.8199999999999999512 ) ) ;
#1732 = DIRECTION ( 'NONE',  ( -1.000000000000000000, 0.000000000000000000, 0.000000000000000000 ) ) ;
#1733 = AXIS2_PLACEMENT_3D ( 'NONE', #10822, #3734, #10678 ) ;
#1734 = VERTEX_POINT ( 'NONE', #9782 ) ;
#1735 = LINE ( 'NONE', #5821, #9691 ) ;
#1736 = LINE ( 'NONE', #5750, #12022 ) ;
#1737 = ORIENTED_EDGE ( 'NONE', *, *, #8929, .T. ) ;
#1738 = MECHANICAL_DESIGN_GEOMETRIC_PRESENTATION_REPRESENTATION (  '', ( #4714 ), #7523 ) ;
#1739 = SURFACE_STYLE_USAGE ( .BOTH. , #9807 ) ;
#1740 = DIRECTION ( 'NONE',  ( 1.000000000000000000, 1.626303258728256651E-16, -0.000000000000000000 ) ) ;
#1741 = COLOUR_RGB ( '',0.7921568627450980005, 0.8196078431372548767, 0.9333333333333333481 ) ;
#1742 = ORIENTED_EDGE ( 'NONE', *, *, #11113, .F. ) ;
#1743 = SURFACE_STYLE_FILL_AREA ( #11837 ) ;
#1744 = SURFACE_STYLE_USAGE ( .BOTH. , #2308 ) ;
#1745 = EDGE_CURVE ( 'NONE', #4513, #26, #3474, .T. ) ;
#1746 = CIRCLE ( 'NONE', #7320, 0.2500000000000002220 ) ;
#1747 = PRESENTATION_STYLE_ASSIGNMENT (( #8855 ) ) ;
#1748 = STYLED_ITEM ( 'NONE', ( #7678 ), #839 ) ;
#1749 = DIRECTION ( 'NONE',  ( -1.000000000000000000, -0.000000000000000000, -0.000000000000000000 ) ) ;
#1750 = PRESENTATION_STYLE_ASSIGNMENT (( #5763 ) ) ;
#1751 = VERTEX_POINT ( 'NONE', #2597 ) ;
#1752 = CARTESIAN_POINT ( 'NONE',  ( 5.849999999999999645, -5.900000000000000355, 0.8199999999999999512 ) ) ;
#1753 = CARTESIAN_POINT ( 'NONE',  ( -6.099999999999999645, 4.549999999999999822, 0.8199999999999999512 ) ) ;
#1754 = ORIENTED_EDGE ( 'NONE', *, *, #6712, .F. ) ;
#1755 = DIRECTION ( 'NONE',  ( -0.000000000000000000, 1.000000000000000000, -0.000000000000000000 ) ) ;
#1756 = FACE_OUTER_BOUND ( 'NONE', #11860, .T. ) ;
#1757 = VECTOR ( 'NONE', #12830, 1000.000000000000000 ) ;
#1758 =( NAMED_UNIT ( * ) PLANE_ANGLE_UNIT ( ) SI_UNIT ( $, .RADIAN. ) );
#1759 =( GEOMETRIC_REPRESENTATION_CONTEXT ( 3 ) GLOBAL_UNCERTAINTY_ASSIGNED_CONTEXT ( ( #658 ) ) GLOBAL_UNIT_ASSIGNED_CONTEXT ( ( #4344, #4273, #12508 ) ) REPRESENTATION_CONTEXT ( 'NONE', 'WORKASPACE' ) );
#1760 = LINE ( 'NONE', #12178, #1336 ) ;
#1761 = AXIS2_PLACEMENT_3D ( 'NONE', #2859, #9836, #6737 ) ;
#1762 = DIRECTION ( 'NONE',  ( -1.000000000000000000, -0.000000000000000000, -0.000000000000000000 ) ) ;
#1763 = EDGE_CURVE ( 'NONE', #12384, #3243, #376, .T. ) ;
#1764 = VECTOR ( 'NONE', #10762, 1000.000000000000000 ) ;
#1765 = PRESENTATION_STYLE_ASSIGNMENT (( #9831 ) ) ;
#1766 = VERTEX_POINT ( 'NONE', #11809 ) ;
#1767 = CARTESIAN_POINT ( 'NONE',  ( -6.099999999999999645, 4.150000000000000355, 0.8199999999999999512 ) ) ;
#1768 =( GEOMETRIC_REPRESENTATION_CONTEXT ( 3 ) GLOBAL_UNCERTAINTY_ASSIGNED_CONTEXT ( ( #5864 ) ) GLOBAL_UNIT_ASSIGNED_CONTEXT ( ( #7534, #5304, #8413 ) ) REPRESENTATION_CONTEXT ( 'NONE', 'WORKASPACE' ) );
#1769 = SURFACE_SIDE_STYLE ('',( #12934 ) ) ;
#1770 = PLANE ( 'NONE',  #9442 ) ;
#1771 = ORIENTED_EDGE ( 'NONE', *, *, #3637, .F. ) ;
#1772 = SURFACE_SIDE_STYLE ('',( #12051 ) ) ;
#1773 = LINE ( 'NONE', #770, #11329 ) ;
#1774 = CARTESIAN_POINT ( 'NONE',  ( -6.099999999999999645, 8.000000000000000000, 0.000000000000000000 ) ) ;
#1775 = ORIENTED_EDGE ( 'NONE', *, *, #12125, .F. ) ;
#1776 = VECTOR ( 'NONE', #8017, 1000.000000000000000 ) ;
#1777 = SURFACE_SIDE_STYLE ('',( #2863 ) ) ;
#1778 = FACE_OUTER_BOUND ( 'NONE', #12238, .T. ) ;
#1779 = EDGE_CURVE ( 'NONE', #1949, #10682, #5597, .T. ) ;
#1780 = DIRECTION ( 'NONE',  ( -0.000000000000000000, 1.000000000000000000, -0.000000000000000000 ) ) ;
#1781 = EDGE_CURVE ( 'NONE', #2477, #1949, #6608, .T. ) ;
#1782 = EDGE_CURVE ( 'NONE', #3990, #2782, #10669, .T. ) ;
#1783 = STYLED_ITEM ( 'NONE', ( #12380 ), #5020 ) ;
#1784 = CARTESIAN_POINT ( 'NONE',  ( 6.099999999999999645, -7.450000000000000178, 0.8199999999999999512 ) ) ;
#1785 = ORIENTED_EDGE ( 'NONE', *, *, #2694, .T. ) ;
#1786 = CARTESIAN_POINT ( 'NONE',  ( 6.099999999999999645, -1.500000000000000222, 0.000000000000000000 ) ) ;
#1787 = SURFACE_STYLE_FILL_AREA ( #8223 ) ;
#1788 = ORIENTED_EDGE ( 'NONE', *, *, #13023, .F. ) ;
#1789 = FACE_OUTER_BOUND ( 'NONE', #7934, .T. ) ;
#1790 = VECTOR ( 'NONE', #7431, 1000.000000000000000 ) ;
#1791 = ORIENTED_EDGE ( 'NONE', *, *, #6526, .F. ) ;
#1792 = DIRECTION ( 'NONE',  ( -0.000000000000000000, 1.000000000000000000, -0.000000000000000000 ) ) ;
#1793 = EDGE_CURVE ( 'NONE', #5354, #130, #8630, .T. ) ;
#1794 = VECTOR ( 'NONE', #9948, 1000.000000000000000 ) ;
#1795 = FILL_AREA_STYLE_COLOUR ( '', #8755 ) ;
#1796 = DIRECTION ( 'NONE',  ( -1.000000000000000000, 0.000000000000000000, -0.000000000000000000 ) ) ;
#1797 = LINE ( 'NONE', #4929, #10768 ) ;
#1798 = DIRECTION ( 'NONE',  ( 0.000000000000000000, -0.000000000000000000, -1.000000000000000000 ) ) ;
#1799 =( NAMED_UNIT ( * ) SI_UNIT ( $, .STERADIAN. ) SOLID_ANGLE_UNIT ( ) );
#1800 = CARTESIAN_POINT ( 'NONE',  ( 5.299999999999998934, -5.450000000000001066, 0.000000000000000000 ) ) ;
#1801 = VECTOR ( 'NONE', #4450, 1000.000000000000000 ) ;
#1802 = VERTEX_POINT ( 'NONE', #10938 ) ;
#1803 = PLANE ( 'NONE',  #248 ) ;
#1804 = FACE_OUTER_BOUND ( 'NONE', #3672, .T. ) ;
#1805 = EDGE_LOOP ( 'NONE', ( #2903, #13062, #11961, #11056 ) ) ;
#1806 = SURFACE_STYLE_USAGE ( .BOTH. , #4939 ) ;
#1807 = FACE_OUTER_BOUND ( 'NONE', #6813, .T. ) ;
#1808 = SURFACE_SIDE_STYLE ('',( #6899 ) ) ;
#1809 = VECTOR ( 'NONE', #5512, 1000.000000000000000 ) ;
#1810 = EDGE_CURVE ( 'NONE', #3681, #3365, #7067, .T. ) ;
#1811 = FILL_AREA_STYLE ('',( #9876 ) ) ;
#1812 = FILL_AREA_STYLE ('',( #9192 ) ) ;
#1813 = DIRECTION ( 'NONE',  ( -1.000000000000000000, 0.000000000000000000, -0.000000000000000000 ) ) ;
#1814 = UNCERTAINTY_MEASURE_WITH_UNIT (LENGTH_MEASURE( 1.000000000000000082E-05 ), #6486, 'distance_accuracy_value', 'NONE');
#1815 =( GEOMETRIC_REPRESENTATION_CONTEXT ( 3 ) GLOBAL_UNCERTAINTY_ASSIGNED_CONTEXT ( ( #9667 ) ) GLOBAL_UNIT_ASSIGNED_CONTEXT ( ( #11452, #3504, #2363 ) ) REPRESENTATION_CONTEXT ( 'NONE', 'WORKASPACE' ) );
#1816 = DIRECTION ( 'NONE',  ( 0.000000000000000000, -1.000000000000000000, 0.000000000000000000 ) ) ;
#1817 = CARTESIAN_POINT ( 'NONE',  ( 6.099999999999999645, -7.450000000000000178, 0.8199999999999999512 ) ) ;
#1818 = ORIENTED_EDGE ( 'NONE', *, *, #7935, .F. ) ;
#1819 = LINE ( 'NONE', #5901, #9798 ) ;
#1820 = CARTESIAN_POINT ( 'NONE',  ( 5.299999999999998934, 5.450000000000000178, 0.8199999999999999512 ) ) ;
#1821 = ORIENTED_EDGE ( 'NONE', *, *, #9452, .T. ) ;
#1822 = CARTESIAN_POINT ( 'NONE',  ( 6.099999999999999645, -5.450000000000001066, 0.8199999999999999512 ) ) ;
#1823 = ADVANCED_FACE ( 'NONE', ( #10193 ), #10121, .F. ) ;
#1824 = LINE ( 'NONE', #13196, #13300 ) ;
#1825 = UNCERTAINTY_MEASURE_WITH_UNIT (LENGTH_MEASURE( 1.000000000000000082E-05 ), #11792, 'distance_accuracy_value', 'NONE');
#1826 = ORIENTED_EDGE ( 'NONE', *, *, #390, .F. ) ;
#1827 = FACE_OUTER_BOUND ( 'NONE', #11550, .T. ) ;
#1828 = LINE ( 'NONE', #3840, #8152 ) ;
#1829 = LINE ( 'NONE', #4899, #8153 ) ;
#1830 = ORIENTED_EDGE ( 'NONE', *, *, #12643, .F. ) ;
#1831 = DIRECTION ( 'NONE',  ( 0.000000000000000000, -0.000000000000000000, 1.000000000000000000 ) ) ;
#1832 = PRESENTATION_STYLE_ASSIGNMENT (( #833 ) ) ;
#1833 = DIRECTION ( 'NONE',  ( 0.000000000000000000, 0.000000000000000000, -1.000000000000000000 ) ) ;
#1834 = ORIENTED_EDGE ( 'NONE', *, *, #9452, .F. ) ;
#1835 = EDGE_CURVE ( 'NONE', #4426, #3587, #3788, .T. ) ;
#1836 = CARTESIAN_POINT ( 'NONE',  ( -5.299999999999998934, 3.049999999999999822, 0.8199999999999999512 ) ) ;
#1837 = ADVANCED_FACE ( 'NONE', ( #2802 ), #13212, .T. ) ;
#1838 = DIRECTION ( 'NONE',  ( -1.000000000000000000, 0.000000000000000000, 0.000000000000000000 ) ) ;
#1839 = UNCERTAINTY_MEASURE_WITH_UNIT (LENGTH_MEASURE( 1.000000000000000082E-05 ), #1267, 'distance_accuracy_value', 'NONE');
#1840 = PRESENTATION_LAYER_ASSIGNMENT (  '', '', ( #7624 ) ) ;
#1841 = MECHANICAL_DESIGN_GEOMETRIC_PRESENTATION_REPRESENTATION (  '', ( #8698 ), #12151 ) ;
#1842 = CARTESIAN_POINT ( 'NONE',  ( 5.299999999999998934, -3.250000000000000444, 0.8199999999999999512 ) ) ;
#1843 = ORIENTED_EDGE ( 'NONE', *, *, #6758, .T. ) ;
#1844 = EDGE_CURVE ( 'NONE', #12251, #2931, #9028, .T. ) ;
#1845 = LINE ( 'NONE', #8158, #11429 ) ;
#1846 = FILL_AREA_STYLE ('',( #13152 ) ) ;
#1847 = FACE_OUTER_BOUND ( 'NONE', #9209, .T. ) ;
#1848 = ORIENTED_EDGE ( 'NONE', *, *, #5900, .T. ) ;
#1849 = FACE_OUTER_BOUND ( 'NONE', #12895, .T. ) ;
#1850 = DIRECTION ( 'NONE',  ( -1.000000000000000000, -0.000000000000000000, -0.000000000000000000 ) ) ;
#1851 = SURFACE_SIDE_STYLE ('',( #13156 ) ) ;
#1852 = ORIENTED_EDGE ( 'NONE', *, *, #3276, .F. ) ;
#1853 = DIRECTION ( 'NONE',  ( 1.000000000000000000, 0.000000000000000000, 0.000000000000000000 ) ) ;
#1854 = DIRECTION ( 'NONE',  ( 0.000000000000000000, 0.000000000000000000, -1.000000000000000000 ) ) ;
#1855 = MECHANICAL_DESIGN_GEOMETRIC_PRESENTATION_REPRESENTATION (  '', ( #5914 ), #10879 ) ;
#1856 = DIRECTION ( 'NONE',  ( 0.000000000000000000, 1.000000000000000000, 0.000000000000000000 ) ) ;
#1857 = VECTOR ( 'NONE', #9419, 1000.000000000000000 ) ;
#1858 = PRESENTATION_STYLE_ASSIGNMENT (( #2883 ) ) ;
#1859 = ADVANCED_FACE ( 'NONE', ( #11139 ), #4995, .T. ) ;
#1860 = LINE ( 'NONE', #792, #11204 ) ;
#1861 = PRESENTATION_LAYER_ASSIGNMENT (  '', '', ( #4007 ) ) ;
#1862 = DIRECTION ( 'NONE',  ( 0.000000000000000000, 0.000000000000000000, -1.000000000000000000 ) ) ;
#1863 = ORIENTED_EDGE ( 'NONE', *, *, #10075, .F. ) ;
#1864 = LINE ( 'NONE', #13170, #2182 ) ;
#1865 = SURFACE_STYLE_USAGE ( .BOTH. , #11085 ) ;
#1866 = SURFACE_SIDE_STYLE ('',( #2749 ) ) ;
#1867 = VERTEX_POINT ( 'NONE', #4128 ) ;
#1868 = LINE ( 'NONE', #5084, #1143 ) ;
#1869 = CARTESIAN_POINT ( 'NONE',  ( -5.299999999999998934, -3.250000000000000444, 0.8199999999999999512 ) ) ;
#1870 = ORIENTED_EDGE ( 'NONE', *, *, #7663, .F. ) ;
#1871 = CLOSED_SHELL ( 'NONE', ( #10510, #5596, #11103, #10151, #12031, #3188, #50, #11307 ) ) ;
#1872 = MECHANICAL_DESIGN_GEOMETRIC_PRESENTATION_REPRESENTATION (  '', ( #8731 ), #9165 ) ;
#1873 =( BOUNDED_CURVE ( )  B_SPLINE_CURVE ( 3, ( #3068, #3197, #10123, #8225 ),
 .UNSPECIFIED., .F., .F. ) 
 B_SPLINE_CURVE_WITH_KNOTS ( ( 4, 4 ),
 ( 1.570796326794896558, 3.141592653589792672 ),
 .UNSPECIFIED. ) 
 CURVE ( )  GEOMETRIC_REPRESENTATION_ITEM ( )  RATIONAL_B_SPLINE_CURVE ( ( 1.000000000000000000, 0.8047378541243650485, 0.8047378541243650485, 1.000000000000000000 ) ) 
 REPRESENTATION_ITEM ( '' )  );
#1874 = FILL_AREA_STYLE ('',( #12305 ) ) ;
#1875 = FILL_AREA_STYLE_COLOUR ( '', #10022 ) ;
#1876 = EDGE_CURVE ( 'NONE', #9832, #5044, #2316, .T. ) ;
#1877 = EDGE_LOOP ( 'NONE', ( #2519, #7077, #3786, #11918 ) ) ;
#1878 = LINE ( 'NONE', #7167, #1041 ) ;
#1879 = ORIENTED_EDGE ( 'NONE', *, *, #2896, .T. ) ;
#1880 = LINE ( 'NONE', #811, #7849 ) ;
#1881 = CARTESIAN_POINT ( 'NONE',  ( 5.299999999999998934, -5.450000000000001066, 0.8199999999999999512 ) ) ;
#1882 = AXIS2_PLACEMENT_3D ( 'NONE', #9079, #5107, #3041 ) ;
#1883 = EDGE_LOOP ( 'NONE', ( #9, #12411, #69, #3219 ) ) ;
#1884 = AXIS2_PLACEMENT_3D ( 'NONE', #6440, #8648, #10689 ) ;
#1885 = STYLED_ITEM ( 'NONE', ( #8240 ), #6997 ) ;
#1886 =( NAMED_UNIT ( * ) PLANE_ANGLE_UNIT ( ) SI_UNIT ( $, .RADIAN. ) );
#1887 = FILL_AREA_STYLE_COLOUR ( '', #4550 ) ;
#1888 = CARTESIAN_POINT ( 'NONE',  ( -6.099999999999999645, -4.150000000000000355, 0.000000000000000000 ) ) ;
#1889 = CARTESIAN_POINT ( 'NONE',  ( 5.299999999999998934, -1.950000000000000178, 0.000000000000000000 ) ) ;
#1890 = ORIENTED_EDGE ( 'NONE', *, *, #2218, .T. ) ;
#1891 = VECTOR ( 'NONE', #10009, 1000.000000000000000 ) ;
#1892 = VECTOR ( 'NONE', #1478, 1000.000000000000000 ) ;
#1893 = CARTESIAN_POINT ( 'NONE',  ( 6.099999999999999645, 6.349999999999999645, 0.000000000000000000 ) ) ;
#1894 = ADVANCED_FACE ( 'NONE', ( #8222 ), #2185, .T. ) ;
#1895 = CARTESIAN_POINT ( 'NONE',  ( 6.099999999999999645, 5.249999999999999112, 0.8199999999999999512 ) ) ;
#1896 = EDGE_LOOP ( 'NONE', ( #4204, #392, #9077, #7073 ) ) ;
#1897 = DIRECTION ( 'NONE',  ( -1.000000000000000000, -0.000000000000000000, -0.000000000000000000 ) ) ;
#1898 =( NAMED_UNIT ( * ) SI_UNIT ( $, .STERADIAN. ) SOLID_ANGLE_UNIT ( ) );
#1899 = ADVANCED_FACE ( 'NONE', ( #7347 ), #7197, .T. ) ;
#1900 = DIRECTION ( 'NONE',  ( -0.000000000000000000, -0.000000000000000000, 1.000000000000000000 ) ) ;
#1901 = EDGE_LOOP ( 'NONE', ( #8462, #1528, #3075, #9550 ) ) ;
#1902 = CARTESIAN_POINT ( 'NONE',  ( 6.099999999999999645, 8.000000000000000000, 0.000000000000000000 ) ) ;
#1903 = DIRECTION ( 'NONE',  ( 1.626303258728256651E-16, -1.000000000000000000, 0.000000000000000000 ) ) ;
#1904 = ORIENTED_EDGE ( 'NONE', *, *, #8024, .T. ) ;
#1905 = COLOUR_RGB ( '',0.9411764705882352811, 0.6274509803921568540, 0.05490196078431372473 ) ;
#1906 = PRESENTATION_LAYER_ASSIGNMENT (  '', '', ( #6824 ) ) ;
#1907 = CARTESIAN_POINT ( 'NONE',  ( 6.099999999999999645, -3.250000000000000444, 0.8199999999999999512 ) ) ;
#1908 = COLOUR_RGB ( '',0.9411764705882352811, 0.6274509803921568540, 0.05490196078431372473 ) ;
#1909 =( NAMED_UNIT ( * ) PLANE_ANGLE_UNIT ( ) SI_UNIT ( $, .RADIAN. ) );
#1910 = AXIS2_PLACEMENT_3D ( 'NONE', #11015, #7889, #13012 ) ;
#1911 = ORIENTED_EDGE ( 'NONE', *, *, #12114, .T. ) ;
#1912 = STYLED_ITEM ( 'NONE', ( #6612 ), #7161 ) ;
#1913 = EDGE_CURVE ( 'NONE', #2467, #8118, #7735, .T. ) ;
#1914 = SURFACE_STYLE_FILL_AREA ( #11138 ) ;
#1915 = DIRECTION ( 'NONE',  ( 0.000000000000000000, 0.000000000000000000, -1.000000000000000000 ) ) ;
#1916 = SURFACE_STYLE_USAGE ( .BOTH. , #7068 ) ;
#1917 = VECTOR ( 'NONE', #3018, 1000.000000000000000 ) ;
#1918 = ORIENTED_EDGE ( 'NONE', *, *, #7536, .F. ) ;
#1919 = DIRECTION ( 'NONE',  ( -1.000000000000000000, 0.000000000000000000, 0.000000000000000000 ) ) ;
#1920 = SURFACE_STYLE_USAGE ( .BOTH. , #11996 ) ;
#1921 =( NAMED_UNIT ( * ) SI_UNIT ( $, .STERADIAN. ) SOLID_ANGLE_UNIT ( ) );
#1922 = ORIENTED_EDGE ( 'NONE', *, *, #7454, .F. ) ;
#1923 = CARTESIAN_POINT ( 'NONE',  ( 6.099999999999999645, -4.150000000000000355, 0.000000000000000000 ) ) ;
#1924 = CARTESIAN_POINT ( 'NONE',  ( 6.099999999999999645, -3.050000000000000266, 0.8199999999999999512 ) ) ;
#1925 = VECTOR ( 'NONE', #1915, 1000.000000000000000 ) ;
#1926 = VECTOR ( 'NONE', #6394, 1000.000000000000000 ) ;
#1927 = PRESENTATION_STYLE_ASSIGNMENT (( #6952 ) ) ;
#1928 = COLOUR_RGB ( '',0.000000000000000000, 1.000000000000000000, 0.000000000000000000 ) ;
#1929 = VECTOR ( 'NONE', #1094, 1000.000000000000000 ) ;
#1930 = FILL_AREA_STYLE ('',( #11153 ) ) ;
#1931 = SURFACE_STYLE_FILL_AREA ( #8302 ) ;
#1932 = EDGE_CURVE ( 'NONE', #12726, #1388, #3458, .T. ) ;
#1933 = FILL_AREA_STYLE ('',( #8043 ) ) ;
#1934 = CARTESIAN_POINT ( 'NONE',  ( 6.099999999999999645, -5.250000000000000000, 0.8199999999999999512 ) ) ;
#1935 = ORIENTED_EDGE ( 'NONE', *, *, #6453, .F. ) ;
#1936 = SURFACE_SIDE_STYLE ('',( #4803 ) ) ;
#1937 = CARTESIAN_POINT ( 'NONE',  ( -6.099999999999999645, 3.250000000000000444, 0.000000000000000000 ) ) ;
#1938 = ORIENTED_EDGE ( 'NONE', *, *, #4562, .F. ) ;
#1939 = STYLED_ITEM ( 'NONE', ( #9230 ), #12198 ) ;
#1940 = DIRECTION ( 'NONE',  ( 0.000000000000000000, 0.000000000000000000, -1.000000000000000000 ) ) ;
#1941 = SURFACE_STYLE_USAGE ( .BOTH. , #5222 ) ;
#1942 = EDGE_CURVE ( 'NONE', #11211, #3406, #9558, .T. ) ;
#1943 = EDGE_CURVE ( 'NONE', #11500, #7599, #11864, .T. ) ;
#1944 = COLOUR_RGB ( '',0.9411764705882352811, 0.6274509803921568540, 0.05490196078431372473 ) ;
#1945 = STYLED_ITEM ( 'NONE', ( #8655 ), #12259 ) ;
#1946 = PRESENTATION_STYLE_ASSIGNMENT (( #13307 ) ) ;
#1947 = UNCERTAINTY_MEASURE_WITH_UNIT (LENGTH_MEASURE( 1.000000000000000082E-05 ), #8776, 'distance_accuracy_value', 'NONE');
#1948 = LINE ( 'NONE', #12237, #398 ) ;
#1949 = VERTEX_POINT ( 'NONE', #12681 ) ;
#1950 = CARTESIAN_POINT ( 'NONE',  ( -6.099999999999999645, -6.150000000000001243, 0.000000000000000000 ) ) ;
#1951 = ORIENTED_EDGE ( 'NONE', *, *, #7746, .F. ) ;
#1952 = STYLED_ITEM ( 'NONE', ( #6539 ), #808 ) ;
#1953 = LINE ( 'NONE', #2964, #11938 ) ;
#1954 = EDGE_LOOP ( 'NONE', ( #509, #4669, #215, #7617, #7473, #11674 ) ) ;
#1955 = DIRECTION ( 'NONE',  ( -0.000000000000000000, 0.000000000000000000, -1.000000000000000000 ) ) ;
#1956 = CARTESIAN_POINT ( 'NONE',  ( 6.099999999999999645, 4.150000000000000355, 0.8199999999999999512 ) ) ;
#1957 = DIRECTION ( 'NONE',  ( 1.000000000000000000, 0.000000000000000000, 0.000000000000000000 ) ) ;
#1958 = FILL_AREA_STYLE ('',( #10230 ) ) ;
#1959 = SURFACE_SIDE_STYLE ('',( #12175 ) ) ;
#1960 = ADVANCED_FACE ( 'NONE', ( #9834 ), #2582, .T. ) ;
#1961 = ORIENTED_EDGE ( 'NONE', *, *, #12642, .F. ) ;
#1962 = COLOUR_RGB ( '',0.9411764705882352811, 0.6274509803921568540, 0.05490196078431372473 ) ;
#1963 = FILL_AREA_STYLE ('',( #11054 ) ) ;
#1964 = STYLED_ITEM ( 'NONE', ( #12341 ), #1017 ) ;
#1965 = DIRECTION ( 'NONE',  ( -1.000000000000000000, 0.000000000000000000, 0.000000000000000000 ) ) ;
#1966 = UNCERTAINTY_MEASURE_WITH_UNIT (LENGTH_MEASURE( 1.000000000000000082E-05 ), #545, 'distance_accuracy_value', 'NONE');
#1967 =( NAMED_UNIT ( * ) SI_UNIT ( $, .STERADIAN. ) SOLID_ANGLE_UNIT ( ) );
#1968 = VECTOR ( 'NONE', #4394, 1000.000000000000000 ) ;
#1969 = VECTOR ( 'NONE', #114, 1000.000000000000000 ) ;
#1970 = EDGE_LOOP ( 'NONE', ( #9957, #9218, #5841, #5248 ) ) ;
#1971 =( NAMED_UNIT ( * ) PLANE_ANGLE_UNIT ( ) SI_UNIT ( $, .RADIAN. ) );
#1972 = DIRECTION ( 'NONE',  ( -1.000000000000000000, 0.000000000000000000, -0.000000000000000000 ) ) ;
#1973 = CARTESIAN_POINT ( 'NONE',  ( 5.299999999999998934, 4.349999999999999645, 0.000000000000000000 ) ) ;
#1974 = DIRECTION ( 'NONE',  ( -0.000000000000000000, -0.000000000000000000, -1.000000000000000000 ) ) ;
#1975 = VERTEX_POINT ( 'NONE', #3583 ) ;
#1976 = CARTESIAN_POINT ( 'NONE',  ( -6.099999999999999645, 8.000000000000000000, 0.8199999999999999512 ) ) ;
#1977 = VECTOR ( 'NONE', #6466, 1000.000000000000000 ) ;
#1978 = SURFACE_STYLE_FILL_AREA ( #4835 ) ;
#1979 = CARTESIAN_POINT ( 'NONE',  ( -6.099999999999999645, -4.150000000000000355, 0.8199999999999999512 ) ) ;
#1980 = AXIS2_PLACEMENT_3D ( 'NONE', #7160, #3954, #11295 ) ;
#1981 = ORIENTED_EDGE ( 'NONE', *, *, #4663, .T. ) ;
#1982 =( NAMED_UNIT ( * ) SI_UNIT ( $, .STERADIAN. ) SOLID_ANGLE_UNIT ( ) );
#1983 = EDGE_CURVE ( 'NONE', #16, #12395, #11723, .T. ) ;
#1984 =( GEOMETRIC_REPRESENTATION_CONTEXT ( 3 ) GLOBAL_UNCERTAINTY_ASSIGNED_CONTEXT ( ( #6512 ) ) GLOBAL_UNIT_ASSIGNED_CONTEXT ( ( #11876, #10196, #9168 ) ) REPRESENTATION_CONTEXT ( 'NONE', 'WORKASPACE' ) );
#1985 = MECHANICAL_DESIGN_GEOMETRIC_PRESENTATION_REPRESENTATION (  '', ( #1337 ), #688 ) ;
#1986 = UNCERTAINTY_MEASURE_WITH_UNIT (LENGTH_MEASURE( 1.000000000000000082E-05 ), #2392, 'distance_accuracy_value', 'NONE');
#1987 = MECHANICAL_DESIGN_GEOMETRIC_PRESENTATION_REPRESENTATION (  '', ( #12063 ), #2849 ) ;
#1988 = CARTESIAN_POINT ( 'NONE',  ( 5.299999999999998934, -3.050000000000000266, 0.8199999999999999512 ) ) ;
#1989 = ORIENTED_EDGE ( 'NONE', *, *, #8386, .T. ) ;
#1990 = CARTESIAN_POINT ( 'NONE',  ( -5.299999999999998934, 5.450000000000000178, 0.000000000000000000 ) ) ;
#1991 = FILL_AREA_STYLE ('',( #7820 ) ) ;
#1992 = CIRCLE ( 'NONE', #7767, 0.2500000000000002220 ) ;
#1993 = MECHANICAL_DESIGN_GEOMETRIC_PRESENTATION_REPRESENTATION (  '', ( #3911 ), #2202 ) ;
#1994 = ORIENTED_EDGE ( 'NONE', *, *, #12404, .T. ) ;
#1995 =( NAMED_UNIT ( * ) PLANE_ANGLE_UNIT ( ) SI_UNIT ( $, .RADIAN. ) );
#1996 = FILL_AREA_STYLE ('',( #10199 ) ) ;
#1997 = ORIENTED_EDGE ( 'NONE', *, *, #8781, .F. ) ;
#1998 = SURFACE_STYLE_FILL_AREA ( #3001 ) ;
#1999 = AXIS2_PLACEMENT_3D ( 'NONE', #3447, #3256, #7795 ) ;
#2000 = EDGE_CURVE ( 'NONE', #4214, #9959, #2391, .T. ) ;
#2001 = ORIENTED_EDGE ( 'NONE', *, *, #4227, .T. ) ;
#2002 = DIRECTION ( 'NONE',  ( 0.000000000000000000, -1.000000000000000000, 0.000000000000000000 ) ) ;
#2003 = CARTESIAN_POINT ( 'NONE',  ( -6.099999999999999645, 2.149999999999999911, 0.000000000000000000 ) ) ;
#2004 = ORIENTED_EDGE ( 'NONE', *, *, #911, .F. ) ;
#2005 = SURFACE_SIDE_STYLE ('',( #790 ) ) ;
#2006 = FILL_AREA_STYLE_COLOUR ( '', #9011 ) ;
#2007 = SURFACE_SIDE_STYLE ('',( #11230 ) ) ;
#2008 = ORIENTED_EDGE ( 'NONE', *, *, #9597, .F. ) ;
#2009 = SURFACE_STYLE_FILL_AREA ( #11234 ) ;
#2010 = CARTESIAN_POINT ( 'NONE',  ( 6.099999999999999645, 3.950000000000000178, 0.8199999999999999512 ) ) ;
#2011 = ORIENTED_EDGE ( 'NONE', *, *, #1050, .F. ) ;
#2012 = PRESENTATION_LAYER_ASSIGNMENT (  '', '', ( #9955 ) ) ;
#2013 = CARTESIAN_POINT ( 'NONE',  ( -5.299999999999998934, -5.450000000000001066, 0.000000000000000000 ) ) ;
#2014 = EDGE_CURVE ( 'NONE', #13093, #12505, #1433, .T. ) ;
#2015 =( GEOMETRIC_REPRESENTATION_CONTEXT ( 3 ) GLOBAL_UNCERTAINTY_ASSIGNED_CONTEXT ( ( #2924 ) ) GLOBAL_UNIT_ASSIGNED_CONTEXT ( ( #9122, #10217, #255 ) ) REPRESENTATION_CONTEXT ( 'NONE', 'WORKASPACE' ) );
#2016 = EDGE_CURVE ( 'NONE', #4145, #789, #9633, .T. ) ;
#2017 =( LENGTH_UNIT ( ) NAMED_UNIT ( * ) SI_UNIT ( .MILLI., .METRE. ) );
#2018 = ORIENTED_EDGE ( 'NONE', *, *, #8781, .T. ) ;
#2019 = CARTESIAN_POINT ( 'NONE',  ( 6.099999999999999645, -2.600000000000000533, 0.000000000000000000 ) ) ;
#2020 = ORIENTED_EDGE ( 'NONE', *, *, #4953, .F. ) ;
#2021 = EDGE_CURVE ( 'NONE', #1046, #8144, #9708, .T. ) ;
#2022 = STYLED_ITEM ( 'NONE', ( #12605 ), #9737 ) ;
#2023 = CARTESIAN_POINT ( 'NONE',  ( 6.099999999999999645, 2.600000000000000089, 0.8199999999999999512 ) ) ;
#2024 = FILL_AREA_STYLE ('',( #10160 ) ) ;
#2025 = ORIENTED_EDGE ( 'NONE', *, *, #7356, .F. ) ;
#2026 = LINE ( 'NONE', #12316, #10591 ) ;
#2027 = PLANE ( 'NONE',  #584 ) ;
#2028 = FACE_OUTER_BOUND ( 'NONE', #6688, .T. ) ;
#2029 =( GEOMETRIC_REPRESENTATION_CONTEXT ( 3 ) GLOBAL_UNCERTAINTY_ASSIGNED_CONTEXT ( ( #2757 ) ) GLOBAL_UNIT_ASSIGNED_CONTEXT ( ( #9781, #6746, #10868 ) ) REPRESENTATION_CONTEXT ( 'NONE', 'WORKASPACE' ) );
#2030 = VERTEX_POINT ( 'NONE', #12739 ) ;
#2031 = PRESENTATION_STYLE_ASSIGNMENT (( #8135 ) ) ;
#2032 = COLOUR_RGB ( '',0.9411764705882352811, 0.6274509803921568540, 0.05490196078431372473 ) ;
#2033 = FILL_AREA_STYLE_COLOUR ( '', #11132 ) ;
#2034 = PLANE ( 'NONE',  #8114 ) ;
#2035 = EDGE_LOOP ( 'NONE', ( #9973, #1173, #4694, #7839 ) ) ;
#2036 = ADVANCED_FACE ( 'NONE', ( #6666 ), #7601, .T. ) ;
#2037 = CARTESIAN_POINT ( 'NONE',  ( -6.099999999999999645, -5.250000000000000000, 0.8199999999999999512 ) ) ;
#2038 = SURFACE_SIDE_STYLE ('',( #10505 ) ) ;
#2039 = SURFACE_STYLE_FILL_AREA ( #5114 ) ;
#2040 = ORIENTED_EDGE ( 'NONE', *, *, #10662, .F. ) ;
#2041 = DIRECTION ( 'NONE',  ( 0.000000000000000000, 0.000000000000000000, -1.000000000000000000 ) ) ;
#2042 = FACE_OUTER_BOUND ( 'NONE', #12635, .T. ) ;
#2043 = SURFACE_SIDE_STYLE ('',( #9154 ) ) ;
#2044 =( NAMED_UNIT ( * ) SI_UNIT ( $, .STERADIAN. ) SOLID_ANGLE_UNIT ( ) );
#2045 = VERTEX_POINT ( 'NONE', #1973 ) ;
#2046 = EDGE_CURVE ( 'NONE', #951, #10095, #7509, .T. ) ;
#2047 = CARTESIAN_POINT ( 'NONE',  ( 6.099999999999999645, 5.450000000000000178, 0.8199999999999999512 ) ) ;
#2048 = DIRECTION ( 'NONE',  ( 0.000000000000000000, 1.000000000000000000, 0.000000000000000000 ) ) ;
#2049 = ORIENTED_EDGE ( 'NONE', *, *, #12944, .F. ) ;
#2050 = DIRECTION ( 'NONE',  ( -0.000000000000000000, 1.000000000000000000, -0.000000000000000000 ) ) ;
#2051 = PLANE ( 'NONE',  #6550 ) ;
#2052 = ORIENTED_EDGE ( 'NONE', *, *, #11561, .F. ) ;
#2053 = DIRECTION ( 'NONE',  ( 6.672013369141566696E-17, -1.000000000000000000, -0.000000000000000000 ) ) ;
#2054 = ORIENTED_EDGE ( 'NONE', *, *, #7759, .T. ) ;
#2055 = DIRECTION ( 'NONE',  ( 0.000000000000000000, 0.000000000000000000, -1.000000000000000000 ) ) ;
#2056 = SURFACE_STYLE_USAGE ( .BOTH. , #3279 ) ;
#2057 = STYLED_ITEM ( 'NONE', ( #10381 ), #8234 ) ;
#2058 = VECTOR ( 'NONE', #11411, 1000.000000000000000 ) ;
#2059 = EDGE_LOOP ( 'NONE', ( #784, #11472, #5950, #9200 ) ) ;
#2060 = FACE_OUTER_BOUND ( 'NONE', #3805, .T. ) ;
#2061 = EDGE_CURVE ( 'NONE', #11607, #6868, #2916, .T. ) ;
#2062 = DIRECTION ( 'NONE',  ( 0.000000000000000000, -0.000000000000000000, -1.000000000000000000 ) ) ;
#2063 = ORIENTED_EDGE ( 'NONE', *, *, #3547, .F. ) ;
#2064 = CARTESIAN_POINT ( 'NONE',  ( 6.099999999999999645, -3.700000000000000178, 0.8199999999999999512 ) ) ;
#2065 = DIRECTION ( 'NONE',  ( -1.000000000000000000, -0.000000000000000000, -0.000000000000000000 ) ) ;
#2066 = ORIENTED_EDGE ( 'NONE', *, *, #10406, .T. ) ;
#2067 = VECTOR ( 'NONE', #2715, 1000.000000000000000 ) ;
#2068 = LINE ( 'NONE', #9188, #3512 ) ;
#2069 = CARTESIAN_POINT ( 'NONE',  ( 6.099999999999999645, -3.700000000000000178, 0.8199999999999999512 ) ) ;
#2070 =( NAMED_UNIT ( * ) PLANE_ANGLE_UNIT ( ) SI_UNIT ( $, .RADIAN. ) );
#2071 = AXIS2_PLACEMENT_3D ( 'NONE', #5396, #2321, #4317 ) ;
#2072 = AXIS2_PLACEMENT_3D ( 'NONE', #74, #9541, #2157 ) ;
#2073 = FACE_OUTER_BOUND ( 'NONE', #4414, .T. ) ;
#2074 = CARTESIAN_POINT ( 'NONE',  ( -5.299999999999998934, 4.349999999999999645, 0.8199999999999999512 ) ) ;
#2075 = EDGE_LOOP ( 'NONE', ( #10539, #7532, #11567, #12778 ) ) ;
#2076 = DIRECTION ( 'NONE',  ( -0.000000000000000000, -0.000000000000000000, 1.000000000000000000 ) ) ;
#2077 = EDGE_LOOP ( 'NONE', ( #8942, #6037, #1664, #4240 ) ) ;
#2078 = DIRECTION ( 'NONE',  ( 1.626303258728256651E-16, -1.000000000000000000, 0.000000000000000000 ) ) ;
#2079 = EDGE_LOOP ( 'NONE', ( #6640, #8617, #13184, #8566 ) ) ;
#2080 = DIRECTION ( 'NONE',  ( -0.000000000000000000, 1.000000000000000000, -0.000000000000000000 ) ) ;
#2081 = CARTESIAN_POINT ( 'NONE',  ( 6.099999999999999645, -6.150000000000001243, 0.000000000000000000 ) ) ;
#2082 = DIRECTION ( 'NONE',  ( 0.000000000000000000, 1.000000000000000000, 0.000000000000000000 ) ) ;
#2083 = VECTOR ( 'NONE', #3922, 1000.000000000000000 ) ;
#2084 =( NAMED_UNIT ( * ) PLANE_ANGLE_UNIT ( ) SI_UNIT ( $, .RADIAN. ) );
#2085 = EDGE_LOOP ( 'NONE', ( #9309, #7719, #10127, #6562 ) ) ;
#2086 = EDGE_CURVE ( 'NONE', #12445, #5706, #2785, .T. ) ;
#2087 = UNCERTAINTY_MEASURE_WITH_UNIT (LENGTH_MEASURE( 1.000000000000000082E-05 ), #12426, 'distance_accuracy_value', 'NONE');
#2088 = DIRECTION ( 'NONE',  ( 1.000000000000000000, 0.000000000000000000, 0.000000000000000000 ) ) ;
#2089 = MECHANICAL_DESIGN_GEOMETRIC_PRESENTATION_REPRESENTATION (  '', ( #8935 ), #9605 ) ;
#2090 = ORIENTED_EDGE ( 'NONE', *, *, #7576, .T. ) ;
#2091 = FACE_OUTER_BOUND ( 'NONE', #7877, .T. ) ;
#2092 = DIRECTION ( 'NONE',  ( -0.000000000000000000, -0.000000000000000000, 1.000000000000000000 ) ) ;
#2093 = VERTEX_POINT ( 'NONE', #11194 ) ;
#2094 = CARTESIAN_POINT ( 'NONE',  ( -6.099999999999999645, 3.049999999999999822, 0.8199999999999999512 ) ) ;
#2095 =( NAMED_UNIT ( * ) PLANE_ANGLE_UNIT ( ) SI_UNIT ( $, .RADIAN. ) );
#2096 = PLANE ( 'NONE',  #1001 ) ;
#2097 = CARTESIAN_POINT ( 'NONE',  ( 6.099999999999999645, 7.450000000000000178, 0.8199999999999999512 ) ) ;
#2098 = CARTESIAN_POINT ( 'NONE',  ( -6.099999999999996980, -8.000000000000000000, 0.8199999999999999512 ) ) ;
#2099 = VECTOR ( 'NONE', #6373, 1000.000000000000000 ) ;
#2100 = MECHANICAL_DESIGN_GEOMETRIC_PRESENTATION_REPRESENTATION (  '', ( #13047 ), #4033 ) ;
#2101 = SURFACE_STYLE_USAGE ( .BOTH. , #9299 ) ;
#2102 = EDGE_CURVE ( 'NONE', #1438, #1196, #905, .T. ) ;
#2103 = EDGE_CURVE ( 'NONE', #10831, #10529, #7936, .T. ) ;
#2104 = UNCERTAINTY_MEASURE_WITH_UNIT (LENGTH_MEASURE( 1.000000000000000082E-05 ), #4117, 'distance_accuracy_value', 'NONE');
#2105 =( NAMED_UNIT ( * ) PLANE_ANGLE_UNIT ( ) SI_UNIT ( $, .RADIAN. ) );
#2106 = ORIENTED_EDGE ( 'NONE', *, *, #11282, .T. ) ;
#2107 = PLANE ( 'NONE',  #11220 ) ;
#2108 = SURFACE_STYLE_USAGE ( .BOTH. , #7406 ) ;
#2109 = DIRECTION ( 'NONE',  ( 1.000000000000000000, 0.000000000000000000, -0.000000000000000000 ) ) ;
#2110 = PRESENTATION_LAYER_ASSIGNMENT (  '', '', ( #8538 ) ) ;
#2111 = VECTOR ( 'NONE', #9130, 1000.000000000000000 ) ;
#2112 = EDGE_LOOP ( 'NONE', ( #9320, #158, #8177, #6726 ) ) ;
#2113 = LINE ( 'NONE', #7273, #8406 ) ;
#2114 = DIRECTION ( 'NONE',  ( -1.000000000000000000, 0.000000000000000000, 0.000000000000000000 ) ) ;
#2115 = CARTESIAN_POINT ( 'NONE',  ( 6.099999999999999645, -2.150000000000000355, 0.8199999999999999512 ) ) ;
#2116 = VERTEX_POINT ( 'NONE', #8072 ) ;
#2117 =( NAMED_UNIT ( * ) PLANE_ANGLE_UNIT ( ) SI_UNIT ( $, .RADIAN. ) );
#2118 = PRESENTATION_LAYER_ASSIGNMENT (  '', '', ( #6401 ) ) ;
#2119 = CARTESIAN_POINT ( 'NONE',  ( 6.099999999999999645, -5.250000000000000000, 0.000000000000000000 ) ) ;
#2120 = ORIENTED_EDGE ( 'NONE', *, *, #2632, .F. ) ;
#2121 = SURFACE_SIDE_STYLE ('',( #11418 ) ) ;
#2122 = FILL_AREA_STYLE ('',( #107 ) ) ;
#2123 = EDGE_CURVE ( 'NONE', #7118, #3365, #1828, .T. ) ;
#2124 = VECTOR ( 'NONE', #11914, 1000.000000000000000 ) ;
#2125 = UNCERTAINTY_MEASURE_WITH_UNIT (LENGTH_MEASURE( 1.000000000000000082E-05 ), #8572, 'distance_accuracy_value', 'NONE');
#2126 = VECTOR ( 'NONE', #12902, 1000.000000000000000 ) ;
#2127 = FACE_OUTER_BOUND ( 'NONE', #4281, .T. ) ;
#2128 = SURFACE_STYLE_FILL_AREA ( #4260 ) ;
#2129 = MECHANICAL_DESIGN_GEOMETRIC_PRESENTATION_REPRESENTATION (  '', ( #11581 ), #11376 ) ;
#2130 = CARTESIAN_POINT ( 'NONE',  ( 6.099999999999999645, 8.000000000000000000, 0.8199999999999999512 ) ) ;
#2131 = DIRECTION ( 'NONE',  ( 0.000000000000000000, 0.000000000000000000, -1.000000000000000000 ) ) ;
#2132 = VERTEX_POINT ( 'NONE', #6923 ) ;
#2133 = CARTESIAN_POINT ( 'NONE',  ( -6.099999999999999645, -4.150000000000000355, 0.8199999999999999512 ) ) ;
#2134 = ORIENTED_EDGE ( 'NONE', *, *, #5913, .F. ) ;
#2135 = MECHANICAL_DESIGN_GEOMETRIC_PRESENTATION_REPRESENTATION (  '', ( #2572 ), #3421 ) ;
#2136 = AXIS2_PLACEMENT_3D ( 'NONE', #6941, #11067, #7137 ) ;
#2137 = DIRECTION ( 'NONE',  ( -1.000000000000000000, 0.000000000000000000, 0.000000000000000000 ) ) ;
#2138 = LINE ( 'NONE', #12365, #3627 ) ;
#2139 = ORIENTED_EDGE ( 'NONE', *, *, #7584, .T. ) ;
#2140 = VECTOR ( 'NONE', #3337, 1000.000000000000000 ) ;
#2142 =( GEOMETRIC_REPRESENTATION_CONTEXT ( 3 ) GLOBAL_UNCERTAINTY_ASSIGNED_CONTEXT ( ( #8450 ) ) GLOBAL_UNIT_ASSIGNED_CONTEXT ( ( #7593, #1684, #9961 ) ) REPRESENTATION_CONTEXT ( 'NONE', 'WORKASPACE' ) );
#2141 = SURFACE_SIDE_STYLE ('',( #3155 ) ) ;
#2143 = EDGE_CURVE ( 'NONE', #9942, #12995, #10092, .T. ) ;
#2144 = ADVANCED_FACE ( 'NONE', ( #10996 ), #829, .T. ) ;
#2145 = UNCERTAINTY_MEASURE_WITH_UNIT (LENGTH_MEASURE( 1.000000000000000082E-05 ), #10771, 'distance_accuracy_value', 'NONE');
#2146 = MECHANICAL_DESIGN_GEOMETRIC_PRESENTATION_REPRESENTATION (  '', ( #4078 ), #12467 ) ;
#2147 = ORIENTED_EDGE ( 'NONE', *, *, #9075, .F. ) ;
#2148 = SURFACE_SIDE_STYLE ('',( #11366 ) ) ;
#2149 = CARTESIAN_POINT ( 'NONE',  ( -6.099999999999999645, 8.000000000000000000, 0.8199999999999999512 ) ) ;
#2150 = VECTOR ( 'NONE', #3983, 1000.000000000000000 ) ;
#2151 = VERTEX_POINT ( 'NONE', #4898 ) ;
#2152 = FACE_OUTER_BOUND ( 'NONE', #7727, .T. ) ;
#2153 = SURFACE_STYLE_FILL_AREA ( #8194 ) ;
#2154 = ORIENTED_EDGE ( 'NONE', *, *, #7919, .F. ) ;
#2155 = CARTESIAN_POINT ( 'NONE',  ( -6.099999999999999645, 4.150000000000000355, 0.8199999999999999512 ) ) ;
#2156 = SURFACE_STYLE_USAGE ( .BOTH. , #12105 ) ;
#2157 = DIRECTION ( 'NONE',  ( -1.000000000000000000, 0.000000000000000000, 0.000000000000000000 ) ) ;
#2158 = CARTESIAN_POINT ( 'NONE',  ( 5.299999999999998934, 6.349999999999999645, 0.8199999999999999512 ) ) ;
#2159 = FACE_OUTER_BOUND ( 'NONE', #12128, .T. ) ;
#2160 = PRESENTATION_LAYER_ASSIGNMENT (  '', '', ( #6202 ) ) ;
#2161 = PRESENTATION_LAYER_ASSIGNMENT (  '', '', ( #1507 ) ) ;
#2162 = ORIENTED_EDGE ( 'NONE', *, *, #7611, .T. ) ;
#2163 = EDGE_CURVE ( 'NONE', #10770, #705, #13060, .T. ) ;
#2164 = MECHANICAL_DESIGN_GEOMETRIC_PRESENTATION_REPRESENTATION (  '', ( #1945 ), #655 ) ;
#2165 = CARTESIAN_POINT ( 'NONE',  ( 6.099999999999999645, 5.899999999999999467, 0.000000000000000000 ) ) ;
#2166 = FILL_AREA_STYLE_COLOUR ( '', #13266 ) ;
#2167 = CARTESIAN_POINT ( 'NONE',  ( -5.299999999999998934, -2.150000000000000355, 0.8199999999999999512 ) ) ;
#2168 = ORIENTED_EDGE ( 'NONE', *, *, #960, .F. ) ;
#2169 = DIRECTION ( 'NONE',  ( 0.000000000000000000, -0.000000000000000000, 1.000000000000000000 ) ) ;
#2170 = CARTESIAN_POINT ( 'NONE',  ( -6.099999999999999645, 3.250000000000000444, 0.8199999999999999512 ) ) ;
#2171 = PLANE ( 'NONE',  #9657 ) ;
#2172 =( NAMED_UNIT ( * ) SI_UNIT ( $, .STERADIAN. ) SOLID_ANGLE_UNIT ( ) );
#2173 = PRESENTATION_LAYER_ASSIGNMENT (  '', '', ( #11417 ) ) ;
#2174 = VERTEX_POINT ( 'NONE', #146 ) ;
#2175 = LINE ( 'NONE', #1902, #4535 ) ;
#2176 = SURFACE_STYLE_USAGE ( .BOTH. , #4169 ) ;
#2177 = LINE ( 'NONE', #1158, #787 ) ;
#2178 = SURFACE_STYLE_FILL_AREA ( #4301 ) ;
#2179 = COLOUR_RGB ( '',0.000000000000000000, 1.000000000000000000, 0.000000000000000000 ) ;
#2180 = SURFACE_STYLE_FILL_AREA ( #5190 ) ;
#2181 = VECTOR ( 'NONE', #4838, 1000.000000000000000 ) ;
#2182 = VECTOR ( 'NONE', #12085, 1000.000000000000000 ) ;
#2183 = VECTOR ( 'NONE', #3930, 1000.000000000000000 ) ;
#2184 = ORIENTED_EDGE ( 'NONE', *, *, #591, .T. ) ;
#2185 = PLANE ( 'NONE',  #5548 ) ;
#2186 = CARTESIAN_POINT ( 'NONE',  ( -6.099999999999999645, 3.700000000000000178, 0.000000000000000000 ) ) ;
#2187 = ORIENTED_EDGE ( 'NONE', *, *, #5630, .T. ) ;
#2188 = CARTESIAN_POINT ( 'NONE',  ( -5.299999999999998934, -2.150000000000000355, 0.8199999999999999512 ) ) ;
#2189 = CARTESIAN_POINT ( 'NONE',  ( -6.099999999999999645, -2.150000000000000355, 0.8199999999999999512 ) ) ;
#2190 = SURFACE_STYLE_FILL_AREA ( #9561 ) ;
#2191 = EDGE_CURVE ( 'NONE', #6601, #3709, #11264, .T. ) ;
#2192 = VERTEX_POINT ( 'NONE', #9291 ) ;
#2193 = COLOUR_RGB ( '',1.000000000000000000, 1.000000000000000000, 1.000000000000000000 ) ;
#2194 =( NAMED_UNIT ( * ) SI_UNIT ( $, .STERADIAN. ) SOLID_ANGLE_UNIT ( ) );
#2195 = EDGE_CURVE ( 'NONE', #8080, #4851, #11393, .T. ) ;
#2196 = ORIENTED_EDGE ( 'NONE', *, *, #6428, .T. ) ;
#2197 = PRESENTATION_LAYER_ASSIGNMENT (  '', '', ( #9050 ) ) ;
#2198 =( NAMED_UNIT ( * ) SI_UNIT ( $, .STERADIAN. ) SOLID_ANGLE_UNIT ( ) );
#2199 =( NAMED_UNIT ( * ) PLANE_ANGLE_UNIT ( ) SI_UNIT ( $, .RADIAN. ) );
#2200 = VECTOR ( 'NONE', #12855, 1000.000000000000000 ) ;
#2201 = STYLED_ITEM ( 'NONE', ( #744 ), #10149 ) ;
#2202 =( GEOMETRIC_REPRESENTATION_CONTEXT ( 3 ) GLOBAL_UNCERTAINTY_ASSIGNED_CONTEXT ( ( #1545 ) ) GLOBAL_UNIT_ASSIGNED_CONTEXT ( ( #10032, #7254, #7055 ) ) REPRESENTATION_CONTEXT ( 'NONE', 'WORKASPACE' ) );
#2203 = ORIENTED_EDGE ( 'NONE', *, *, #1394, .F. ) ;
#2204 =( NAMED_UNIT ( * ) SI_UNIT ( $, .STERADIAN. ) SOLID_ANGLE_UNIT ( ) );
#2205 = DIRECTION ( 'NONE',  ( -1.000000000000000000, 0.000000000000000000, -0.000000000000000000 ) ) ;
#2206 = ADVANCED_FACE ( 'NONE', ( #10307 ), #5042, .F. ) ;
#2207 = PRESENTATION_LAYER_ASSIGNMENT (  '', '', ( #8423 ) ) ;
#2208 = CARTESIAN_POINT ( 'NONE',  ( 6.099999999999999645, 0.04999999999999969746, 0.8199999999999999512 ) ) ;
#2209 = EDGE_LOOP ( 'NONE', ( #9162, #7965, #4038, #12480 ) ) ;
#2210 = SURFACE_STYLE_FILL_AREA ( #9263 ) ;
#2211 = VECTOR ( 'NONE', #6296, 1000.000000000000000 ) ;
#2212 =( GEOMETRIC_REPRESENTATION_CONTEXT ( 3 ) GLOBAL_UNCERTAINTY_ASSIGNED_CONTEXT ( ( #94 ) ) GLOBAL_UNIT_ASSIGNED_CONTEXT ( ( #6039, #3965, #1007 ) ) REPRESENTATION_CONTEXT ( 'NONE', 'WORKASPACE' ) );
#2213 = SURFACE_SIDE_STYLE ('',( #5426 ) ) ;
#2214 = DIRECTION ( 'NONE',  ( 0.000000000000000000, 0.000000000000000000, -1.000000000000000000 ) ) ;
#2215 =( NAMED_UNIT ( * ) SI_UNIT ( $, .STERADIAN. ) SOLID_ANGLE_UNIT ( ) );
#2216 = VECTOR ( 'NONE', #5826, 1000.000000000000000 ) ;
#2217 = ORIENTED_EDGE ( 'NONE', *, *, #9951, .F. ) ;
#2218 = EDGE_CURVE ( 'NONE', #11762, #4468, #24, .T. ) ;
#2219 = DIRECTION ( 'NONE',  ( 0.000000000000000000, 0.000000000000000000, -1.000000000000000000 ) ) ;
#2220 = DIRECTION ( 'NONE',  ( 0.000000000000000000, -1.000000000000000000, 0.000000000000000000 ) ) ;
#2221 = ORIENTED_EDGE ( 'NONE', *, *, #7195, .T. ) ;
#2222 = DIRECTION ( 'NONE',  ( 1.000000000000000000, -0.000000000000000000, -0.000000000000000000 ) ) ;
#2223 = FILL_AREA_STYLE ('',( #8585 ) ) ;
#2224 = ORIENTED_EDGE ( 'NONE', *, *, #7847, .T. ) ;
#2225 = VECTOR ( 'NONE', #4146, 1000.000000000000000 ) ;
#2226 = ORIENTED_EDGE ( 'NONE', *, *, #11981, .T. ) ;
#2227 = LINE ( 'NONE', #7244, #2099 ) ;
#2228 = UNCERTAINTY_MEASURE_WITH_UNIT (LENGTH_MEASURE( 1.000000000000000082E-05 ), #13244, 'distance_accuracy_value', 'NONE');
#2229 = PRESENTATION_LAYER_ASSIGNMENT (  '', '', ( #2022 ) ) ;
#2230 = ORIENTED_EDGE ( 'NONE', *, *, #12870, .F. ) ;
#2231 = LINE ( 'NONE', #4165, #1757 ) ;
#2232 = EDGE_CURVE ( 'NONE', #8329, #4214, #7331, .T. ) ;
#2233 = CARTESIAN_POINT ( 'NONE',  ( 6.099999999999999645, -4.800000000000000711, 0.000000000000000000 ) ) ;
#2234 = CARTESIAN_POINT ( 'NONE',  ( 5.299999999999998934, 4.349999999999999645, 0.8199999999999999512 ) ) ;
#2235 = PRESENTATION_LAYER_ASSIGNMENT (  '', '', ( #5227 ) ) ;
#2236 = EDGE_LOOP ( 'NONE', ( #800, #9363, #12065, #12006 ) ) ;
#2237 = DIRECTION ( 'NONE',  ( 0.000000000000000000, -1.000000000000000000, 0.000000000000000000 ) ) ;
#2238 = SURFACE_STYLE_USAGE ( .BOTH. , #6311 ) ;
#2239 = CARTESIAN_POINT ( 'NONE',  ( 3.999999999999999112, -6.000000000000000000, 2.400000000000000355 ) ) ;
#2240 = PRESENTATION_STYLE_ASSIGNMENT (( #2307 ) ) ;
#2241 = CARTESIAN_POINT ( 'NONE',  ( -6.099999999999999645, -4.150000000000000355, 0.8199999999999999512 ) ) ;
#2242 = COLOUR_RGB ( '',0.9411764705882352811, 0.6274509803921568540, 0.05490196078431372473 ) ;
#2243 = CARTESIAN_POINT ( 'NONE',  ( 6.099999999999999645, 0.04999999999999969746, 0.000000000000000000 ) ) ;
#2244 = UNCERTAINTY_MEASURE_WITH_UNIT (LENGTH_MEASURE( 1.000000000000000082E-05 ), #6125, 'distance_accuracy_value', 'NONE');
#2245 = CARTESIAN_POINT ( 'NONE',  ( -6.099999999999999645, -3.700000000000000178, 0.8199999999999999512 ) ) ;
#2246 = ORIENTED_EDGE ( 'NONE', *, *, #4198, .T. ) ;
#2247 = FILL_AREA_STYLE_COLOUR ( '', #4473 ) ;
#2248 = ADVANCED_FACE ( 'NONE', ( #4295 ), #2171, .T. ) ;
#2249 = EDGE_LOOP ( 'NONE', ( #13113, #8041, #4636, #7642 ) ) ;
#2250 = LINE ( 'NONE', #11410, #1000 ) ;
#2251 = SURFACE_STYLE_FILL_AREA ( #165 ) ;
#2252 = EDGE_CURVE ( 'NONE', #3747, #3390, #11517, .T. ) ;
#2253 = VERTEX_POINT ( 'NONE', #9414 ) ;
#2254 = FILL_AREA_STYLE ('',( #3883 ) ) ;
#2255 = ORIENTED_EDGE ( 'NONE', *, *, #409, .F. ) ;
#2256 = ORIENTED_EDGE ( 'NONE', *, *, #657, .T. ) ;
#2257 =( NAMED_UNIT ( * ) PLANE_ANGLE_UNIT ( ) SI_UNIT ( $, .RADIAN. ) );
#2258 = SURFACE_STYLE_USAGE ( .BOTH. , #10338 ) ;
#2259 = EDGE_CURVE ( 'NONE', #8699, #179, #439, .T. ) ;
#2260 = UNCERTAINTY_MEASURE_WITH_UNIT (LENGTH_MEASURE( 1.000000000000000082E-05 ), #6621, 'distance_accuracy_value', 'NONE');
#2261 = DIRECTION ( 'NONE',  ( 0.000000000000000000, -1.000000000000000000, 0.000000000000000000 ) ) ;
#2262 =( NAMED_UNIT ( * ) SI_UNIT ( $, .STERADIAN. ) SOLID_ANGLE_UNIT ( ) );
#2263 = CARTESIAN_POINT ( 'NONE',  ( -6.099999999999999645, -7.250000000000000000, 0.8199999999999999512 ) ) ;
#2264 = PLANE ( 'NONE',  #1053 ) ;
#2265 = ORIENTED_EDGE ( 'NONE', *, *, #5511, .T. ) ;
#2266 = LINE ( 'NONE', #7618, #4733 ) ;
#2267 = DIRECTION ( 'NONE',  ( -1.000000000000000000, 0.000000000000000000, 0.000000000000000000 ) ) ;
#2268 = VERTEX_POINT ( 'NONE', #6240 ) ;
#2269 = DIRECTION ( 'NONE',  ( 0.000000000000000000, 0.000000000000000000, -1.000000000000000000 ) ) ;
#2270 = CARTESIAN_POINT ( 'NONE',  ( 6.099999999999999645, -5.450000000000001066, 0.8199999999999999512 ) ) ;
#2271 = PLANE ( 'NONE',  #879 ) ;
#2272 = ADVANCED_FACE ( 'NONE', ( #10382 ), #11463, .T. ) ;
#2273 = UNCERTAINTY_MEASURE_WITH_UNIT (LENGTH_MEASURE( 1.000000000000000082E-05 ), #12431, 'distance_accuracy_value', 'NONE');
#2274 = ORIENTED_EDGE ( 'NONE', *, *, #9446, .T. ) ;
#2275 = SURFACE_STYLE_FILL_AREA ( #1338 ) ;
#2276 = ADVANCED_FACE ( 'NONE', ( #6517 ), #12844, .T. ) ;
#2277 = DIRECTION ( 'NONE',  ( 0.000000000000000000, -0.000000000000000000, 1.000000000000000000 ) ) ;
#2278 = ORIENTED_EDGE ( 'NONE', *, *, #737, .F. ) ;
#2279 = VECTOR ( 'NONE', #9483, 1000.000000000000000 ) ;
#2280 = DIRECTION ( 'NONE',  ( -1.000000000000000000, 0.000000000000000000, 0.000000000000000000 ) ) ;
#2281 = FILL_AREA_STYLE_COLOUR ( '', #13285 ) ;
#2282 = MECHANICAL_DESIGN_GEOMETRIC_PRESENTATION_REPRESENTATION (  '', ( #10000 ), #8912 ) ;
#2283 = ORIENTED_EDGE ( 'NONE', *, *, #5203, .F. ) ;
#2284 = DIRECTION ( 'NONE',  ( 1.000000000000000000, 0.000000000000000000, 0.000000000000000000 ) ) ;
#2285 = ORIENTED_EDGE ( 'NONE', *, *, #7469, .F. ) ;
#2286 =( NAMED_UNIT ( * ) PLANE_ANGLE_UNIT ( ) SI_UNIT ( $, .RADIAN. ) );
#2287 = DIRECTION ( 'NONE',  ( -1.626303258728256651E-16, 1.000000000000000000, 0.000000000000000000 ) ) ;
#2288 = LINE ( 'NONE', #4358, #8928 ) ;
#2289 = DIRECTION ( 'NONE',  ( -0.000000000000000000, 0.000000000000000000, 1.000000000000000000 ) ) ;
#2290 = ORIENTED_EDGE ( 'NONE', *, *, #3497, .T. ) ;
#2291 = DIRECTION ( 'NONE',  ( 0.000000000000000000, 0.000000000000000000, -1.000000000000000000 ) ) ;
#2292 = EDGE_LOOP ( 'NONE', ( #1676, #964, #3677, #614 ) ) ;
#2293 = VECTOR ( 'NONE', #6359, 1000.000000000000000 ) ;
#2294 = MECHANICAL_DESIGN_GEOMETRIC_PRESENTATION_REPRESENTATION (  '', ( #11734 ), #6559 ) ;
#2295 = ADVANCED_FACE ( 'NONE', ( #7720 ), #10781, .F. ) ;
#2296 = LINE ( 'NONE', #8263, #6153 ) ;
#2297 = DIRECTION ( 'NONE',  ( -0.000000000000000000, -0.000000000000000000, -1.000000000000000000 ) ) ;
#2298 = ORIENTED_EDGE ( 'NONE', *, *, #10978, .F. ) ;
#2299 = DIRECTION ( 'NONE',  ( 0.000000000000000000, 0.000000000000000000, -1.000000000000000000 ) ) ;
#2300 = FILL_AREA_STYLE ('',( #5504 ) ) ;
#2301 =( LENGTH_UNIT ( ) NAMED_UNIT ( * ) SI_UNIT ( .MILLI., .METRE. ) );
#2303 = FACE_OUTER_BOUND ( 'NONE', #6396, .T. ) ;
#2302 = STYLED_ITEM ( 'NONE', ( #8033 ), #8620 ) ;
#2304 = ORIENTED_EDGE ( 'NONE', *, *, #4944, .T. ) ;
#2305 = CARTESIAN_POINT ( 'NONE',  ( 6.099999999999999645, 6.349999999999999645, 0.8199999999999999512 ) ) ;
#2306 = CARTESIAN_POINT ( 'NONE',  ( 6.099999999999999645, 2.149999999999999911, 0.8199999999999999512 ) ) ;
#2307 = SURFACE_STYLE_USAGE ( .BOTH. , #11587 ) ;
#2308 = SURFACE_SIDE_STYLE ('',( #4604 ) ) ;
#2309 = CLOSED_SHELL ( 'NONE', ( #8006, #13165, #11155, #10954, #9898, #6270, #9614, #12570, #13276 ) ) ;
#2310 =( BOUNDED_CURVE ( )  B_SPLINE_CURVE ( 3, ( #5839, #7792, #7920, #8664 ),
 .UNSPECIFIED., .F., .F. ) 
 B_SPLINE_CURVE_WITH_KNOTS ( ( 4, 4 ),
 ( 4.336808689942014285E-16, 1.570796326794895670 ),
 .UNSPECIFIED. ) 
 CURVE ( )  GEOMETRIC_REPRESENTATION_ITEM ( )  RATIONAL_B_SPLINE_CURVE ( ( 1.000000000000000000, 0.8047378541243652705, 0.8047378541243652705, 1.000000000000000000 ) ) 
 REPRESENTATION_ITEM ( '' )  );
#2311 = EDGE_CURVE ( 'NONE', #3441, #9249, #9484, .T. ) ;
#2312 = PRESENTATION_LAYER_ASSIGNMENT (  '', '', ( #4637 ) ) ;
#2313 =( NAMED_UNIT ( * ) PLANE_ANGLE_UNIT ( ) SI_UNIT ( $, .RADIAN. ) );
#2314 = ORIENTED_EDGE ( 'NONE', *, *, #188, .F. ) ;
#2315 = FILL_AREA_STYLE ('',( #2390 ) ) ;
#2316 = LINE ( 'NONE', #7136, #6423 ) ;
#2317 =( LENGTH_UNIT ( ) NAMED_UNIT ( * ) SI_UNIT ( .MILLI., .METRE. ) );
#2318 = COLOUR_RGB ( '',0.9411764705882352811, 0.6274509803921568540, 0.05490196078431372473 ) ;
#2319 = ORIENTED_EDGE ( 'NONE', *, *, #12510, .T. ) ;
#2320 =( LENGTH_UNIT ( ) NAMED_UNIT ( * ) SI_UNIT ( .MILLI., .METRE. ) );
#2321 = DIRECTION ( 'NONE',  ( 1.000000000000000000, 0.000000000000000000, -0.000000000000000000 ) ) ;
#2322 = ORIENTED_EDGE ( 'NONE', *, *, #4183, .T. ) ;
#2323 = AXIS2_PLACEMENT_3D ( 'NONE', #4973, #2975, #1965 ) ;
#2324 = AXIS2_PLACEMENT_3D ( 'NONE', #12633, #10614, #2205 ) ;
#2325 = CARTESIAN_POINT ( 'NONE',  ( -5.299999999999998934, -5.450000000000001066, 0.8199999999999999512 ) ) ;
#2326 = ORIENTED_EDGE ( 'NONE', *, *, #10989, .T. ) ;
#2327 = ORIENTED_EDGE ( 'NONE', *, *, #9250, .T. ) ;
#2328 = CARTESIAN_POINT ( 'NONE',  ( -6.099999999999999645, -2.150000000000000355, 0.000000000000000000 ) ) ;
#2329 = LINE ( 'NONE', #4395, #5539 ) ;
#2330 = STYLED_ITEM ( 'NONE', ( #3022 ), #3008 ) ;
#2332 = LINE ( 'NONE', #7285, #6936 ) ;
#2331 = VECTOR ( 'NONE', #12661, 1000.000000000000000 ) ;
#2333 = CARTESIAN_POINT ( 'NONE',  ( -6.099999999999999645, -4.150000000000000355, 0.8199999999999999512 ) ) ;
#2334 = ORIENTED_EDGE ( 'NONE', *, *, #13183, .F. ) ;
#2335 = VERTEX_POINT ( 'NONE', #1482 ) ;
#2336 = PRESENTATION_LAYER_ASSIGNMENT (  '', '', ( #4882 ) ) ;
#2337 = FILL_AREA_STYLE_COLOUR ( '', #2829 ) ;
#2338 = PRODUCT_CONTEXT ( 'NONE', #3717, 'mechanical' ) ;
#2339 = SURFACE_SIDE_STYLE ('',( #7427 ) ) ;
#2340 = SURFACE_STYLE_FILL_AREA ( #11552 ) ;
#2341 = ORIENTED_EDGE ( 'NONE', *, *, #4953, .T. ) ;
#2342 = CARTESIAN_POINT ( 'NONE',  ( -6.099999999999999645, 5.450000000000000178, 0.8199999999999999512 ) ) ;
#2343 = CARTESIAN_POINT ( 'NONE',  ( 5.299999999999998934, -6.550000000000000711, 0.8199999999999999512 ) ) ;
#2344 = FILL_AREA_STYLE ('',( #2472 ) ) ;
#2345 = VECTOR ( 'NONE', #1262, 1000.000000000000000 ) ;
#2346 = DIRECTION ( 'NONE',  ( -1.000000000000000000, 0.000000000000000000, 0.000000000000000000 ) ) ;
#2347 = VECTOR ( 'NONE', #2055, 1000.000000000000000 ) ;
#2348 = EDGE_CURVE ( 'NONE', #8384, #2966, #7460, .T. ) ;
#2349 =( NAMED_UNIT ( * ) SI_UNIT ( $, .STERADIAN. ) SOLID_ANGLE_UNIT ( ) );
#2350 =( NAMED_UNIT ( * ) SI_UNIT ( $, .STERADIAN. ) SOLID_ANGLE_UNIT ( ) );
#2351 = MECHANICAL_DESIGN_GEOMETRIC_PRESENTATION_REPRESENTATION (  '', ( #6175 ), #9211 ) ;
#2352 = AXIS2_PLACEMENT_3D ( 'NONE', #6747, #10869, #3720 ) ;
#2353 = VERTEX_POINT ( 'NONE', #5447 ) ;
#2354 = LINE ( 'NONE', #9466, #9611 ) ;
#2355 = ORIENTED_EDGE ( 'NONE', *, *, #4048, .T. ) ;
#2356 = CIRCLE ( 'NONE', #13092, 0.2500000000000002220 ) ;
#2357 = PRESENTATION_LAYER_ASSIGNMENT (  '', '', ( #8138 ) ) ;
#2358 = EDGE_CURVE ( 'NONE', #11161, #3990, #11908, .T. ) ;
#2359 = DIRECTION ( 'NONE',  ( -1.000000000000000000, 0.000000000000000000, 0.000000000000000000 ) ) ;
#2360 = FILL_AREA_STYLE_COLOUR ( '', #191 ) ;
#2362 = EDGE_CURVE ( 'NONE', #6184, #6760, #12988, .T. ) ;
#2361 = VERTEX_POINT ( 'NONE', #1881 ) ;
#2363 =( NAMED_UNIT ( * ) SI_UNIT ( $, .STERADIAN. ) SOLID_ANGLE_UNIT ( ) );
#2364 = ORIENTED_EDGE ( 'NONE', *, *, #11813, .F. ) ;
#2365 = VECTOR ( 'NONE', #447, 1000.000000000000000 ) ;
#2366 = VECTOR ( 'NONE', #1168, 1000.000000000000000 ) ;
#2367 = VECTOR ( 'NONE', #1160, 1000.000000000000000 ) ;
#2368 = FILL_AREA_STYLE ('',( #12387 ) ) ;
#2369 = PRESENTATION_LAYER_ASSIGNMENT (  '', '', ( #5 ) ) ;
#2370 = UNCERTAINTY_MEASURE_WITH_UNIT (LENGTH_MEASURE( 1.000000000000000082E-05 ), #962, 'distance_accuracy_value', 'NONE');
#2371 = SURFACE_STYLE_FILL_AREA ( #3625 ) ;
#2372 = PLANE ( 'NONE',  #608 ) ;
#2373 = ORIENTED_EDGE ( 'NONE', *, *, #10329, .T. ) ;
#2374 = DIRECTION ( 'NONE',  ( -1.000000000000000000, 0.000000000000000000, 0.000000000000000000 ) ) ;
#2375 = DIRECTION ( 'NONE',  ( 1.000000000000000000, 0.000000000000000000, 0.000000000000000000 ) ) ;
#2376 = CARTESIAN_POINT ( 'NONE',  ( 5.299999999999998934, -3.050000000000000266, 0.8199999999999999512 ) ) ;
#2377 = ORIENTED_EDGE ( 'NONE', *, *, #3637, .T. ) ;
#2378 = VECTOR ( 'NONE', #4114, 1000.000000000000000 ) ;
#2379 = DIRECTION ( 'NONE',  ( 1.000000000000000000, -0.000000000000000000, -0.000000000000000000 ) ) ;
#2380 = CARTESIAN_POINT ( 'NONE',  ( -6.099999999999999645, -4.350000000000000533, 0.8199999999999999512 ) ) ;
#2381 = CARTESIAN_POINT ( 'NONE',  ( 6.099999999999999645, -0.1499999999999999667, 0.8199999999999999512 ) ) ;
#2382 = EDGE_CURVE ( 'NONE', #10658, #4758, #4814, .T. ) ;
#2383 = COLOUR_RGB ( '',0.9411764705882352811, 0.6274509803921568540, 0.05490196078431372473 ) ;
#2384 =( LENGTH_UNIT ( ) NAMED_UNIT ( * ) SI_UNIT ( .MILLI., .METRE. ) );
#2385 = LINE ( 'NONE', #2647, #4748 ) ;
#2386 = UNCERTAINTY_MEASURE_WITH_UNIT (LENGTH_MEASURE( 1.000000000000000082E-05 ), #3706, 'distance_accuracy_value', 'NONE');
#2387 = PRESENTATION_LAYER_ASSIGNMENT (  '', '', ( #3666 ) ) ;
#2388 = CARTESIAN_POINT ( 'NONE',  ( 6.099999999999999645, -7.250000000000000000, 0.000000000000000000 ) ) ;
#2389 = ORIENTED_EDGE ( 'NONE', *, *, #12254, .T. ) ;
#2390 = FILL_AREA_STYLE_COLOUR ( '', #10132 ) ;
#2391 = LINE ( 'NONE', #10595, #9441 ) ;
#2392 =( LENGTH_UNIT ( ) NAMED_UNIT ( * ) SI_UNIT ( .MILLI., .METRE. ) );
#2393 = LINE ( 'NONE', #433, #8196 ) ;
#2394 =( GEOMETRIC_REPRESENTATION_CONTEXT ( 3 ) GLOBAL_UNCERTAINTY_ASSIGNED_CONTEXT ( ( #2649 ) ) GLOBAL_UNIT_ASSIGNED_CONTEXT ( ( #10735, #9571, #2524 ) ) REPRESENTATION_CONTEXT ( 'NONE', 'WORKASPACE' ) );
#2395 = LINE ( 'NONE', #10599, #4187 ) ;
#2396 = EDGE_CURVE ( 'NONE', #8195, #9789, #2905, .T. ) ;
#2397 = ORIENTED_EDGE ( 'NONE', *, *, #9552, .F. ) ;
#2398 = CARTESIAN_POINT ( 'NONE',  ( -5.299999999999998934, -7.450000000000000178, 0.000000000000000000 ) ) ;
#2399 = ORIENTED_EDGE ( 'NONE', *, *, #496, .F. ) ;
#2400 = ORIENTED_EDGE ( 'NONE', *, *, #7095, .T. ) ;
#2401 = DIRECTION ( 'NONE',  ( -0.000000000000000000, 1.000000000000000000, 0.000000000000000000 ) ) ;
#2402 = MECHANICAL_DESIGN_GEOMETRIC_PRESENTATION_REPRESENTATION (  '', ( #12268 ), #5605 ) ;
#2403 = SURFACE_SIDE_STYLE ('',( #9843 ) ) ;
#2404 =( NAMED_UNIT ( * ) SI_UNIT ( $, .STERADIAN. ) SOLID_ANGLE_UNIT ( ) );
#2405 = PRESENTATION_STYLE_ASSIGNMENT (( #6541 ) ) ;
#2406 = FILL_AREA_STYLE_COLOUR ( '', #12476 ) ;
#2407 = SURFACE_STYLE_USAGE ( .BOTH. , #9375 ) ;
#2408 = VECTOR ( 'NONE', #6766, 1000.000000000000000 ) ;
#2409 = ORIENTED_EDGE ( 'NONE', *, *, #6872, .F. ) ;
#2410 = ORIENTED_EDGE ( 'NONE', *, *, #3916, .T. ) ;
#2411 = CARTESIAN_POINT ( 'NONE',  ( 6.099999999999999645, -2.150000000000000355, 0.8199999999999999512 ) ) ;
#2412 = DIRECTION ( 'NONE',  ( 0.000000000000000000, -1.000000000000000000, 0.000000000000000000 ) ) ;
#2413 = EDGE_CURVE ( 'NONE', #12664, #10063, #13186, .T. ) ;
#2414 = ORIENTED_EDGE ( 'NONE', *, *, #5940, .F. ) ;
#2415 = VECTOR ( 'NONE', #11515, 1000.000000000000000 ) ;
#2416 = SURFACE_STYLE_FILL_AREA ( #12636 ) ;
#2417 = VECTOR ( 'NONE', #6281, 1000.000000000000000 ) ;
#2418 = CARTESIAN_POINT ( 'NONE',  ( -6.099999999999999645, -6.550000000000000711, 0.8199999999999999512 ) ) ;
#2419 = FILL_AREA_STYLE ('',( #1189 ) ) ;
#2420 = VECTOR ( 'NONE', #8614, 1000.000000000000000 ) ;
#2421 = UNCERTAINTY_MEASURE_WITH_UNIT (LENGTH_MEASURE( 1.000000000000000082E-05 ), #4941, 'distance_accuracy_value', 'NONE');
#2422 = EDGE_LOOP ( 'NONE', ( #4209, #8205, #5988, #5182 ) ) ;
#2423 = STYLED_ITEM ( 'NONE', ( #8273 ), #8969 ) ;
#2424 = CARTESIAN_POINT ( 'NONE',  ( 5.299999999999998934, -1.050000000000000266, 0.8199999999999999512 ) ) ;
#2425 = SURFACE_STYLE_USAGE ( .BOTH. , #195 ) ;
#2426 = ORIENTED_EDGE ( 'NONE', *, *, #10094, .T. ) ;
#2427 = DIRECTION ( 'NONE',  ( 1.000000000000000000, 0.000000000000000000, 0.000000000000000000 ) ) ;
#2428 = ORIENTED_EDGE ( 'NONE', *, *, #8160, .T. ) ;
#2429 = STYLED_ITEM ( 'NONE', ( #12262 ), #4786 ) ;
#2430 = EDGE_CURVE ( 'NONE', #12566, #10049, #8997, .T. ) ;
#2431 =( NAMED_UNIT ( * ) SI_UNIT ( $, .STERADIAN. ) SOLID_ANGLE_UNIT ( ) );
#2432 = DIRECTION ( 'NONE',  ( -1.000000000000000000, -0.000000000000000000, -0.000000000000000000 ) ) ;
#2433 = SURFACE_STYLE_FILL_AREA ( #11638 ) ;
#2434 = ORIENTED_EDGE ( 'NONE', *, *, #7787, .F. ) ;
#2435 = EDGE_CURVE ( 'NONE', #12618, #5690, #4686, .T. ) ;
#2436 = CARTESIAN_POINT ( 'NONE',  ( 6.099999999999999645, -6.150000000000001243, 0.8199999999999999512 ) ) ;
#2437 = COLOUR_RGB ( '',0.9411764705882352811, 0.6274509803921568540, 0.05490196078431372473 ) ;
#2438 = DIRECTION ( 'NONE',  ( 0.000000000000000000, 0.000000000000000000, -1.000000000000000000 ) ) ;
#2439 = EDGE_CURVE ( 'NONE', #11286, #9772, #4955, .T. ) ;
#2440 = DIRECTION ( 'NONE',  ( -1.000000000000000000, 0.000000000000000000, 0.000000000000000000 ) ) ;
#2441 = VERTEX_POINT ( 'NONE', #5768 ) ;
#2442 = EDGE_LOOP ( 'NONE', ( #590, #1377, #6560, #984 ) ) ;
#2443 =( LENGTH_UNIT ( ) NAMED_UNIT ( * ) SI_UNIT ( .MILLI., .METRE. ) );
#2444 = CARTESIAN_POINT ( 'NONE',  ( 6.099999999999999645, -0.8500000000000000888, 0.8199999999999999512 ) ) ;
#2445 = CARTESIAN_POINT ( 'NONE',  ( -6.099999999999999645, -7.250000000000000000, 0.000000000000000000 ) ) ;
#2446 =( GEOMETRIC_REPRESENTATION_CONTEXT ( 3 ) GLOBAL_UNCERTAINTY_ASSIGNED_CONTEXT ( ( #2898 ) ) GLOBAL_UNIT_ASSIGNED_CONTEXT ( ( #10001, #2117, #1110 ) ) REPRESENTATION_CONTEXT ( 'NONE', 'WORKASPACE' ) );
#2447 = DIRECTION ( 'NONE',  ( -0.000000000000000000, 1.000000000000000000, -0.000000000000000000 ) ) ;
#2448 = FILL_AREA_STYLE ('',( #7468 ) ) ;
#2449 = STYLED_ITEM ( 'NONE', ( #8896 ), #9701 ) ;
#2450 = ADVANCED_FACE ( 'NONE', ( #2699 ), #8860, .T. ) ;
#2451 = LINE ( 'NONE', #7664, #8818 ) ;
#2452 = ORIENTED_EDGE ( 'NONE', *, *, #2932, .T. ) ;
#2453 = DIRECTION ( 'NONE',  ( -0.000000000000000000, 0.000000000000000000, 1.000000000000000000 ) ) ;
#2454 = FILL_AREA_STYLE ('',( #11669 ) ) ;
#2455 = LINE ( 'NONE', #363, #6130 ) ;
#2456 = DIRECTION ( 'NONE',  ( 0.000000000000000000, -1.000000000000000000, 0.000000000000000000 ) ) ;
#2457 = STYLED_ITEM ( 'NONE', ( #12714 ), #10061 ) ;
#2458 = ORIENTED_EDGE ( 'NONE', *, *, #3403, .T. ) ;
#2459 = DIRECTION ( 'NONE',  ( 0.000000000000000000, 0.000000000000000000, -1.000000000000000000 ) ) ;
#2460 = CARTESIAN_POINT ( 'NONE',  ( -6.099999999999999645, 8.000000000000000000, 0.8199999999999999512 ) ) ;
#2461 = EDGE_CURVE ( 'NONE', #9901, #13030, #612, .T. ) ;
#2462 =( NAMED_UNIT ( * ) SI_UNIT ( $, .STERADIAN. ) SOLID_ANGLE_UNIT ( ) );
#2463 = CARTESIAN_POINT ( 'NONE',  ( -6.099999999999999645, 7.000000000000000000, 0.8199999999999999512 ) ) ;
#2464 = FACE_OUTER_BOUND ( 'NONE', #12898, .T. ) ;
#2465 = CARTESIAN_POINT ( 'NONE',  ( 5.299999999999998934, 6.349999999999999645, 0.8199999999999999512 ) ) ;
#2466 = SURFACE_STYLE_USAGE ( .BOTH. , #6337 ) ;
#2467 = VERTEX_POINT ( 'NONE', #12914 ) ;
#2468 = SURFACE_STYLE_USAGE ( .BOTH. , #11686 ) ;
#2469 = DIRECTION ( 'NONE',  ( 0.000000000000000000, 0.000000000000000000, -1.000000000000000000 ) ) ;
#2470 = ORIENTED_EDGE ( 'NONE', *, *, #8024, .F. ) ;
#2471 = SURFACE_SIDE_STYLE ('',( #585 ) ) ;
#2472 = FILL_AREA_STYLE_COLOUR ( '', #12926 ) ;
#2473 = EDGE_CURVE ( 'NONE', #13093, #2030, #5840, .T. ) ;
#2474 = ORIENTED_EDGE ( 'NONE', *, *, #8663, .T. ) ;
#2475 = CARTESIAN_POINT ( 'NONE',  ( -6.099999999999999645, 5.899999999999999467, 0.8199999999999999512 ) ) ;
#2476 = EDGE_CURVE ( 'NONE', #1406, #6503, #1020, .T. ) ;
#2477 = VERTEX_POINT ( 'NONE', #1820 ) ;
#2478 = CARTESIAN_POINT ( 'NONE',  ( 6.099999999999999645, -1.950000000000000178, 0.000000000000000000 ) ) ;
#2479 = CARTESIAN_POINT ( 'NONE',  ( 6.099999999999999645, 4.349999999999999645, 0.8199999999999999512 ) ) ;
#2480 = ORIENTED_EDGE ( 'NONE', *, *, #5467, .T. ) ;
#2481 = ORIENTED_EDGE ( 'NONE', *, *, #22, .F. ) ;
#2482 = CARTESIAN_POINT ( 'NONE',  ( -5.299999999999998934, -7.450000000000000178, 0.8199999999999999512 ) ) ;
#2483 = CARTESIAN_POINT ( 'NONE',  ( -5.299999999999998934, 5.249999999999999112, 0.000000000000000000 ) ) ;
#2484 = CARTESIAN_POINT ( 'NONE',  ( 6.099999999999999645, 2.349999999999999645, 0.8199999999999999512 ) ) ;
#2485 = EDGE_LOOP ( 'NONE', ( #13100, #11932, #961, #9113 ) ) ;
#2486 = PLANE ( 'NONE',  #6953 ) ;
#2488 = EDGE_CURVE ( 'NONE', #9784, #7799, #5902, .T. ) ;
#2487 = PRESENTATION_STYLE_ASSIGNMENT (( #1608 ) ) ;
#2489 = UNCERTAINTY_MEASURE_WITH_UNIT (LENGTH_MEASURE( 1.000000000000000082E-05 ), #2301, 'distance_accuracy_value', 'NONE');
#2490 = SURFACE_STYLE_USAGE ( .BOTH. , #10576 ) ;
#2491 = DIRECTION ( 'NONE',  ( 0.000000000000000000, 0.000000000000000000, -1.000000000000000000 ) ) ;
#2492 = ORIENTED_EDGE ( 'NONE', *, *, #4762, .F. ) ;
#2493 = ORIENTED_EDGE ( 'NONE', *, *, #5900, .F. ) ;
#2494 =( NAMED_UNIT ( * ) SI_UNIT ( $, .STERADIAN. ) SOLID_ANGLE_UNIT ( ) );
#2495 = DIRECTION ( 'NONE',  ( -0.000000000000000000, -0.000000000000000000, -1.000000000000000000 ) ) ;
#2496 = SURFACE_STYLE_USAGE ( .BOTH. , #1420 ) ;
#2497 = CARTESIAN_POINT ( 'NONE',  ( 5.299999999999998934, 3.049999999999999822, 0.8199999999999999512 ) ) ;
#2498 = VECTOR ( 'NONE', #12243, 1000.000000000000000 ) ;
#2500 = VECTOR ( 'NONE', #6739, 1000.000000000000000 ) ;
#2499 = SURFACE_STYLE_FILL_AREA ( #11718 ) ;
#2501 = CARTESIAN_POINT ( 'NONE',  ( 5.299999999999998934, -4.350000000000000533, 0.8199999999999999512 ) ) ;
#2502 = EDGE_CURVE ( 'NONE', #3146, #2441, #6368, .T. ) ;
#2503 = UNCERTAINTY_MEASURE_WITH_UNIT (LENGTH_MEASURE( 1.000000000000000082E-05 ), #12007, 'distance_accuracy_value', 'NONE');
#2504 = VECTOR ( 'NONE', #10656, 1000.000000000000000 ) ;
#2505 = EDGE_CURVE ( 'NONE', #5690, #5096, #7310, .T. ) ;
#2506 = PRESENTATION_LAYER_ASSIGNMENT (  '', '', ( #3376 ) ) ;
#2507 = FILL_AREA_STYLE_COLOUR ( '', #9705 ) ;
#2508 = VERTEX_POINT ( 'NONE', #8124 ) ;
#2509 =( NAMED_UNIT ( * ) SI_UNIT ( $, .STERADIAN. ) SOLID_ANGLE_UNIT ( ) );
#2510 = FILL_AREA_STYLE ('',( #3526 ) ) ;
#2511 = CARTESIAN_POINT ( 'NONE',  ( -6.099999999999999645, 5.649999999999999467, 0.8199999999999999512 ) ) ;
#2512 = SURFACE_STYLE_FILL_AREA ( #11602 ) ;
#2513 = ORIENTED_EDGE ( 'NONE', *, *, #11633, .F. ) ;
#2514 =( GEOMETRIC_REPRESENTATION_CONTEXT ( 3 ) GLOBAL_UNCERTAINTY_ASSIGNED_CONTEXT ( ( #12181 ) ) GLOBAL_UNIT_ASSIGNED_CONTEXT ( ( #13237, #10078, #4090 ) ) REPRESENTATION_CONTEXT ( 'NONE', 'WORKASPACE' ) );
#2515 = SURFACE_STYLE_FILL_AREA ( #9436 ) ;
#2516 = EDGE_CURVE ( 'NONE', #12055, #2821, #4207, .T. ) ;
#2517 = CARTESIAN_POINT ( 'NONE',  ( 6.099999999999999645, 2.850000000000000089, 0.000000000000000000 ) ) ;
#2518 = ADVANCED_FACE ( 'NONE', ( #9199 ), #6152, .T. ) ;
#2519 = ORIENTED_EDGE ( 'NONE', *, *, #153, .F. ) ;
#2520 = ORIENTED_EDGE ( 'NONE', *, *, #11786, .F. ) ;
#2521 =( GEOMETRIC_REPRESENTATION_CONTEXT ( 3 ) GLOBAL_UNCERTAINTY_ASSIGNED_CONTEXT ( ( #2228 ) ) GLOBAL_UNIT_ASSIGNED_CONTEXT ( ( #13244, #5095, #12444 ) ) REPRESENTATION_CONTEXT ( 'NONE', 'WORKASPACE' ) );
#2522 = FACE_OUTER_BOUND ( 'NONE', #7271, .T. ) ;
#2523 = COLOUR_RGB ( '',0.9411764705882352811, 0.6274509803921568540, 0.05490196078431372473 ) ;
#2524 =( NAMED_UNIT ( * ) SI_UNIT ( $, .STERADIAN. ) SOLID_ANGLE_UNIT ( ) );
#2525 = SURFACE_STYLE_FILL_AREA ( #1707 ) ;
#2526 = SURFACE_SIDE_STYLE ('',( #12948 ) ) ;
#2527 = DIRECTION ( 'NONE',  ( -0.000000000000000000, -0.000000000000000000, -1.000000000000000000 ) ) ;
#2528 = CARTESIAN_POINT ( 'NONE',  ( 5.299999999999998934, 6.349999999999999645, 0.8199999999999999512 ) ) ;
#2529 = CARTESIAN_POINT ( 'NONE',  ( -6.099999999999999645, -4.350000000000000533, 0.8199999999999999512 ) ) ;
#2530 = AXIS2_PLACEMENT_3D ( 'NONE', #8892, #7637, #3498 ) ;
#2531 = AXIS2_PLACEMENT_3D ( 'NONE', #4459, #2469, #3541 ) ;
#2532 = ORIENTED_EDGE ( 'NONE', *, *, #876, .F. ) ;
#2533 = SURFACE_SIDE_STYLE ('',( #1249 ) ) ;
#2534 = FILL_AREA_STYLE ('',( #11742 ) ) ;
#2535 = LINE ( 'NONE', #7761, #12663 ) ;
#2536 = ORIENTED_EDGE ( 'NONE', *, *, #8812, .T. ) ;
#2537 = FILL_AREA_STYLE ('',( #4792 ) ) ;
#2538 = FILL_AREA_STYLE_COLOUR ( '', #7270 ) ;
#2539 = EDGE_CURVE ( 'NONE', #10107, #1728, #6294, .T. ) ;
#2540 = STYLED_ITEM ( 'NONE', ( #1750 ), #5745 ) ;
#2541 = UNCERTAINTY_MEASURE_WITH_UNIT (LENGTH_MEASURE( 1.000000000000000082E-05 ), #5954, 'distance_accuracy_value', 'NONE');
#2542 = ORIENTED_EDGE ( 'NONE', *, *, #11240, .T. ) ;
#2543 = CARTESIAN_POINT ( 'NONE',  ( -6.099999999999999645, -1.500000000000000222, 0.000000000000000000 ) ) ;
#2544 = SURFACE_SIDE_STYLE ('',( #3548 ) ) ;
#2545 =( LENGTH_UNIT ( ) NAMED_UNIT ( * ) SI_UNIT ( .MILLI., .METRE. ) );
#2546 = VERTEX_POINT ( 'NONE', #5285 ) ;
#2547 = DIRECTION ( 'NONE',  ( 0.000000000000000000, 0.000000000000000000, -1.000000000000000000 ) ) ;
#2548 = ORIENTED_EDGE ( 'NONE', *, *, #1983, .T. ) ;
#2549 = AXIS2_PLACEMENT_3D ( 'NONE', #3675, #7904, #11031 ) ;
#2550 =( NAMED_UNIT ( * ) PLANE_ANGLE_UNIT ( ) SI_UNIT ( $, .RADIAN. ) );
#2551 = CARTESIAN_POINT ( 'NONE',  ( -6.099999999999999645, -5.250000000000000000, 0.8199999999999999512 ) ) ;
#2552 = FACE_OUTER_BOUND ( 'NONE', #3946, .T. ) ;
#2553 = ORIENTED_EDGE ( 'NONE', *, *, #5072, .F. ) ;
#2554 = EDGE_CURVE ( 'NONE', #11935, #5164, #7171, .T. ) ;
#2555 =( GEOMETRIC_REPRESENTATION_CONTEXT ( 3 ) GLOBAL_UNCERTAINTY_ASSIGNED_CONTEXT ( ( #5226 ) ) GLOBAL_UNIT_ASSIGNED_CONTEXT ( ( #12107, #12318, #12 ) ) REPRESENTATION_CONTEXT ( 'NONE', 'WORKASPACE' ) );
#2556 = FACE_OUTER_BOUND ( 'NONE', #8471, .T. ) ;
#2557 =( GEOMETRIC_REPRESENTATION_CONTEXT ( 3 ) GLOBAL_UNCERTAINTY_ASSIGNED_CONTEXT ( ( #3227 ) ) GLOBAL_UNIT_ASSIGNED_CONTEXT ( ( #3949, #3879, #8978 ) ) REPRESENTATION_CONTEXT ( 'NONE', 'WORKASPACE' ) );
#2558 = MECHANICAL_DESIGN_GEOMETRIC_PRESENTATION_REPRESENTATION (  '', ( #6619 ), #406 ) ;
#2559 = DIRECTION ( 'NONE',  ( -0.000000000000000000, -0.000000000000000000, -1.000000000000000000 ) ) ;
#2560 = COLOUR_RGB ( '',0.9411764705882352811, 0.6274509803921568540, 0.05490196078431372473 ) ;
#2561 = LINE ( 'NONE', #9608, #8530 ) ;
#2562 = LINE ( 'NONE', #10702, #3394 ) ;
#2563 = AXIS2_PLACEMENT_3D ( 'NONE', #1059, #9258, #1124 ) ;
#2564 = ORIENTED_EDGE ( 'NONE', *, *, #12711, .T. ) ;
#2565 = DIRECTION ( 'NONE',  ( 0.000000000000000000, 1.000000000000000000, 0.000000000000000000 ) ) ;
#2566 = EDGE_LOOP ( 'NONE', ( #5027, #3330, #4968, #12245 ) ) ;
#2567 = CARTESIAN_POINT ( 'NONE',  ( 6.099999999999999645, 8.000000000000000000, 0.8199999999999999512 ) ) ;
#2568 = SURFACE_STYLE_FILL_AREA ( #12846 ) ;
#2569 = LINE ( 'NONE', #6580, #10887 ) ;
#2570 = CARTESIAN_POINT ( 'NONE',  ( 6.099999999999999645, -2.600000000000000533, 0.8199999999999999512 ) ) ;
#2571 = ADVANCED_FACE ( 'NONE', ( #9337 ), #3162, .F. ) ;
#2572 = STYLED_ITEM ( 'NONE', ( #5195 ), #1894 ) ;
#2573 = COLOUR_RGB ( '',0.9411764705882352811, 0.6274509803921568540, 0.05490196078431372473 ) ;
#2574 = DIRECTION ( 'NONE',  ( -0.000000000000000000, 1.000000000000000000, -0.000000000000000000 ) ) ;
#2575 = PRESENTATION_LAYER_ASSIGNMENT (  '', '', ( #861 ) ) ;
#2576 = SURFACE_SIDE_STYLE ('',( #6729 ) ) ;
#2578 = CARTESIAN_POINT ( 'NONE',  ( -6.099999999999999645, -1.750000000000000444, 0.8199999999999999512 ) ) ;
#2577 = PRESENTATION_LAYER_ASSIGNMENT (  '', '', ( #220 ) ) ;
#2579 = MECHANICAL_DESIGN_GEOMETRIC_PRESENTATION_REPRESENTATION (  '', ( #8364 ), #4484 ) ;
#2580 = ORIENTED_EDGE ( 'NONE', *, *, #11240, .F. ) ;
#2581 = PLANE ( 'NONE',  #4325 ) ;
#2582 = PLANE ( 'NONE',  #1493 ) ;
#2583 = DIRECTION ( 'NONE',  ( 0.000000000000000000, -1.000000000000000000, 0.000000000000000000 ) ) ;
#2584 = STYLED_ITEM ( 'NONE', ( #9980 ), #12031 ) ;
#2585 = SURFACE_STYLE_FILL_AREA ( #7605 ) ;
#2586 = EDGE_LOOP ( 'NONE', ( #8440, #10040, #831, #436 ) ) ;
#2587 = SURFACE_SIDE_STYLE ('',( #5464 ) ) ;
#2588 = EDGE_LOOP ( 'NONE', ( #10945, #7780, #570, #4806 ) ) ;
#2589 = EDGE_CURVE ( 'NONE', #8228, #3051, #9399, .T. ) ;
#2590 = CARTESIAN_POINT ( 'NONE',  ( -6.099999999999999645, -1.500000000000000222, 0.8199999999999999512 ) ) ;
#2591 = AXIS2_PLACEMENT_3D ( 'NONE', #2130, #1323, #10341 ) ;
#2592 =( GEOMETRIC_REPRESENTATION_CONTEXT ( 3 ) GLOBAL_UNCERTAINTY_ASSIGNED_CONTEXT ( ( #2541 ) ) GLOBAL_UNIT_ASSIGNED_CONTEXT ( ( #5954, #2070, #5895 ) ) REPRESENTATION_CONTEXT ( 'NONE', 'WORKASPACE' ) );
#2593 = CARTESIAN_POINT ( 'NONE',  ( -6.099999999999999645, 8.000000000000000000, 0.8199999999999999512 ) ) ;
#2594 = AXIS2_PLACEMENT_3D ( 'NONE', #4330, #6133, #3141 ) ;
#2595 = EDGE_CURVE ( 'NONE', #7086, #3291, #2354, .T. ) ;
#2596 = CARTESIAN_POINT ( 'NONE',  ( -6.099999999999999645, -5.450000000000001066, 0.8199999999999999512 ) ) ;
#2597 = CARTESIAN_POINT ( 'NONE',  ( 5.299999999999998934, 2.149999999999999911, 0.000000000000000000 ) ) ;
#2598 = DIRECTION ( 'NONE',  ( 1.000000000000000000, 0.000000000000000000, 0.000000000000000000 ) ) ;
#2599 = ORIENTED_EDGE ( 'NONE', *, *, #1366, .F. ) ;
#2600 = CARTESIAN_POINT ( 'NONE',  ( 6.099999999999999645, 6.349999999999999645, 0.000000000000000000 ) ) ;
#2601 = ADVANCED_FACE ( 'NONE', ( #4355 ), #11566, .T. ) ;
#2602 = CARTESIAN_POINT ( 'NONE',  ( -6.099999999999999645, 6.550000000000000711, 0.8199999999999999512 ) ) ;
#2603 = ORIENTED_EDGE ( 'NONE', *, *, #8382, .F. ) ;
#2604 = STYLED_ITEM ( 'NONE', ( #1927 ), #12629 ) ;
#2605 = FILL_AREA_STYLE_COLOUR ( '', #11271 ) ;
#2606 = SURFACE_STYLE_USAGE ( .BOTH. , #381 ) ;
#2607 = VECTOR ( 'NONE', #2682, 1000.000000000000000 ) ;
#2608 = FILL_AREA_STYLE_COLOUR ( '', #9055 ) ;
#2609 = DIRECTION ( 'NONE',  ( 0.000000000000000000, -1.000000000000000000, 0.000000000000000000 ) ) ;
#2610 = AXIS2_PLACEMENT_3D ( 'NONE', #6418, #3540, #450 ) ;
#2611 = VERTEX_POINT ( 'NONE', #11701 ) ;
#2612 =( NAMED_UNIT ( * ) PLANE_ANGLE_UNIT ( ) SI_UNIT ( $, .RADIAN. ) );
#2613 = ADVANCED_FACE ( 'NONE', ( #335 ), #1716, .T. ) ;
#2614 = CARTESIAN_POINT ( 'NONE',  ( 6.099999999999999645, 8.000000000000000000, 0.8199999999999999512 ) ) ;
#2615 = VECTOR ( 'NONE', #6393, 1000.000000000000000 ) ;
#2616 = EDGE_LOOP ( 'NONE', ( #5732, #8895, #10066, #8392 ) ) ;
#2617 = DIRECTION ( 'NONE',  ( 0.000000000000000000, 1.000000000000000000, 0.000000000000000000 ) ) ;
#2618 = VECTOR ( 'NONE', #425, 1000.000000000000000 ) ;
#2619 = SURFACE_STYLE_FILL_AREA ( #8708 ) ;
#2620 = EDGE_LOOP ( 'NONE', ( #8829, #3796, #5011, #753 ) ) ;
#2621 = FILL_AREA_STYLE_COLOUR ( '', #1144 ) ;
#2622 = CARTESIAN_POINT ( 'NONE',  ( 6.099999999999999645, -2.150000000000000355, 0.8199999999999999512 ) ) ;
#2623 =( NAMED_UNIT ( * ) PLANE_ANGLE_UNIT ( ) SI_UNIT ( $, .RADIAN. ) );
#2624 = ORIENTED_EDGE ( 'NONE', *, *, #6350, .F. ) ;
#2625 = VECTOR ( 'NONE', #1558, 1000.000000000000000 ) ;
#2626 = VECTOR ( 'NONE', #9710, 1000.000000000000000 ) ;
#2627 = LINE ( 'NONE', #5832, #3655 ) ;
#2628 = VECTOR ( 'NONE', #3612, 1000.000000000000000 ) ;
#2629 = VECTOR ( 'NONE', #5480, 1000.000000000000000 ) ;
#2630 = DIRECTION ( 'NONE',  ( -1.000000000000000000, -0.000000000000000000, -0.000000000000000000 ) ) ;
#2631 = UNCERTAINTY_MEASURE_WITH_UNIT (LENGTH_MEASURE( 1.000000000000000082E-05 ), #10427, 'distance_accuracy_value', 'NONE');
#2632 = EDGE_CURVE ( 'NONE', #10520, #7918, #12194, .T. ) ;
#2633 = CARTESIAN_POINT ( 'NONE',  ( 6.099999999999999645, 3.250000000000000444, 0.8199999999999999512 ) ) ;
#2634 = FACE_OUTER_BOUND ( 'NONE', #12011, .T. ) ;
#2635 = AXIS2_PLACEMENT_3D ( 'NONE', #2165, #7321, #6231 ) ;
#2636 = COLOUR_RGB ( '',0.9411764705882352811, 0.6274509803921568540, 0.05490196078431372473 ) ;
#2637 = VERTEX_POINT ( 'NONE', #3424 ) ;
#2638 = DIRECTION ( 'NONE',  ( -1.000000000000000000, 0.000000000000000000, -0.000000000000000000 ) ) ;
#2639 =( NAMED_UNIT ( * ) SI_UNIT ( $, .STERADIAN. ) SOLID_ANGLE_UNIT ( ) );
#2640 = ORIENTED_EDGE ( 'NONE', *, *, #7048, .T. ) ;
#2641 = FILL_AREA_STYLE_COLOUR ( '', #10597 ) ;
#2642 = DIRECTION ( 'NONE',  ( 0.000000000000000000, -0.000000000000000000, 1.000000000000000000 ) ) ;
#2643 = FILL_AREA_STYLE_COLOUR ( '', #1701 ) ;
#2644 = STYLED_ITEM ( 'NONE', ( #9418 ), #9111 ) ;
#2645 = SURFACE_SIDE_STYLE ('',( #5704 ) ) ;
#2646 = MECHANICAL_DESIGN_GEOMETRIC_PRESENTATION_REPRESENTATION (  '', ( #9720 ), #8004 ) ;
#2647 = CARTESIAN_POINT ( 'NONE',  ( 6.099999999999999645, 8.000000000000000000, 0.000000000000000000 ) ) ;
#2648 = SURFACE_STYLE_USAGE ( .BOTH. , #2576 ) ;
#2649 = UNCERTAINTY_MEASURE_WITH_UNIT (LENGTH_MEASURE( 1.000000000000000082E-05 ), #10735, 'distance_accuracy_value', 'NONE');
#2650 = COLOUR_RGB ( '',1.000000000000000000, 1.000000000000000000, 1.000000000000000000 ) ;
#2651 = EDGE_CURVE ( 'NONE', #3085, #566, #7574, .T. ) ;
#2652 = CARTESIAN_POINT ( 'NONE',  ( -6.099999999999999645, 2.600000000000000089, 0.8199999999999999512 ) ) ;
#2653 = ORIENTED_EDGE ( 'NONE', *, *, #2430, .F. ) ;
#2654 = CARTESIAN_POINT ( 'NONE',  ( 6.099999999999999645, -7.250000000000000000, 0.8199999999999999512 ) ) ;
#2655 = ADVANCED_FACE ( 'NONE', ( #11761 ), #5490, .F. ) ;
#2656 = PRESENTATION_STYLE_ASSIGNMENT (( #1624 ) ) ;
#2657 = PLANE ( 'NONE',  #9645 ) ;
#2658 = VERTEX_POINT ( 'NONE', #4542 ) ;
#2659 = PRESENTATION_STYLE_ASSIGNMENT (( #5209 ) ) ;
#2660 = DIRECTION ( 'NONE',  ( 0.000000000000000000, -0.000000000000000000, 1.000000000000000000 ) ) ;
#2661 = CARTESIAN_POINT ( 'NONE',  ( 5.849999999999999645, -2.600000000000000533, 0.8199999999999999512 ) ) ;
#2662 = CARTESIAN_POINT ( 'NONE',  ( 6.099999999999999645, 7.450000000000000178, 0.8199999999999999512 ) ) ;
#2663 = ORIENTED_EDGE ( 'NONE', *, *, #5781, .T. ) ;
#2664 = FILL_AREA_STYLE_COLOUR ( '', #1928 ) ;
#2665 =( NAMED_UNIT ( * ) PLANE_ANGLE_UNIT ( ) SI_UNIT ( $, .RADIAN. ) );
#2666 = DIRECTION ( 'NONE',  ( 1.626303258728256651E-16, -1.000000000000000000, 0.000000000000000000 ) ) ;
#2667 = SURFACE_SIDE_STYLE ('',( #2525 ) ) ;
#2668 = EDGE_CURVE ( 'NONE', #1150, #11695, #6068, .T. ) ;
#2669 = VECTOR ( 'NONE', #13018, 1000.000000000000000 ) ;
#2670 = ORIENTED_EDGE ( 'NONE', *, *, #2502, .T. ) ;
#2671 =( NAMED_UNIT ( * ) SI_UNIT ( $, .STERADIAN. ) SOLID_ANGLE_UNIT ( ) );
#2672 = SURFACE_SIDE_STYLE ('',( #12880 ) ) ;
#2673 = FACE_OUTER_BOUND ( 'NONE', #2236, .T. ) ;
#2674 = ORIENTED_EDGE ( 'NONE', *, *, #12377, .T. ) ;
#2675 = VECTOR ( 'NONE', #6540, 1000.000000000000000 ) ;
#2676 =( LENGTH_UNIT ( ) NAMED_UNIT ( * ) SI_UNIT ( .MILLI., .METRE. ) );
#2677 = CARTESIAN_POINT ( 'NONE',  ( -5.299999999999998934, -6.550000000000000711, 0.000000000000000000 ) ) ;
#2678 = EDGE_CURVE ( 'NONE', #13136, #4181, #7894, .T. ) ;
#2679 = AXIS2_PLACEMENT_3D ( 'NONE', #6568, #11510, #4482 ) ;
#2680 = ORIENTED_EDGE ( 'NONE', *, *, #8763, .F. ) ;
#2681 = CYLINDRICAL_SURFACE ( 'NONE', #8520, 0.2500000000000002220 ) ;
#2682 = DIRECTION ( 'NONE',  ( -0.000000000000000000, 1.000000000000000000, -0.000000000000000000 ) ) ;
#2683 = DIRECTION ( 'NONE',  ( 0.000000000000000000, 0.000000000000000000, -1.000000000000000000 ) ) ;
#2684 = FILL_AREA_STYLE ('',( #11890 ) ) ;
#2685 = ORIENTED_EDGE ( 'NONE', *, *, #10254, .F. ) ;
#2686 = EDGE_LOOP ( 'NONE', ( #10545, #11636, #10034, #167 ) ) ;
#2687 = LINE ( 'NONE', #8773, #900 ) ;
#2688 =( NAMED_UNIT ( * ) PLANE_ANGLE_UNIT ( ) SI_UNIT ( $, .RADIAN. ) );
#2689 = VERTEX_POINT ( 'NONE', #7955 ) ;
#2690 = FILL_AREA_STYLE ('',( #4671 ) ) ;
#2691 = CARTESIAN_POINT ( 'NONE',  ( 6.099999999999999645, -4.350000000000000533, 0.8199999999999999512 ) ) ;
#2692 = EDGE_LOOP ( 'NONE', ( #667, #713, #11093, #5933 ) ) ;
#2693 = PLANE ( 'NONE',  #1166 ) ;
#2694 = EDGE_CURVE ( 'NONE', #11553, #8583, #2935, .T. ) ;
#2695 = ADVANCED_FACE ( 'NONE', ( #12134 ), #4918, .F. ) ;
#2696 = CARTESIAN_POINT ( 'NONE',  ( 6.099999999999999645, 6.550000000000000711, 0.8199999999999999512 ) ) ;
#2697 = ORIENTED_EDGE ( 'NONE', *, *, #2595, .F. ) ;
#2698 = PLANE ( 'NONE',  #5054 ) ;
#2699 = FACE_OUTER_BOUND ( 'NONE', #6750, .T. ) ;
#2700 = EDGE_LOOP ( 'NONE', ( #2685, #20, #525, #8482 ) ) ;
#2701 = SURFACE_STYLE_FILL_AREA ( #6654 ) ;
#2702 = LINE ( 'NONE', #3760, #6131 ) ;
#2703 =( NAMED_UNIT ( * ) SI_UNIT ( $, .STERADIAN. ) SOLID_ANGLE_UNIT ( ) );
#2704 = CARTESIAN_POINT ( 'NONE',  ( 5.299999999999998934, -4.350000000000000533, 0.000000000000000000 ) ) ;
#2705 = EDGE_CURVE ( 'NONE', #4721, #5946, #13015, .T. ) ;
#2706 = CARTESIAN_POINT ( 'NONE',  ( -5.299999999999998934, -1.050000000000000266, 0.000000000000000000 ) ) ;
#2707 = DIRECTION ( 'NONE',  ( -0.000000000000000000, 1.000000000000000000, -0.000000000000000000 ) ) ;
#2708 = EDGE_LOOP ( 'NONE', ( #1532, #7443, #10400, #12242, #3346, #4286 ) ) ;
#2709 = PLANE ( 'NONE',  #4529 ) ;
#2710 = AXIS2_PLACEMENT_3D ( 'NONE', #6293, #8518, #268 ) ;
#2711 = VERTEX_POINT ( 'NONE', #2874 ) ;
#2712 = MECHANICAL_DESIGN_GEOMETRIC_PRESENTATION_REPRESENTATION (  '', ( #10233 ), #1628 ) ;
#2713 = DIRECTION ( 'NONE',  ( -0.000000000000000000, -0.000000000000000000, -1.000000000000000000 ) ) ;
#2714 = CARTESIAN_POINT ( 'NONE',  ( 6.099999999999999645, 3.449999999999999734, 0.000000000000000000 ) ) ;
#2715 = DIRECTION ( 'NONE',  ( -1.000000000000000000, 0.000000000000000000, 0.000000000000000000 ) ) ;
#2716 = ORIENTED_EDGE ( 'NONE', *, *, #783, .T. ) ;
#2717 = LINE ( 'NONE', #707, #6283 ) ;
#2718 = SURFACE_SIDE_STYLE ('',( #3714 ) ) ;
#2719 = EDGE_CURVE ( 'NONE', #1466, #4734, #12207, .T. ) ;
#2720 = DIRECTION ( 'NONE',  ( -1.000000000000000000, 0.000000000000000000, 0.000000000000000000 ) ) ;
#2721 = EDGE_CURVE ( 'NONE', #2835, #12566, #6878, .T. ) ;
#2722 = VECTOR ( 'NONE', #5585, 1000.000000000000000 ) ;
#2723 = LINE ( 'NONE', #11872, #2675 ) ;
#2724 = FACE_OUTER_BOUND ( 'NONE', #10925, .T. ) ;
#2725 = DIRECTION ( 'NONE',  ( 0.000000000000000000, 0.000000000000000000, -1.000000000000000000 ) ) ;
#2726 = FILL_AREA_STYLE ('',( #2803 ) ) ;
#2727 = PRESENTATION_LAYER_ASSIGNMENT (  '', '', ( #1211 ) ) ;
#2728 = DIRECTION ( 'NONE',  ( -1.000000000000000000, 0.000000000000000000, -0.000000000000000000 ) ) ;
#2729 = VECTOR ( 'NONE', #6866, 1000.000000000000000 ) ;
#2730 = PRESENTATION_STYLE_ASSIGNMENT (( #7126 ) ) ;
#2731 = EDGE_LOOP ( 'NONE', ( #5175, #4168, #3457, #104, #6516, #3349, #11777 ) ) ;
#2732 = AXIS2_PLACEMENT_3D ( 'NONE', #11852, #2642, #9823 ) ;
#2733 = DIRECTION ( 'NONE',  ( 0.000000000000000000, 0.000000000000000000, -1.000000000000000000 ) ) ;
#2734 = CARTESIAN_POINT ( 'NONE',  ( 6.099999999999999645, -1.050000000000000266, 0.8199999999999999512 ) ) ;
#2735 = EDGE_CURVE ( 'NONE', #1460, #9675, #5873, .T. ) ;
#2736 = CARTESIAN_POINT ( 'NONE',  ( 6.099999999999999645, -3.449999999999999734, 0.8199999999999999512 ) ) ;
#2737 = SURFACE_SIDE_STYLE ('',( #6757 ) ) ;
#2738 = EDGE_CURVE ( 'NONE', #9304, #3665, #12070, .T. ) ;
#2739 = VECTOR ( 'NONE', #2630, 1000.000000000000000 ) ;
#2740 = AXIS2_PLACEMENT_3D ( 'NONE', #2543, #12890, #7830 ) ;
#2741 =( GEOMETRIC_REPRESENTATION_CONTEXT ( 3 ) GLOBAL_UNCERTAINTY_ASSIGNED_CONTEXT ( ( #12593 ) ) GLOBAL_UNIT_ASSIGNED_CONTEXT ( ( #3373, #8665, #2639 ) ) REPRESENTATION_CONTEXT ( 'NONE', 'WORKASPACE' ) );
#2742 = ORIENTED_EDGE ( 'NONE', *, *, #8662, .F. ) ;
#2743 = CARTESIAN_POINT ( 'NONE',  ( 5.299999999999998934, -3.250000000000000444, 0.8199999999999999512 ) ) ;
#2744 = FILL_AREA_STYLE_COLOUR ( '', #4088 ) ;
#2745 = CARTESIAN_POINT ( 'NONE',  ( 5.299999999999998934, -1.050000000000000266, 0.8199999999999999512 ) ) ;
#2746 = ORIENTED_EDGE ( 'NONE', *, *, #3354, .F. ) ;
#2747 = LINE ( 'NONE', #7835, #1527 ) ;
#2748 = SURFACE_STYLE_FILL_AREA ( #2887 ) ;
#2749 = SURFACE_STYLE_FILL_AREA ( #12149 ) ;
#2750 = VERTEX_POINT ( 'NONE', #11072 ) ;
#2751 =( NAMED_UNIT ( * ) PLANE_ANGLE_UNIT ( ) SI_UNIT ( $, .RADIAN. ) );
#2752 = SURFACE_STYLE_USAGE ( .BOTH. , #1537 ) ;
#2753 = ORIENTED_EDGE ( 'NONE', *, *, #227, .F. ) ;
#2754 = PRESENTATION_LAYER_ASSIGNMENT (  '', '', ( #7890 ) ) ;
#2755 = COLOUR_RGB ( '',0.9411764705882352811, 0.6274509803921568540, 0.05490196078431372473 ) ;
#2756 = DIRECTION ( 'NONE',  ( -0.000000000000000000, -0.000000000000000000, -1.000000000000000000 ) ) ;
#2757 = UNCERTAINTY_MEASURE_WITH_UNIT (LENGTH_MEASURE( 1.000000000000000082E-05 ), #9781, 'distance_accuracy_value', 'NONE');
#2758 = SURFACE_SIDE_STYLE ('',( #7852 ) ) ;
#2759 =( NAMED_UNIT ( * ) SI_UNIT ( $, .STERADIAN. ) SOLID_ANGLE_UNIT ( ) );
#2760 = MECHANICAL_DESIGN_GEOMETRIC_PRESENTATION_REPRESENTATION (  '', ( #8538 ), #8331 ) ;
#2761 = VECTOR ( 'NONE', #4094, 1000.000000000000000 ) ;
#2762 = VERTEX_POINT ( 'NONE', #8961 ) ;
#2763 = EDGE_CURVE ( 'NONE', #1619, #9400, #10048, .T. ) ;
#2764 = SURFACE_SIDE_STYLE ('',( #9819 ) ) ;
#2765 = CARTESIAN_POINT ( 'NONE',  ( -5.299999999999998934, 4.150000000000000355, 0.8199999999999999512 ) ) ;
#2766 = EDGE_LOOP ( 'NONE', ( #12168, #12424, #12750, #11257 ) ) ;
#2767 = VECTOR ( 'NONE', #6852, 1000.000000000000000 ) ;
#2768 = VECTOR ( 'NONE', #9175, 1000.000000000000000 ) ;
#2769 = CARTESIAN_POINT ( 'NONE',  ( -6.099999999999999645, -7.450000000000000178, 0.000000000000000000 ) ) ;
#2770 = SURFACE_STYLE_USAGE ( .BOTH. , #6656 ) ;
#2771 =( NAMED_UNIT ( * ) PLANE_ANGLE_UNIT ( ) SI_UNIT ( $, .RADIAN. ) );
#2772 = ADVANCED_FACE ( 'NONE', ( #13216 ), #11707, .T. ) ;
#2773 = FILL_AREA_STYLE ('',( #6723 ) ) ;
#2774 = DIRECTION ( 'NONE',  ( 1.000000000000000000, -0.000000000000000000, -0.000000000000000000 ) ) ;
#2775 = AXIS2_PLACEMENT_3D ( 'NONE', #7151, #54, #2062 ) ;
#2776 = VECTOR ( 'NONE', #3970, 1000.000000000000000 ) ;
#2777 = CARTESIAN_POINT ( 'NONE',  ( 6.099999999999999645, -3.250000000000000444, 0.000000000000000000 ) ) ;
#2778 = MECHANICAL_DESIGN_GEOMETRIC_PRESENTATION_REPRESENTATION (  '', ( #9408 ), #10500 ) ;
#2779 = FILL_AREA_STYLE ('',( #12792 ) ) ;
#2780 = CIRCLE ( 'NONE', #13289, 0.2500000000000002220 ) ;
#2781 = CARTESIAN_POINT ( 'NONE',  ( -6.099999999999999645, -4.800000000000000711, 0.8199999999999999512 ) ) ;
#2782 = VERTEX_POINT ( 'NONE', #5370 ) ;
#2783 = EDGE_CURVE ( 'NONE', #1594, #5243, #5444, .T. ) ;
#2784 = PLANE ( 'NONE',  #1541 ) ;
#2785 = LINE ( 'NONE', #6863, #7061 ) ;
#2786 = ORIENTED_EDGE ( 'NONE', *, *, #7675, .T. ) ;
#2787 = VECTOR ( 'NONE', #4585, 1000.000000000000000 ) ;
#2788 = PLANE ( 'NONE',  #706 ) ;
#2789 = CARTESIAN_POINT ( 'NONE',  ( 6.099999999999999645, 4.150000000000000355, 0.000000000000000000 ) ) ;
#2790 = ORIENTED_EDGE ( 'NONE', *, *, #1603, .T. ) ;
#2791 = VECTOR ( 'NONE', #6193, 1000.000000000000000 ) ;
#2792 = CARTESIAN_POINT ( 'NONE',  ( 5.299999999999998934, -5.450000000000001066, 0.8199999999999999512 ) ) ;
#2793 = VECTOR ( 'NONE', #9092, 1000.000000000000000 ) ;
#2794 = CARTESIAN_POINT ( 'NONE',  ( 5.299999999999998934, -2.150000000000000355, 0.8199999999999999512 ) ) ;
#2795 =( GEOMETRIC_REPRESENTATION_CONTEXT ( 3 ) GLOBAL_UNCERTAINTY_ASSIGNED_CONTEXT ( ( #2386 ) ) GLOBAL_UNIT_ASSIGNED_CONTEXT ( ( #3706, #9086, #11057 ) ) REPRESENTATION_CONTEXT ( 'NONE', 'WORKASPACE' ) );
#2796 = COLOUR_RGB ( '',0.9411764705882352811, 0.6274509803921568540, 0.05490196078431372473 ) ;
#2797 = UNCERTAINTY_MEASURE_WITH_UNIT (LENGTH_MEASURE( 1.000000000000000082E-05 ), #828, 'distance_accuracy_value', 'NONE');
#2798 = CARTESIAN_POINT ( 'NONE',  ( -6.099999999999999645, -1.050000000000000266, 0.8199999999999999512 ) ) ;
#2799 = VERTEX_POINT ( 'NONE', #7717 ) ;
#2800 = ADVANCED_FACE ( 'NONE', ( #7646 ), #1412, .T. ) ;
#2801 =( NAMED_UNIT ( * ) SI_UNIT ( $, .STERADIAN. ) SOLID_ANGLE_UNIT ( ) );
#2802 = FACE_OUTER_BOUND ( 'NONE', #13001, .T. ) ;
#2803 = FILL_AREA_STYLE_COLOUR ( '', #7042 ) ;
#2804 = ORIENTED_EDGE ( 'NONE', *, *, #5177, .F. ) ;
#2805 = LINE ( 'NONE', #2600, #11648 ) ;
#2806 = DIRECTION ( 'NONE',  ( 1.626303258728256651E-16, -1.000000000000000000, 0.000000000000000000 ) ) ;
#2807 = FACE_OUTER_BOUND ( 'NONE', #9964, .T. ) ;
#2808 = ORIENTED_EDGE ( 'NONE', *, *, #8142, .T. ) ;
#2809 = VECTOR ( 'NONE', #1214, 1000.000000000000000 ) ;
#2810 = AXIS2_PLACEMENT_3D ( 'NONE', #798, #11033, #3878 ) ;
#2811 = CARTESIAN_POINT ( 'NONE',  ( -4.292893218813449430, -6.292893218813452094, 2.399999999999999911 ) ) ;
#2812 = DIRECTION ( 'NONE',  ( 0.000000000000000000, -0.000000000000000000, 1.000000000000000000 ) ) ;
#2813 = VECTOR ( 'NONE', #5154, 1000.000000000000000 ) ;
#2814 = UNCERTAINTY_MEASURE_WITH_UNIT (LENGTH_MEASURE( 1.000000000000000082E-05 ), #5337, 'distance_accuracy_value', 'NONE');
#2815 = EDGE_LOOP ( 'NONE', ( #11130, #12279, #8766, #9656 ) ) ;
#2816 = EDGE_CURVE ( 'NONE', #9592, #11064, #2561, .T. ) ;
#2817 = DIRECTION ( 'NONE',  ( 0.000000000000000000, -1.000000000000000000, 0.000000000000000000 ) ) ;
#2818 = ORIENTED_EDGE ( 'NONE', *, *, #2735, .F. ) ;
#2819 = PLANE ( 'NONE',  #11006 ) ;
#2820 = DIRECTION ( 'NONE',  ( 1.000000000000000000, 0.000000000000000000, 0.000000000000000000 ) ) ;
#2821 = VERTEX_POINT ( 'NONE', #6715 ) ;
#2822 = PRESENTATION_LAYER_ASSIGNMENT (  '', '', ( #7738 ) ) ;
#2823 = FILL_AREA_STYLE_COLOUR ( '', #7362 ) ;
#2824 = SURFACE_STYLE_FILL_AREA ( #4744 ) ;
#2825 = VECTOR ( 'NONE', #5817, 1000.000000000000000 ) ;
#2826 = SURFACE_SIDE_STYLE ('',( #7981 ) ) ;
#2827 = DIRECTION ( 'NONE',  ( 0.000000000000000000, 0.000000000000000000, -1.000000000000000000 ) ) ;
#2828 =( LENGTH_UNIT ( ) NAMED_UNIT ( * ) SI_UNIT ( .MILLI., .METRE. ) );
#2829 = COLOUR_RGB ( '',0.9411764705882352811, 0.6274509803921568540, 0.05490196078431372473 ) ;
#2830 = PRESENTATION_LAYER_ASSIGNMENT (  '', '', ( #4947 ) ) ;
#2831 = FILL_AREA_STYLE_COLOUR ( '', #13036 ) ;
#2832 = CARTESIAN_POINT ( 'NONE',  ( -6.099999999999999645, 6.550000000000000711, 0.8199999999999999512 ) ) ;
#2833 = SURFACE_STYLE_FILL_AREA ( #12911 ) ;
#2834 = ADVANCED_FACE ( 'NONE', ( #410 ), #344, .T. ) ;
#2835 = VERTEX_POINT ( 'NONE', #4489 ) ;
#2836 = EDGE_CURVE ( 'NONE', #2862, #6195, #10777, .T. ) ;
#2837 = LINE ( 'NONE', #4158, #6341 ) ;
#2838 = EDGE_CURVE ( 'NONE', #9959, #7734, #8856, .T. ) ;
#2839 = AXIS2_PLACEMENT_3D ( 'NONE', #558, #3452, #3518 ) ;
#2840 = ORIENTED_EDGE ( 'NONE', *, *, #11941, .F. ) ;
#2841 = VECTOR ( 'NONE', #11995, 1000.000000000000000 ) ;
#2842 =( NAMED_UNIT ( * ) SI_UNIT ( $, .STERADIAN. ) SOLID_ANGLE_UNIT ( ) );
#2843 = DIRECTION ( 'NONE',  ( 0.000000000000000000, -1.000000000000000000, 0.000000000000000000 ) ) ;
#2844 =( NAMED_UNIT ( * ) PLANE_ANGLE_UNIT ( ) SI_UNIT ( $, .RADIAN. ) );
#2845 = AXIS2_PLACEMENT_3D ( 'NONE', #4976, #10240, #12046 ) ;
#2846 = SURFACE_STYLE_USAGE ( .BOTH. , #2645 ) ;
#2847 =( GEOMETRIC_REPRESENTATION_CONTEXT ( 3 ) GLOBAL_UNCERTAINTY_ASSIGNED_CONTEXT ( ( #7731 ) ) GLOBAL_UNIT_ASSIGNED_CONTEXT ( ( #3231, #7305, #6289 ) ) REPRESENTATION_CONTEXT ( 'NONE', 'WORKASPACE' ) );
#2848 = ORIENTED_EDGE ( 'NONE', *, *, #2021, .T. ) ;
#2849 =( GEOMETRIC_REPRESENTATION_CONTEXT ( 3 ) GLOBAL_UNCERTAINTY_ASSIGNED_CONTEXT ( ( #10882 ) ) GLOBAL_UNIT_ASSIGNED_CONTEXT ( ( #3091, #4016, #7226 ) ) REPRESENTATION_CONTEXT ( 'NONE', 'WORKASPACE' ) );
#2850 = EDGE_CURVE ( 'NONE', #922, #7425, #4949, .T. ) ;
#2851 =( GEOMETRIC_REPRESENTATION_CONTEXT ( 3 ) GLOBAL_UNCERTAINTY_ASSIGNED_CONTEXT ( ( #11645 ) ) GLOBAL_UNIT_ASSIGNED_CONTEXT ( ( #3860, #6943, #9031 ) ) REPRESENTATION_CONTEXT ( 'NONE', 'WORKASPACE' ) );
#2852 = PRESENTATION_STYLE_ASSIGNMENT (( #12180 ) ) ;
#2853 = CARTESIAN_POINT ( 'NONE',  ( -5.299999999999998934, -3.250000000000000444, 0.000000000000000000 ) ) ;
#2854 = ORIENTED_EDGE ( 'NONE', *, *, #2191, .T. ) ;
#2855 = PRESENTATION_STYLE_ASSIGNMENT (( #10175 ) ) ;
#2856 = DIRECTION ( 'NONE',  ( 1.626303258728256651E-16, -1.000000000000000000, 0.000000000000000000 ) ) ;
#2857 = DIRECTION ( 'NONE',  ( -1.000000000000000000, 0.000000000000000000, 0.000000000000000000 ) ) ;
#2858 = ORIENTED_EDGE ( 'NONE', *, *, #5241, .T. ) ;
#2859 = CARTESIAN_POINT ( 'NONE',  ( 6.099999999999999645, -5.050000000000000711, 0.8199999999999999512 ) ) ;
#2860 = SURFACE_SIDE_STYLE ('',( #7875 ) ) ;
#2861 = CARTESIAN_POINT ( 'NONE',  ( -6.099999999999999645, -6.350000000000000533, 0.8199999999999999512 ) ) ;
#2862 = VERTEX_POINT ( 'NONE', #4875 ) ;
#2863 = SURFACE_STYLE_FILL_AREA ( #4837 ) ;
#2864 = CARTESIAN_POINT ( 'NONE',  ( 6.099999999999999645, -6.550000000000000711, 0.8199999999999999512 ) ) ;
#2865 = DIRECTION ( 'NONE',  ( -0.000000000000000000, 0.000000000000000000, -1.000000000000000000 ) ) ;
#2866 = EDGE_CURVE ( 'NONE', #1260, #10703, #5957, .T. ) ;
#2867 = VECTOR ( 'NONE', #5030, 1000.000000000000000 ) ;
#2868 = AXIS2_PLACEMENT_3D ( 'NONE', #12787, #12918, #11910 ) ;
#2869 = LINE ( 'NONE', #4991, #13125 ) ;
#2870 = ORIENTED_EDGE ( 'NONE', *, *, #5544, .T. ) ;
#2871 = EDGE_LOOP ( 'NONE', ( #7138, #347, #3098, #3000 ) ) ;
#2872 = DIRECTION ( 'NONE',  ( 1.000000000000000000, -0.000000000000000000, -0.000000000000000000 ) ) ;
#2873 =( NAMED_UNIT ( * ) SI_UNIT ( $, .STERADIAN. ) SOLID_ANGLE_UNIT ( ) );
#2874 = CARTESIAN_POINT ( 'NONE',  ( -6.099999999999999645, 0.04999999999999969746, 0.8199999999999999512 ) ) ;
#2875 = PLANE ( 'NONE',  #10655 ) ;
#2876 = STYLED_ITEM ( 'NONE', ( #117 ), #9546 ) ;
#2877 = ORIENTED_EDGE ( 'NONE', *, *, #2651, .T. ) ;
#2878 = CARTESIAN_POINT ( 'NONE',  ( 6.099999999999999645, -1.500000000000000222, 0.8199999999999999512 ) ) ;
#2879 =( NAMED_UNIT ( * ) PLANE_ANGLE_UNIT ( ) SI_UNIT ( $, .RADIAN. ) );
#2880 =( NAMED_UNIT ( * ) SI_UNIT ( $, .STERADIAN. ) SOLID_ANGLE_UNIT ( ) );
#2881 = ADVANCED_FACE ( 'NONE', ( #9063 ), #605, .F. ) ;
#2882 = VECTOR ( 'NONE', #1792, 1000.000000000000000 ) ;
#2883 = SURFACE_STYLE_USAGE ( .BOTH. , #12080 ) ;
#2884 = FACE_OUTER_BOUND ( 'NONE', #9435, .T. ) ;
#2885 =( NAMED_UNIT ( * ) SI_UNIT ( $, .STERADIAN. ) SOLID_ANGLE_UNIT ( ) );
#2886 = ORIENTED_EDGE ( 'NONE', *, *, #3728, .T. ) ;
#2887 = FILL_AREA_STYLE ('',( #9804 ) ) ;
#2888 = CYLINDRICAL_SURFACE ( 'NONE', #4252, 0.2500000000000002220 ) ;
#2889 = VERTEX_POINT ( 'NONE', #679 ) ;
#2890 = SURFACE_SIDE_STYLE ('',( #12350 ) ) ;
#2891 = LINE ( 'NONE', #11092, #12749 ) ;
#2892 = CARTESIAN_POINT ( 'NONE',  ( -5.299999999999998934, -5.250000000000000000, 0.8199999999999999512 ) ) ;
#2893 = EDGE_LOOP ( 'NONE', ( #2298, #2025, #4647, #7409 ) ) ;
#2894 = SURFACE_STYLE_FILL_AREA ( #13304 ) ;
#2895 = EDGE_CURVE ( 'NONE', #1265, #179, #3689, .T. ) ;
#2896 = EDGE_CURVE ( 'NONE', #8228, #7102, #7915, .T. ) ;
#2897 = DIRECTION ( 'NONE',  ( -1.000000000000000000, 0.000000000000000000, 0.000000000000000000 ) ) ;
#2898 = UNCERTAINTY_MEASURE_WITH_UNIT (LENGTH_MEASURE( 1.000000000000000082E-05 ), #10001, 'distance_accuracy_value', 'NONE');
#2899 = AXIS2_PLACEMENT_3D ( 'NONE', #12905, #6709, #7845 ) ;
#2900 = LINE ( 'NONE', #1672, #13068 ) ;
#2901 = ORIENTED_EDGE ( 'NONE', *, *, #3261, .F. ) ;
#2902 = DIRECTION ( 'NONE',  ( 1.626303258728256651E-16, -1.000000000000000000, 0.000000000000000000 ) ) ;
#2903 = ORIENTED_EDGE ( 'NONE', *, *, #9228, .T. ) ;
#2904 = SURFACE_STYLE_FILL_AREA ( #8790 ) ;
#2905 = LINE ( 'NONE', #9069, #9590 ) ;
#2906 = VERTEX_POINT ( 'NONE', #3959 ) ;
#2907 = DIRECTION ( 'NONE',  ( -1.000000000000000000, 0.000000000000000000, -0.000000000000000000 ) ) ;
#2908 = PRESENTATION_STYLE_ASSIGNMENT (( #13050 ) ) ;
#2909 = SURFACE_STYLE_USAGE ( .BOTH. , #12249 ) ;
#2910 = DIRECTION ( 'NONE',  ( -1.000000000000000000, 0.000000000000000000, 0.000000000000000000 ) ) ;
#2911 = SURFACE_STYLE_FILL_AREA ( #12110 ) ;
#2912 = SURFACE_SIDE_STYLE ('',( #12040 ) ) ;
#2913 = ORIENTED_EDGE ( 'NONE', *, *, #11702, .F. ) ;
#2914 = SURFACE_STYLE_USAGE ( .BOTH. , #5176 ) ;
#2915 =( NAMED_UNIT ( * ) PLANE_ANGLE_UNIT ( ) SI_UNIT ( $, .RADIAN. ) );
#2916 = LINE ( 'NONE', #3977, #3228 ) ;
#2917 = VERTEX_POINT ( 'NONE', #8055 ) ;
#2918 = CARTESIAN_POINT ( 'NONE',  ( 5.299999999999998934, -1.950000000000000178, 0.8199999999999999512 ) ) ;
#2919 = FILL_AREA_STYLE ('',( #12263 ) ) ;
#2920 = LINE ( 'NONE', #8019, #1423 ) ;
#2921 = VERTEX_POINT ( 'NONE', #8787 ) ;
#2922 = PLANE ( 'NONE',  #5353 ) ;
#2923 = EDGE_CURVE ( 'NONE', #2889, #7499, #6906, .T. ) ;
#2924 = UNCERTAINTY_MEASURE_WITH_UNIT (LENGTH_MEASURE( 1.000000000000000082E-05 ), #9122, 'distance_accuracy_value', 'NONE');
#2925 = VECTOR ( 'NONE', #12117, 1000.000000000000000 ) ;
#2926 = COLOUR_RGB ( '',0.9411764705882352811, 0.6274509803921568540, 0.05490196078431372473 ) ;
#2927 = VERTEX_POINT ( 'NONE', #12097 ) ;
#2928 = FILL_AREA_STYLE_COLOUR ( '', #7537 ) ;
#2929 = DIRECTION ( 'NONE',  ( -1.000000000000000000, -0.000000000000000000, -0.000000000000000000 ) ) ;
#2930 =( LENGTH_UNIT ( ) NAMED_UNIT ( * ) SI_UNIT ( .MILLI., .METRE. ) );
#2931 = VERTEX_POINT ( 'NONE', #748 ) ;
#2932 = EDGE_CURVE ( 'NONE', #3028, #10729, #5897, .T. ) ;
#2933 = DIRECTION ( 'NONE',  ( 0.000000000000000000, 0.000000000000000000, -1.000000000000000000 ) ) ;
#2934 = FILL_AREA_STYLE_COLOUR ( '', #3366 ) ;
#2935 = LINE ( 'NONE', #5930, #169 ) ;
#2936 = CARTESIAN_POINT ( 'NONE',  ( -5.299999999999998934, -5.450000000000001066, 0.8199999999999999512 ) ) ;
#2937 = EDGE_CURVE ( 'NONE', #1658, #6169, #5762, .T. ) ;
#2938 = EDGE_LOOP ( 'NONE', ( #1742, #6189, #11974, #8772, #6818, #10876 ) ) ;
#2939 = CARTESIAN_POINT ( 'NONE',  ( -6.099999999999999645, 2.349999999999999645, 0.000000000000000000 ) ) ;
#2940 = CARTESIAN_POINT ( 'NONE',  ( -6.099999999999999645, 3.700000000000000178, 0.8199999999999999512 ) ) ;
#2941 = MECHANICAL_DESIGN_GEOMETRIC_PRESENTATION_REPRESENTATION (  '', ( #11311 ), #12386 ) ;
#2942 = SURFACE_STYLE_FILL_AREA ( #13091 ) ;
#2943 = UNCERTAINTY_MEASURE_WITH_UNIT (LENGTH_MEASURE( 1.000000000000000082E-05 ), #6162, 'distance_accuracy_value', 'NONE');
#2944 = CARTESIAN_POINT ( 'NONE',  ( 6.099999999999999645, 4.349999999999999645, 0.000000000000000000 ) ) ;
#2945 = AXIS2_PLACEMENT_3D ( 'NONE', #13155, #10874, #12133 ) ;
#2946 = SURFACE_STYLE_USAGE ( .BOTH. , #2007 ) ;
#2947 = AXIS2_PLACEMENT_3D ( 'NONE', #5494, #6506, #4673 ) ;
#2948 = ORIENTED_EDGE ( 'NONE', *, *, #5645, .F. ) ;
#2949 = DIRECTION ( 'NONE',  ( 0.000000000000000000, 0.000000000000000000, -1.000000000000000000 ) ) ;
#2950 = LINE ( 'NONE', #7087, #3600 ) ;
#2951 = EDGE_CURVE ( 'NONE', #2192, #4528, #7788, .T. ) ;
#2952 = ORIENTED_EDGE ( 'NONE', *, *, #9250, .F. ) ;
#2953 = CARTESIAN_POINT ( 'NONE',  ( -6.099999999999999645, -0.8500000000000000888, 0.8199999999999999512 ) ) ;
#2954 = ORIENTED_EDGE ( 'NONE', *, *, #2435, .F. ) ;
#2955 = CLOSED_SHELL ( 'NONE', ( #9701, #1303, #11832, #5210, #3094, #999, #12823, #3062 ) ) ;
#2956 = SURFACE_STYLE_FILL_AREA ( #1874 ) ;
#2957 = VECTOR ( 'NONE', #1198, 1000.000000000000000 ) ;
#2958 = SURFACE_SIDE_STYLE ('',( #5896 ) ) ;
#2959 = ORIENTED_EDGE ( 'NONE', *, *, #13187, .T. ) ;
#2960 = PLANE ( 'NONE',  #3195 ) ;
#2961 = MECHANICAL_DESIGN_GEOMETRIC_PRESENTATION_REPRESENTATION (  '', ( #7659 ), #1443 ) ;
#2962 = ORIENTED_EDGE ( 'NONE', *, *, #1206, .T. ) ;
#2963 = EDGE_CURVE ( 'NONE', #9273, #7450, #8991, .T. ) ;
#2964 = CARTESIAN_POINT ( 'NONE',  ( 6.099999999999999645, -6.550000000000000711, 0.8199999999999999512 ) ) ;
#2965 = DIRECTION ( 'NONE',  ( 0.000000000000000000, 0.000000000000000000, -1.000000000000000000 ) ) ;
#2966 = VERTEX_POINT ( 'NONE', #3893 ) ;
#2967 =( GEOMETRIC_REPRESENTATION_CONTEXT ( 3 ) GLOBAL_UNCERTAINTY_ASSIGNED_CONTEXT ( ( #5694 ) ) GLOBAL_UNIT_ASSIGNED_CONTEXT ( ( #8034, #7008, #1921 ) ) REPRESENTATION_CONTEXT ( 'NONE', 'WORKASPACE' ) );
#2968 = DIRECTION ( 'NONE',  ( 1.000000000000000000, 0.000000000000000000, 0.000000000000000000 ) ) ;
#2969 =( LENGTH_UNIT ( ) NAMED_UNIT ( * ) SI_UNIT ( .MILLI., .METRE. ) );
#2970 = CARTESIAN_POINT ( 'NONE',  ( 6.099999999999999645, 0.04999999999999969746, 0.8199999999999999512 ) ) ;
#2971 = SURFACE_STYLE_USAGE ( .BOTH. , #1959 ) ;
#2972 = VERTEX_POINT ( 'NONE', #7990 ) ;
#2973 = SURFACE_STYLE_FILL_AREA ( #1963 ) ;
#2974 = PRESENTATION_LAYER_ASSIGNMENT (  '', '', ( #7673 ) ) ;
#2975 = DIRECTION ( 'NONE',  ( 0.000000000000000000, 0.000000000000000000, -1.000000000000000000 ) ) ;
#2976 = ORIENTED_EDGE ( 'NONE', *, *, #9665, .F. ) ;
#2977 = EDGE_CURVE ( 'NONE', #4356, #8675, #2900, .T. ) ;
#2978 = FILL_AREA_STYLE ('',( #10924 ) ) ;
#2979 = ORIENTED_EDGE ( 'NONE', *, *, #2705, .T. ) ;
#2980 = DIRECTION ( 'NONE',  ( 0.000000000000000000, -1.000000000000000000, -0.000000000000000000 ) ) ;
#2981 = LINE ( 'NONE', #7188, #4195 ) ;
#2982 = EDGE_LOOP ( 'NONE', ( #1771, #11079, #9467, #11012 ) ) ;
#2983 = VECTOR ( 'NONE', #128, 1000.000000000000000 ) ;
#2984 = FILL_AREA_STYLE_COLOUR ( '', #11398 ) ;
#2985 = VECTOR ( 'NONE', #1940, 1000.000000000000000 ) ;
#2986 = CARTESIAN_POINT ( 'NONE',  ( 6.099999999999999645, -5.450000000000001066, 0.8199999999999999512 ) ) ;
#2987 = COLOUR_RGB ( '',0.9411764705882352811, 0.6274509803921568540, 0.05490196078431372473 ) ;
#2988 = EDGE_LOOP ( 'NONE', ( #4397, #10560, #10195, #3306 ) ) ;
#2989 = LINE ( 'NONE', #10257, #31 ) ;
#2990 = CARTESIAN_POINT ( 'NONE',  ( -6.099999999999999645, -0.8500000000000000888, 0.000000000000000000 ) ) ;
#2991 = CARTESIAN_POINT ( 'NONE',  ( -6.099999999999999645, -1.250000000000000000, 0.8199999999999999512 ) ) ;
#2992 =( GEOMETRIC_REPRESENTATION_CONTEXT ( 3 ) GLOBAL_UNCERTAINTY_ASSIGNED_CONTEXT ( ( #10623 ) ) GLOBAL_UNIT_ASSIGNED_CONTEXT ( ( #12211, #4923, #785 ) ) REPRESENTATION_CONTEXT ( 'NONE', 'WORKASPACE' ) );
#2993 = EDGE_CURVE ( 'NONE', #1466, #11102, #11298, .T. ) ;
#2994 = ORIENTED_EDGE ( 'NONE', *, *, #8559, .T. ) ;
#2995 = STYLED_ITEM ( 'NONE', ( #5082 ), #10622 ) ;
#2996 = FACE_OUTER_BOUND ( 'NONE', #2422, .T. ) ;
#2997 = DIRECTION ( 'NONE',  ( 1.000000000000000000, -0.000000000000000000, -0.000000000000000000 ) ) ;
#2998 =( NAMED_UNIT ( * ) PLANE_ANGLE_UNIT ( ) SI_UNIT ( $, .RADIAN. ) );
#2999 = EDGE_CURVE ( 'NONE', #3684, #2546, #11243, .T. ) ;
#3000 = ORIENTED_EDGE ( 'NONE', *, *, #3832, .T. ) ;
#3001 = FILL_AREA_STYLE ('',( #9039 ) ) ;
#3002 = LINE ( 'NONE', #7079, #2347 ) ;
#3003 = COLOUR_RGB ( '',0.9411764705882352811, 0.6274509803921568540, 0.05490196078431372473 ) ;
#3004 =( NAMED_UNIT ( * ) PLANE_ANGLE_UNIT ( ) SI_UNIT ( $, .RADIAN. ) );
#3005 = EDGE_CURVE ( 'NONE', #11102, #395, #1948, .T. ) ;
#3006 = ORIENTED_EDGE ( 'NONE', *, *, #4028, .F. ) ;
#3007 = CARTESIAN_POINT ( 'NONE',  ( -6.099999999999999645, -2.850000000000000533, 0.8199999999999999512 ) ) ;
#3008 = ADVANCED_FACE ( 'NONE', ( #3095 ), #11174, .F. ) ;
#3009 = LINE ( 'NONE', #8175, #9244 ) ;
#3010 = AXIS2_PLACEMENT_3D ( 'NONE', #6381, #9221, #4230 ) ;
#3011 = VECTOR ( 'NONE', #6308, 1000.000000000000000 ) ;
#3012 = ORIENTED_EDGE ( 'NONE', *, *, #2473, .F. ) ;
#3013 = CARTESIAN_POINT ( 'NONE',  ( -6.099999999999999645, -2.150000000000000355, 0.8199999999999999512 ) ) ;
#3014 = CARTESIAN_POINT ( 'NONE',  ( -5.299999999999998934, -6.550000000000000711, 0.000000000000000000 ) ) ;
#3015 = FILL_AREA_STYLE ('',( #12224 ) ) ;
#3016 = ORIENTED_EDGE ( 'NONE', *, *, #3547, .T. ) ;
#3017 = DIRECTION ( 'NONE',  ( 0.000000000000000000, 0.000000000000000000, -1.000000000000000000 ) ) ;
#3018 = DIRECTION ( 'NONE',  ( 0.000000000000000000, 0.000000000000000000, -1.000000000000000000 ) ) ;
#3019 = FILL_AREA_STYLE_COLOUR ( '', #3485 ) ;
#3020 = EDGE_CURVE ( 'NONE', #536, #9099, #10285, .T. ) ;
#3021 =( GEOMETRIC_REPRESENTATION_CONTEXT ( 3 ) GLOBAL_UNCERTAINTY_ASSIGNED_CONTEXT ( ( #10055 ) ) GLOBAL_UNIT_ASSIGNED_CONTEXT ( ( #3801, #5939, #2880 ) ) REPRESENTATION_CONTEXT ( 'NONE', 'WORKASPACE' ) );
#3022 = PRESENTATION_STYLE_ASSIGNMENT (( #10359 ) ) ;
#3023 = ORIENTED_EDGE ( 'NONE', *, *, #5576, .T. ) ;
#3024 = CARTESIAN_POINT ( 'NONE',  ( -6.099999999999999645, 4.349999999999999645, 0.8199999999999999512 ) ) ;
#3025 = VERTEX_POINT ( 'NONE', #5023 ) ;
#3026 = CARTESIAN_POINT ( 'NONE',  ( 6.099999999999999645, -4.350000000000000533, 0.8199999999999999512 ) ) ;
#3027 = DIRECTION ( 'NONE',  ( 0.000000000000000000, 0.000000000000000000, -1.000000000000000000 ) ) ;
#3028 = VERTEX_POINT ( 'NONE', #7304 ) ;
#3029 = SURFACE_SIDE_STYLE ('',( #12246 ) ) ;
#3030 = DIRECTION ( 'NONE',  ( -0.000000000000000000, -0.000000000000000000, 1.000000000000000000 ) ) ;
#3031 = SURFACE_SIDE_STYLE ('',( #10089 ) ) ;
#3032 = CARTESIAN_POINT ( 'NONE',  ( 6.099999999999999645, -1.950000000000000400, 0.000000000000000000 ) ) ;
#3033 =( GEOMETRIC_REPRESENTATION_CONTEXT ( 3 ) GLOBAL_UNCERTAINTY_ASSIGNED_CONTEXT ( ( #4003 ) ) GLOBAL_UNIT_ASSIGNED_CONTEXT ( ( #12003, #9991, #13161 ) ) REPRESENTATION_CONTEXT ( 'NONE', 'WORKASPACE' ) );
#3034 = PRODUCT_DEFINITION_SHAPE ( 'NONE', 'NONE',  #5846 ) ;
#3035 = PRESENTATION_STYLE_ASSIGNMENT (( #2971 ) ) ;
#3036 = ORIENTED_EDGE ( 'NONE', *, *, #95, .T. ) ;
#3037 = VECTOR ( 'NONE', #9557, 1000.000000000000000 ) ;
#3038 = PRESENTATION_STYLE_ASSIGNMENT (( #6301 ) ) ;
#3039 = COLOUR_RGB ( '',0.7921568627450980005, 0.8196078431372548767, 0.9333333333333333481 ) ;
#3040 = EDGE_CURVE ( 'NONE', #7499, #11627, #4202, .T. ) ;
#3041 = DIRECTION ( 'NONE',  ( 0.000000000000000000, -0.000000000000000000, -1.000000000000000000 ) ) ;
#3042 = UNCERTAINTY_MEASURE_WITH_UNIT (LENGTH_MEASURE( 1.000000000000000082E-05 ), #10955, 'distance_accuracy_value', 'NONE');
#3043 = CARTESIAN_POINT ( 'NONE',  ( -5.299999999999998934, -1.050000000000000266, 0.8199999999999999512 ) ) ;
#3044 = VECTOR ( 'NONE', #12493, 1000.000000000000000 ) ;
#3045 = STYLED_ITEM ( 'NONE', ( #5147 ), #4150 ) ;
#3046 = ORIENTED_EDGE ( 'NONE', *, *, #7386, .T. ) ;
#3047 = SURFACE_STYLE_FILL_AREA ( #13059 ) ;
#3048 = CARTESIAN_POINT ( 'NONE',  ( -5.299999999999998934, 6.550000000000000711, 0.8199999999999999512 ) ) ;
#3049 = CARTESIAN_POINT ( 'NONE',  ( -5.299999999999998934, 6.349999999999999645, 0.8199999999999999512 ) ) ;
#3050 = CARTESIAN_POINT ( 'NONE',  ( 6.099999999999999645, 5.649999999999999467, 0.8199999999999999512 ) ) ;
#3051 = VERTEX_POINT ( 'NONE', #1133 ) ;
#3052 =( NAMED_UNIT ( * ) PLANE_ANGLE_UNIT ( ) SI_UNIT ( $, .RADIAN. ) );
#3053 = STYLED_ITEM ( 'NONE', ( #901 ), #1303 ) ;
#3054 = PLANE ( 'NONE',  #4000 ) ;
#3055 = SURFACE_STYLE_FILL_AREA ( #7823 ) ;
#3056 = PRESENTATION_LAYER_ASSIGNMENT (  '', '', ( #12063 ) ) ;
#3057 = LINE ( 'NONE', #1033, #8815 ) ;
#3058 = EDGE_CURVE ( 'NONE', #9677, #8881, #4278, .T. ) ;
#3059 = COLOUR_RGB ( '',0.9411764705882352811, 0.6274509803921568540, 0.05490196078431372473 ) ;
#3060 = UNCERTAINTY_MEASURE_WITH_UNIT (LENGTH_MEASURE( 1.000000000000000082E-05 ), #8977, 'distance_accuracy_value', 'NONE');
#3061 = AXIS2_PLACEMENT_3D ( 'NONE', #2380, #4560, #5508 ) ;
#3062 = ADVANCED_FACE ( 'NONE', ( #4092 ), #1071, .F. ) ;
#3063 = SURFACE_STYLE_FILL_AREA ( #9235 ) ;
#3064 = EDGE_LOOP ( 'NONE', ( #3006, #1582, #6915, #12379 ) ) ;
#3065 = DIRECTION ( 'NONE',  ( 1.000000000000000000, -0.000000000000000000, -0.000000000000000000 ) ) ;
#3066 = PRESENTATION_LAYER_ASSIGNMENT (  '', '', ( #4971 ) ) ;
#3067 = ORIENTED_EDGE ( 'NONE', *, *, #4125, .F. ) ;
#3068 = CARTESIAN_POINT ( 'NONE',  ( -3.999999999999999112, 6.000000000000000000, 2.400000000000000355 ) ) ;
#3069 = FILL_AREA_STYLE ('',( #102 ) ) ;
#3070 = SURFACE_STYLE_FILL_AREA ( #1996 ) ;
#3071 = ORIENTED_EDGE ( 'NONE', *, *, #4002, .T. ) ;
#3072 = CARTESIAN_POINT ( 'NONE',  ( 5.299999999999998934, -3.050000000000000266, 0.000000000000000000 ) ) ;
#3073 = LINE ( 'NONE', #7143, #11805 ) ;
#3074 = VECTOR ( 'NONE', #4884, 1000.000000000000000 ) ;
#3075 = ORIENTED_EDGE ( 'NONE', *, *, #10399, .T. ) ;
#3076 = FILL_AREA_STYLE_COLOUR ( '', #1908 ) ;
#3077 = CARTESIAN_POINT ( 'NONE',  ( 6.099999999999999645, 5.899999999999999467, 0.8199999999999999512 ) ) ;
#3078 = VECTOR ( 'NONE', #2080, 1000.000000000000000 ) ;
#3079 = ADVANCED_FACE ( 'NONE', ( #4409 ), #6435, .F. ) ;
#3080 = CARTESIAN_POINT ( 'NONE',  ( -5.299999999999998934, -3.050000000000000266, 0.8199999999999999512 ) ) ;
#3081 = CIRCLE ( 'NONE', #4360, 0.2500000000000002220 ) ;
#3082 =( LENGTH_UNIT ( ) NAMED_UNIT ( * ) SI_UNIT ( .MILLI., .METRE. ) );
#3083 = SURFACE_SIDE_STYLE ('',( #9995 ) ) ;
#3084 = PRESENTATION_STYLE_ASSIGNMENT (( #3944 ) ) ;
#3085 = VERTEX_POINT ( 'NONE', #12645 ) ;
#3086 = SURFACE_STYLE_FILL_AREA ( #13227 ) ;
#3087 = LINE ( 'NONE', #2208, #8348 ) ;
#3088 = VERTEX_POINT ( 'NONE', #5484 ) ;
#3089 = VECTOR ( 'NONE', #4938, 1000.000000000000000 ) ;
#3090 = EDGE_CURVE ( 'NONE', #2151, #7412, #9594, .T. ) ;
#3091 =( LENGTH_UNIT ( ) NAMED_UNIT ( * ) SI_UNIT ( .MILLI., .METRE. ) );
#3092 =( NAMED_UNIT ( * ) PLANE_ANGLE_UNIT ( ) SI_UNIT ( $, .RADIAN. ) );
#3093 = VECTOR ( 'NONE', #4652, 1000.000000000000000 ) ;
#3094 = ADVANCED_FACE ( 'NONE', ( #330 ), #6627, .T. ) ;
#3095 = FACE_OUTER_BOUND ( 'NONE', #2708, .T. ) ;
#3096 = ORIENTED_EDGE ( 'NONE', *, *, #12127, .F. ) ;
#3097 = DIRECTION ( 'NONE',  ( -1.000000000000000000, 0.000000000000000000, 0.000000000000000000 ) ) ;
#3098 = ORIENTED_EDGE ( 'NONE', *, *, #5369, .T. ) ;
#3099 = COLOUR_RGB ( '',0.7921568627450980005, 0.8196078431372548767, 0.9333333333333333481 ) ;
#3100 = FILL_AREA_STYLE ('',( #10159 ) ) ;
#3101 = PRESENTATION_STYLE_ASSIGNMENT (( #199 ) ) ;
#3102 = ORIENTED_EDGE ( 'NONE', *, *, #11026, .T. ) ;
#3103 = FILL_AREA_STYLE_COLOUR ( '', #7127 ) ;
#3104 = EDGE_CURVE ( 'NONE', #11990, #8362, #263, .T. ) ;
#3105 = CARTESIAN_POINT ( 'NONE',  ( -6.099999999999999645, 8.000000000000000000, 0.000000000000000000 ) ) ;
#3106 = DIRECTION ( 'NONE',  ( 1.000000000000000000, 0.000000000000000000, 0.000000000000000000 ) ) ;
#3107 = DIRECTION ( 'NONE',  ( 0.000000000000000000, -0.000000000000000000, 1.000000000000000000 ) ) ;
#3108 = ADVANCED_FACE ( 'NONE', ( #5545 ), #11697, .F. ) ;
#3109 = ORIENTED_EDGE ( 'NONE', *, *, #9318, .T. ) ;
#3110 =( NAMED_UNIT ( * ) PLANE_ANGLE_UNIT ( ) SI_UNIT ( $, .RADIAN. ) );
#3111 = VECTOR ( 'NONE', #4496, 1000.000000000000000 ) ;
#3112 =( NAMED_UNIT ( * ) SI_UNIT ( $, .STERADIAN. ) SOLID_ANGLE_UNIT ( ) );
#3113 = DIRECTION ( 'NONE',  ( 0.000000000000000000, -1.000000000000000000, 0.000000000000000000 ) ) ;
#3114 = ORIENTED_EDGE ( 'NONE', *, *, #12377, .F. ) ;
#3115 =( NAMED_UNIT ( * ) SI_UNIT ( $, .STERADIAN. ) SOLID_ANGLE_UNIT ( ) );
#3116 = SURFACE_SIDE_STYLE ('',( #12329 ) ) ;
#3117 = DIRECTION ( 'NONE',  ( 1.000000000000000000, 0.000000000000000000, 0.000000000000000000 ) ) ;
#3118 = DIRECTION ( 'NONE',  ( 1.000000000000000000, 0.000000000000000000, 0.000000000000000000 ) ) ;
#3119 = ORIENTED_EDGE ( 'NONE', *, *, #6041, .F. ) ;
#3120 = CARTESIAN_POINT ( 'NONE',  ( -6.099999999999999645, -5.050000000000000711, 0.8199999999999999512 ) ) ;
#3121 = DIRECTION ( 'NONE',  ( -1.000000000000000000, 0.000000000000000000, 0.000000000000000000 ) ) ;
#3122 = EDGE_CURVE ( 'NONE', #438, #12664, #9994, .T. ) ;
#3123 = FILL_AREA_STYLE_COLOUR ( '', #7714 ) ;
#3124 = SURFACE_STYLE_USAGE ( .BOTH. , #3262 ) ;
#3125 = ORIENTED_EDGE ( 'NONE', *, *, #4549, .F. ) ;
#3126 = DIRECTION ( 'NONE',  ( -1.000000000000000000, 0.000000000000000000, 0.000000000000000000 ) ) ;
#3127 = CARTESIAN_POINT ( 'NONE',  ( 6.099999999999999645, 3.049999999999999822, 0.8199999999999999512 ) ) ;
#3128 = DIRECTION ( 'NONE',  ( 1.000000000000000000, 0.000000000000000000, 0.000000000000000000 ) ) ;
#3129 = ORIENTED_EDGE ( 'NONE', *, *, #1942, .T. ) ;
#3130 = CARTESIAN_POINT ( 'NONE',  ( 5.299999999999998934, -1.050000000000000266, 0.8199999999999999512 ) ) ;
#3131 = DIRECTION ( 'NONE',  ( 0.000000000000000000, -0.000000000000000000, -1.000000000000000000 ) ) ;
#3132 = EDGE_CURVE ( 'NONE', #12566, #8224, #732, .T. ) ;
#3133 = EDGE_LOOP ( 'NONE', ( #4699, #4903, #12453, #1341 ) ) ;
#3134 =( NAMED_UNIT ( * ) SI_UNIT ( $, .STERADIAN. ) SOLID_ANGLE_UNIT ( ) );
#3135 = SURFACE_STYLE_USAGE ( .BOTH. , #4135 ) ;
#3136 = VERTEX_POINT ( 'NONE', #1655 ) ;
#3137 = EDGE_CURVE ( 'NONE', #6299, #12842, #660, .T. ) ;
#3138 = CARTESIAN_POINT ( 'NONE',  ( -5.299999999999998934, -1.050000000000000266, 0.000000000000000000 ) ) ;
#3139 = VECTOR ( 'NONE', #7251, 1000.000000000000000 ) ;
#3140 = AXIS2_PLACEMENT_3D ( 'NONE', #10524, #306, #8485 ) ;
#3141 = DIRECTION ( 'NONE',  ( -0.000000000000000000, 0.000000000000000000, -1.000000000000000000 ) ) ;
#3142 = FILL_AREA_STYLE ('',( #5269 ) ) ;
#3143 = CARTESIAN_POINT ( 'NONE',  ( -6.099999999999999645, 7.450000000000000178, 0.8199999999999999512 ) ) ;
#3144 = CARTESIAN_POINT ( 'NONE',  ( -5.299999999999998934, -4.150000000000000355, 0.8199999999999999512 ) ) ;
#3145 = PLANE ( 'NONE',  #9859 ) ;
#3146 = VERTEX_POINT ( 'NONE', #8903 ) ;
#3147 = FILL_AREA_STYLE_COLOUR ( '', #10568 ) ;
#3148 = CARTESIAN_POINT ( 'NONE',  ( 6.099999999999999645, 6.550000000000000711, 0.8199999999999999512 ) ) ;
#3149 = ADVANCED_FACE ( 'NONE', ( #9864 ), #9797, .T. ) ;
#3150 =( GEOMETRIC_REPRESENTATION_CONTEXT ( 3 ) GLOBAL_UNCERTAINTY_ASSIGNED_CONTEXT ( ( #8422 ) ) GLOBAL_UNIT_ASSIGNED_CONTEXT ( ( #3861, #9032, #2873 ) ) REPRESENTATION_CONTEXT ( 'NONE', 'WORKASPACE' ) );
#3151 = CARTESIAN_POINT ( 'NONE',  ( 6.099999999999999645, -4.350000000000000533, 0.000000000000000000 ) ) ;
#3152 = ORIENTED_EDGE ( 'NONE', *, *, #3882, .F. ) ;
#3153 = VECTOR ( 'NONE', #5187, 1000.000000000000000 ) ;
#3154 = DIRECTION ( 'NONE',  ( -1.000000000000000000, -0.000000000000000000, -0.000000000000000000 ) ) ;
#3155 = SURFACE_STYLE_FILL_AREA ( #2419 ) ;
#3156 = VECTOR ( 'NONE', #4160, 1000.000000000000000 ) ;
#3157 = FILL_AREA_STYLE ('',( #12370 ) ) ;
#3158 = CARTESIAN_POINT ( 'NONE',  ( 5.299999999999998934, 3.049999999999999822, 0.8199999999999999512 ) ) ;
#3159 = CARTESIAN_POINT ( 'NONE',  ( 5.849999999999999645, 4.800000000000000711, 0.8199999999999999512 ) ) ;
#3160 = ORIENTED_EDGE ( 'NONE', *, *, #10223, .F. ) ;
#3161 =( LENGTH_UNIT ( ) NAMED_UNIT ( * ) SI_UNIT ( .MILLI., .METRE. ) );
#3162 = CYLINDRICAL_SURFACE ( 'NONE', #8732, 0.2500000000000002220 ) ;
#3163 = CLOSED_SHELL ( 'NONE', ( #10731, #327, #549, #7213, #10238, #6194, #9737, #3008 ) ) ;
#3164 = VERTEX_POINT ( 'NONE', #7773 ) ;
#3165 = SURFACE_STYLE_USAGE ( .BOTH. , #7312 ) ;
#3166 = CYLINDRICAL_SURFACE ( 'NONE', #2947, 0.2500000000000002220 ) ;
#3167 = EDGE_CURVE ( 'NONE', #6169, #11365, #1860, .T. ) ;
#3168 = COLOUR_RGB ( '',0.9411764705882352811, 0.6274509803921568540, 0.05490196078431372473 ) ;
#3170 = MECHANICAL_DESIGN_GEOMETRIC_PRESENTATION_REPRESENTATION (  '', ( #3798 ), #10025 ) ;
#3169 = DIRECTION ( 'NONE',  ( 0.000000000000000000, -1.000000000000000000, 0.000000000000000000 ) ) ;
#3171 = ORIENTED_EDGE ( 'NONE', *, *, #5645, .T. ) ;
#3172 = FACE_OUTER_BOUND ( 'NONE', #9288, .T. ) ;
#3173 = PRESENTATION_LAYER_ASSIGNMENT (  '', '', ( #3593 ) ) ;
#3174 = ADVANCED_FACE ( 'NONE', ( #2884 ), #6955, .F. ) ;
#3175 = SURFACE_SIDE_STYLE ('',( #8265 ) ) ;
#3176 = ORIENTED_EDGE ( 'NONE', *, *, #11845, .T. ) ;
#3177 = EDGE_CURVE ( 'NONE', #9016, #11158, #4074, .T. ) ;
#3178 = LINE ( 'NONE', #1533, #2415 ) ;
#3179 = LINE ( 'NONE', #9085, #11331 ) ;
#3180 = FILL_AREA_STYLE_COLOUR ( '', #15 ) ;
#3181 = EDGE_LOOP ( 'NONE', ( #8111, #10496, #9405, #10111 ) ) ;
#3182 = LINE ( 'NONE', #2094, #5197 ) ;
#3183 = LINE ( 'NONE', #7402, #10452 ) ;
#3184 = LINE ( 'NONE', #1159, #7917 ) ;
#3185 = PRESENTATION_LAYER_ASSIGNMENT (  '', '', ( #2330 ) ) ;
#3186 = COLOUR_RGB ( '',0.9411764705882352811, 0.6274509803921568540, 0.05490196078431372473 ) ;
#3187 = SURFACE_STYLE_FILL_AREA ( #12473 ) ;
#3188 = ADVANCED_FACE ( 'NONE', ( #9317 ), #6134, .T. ) ;
#3189 = UNCERTAINTY_MEASURE_WITH_UNIT (LENGTH_MEASURE( 1.000000000000000082E-05 ), #11254, 'distance_accuracy_value', 'NONE');
#3190 = ORIENTED_EDGE ( 'NONE', *, *, #860, .T. ) ;
#3191 = CARTESIAN_POINT ( 'NONE',  ( 5.299999999999998934, -6.550000000000000711, 0.8199999999999999512 ) ) ;
#3192 =( LENGTH_UNIT ( ) NAMED_UNIT ( * ) SI_UNIT ( .MILLI., .METRE. ) );
#3193 = LINE ( 'NONE', #4176, #2366 ) ;
#3194 =( GEOMETRIC_REPRESENTATION_CONTEXT ( 3 ) GLOBAL_UNCERTAINTY_ASSIGNED_CONTEXT ( ( #1147 ) ) GLOBAL_UNIT_ASSIGNED_CONTEXT ( ( #3741, #7968, #11825 ) ) REPRESENTATION_CONTEXT ( 'NONE', 'WORKASPACE' ) );
#3195 = AXIS2_PLACEMENT_3D ( 'NONE', #11101, #5959, #10081 ) ;
#3196 = ORIENTED_EDGE ( 'NONE', *, *, #4804, .F. ) ;
#3197 = CARTESIAN_POINT ( 'NONE',  ( -4.292893218813451206, 6.292893218813452094, 2.399999999999999911 ) ) ;
#3198 = DIRECTION ( 'NONE',  ( 0.000000000000000000, 0.000000000000000000, 1.000000000000000000 ) ) ;
#3199 = LINE ( 'NONE', #6534, #3763 ) ;
#3200 = EDGE_LOOP ( 'NONE', ( #6262, #3491, #883, #9604 ) ) ;
#3201 = STYLED_ITEM ( 'NONE', ( #9279 ), #11151 ) ;
#3202 = DIRECTION ( 'NONE',  ( 0.000000000000000000, -0.000000000000000000, 1.000000000000000000 ) ) ;
#3203 =( LENGTH_UNIT ( ) NAMED_UNIT ( * ) SI_UNIT ( .MILLI., .METRE. ) );
#3204 = ORIENTED_EDGE ( 'NONE', *, *, #8749, .F. ) ;
#3205 = CARTESIAN_POINT ( 'NONE',  ( -6.099999999999999645, 3.049999999999999822, 0.8199999999999999512 ) ) ;
#3206 = AXIS2_PLACEMENT_3D ( 'NONE', #12565, #4262, #7367 ) ;
#3207 = VECTOR ( 'NONE', #1762, 1000.000000000000000 ) ;
#3208 =( GEOMETRIC_REPRESENTATION_CONTEXT ( 3 ) GLOBAL_UNCERTAINTY_ASSIGNED_CONTEXT ( ( #8281 ) ) GLOBAL_UNIT_ASSIGNED_CONTEXT ( ( #12955, #3601, #3662 ) ) REPRESENTATION_CONTEXT ( 'NONE', 'WORKASPACE' ) );
#3209 = EDGE_CURVE ( 'NONE', #6, #12889, #8042, .T. ) ;
#3210 = UNCERTAINTY_MEASURE_WITH_UNIT (LENGTH_MEASURE( 1.000000000000000082E-05 ), #5051, 'distance_accuracy_value', 'NONE');
#3211 = VECTOR ( 'NONE', #5221, 1000.000000000000000 ) ;
#3212 = DIRECTION ( 'NONE',  ( 0.000000000000000000, 0.000000000000000000, -1.000000000000000000 ) ) ;
#3213 = LINE ( 'NONE', #12563, #1801 ) ;
#3214 = VECTOR ( 'NONE', #10415, 1000.000000000000000 ) ;
#3215 = SURFACE_STYLE_FILL_AREA ( #6272 ) ;
#3216 = SURFACE_SIDE_STYLE ('',( #3344 ) ) ;
#3217 = VERTEX_POINT ( 'NONE', #11352 ) ;
#3218 =( NAMED_UNIT ( * ) PLANE_ANGLE_UNIT ( ) SI_UNIT ( $, .RADIAN. ) );
#3219 = ORIENTED_EDGE ( 'NONE', *, *, #7778, .T. ) ;
#3220 = STYLED_ITEM ( 'NONE', ( #13272 ), #1837 ) ;
#3221 = AXIS2_PLACEMENT_3D ( 'NONE', #7756, #520, #11810 ) ;
#3222 = DIRECTION ( 'NONE',  ( -0.000000000000000000, 1.000000000000000000, -0.000000000000000000 ) ) ;
#3223 = CARTESIAN_POINT ( 'NONE',  ( -5.299999999999998934, 3.049999999999999822, 0.8199999999999999512 ) ) ;
#3225 = MECHANICAL_DESIGN_GEOMETRIC_PRESENTATION_REPRESENTATION (  '', ( #8356 ), #12874 ) ;
#3224 = CARTESIAN_POINT ( 'NONE',  ( -6.099999999999999645, -0.6500000000000003553, 0.8199999999999999512 ) ) ;
#3226 = EDGE_CURVE ( 'NONE', #5418, #2906, #10209, .T. ) ;
#3227 = UNCERTAINTY_MEASURE_WITH_UNIT (LENGTH_MEASURE( 1.000000000000000082E-05 ), #3949, 'distance_accuracy_value', 'NONE');
#3228 = VECTOR ( 'NONE', #12047, 1000.000000000000000 ) ;
#3229 =( LENGTH_UNIT ( ) NAMED_UNIT ( * ) SI_UNIT ( .MILLI., .METRE. ) );
#3230 =( NAMED_UNIT ( * ) PLANE_ANGLE_UNIT ( ) SI_UNIT ( $, .RADIAN. ) );
#3231 =( LENGTH_UNIT ( ) NAMED_UNIT ( * ) SI_UNIT ( .MILLI., .METRE. ) );
#3232 = DIRECTION ( 'NONE',  ( 0.000000000000000000, 0.000000000000000000, -1.000000000000000000 ) ) ;
#3233 = ORIENTED_EDGE ( 'NONE', *, *, #4562, .T. ) ;
#3234 =( LENGTH_UNIT ( ) NAMED_UNIT ( * ) SI_UNIT ( .MILLI., .METRE. ) );
#3235 = ORIENTED_EDGE ( 'NONE', *, *, #10827, .F. ) ;
#3236 = CARTESIAN_POINT ( 'NONE',  ( -6.099999999999999645, 8.000000000000000000, 0.8199999999999999512 ) ) ;
#3237 = DIRECTION ( 'NONE',  ( 0.000000000000000000, -1.000000000000000000, 0.000000000000000000 ) ) ;
#3238 = PRESENTATION_STYLE_ASSIGNMENT (( #12450 ) ) ;
#3239 = ORIENTED_EDGE ( 'NONE', *, *, #7356, .T. ) ;
#3240 = DIRECTION ( 'NONE',  ( 0.000000000000000000, 0.000000000000000000, -1.000000000000000000 ) ) ;
#3241 = COLOUR_RGB ( '',0.9411764705882352811, 0.6274509803921568540, 0.05490196078431372473 ) ;
#3242 = PRESENTATION_LAYER_ASSIGNMENT (  '', '', ( #4712 ) ) ;
#3243 = VERTEX_POINT ( 'NONE', #2944 ) ;
#3244 = DIRECTION ( 'NONE',  ( 0.000000000000000000, 0.000000000000000000, -1.000000000000000000 ) ) ;
#3246 = ADVANCED_FACE ( 'NONE', ( #5076 ), #9180, .T. ) ;
#3245 = CARTESIAN_POINT ( 'NONE',  ( 6.099999999999999645, -3.700000000000000178, 0.8199999999999999512 ) ) ;
#3247 = VECTOR ( 'NONE', #9047, 1000.000000000000000 ) ;
#3248 = ADVANCED_FACE ( 'NONE', ( #2464 ), #10668, .F. ) ;
#3249 = SURFACE_STYLE_FILL_AREA ( #5108 ) ;
#3250 = ORIENTED_EDGE ( 'NONE', *, *, #11696, .T. ) ;
#3251 = CARTESIAN_POINT ( 'NONE',  ( -6.099999999999999645, -6.350000000000000533, 0.8199999999999999512 ) ) ;
#3252 =( NAMED_UNIT ( * ) SI_UNIT ( $, .STERADIAN. ) SOLID_ANGLE_UNIT ( ) );
#3253 = PRESENTATION_STYLE_ASSIGNMENT (( #6382 ) ) ;
#3254 = ORIENTED_EDGE ( 'NONE', *, *, #11640, .F. ) ;
#3255 = CARTESIAN_POINT ( 'NONE',  ( 6.099999999999999645, -4.150000000000000355, 0.8199999999999999512 ) ) ;
#3256 = DIRECTION ( 'NONE',  ( 0.000000000000000000, 0.000000000000000000, -1.000000000000000000 ) ) ;
#3257 = LINE ( 'NONE', #11467, #4616 ) ;
#3258 = PLANE ( 'NONE',  #11385 ) ;
#3259 =( GEOMETRIC_REPRESENTATION_CONTEXT ( 3 ) GLOBAL_UNCERTAINTY_ASSIGNED_CONTEXT ( ( #11260 ) ) GLOBAL_UNIT_ASSIGNED_CONTEXT ( ( #7286, #7214, #10269 ) ) REPRESENTATION_CONTEXT ( 'NONE', 'WORKASPACE' ) );
#3260 = LINE ( 'NONE', #11325, #11599 ) ;
#3261 = EDGE_CURVE ( 'NONE', #12995, #6589, #4331, .T. ) ;
#3262 = SURFACE_SIDE_STYLE ('',( #3187 ) ) ;
#3263 = VECTOR ( 'NONE', #11802, 1000.000000000000000 ) ;
#3264 = COLOUR_RGB ( '',0.9411764705882352811, 0.6274509803921568540, 0.05490196078431372473 ) ;
#3265 = MECHANICAL_DESIGN_GEOMETRIC_PRESENTATION_REPRESENTATION (  '', ( #9695 ), #10788 ) ;
#3266 =( LENGTH_UNIT ( ) NAMED_UNIT ( * ) SI_UNIT ( .MILLI., .METRE. ) );
#3267 = VERTEX_POINT ( 'NONE', #9519 ) ;
#3268 = VECTOR ( 'NONE', #298, 1000.000000000000000 ) ;
#3269 = PRESENTATION_STYLE_ASSIGNMENT (( #10394 ) ) ;
#3270 = ORIENTED_EDGE ( 'NONE', *, *, #7015, .F. ) ;
#3271 = SURFACE_SIDE_STYLE ('',( #9507 ) ) ;
#3272 = CARTESIAN_POINT ( 'NONE',  ( -5.299999999999998934, -1.950000000000000178, 0.8199999999999999512 ) ) ;
#3273 = LINE ( 'NONE', #10398, #11090 ) ;
#3274 = VERTEX_POINT ( 'NONE', #5471 ) ;
#3275 = DIRECTION ( 'NONE',  ( -0.000000000000000000, 1.000000000000000000, -0.000000000000000000 ) ) ;
#3276 = EDGE_CURVE ( 'NONE', #10431, #1349, #8438, .T. ) ;
#3277 = ORIENTED_EDGE ( 'NONE', *, *, #3132, .T. ) ;
#3278 = AXIS2_PLACEMENT_3D ( 'NONE', #12391, #3320, #7398 ) ;
#3279 = SURFACE_SIDE_STYLE ('',( #11540 ) ) ;
#3280 = STYLED_ITEM ( 'NONE', ( #1592 ), #1426 ) ;
#3281 = MECHANICAL_DESIGN_GEOMETRIC_PRESENTATION_REPRESENTATION (  '', ( #8611 ), #690 ) ;
#3282 =( GEOMETRIC_REPRESENTATION_CONTEXT ( 3 ) GLOBAL_UNCERTAINTY_ASSIGNED_CONTEXT ( ( #12720 ) ) GLOBAL_UNIT_ASSIGNED_CONTEXT ( ( #9017, #3980, #6111 ) ) REPRESENTATION_CONTEXT ( 'NONE', 'WORKASPACE' ) );
#3283 = LINE ( 'NONE', #11289, #7729 ) ;
#3284 = DIRECTION ( 'NONE',  ( -1.000000000000000000, 0.000000000000000000, -0.000000000000000000 ) ) ;
#3285 =( NAMED_UNIT ( * ) PLANE_ANGLE_UNIT ( ) SI_UNIT ( $, .RADIAN. ) );
#3286 = PLANE ( 'NONE',  #2591 ) ;
#3287 = ORIENTED_EDGE ( 'NONE', *, *, #9951, .T. ) ;
#3288 = LINE ( 'NONE', #6276, #8606 ) ;
#3289 = CARTESIAN_POINT ( 'NONE',  ( 5.299999999999998934, -2.150000000000000355, 0.8199999999999999512 ) ) ;
#3290 =( NAMED_UNIT ( * ) SI_UNIT ( $, .STERADIAN. ) SOLID_ANGLE_UNIT ( ) );
#3291 = VERTEX_POINT ( 'NONE', #12564 ) ;
#3292 = CARTESIAN_POINT ( 'NONE',  ( -5.299999999999998934, -1.050000000000000266, 0.8199999999999999512 ) ) ;
#3293 = EDGE_CURVE ( 'NONE', #3790, #7629, #7423, .T. ) ;
#3294 = VECTOR ( 'NONE', #11850, 1000.000000000000000 ) ;
#3295 = SURFACE_STYLE_USAGE ( .BOTH. , #2141 ) ;
#3296 = VERTEX_POINT ( 'NONE', #12756 ) ;
#3297 = DIRECTION ( 'NONE',  ( 0.000000000000000000, 0.000000000000000000, -1.000000000000000000 ) ) ;
#3298 = DIRECTION ( 'NONE',  ( 0.000000000000000000, 0.000000000000000000, -1.000000000000000000 ) ) ;
#3299 = ORIENTED_EDGE ( 'NONE', *, *, #892, .T. ) ;
#3300 = CARTESIAN_POINT ( 'NONE',  ( 6.099999999999999645, -5.900000000000000355, 0.8199999999999999512 ) ) ;
#3301 =( LENGTH_UNIT ( ) NAMED_UNIT ( * ) SI_UNIT ( .MILLI., .METRE. ) );
#3302 = COLOUR_RGB ( '',0.7921568627450980005, 0.8196078431372548767, 0.9333333333333333481 ) ;
#3303 = EDGE_LOOP ( 'NONE', ( #738, #2319, #7355, #8086, #1694, #902, #10883 ) ) ;
#3304 = SURFACE_STYLE_FILL_AREA ( #9465 ) ;
#3305 =( LENGTH_UNIT ( ) NAMED_UNIT ( * ) SI_UNIT ( .MILLI., .METRE. ) );
#3306 = ORIENTED_EDGE ( 'NONE', *, *, #11292, .T. ) ;
#3307 = SURFACE_SIDE_STYLE ('',( #8393 ) ) ;
#3308 = PLANE ( 'NONE',  #3926 ) ;
#3309 = DIRECTION ( 'NONE',  ( -1.000000000000000000, 0.000000000000000000, 0.000000000000000000 ) ) ;
#3310 = VERTEX_POINT ( 'NONE', #3537 ) ;
#3311 = STYLED_ITEM ( 'NONE', ( #1519 ), #9581 ) ;
#3312 = EDGE_CURVE ( 'NONE', #4164, #6456, #1447, .T. ) ;
#3313 = DIRECTION ( 'NONE',  ( 0.000000000000000000, -0.000000000000000000, -1.000000000000000000 ) ) ;
#3314 = ORIENTED_EDGE ( 'NONE', *, *, #11546, .T. ) ;
#3315 = MECHANICAL_DESIGN_GEOMETRIC_PRESENTATION_REPRESENTATION (  '', ( #4782 ), #4364 ) ;
#3316 = PRESENTATION_STYLE_ASSIGNMENT (( #10573 ) ) ;
#3317 = AXIS2_PLACEMENT_3D ( 'NONE', #9494, #5452, #4433 ) ;
#3318 = DIRECTION ( 'NONE',  ( -0.000000000000000000, 0.000000000000000000, 1.000000000000000000 ) ) ;
#3319 = ORIENTED_EDGE ( 'NONE', *, *, #12774, .T. ) ;
#3320 = DIRECTION ( 'NONE',  ( -0.000000000000000000, -0.000000000000000000, 1.000000000000000000 ) ) ;
#3321 = SURFACE_SIDE_STYLE ('',( #10242 ) ) ;
#3322 = COLOUR_RGB ( '',0.000000000000000000, 1.000000000000000000, 0.000000000000000000 ) ;
#3323 = ORIENTED_EDGE ( 'NONE', *, *, #2850, .F. ) ;
#3324 = PRESENTATION_STYLE_ASSIGNMENT (( #4494 ) ) ;
#3325 = CARTESIAN_POINT ( 'NONE',  ( 6.099999999999999645, 7.000000000000000000, 0.000000000000000000 ) ) ;
#3326 = DIRECTION ( 'NONE',  ( 0.000000000000000000, 0.000000000000000000, -1.000000000000000000 ) ) ;
#3327 =( NAMED_UNIT ( * ) SI_UNIT ( $, .STERADIAN. ) SOLID_ANGLE_UNIT ( ) );
#3328 = UNCERTAINTY_MEASURE_WITH_UNIT (LENGTH_MEASURE( 1.000000000000000082E-05 ), #3772, 'distance_accuracy_value', 'NONE');
#3329 = SURFACE_STYLE_USAGE ( .BOTH. , #4173 ) ;
#3330 = ORIENTED_EDGE ( 'NONE', *, *, #3137, .F. ) ;
#3331 = SURFACE_STYLE_USAGE ( .BOTH. , #8352 ) ;
#3332 = SURFACE_SIDE_STYLE ('',( #11335 ) ) ;
#3333 = FILL_AREA_STYLE ('',( #10324 ) ) ;
#3334 = ORIENTED_EDGE ( 'NONE', *, *, #11203, .T. ) ;
#3335 = LINE ( 'NONE', #10457, #476 ) ;
#3336 = ORIENTED_EDGE ( 'NONE', *, *, #1779, .T. ) ;
#3337 = DIRECTION ( 'NONE',  ( -0.000000000000000000, -0.000000000000000000, -1.000000000000000000 ) ) ;
#3338 = ORIENTED_EDGE ( 'NONE', *, *, #5563, .F. ) ;
#3339 = LINE ( 'NONE', #4326, #6213 ) ;
#3340 = SURFACE_STYLE_USAGE ( .BOTH. , #245 ) ;
#3341 = CARTESIAN_POINT ( 'NONE',  ( 6.099999999999999645, 8.000000000000000000, 0.8199999999999999512 ) ) ;
#3342 = ADVANCED_FACE ( 'NONE', ( #1322 ), #6607, .F. ) ;
#3343 = ADVANCED_FACE ( 'NONE', ( #2724 ), #6679, .F. ) ;
#3344 = SURFACE_STYLE_FILL_AREA ( #8439 ) ;
#3345 = ORIENTED_EDGE ( 'NONE', *, *, #5888, .F. ) ;
#3346 = ORIENTED_EDGE ( 'NONE', *, *, #10975, .T. ) ;
#3347 = FILL_AREA_STYLE_COLOUR ( '', #3264 ) ;
#3348 = PLANE ( 'NONE',  #10037 ) ;
#3349 = ORIENTED_EDGE ( 'NONE', *, *, #6786, .F. ) ;
#3350 = FILL_AREA_STYLE_COLOUR ( '', #4890 ) ;
#3351 = UNCERTAINTY_MEASURE_WITH_UNIT (LENGTH_MEASURE( 1.000000000000000082E-05 ), #5968, 'distance_accuracy_value', 'NONE');
#3352 = VERTEX_POINT ( 'NONE', #5667 ) ;
#3353 =( NAMED_UNIT ( * ) PLANE_ANGLE_UNIT ( ) SI_UNIT ( $, .RADIAN. ) );
#3354 = EDGE_CURVE ( 'NONE', #3085, #3025, #4584, .T. ) ;
#3355 = SURFACE_STYLE_FILL_AREA ( #8701 ) ;
#3356 = DIRECTION ( 'NONE',  ( 0.000000000000000000, 1.000000000000000000, 0.000000000000000000 ) ) ;
#3357 = LINE ( 'NONE', #12769, #618 ) ;
#3358 = COLOUR_RGB ( '',0.9411764705882352811, 0.6274509803921568540, 0.05490196078431372473 ) ;
#3359 = EDGE_LOOP ( 'NONE', ( #12811, #4174, #7440, #1922 ) ) ;
#3360 = ORIENTED_EDGE ( 'NONE', *, *, #2516, .T. ) ;
#3361 = PLANE ( 'NONE',  #4343 ) ;
#3362 = FILL_AREA_STYLE_COLOUR ( '', #3829 ) ;
#3363 = ORIENTED_EDGE ( 'NONE', *, *, #8812, .F. ) ;
#3364 = DIRECTION ( 'NONE',  ( 0.000000000000000000, -0.000000000000000000, 1.000000000000000000 ) ) ;
#3365 = VERTEX_POINT ( 'NONE', #10810 ) ;
#3366 = COLOUR_RGB ( '',0.9411764705882352811, 0.6274509803921568540, 0.05490196078431372473 ) ;
#3367 = COLOUR_RGB ( '',0.9411764705882352811, 0.6274509803921568540, 0.05490196078431372473 ) ;
#3368 = EDGE_CURVE ( 'NONE', #4851, #5123, #1746, .T. ) ;
#3369 = CARTESIAN_POINT ( 'NONE',  ( 6.099999999999999645, -1.950000000000000178, 0.8199999999999999512 ) ) ;
#3370 = VECTOR ( 'NONE', #6285, 1000.000000000000000 ) ;
#3371 = VERTEX_POINT ( 'NONE', #8688 ) ;
#3372 = PRESENTATION_STYLE_ASSIGNMENT (( #9615 ) ) ;
#3373 =( LENGTH_UNIT ( ) NAMED_UNIT ( * ) SI_UNIT ( .MILLI., .METRE. ) );
#3374 = VECTOR ( 'NONE', #8018, 1000.000000000000000 ) ;
#3375 = ORIENTED_EDGE ( 'NONE', *, *, #11845, .F. ) ;
#3376 = STYLED_ITEM ( 'NONE', ( #4100 ), #7883 ) ;
#3377 = LINE ( 'NONE', #7463, #5837 ) ;
#3378 = DIRECTION ( 'NONE',  ( 0.000000000000000000, 0.000000000000000000, -1.000000000000000000 ) ) ;
#3379 = DIRECTION ( 'NONE',  ( 0.000000000000000000, -1.000000000000000000, 0.000000000000000000 ) ) ;
#3380 = DIRECTION ( 'NONE',  ( -0.000000000000000000, 1.000000000000000000, -0.000000000000000000 ) ) ;
#3381 = SURFACE_STYLE_USAGE ( .BOTH. , #224 ) ;
#3382 = PRESENTATION_LAYER_ASSIGNMENT (  '', '', ( #11119 ) ) ;
#3383 = CARTESIAN_POINT ( 'NONE',  ( -4.500000000000000888, 6.500000000000000000, 1.900000000000000355 ) ) ;
#3384 = ADVANCED_FACE ( 'NONE', ( #13011 ), #9921, .F. ) ;
#3385 = CARTESIAN_POINT ( 'NONE',  ( -6.099999999999996980, -6.550000000000000711, 0.000000000000000000 ) ) ;
#3386 = ORIENTED_EDGE ( 'NONE', *, *, #4183, .F. ) ;
#3387 = LINE ( 'NONE', #159, #6883 ) ;
#3388 = ORIENTED_EDGE ( 'NONE', *, *, #3020, .F. ) ;
#3389 = DIRECTION ( 'NONE',  ( -0.000000000000000000, -0.000000000000000000, -1.000000000000000000 ) ) ;
#3390 = VERTEX_POINT ( 'NONE', #714 ) ;
#3391 = COLOUR_RGB ( '',0.000000000000000000, 1.000000000000000000, 0.000000000000000000 ) ;
#3393 = MECHANICAL_DESIGN_GEOMETRIC_PRESENTATION_REPRESENTATION (  '', ( #11133 ), #2967 ) ;
#3392 =( LENGTH_UNIT ( ) NAMED_UNIT ( * ) SI_UNIT ( .MILLI., .METRE. ) );
#3394 = VECTOR ( 'NONE', #8593, 1000.000000000000000 ) ;
#3395 = LINE ( 'NONE', #8619, #8354 ) ;
#3396 = ORIENTED_EDGE ( 'NONE', *, *, #9585, .T. ) ;
#3397 = FILL_AREA_STYLE ('',( #7417 ) ) ;
#3398 = DIRECTION ( 'NONE',  ( -1.000000000000000000, 0.000000000000000000, 0.000000000000000000 ) ) ;
#3399 = FILL_AREA_STYLE_COLOUR ( '', #11841 ) ;
#3400 = SURFACE_SIDE_STYLE ('',( #2128 ) ) ;
#3401 = ADVANCED_FACE ( 'NONE', ( #4642 ), #12875, .T. ) ;
#3402 = SURFACE_SIDE_STYLE ('',( #4451 ) ) ;
#3403 = EDGE_CURVE ( 'NONE', #9346, #3088, #2989, .T. ) ;
#3404 = CARTESIAN_POINT ( 'NONE',  ( 5.299999999999998934, -7.450000000000000178, 0.8199999999999999512 ) ) ;
#3405 = DIRECTION ( 'NONE',  ( 0.000000000000000000, 0.000000000000000000, -1.000000000000000000 ) ) ;
#3406 = VERTEX_POINT ( 'NONE', #11334 ) ;
#3407 = FACE_OUTER_BOUND ( 'NONE', #11416, .T. ) ;
#3408 = CARTESIAN_POINT ( 'NONE',  ( 6.099999999999999645, 5.050000000000000711, 0.8199999999999999512 ) ) ;
#3409 = VERTEX_POINT ( 'NONE', #845 ) ;
#3410 = CYLINDRICAL_SURFACE ( 'NONE', #4058, 0.2500000000000002220 ) ;
#3411 = FILL_AREA_STYLE_COLOUR ( '', #920 ) ;
#3412 = DIRECTION ( 'NONE',  ( 1.000000000000000000, 0.000000000000000000, 0.000000000000000000 ) ) ;
#3413 = EDGE_CURVE ( 'NONE', #2, #1802, #6001, .T. ) ;
#3414 = PRESENTATION_LAYER_ASSIGNMENT (  '', '', ( #1256 ) ) ;
#3415 =( GEOMETRIC_REPRESENTATION_CONTEXT ( 3 ) GLOBAL_UNCERTAINTY_ASSIGNED_CONTEXT ( ( #1069 ) ) GLOBAL_UNIT_ASSIGNED_CONTEXT ( ( #7155, #3218, #7293 ) ) REPRESENTATION_CONTEXT ( 'NONE', 'WORKASPACE' ) );
#3416 = ORIENTED_EDGE ( 'NONE', *, *, #8309, .F. ) ;
#3417 = SURFACE_STYLE_USAGE ( .BOTH. , #11363 ) ;
#3418 = DIRECTION ( 'NONE',  ( 1.000000000000000000, 0.000000000000000000, 0.000000000000000000 ) ) ;
#3419 = PLANE ( 'NONE',  #5186 ) ;
#3420 = DIRECTION ( 'NONE',  ( 0.000000000000000000, -1.000000000000000000, 0.000000000000000000 ) ) ;
#3421 =( GEOMETRIC_REPRESENTATION_CONTEXT ( 3 ) GLOBAL_UNCERTAINTY_ASSIGNED_CONTEXT ( ( #11120 ) ) GLOBAL_UNIT_ASSIGNED_CONTEXT ( ( #9504, #11474, #11276 ) ) REPRESENTATION_CONTEXT ( 'NONE', 'WORKASPACE' ) );
#3422 = VERTEX_POINT ( 'NONE', #7004 ) ;
#3423 = PRESENTATION_STYLE_ASSIGNMENT (( #12648 ) ) ;
#3424 = CARTESIAN_POINT ( 'NONE',  ( -6.099999999999999645, -1.050000000000000266, 0.000000000000000000 ) ) ;
#3425 = VERTEX_POINT ( 'NONE', #1990 ) ;
#3426 = VECTOR ( 'NONE', #6327, 1000.000000000000000 ) ;
#3427 = COLOUR_RGB ( '',0.9411764705882352811, 0.6274509803921568540, 0.05490196078431372473 ) ;
#3428 = DIRECTION ( 'NONE',  ( -0.000000000000000000, 0.000000000000000000, -1.000000000000000000 ) ) ;
#3429 =( NAMED_UNIT ( * ) SI_UNIT ( $, .STERADIAN. ) SOLID_ANGLE_UNIT ( ) );
#3430 = SURFACE_SIDE_STYLE ('',( #11637 ) ) ;
#3431 = CARTESIAN_POINT ( 'NONE',  ( -5.299999999999998934, -1.950000000000000178, 0.000000000000000000 ) ) ;
#3432 = EDGE_LOOP ( 'NONE', ( #12403, #6832, #3650, #6148 ) ) ;
#3433 = EDGE_CURVE ( 'NONE', #3406, #9438, #1845, .T. ) ;
#3434 = PRESENTATION_LAYER_ASSIGNMENT (  '', '', ( #2572 ) ) ;
#3435 = ADVANCED_FACE ( 'NONE', ( #974 ), #2107, .F. ) ;
#3436 =( GEOMETRIC_REPRESENTATION_CONTEXT ( 3 ) GLOBAL_UNCERTAINTY_ASSIGNED_CONTEXT ( ( #8575 ) ) GLOBAL_UNIT_ASSIGNED_CONTEXT ( ( #6536, #3464, #5587 ) ) REPRESENTATION_CONTEXT ( 'NONE', 'WORKASPACE' ) );
#3437 =( GEOMETRIC_REPRESENTATION_CONTEXT ( 3 ) GLOBAL_UNCERTAINTY_ASSIGNED_CONTEXT ( ( #3351 ) ) GLOBAL_UNIT_ASSIGNED_CONTEXT ( ( #5968, #13051, #12172 ) ) REPRESENTATION_CONTEXT ( 'NONE', 'WORKASPACE' ) );
#3438 = UNCERTAINTY_MEASURE_WITH_UNIT (LENGTH_MEASURE( 1.000000000000000082E-05 ), #1514, 'distance_accuracy_value', 'NONE');
#3439 = PRESENTATION_STYLE_ASSIGNMENT (( #12721 ) ) ;
#3440 = PRESENTATION_STYLE_ASSIGNMENT (( #12722 ) ) ;
#3441 = VERTEX_POINT ( 'NONE', #13271 ) ;
#3442 =( NAMED_UNIT ( * ) SI_UNIT ( $, .STERADIAN. ) SOLID_ANGLE_UNIT ( ) );
#3443 = ORIENTED_EDGE ( 'NONE', *, *, #10008, .T. ) ;
#3444 = AXIS2_PLACEMENT_3D ( 'NONE', #6796, #4828, #8940 ) ;
#3445 = AXIS2_PLACEMENT_3D ( 'NONE', #148, #2820, #8908 ) ;
#3446 = SURFACE_STYLE_USAGE ( .BOTH. , #6310 ) ;
#3447 = CARTESIAN_POINT ( 'NONE',  ( 6.099999999999999645, -1.500000000000000222, 0.000000000000000000 ) ) ;
#3448 = DIRECTION ( 'NONE',  ( 0.000000000000000000, -1.000000000000000000, 0.000000000000000000 ) ) ;
#3449 = DIRECTION ( 'NONE',  ( 0.000000000000000000, 0.000000000000000000, -1.000000000000000000 ) ) ;
#3450 =( NAMED_UNIT ( * ) PLANE_ANGLE_UNIT ( ) SI_UNIT ( $, .RADIAN. ) );
#3451 = EDGE_CURVE ( 'NONE', #4895, #9093, #4055, .T. ) ;
#3452 = DIRECTION ( 'NONE',  ( -1.000000000000000000, 0.000000000000000000, 0.000000000000000000 ) ) ;
#3453 = PRESENTATION_LAYER_ASSIGNMENT (  '', '', ( #1088 ) ) ;
#3454 = UNCERTAINTY_MEASURE_WITH_UNIT (LENGTH_MEASURE( 1.000000000000000082E-05 ), #7303, 'distance_accuracy_value', 'NONE');
#3455 = MECHANICAL_DESIGN_GEOMETRIC_PRESENTATION_REPRESENTATION (  '', ( #2604 ), #7085 ) ;
#3456 = LINE ( 'NONE', #501, #7973 ) ;
#3457 = ORIENTED_EDGE ( 'NONE', *, *, #7490, .F. ) ;
#3458 = LINE ( 'NONE', #6530, #4907 ) ;
#3459 =( GEOMETRIC_REPRESENTATION_CONTEXT ( 3 ) GLOBAL_UNCERTAINTY_ASSIGNED_CONTEXT ( ( #9345 ) ) GLOBAL_UNIT_ASSIGNED_CONTEXT ( ( #12219, #11228, #110 ) ) REPRESENTATION_CONTEXT ( 'NONE', 'WORKASPACE' ) );
#3460 = DIRECTION ( 'NONE',  ( 0.000000000000000000, -0.000000000000000000, 1.000000000000000000 ) ) ;
#3461 = CARTESIAN_POINT ( 'NONE',  ( -6.099999999999999645, 7.450000000000000178, 0.8199999999999999512 ) ) ;
#3462 = CARTESIAN_POINT ( 'NONE',  ( -5.299999999999998934, 5.249999999999999112, 0.8199999999999999512 ) ) ;
#3463 = VERTEX_POINT ( 'NONE', #98 ) ;
#3464 =( NAMED_UNIT ( * ) PLANE_ANGLE_UNIT ( ) SI_UNIT ( $, .RADIAN. ) );
#3465 = EDGE_CURVE ( 'NONE', #2361, #12816, #6121, .T. ) ;
#3466 = VERTEX_POINT ( 'NONE', #9027 ) ;
#3467 = MECHANICAL_DESIGN_GEOMETRIC_PRESENTATION_REPRESENTATION (  '', ( #7097 ), #11848 ) ;
#3468 = PRESENTATION_LAYER_ASSIGNMENT (  '', '', ( #6030 ) ) ;
#3469 = STYLED_ITEM ( 'NONE', ( #157 ), #999 ) ;
#3470 = DIRECTION ( 'NONE',  ( -0.000000000000000000, 1.000000000000000000, -0.000000000000000000 ) ) ;
#3471 = CARTESIAN_POINT ( 'NONE',  ( -5.299999999999998934, -1.950000000000000178, 0.8199999999999999512 ) ) ;
#3472 =( NAMED_UNIT ( * ) PLANE_ANGLE_UNIT ( ) SI_UNIT ( $, .RADIAN. ) );
#3473 = CARTESIAN_POINT ( 'NONE',  ( 6.099999999999999645, 4.800000000000000711, 0.000000000000000000 ) ) ;
#3474 = LINE ( 'NONE', #3596, #7264 ) ;
#3475 = FILL_AREA_STYLE_COLOUR ( '', #10720 ) ;
#3476 = COLOUR_RGB ( '',0.9411764705882352811, 0.6274509803921568540, 0.05490196078431372473 ) ;
#3477 = STYLED_ITEM ( 'NONE', ( #10412 ), #4197 ) ;
#3478 = DIRECTION ( 'NONE',  ( 1.000000000000000000, 0.000000000000000000, 0.000000000000000000 ) ) ;
#3479 = SURFACE_STYLE_USAGE ( .BOTH. , #1185 ) ;
#3480 = SURFACE_STYLE_USAGE ( .BOTH. , #12815 ) ;
#3481 = VERTEX_POINT ( 'NONE', #12405 ) ;
#3482 = MECHANICAL_DESIGN_GEOMETRIC_PRESENTATION_REPRESENTATION (  '', ( #261 ), #11438 ) ;
#3483 = FILL_AREA_STYLE_COLOUR ( '', #9082 ) ;
#3484 = MECHANICAL_DESIGN_GEOMETRIC_PRESENTATION_REPRESENTATION (  '', ( #9269 ), #2847 ) ;
#3485 = COLOUR_RGB ( '',0.9411764705882352811, 0.6274509803921568540, 0.05490196078431372473 ) ;
#3486 =( NAMED_UNIT ( * ) SI_UNIT ( $, .STERADIAN. ) SOLID_ANGLE_UNIT ( ) );
#3487 = EDGE_CURVE ( 'NONE', #11586, #12204, #10120, .T. ) ;
#3488 = AXIS2_PLACEMENT_3D ( 'NONE', #5476, #11495, #7292 ) ;
#3489 = VECTOR ( 'NONE', #12132, 1000.000000000000000 ) ;
#3490 = UNCERTAINTY_MEASURE_WITH_UNIT (LENGTH_MEASURE( 1.000000000000000082E-05 ), #11486, 'distance_accuracy_value', 'NONE');
#3491 = ORIENTED_EDGE ( 'NONE', *, *, #10174, .F. ) ;
#3492 = SURFACE_SIDE_STYLE ('',( #9796 ) ) ;
#3493 = MECHANICAL_DESIGN_GEOMETRIC_PRESENTATION_REPRESENTATION (  '', ( #9283 ), #9718 ) ;
#3494 = CARTESIAN_POINT ( 'NONE',  ( -6.099999999999999645, 2.149999999999999911, 0.000000000000000000 ) ) ;
#3495 = CARTESIAN_POINT ( 'NONE',  ( 6.099999999999999645, -3.950000000000000178, 0.8199999999999999512 ) ) ;
#3496 = EDGE_LOOP ( 'NONE', ( #5491, #6229, #12461, #9197 ) ) ;
#3497 = EDGE_CURVE ( 'NONE', #8534, #6392, #11208, .T. ) ;
#3498 = DIRECTION ( 'NONE',  ( 1.000000000000000000, 0.000000000000000000, -0.000000000000000000 ) ) ;
#3499 = ORIENTED_EDGE ( 'NONE', *, *, #10566, .F. ) ;
#3500 = AXIS2_PLACEMENT_3D ( 'NONE', #11395, #4044, #11128 ) ;
#3501 = DIRECTION ( 'NONE',  ( 0.000000000000000000, -1.000000000000000000, 0.000000000000000000 ) ) ;
#3502 = ORIENTED_EDGE ( 'NONE', *, *, #2595, .T. ) ;
#3503 = EDGE_CURVE ( 'NONE', #3880, #7676, #9163, .T. ) ;
#3504 =( NAMED_UNIT ( * ) PLANE_ANGLE_UNIT ( ) SI_UNIT ( $, .RADIAN. ) );
#3505 = VECTOR ( 'NONE', #2222, 1000.000000000000000 ) ;
#3506 = LINE ( 'NONE', #3623, #7650 ) ;
#3507 = CARTESIAN_POINT ( 'NONE',  ( -6.099999999999999645, -6.150000000000001243, 0.8199999999999999512 ) ) ;
#3508 = LINE ( 'NONE', #10577, #1892 ) ;
#3509 = VERTEX_POINT ( 'NONE', #7066 ) ;
#3510 = ADVANCED_FACE ( 'NONE', ( #12344 ), #7268, .F. ) ;
#3511 = EDGE_CURVE ( 'NONE', #9772, #1112, #3991, .T. ) ;
#3512 = VECTOR ( 'NONE', #6140, 1000.000000000000000 ) ;
#3513 = CARTESIAN_POINT ( 'NONE',  ( -5.299999999999998934, -1.050000000000000266, 0.8199999999999999512 ) ) ;
#3514 = ORIENTED_EDGE ( 'NONE', *, *, #9984, .T. ) ;
#3515 = LINE ( 'NONE', #10707, #3699 ) ;
#3516 = CARTESIAN_POINT ( 'NONE',  ( -6.099999999999999645, 3.250000000000000444, 0.000000000000000000 ) ) ;
#3517 = DIRECTION ( 'NONE',  ( 0.000000000000000000, 0.000000000000000000, -1.000000000000000000 ) ) ;
#3518 = DIRECTION ( 'NONE',  ( 0.000000000000000000, 0.000000000000000000, 1.000000000000000000 ) ) ;
#3519 = COLOUR_RGB ( '',0.9411764705882352811, 0.6274509803921568540, 0.05490196078431372473 ) ;
#3520 = VECTOR ( 'NONE', #7422, 1000.000000000000000 ) ;
#3521 = CARTESIAN_POINT ( 'NONE',  ( -6.099999999999999645, 3.250000000000000444, 0.8199999999999999512 ) ) ;
#3522 = ORIENTED_EDGE ( 'NONE', *, *, #12114, .F. ) ;
#3523 = EDGE_CURVE ( 'NONE', #875, #1614, #8087, .T. ) ;
#3524 =( LENGTH_UNIT ( ) NAMED_UNIT ( * ) SI_UNIT ( .MILLI., .METRE. ) );
#3525 = DIRECTION ( 'NONE',  ( -0.000000000000000000, 1.000000000000000000, -0.000000000000000000 ) ) ;
#3526 = FILL_AREA_STYLE_COLOUR ( '', #7510 ) ;
#3527 = CARTESIAN_POINT ( 'NONE',  ( 5.849999999999999645, -1.500000000000000222, 0.8199999999999999512 ) ) ;
#3528 = LINE ( 'NONE', #12742, #5500 ) ;
#3529 = DIRECTION ( 'NONE',  ( 0.000000000000000000, -1.000000000000000000, -0.000000000000000000 ) ) ;
#3530 = ORIENTED_EDGE ( 'NONE', *, *, #295, .F. ) ;
#3531 = ORIENTED_EDGE ( 'NONE', *, *, #12113, .T. ) ;
#3532 = CARTESIAN_POINT ( 'NONE',  ( -5.299999999999998934, 4.150000000000000355, 0.000000000000000000 ) ) ;
#3533 = LINE ( 'NONE', #7751, #4097 ) ;
#3534 = CARTESIAN_POINT ( 'NONE',  ( -6.099999999999999645, 6.750000000000000000, 0.000000000000000000 ) ) ;
#3535 =( LENGTH_UNIT ( ) NAMED_UNIT ( * ) SI_UNIT ( .MILLI., .METRE. ) );
#3536 = EDGE_CURVE ( 'NONE', #10071, #5438, #5194, .T. ) ;
#3537 = CARTESIAN_POINT ( 'NONE',  ( -6.099999999999999645, 3.049999999999999822, 0.8199999999999999512 ) ) ;
#3538 = LINE ( 'NONE', #9783, #11804 ) ;
#3539 = EDGE_LOOP ( 'NONE', ( #5258, #6051, #5287, #843 ) ) ;
#3540 = DIRECTION ( 'NONE',  ( 0.000000000000000000, -0.000000000000000000, 1.000000000000000000 ) ) ;
#3541 = DIRECTION ( 'NONE',  ( -1.000000000000000000, 0.000000000000000000, 0.000000000000000000 ) ) ;
#3542 = ADVANCED_FACE ( 'NONE', ( #12129 ), #10192, .T. ) ;
#3543 = EDGE_LOOP ( 'NONE', ( #6994, #2901, #12766, #938 ) ) ;
#3544 = PLANE ( 'NONE',  #5005 ) ;
#3545 = CARTESIAN_POINT ( 'NONE',  ( 5.299999999999998934, -2.150000000000000355, 0.8199999999999999512 ) ) ;
#3546 = ORIENTED_EDGE ( 'NONE', *, *, #3209, .F. ) ;
#3547 = EDGE_CURVE ( 'NONE', #6754, #438, #428, .T. ) ;
#3548 = SURFACE_STYLE_FILL_AREA ( #8513 ) ;
#3549 = CARTESIAN_POINT ( 'NONE',  ( 6.099999999999999645, -6.150000000000001243, 0.000000000000000000 ) ) ;
#3550 = CARTESIAN_POINT ( 'NONE',  ( -6.099999999999999645, -0.4000000000000001887, 0.8199999999999999512 ) ) ;
#3551 = VERTEX_POINT ( 'NONE', #9429 ) ;
#3552 = CARTESIAN_POINT ( 'NONE',  ( 6.099999999999999645, 6.349999999999999645, 0.8199999999999999512 ) ) ;
#3553 = ORIENTED_EDGE ( 'NONE', *, *, #9080, .F. ) ;
#3554 = DIRECTION ( 'NONE',  ( 1.000000000000000000, -0.000000000000000000, -0.000000000000000000 ) ) ;
#3555 = DIRECTION ( 'NONE',  ( 1.000000000000000000, 0.000000000000000000, 0.000000000000000000 ) ) ;
#3556 = CARTESIAN_POINT ( 'NONE',  ( -6.099999999999999645, -4.150000000000000355, 0.000000000000000000 ) ) ;
#3557 = VERTEX_POINT ( 'NONE', #4313 ) ;
#3558 = FILL_AREA_STYLE_COLOUR ( '', #4581 ) ;
#3559 = COLOUR_RGB ( '',0.9411764705882352811, 0.6274509803921568540, 0.05490196078431372473 ) ;
#3560 = VECTOR ( 'NONE', #2456, 1000.000000000000000 ) ;
#3561 = DIRECTION ( 'NONE',  ( 0.000000000000000000, -0.000000000000000000, 1.000000000000000000 ) ) ;
#3562 = UNCERTAINTY_MEASURE_WITH_UNIT (LENGTH_MEASURE( 1.000000000000000082E-05 ), #7229, 'distance_accuracy_value', 'NONE');
#3563 =( LENGTH_UNIT ( ) NAMED_UNIT ( * ) SI_UNIT ( .MILLI., .METRE. ) );
#3564 = DIRECTION ( 'NONE',  ( 0.000000000000000000, 0.000000000000000000, -1.000000000000000000 ) ) ;
#3565 = ORIENTED_EDGE ( 'NONE', *, *, #6634, .F. ) ;
#3566 = FILL_AREA_STYLE ('',( #11907 ) ) ;
#3567 = CARTESIAN_POINT ( 'NONE',  ( -5.299999999999998934, -6.350000000000000533, 0.8199999999999999512 ) ) ;
#3568 = ADVANCED_FACE ( 'NONE', ( #8479 ), #300, .T. ) ;
#3569 = ORIENTED_EDGE ( 'NONE', *, *, #5751, .F. ) ;
#3570 =( NAMED_UNIT ( * ) SI_UNIT ( $, .STERADIAN. ) SOLID_ANGLE_UNIT ( ) );
#3571 = PRESENTATION_STYLE_ASSIGNMENT (( #553 ) ) ;
#3572 = CARTESIAN_POINT ( 'NONE',  ( -5.299999999999998934, -4.350000000000000533, 0.8199999999999999512 ) ) ;
#3573 = VECTOR ( 'NONE', #2427, 1000.000000000000000 ) ;
#3574 = VECTOR ( 'NONE', #8415, 1000.000000000000000 ) ;
#3575 = CARTESIAN_POINT ( 'NONE',  ( -5.299999999999998934, -3.050000000000000266, 0.8199999999999999512 ) ) ;
#3576 = EDGE_CURVE ( 'NONE', #11188, #1619, #3387, .T. ) ;
#3577 = COLOUR_RGB ( '',0.7921568627450980005, 0.8196078431372548767, 0.9333333333333333481 ) ;
#3578 =( LENGTH_UNIT ( ) NAMED_UNIT ( * ) SI_UNIT ( .MILLI., .METRE. ) );
#3579 = UNCERTAINTY_MEASURE_WITH_UNIT (LENGTH_MEASURE( 1.000000000000000082E-05 ), #532, 'distance_accuracy_value', 'NONE');
#3580 = VECTOR ( 'NONE', #2050, 1000.000000000000000 ) ;
#3581 = LINE ( 'NONE', #3640, #11009 ) ;
#3582 = ORIENTED_EDGE ( 'NONE', *, *, #2086, .F. ) ;
#3583 = CARTESIAN_POINT ( 'NONE',  ( 5.849999999999999645, 7.000000000000000000, 0.000000000000000000 ) ) ;
#3584 = SURFACE_STYLE_FILL_AREA ( #7602 ) ;
#3585 =( LENGTH_UNIT ( ) NAMED_UNIT ( * ) SI_UNIT ( .MILLI., .METRE. ) );
#3586 = DIRECTION ( 'NONE',  ( -0.000000000000000000, -0.000000000000000000, 1.000000000000000000 ) ) ;
#3587 = VERTEX_POINT ( 'NONE', #10518 ) ;
#3588 = CARTESIAN_POINT ( 'NONE',  ( 6.099999999999999645, -2.600000000000000533, 0.8199999999999999512 ) ) ;
#3589 = DIRECTION ( 'NONE',  ( 0.000000000000000000, 1.000000000000000000, -0.000000000000000000 ) ) ;
#3590 = EDGE_LOOP ( 'NONE', ( #8060, #6672, #1709, #5816 ) ) ;
#3591 = LINE ( 'NONE', #2460, #4725 ) ;
#3592 = EDGE_CURVE ( 'NONE', #5964, #3681, #7474, .T. ) ;
#3593 = STYLED_ITEM ( 'NONE', ( #4661 ), #620 ) ;
#3594 =( NAMED_UNIT ( * ) SI_UNIT ( $, .STERADIAN. ) SOLID_ANGLE_UNIT ( ) );
#3595 = PRESENTATION_STYLE_ASSIGNMENT (( #11013 ) ) ;
#3596 = CARTESIAN_POINT ( 'NONE',  ( -6.099999999999999645, 7.450000000000000178, 0.000000000000000000 ) ) ;
#3597 = PLANE ( 'NONE',  #3221 ) ;
#3598 = VECTOR ( 'NONE', #7931, 1000.000000000000000 ) ;
#3599 = AXIS2_PLACEMENT_3D ( 'NONE', #1268, #12583, #11504 ) ;
#3600 = VECTOR ( 'NONE', #4143, 1000.000000000000000 ) ;
#3601 =( NAMED_UNIT ( * ) PLANE_ANGLE_UNIT ( ) SI_UNIT ( $, .RADIAN. ) );
#3602 = LINE ( 'NONE', #7687, #8989 ) ;
#3603 = VERTEX_POINT ( 'NONE', #1432 ) ;
#3604 = DIRECTION ( 'NONE',  ( 1.000000000000000000, 0.000000000000000000, 0.000000000000000000 ) ) ;
#3605 =( NAMED_UNIT ( * ) SI_UNIT ( $, .STERADIAN. ) SOLID_ANGLE_UNIT ( ) );
#3606 = ADVANCED_FACE ( 'NONE', ( #360 ), #8610, .T. ) ;
#3607 = PRESENTATION_LAYER_ASSIGNMENT (  '', '', ( #7899 ) ) ;
#3608 = ORIENTED_EDGE ( 'NONE', *, *, #5814, .T. ) ;
#3609 = LINE ( 'NONE', #8578, #9383 ) ;
#3610 = DIRECTION ( 'NONE',  ( 0.000000000000000000, -1.000000000000000000, 0.000000000000000000 ) ) ;
#3611 = ORIENTED_EDGE ( 'NONE', *, *, #4307, .T. ) ;
#3612 = DIRECTION ( 'NONE',  ( -0.000000000000000000, -0.000000000000000000, -1.000000000000000000 ) ) ;
#3613 = ORIENTED_EDGE ( 'NONE', *, *, #9081, .F. ) ;
#3614 = VECTOR ( 'NONE', #12374, 1000.000000000000000 ) ;
#3615 = CARTESIAN_POINT ( 'NONE',  ( 6.099999999999999645, 2.600000000000000089, 0.000000000000000000 ) ) ;
#3616 = PLANE ( 'NONE',  #4050 ) ;
#3617 = ORIENTED_EDGE ( 'NONE', *, *, #3132, .F. ) ;
#3618 = COLOUR_RGB ( '',0.9411764705882352811, 0.6274509803921568540, 0.05490196078431372473 ) ;
#3620 =( GEOMETRIC_REPRESENTATION_CONTEXT ( 3 ) GLOBAL_UNCERTAINTY_ASSIGNED_CONTEXT ( ( #12513 ) ) GLOBAL_UNIT_ASSIGNED_CONTEXT ( ( #11748, #6692, #1724 ) ) REPRESENTATION_CONTEXT ( 'NONE', 'WORKASPACE' ) );
#3619 = CARTESIAN_POINT ( 'NONE',  ( 5.299999999999998934, 3.049999999999999822, 0.8199999999999999512 ) ) ;
#3621 = EDGE_CURVE ( 'NONE', #1242, #12618, #3769, .T. ) ;
#3622 = PRESENTATION_LAYER_ASSIGNMENT (  '', '', ( #5326 ) ) ;
#3623 = CARTESIAN_POINT ( 'NONE',  ( 6.099999999999999645, 2.349999999999999645, 0.000000000000000000 ) ) ;
#3624 = AXIS2_PLACEMENT_3D ( 'NONE', #8492, #11972, #4822 ) ;
#3625 = FILL_AREA_STYLE ('',( #6514 ) ) ;
#3626 = FILL_AREA_STYLE_COLOUR ( '', #3819 ) ;
#3627 = VECTOR ( 'NONE', #3154, 1000.000000000000000 ) ;
#3628 = VECTOR ( 'NONE', #4144, 1000.000000000000000 ) ;
#3629 = VERTEX_POINT ( 'NONE', #6590 ) ;
#3630 = ORIENTED_EDGE ( 'NONE', *, *, #11925, .F. ) ;
#3631 = FACE_OUTER_BOUND ( 'NONE', #7253, .T. ) ;
#3632 = SURFACE_STYLE_FILL_AREA ( #9760 ) ;
#3633 = FILL_AREA_STYLE ('',( #2643 ) ) ;
#3634 = PRESENTATION_STYLE_ASSIGNMENT (( #2846 ) ) ;
#3635 = VECTOR ( 'NONE', #12757, 1000.000000000000000 ) ;
#3636 = MECHANICAL_DESIGN_GEOMETRIC_PRESENTATION_REPRESENTATION (  '', ( #10082 ), #2992 ) ;
#3637 = EDGE_CURVE ( 'NONE', #10468, #3146, #6665, .T. ) ;
#3638 = PRESENTATION_LAYER_ASSIGNMENT (  '', '', ( #13305 ) ) ;
#3640 = CARTESIAN_POINT ( 'NONE',  ( 4.500000000000000000, -6.500000000000000000, 2.400000000000000355 ) ) ;
#3639 = STYLED_ITEM ( 'NONE', ( #9971 ), #2144 ) ;
#3641 = ORIENTED_EDGE ( 'NONE', *, *, #11624, .F. ) ;
#3642 = FILL_AREA_STYLE_COLOUR ( '', #8363 ) ;
#3643 = DIRECTION ( 'NONE',  ( -0.000000000000000000, -0.000000000000000000, -1.000000000000000000 ) ) ;
#3644 = PRESENTATION_LAYER_ASSIGNMENT (  '', '', ( #4910 ) ) ;
#3645 = VERTEX_POINT ( 'NONE', #10923 ) ;
#3646 =( NAMED_UNIT ( * ) PLANE_ANGLE_UNIT ( ) SI_UNIT ( $, .RADIAN. ) );
#3647 = LINE ( 'NONE', #702, #3374 ) ;
#3648 = CARTESIAN_POINT ( 'NONE',  ( 6.099999999999999645, 2.149999999999999911, 0.8199999999999999512 ) ) ;
#3649 = ADVANCED_FACE ( 'NONE', ( #563 ), #2709, .F. ) ;
#3650 = ORIENTED_EDGE ( 'NONE', *, *, #2259, .F. ) ;
#3651 =( NAMED_UNIT ( * ) SI_UNIT ( $, .STERADIAN. ) SOLID_ANGLE_UNIT ( ) );
#3652 = PLANE ( 'NONE',  #431 ) ;
#3653 = FILL_AREA_STYLE ('',( #8816 ) ) ;
#3654 =( GEOMETRIC_REPRESENTATION_CONTEXT ( 3 ) GLOBAL_UNCERTAINTY_ASSIGNED_CONTEXT ( ( #8008 ) ) GLOBAL_UNIT_ASSIGNED_CONTEXT ( ( #7903, #4801, #1799 ) ) REPRESENTATION_CONTEXT ( 'NONE', 'WORKASPACE' ) );
#3655 = VECTOR ( 'NONE', #1605, 1000.000000000000000 ) ;
#3656 =( NAMED_UNIT ( * ) SI_UNIT ( $, .STERADIAN. ) SOLID_ANGLE_UNIT ( ) );
#3657 = MECHANICAL_DESIGN_GEOMETRIC_PRESENTATION_REPRESENTATION (  '', ( #1952 ), #2394 ) ;
#3658 =( LENGTH_UNIT ( ) NAMED_UNIT ( * ) SI_UNIT ( .MILLI., .METRE. ) );
#3659 = CARTESIAN_POINT ( 'NONE',  ( 5.299999999999998934, 7.450000000000000178, 0.000000000000000000 ) ) ;
#3660 = DIRECTION ( 'NONE',  ( -0.000000000000000000, -0.000000000000000000, -1.000000000000000000 ) ) ;
#3661 = SURFACE_SIDE_STYLE ('',( #3726 ) ) ;
#3662 =( NAMED_UNIT ( * ) SI_UNIT ( $, .STERADIAN. ) SOLID_ANGLE_UNIT ( ) );
#3663 = ADVANCED_FACE ( 'NONE', ( #10995 ), #2581, .T. ) ;
#3664 = CARTESIAN_POINT ( 'NONE',  ( 6.099999999999999645, 4.549999999999999822, 0.8199999999999999512 ) ) ;
#3665 = VERTEX_POINT ( 'NONE', #4826 ) ;
#3666 = STYLED_ITEM ( 'NONE', ( #12075 ), #12625 ) ;
#3667 = CARTESIAN_POINT ( 'NONE',  ( -6.099999999999999645, 5.249999999999999112, 0.8199999999999999512 ) ) ;
#3668 = PRESENTATION_LAYER_ASSIGNMENT (  '', '', ( #8798 ) ) ;
#3669 = PRESENTATION_LAYER_ASSIGNMENT (  '', '', ( #1748 ) ) ;
#3670 = PRESENTATION_LAYER_ASSIGNMENT (  '', '', ( #11215 ) ) ;
#3671 = MECHANICAL_DESIGN_GEOMETRIC_PRESENTATION_REPRESENTATION (  '', ( #3477 ), #11216 ) ;
#3672 = EDGE_LOOP ( 'NONE', ( #8923, #664, #3757, #13280 ) ) ;
#3673 = DIRECTION ( 'NONE',  ( 0.000000000000000000, -0.000000000000000000, 1.000000000000000000 ) ) ;
#3674 = DIRECTION ( 'NONE',  ( -1.000000000000000000, 0.000000000000000000, 0.000000000000000000 ) ) ;
#3675 = CARTESIAN_POINT ( 'NONE',  ( -6.099999999999999645, 3.700000000000000178, 0.8199999999999999512 ) ) ;
#3676 = MECHANICAL_DESIGN_GEOMETRIC_PRESENTATION_REPRESENTATION (  '', ( #6030 ), #9475 ) ;
#3677 = ORIENTED_EDGE ( 'NONE', *, *, #244, .T. ) ;
#3678 = CARTESIAN_POINT ( 'NONE',  ( -6.099999999999998757, 5.249999999999999112, 0.000000000000000000 ) ) ;
#3679 = EDGE_CURVE ( 'NONE', #4245, #3296, #1563, .T. ) ;
#3680 = PRESENTATION_LAYER_ASSIGNMENT (  '', '', ( #8611 ) ) ;
#3681 = VERTEX_POINT ( 'NONE', #5713 ) ;
#3682 = PRESENTATION_STYLE_ASSIGNMENT (( #12899 ) ) ;
#3683 =( NAMED_UNIT ( * ) PLANE_ANGLE_UNIT ( ) SI_UNIT ( $, .RADIAN. ) );
#3684 = VERTEX_POINT ( 'NONE', #9833 ) ;
#3685 = VECTOR ( 'NONE', #422, 1000.000000000000000 ) ;
#3686 = STYLED_ITEM ( 'NONE', ( #6324 ), #4603 ) ;
#3687 =( LENGTH_UNIT ( ) NAMED_UNIT ( * ) SI_UNIT ( .MILLI., .METRE. ) );
#3688 = VECTOR ( 'NONE', #1623, 1000.000000000000000 ) ;
#3689 = LINE ( 'NONE', #13181, #11775 ) ;
#3690 = LINE ( 'NONE', #8720, #6155 ) ;
#3691 = VECTOR ( 'NONE', #9489, 1000.000000000000000 ) ;
#3692 = VERTEX_POINT ( 'NONE', #7805 ) ;
#3693 = EDGE_CURVE ( 'NONE', #8587, #8699, #5652, .T. ) ;
#3694 = DIRECTION ( 'NONE',  ( -1.000000000000000000, 0.000000000000000000, 0.000000000000000000 ) ) ;
#3695 = ORIENTED_EDGE ( 'NONE', *, *, #11123, .T. ) ;
#3696 = SURFACE_STYLE_FILL_AREA ( #1551 ) ;
#3697 = DIRECTION ( 'NONE',  ( 0.000000000000000000, -1.000000000000000000, 0.000000000000000000 ) ) ;
#3698 = FACE_OUTER_BOUND ( 'NONE', #1896, .T. ) ;
#3699 = VECTOR ( 'NONE', #491, 1000.000000000000000 ) ;
#3700 = LINE ( 'NONE', #6725, #9966 ) ;
#3701 = PLANE ( 'NONE',  #9699 ) ;
#3702 = DIRECTION ( 'NONE',  ( 0.000000000000000000, 0.000000000000000000, -1.000000000000000000 ) ) ;
#3703 = UNCERTAINTY_MEASURE_WITH_UNIT (LENGTH_MEASURE( 1.000000000000000082E-05 ), #9448, 'distance_accuracy_value', 'NONE');
#3704 = ORIENTED_EDGE ( 'NONE', *, *, #4588, .T. ) ;
#3705 = LINE ( 'NONE', #11917, #12929 ) ;
#3706 =( LENGTH_UNIT ( ) NAMED_UNIT ( * ) SI_UNIT ( .MILLI., .METRE. ) );
#3707 = CARTESIAN_POINT ( 'NONE',  ( 5.299999999999998934, -7.450000000000000178, 0.8199999999999999512 ) ) ;
#3708 = MECHANICAL_DESIGN_GEOMETRIC_PRESENTATION_REPRESENTATION (  '', ( #12961 ), #8015 ) ;
#3709 = VERTEX_POINT ( 'NONE', #1692 ) ;
#3710 = CARTESIAN_POINT ( 'NONE',  ( -6.099999999999999645, 4.800000000000000711, 0.8199999999999999512 ) ) ;
#3711 = CARTESIAN_POINT ( 'NONE',  ( -5.299999999999998934, 4.349999999999999645, 0.8199999999999999512 ) ) ;
#3712 = EDGE_LOOP ( 'NONE', ( #9427, #11232, #10443, #10663 ) ) ;
#3713 = PLANE ( 'NONE',  #6511 ) ;
#3714 = SURFACE_STYLE_FILL_AREA ( #8814 ) ;
#3715 = SURFACE_STYLE_USAGE ( .BOTH. , #5722 ) ;
#3716 =( GEOMETRIC_REPRESENTATION_CONTEXT ( 3 ) GLOBAL_UNCERTAINTY_ASSIGNED_CONTEXT ( ( #4753 ) ) GLOBAL_UNIT_ASSIGNED_CONTEXT ( ( #7212, #6268, #1245 ) ) REPRESENTATION_CONTEXT ( 'NONE', 'WORKASPACE' ) );
#3717 = APPLICATION_CONTEXT ( 'automotive_design' ) ;
#3718 = FACE_OUTER_BOUND ( 'NONE', #1506, .T. ) ;
#3719 = DIRECTION ( 'NONE',  ( 1.000000000000000000, 1.626303258728256651E-16, -0.000000000000000000 ) ) ;
#3720 = DIRECTION ( 'NONE',  ( 1.000000000000000000, 0.000000000000000000, -0.000000000000000000 ) ) ;
#3721 =( GEOMETRIC_REPRESENTATION_CONTEXT ( 3 ) GLOBAL_UNCERTAINTY_ASSIGNED_CONTEXT ( ( #1588 ) ) GLOBAL_UNIT_ASSIGNED_CONTEXT ( ( #7566, #9856, #10946 ) ) REPRESENTATION_CONTEXT ( 'NONE', 'WORKASPACE' ) );
#3722 = FILL_AREA_STYLE ('',( #6940 ) ) ;
#3723 = DIRECTION ( 'NONE',  ( 1.626303258728256651E-16, -1.000000000000000000, 0.000000000000000000 ) ) ;
#3724 = PLANE ( 'NONE',  #10734 ) ;
#3725 = VERTEX_POINT ( 'NONE', #12932 ) ;
#3726 = SURFACE_STYLE_FILL_AREA ( #12879 ) ;
#3727 = CARTESIAN_POINT ( 'NONE',  ( -5.299999999999998934, -0.8500000000000000888, 0.000000000000000000 ) ) ;
#3728 = EDGE_CURVE ( 'NONE', #1653, #12726, #3705, .T. ) ;
#3729 = PLANE ( 'NONE',  #10301 ) ;
#3730 = EDGE_LOOP ( 'NONE', ( #11017, #7688, #5517, #7145, #5701, #12032 ) ) ;
#3731 = VECTOR ( 'NONE', #5410, 1000.000000000000000 ) ;
#3732 = PRESENTATION_STYLE_ASSIGNMENT (( #9659 ) ) ;
#3733 = PRESENTATION_STYLE_ASSIGNMENT (( #527 ) ) ;
#3734 = DIRECTION ( 'NONE',  ( 1.000000000000000000, 0.000000000000000000, 0.000000000000000000 ) ) ;
#3735 =( GEOMETRIC_REPRESENTATION_CONTEXT ( 3 ) GLOBAL_UNCERTAINTY_ASSIGNED_CONTEXT ( ( #8837 ) ) GLOBAL_UNIT_ASSIGNED_CONTEXT ( ( #7927, #1758, #4819 ) ) REPRESENTATION_CONTEXT ( 'NONE', 'WORKASPACE' ) );
#3736 = ADVANCED_FACE ( 'NONE', ( #9902 ), #2784, .T. ) ;
#3737 = EDGE_CURVE ( 'NONE', #3932, #4865, #9144, .T. ) ;
#3738 = UNCERTAINTY_MEASURE_WITH_UNIT (LENGTH_MEASURE( 1.000000000000000082E-05 ), #9620, 'distance_accuracy_value', 'NONE');
#3739 = EDGE_LOOP ( 'NONE', ( #2959, #2790, #8425, #5853, #3872, #12072, #12466 ) ) ;
#3740 = DIRECTION ( 'NONE',  ( 1.626303258728256651E-16, -1.000000000000000000, 0.000000000000000000 ) ) ;
#3741 =( LENGTH_UNIT ( ) NAMED_UNIT ( * ) SI_UNIT ( .MILLI., .METRE. ) );
#3742 = PRESENTATION_STYLE_ASSIGNMENT (( #12828 ) ) ;
#3743 = ORIENTED_EDGE ( 'NONE', *, *, #9531, .T. ) ;
#3744 = DIRECTION ( 'NONE',  ( 0.000000000000000000, 1.000000000000000000, -0.000000000000000000 ) ) ;
#3745 = FILL_AREA_STYLE_COLOUR ( '', #3241 ) ;
#3746 = DIRECTION ( 'NONE',  ( -1.000000000000000000, -0.000000000000000000, -0.000000000000000000 ) ) ;
#3747 = VERTEX_POINT ( 'NONE', #2037 ) ;
#3748 = PRESENTATION_STYLE_ASSIGNMENT (( #8584 ) ) ;
#3749 = SURFACE_STYLE_USAGE ( .BOTH. , #8849 ) ;
#3750 = CARTESIAN_POINT ( 'NONE',  ( 5.299999999999998934, -0.8500000000000000888, 0.8199999999999999512 ) ) ;
#3751 =( NAMED_UNIT ( * ) SI_UNIT ( $, .STERADIAN. ) SOLID_ANGLE_UNIT ( ) );
#3752 = CARTESIAN_POINT ( 'NONE',  ( 0.000000000000000000, 0.000000000000000000, 0.000000000000000000 ) ) ;
#3753 = ADVANCED_FACE ( 'NONE', ( #2091 ), #6106, .F. ) ;
#3754 = CARTESIAN_POINT ( 'NONE',  ( 4.500000000000000000, -6.000000000000000000, 2.400000000000000355 ) ) ;
#3755 = ORIENTED_EDGE ( 'NONE', *, *, #5594, .T. ) ;
#3756 = CARTESIAN_POINT ( 'NONE',  ( 6.099999999999999645, -6.550000000000000711, 0.000000000000000000 ) ) ;
#3757 = ORIENTED_EDGE ( 'NONE', *, *, #11145, .T. ) ;
#3758 = LINE ( 'NONE', #8862, #10805 ) ;
#3759 = CARTESIAN_POINT ( 'NONE',  ( -5.299999999999998934, -3.250000000000000444, 0.8199999999999999512 ) ) ;
#3760 = CARTESIAN_POINT ( 'NONE',  ( -6.099999999999999645, -1.050000000000000266, 0.8199999999999999512 ) ) ;
#3761 =( NAMED_UNIT ( * ) SI_UNIT ( $, .STERADIAN. ) SOLID_ANGLE_UNIT ( ) );
#3762 =( GEOMETRIC_REPRESENTATION_CONTEXT ( 3 ) GLOBAL_UNCERTAINTY_ASSIGNED_CONTEXT ( ( #2797 ) ) GLOBAL_UNIT_ASSIGNED_CONTEXT ( ( #828, #2915, #1898 ) ) REPRESENTATION_CONTEXT ( 'NONE', 'WORKASPACE' ) );
#3763 = VECTOR ( 'NONE', #4180, 1000.000000000000000 ) ;
#3764 = LINE ( 'NONE', #2777, #9045 ) ;
#3765 = EDGE_CURVE ( 'NONE', #2917, #2174, #5111, .T. ) ;
#3766 =( NAMED_UNIT ( * ) PLANE_ANGLE_UNIT ( ) SI_UNIT ( $, .RADIAN. ) );
#3767 =( LENGTH_UNIT ( ) NAMED_UNIT ( * ) SI_UNIT ( .MILLI., .METRE. ) );
#3768 = ORIENTED_EDGE ( 'NONE', *, *, #6817, .F. ) ;
#3769 = LINE ( 'NONE', #1767, #45 ) ;
#3770 = DIRECTION ( 'NONE',  ( -0.000000000000000000, 1.000000000000000000, -0.000000000000000000 ) ) ;
#3772 =( LENGTH_UNIT ( ) NAMED_UNIT ( * ) SI_UNIT ( .MILLI., .METRE. ) );
#3771 = MECHANICAL_DESIGN_GEOMETRIC_PRESENTATION_REPRESENTATION (  '', ( #9569 ), #3150 ) ;
#3773 = ORIENTED_EDGE ( 'NONE', *, *, #2232, .F. ) ;
#3774 = COLOUR_RGB ( '',0.9411764705882352811, 0.6274509803921568540, 0.05490196078431372473 ) ;
#3775 = SURFACE_SIDE_STYLE ('',( #10799 ) ) ;
#3776 = DIRECTION ( 'NONE',  ( 0.000000000000000000, 0.000000000000000000, 1.000000000000000000 ) ) ;
#3777 = LINE ( 'NONE', #11980, #5487 ) ;
#3778 = VERTEX_POINT ( 'NONE', #9219 ) ;
#3779 = SURFACE_STYLE_FILL_AREA ( #10862 ) ;
#3780 = CARTESIAN_POINT ( 'NONE',  ( -5.299999999999998934, 4.150000000000000355, 0.000000000000000000 ) ) ;
#3781 = DIRECTION ( 'NONE',  ( -0.000000000000000000, -0.000000000000000000, -1.000000000000000000 ) ) ;
#3782 = ADVANCED_FACE ( 'NONE', ( #1827 ), #10102, .T. ) ;
#3783 = VECTOR ( 'NONE', #8430, 1000.000000000000000 ) ;
#3784 = STYLED_ITEM ( 'NONE', ( #9809 ), #8040 ) ;
#3785 = DIRECTION ( 'NONE',  ( 0.000000000000000000, -1.000000000000000000, 0.000000000000000000 ) ) ;
#3786 = ORIENTED_EDGE ( 'NONE', *, *, #13235, .T. ) ;
#3787 = CARTESIAN_POINT ( 'NONE',  ( -6.099999999999999645, 8.000000000000000000, 0.8199999999999999512 ) ) ;
#3788 = LINE ( 'NONE', #4845, #1925 ) ;
#3789 = LINE ( 'NONE', #2529, #12861 ) ;
#3790 = VERTEX_POINT ( 'NONE', #8337 ) ;
#3791 = CARTESIAN_POINT ( 'NONE',  ( -6.099999999999999645, -3.250000000000000444, 0.8199999999999999512 ) ) ;
#3792 = SURFACE_STYLE_FILL_AREA ( #11143 ) ;
#3793 = CARTESIAN_POINT ( 'NONE',  ( -6.099999999999999645, 3.449999999999999734, 0.8199999999999999512 ) ) ;
#3794 = DIRECTION ( 'NONE',  ( -1.626303258728256651E-16, 1.000000000000000000, 0.000000000000000000 ) ) ;
#3795 = AXIS2_PLACEMENT_3D ( 'NONE', #9974, #12999, #3776 ) ;
#3796 = ORIENTED_EDGE ( 'NONE', *, *, #11145, .F. ) ;
#3797 = VECTOR ( 'NONE', #5963, 1000.000000000000000 ) ;
#3798 = STYLED_ITEM ( 'NONE', ( #8924 ), #8327 ) ;
#3799 = LINE ( 'NONE', #1923, #210 ) ;
#3800 = FILL_AREA_STYLE ('',( #5738 ) ) ;
#3801 =( LENGTH_UNIT ( ) NAMED_UNIT ( * ) SI_UNIT ( .MILLI., .METRE. ) );
#3802 = EDGE_CURVE ( 'NONE', #2889, #4932, #2231, .T. ) ;
#3803 = EDGE_CURVE ( 'NONE', #9275, #8649, #12716, .T. ) ;
#3804 = VECTOR ( 'NONE', #3827, 1000.000000000000000 ) ;
#3805 = EDGE_LOOP ( 'NONE', ( #863, #4836, #9178, #197 ) ) ;
#3806 =( LENGTH_UNIT ( ) NAMED_UNIT ( * ) SI_UNIT ( .MILLI., .METRE. ) );
#3807 =( NAMED_UNIT ( * ) PLANE_ANGLE_UNIT ( ) SI_UNIT ( $, .RADIAN. ) );
#3808 = ORIENTED_EDGE ( 'NONE', *, *, #13115, .T. ) ;
#3809 = LINE ( 'NONE', #8046, #7316 ) ;
#3810 = DIRECTION ( 'NONE',  ( 1.000000000000000000, -0.000000000000000000, -0.000000000000000000 ) ) ;
#3811 = DIRECTION ( 'NONE',  ( 0.000000000000000000, 0.000000000000000000, -1.000000000000000000 ) ) ;
#3812 = ORIENTED_EDGE ( 'NONE', *, *, #2977, .F. ) ;
#3813 = LINE ( 'NONE', #874, #7481 ) ;
#3815 = EDGE_CURVE ( 'NONE', #8326, #9924, #3907, .T. ) ;
#3814 = CARTESIAN_POINT ( 'NONE',  ( 6.099999999999999645, -1.950000000000000178, 0.8199999999999999512 ) ) ;
#3816 =( GEOMETRIC_REPRESENTATION_CONTEXT ( 3 ) GLOBAL_UNCERTAINTY_ASSIGNED_CONTEXT ( ( #4499 ) ) GLOBAL_UNIT_ASSIGNED_CONTEXT ( ( #10435, #12659, #8526 ) ) REPRESENTATION_CONTEXT ( 'NONE', 'WORKASPACE' ) );
#3817 =( GEOMETRIC_REPRESENTATION_CONTEXT ( 3 ) GLOBAL_UNCERTAINTY_ASSIGNED_CONTEXT ( ( #11512 ) ) GLOBAL_UNIT_ASSIGNED_CONTEXT ( ( #3563, #281, #11842 ) ) REPRESENTATION_CONTEXT ( 'NONE', 'WORKASPACE' ) );
#3818 = SURFACE_SIDE_STYLE ('',( #1667 ) ) ;
#3819 = COLOUR_RGB ( '',0.000000000000000000, 1.000000000000000000, 0.000000000000000000 ) ;
#3820 =( LENGTH_UNIT ( ) NAMED_UNIT ( * ) SI_UNIT ( .MILLI., .METRE. ) );
#3821 = UNCERTAINTY_MEASURE_WITH_UNIT (LENGTH_MEASURE( 1.000000000000000082E-05 ), #9049, 'distance_accuracy_value', 'NONE');
#3822 = LINE ( 'NONE', #2149, #8750 ) ;
#3823 = MECHANICAL_DESIGN_GEOMETRIC_PRESENTATION_REPRESENTATION (  '', ( #7899 ), #9840 ) ;
#3824 = AXIS2_PLACEMENT_3D ( 'NONE', #13182, #12164, #7032 ) ;
#3825 = ORIENTED_EDGE ( 'NONE', *, *, #4962, .F. ) ;
#3826 =( LENGTH_UNIT ( ) NAMED_UNIT ( * ) SI_UNIT ( .MILLI., .METRE. ) );
#3827 = DIRECTION ( 'NONE',  ( 0.000000000000000000, 0.000000000000000000, -1.000000000000000000 ) ) ;
#3828 = ORIENTED_EDGE ( 'NONE', *, *, #6302, .F. ) ;
#3829 = COLOUR_RGB ( '',0.9411764705882352811, 0.6274509803921568540, 0.05490196078431372473 ) ;
#3830 = PLANE ( 'NONE',  #4761 ) ;
#3831 =( NAMED_UNIT ( * ) SI_UNIT ( $, .STERADIAN. ) SOLID_ANGLE_UNIT ( ) );
#3832 = EDGE_CURVE ( 'NONE', #5978, #3088, #5684, .T. ) ;
#3833 = COLOUR_RGB ( '',0.9411764705882352811, 0.6274509803921568540, 0.05490196078431372473 ) ;
#3834 = VECTOR ( 'NONE', #2707, 1000.000000000000000 ) ;
#3835 = DIRECTION ( 'NONE',  ( 1.000000000000000000, -0.000000000000000000, -0.000000000000000000 ) ) ;
#3836 = CARTESIAN_POINT ( 'NONE',  ( -6.099999999999999645, 7.000000000000000000, 0.000000000000000000 ) ) ;
#3837 = UNCERTAINTY_MEASURE_WITH_UNIT (LENGTH_MEASURE( 1.000000000000000082E-05 ), #3192, 'distance_accuracy_value', 'NONE');
#3838 = EDGE_LOOP ( 'NONE', ( #583, #6383, #4384, #12150 ) ) ;
#3839 = PRESENTATION_STYLE_ASSIGNMENT (( #2914 ) ) ;
#3840 = CARTESIAN_POINT ( 'NONE',  ( -6.099999999999999645, -0.8500000000000000888, 0.000000000000000000 ) ) ;
#3841 = CARTESIAN_POINT ( 'NONE',  ( -6.099999999999999645, -2.350000000000000089, 0.8199999999999999512 ) ) ;
#3842 = ORIENTED_EDGE ( 'NONE', *, *, #8902, .T. ) ;
#3843 =( NAMED_UNIT ( * ) SI_UNIT ( $, .STERADIAN. ) SOLID_ANGLE_UNIT ( ) );
#3844 = CARTESIAN_POINT ( 'NONE',  ( 6.099999999999999645, -0.6500000000000003553, 0.8199999999999999512 ) ) ;
#3845 = CARTESIAN_POINT ( 'NONE',  ( 6.099999999999999645, 6.550000000000000711, 0.8199999999999999512 ) ) ;
#3846 = EDGE_CURVE ( 'NONE', #3692, #2467, #3178, .T. ) ;
#3847 = ORIENTED_EDGE ( 'NONE', *, *, #2763, .T. ) ;
#3848 = VECTOR ( 'NONE', #12074, 1000.000000000000000 ) ;
#3849 = SURFACE_STYLE_USAGE ( .BOTH. , #1777 ) ;
#3850 = LINE ( 'NONE', #1836, #1280 ) ;
#3851 = CARTESIAN_POINT ( 'NONE',  ( 6.099999999999999645, 5.249999999999999112, 0.000000000000000000 ) ) ;
#3852 = VECTOR ( 'NONE', #7872, 1000.000000000000000 ) ;
#3853 = VECTOR ( 'NONE', #4830, 1000.000000000000000 ) ;
#3854 = UNCERTAINTY_MEASURE_WITH_UNIT (LENGTH_MEASURE( 1.000000000000000082E-05 ), #9852, 'distance_accuracy_value', 'NONE');
#3855 = CARTESIAN_POINT ( 'NONE',  ( 6.099999999999999645, 4.150000000000000355, 0.000000000000000000 ) ) ;
#3856 = ORIENTED_EDGE ( 'NONE', *, *, #1726, .T. ) ;
#3857 = SURFACE_STYLE_FILL_AREA ( #3992 ) ;
#3858 =( NAMED_UNIT ( * ) SI_UNIT ( $, .STERADIAN. ) SOLID_ANGLE_UNIT ( ) );
#3859 = VERTEX_POINT ( 'NONE', #3552 ) ;
#3860 =( LENGTH_UNIT ( ) NAMED_UNIT ( * ) SI_UNIT ( .MILLI., .METRE. ) );
#3861 =( LENGTH_UNIT ( ) NAMED_UNIT ( * ) SI_UNIT ( .MILLI., .METRE. ) );
#3862 = DIRECTION ( 'NONE',  ( -0.000000000000000000, -0.000000000000000000, -1.000000000000000000 ) ) ;
#3863 = DIRECTION ( 'NONE',  ( 1.000000000000000000, 0.000000000000000000, 0.000000000000000000 ) ) ;
#3864 = EDGE_CURVE ( 'NONE', #11627, #8396, #6305, .T. ) ;
#3865 = ORIENTED_EDGE ( 'NONE', *, *, #7802, .T. ) ;
#3866 = MECHANICAL_DESIGN_GEOMETRIC_PRESENTATION_REPRESENTATION (  '', ( #6203 ), #7289 ) ;
#3867 =( NAMED_UNIT ( * ) SI_UNIT ( $, .STERADIAN. ) SOLID_ANGLE_UNIT ( ) );
#3868 = LINE ( 'NONE', #11023, #421 ) ;
#3869 = EDGE_CURVE ( 'NONE', #11935, #4528, #217, .T. ) ;
#3870 = MECHANICAL_DESIGN_GEOMETRIC_PRESENTATION_REPRESENTATION (  '', ( #12894 ), #2592 ) ;
#3871 = SURFACE_SIDE_STYLE ('',( #2942 ) ) ;
#3872 = ORIENTED_EDGE ( 'NONE', *, *, #6102, .T. ) ;
#3873 = FILL_AREA_STYLE_COLOUR ( '', #10988 ) ;
#3874 = CARTESIAN_POINT ( 'NONE',  ( 6.099999999999999645, -1.050000000000000266, 0.8199999999999999512 ) ) ;
#3875 = COLOUR_RGB ( '',0.9411764705882352811, 0.6274509803921568540, 0.05490196078431372473 ) ;
#3876 = ORIENTED_EDGE ( 'NONE', *, *, #4962, .T. ) ;
#3877 =( NAMED_UNIT ( * ) PLANE_ANGLE_UNIT ( ) SI_UNIT ( $, .RADIAN. ) );
#3878 = DIRECTION ( 'NONE',  ( 1.000000000000000000, 0.000000000000000000, 0.000000000000000000 ) ) ;
#3879 =( NAMED_UNIT ( * ) PLANE_ANGLE_UNIT ( ) SI_UNIT ( $, .RADIAN. ) );
#3880 = VERTEX_POINT ( 'NONE', #5550 ) ;
#3881 = MECHANICAL_DESIGN_GEOMETRIC_PRESENTATION_REPRESENTATION (  '', ( #7738 ), #3459 ) ;
#3882 = EDGE_CURVE ( 'NONE', #1196, #1248, #10378, .T. ) ;
#3883 = FILL_AREA_STYLE_COLOUR ( '', #4563 ) ;
#3884 =( LENGTH_UNIT ( ) NAMED_UNIT ( * ) SI_UNIT ( .MILLI., .METRE. ) );
#3885 = DIRECTION ( 'NONE',  ( -0.000000000000000000, -0.000000000000000000, -1.000000000000000000 ) ) ;
#3886 = ORIENTED_EDGE ( 'NONE', *, *, #1181, .T. ) ;
#3887 = SURFACE_STYLE_FILL_AREA ( #4087 ) ;
#3888 = COLOUR_RGB ( '',0.9411764705882352811, 0.6274509803921568540, 0.05490196078431372473 ) ;
#3889 = MECHANICAL_DESIGN_GEOMETRIC_PRESENTATION_REPRESENTATION (  '', ( #5386 ), #12917 ) ;
#3890 = AXIS2_PLACEMENT_3D ( 'NONE', #3787, #8821, #576 ) ;
#3891 = DIRECTION ( 'NONE',  ( 0.000000000000000000, 1.000000000000000000, 0.000000000000000000 ) ) ;
#3892 = STYLED_ITEM ( 'NONE', ( #6677 ), #865 ) ;
#3893 = CARTESIAN_POINT ( 'NONE',  ( -5.299999999999998934, -6.550000000000000711, 0.000000000000000000 ) ) ;
#3894 = CARTESIAN_POINT ( 'NONE',  ( -6.099999999999999645, 8.000000000000000000, 0.000000000000000000 ) ) ;
#3895 = EDGE_LOOP ( 'NONE', ( #12773, #5199, #10026, #7134 ) ) ;
#3896 = DIRECTION ( 'NONE',  ( -1.000000000000000000, 0.000000000000000000, 0.000000000000000000 ) ) ;
#3897 = CARTESIAN_POINT ( 'NONE',  ( 6.099999999999999645, 3.049999999999999822, 0.000000000000000000 ) ) ;
#3898 = AXIS2_PLACEMENT_3D ( 'NONE', #820, #12992, #9894 ) ;
#3899 = ORIENTED_EDGE ( 'NONE', *, *, #2476, .T. ) ;
#3900 = VECTOR ( 'NONE', #10722, 1000.000000000000000 ) ;
#3901 = DIRECTION ( 'NONE',  ( 0.000000000000000000, 0.000000000000000000, -1.000000000000000000 ) ) ;
#3902 = LINE ( 'NONE', #1956, #2867 ) ;
#3903 = PLANE ( 'NONE',  #7207 ) ;
#3904 = EDGE_CURVE ( 'NONE', #3645, #6441, #9673, .T. ) ;
#3905 = PLANE ( 'NONE',  #12016 ) ;
#3906 = EDGE_CURVE ( 'NONE', #9246, #3463, #1151, .T. ) ;
#3907 = CIRCLE ( 'NONE', #3278, 0.2500000000000002220 ) ;
#3908 = LINE ( 'NONE', #5644, #7810 ) ;
#3909 =( GEOMETRIC_REPRESENTATION_CONTEXT ( 3 ) GLOBAL_UNCERTAINTY_ASSIGNED_CONTEXT ( ( #2145 ) ) GLOBAL_UNIT_ASSIGNED_CONTEXT ( ( #10771, #8715, #602 ) ) REPRESENTATION_CONTEXT ( 'NONE', 'WORKASPACE' ) );
#3910 = CYLINDRICAL_SURFACE ( 'NONE', #5830, 0.2500000000000002220 ) ;
#3911 = STYLED_ITEM ( 'NONE', ( #10246 ), #4716 ) ;
#3912 = LINE ( 'NONE', #9214, #9388 ) ;
#3913 = EDGE_CURVE ( 'NONE', #3352, #3725, #8707, .T. ) ;
#3914 = EDGE_CURVE ( 'NONE', #1051, #6008, #4541, .T. ) ;
#3915 = ORIENTED_EDGE ( 'NONE', *, *, #959, .T. ) ;
#3916 = EDGE_CURVE ( 'NONE', #5876, #2750, #7763, .T. ) ;
#3917 =( GEOMETRIC_REPRESENTATION_CONTEXT ( 3 ) GLOBAL_UNCERTAINTY_ASSIGNED_CONTEXT ( ( #7192 ) ) GLOBAL_UNIT_ASSIGNED_CONTEXT ( ( #9352, #2095, #5046 ) ) REPRESENTATION_CONTEXT ( 'NONE', 'WORKASPACE' ) );
#3918 = LINE ( 'NONE', #7050, #12373 ) ;
#3919 =( LENGTH_UNIT ( ) NAMED_UNIT ( * ) SI_UNIT ( .MILLI., .METRE. ) );
#3920 = CARTESIAN_POINT ( 'NONE',  ( 6.099999999999999645, -0.4000000000000001887, 0.000000000000000000 ) ) ;
#3921 = EDGE_LOOP ( 'NONE', ( #2840, #12615, #538, #4067 ) ) ;
#3922 = DIRECTION ( 'NONE',  ( -0.000000000000000000, -0.000000000000000000, -1.000000000000000000 ) ) ;
#3923 = ORIENTED_EDGE ( 'NONE', *, *, #7246, .F. ) ;
#3924 = CARTESIAN_POINT ( 'NONE',  ( -6.099999999999999645, 7.450000000000000178, 0.8199999999999999512 ) ) ;
#3925 = SURFACE_SIDE_STYLE ('',( #8082 ) ) ;
#3926 = AXIS2_PLACEMENT_3D ( 'NONE', #3236, #7390, #2287 ) ;
#3927 = EDGE_CURVE ( 'NONE', #2093, #312, #5621, .T. ) ;
#3928 = FILL_AREA_STYLE ('',( #5865 ) ) ;
#3929 = ORIENTED_EDGE ( 'NONE', *, *, #13131, .T. ) ;
#3930 = DIRECTION ( 'NONE',  ( -1.000000000000000000, 0.000000000000000000, 0.000000000000000000 ) ) ;
#3931 = PRESENTATION_STYLE_ASSIGNMENT (( #9029 ) ) ;
#3932 = VERTEX_POINT ( 'NONE', #6633 ) ;
#3933 = CARTESIAN_POINT ( 'NONE',  ( 6.099999999999999645, 3.449999999999999734, 0.8199999999999999512 ) ) ;
#3934 = VECTOR ( 'NONE', #3017, 1000.000000000000000 ) ;
#3935 = VERTEX_POINT ( 'NONE', #3251 ) ;
#3936 = PLANE ( 'NONE',  #11680 ) ;
#3937 = LINE ( 'NONE', #2939, #5329 ) ;
#3938 = MECHANICAL_DESIGN_GEOMETRIC_PRESENTATION_REPRESENTATION (  '', ( #5227 ), #11690 ) ;
#3939 = PRESENTATION_STYLE_ASSIGNMENT (( #8232 ) ) ;
#3940 = VECTOR ( 'NONE', #1221, 1000.000000000000000 ) ;
#3941 = EDGE_CURVE ( 'NONE', #11286, #10426, #7329, .T. ) ;
#3942 = SURFACE_STYLE_FILL_AREA ( #13163 ) ;
#3943 = CARTESIAN_POINT ( 'NONE',  ( 5.299999999999998934, -2.150000000000000355, 0.000000000000000000 ) ) ;
#3944 = SURFACE_STYLE_USAGE ( .BOTH. , #12294 ) ;
#3945 = COLOUR_RGB ( '',0.9411764705882352811, 0.6274509803921568540, 0.05490196078431372473 ) ;
#3946 = EDGE_LOOP ( 'NONE', ( #11880, #4190, #1137, #3176 ) ) ;
#3947 =( LENGTH_UNIT ( ) NAMED_UNIT ( * ) SI_UNIT ( .MILLI., .METRE. ) );
#3948 = CARTESIAN_POINT ( 'NONE',  ( 5.299999999999998934, -6.550000000000000711, 0.000000000000000000 ) ) ;
#3949 =( LENGTH_UNIT ( ) NAMED_UNIT ( * ) SI_UNIT ( .MILLI., .METRE. ) );
#3950 = ORIENTED_EDGE ( 'NONE', *, *, #11797, .T. ) ;
#3951 = SURFACE_STYLE_USAGE ( .BOTH. , #2826 ) ;
#3952 = CARTESIAN_POINT ( 'NONE',  ( 5.299999999999998934, 5.249999999999999112, 0.000000000000000000 ) ) ;
#3953 = AXIS2_PLACEMENT_3D ( 'NONE', #9543, #9606, #404 ) ;
#3954 = DIRECTION ( 'NONE',  ( -0.000000000000000000, -0.000000000000000000, 1.000000000000000000 ) ) ;
#3955 = CARTESIAN_POINT ( 'NONE',  ( 6.099999999999999645, -1.950000000000000178, 0.8199999999999999512 ) ) ;
#3956 = EDGE_CURVE ( 'NONE', #3463, #3587, #145, .T. ) ;
#3957 = FILL_AREA_STYLE ('',( #2831 ) ) ;
#3958 = UNCERTAINTY_MEASURE_WITH_UNIT (LENGTH_MEASURE( 1.000000000000000082E-05 ), #4445, 'distance_accuracy_value', 'NONE');
#3959 = CARTESIAN_POINT ( 'NONE',  ( -6.099999999999999645, -7.450000000000000178, 0.000000000000000000 ) ) ;
#3960 = LINE ( 'NONE', #6217, #2983 ) ;
#3961 = VERTEX_POINT ( 'NONE', #9743 ) ;
#3962 = CARTESIAN_POINT ( 'NONE',  ( -6.099999999999999645, 3.250000000000000444, 0.8199999999999999512 ) ) ;
#3963 = FILL_AREA_STYLE ('',( #8059 ) ) ;
#3964 = ORIENTED_EDGE ( 'NONE', *, *, #5407, .F. ) ;
#3965 =( NAMED_UNIT ( * ) PLANE_ANGLE_UNIT ( ) SI_UNIT ( $, .RADIAN. ) );
#3966 = FACE_OUTER_BOUND ( 'NONE', #10084, .T. ) ;
#3967 = PLANE ( 'NONE',  #12436 ) ;
#3968 = ORIENTED_EDGE ( 'NONE', *, *, #3413, .T. ) ;
#3969 = DIRECTION ( 'NONE',  ( 0.000000000000000000, -1.000000000000000000, 0.000000000000000000 ) ) ;
#3970 = DIRECTION ( 'NONE',  ( -0.000000000000000000, 1.000000000000000000, -0.000000000000000000 ) ) ;
#3971 = UNCERTAINTY_MEASURE_WITH_UNIT (LENGTH_MEASURE( 1.000000000000000082E-05 ), #5724, 'distance_accuracy_value', 'NONE');
#3972 = EDGE_CURVE ( 'NONE', #4476, #5536, #537, .T. ) ;
#3973 = DIRECTION ( 'NONE',  ( 0.000000000000000000, 0.000000000000000000, -1.000000000000000000 ) ) ;
#3974 = VERTEX_POINT ( 'NONE', #10960 ) ;
#3975 = PRESENTATION_STYLE_ASSIGNMENT (( #13199 ) ) ;
#3976 = DIRECTION ( 'NONE',  ( -0.000000000000000000, 1.000000000000000000, -0.000000000000000000 ) ) ;
#3977 = CARTESIAN_POINT ( 'NONE',  ( -6.099999999999999645, 5.450000000000000178, 0.8199999999999999512 ) ) ;
#3978 = LINE ( 'NONE', #8074, #7928 ) ;
#3979 = ORIENTED_EDGE ( 'NONE', *, *, #8827, .F. ) ;
#3980 =( NAMED_UNIT ( * ) PLANE_ANGLE_UNIT ( ) SI_UNIT ( $, .RADIAN. ) );
#3981 = CARTESIAN_POINT ( 'NONE',  ( 5.299999999999998934, 3.250000000000000444, 0.8199999999999999512 ) ) ;
#3982 = ORIENTED_EDGE ( 'NONE', *, *, #10208, .T. ) ;
#3983 = DIRECTION ( 'NONE',  ( -1.000000000000000000, 0.000000000000000000, 0.000000000000000000 ) ) ;
#3984 = ADVANCED_FACE ( 'NONE', ( #869 ), #8976, .F. ) ;
#3985 = CARTESIAN_POINT ( 'NONE',  ( -6.099999999999996980, -8.000000000000000000, 0.8199999999999999512 ) ) ;
#3986 = UNCERTAINTY_MEASURE_WITH_UNIT (LENGTH_MEASURE( 1.000000000000000082E-05 ), #3826, 'distance_accuracy_value', 'NONE');
#3987 = VECTOR ( 'NONE', #1356, 1000.000000000000000 ) ;
#3988 = VECTOR ( 'NONE', #10725, 1000.000000000000000 ) ;
#3989 = SURFACE_STYLE_FILL_AREA ( #3928 ) ;
#3990 = VERTEX_POINT ( 'NONE', #3678 ) ;
#3991 = LINE ( 'NONE', #13151, #10555 ) ;
#3992 = FILL_AREA_STYLE ('',( #12200 ) ) ;
#3993 = FILL_AREA_STYLE ('',( #5926 ) ) ;
#3994 = ORIENTED_EDGE ( 'NONE', *, *, #11269, .T. ) ;
#3995 = SURFACE_STYLE_FILL_AREA ( #1043 ) ;
#3996 = FILL_AREA_STYLE_COLOUR ( '', #1238 ) ;
#3997 = ORIENTED_EDGE ( 'NONE', *, *, #5132, .F. ) ;
#3998 = PLANE ( 'NONE',  #5764 ) ;
#3999 = ADVANCED_FACE ( 'NONE', ( #10889 ), #10064, .F. ) ;
#4000 = AXIS2_PLACEMENT_3D ( 'NONE', #13263, #8213, #6113 ) ;
#4001 = CARTESIAN_POINT ( 'NONE',  ( -5.299999999999998934, -2.150000000000000355, 0.000000000000000000 ) ) ;
#4002 = EDGE_CURVE ( 'NONE', #1658, #277, #7972, .T. ) ;
#4003 = UNCERTAINTY_MEASURE_WITH_UNIT (LENGTH_MEASURE( 1.000000000000000082E-05 ), #12003, 'distance_accuracy_value', 'NONE');
#4004 = MECHANICAL_DESIGN_GEOMETRIC_PRESENTATION_REPRESENTATION (  '', ( #10896 ), #8931 ) ;
#4005 = ORIENTED_EDGE ( 'NONE', *, *, #8557, .T. ) ;
#4006 = SURFACE_STYLE_USAGE ( .BOTH. , #988 ) ;
#4007 = STYLED_ITEM ( 'NONE', ( #4507 ), #8783 ) ;
#4008 = LINE ( 'NONE', #12293, #1508 ) ;
#4009 = CARTESIAN_POINT ( 'NONE',  ( -6.099999999999999645, -6.550000000000000711, 0.8199999999999999512 ) ) ;
#4010 = ORIENTED_EDGE ( 'NONE', *, *, #1106, .T. ) ;
#4011 = LINE ( 'NONE', #940, #7912 ) ;
#4012 = EDGE_LOOP ( 'NONE', ( #2753, #1830, #636, #12215 ) ) ;
#4013 = CARTESIAN_POINT ( 'NONE',  ( -6.099999999999999645, 7.000000000000000000, 0.000000000000000000 ) ) ;
#4014 = EDGE_CURVE ( 'NONE', #2762, #5015, #1864, .T. ) ;
#4015 = VECTOR ( 'NONE', #407, 1000.000000000000000 ) ;
#4016 =( NAMED_UNIT ( * ) PLANE_ANGLE_UNIT ( ) SI_UNIT ( $, .RADIAN. ) );
#4017 =( NAMED_UNIT ( * ) PLANE_ANGLE_UNIT ( ) SI_UNIT ( $, .RADIAN. ) );
#4018 = FILL_AREA_STYLE ('',( #13239 ) ) ;
#4019 = EDGE_LOOP ( 'NONE', ( #1698, #1852, #7033, #13198 ) ) ;
#4020 = LINE ( 'NONE', #5159, #9844 ) ;
#4021 = ORIENTED_EDGE ( 'NONE', *, *, #4454, .F. ) ;
#4022 = DIRECTION ( 'NONE',  ( -1.000000000000000000, 0.000000000000000000, -0.000000000000000000 ) ) ;
#4023 = VECTOR ( 'NONE', #6449, 1000.000000000000000 ) ;
#4024 = EDGE_LOOP ( 'NONE', ( #329, #2948, #8747, #10271 ) ) ;
#4025 = VECTOR ( 'NONE', #2806, 1000.000000000000000 ) ;
#4026 = FILL_AREA_STYLE ('',( #7110 ) ) ;
#4027 = DIRECTION ( 'NONE',  ( 0.000000000000000000, 0.000000000000000000, -1.000000000000000000 ) ) ;
#4028 = EDGE_CURVE ( 'NONE', #7799, #11869, #3809, .T. ) ;
#4029 = PLANE ( 'NONE',  #3953 ) ;
#4030 = ORIENTED_EDGE ( 'NONE', *, *, #121, .T. ) ;
#4031 = EDGE_CURVE ( 'NONE', #6479, #8340, #2747, .T. ) ;
#4032 = SURFACE_STYLE_FILL_AREA ( #5033 ) ;
#4033 =( GEOMETRIC_REPRESENTATION_CONTEXT ( 3 ) GLOBAL_UNCERTAINTY_ASSIGNED_CONTEXT ( ( #10436 ) ) GLOBAL_UNIT_ASSIGNED_CONTEXT ( ( #7586, #1477, #11579 ) ) REPRESENTATION_CONTEXT ( 'NONE', 'WORKASPACE' ) );
#4034 = STYLED_ITEM ( 'NONE', ( #7180 ), #5497 ) ;
#4035 = DIRECTION ( 'NONE',  ( 0.000000000000000000, -0.000000000000000000, 1.000000000000000000 ) ) ;
#4036 = FACE_OUTER_BOUND ( 'NONE', #2079, .T. ) ;
#4037 = PRESENTATION_LAYER_ASSIGNMENT (  '', '', ( #11359 ) ) ;
#4038 = ORIENTED_EDGE ( 'NONE', *, *, #5997, .T. ) ;
#4039 = FILL_AREA_STYLE ('',( #12116 ) ) ;
#4040 = LINE ( 'NONE', #8143, #6548 ) ;
#4041 =( NAMED_UNIT ( * ) PLANE_ANGLE_UNIT ( ) SI_UNIT ( $, .RADIAN. ) );
#4042 = DIRECTION ( 'NONE',  ( 0.000000000000000000, 0.000000000000000000, -1.000000000000000000 ) ) ;
#4043 = ORIENTED_EDGE ( 'NONE', *, *, #6890, .T. ) ;
#4044 = DIRECTION ( 'NONE',  ( -1.000000000000000000, 0.000000000000000000, -0.000000000000000000 ) ) ;
#4045 = DIRECTION ( 'NONE',  ( -0.000000000000000000, -0.000000000000000000, -1.000000000000000000 ) ) ;
#4046 = LINE ( 'NONE', #12957, #1929 ) ;
#4047 = VECTOR ( 'NONE', #948, 1000.000000000000000 ) ;
#4048 = EDGE_CURVE ( 'NONE', #6456, #12599, #2687, .T. ) ;
#4049 = FACE_OUTER_BOUND ( 'NONE', #8514, .T. ) ;
#4050 = AXIS2_PLACEMENT_3D ( 'NONE', #8112, #12229, #12302 ) ;
#4051 = VECTOR ( 'NONE', #11744, 1000.000000000000000 ) ;
#4052 = SURFACE_STYLE_FILL_AREA ( #7265 ) ;
#4053 = VERTEX_POINT ( 'NONE', #12896 ) ;
#4054 = ADVANCED_FACE ( 'NONE', ( #7019 ), #2819, .F. ) ;
#4055 = LINE ( 'NONE', #12272, #11854 ) ;
#4056 = SURFACE_STYLE_USAGE ( .BOTH. , #846 ) ;
#4057 =( LENGTH_UNIT ( ) NAMED_UNIT ( * ) SI_UNIT ( .MILLI., .METRE. ) );
#4058 = AXIS2_PLACEMENT_3D ( 'NONE', #10675, #1455, #5537 ) ;
#4059 = EDGE_LOOP ( 'NONE', ( #8963, #5808, #12100, #11952 ) ) ;
#4060 = AXIS2_PLACEMENT_3D ( 'NONE', #6342, #7620, #10816 ) ;
#4061 = CARTESIAN_POINT ( 'NONE',  ( -6.099999999999999645, 8.000000000000000000, 0.8199999999999999512 ) ) ;
#4062 = FACE_OUTER_BOUND ( 'NONE', #8459, .T. ) ;
#4063 = SURFACE_STYLE_USAGE ( .BOTH. , #6006 ) ;
#4064 = EDGE_LOOP ( 'NONE', ( #2011, #7621, #6765, #2196 ) ) ;
#4065 = PRESENTATION_STYLE_ASSIGNMENT (( #13085 ) ) ;
#4066 = CARTESIAN_POINT ( 'NONE',  ( -6.099999999999999645, -1.050000000000000266, 0.000000000000000000 ) ) ;
#4067 = ORIENTED_EDGE ( 'NONE', *, *, #3368, .F. ) ;
#4068 = STYLED_ITEM ( 'NONE', ( #5059 ), #1823 ) ;
#4069 = COLOUR_RGB ( '',0.9411764705882352811, 0.6274509803921568540, 0.05490196078431372473 ) ;
#4070 = VECTOR ( 'NONE', #91, 1000.000000000000000 ) ;
#4071 = LINE ( 'NONE', #2743, #3247 ) ;
#4072 = ADVANCED_FACE ( 'NONE', ( #5749 ), #1803, .F. ) ;
#4073 = EDGE_CURVE ( 'NONE', #6169, #672, #9870, .T. ) ;
#4074 = LINE ( 'NONE', #9115, #8589 ) ;
#4075 = SURFACE_STYLE_USAGE ( .BOTH. , #6017 ) ;
#4076 = DIRECTION ( 'NONE',  ( 0.000000000000000000, 0.000000000000000000, -1.000000000000000000 ) ) ;
#4077 =( GEOMETRIC_REPRESENTATION_CONTEXT ( 3 ) GLOBAL_UNCERTAINTY_ASSIGNED_CONTEXT ( ( #1825 ) ) GLOBAL_UNIT_ASSIGNED_CONTEXT ( ( #11792, #7544, #2509 ) ) REPRESENTATION_CONTEXT ( 'NONE', 'WORKASPACE' ) );
#4078 = STYLED_ITEM ( 'NONE', ( #3253 ), #6843 ) ;
#4079 = ORIENTED_EDGE ( 'NONE', *, *, #10165, .F. ) ;
#4080 = FACE_OUTER_BOUND ( 'NONE', #6825, .T. ) ;
#4081 = DIRECTION ( 'NONE',  ( 0.000000000000000000, -1.000000000000000000, 0.000000000000000000 ) ) ;
#4082 = EDGE_LOOP ( 'NONE', ( #6487, #9187, #6610, #7573 ) ) ;
#4083 = VECTOR ( 'NONE', #5758, 1000.000000000000000 ) ;
#4084 = CARTESIAN_POINT ( 'NONE',  ( 6.099999999999999645, 4.349999999999999645, 0.8199999999999999512 ) ) ;
#4085 = PRESENTATION_STYLE_ASSIGNMENT (( #10003 ) ) ;
#4086 = CARTESIAN_POINT ( 'NONE',  ( 6.099999999999999645, 5.450000000000000178, 0.000000000000000000 ) ) ;
#4087 = FILL_AREA_STYLE ('',( #9264 ) ) ;
#4088 = COLOUR_RGB ( '',0.9411764705882352811, 0.6274509803921568540, 0.05490196078431372473 ) ;
#4089 = MECHANICAL_DESIGN_GEOMETRIC_PRESENTATION_REPRESENTATION (  '', ( #4713 ), #11621 ) ;
#4090 =( NAMED_UNIT ( * ) SI_UNIT ( $, .STERADIAN. ) SOLID_ANGLE_UNIT ( ) );
#4091 = EDGE_CURVE ( 'NONE', #11127, #3274, #1735, .T. ) ;
#4092 = FACE_OUTER_BOUND ( 'NONE', #4813, .T. ) ;
#4093 = ORIENTED_EDGE ( 'NONE', *, *, #5177, .T. ) ;
#4094 = DIRECTION ( 'NONE',  ( 0.000000000000000000, -1.000000000000000000, 0.000000000000000000 ) ) ;
#4095 = PRESENTATION_LAYER_ASSIGNMENT (  '', '', ( #4937 ) ) ;
#4096 = ORIENTED_EDGE ( 'NONE', *, *, #2850, .T. ) ;
#4097 = VECTOR ( 'NONE', #3470, 1000.000000000000000 ) ;
#4098 = FACE_OUTER_BOUND ( 'NONE', #9088, .T. ) ;
#4099 = EDGE_LOOP ( 'NONE', ( #10861, #6625, #13188, #2979 ) ) ;
#4100 = PRESENTATION_STYLE_ASSIGNMENT (( #8926 ) ) ;
#4101 = PRESENTATION_STYLE_ASSIGNMENT (( #2909 ) ) ;
#4102 =( GEOMETRIC_REPRESENTATION_CONTEXT ( 3 ) GLOBAL_UNCERTAINTY_ASSIGNED_CONTEXT ( ( #1727 ) ) GLOBAL_UNIT_ASSIGNED_CONTEXT ( ( #10463, #1634, #7677 ) ) REPRESENTATION_CONTEXT ( 'NONE', 'WORKASPACE' ) );
#4103 = CARTESIAN_POINT ( 'NONE',  ( 6.099999999999999645, -6.150000000000001243, 0.8199999999999999512 ) ) ;
#4104 = EDGE_LOOP ( 'NONE', ( #2355, #9988, #5291, #9482 ) ) ;
#4105 = AXIS2_PLACEMENT_3D ( 'NONE', #6748, #4718, #519 ) ;
#4106 = CARTESIAN_POINT ( 'NONE',  ( -6.099999999999999645, 2.349999999999999645, 0.8199999999999999512 ) ) ;
#4107 = DIRECTION ( 'NONE',  ( 0.000000000000000000, -1.000000000000000000, 0.000000000000000000 ) ) ;
#4108 = UNCERTAINTY_MEASURE_WITH_UNIT (LENGTH_MEASURE( 1.000000000000000082E-05 ), #175, 'distance_accuracy_value', 'NONE');
#4109 = EDGE_CURVE ( 'NONE', #3935, #6601, #9378, .T. ) ;
#4110 =( GEOMETRIC_REPRESENTATION_CONTEXT ( 3 ) GLOBAL_UNCERTAINTY_ASSIGNED_CONTEXT ( ( #4797 ) ) GLOBAL_UNIT_ASSIGNED_CONTEXT ( ( #9965, #5908, #10916 ) ) REPRESENTATION_CONTEXT ( 'NONE', 'WORKASPACE' ) );
#4111 = ORIENTED_EDGE ( 'NONE', *, *, #5424, .T. ) ;
#4112 = DIRECTION ( 'NONE',  ( -1.000000000000000000, 0.000000000000000000, -0.000000000000000000 ) ) ;
#4113 = CARTESIAN_POINT ( 'NONE',  ( 5.299999999999998934, 5.450000000000000178, 0.000000000000000000 ) ) ;
#4114 = DIRECTION ( 'NONE',  ( -1.000000000000000000, 0.000000000000000000, 0.000000000000000000 ) ) ;
#4115 = ORIENTED_EDGE ( 'NONE', *, *, #2838, .F. ) ;
#4116 = VECTOR ( 'NONE', #2299, 1000.000000000000000 ) ;
#4117 =( LENGTH_UNIT ( ) NAMED_UNIT ( * ) SI_UNIT ( .MILLI., .METRE. ) );
#4118 = CARTESIAN_POINT ( 'NONE',  ( 5.299999999999998934, -5.250000000000000000, 0.8199999999999999512 ) ) ;
#4119 = CARTESIAN_POINT ( 'NONE',  ( 0.000000000000000000, 0.000000000000000000, 0.8199999999999999512 ) ) ;
#4120 = VECTOR ( 'NONE', #6493, 1000.000000000000000 ) ;
#4121 = AXIS2_PLACEMENT_3D ( 'NONE', #4441, #8546, #3460 ) ;
#4122 = FILL_AREA_STYLE ('',( #4238 ) ) ;
#4123 = UNCERTAINTY_MEASURE_WITH_UNIT (LENGTH_MEASURE( 1.000000000000000082E-05 ), #5520, 'distance_accuracy_value', 'NONE');
#4124 = MECHANICAL_DESIGN_GEOMETRIC_PRESENTATION_REPRESENTATION (  '', ( #8423 ), #494 ) ;
#4125 = EDGE_CURVE ( 'NONE', #502, #5983, #11426, .T. ) ;
#4126 = ORIENTED_EDGE ( 'NONE', *, *, #1190, .F. ) ;
#4127 = CARTESIAN_POINT ( 'NONE',  ( 6.099999999999999645, -5.450000000000001066, 0.8199999999999999512 ) ) ;
#4128 = CARTESIAN_POINT ( 'NONE',  ( 6.099999999999999645, 6.349999999999999645, 0.000000000000000000 ) ) ;
#4129 = CARTESIAN_POINT ( 'NONE',  ( 6.099999999999999645, -6.550000000000000711, 0.8199999999999999512 ) ) ;
#4130 = PRESENTATION_LAYER_ASSIGNMENT (  '', '', ( #10588 ) ) ;
#4131 = EDGE_LOOP ( 'NONE', ( #2564, #6343, #12745, #1480, #1391, #5711 ) ) ;
#4132 = LINE ( 'NONE', #10260, #10354 ) ;
#4133 = DIRECTION ( 'NONE',  ( 0.000000000000000000, 0.000000000000000000, -1.000000000000000000 ) ) ;
#4134 = ORIENTED_EDGE ( 'NONE', *, *, #4500, .T. ) ;
#4135 = SURFACE_SIDE_STYLE ('',( #43 ) ) ;
#4136 = ORIENTED_EDGE ( 'NONE', *, *, #2252, .T. ) ;
#4137 = CARTESIAN_POINT ( 'NONE',  ( -5.299999999999998934, 0.04999999999999969746, 0.000000000000000000 ) ) ;
#4138 = CARTESIAN_POINT ( 'NONE',  ( -5.299999999999998934, 0.04999999999999969746, 0.8199999999999999512 ) ) ;
#4139 = FACE_OUTER_BOUND ( 'NONE', #7049, .T. ) ;
#4140 =( NAMED_UNIT ( * ) PLANE_ANGLE_UNIT ( ) SI_UNIT ( $, .RADIAN. ) );
#4141 = ORIENTED_EDGE ( 'NONE', *, *, #5289, .T. ) ;
#4142 = FACE_OUTER_BOUND ( 'NONE', #2442, .T. ) ;
#4143 = DIRECTION ( 'NONE',  ( -0.000000000000000000, -0.000000000000000000, -1.000000000000000000 ) ) ;
#4144 = DIRECTION ( 'NONE',  ( -0.000000000000000000, 1.000000000000000000, -0.000000000000000000 ) ) ;
#4145 = VERTEX_POINT ( 'NONE', #3013 ) ;
#4146 = DIRECTION ( 'NONE',  ( -1.000000000000000000, -0.000000000000000000, -0.000000000000000000 ) ) ;
#4147 = DIRECTION ( 'NONE',  ( 0.000000000000000000, -0.000000000000000000, -1.000000000000000000 ) ) ;
#4148 = PLANE ( 'NONE',  #8819 ) ;
#4149 = CARTESIAN_POINT ( 'NONE',  ( -6.099999999999999645, -3.700000000000000178, 0.8199999999999999512 ) ) ;
#4150 = ADVANCED_FACE ( 'NONE', ( #4142 ), #12502, .F. ) ;
#4151 = UNCERTAINTY_MEASURE_WITH_UNIT (LENGTH_MEASURE( 1.000000000000000082E-05 ), #10849, 'distance_accuracy_value', 'NONE');
#4152 = AXIS2_PLACEMENT_3D ( 'NONE', #5331, #3284, #11351 ) ;
#4153 = CARTESIAN_POINT ( 'NONE',  ( -5.299999999999998934, 6.349999999999999645, 0.8199999999999999512 ) ) ;
#4154 = VERTEX_POINT ( 'NONE', #4264 ) ;
#4155 = LINE ( 'NONE', #11367, #11577 ) ;
#4156 = EDGE_LOOP ( 'NONE', ( #11340, #7462, #2018, #3171 ) ) ;
#4157 =( GEOMETRIC_REPRESENTATION_CONTEXT ( 3 ) GLOBAL_UNCERTAINTY_ASSIGNED_CONTEXT ( ( #5482 ) ) GLOBAL_UNIT_ASSIGNED_CONTEXT ( ( #10985, #7726, #3761 ) ) REPRESENTATION_CONTEXT ( 'NONE', 'WORKASPACE' ) );
#4158 = CARTESIAN_POINT ( 'NONE',  ( 6.099999999999999645, 3.049999999999999822, 0.8199999999999999512 ) ) ;
#4159 = ORIENTED_EDGE ( 'NONE', *, *, #4905, .T. ) ;
#4160 = DIRECTION ( 'NONE',  ( 0.000000000000000000, 0.000000000000000000, -1.000000000000000000 ) ) ;
#4161 = ADVANCED_FACE ( 'NONE', ( #4080 ), #10272, .F. ) ;
#4162 = MECHANICAL_DESIGN_GEOMETRIC_PRESENTATION_REPRESENTATION (  '', ( #7595 ), #10418 ) ;
#4163 = CARTESIAN_POINT ( 'NONE',  ( 6.099999999999999645, -2.150000000000000355, 0.000000000000000000 ) ) ;
#4164 = VERTEX_POINT ( 'NONE', #2133 ) ;
#4165 = CARTESIAN_POINT ( 'NONE',  ( 6.099999999999999645, -5.250000000000000000, 0.8199999999999999512 ) ) ;
#4166 = FILL_AREA_STYLE_COLOUR ( '', #6980 ) ;
#4167 =( NAMED_UNIT ( * ) SI_UNIT ( $, .STERADIAN. ) SOLID_ANGLE_UNIT ( ) );
#4168 = ORIENTED_EDGE ( 'NONE', *, *, #11955, .F. ) ;
#4169 = SURFACE_SIDE_STYLE ('',( #9295 ) ) ;
#4170 = DIRECTION ( 'NONE',  ( -0.000000000000000000, 0.000000000000000000, 1.000000000000000000 ) ) ;
#4171 = DIRECTION ( 'NONE',  ( -0.000000000000000000, -0.000000000000000000, -1.000000000000000000 ) ) ;
#4172 = EDGE_CURVE ( 'NONE', #2921, #12360, #8307, .T. ) ;
#4173 = SURFACE_SIDE_STYLE ('',( #3063 ) ) ;
#4174 = ORIENTED_EDGE ( 'NONE', *, *, #11591, .T. ) ;
#4175 = DIRECTION ( 'NONE',  ( -0.000000000000000000, 1.000000000000000000, -0.000000000000000000 ) ) ;
#4176 = CARTESIAN_POINT ( 'NONE',  ( 6.099999999999999645, -4.150000000000000355, 0.000000000000000000 ) ) ;
#4177 = ORIENTED_EDGE ( 'NONE', *, *, #7998, .T. ) ;
#4178 = DIRECTION ( 'NONE',  ( -1.000000000000000000, -0.000000000000000000, -0.000000000000000000 ) ) ;
#4179 = SURFACE_SIDE_STYLE ('',( #4247 ) ) ;
#4180 = DIRECTION ( 'NONE',  ( -1.000000000000000000, 0.000000000000000000, 0.000000000000000000 ) ) ;
#4181 = VERTEX_POINT ( 'NONE', #6205 ) ;
#4182 = LINE ( 'NONE', #13283, #9647 ) ;
#4183 = EDGE_CURVE ( 'NONE', #4444, #5626, #3288, .T. ) ;
#4184 = VERTEX_POINT ( 'NONE', #10345 ) ;
#4185 = CARTESIAN_POINT ( 'NONE',  ( -6.099999999999999645, 6.750000000000000000, 0.8199999999999999512 ) ) ;
#4186 = MECHANICAL_DESIGN_GEOMETRIC_PRESENTATION_REPRESENTATION (  '', ( #5266 ), #10681 ) ;
#4187 = VECTOR ( 'NONE', #7669, 1000.000000000000000 ) ;
#4188 = CARTESIAN_POINT ( 'NONE',  ( 6.099999999999999645, 5.899999999999999467, 0.8199999999999999512 ) ) ;
#4189 = FACE_OUTER_BOUND ( 'NONE', #6110, .T. ) ;
#4190 = ORIENTED_EDGE ( 'NONE', *, *, #6165, .F. ) ;
#4191 =( NAMED_UNIT ( * ) PLANE_ANGLE_UNIT ( ) SI_UNIT ( $, .RADIAN. ) );
#4192 = AXIS2_PLACEMENT_3D ( 'NONE', #6091, #4022, #8123 ) ;
#4193 = FACE_OUTER_BOUND ( 'NONE', #1647, .T. ) ;
#4194 = ORIENTED_EDGE ( 'NONE', *, *, #7724, .T. ) ;
#4195 = VECTOR ( 'NONE', #7941, 1000.000000000000000 ) ;
#4196 = DIRECTION ( 'NONE',  ( -0.000000000000000000, 1.000000000000000000, -0.000000000000000000 ) ) ;
#4197 = ADVANCED_FACE ( 'NONE', ( #9321 ), #6082, .F. ) ;
#4198 = EDGE_CURVE ( 'NONE', #4769, #10716, #9577, .T. ) ;
#4199 = VECTOR ( 'NONE', #11532, 1000.000000000000000 ) ;
#4200 =( GEOMETRIC_REPRESENTATION_CONTEXT ( 3 ) GLOBAL_UNCERTAINTY_ASSIGNED_CONTEXT ( ( #9500 ) ) GLOBAL_UNIT_ASSIGNED_CONTEXT ( ( #2969, #2844, #3831 ) ) REPRESENTATION_CONTEXT ( 'NONE', 'WORKASPACE' ) );
#4201 = EDGE_LOOP ( 'NONE', ( #5158, #6192, #6219, #4115 ) ) ;
#4202 = LINE ( 'NONE', #10155, #9190 ) ;
#4203 = DIRECTION ( 'NONE',  ( 0.000000000000000000, 0.000000000000000000, -1.000000000000000000 ) ) ;
#4204 = ORIENTED_EDGE ( 'NONE', *, *, #3487, .F. ) ;
#4205 = EDGE_CURVE ( 'NONE', #2508, #12842, #2266, .T. ) ;
#4206 =( NAMED_UNIT ( * ) PLANE_ANGLE_UNIT ( ) SI_UNIT ( $, .RADIAN. ) );
#4207 = LINE ( 'NONE', #8, #589 ) ;
#4208 = CLOSED_SHELL ( 'NONE', ( #4241, #12191, #13172, #6026, #6650, #12983, #9251, #3984, #3246 ) ) ;
#4209 = ORIENTED_EDGE ( 'NONE', *, *, #6744, .T. ) ;
#4210 =( GEOMETRIC_REPRESENTATION_CONTEXT ( 3 ) GLOBAL_UNCERTAINTY_ASSIGNED_CONTEXT ( ( #5575 ) ) GLOBAL_UNIT_ASSIGNED_CONTEXT ( ( #5021, #8189, #9127 ) ) REPRESENTATION_CONTEXT ( 'NONE', 'WORKASPACE' ) );
#4211 = SURFACE_STYLE_USAGE ( .BOTH. , #1141 ) ;
#4212 = DIRECTION ( 'NONE',  ( 0.000000000000000000, 0.000000000000000000, -1.000000000000000000 ) ) ;
#4213 = SURFACE_SIDE_STYLE ('',( #2433 ) ) ;
#4214 = VERTEX_POINT ( 'NONE', #4457 ) ;
#4215 = STYLED_ITEM ( 'NONE', ( #1613 ), #2450 ) ;
#4217 = VECTOR ( 'NONE', #2432, 1000.000000000000000 ) ;
#4216 = CARTESIAN_POINT ( 'NONE',  ( 6.099999999999999645, 5.649999999999999467, 0.8199999999999999512 ) ) ;
#4218 = ADVANCED_FACE ( 'NONE', ( #4336 ), #8501, .F. ) ;
#4219 = ORIENTED_EDGE ( 'NONE', *, *, #3040, .T. ) ;
#4220 = FILL_AREA_STYLE ('',( #142 ) ) ;
#4221 = CARTESIAN_POINT ( 'NONE',  ( -6.099999999999999645, 4.150000000000000355, 0.8199999999999999512 ) ) ;
#4222 = UNCERTAINTY_MEASURE_WITH_UNIT (LENGTH_MEASURE( 1.000000000000000082E-05 ), #9822, 'distance_accuracy_value', 'NONE');
#4223 = DIRECTION ( 'NONE',  ( 0.000000000000000000, -1.000000000000000000, 0.000000000000000000 ) ) ;
#4224 = VECTOR ( 'NONE', #979, 1000.000000000000000 ) ;
#4225 = MECHANICAL_DESIGN_GEOMETRIC_PRESENTATION_REPRESENTATION (  '', ( #11769 ), #995 ) ;
#4226 = EDGE_LOOP ( 'NONE', ( #2314, #12523, #10625, #1217 ) ) ;
#4227 = EDGE_CURVE ( 'NONE', #13169, #11175, #1389, .T. ) ;
#4228 = DIRECTION ( 'NONE',  ( 1.000000000000000000, 0.000000000000000000, 0.000000000000000000 ) ) ;
#4229 =( NAMED_UNIT ( * ) PLANE_ANGLE_UNIT ( ) SI_UNIT ( $, .RADIAN. ) );
#4230 = DIRECTION ( 'NONE',  ( 0.000000000000000000, -0.000000000000000000, 1.000000000000000000 ) ) ;
#4231 = LINE ( 'NONE', #5247, #10310 ) ;
#4232 = ORIENTED_EDGE ( 'NONE', *, *, #9815, .F. ) ;
#4233 = CARTESIAN_POINT ( 'NONE',  ( 6.099999999999999645, 2.600000000000000089, 0.000000000000000000 ) ) ;
#4234 = CARTESIAN_POINT ( 'NONE',  ( 6.099999999999999645, -5.900000000000000355, 0.8199999999999999512 ) ) ;
#4235 = DIRECTION ( 'NONE',  ( -0.000000000000000000, -0.000000000000000000, 1.000000000000000000 ) ) ;
#4236 = AXIS2_PLACEMENT_3D ( 'NONE', #8529, #9685, #483 ) ;
#4237 = PRESENTATION_LAYER_ASSIGNMENT (  '', '', ( #4657 ) ) ;
#4238 = FILL_AREA_STYLE_COLOUR ( '', #7106 ) ;
#4239 = UNCERTAINTY_MEASURE_WITH_UNIT (LENGTH_MEASURE( 1.000000000000000082E-05 ), #8047, 'distance_accuracy_value', 'NONE');
#4240 = ORIENTED_EDGE ( 'NONE', *, *, #1670, .F. ) ;
#4241 = ADVANCED_FACE ( 'NONE', ( #8692 ), #10470, .F. ) ;
#4242 =( NAMED_UNIT ( * ) PLANE_ANGLE_UNIT ( ) SI_UNIT ( $, .RADIAN. ) );
#4243 = LINE ( 'NONE', #8353, #8554 ) ;
#4244 = AXIS2_PLACEMENT_3D ( 'NONE', #8454, #3418, #4539 ) ;
#4245 = VERTEX_POINT ( 'NONE', #522 ) ;
#4246 = PLANE ( 'NONE',  #4121 ) ;
#4247 = SURFACE_STYLE_FILL_AREA ( #3069 ) ;
#4248 =( LENGTH_UNIT ( ) NAMED_UNIT ( * ) SI_UNIT ( .MILLI., .METRE. ) );
#4249 = ORIENTED_EDGE ( 'NONE', *, *, #3293, .T. ) ;
#4250 =( GEOMETRIC_REPRESENTATION_CONTEXT ( 3 ) GLOBAL_UNCERTAINTY_ASSIGNED_CONTEXT ( ( #6282 ) ) GLOBAL_UNIT_ASSIGNED_CONTEXT ( ( #10633, #9342, #1203 ) ) REPRESENTATION_CONTEXT ( 'NONE', 'WORKASPACE' ) );
#4251 = LINE ( 'NONE', #12487, #8854 ) ;
#4252 = AXIS2_PLACEMENT_3D ( 'NONE', #13102, #3811, #10065 ) ;
#4253 =( NAMED_UNIT ( * ) SI_UNIT ( $, .STERADIAN. ) SOLID_ANGLE_UNIT ( ) );
#4254 = VERTEX_POINT ( 'NONE', #7562 ) ;
#4255 = CARTESIAN_POINT ( 'NONE',  ( -5.299999999999998934, -5.450000000000001066, 0.8199999999999999512 ) ) ;
#4256 = PRESENTATION_LAYER_ASSIGNMENT (  '', '', ( #6175 ) ) ;
#4257 = AXIS2_PLACEMENT_3D ( 'NONE', #5530, #5595, #10738 ) ;
#4258 = UNCERTAINTY_MEASURE_WITH_UNIT (LENGTH_MEASURE( 1.000000000000000082E-05 ), #12339, 'distance_accuracy_value', 'NONE');
#4259 = LINE ( 'NONE', #3080, #1512 ) ;
#4260 = FILL_AREA_STYLE ('',( #10409 ) ) ;
#4261 = EDGE_CURVE ( 'NONE', #13030, #5876, #1451, .T. ) ;
#4262 = DIRECTION ( 'NONE',  ( 0.000000000000000000, 0.000000000000000000, -1.000000000000000000 ) ) ;
#4263 = ORIENTED_EDGE ( 'NONE', *, *, #8663, .F. ) ;
#4264 = CARTESIAN_POINT ( 'NONE',  ( 6.099999999999999645, -0.6500000000000003553, 0.8199999999999999512 ) ) ;
#4265 = CARTESIAN_POINT ( 'NONE',  ( 6.099999999999999645, -6.550000000000000711, 0.000000000000000000 ) ) ;
#4266 = EDGE_CURVE ( 'NONE', #9273, #4145, #12568, .T. ) ;
#4267 =( NAMED_UNIT ( * ) PLANE_ANGLE_UNIT ( ) SI_UNIT ( $, .RADIAN. ) );
#4268 = ORIENTED_EDGE ( 'NONE', *, *, #244, .F. ) ;
#4269 = AXIS2_PLACEMENT_3D ( 'NONE', #2186, #5196, #10596 ) ;
#4270 = SURFACE_STYLE_USAGE ( .BOTH. , #10474 ) ;
#4271 = DIRECTION ( 'NONE',  ( 1.000000000000000000, 0.000000000000000000, 0.000000000000000000 ) ) ;
#4272 = VECTOR ( 'NONE', #9989, 1000.000000000000000 ) ;
#4273 =( NAMED_UNIT ( * ) PLANE_ANGLE_UNIT ( ) SI_UNIT ( $, .RADIAN. ) );
#4274 = LINE ( 'NONE', #5279, #9880 ) ;
#4275 = UNCERTAINTY_MEASURE_WITH_UNIT (LENGTH_MEASURE( 1.000000000000000082E-05 ), #12835, 'distance_accuracy_value', 'NONE');
#4276 = VECTOR ( 'NONE', #3117, 1000.000000000000000 ) ;
#4277 = COLOUR_RGB ( '',0.9411764705882352811, 0.6274509803921568540, 0.05490196078431372473 ) ;
#4278 = LINE ( 'NONE', #4153, #12418 ) ;
#4279 = DIRECTION ( 'NONE',  ( -1.000000000000000000, 0.000000000000000000, 0.000000000000000000 ) ) ;
#4280 = AXIS2_PLACEMENT_3D ( 'NONE', #4512, #3589, #9715 ) ;
#4281 = EDGE_LOOP ( 'NONE', ( #3360, #2680, #9240, #2428 ) ) ;
#4282 = VERTEX_POINT ( 'NONE', #10540 ) ;
#4283 = FILL_AREA_STYLE_COLOUR ( '', #11035 ) ;
#4284 = PLANE ( 'NONE',  #8207 ) ;
#4285 = FILL_AREA_STYLE ('',( #7449 ) ) ;
#4286 = ORIENTED_EDGE ( 'NONE', *, *, #6872, .T. ) ;
#4287 = FILL_AREA_STYLE_COLOUR ( '', #12337 ) ;
#4288 = MECHANICAL_DESIGN_GEOMETRIC_PRESENTATION_REPRESENTATION (  '', ( #8793 ), #9889 ) ;
#4289 = ORIENTED_EDGE ( 'NONE', *, *, #7563, .F. ) ;
#4290 = VECTOR ( 'NONE', #12906, 1000.000000000000000 ) ;
#4291 = VECTOR ( 'NONE', #3740, 1000.000000000000000 ) ;
#4292 = ORIENTED_EDGE ( 'NONE', *, *, #9387, .T. ) ;
#4293 = CARTESIAN_POINT ( 'NONE',  ( -6.099999999999999645, 0.04999999999999969746, 0.000000000000000000 ) ) ;
#4294 = DIRECTION ( 'NONE',  ( -0.000000000000000000, 0.000000000000000000, -1.000000000000000000 ) ) ;
#4295 = FACE_OUTER_BOUND ( 'NONE', #7922, .T. ) ;
#4296 = ADVANCED_FACE ( 'NONE', ( #7426 ), #11551, .T. ) ;
#4297 = PRESENTATION_LAYER_ASSIGNMENT (  '', '', ( #2604 ) ) ;
#4298 = ORIENTED_EDGE ( 'NONE', *, *, #6728, .T. ) ;
#4299 = CARTESIAN_POINT ( 'NONE',  ( -6.099999999999999645, -6.350000000000000533, 0.000000000000000000 ) ) ;
#4300 = LINE ( 'NONE', #6385, #3574 ) ;
#4301 = FILL_AREA_STYLE ('',( #6522 ) ) ;
#4302 = MECHANICAL_DESIGN_GEOMETRIC_PRESENTATION_REPRESENTATION (  '', ( #8798 ), #9024 ) ;
#4303 = MECHANICAL_DESIGN_GEOMETRIC_PRESENTATION_REPRESENTATION (  '', ( #1964 ), #1332 ) ;
#4304 = DIRECTION ( 'NONE',  ( -1.000000000000000000, -0.000000000000000000, -0.000000000000000000 ) ) ;
#4305 = LINE ( 'NONE', #10252, #12927 ) ;
#4306 = ADVANCED_FACE ( 'NONE', ( #1849 ), #8825, .T. ) ;
#4307 = EDGE_CURVE ( 'NONE', #11188, #5096, #579, .T. ) ;
#4308 =( GEOMETRIC_REPRESENTATION_CONTEXT ( 3 ) GLOBAL_UNCERTAINTY_ASSIGNED_CONTEXT ( ( #4258 ) ) GLOBAL_UNIT_ASSIGNED_CONTEXT ( ( #12339, #1298, #5120 ) ) REPRESENTATION_CONTEXT ( 'NONE', 'WORKASPACE' ) );
#4309 = MECHANICAL_DESIGN_GEOMETRIC_PRESENTATION_REPRESENTATION (  '', ( #7099 ), #465 ) ;
#4310 = DIRECTION ( 'NONE',  ( -1.000000000000000000, 0.000000000000000000, 0.000000000000000000 ) ) ;
#4311 = ORIENTED_EDGE ( 'NONE', *, *, #9666, .F. ) ;
#4312 = COLOUR_RGB ( '',0.9411764705882352811, 0.6274509803921568540, 0.05490196078431372473 ) ;
#4313 = CARTESIAN_POINT ( 'NONE',  ( 6.099999999999999645, 5.450000000000000178, 0.8199999999999999512 ) ) ;
#4314 = SURFACE_STYLE_USAGE ( .BOTH. , #5393 ) ;
#4315 = ORIENTED_EDGE ( 'NONE', *, *, #2430, .T. ) ;
#4316 = CARTESIAN_POINT ( 'NONE',  ( 6.099999999999999645, -6.350000000000000533, 0.8199999999999999512 ) ) ;
#4317 = DIRECTION ( 'NONE',  ( -0.000000000000000000, 0.000000000000000000, -1.000000000000000000 ) ) ;
#4318 = VERTEX_POINT ( 'NONE', #7822 ) ;
#4319 = MECHANICAL_DESIGN_GEOMETRIC_PRESENTATION_REPRESENTATION (  '', ( #10134 ), #5398 ) ;
#4320 = VECTOR ( 'NONE', #2933, 1000.000000000000000 ) ;
#4321 =( NAMED_UNIT ( * ) SI_UNIT ( $, .STERADIAN. ) SOLID_ANGLE_UNIT ( ) );
#4322 = LINE ( 'NONE', #11343, #1066 ) ;
#4323 = EDGE_LOOP ( 'NONE', ( #12482, #4558, #7651, #5820 ) ) ;
#4324 = ORIENTED_EDGE ( 'NONE', *, *, #2505, .T. ) ;
#4325 = AXIS2_PLACEMENT_3D ( 'NONE', #2654, #12996, #503 ) ;
#4326 = CARTESIAN_POINT ( 'NONE',  ( 5.849999999999999645, -0.4000000000000001887, 0.8199999999999999512 ) ) ;
#4327 = AXIS2_PLACEMENT_3D ( 'NONE', #9740, #7700, #7571 ) ;
#4328 = EDGE_CURVE ( 'NONE', #5446, #1867, #2805, .T. ) ;
#4329 = MECHANICAL_DESIGN_GEOMETRIC_PRESENTATION_REPRESENTATION (  '', ( #6250 ), #11660 ) ;
#4330 = CARTESIAN_POINT ( 'NONE',  ( -5.299999999999998934, 3.049999999999999822, 0.8199999999999999512 ) ) ;
#4331 = LINE ( 'NONE', #1386, #7947 ) ;
#4332 = DIRECTION ( 'NONE',  ( -1.000000000000000000, 0.000000000000000000, -0.000000000000000000 ) ) ;
#4333 = FILL_AREA_STYLE_COLOUR ( '', #11368 ) ;
#4334 = ORIENTED_EDGE ( 'NONE', *, *, #4620, .F. ) ;
#4335 = ORIENTED_EDGE ( 'NONE', *, *, #1367, .F. ) ;
#4336 = FACE_OUTER_BOUND ( 'NONE', #6478, .T. ) ;
#4337 = SURFACE_STYLE_FILL_AREA ( #9451 ) ;
#4338 = COLOUR_RGB ( '',0.9411764705882352811, 0.6274509803921568540, 0.05490196078431372473 ) ;
#4339 = LINE ( 'NONE', #7372, #11169 ) ;
#4340 = ORIENTED_EDGE ( 'NONE', *, *, #562, .F. ) ;
#4341 = DIRECTION ( 'NONE',  ( 0.000000000000000000, -1.000000000000000000, 0.000000000000000000 ) ) ;
#4342 = CARTESIAN_POINT ( 'NONE',  ( 6.099999999999999645, 7.450000000000000178, 0.8199999999999999512 ) ) ;
#4343 = AXIS2_PLACEMENT_3D ( 'NONE', #8256, #12525, #3428 ) ;
#4344 =( LENGTH_UNIT ( ) NAMED_UNIT ( * ) SI_UNIT ( .MILLI., .METRE. ) );
#4345 = LINE ( 'NONE', #3224, #8795 ) ;
#4346 = ADVANCED_FACE ( 'NONE', ( #10047 ), #11070, .F. ) ;
#4347 = COLOUR_RGB ( '',0.000000000000000000, 1.000000000000000000, 0.000000000000000000 ) ;
#4348 = PRESENTATION_STYLE_ASSIGNMENT (( #9739 ) ) ;
#4349 = ORIENTED_EDGE ( 'NONE', *, *, #676, .F. ) ;
#4350 = SURFACE_SIDE_STYLE ('',( #265 ) ) ;
#4351 = DIRECTION ( 'NONE',  ( 0.000000000000000000, 0.000000000000000000, -1.000000000000000000 ) ) ;
#4352 = AXIS2_PLACEMENT_3D ( 'NONE', #105, #12412, #3202 ) ;
#4353 = EDGE_LOOP ( 'NONE', ( #12866, #8971, #3023, #7141 ) ) ;
#4354 = FILL_AREA_STYLE ('',( #396 ) ) ;
#4355 = FACE_OUTER_BOUND ( 'NONE', #10602, .T. ) ;
#4356 = VERTEX_POINT ( 'NONE', #6877 ) ;
#4357 = CARTESIAN_POINT ( 'NONE',  ( -6.099999999999999645, -0.6500000000000003553, 0.000000000000000000 ) ) ;
#4358 = CARTESIAN_POINT ( 'NONE',  ( 6.099999999999999645, 5.249999999999999112, 0.8199999999999999512 ) ) ;
#4359 = ORIENTED_EDGE ( 'NONE', *, *, #4466, .T. ) ;
#4360 = AXIS2_PLACEMENT_3D ( 'NONE', #11294, #5949, #9058 ) ;
#4361 = DIRECTION ( 'NONE',  ( 0.000000000000000000, 0.000000000000000000, -1.000000000000000000 ) ) ;
#4362 = ORIENTED_EDGE ( 'NONE', *, *, #8878, .F. ) ;
#4363 = EDGE_CURVE ( 'NONE', #8911, #11767, #10941, .T. ) ;
#4364 =( GEOMETRIC_REPRESENTATION_CONTEXT ( 3 ) GLOBAL_UNCERTAINTY_ASSIGNED_CONTEXT ( ( #880 ) ) GLOBAL_UNIT_ASSIGNED_CONTEXT ( ( #1567, #10930, #3651 ) ) REPRESENTATION_CONTEXT ( 'NONE', 'WORKASPACE' ) );
#4365 = SURFACE_STYLE_FILL_AREA ( #6233 ) ;
#4366 = FILL_AREA_STYLE_COLOUR ( '', #2755 ) ;
#4367 = CARTESIAN_POINT ( 'NONE',  ( 5.299999999999998934, 6.349999999999999645, 0.8199999999999999512 ) ) ;
#4368 = ORIENTED_EDGE ( 'NONE', *, *, #10776, .F. ) ;
#4369 = CARTESIAN_POINT ( 'NONE',  ( -6.099999999999999645, 0.04999999999999969746, 0.8199999999999999512 ) ) ;
#4370 = FILL_AREA_STYLE ('',( #8533 ) ) ;
#4371 = DIRECTION ( 'NONE',  ( 0.000000000000000000, -0.000000000000000000, -1.000000000000000000 ) ) ;
#4372 =( GEOMETRIC_REPRESENTATION_CONTEXT ( 3 ) GLOBAL_UNCERTAINTY_ASSIGNED_CONTEXT ( ( #12981 ) ) GLOBAL_UNIT_ASSIGNED_CONTEXT ( ( #8627, #4715, #2462 ) ) REPRESENTATION_CONTEXT ( 'NONE', 'WORKASPACE' ) );
#4373 = ORIENTED_EDGE ( 'NONE', *, *, #895, .F. ) ;
#4374 = CARTESIAN_POINT ( 'NONE',  ( -5.299999999999998934, 0.04999999999999969746, 0.8199999999999999512 ) ) ;
#4375 = SURFACE_STYLE_FILL_AREA ( #7334 ) ;
#4376 = DIRECTION ( 'NONE',  ( 1.000000000000000000, -0.000000000000000000, -0.000000000000000000 ) ) ;
#4377 = PLANE ( 'NONE',  #211 ) ;
#4378 = DIRECTION ( 'NONE',  ( 1.000000000000000000, 0.000000000000000000, 0.000000000000000000 ) ) ;
#4379 = EDGE_CURVE ( 'NONE', #11083, #12989, #11018, .T. ) ;
#4380 = SURFACE_STYLE_FILL_AREA ( #2448 ) ;
#4381 = ADVANCED_FACE ( 'NONE', ( #1789 ), #12953, .T. ) ;
#4382 = UNCERTAINTY_MEASURE_WITH_UNIT (LENGTH_MEASURE( 1.000000000000000082E-05 ), #10640, 'distance_accuracy_value', 'NONE');
#4383 = CARTESIAN_POINT ( 'NONE',  ( 6.099999999999999645, 6.150000000000000355, 0.8199999999999999512 ) ) ;
#4384 = ORIENTED_EDGE ( 'NONE', *, *, #8447, .T. ) ;
#4385 = ORIENTED_EDGE ( 'NONE', *, *, #11681, .T. ) ;
#4386 = CARTESIAN_POINT ( 'NONE',  ( 6.099999999999999645, 4.349999999999999645, 0.000000000000000000 ) ) ;
#4387 = CARTESIAN_POINT ( 'NONE',  ( -6.099999999999999645, -5.900000000000000355, 0.8199999999999999512 ) ) ;
#4388 = DIRECTION ( 'NONE',  ( -0.000000000000000000, 1.000000000000000000, -0.000000000000000000 ) ) ;
#4389 = EDGE_CURVE ( 'NONE', #2611, #333, #5200, .T. ) ;
#4390 = ORIENTED_EDGE ( 'NONE', *, *, #12949, .F. ) ;
#4391 = FILL_AREA_STYLE_COLOUR ( '', #292 ) ;
#4392 = ORIENTED_EDGE ( 'NONE', *, *, #3058, .F. ) ;
#4393 = PRESENTATION_STYLE_ASSIGNMENT (( #7279 ) ) ;
#4394 = DIRECTION ( 'NONE',  ( 0.000000000000000000, -1.000000000000000000, 0.000000000000000000 ) ) ;
#4395 = CARTESIAN_POINT ( 'NONE',  ( 5.299999999999998934, 4.150000000000000355, 0.8199999999999999512 ) ) ;
#4396 = PRESENTATION_STYLE_ASSIGNMENT (( #7614 ) ) ;
#4397 = ORIENTED_EDGE ( 'NONE', *, *, #3497, .F. ) ;
#4398 = DIRECTION ( 'NONE',  ( 0.000000000000000000, 0.000000000000000000, 1.000000000000000000 ) ) ;
#4399 = LINE ( 'NONE', #5415, #4862 ) ;
#4400 = EDGE_CURVE ( 'NONE', #1460, #9056, #9364, .T. ) ;
#4401 = LINE ( 'NONE', #323, #638 ) ;
#4402 = ORIENTED_EDGE ( 'NONE', *, *, #8894, .F. ) ;
#4403 = DIRECTION ( 'NONE',  ( 0.000000000000000000, 0.000000000000000000, -1.000000000000000000 ) ) ;
#4404 =( NAMED_UNIT ( * ) SI_UNIT ( $, .STERADIAN. ) SOLID_ANGLE_UNIT ( ) );
#4405 =( LENGTH_UNIT ( ) NAMED_UNIT ( * ) SI_UNIT ( .MILLI., .METRE. ) );
#4406 = DIRECTION ( 'NONE',  ( -0.000000000000000000, 0.000000000000000000, 1.000000000000000000 ) ) ;
#4407 = UNCERTAINTY_MEASURE_WITH_UNIT (LENGTH_MEASURE( 1.000000000000000082E-05 ), #10052, 'distance_accuracy_value', 'NONE');
#4408 = ORIENTED_EDGE ( 'NONE', *, *, #5465, .F. ) ;
#4409 = FACE_OUTER_BOUND ( 'NONE', #9996, .T. ) ;
#4410 = STYLED_ITEM ( 'NONE', ( #6718 ), #8349 ) ;
#4411 = CARTESIAN_POINT ( 'NONE',  ( 6.099999999999999645, -6.550000000000000711, 0.8199999999999999512 ) ) ;
#4412 = DIRECTION ( 'NONE',  ( -1.000000000000000000, 0.000000000000000000, 0.000000000000000000 ) ) ;
#4413 = STYLED_ITEM ( 'NONE', ( #1375 ), #7242 ) ;
#4414 = EDGE_LOOP ( 'NONE', ( #5294, #9416, #13218, #11576 ) ) ;
#4415 = EDGE_CURVE ( 'NONE', #299, #502, #5259, .T. ) ;
#4416 = PRESENTATION_STYLE_ASSIGNMENT (( #11565 ) ) ;
#4417 = DIRECTION ( 'NONE',  ( -0.000000000000000000, -0.000000000000000000, -1.000000000000000000 ) ) ;
#4418 = ORIENTED_EDGE ( 'NONE', *, *, #11545, .T. ) ;
#4419 = FACE_OUTER_BOUND ( 'NONE', #486, .T. ) ;
#4420 =( LENGTH_UNIT ( ) NAMED_UNIT ( * ) SI_UNIT ( .MILLI., .METRE. ) );
#4421 = ORIENTED_EDGE ( 'NONE', *, *, #4728, .F. ) ;
#4422 = SURFACE_SIDE_STYLE ('',( #341 ) ) ;
#4423 = VECTOR ( 'NONE', #12334, 1000.000000000000000 ) ;
#4424 = DIRECTION ( 'NONE',  ( 0.000000000000000000, 0.000000000000000000, -1.000000000000000000 ) ) ;
#4425 = CARTESIAN_POINT ( 'NONE',  ( 5.299999999999998934, 3.049999999999999822, 0.8199999999999999512 ) ) ;
#4426 = VERTEX_POINT ( 'NONE', #8161 ) ;
#4427 = EDGE_CURVE ( 'NONE', #3466, #7829, #6124, .T. ) ;
#4428 = LINE ( 'NONE', #3513, #2279 ) ;
#4429 =( LENGTH_UNIT ( ) NAMED_UNIT ( * ) SI_UNIT ( .MILLI., .METRE. ) );
#4430 = PRESENTATION_LAYER_ASSIGNMENT (  '', '', ( #5077 ) ) ;
#4431 = ORIENTED_EDGE ( 'NONE', *, *, #12904, .T. ) ;
#4432 = DIRECTION ( 'NONE',  ( 0.000000000000000000, 0.000000000000000000, -1.000000000000000000 ) ) ;
#4433 = DIRECTION ( 'NONE',  ( 1.000000000000000000, 0.000000000000000000, -0.000000000000000000 ) ) ;
#4434 = STYLED_ITEM ( 'NONE', ( #463 ), #642 ) ;
#4435 = STYLED_ITEM ( 'NONE', ( #9616 ), #2295 ) ;
#4436 = CARTESIAN_POINT ( 'NONE',  ( -6.099999999999999645, -1.750000000000000444, 0.8199999999999999512 ) ) ;
#4437 = ORIENTED_EDGE ( 'NONE', *, *, #1394, .T. ) ;
#4438 = FILL_AREA_STYLE_COLOUR ( '', #4729 ) ;
#4439 = FILL_AREA_STYLE_COLOUR ( '', #12883 ) ;
#4440 = EDGE_CURVE ( 'NONE', #1349, #13245, #12276, .T. ) ;
#4441 = CARTESIAN_POINT ( 'NONE',  ( -6.099999999999999645, -1.050000000000000266, 0.8199999999999999512 ) ) ;
#4442 = CARTESIAN_POINT ( 'NONE',  ( 5.299999999999998934, 2.149999999999999911, 0.8199999999999999512 ) ) ;
#4443 =( LENGTH_UNIT ( ) NAMED_UNIT ( * ) SI_UNIT ( .MILLI., .METRE. ) );
#4444 = VERTEX_POINT ( 'NONE', #8288 ) ;
#4445 =( LENGTH_UNIT ( ) NAMED_UNIT ( * ) SI_UNIT ( .MILLI., .METRE. ) );
#4446 =( GEOMETRIC_REPRESENTATION_CONTEXT ( 3 ) GLOBAL_UNCERTAINTY_ASSIGNED_CONTEXT ( ( #10154 ) ) GLOBAL_UNIT_ASSIGNED_CONTEXT ( ( #11774, #6648, #5445 ) ) REPRESENTATION_CONTEXT ( 'NONE', 'WORKASPACE' ) );
#4447 = ORIENTED_EDGE ( 'NONE', *, *, #1118, .F. ) ;
#4448 = EDGE_CURVE ( 'NONE', #9839, #11897, #2113, .T. ) ;
#4449 =( LENGTH_UNIT ( ) NAMED_UNIT ( * ) SI_UNIT ( .MILLI., .METRE. ) );
#4450 = DIRECTION ( 'NONE',  ( -1.000000000000000000, 0.000000000000000000, 0.000000000000000000 ) ) ;
#4451 = SURFACE_STYLE_FILL_AREA ( #7493 ) ;
#4452 = DIRECTION ( 'NONE',  ( -2.001604010742470009E-16, 1.000000000000000000, 0.000000000000000000 ) ) ;
#4453 = CARTESIAN_POINT ( 'NONE',  ( 6.099999999999999645, -3.050000000000000266, 0.8199999999999999512 ) ) ;
#4454 = EDGE_CURVE ( 'NONE', #7122, #11404, #4132, .T. ) ;
#4455 = VECTOR ( 'NONE', #757, 1000.000000000000000 ) ;
#4456 = VECTOR ( 'NONE', #9933, 1000.000000000000000 ) ;
#4457 = CARTESIAN_POINT ( 'NONE',  ( -3.999999999999999112, 6.000000000000000000, 2.400000000000000355 ) ) ;
#4458 = DIRECTION ( 'NONE',  ( 1.000000000000000000, 0.000000000000000000, 0.000000000000000000 ) ) ;
#4459 = CARTESIAN_POINT ( 'NONE',  ( 6.099999999999999645, 3.700000000000000178, 0.8199999999999999512 ) ) ;
#4460 = PRESENTATION_STYLE_ASSIGNMENT (( #3480 ) ) ;
#4461 = ORIENTED_EDGE ( 'NONE', *, *, #1382, .T. ) ;
#4462 =( GEOMETRIC_REPRESENTATION_CONTEXT ( 3 ) GLOBAL_UNCERTAINTY_ASSIGNED_CONTEXT ( ( #3821 ) ) GLOBAL_UNIT_ASSIGNED_CONTEXT ( ( #9049, #5143, #2885 ) ) REPRESENTATION_CONTEXT ( 'NONE', 'WORKASPACE' ) );
#4463 = FILL_AREA_STYLE_COLOUR ( '', #3875 ) ;
#4464 = PRESENTATION_LAYER_ASSIGNMENT (  '', '', ( #13078 ) ) ;
#4465 = STYLED_ITEM ( 'NONE', ( #1453 ), #10797 ) ;
#4466 = EDGE_CURVE ( 'NONE', #10080, #10063, #11409, .T. ) ;
#4467 = EDGE_CURVE ( 'NONE', #4865, #2467, #7006, .T. ) ;
#4468 = VERTEX_POINT ( 'NONE', #6004 ) ;
#4469 = ORIENTED_EDGE ( 'NONE', *, *, #12614, .F. ) ;
#4470 = LINE ( 'NONE', #194, #7335 ) ;
#4471 =( LENGTH_UNIT ( ) NAMED_UNIT ( * ) SI_UNIT ( .MILLI., .METRE. ) );
#4472 = VECTOR ( 'NONE', #2725, 1000.000000000000000 ) ;
#4473 = COLOUR_RGB ( '',0.9411764705882352811, 0.6274509803921568540, 0.05490196078431372473 ) ;
#4474 = ORIENTED_EDGE ( 'NONE', *, *, #8929, .F. ) ;
#4475 = SURFACE_SIDE_STYLE ('',( #10942 ) ) ;
#4476 = VERTEX_POINT ( 'NONE', #11338 ) ;
#4477 = MECHANICAL_DESIGN_GEOMETRIC_PRESENTATION_REPRESENTATION (  '', ( #9430 ), #9213 ) ;
#4478 = COLOUR_RGB ( '',0.9411764705882352811, 0.6274509803921568540, 0.05490196078431372473 ) ;
#4479 = SURFACE_STYLE_FILL_AREA ( #8848 ) ;
#4480 = FILL_AREA_STYLE ('',( #6297 ) ) ;
#4481 = ORIENTED_EDGE ( 'NONE', *, *, #1726, .F. ) ;
#4482 = DIRECTION ( 'NONE',  ( -1.000000000000000000, 0.000000000000000000, 0.000000000000000000 ) ) ;
#4483 = VECTOR ( 'NONE', #2856, 1000.000000000000000 ) ;
#4484 =( GEOMETRIC_REPRESENTATION_CONTEXT ( 3 ) GLOBAL_UNCERTAINTY_ASSIGNED_CONTEXT ( ( #9917 ) ) GLOBAL_UNIT_ASSIGNED_CONTEXT ( ( #4628, #5714, #6109 ) ) REPRESENTATION_CONTEXT ( 'NONE', 'WORKASPACE' ) );
#4485 = EDGE_CURVE ( 'NONE', #4214, #13058, #1873, .T. ) ;
#4486 = VECTOR ( 'NONE', #7879, 1000.000000000000000 ) ;
#4487 = LINE ( 'NONE', #1475, #2739 ) ;
#4488 =( GEOMETRIC_REPRESENTATION_CONTEXT ( 3 ) GLOBAL_UNCERTAINTY_ASSIGNED_CONTEXT ( ( #11437 ) ) GLOBAL_UNIT_ASSIGNED_CONTEXT ( ( #7239, #7392, #11508 ) ) REPRESENTATION_CONTEXT ( 'NONE', 'WORKASPACE' ) );
#4489 = CARTESIAN_POINT ( 'NONE',  ( 6.099999999999999645, 3.250000000000000444, 0.8199999999999999512 ) ) ;
#4490 = ORIENTED_EDGE ( 'NONE', *, *, #11384, .F. ) ;
#4491 = ORIENTED_EDGE ( 'NONE', *, *, #4415, .F. ) ;
#4492 = COLOUR_RGB ( '',0.9411764705882352811, 0.6274509803921568540, 0.05490196078431372473 ) ;
#4493 = COLOUR_RGB ( '',0.9411764705882352811, 0.6274509803921568540, 0.05490196078431372473 ) ;
#4494 = SURFACE_STYLE_USAGE ( .BOTH. , #12540 ) ;
#4495 =( LENGTH_UNIT ( ) NAMED_UNIT ( * ) SI_UNIT ( .MILLI., .METRE. ) );
#4496 = DIRECTION ( 'NONE',  ( 0.000000000000000000, 0.000000000000000000, -1.000000000000000000 ) ) ;
#4497 = CARTESIAN_POINT ( 'NONE',  ( 6.099999999999999645, -2.150000000000000355, 0.8199999999999999512 ) ) ;
#4498 = ADVANCED_FACE ( 'NONE', ( #927 ), #13214, .T. ) ;
#4499 = UNCERTAINTY_MEASURE_WITH_UNIT (LENGTH_MEASURE( 1.000000000000000082E-05 ), #10435, 'distance_accuracy_value', 'NONE');
#4500 = EDGE_CURVE ( 'NONE', #1021, #8792, #1500, .T. ) ;
#4501 = COLOUR_RGB ( '',0.000000000000000000, 1.000000000000000000, 0.000000000000000000 ) ;
#4502 = CARTESIAN_POINT ( 'NONE',  ( 6.099999999999999645, 6.550000000000000711, 0.000000000000000000 ) ) ;
#4503 = VERTEX_POINT ( 'NONE', #6473 ) ;
#4504 =( LENGTH_UNIT ( ) NAMED_UNIT ( * ) SI_UNIT ( .MILLI., .METRE. ) );
#4505 = DIRECTION ( 'NONE',  ( -0.000000000000000000, -0.000000000000000000, -1.000000000000000000 ) ) ;
#4506 = LINE ( 'NONE', #11477, #2626 ) ;
#4507 = PRESENTATION_STYLE_ASSIGNMENT (( #11670 ) ) ;
#4508 = VECTOR ( 'NONE', #12141, 1000.000000000000000 ) ;
#4509 = PLANE ( 'NONE',  #9793 ) ;
#4510 = ORIENTED_EDGE ( 'NONE', *, *, #7597, .T. ) ;
#4511 = PRESENTATION_STYLE_ASSIGNMENT (( #7413 ) ) ;
#4512 = CARTESIAN_POINT ( 'NONE',  ( 6.099999999999999645, 7.450000000000000178, 0.8199999999999999512 ) ) ;
#4513 = VERTEX_POINT ( 'NONE', #10598 ) ;
#4514 = PRESENTATION_LAYER_ASSIGNMENT (  '', '', ( #10782 ) ) ;
#4515 = STYLED_ITEM ( 'NONE', ( #6751 ), #4306 ) ;
#4516 = DIRECTION ( 'NONE',  ( 0.000000000000000000, 0.000000000000000000, -1.000000000000000000 ) ) ;
#4517 = EDGE_CURVE ( 'NONE', #3974, #8311, #3335, .T. ) ;
#4518 = VECTOR ( 'NONE', #5124, 1000.000000000000000 ) ;
#4519 = VECTOR ( 'NONE', #3785, 1000.000000000000000 ) ;
#4520 = LINE ( 'NONE', #10933, #4519 ) ;
#4521 = DIRECTION ( 'NONE',  ( 0.000000000000000000, -1.000000000000000000, 0.000000000000000000 ) ) ;
#4522 = SURFACE_STYLE_USAGE ( .BOTH. , #2526 ) ;
#4523 = DIRECTION ( 'NONE',  ( 1.000000000000000000, 0.000000000000000000, 0.000000000000000000 ) ) ;
#4524 = DIRECTION ( 'NONE',  ( 0.000000000000000000, 0.000000000000000000, -1.000000000000000000 ) ) ;
#4525 = AXIS2_PLACEMENT_3D ( 'NONE', #5191, #11401, #11328 ) ;
#4526 = STYLED_ITEM ( 'NONE', ( #5060 ), #4498 ) ;
#4527 = SURFACE_STYLE_USAGE ( .BOTH. , #1516 ) ;
#4528 = VERTEX_POINT ( 'NONE', #4386 ) ;
#4529 = AXIS2_PLACEMENT_3D ( 'NONE', #5849, #12796, #11975 ) ;
#4530 = COLOUR_RGB ( '',0.9411764705882352811, 0.6274509803921568540, 0.05490196078431372473 ) ;
#4531 = DIRECTION ( 'NONE',  ( 0.000000000000000000, 0.000000000000000000, -1.000000000000000000 ) ) ;
#4532 = MECHANICAL_DESIGN_GEOMETRIC_PRESENTATION_REPRESENTATION (  '', ( #2201 ), #3909 ) ;
#4533 =( LENGTH_UNIT ( ) NAMED_UNIT ( * ) SI_UNIT ( .MILLI., .METRE. ) );
#4534 = PLANE ( 'NONE',  #5376 ) ;
#4535 = VECTOR ( 'NONE', #5985, 1000.000000000000000 ) ;
#4536 = UNCERTAINTY_MEASURE_WITH_UNIT (LENGTH_MEASURE( 1.000000000000000082E-05 ), #674, 'distance_accuracy_value', 'NONE');
#4537 = ORIENTED_EDGE ( 'NONE', *, *, #6438, .T. ) ;
#4538 = STYLED_ITEM ( 'NONE', ( #10786 ), #9158 ) ;
#4539 = DIRECTION ( 'NONE',  ( 0.000000000000000000, 0.000000000000000000, -1.000000000000000000 ) ) ;
#4540 = ORIENTED_EDGE ( 'NONE', *, *, #12390, .T. ) ;
#4541 = LINE ( 'NONE', #11389, #10138 ) ;
#4542 = CARTESIAN_POINT ( 'NONE',  ( 6.099999999999999645, -7.250000000000000000, 0.8199999999999999512 ) ) ;
#4543 = VERTEX_POINT ( 'NONE', #9433 ) ;
#4544 = MECHANICAL_DESIGN_GEOMETRIC_PRESENTATION_REPRESENTATION (  '', ( #10588 ), #272 ) ;
#4545 = CARTESIAN_POINT ( 'NONE',  ( 6.099999999999999645, -6.350000000000000533, 0.8199999999999999512 ) ) ;
#4547 = EDGE_CURVE ( 'NONE', #11865, #4928, #5582, .T. ) ;
#4546 = EDGE_LOOP ( 'NONE', ( #2697, #13103, #7002, #8428, #11193, #7520, #11028 ) ) ;
#4548 = SURFACE_STYLE_USAGE ( .BOTH. , #4422 ) ;
#4549 = EDGE_CURVE ( 'NONE', #11762, #9795, #2393, .T. ) ;
#4550 = COLOUR_RGB ( '',0.9411764705882352811, 0.6274509803921568540, 0.05490196078431372473 ) ;
#4551 = PRESENTATION_LAYER_ASSIGNMENT (  '', '', ( #5421 ) ) ;
#4552 =( LENGTH_UNIT ( ) NAMED_UNIT ( * ) SI_UNIT ( .MILLI., .METRE. ) );
#4553 = DIRECTION ( 'NONE',  ( -1.000000000000000000, -0.000000000000000000, -0.000000000000000000 ) ) ;
#4554 = LINE ( 'NONE', #4425, #2331 ) ;
#4555 = ORIENTED_EDGE ( 'NONE', *, *, #11415, .T. ) ;
#4556 = VECTOR ( 'NONE', #4403, 1000.000000000000000 ) ;
#4557 = SURFACE_STYLE_USAGE ( .BOTH. , #488 ) ;
#4558 = ORIENTED_EDGE ( 'NONE', *, *, #11732, .F. ) ;
#4559 = SURFACE_SIDE_STYLE ('',( #2701 ) ) ;
#4560 = DIRECTION ( 'NONE',  ( 0.000000000000000000, 1.000000000000000000, 0.000000000000000000 ) ) ;
#4561 = DIRECTION ( 'NONE',  ( 1.000000000000000000, 0.000000000000000000, 0.000000000000000000 ) ) ;
#4562 = EDGE_CURVE ( 'NONE', #8165, #11604, #4506, .T. ) ;
#4563 = COLOUR_RGB ( '',0.7921568627450980005, 0.8196078431372548767, 0.9333333333333333481 ) ;
#4564 = PRESENTATION_STYLE_ASSIGNMENT (( #3381 ) ) ;
#4565 = FACE_OUTER_BOUND ( 'NONE', #8960, .T. ) ;
#4566 = PRESENTATION_LAYER_ASSIGNMENT (  '', '', ( #2449 ) ) ;
#4567 = MECHANICAL_DESIGN_GEOMETRIC_PRESENTATION_REPRESENTATION (  '', ( #12545 ), #11471 ) ;
#4568 = DIRECTION ( 'NONE',  ( -0.000000000000000000, 1.000000000000000000, -0.000000000000000000 ) ) ;
#4569 = ORIENTED_EDGE ( 'NONE', *, *, #9666, .T. ) ;
#4570 = FILL_AREA_STYLE ('',( #3642 ) ) ;
#4571 = LINE ( 'NONE', #3707, #9878 ) ;
#4572 = FACE_OUTER_BOUND ( 'NONE', #9820, .T. ) ;
#4573 = DIRECTION ( 'NONE',  ( 1.000000000000000000, 0.000000000000000000, 0.000000000000000000 ) ) ;
#4574 = DIRECTION ( 'NONE',  ( -0.000000000000000000, -0.000000000000000000, -1.000000000000000000 ) ) ;
#4575 = MECHANICAL_DESIGN_GEOMETRIC_PRESENTATION_REPRESENTATION (  '', ( #11904 ), #5867 ) ;
#4576 = EDGE_CURVE ( 'NONE', #1006, #6447, #5395, .T. ) ;
#4577 = ORIENTED_EDGE ( 'NONE', *, *, #1080, .T. ) ;
#4578 =( NAMED_UNIT ( * ) PLANE_ANGLE_UNIT ( ) SI_UNIT ( $, .RADIAN. ) );
#4579 = LINE ( 'NONE', #8684, #872 ) ;
#4580 = ORIENTED_EDGE ( 'NONE', *, *, #6696, .T. ) ;
#4581 = COLOUR_RGB ( '',0.9411764705882352811, 0.6274509803921568540, 0.05490196078431372473 ) ;
#4582 = CARTESIAN_POINT ( 'NONE',  ( -4.500000000000000888, 6.500000000000000000, 2.400000000000000355 ) ) ;
#4583 = FACE_OUTER_BOUND ( 'NONE', #1165, .T. ) ;
#4584 = LINE ( 'NONE', #2596, #10998 ) ;
#4585 = DIRECTION ( 'NONE',  ( -0.000000000000000000, -0.000000000000000000, -1.000000000000000000 ) ) ;
#4586 = ORIENTED_EDGE ( 'NONE', *, *, #6774, .F. ) ;
#4587 = DIRECTION ( 'NONE',  ( 0.000000000000000000, -1.000000000000000000, 0.000000000000000000 ) ) ;
#4588 = EDGE_CURVE ( 'NONE', #11211, #11699, #233, .T. ) ;
#4589 = PLANE ( 'NONE',  #9432 ) ;
#4590 = VERTEX_POINT ( 'NONE', #3527 ) ;
#4591 = SURFACE_STYLE_USAGE ( .BOTH. , #11820 ) ;
#4592 = EDGE_LOOP ( 'NONE', ( #12131, #7769, #7515, #1121 ) ) ;
#4593 = CARTESIAN_POINT ( 'NONE',  ( 6.099999999999999645, -7.000000000000000000, 0.8199999999999999512 ) ) ;
#4594 = DIRECTION ( 'NONE',  ( -0.000000000000000000, 1.000000000000000000, -0.000000000000000000 ) ) ;
#4595 = ORIENTED_EDGE ( 'NONE', *, *, #8463, .F. ) ;
#4596 = DIRECTION ( 'NONE',  ( -1.000000000000000000, 0.000000000000000000, -0.000000000000000000 ) ) ;
#4597 = ORIENTED_EDGE ( 'NONE', *, *, #5034, .T. ) ;
#4598 = EDGE_CURVE ( 'NONE', #144, #2835, #6593, .T. ) ;
#4599 = CARTESIAN_POINT ( 'NONE',  ( -6.099999999999999645, 5.899999999999999467, 0.000000000000000000 ) ) ;
#4600 =( LENGTH_UNIT ( ) NAMED_UNIT ( * ) SI_UNIT ( .MILLI., .METRE. ) );
#4601 = SURFACE_STYLE_FILL_AREA ( #10836 ) ;
#4602 = VERTEX_POINT ( 'NONE', #1307 ) ;
#4603 = ADVANCED_FACE ( 'NONE', ( #8429 ), #4246, .T. ) ;
#4604 = SURFACE_STYLE_FILL_AREA ( #9495 ) ;
#4605 = SURFACE_STYLE_FILL_AREA ( #5561 ) ;
#4606 = ADVANCED_FACE ( 'NONE', ( #7546 ), #5519, .T. ) ;
#4607 = UNCERTAINTY_MEASURE_WITH_UNIT (LENGTH_MEASURE( 1.000000000000000082E-05 ), #151, 'distance_accuracy_value', 'NONE');
#4608 = ORIENTED_EDGE ( 'NONE', *, *, #4728, .T. ) ;
#4609 = PLANE ( 'NONE',  #4614 ) ;
#4610 = ORIENTED_EDGE ( 'NONE', *, *, #12094, .F. ) ;
#4611 = FILL_AREA_STYLE_COLOUR ( '', #62 ) ;
#4612 =( NAMED_UNIT ( * ) SI_UNIT ( $, .STERADIAN. ) SOLID_ANGLE_UNIT ( ) );
#4613 = DIRECTION ( 'NONE',  ( 0.000000000000000000, -0.000000000000000000, -1.000000000000000000 ) ) ;
#4614 = AXIS2_PLACEMENT_3D ( 'NONE', #12843, #5699, #12987 ) ;
#4616 = VECTOR ( 'NONE', #9491, 1000.000000000000000 ) ;
#4615 = CARTESIAN_POINT ( 'NONE',  ( -5.299999999999998934, 5.249999999999999112, 0.8199999999999999512 ) ) ;
#4617 = LINE ( 'NONE', #8729, #3685 ) ;
#4618 = COLOUR_RGB ( '',0.9411764705882352811, 0.6274509803921568540, 0.05490196078431372473 ) ;
#4619 = LINE ( 'NONE', #4696, #1264 ) ;
#4620 = EDGE_CURVE ( 'NONE', #1483, #697, #9278, .T. ) ;
#4621 = UNCERTAINTY_MEASURE_WITH_UNIT (LENGTH_MEASURE( 1.000000000000000082E-05 ), #8466, 'distance_accuracy_value', 'NONE');
#4622 = AXIS2_PLACEMENT_3D ( 'NONE', #12277, #9365, #12347 ) ;
#4623 = AXIS2_PLACEMENT_3D ( 'NONE', #11111, #890, #756 ) ;
#4624 = DIRECTION ( 'NONE',  ( 0.000000000000000000, -1.000000000000000000, 0.000000000000000000 ) ) ;
#4625 = ORIENTED_EDGE ( 'NONE', *, *, #12782, .F. ) ;
#4626 = CARTESIAN_POINT ( 'NONE',  ( 5.849999999999999645, -7.000000000000000000, 0.8199999999999999512 ) ) ;
#4627 = SURFACE_SIDE_STYLE ('',( #8678 ) ) ;
#4628 =( LENGTH_UNIT ( ) NAMED_UNIT ( * ) SI_UNIT ( .MILLI., .METRE. ) );
#4629 = ORIENTED_EDGE ( 'NONE', *, *, #7744, .F. ) ;
#4630 = DIRECTION ( 'NONE',  ( 0.000000000000000000, -1.000000000000000000, 0.000000000000000000 ) ) ;
#4631 = DIRECTION ( 'NONE',  ( -1.000000000000000000, 0.000000000000000000, 0.000000000000000000 ) ) ;
#4632 = CLOSED_SHELL ( 'NONE', ( #5198, #3782, #9208, #6269, #6387, #1572, #11041, #11008, #7003 ) ) ;
#4633 = ORIENTED_EDGE ( 'NONE', *, *, #11981, .F. ) ;
#4634 = FILL_AREA_STYLE_COLOUR ( '', #5002 ) ;
#4635 = DIRECTION ( 'NONE',  ( 0.000000000000000000, 0.000000000000000000, 1.000000000000000000 ) ) ;
#4636 = ORIENTED_EDGE ( 'NONE', *, *, #11113, .T. ) ;
#4637 = STYLED_ITEM ( 'NONE', ( #3101 ), #2571 ) ;
#4638 = FILL_AREA_STYLE_COLOUR ( '', #7531 ) ;
#4639 = ADVANCED_FACE ( 'NONE', ( #7874 ), #5917, .F. ) ;
#4640 = LINE ( 'NONE', #9722, #5649 ) ;
#4641 =( NAMED_UNIT ( * ) PLANE_ANGLE_UNIT ( ) SI_UNIT ( $, .RADIAN. ) );
#4642 = FACE_OUTER_BOUND ( 'NONE', #9704, .T. ) ;
#4643 = LINE ( 'NONE', #11930, #9425 ) ;
#4644 = DIRECTION ( 'NONE',  ( 0.000000000000000000, 0.000000000000000000, -1.000000000000000000 ) ) ;
#4645 = PRESENTATION_LAYER_ASSIGNMENT (  '', '', ( #12413 ) ) ;
#4646 = AXIS2_PLACEMENT_3D ( 'NONE', #3148, #7020, #12147 ) ;
#4647 = ORIENTED_EDGE ( 'NONE', *, *, #704, .T. ) ;
#4648 = CARTESIAN_POINT ( 'NONE',  ( 6.099999999999999645, 0.04999999999999969746, 0.8199999999999999512 ) ) ;
#4649 = FILL_AREA_STYLE ('',( #5602 ) ) ;
#4650 = CARTESIAN_POINT ( 'NONE',  ( 5.299999999999998934, 4.150000000000000355, 0.000000000000000000 ) ) ;
#4651 = ORIENTED_EDGE ( 'NONE', *, *, #8859, .F. ) ;
#4652 = DIRECTION ( 'NONE',  ( 1.000000000000000000, -0.000000000000000000, -0.000000000000000000 ) ) ;
#4653 = FILL_AREA_STYLE_COLOUR ( '', #6400 ) ;
#4654 = SURFACE_STYLE_FILL_AREA ( #1650 ) ;
#4655 = SURFACE_SIDE_STYLE ('',( #5676 ) ) ;
#4656 = MECHANICAL_DESIGN_GEOMETRIC_PRESENTATION_REPRESENTATION (  '', ( #2330 ), #10044 ) ;
#4657 = STYLED_ITEM ( 'NONE', ( #3440 ), #5596 ) ;
#4658 = EDGE_CURVE ( 'NONE', #12395, #10348, #1695, .T. ) ;
#4659 = UNCERTAINTY_MEASURE_WITH_UNIT (LENGTH_MEASURE( 1.000000000000000082E-05 ), #11881, 'distance_accuracy_value', 'NONE');
#4660 = ORIENTED_EDGE ( 'NONE', *, *, #12871, .F. ) ;
#4661 = PRESENTATION_STYLE_ASSIGNMENT (( #10624 ) ) ;
#4662 = SURFACE_SIDE_STYLE ('',( #4863 ) ) ;
#4663 = EDGE_CURVE ( 'NONE', #12842, #7887, #5716, .T. ) ;
#4664 = CARTESIAN_POINT ( 'NONE',  ( 6.099999999999999645, -7.450000000000000178, 0.8199999999999999512 ) ) ;
#4665 = FACE_OUTER_BOUND ( 'NONE', #137, .T. ) ;
#4666 = ORIENTED_EDGE ( 'NONE', *, *, #2838, .T. ) ;
#4667 = DIRECTION ( 'NONE',  ( -1.000000000000000000, 0.000000000000000000, -0.000000000000000000 ) ) ;
#4668 =( NAMED_UNIT ( * ) SI_UNIT ( $, .STERADIAN. ) SOLID_ANGLE_UNIT ( ) );
#4669 = ORIENTED_EDGE ( 'NONE', *, *, #95, .F. ) ;
#4670 = VECTOR ( 'NONE', #3420, 1000.000000000000000 ) ;
#4671 = FILL_AREA_STYLE_COLOUR ( '', #11258 ) ;
#4672 = PLANE ( 'NONE',  #8009 ) ;
#4673 = DIRECTION ( 'NONE',  ( -1.000000000000000000, 0.000000000000000000, 0.000000000000000000 ) ) ;
#4674 = LINE ( 'NONE', #8850, #7696 ) ;
#4675 = EDGE_LOOP ( 'NONE', ( #11829, #2553, #6323, #237 ) ) ;
#4676 = SURFACE_STYLE_USAGE ( .BOTH. , #5894 ) ;
#4677 = LINE ( 'NONE', #10970, #6208 ) ;
#4678 = STYLED_ITEM ( 'NONE', ( #3084 ), #6194 ) ;
#4679 = VECTOR ( 'NONE', #622, 1000.000000000000000 ) ;
#4680 = CARTESIAN_POINT ( 'NONE',  ( 6.099999999999999645, 8.000000000000000000, 0.8199999999999999512 ) ) ;
#4681 = DIRECTION ( 'NONE',  ( -0.000000000000000000, -0.000000000000000000, -1.000000000000000000 ) ) ;
#4682 = PRESENTATION_LAYER_ASSIGNMENT (  '', '', ( #10082 ) ) ;
#4683 = COLOUR_RGB ( '',0.9411764705882352811, 0.6274509803921568540, 0.05490196078431372473 ) ;
#4684 = ORIENTED_EDGE ( 'NONE', *, *, #10922, .T. ) ;
#4685 = FACE_OUTER_BOUND ( 'NONE', #7844, .T. ) ;
#4686 = LINE ( 'NONE', #2765, #10910 ) ;
#4687 = EDGE_LOOP ( 'NONE', ( #6829, #240, #8070, #2716 ) ) ;
#4688 = DIRECTION ( 'NONE',  ( -1.000000000000000000, 0.000000000000000000, 0.000000000000000000 ) ) ;
#4689 = CARTESIAN_POINT ( 'NONE',  ( 6.099999999999999645, 3.049999999999999822, 0.000000000000000000 ) ) ;
#4690 = PLANE ( 'NONE',  #11600 ) ;
#4691 = DIRECTION ( 'NONE',  ( 0.000000000000000000, 0.000000000000000000, -1.000000000000000000 ) ) ;
#4692 = CIRCLE ( 'NONE', #10076, 0.2500000000000002220 ) ;
#4693 = AXIS2_PLACEMENT_3D ( 'NONE', #1693, #12859, #2453 ) ;
#4694 = ORIENTED_EDGE ( 'NONE', *, *, #4389, .T. ) ;
#4695 = DIRECTION ( 'NONE',  ( 0.000000000000000000, -0.000000000000000000, 1.000000000000000000 ) ) ;
#4696 = CARTESIAN_POINT ( 'NONE',  ( 5.299999999999998934, 2.149999999999999911, 0.8199999999999999512 ) ) ;
#4698 = CARTESIAN_POINT ( 'NONE',  ( -6.099999999999999645, 3.250000000000000444, 0.8199999999999999512 ) ) ;
#4697 = COLOUR_RGB ( '',0.9411764705882352811, 0.6274509803921568540, 0.05490196078431372473 ) ;
#4699 = ORIENTED_EDGE ( 'NONE', *, *, #8278, .F. ) ;
#4700 = DIRECTION ( 'NONE',  ( 0.000000000000000000, -1.000000000000000000, 0.000000000000000000 ) ) ;
#4701 = SURFACE_STYLE_FILL_AREA ( #564 ) ;
#4702 = STYLED_ITEM ( 'NONE', ( #12232 ), #12366 ) ;
#4703 = ORIENTED_EDGE ( 'NONE', *, *, #5026, .F. ) ;
#4704 = PRESENTATION_STYLE_ASSIGNMENT (( #633 ) ) ;
#4705 = SURFACE_STYLE_USAGE ( .BOTH. , #8616 ) ;
#4706 = ORIENTED_EDGE ( 'NONE', *, *, #8495, .F. ) ;
#4707 = SURFACE_SIDE_STYLE ('',( #3779 ) ) ;
#4708 = EDGE_CURVE ( 'NONE', #11500, #6754, #1346, .T. ) ;
#4709 = CARTESIAN_POINT ( 'NONE',  ( 6.099999999999999645, -1.950000000000000178, 0.8199999999999999512 ) ) ;
#4710 = ADVANCED_FACE ( 'NONE', ( #4572 ), #8943, .F. ) ;
#4711 = PLANE ( 'NONE',  #12266 ) ;
#4712 = STYLED_ITEM ( 'NONE', ( #13096 ), #1572 ) ;
#4713 = STYLED_ITEM ( 'NONE', ( #8641 ), #12544 ) ;
#4714 = STYLED_ITEM ( 'NONE', ( #13290 ), #3246 ) ;
#4715 =( NAMED_UNIT ( * ) PLANE_ANGLE_UNIT ( ) SI_UNIT ( $, .RADIAN. ) );
#4716 = ADVANCED_FACE ( 'NONE', ( #11978 ), #2788, .F. ) ;
#4717 = AXIS2_PLACEMENT_3D ( 'NONE', #5409, #8173, #7363 ) ;
#4718 = DIRECTION ( 'NONE',  ( 0.000000000000000000, -1.000000000000000000, 0.000000000000000000 ) ) ;
#4719 = DIRECTION ( 'NONE',  ( 0.000000000000000000, 0.000000000000000000, -1.000000000000000000 ) ) ;
#4720 = LINE ( 'NONE', #5803, #9420 ) ;
#4721 = VERTEX_POINT ( 'NONE', #10108 ) ;
#4722 = DIRECTION ( 'NONE',  ( 0.000000000000000000, 0.000000000000000000, 1.000000000000000000 ) ) ;
#4723 = DIRECTION ( 'NONE',  ( -0.000000000000000000, -0.000000000000000000, -1.000000000000000000 ) ) ;
#4724 = ORIENTED_EDGE ( 'NONE', *, *, #6404, .T. ) ;
#4725 = VECTOR ( 'NONE', #1381, 1000.000000000000000 ) ;
#4726 = CARTESIAN_POINT ( 'NONE',  ( 6.099999999999999645, 6.349999999999999645, 0.8199999999999999512 ) ) ;
#4727 = SURFACE_STYLE_FILL_AREA ( #9734 ) ;
#4728 = EDGE_CURVE ( 'NONE', #2132, #11990, #9089, .T. ) ;
#4729 = COLOUR_RGB ( '',0.9411764705882352811, 0.6274509803921568540, 0.05490196078431372473 ) ;
#4730 =( NAMED_UNIT ( * ) SI_UNIT ( $, .STERADIAN. ) SOLID_ANGLE_UNIT ( ) );
#4731 =( GEOMETRIC_REPRESENTATION_CONTEXT ( 3 ) GLOBAL_UNCERTAINTY_ASSIGNED_CONTEXT ( ( #7867 ) ) GLOBAL_UNIT_ASSIGNED_CONTEXT ( ( #4784, #9982, #921 ) ) REPRESENTATION_CONTEXT ( 'NONE', 'WORKASPACE' ) );
#4732 = STYLED_ITEM ( 'NONE', ( #8748 ), #12760 ) ;
#4733 = VECTOR ( 'NONE', #378, 1000.000000000000000 ) ;
#4734 = VERTEX_POINT ( 'NONE', #8212 ) ;
#4735 = CARTESIAN_POINT ( 'NONE',  ( -6.099999999999999645, 4.549999999999999822, 0.8199999999999999512 ) ) ;
#4736 = SURFACE_SIDE_STYLE ('',( #11758 ) ) ;
#4737 = PRESENTATION_LAYER_ASSIGNMENT (  '', '', ( #5403 ) ) ;
#4738 = VERTEX_POINT ( 'NONE', #11322 ) ;
#4739 = VECTOR ( 'NONE', #10516, 1000.000000000000000 ) ;
#4740 = FACE_OUTER_BOUND ( 'NONE', #6947, .T. ) ;
#4741 = CIRCLE ( 'NONE', #10142, 0.2500000000000002220 ) ;
#4742 = SURFACE_SIDE_STYLE ('',( #10215 ) ) ;
#4743 = ORIENTED_EDGE ( 'NONE', *, *, #11942, .T. ) ;
#4744 = FILL_AREA_STYLE ('',( #13032 ) ) ;
#4745 = DIRECTION ( 'NONE',  ( -1.000000000000000000, 0.000000000000000000, -0.000000000000000000 ) ) ;
#4746 = EDGE_LOOP ( 'NONE', ( #10664, #11620, #8889, #1550, #2640, #9818, #5264 ) ) ;
#4747 = EDGE_CURVE ( 'NONE', #5527, #6615, #13138, .T. ) ;
#4748 = VECTOR ( 'NONE', #6727, 1000.000000000000000 ) ;
#4749 = STYLED_ITEM ( 'NONE', ( #782 ), #4381 ) ;
#4750 =( NAMED_UNIT ( * ) SI_UNIT ( $, .STERADIAN. ) SOLID_ANGLE_UNIT ( ) );
#4751 = AXIS2_PLACEMENT_3D ( 'NONE', #10247, #10109, #9225 ) ;
#4752 = PRESENTATION_STYLE_ASSIGNMENT (( #9881 ) ) ;
#4753 = UNCERTAINTY_MEASURE_WITH_UNIT (LENGTH_MEASURE( 1.000000000000000082E-05 ), #7212, 'distance_accuracy_value', 'NONE');
#4754 = DIRECTION ( 'NONE',  ( 0.000000000000000000, 0.000000000000000000, -1.000000000000000000 ) ) ;
#4755 = PRODUCT_DEFINITION_FORMATION_WITH_SPECIFIED_SOURCE ( 'ANY', '', #11828, .NOT_KNOWN. ) ;
#4756 = ORIENTED_EDGE ( 'NONE', *, *, #8403, .T. ) ;
#4757 =( NAMED_UNIT ( * ) SI_UNIT ( $, .STERADIAN. ) SOLID_ANGLE_UNIT ( ) );
#4758 = VERTEX_POINT ( 'NONE', #5045 ) ;
#4759 = DIRECTION ( 'NONE',  ( 0.000000000000000000, 0.000000000000000000, -1.000000000000000000 ) ) ;
#4760 = CARTESIAN_POINT ( 'NONE',  ( -6.099999999999999645, -1.050000000000000266, 0.000000000000000000 ) ) ;
#4761 = AXIS2_PLACEMENT_3D ( 'NONE', #9000, #10163, #9072 ) ;
#4762 = EDGE_CURVE ( 'NONE', #3296, #1431, #10179, .T. ) ;
#4763 = PRESENTATION_STYLE_ASSIGNMENT (( #9893 ) ) ;
#4764 =( GEOMETRIC_REPRESENTATION_CONTEXT ( 3 ) GLOBAL_UNCERTAINTY_ASSIGNED_CONTEXT ( ( #482 ) ) GLOBAL_UNIT_ASSIGNED_CONTEXT ( ( #13247, #8197, #11050 ) ) REPRESENTATION_CONTEXT ( 'NONE', 'WORKASPACE' ) );
#4765 = DIRECTION ( 'NONE',  ( 0.000000000000000000, -0.000000000000000000, 1.000000000000000000 ) ) ;
#4766 = UNCERTAINTY_MEASURE_WITH_UNIT (LENGTH_MEASURE( 1.000000000000000082E-05 ), #3578, 'distance_accuracy_value', 'NONE');
#4767 = VECTOR ( 'NONE', #3222, 1000.000000000000000 ) ;
#4768 =( NAMED_UNIT ( * ) SI_UNIT ( $, .STERADIAN. ) SOLID_ANGLE_UNIT ( ) );
#4769 = VERTEX_POINT ( 'NONE', #6991 ) ;
#4770 = FACE_OUTER_BOUND ( 'NONE', #11304, .T. ) ;
#4771 = EDGE_LOOP ( 'NONE', ( #5961, #7978, #8955, #1380 ) ) ;
#4772 = DIRECTION ( 'NONE',  ( -1.000000000000000000, 0.000000000000000000, -0.000000000000000000 ) ) ;
#4773 = FACE_OUTER_BOUND ( 'NONE', #6003, .T. ) ;
#4774 = DIRECTION ( 'NONE',  ( -0.000000000000000000, 0.000000000000000000, -1.000000000000000000 ) ) ;
#4775 = ORIENTED_EDGE ( 'NONE', *, *, #5289, .F. ) ;
#4776 =( NAMED_UNIT ( * ) PLANE_ANGLE_UNIT ( ) SI_UNIT ( $, .RADIAN. ) );
#4777 = EDGE_CURVE ( 'NONE', #3310, #2093, #3182, .T. ) ;
#4778 = CARTESIAN_POINT ( 'NONE',  ( -6.099999999999999645, 3.250000000000000444, 0.000000000000000000 ) ) ;
#4779 = AXIS2_PLACEMENT_3D ( 'NONE', #11818, #5065, #11076 ) ;
#4780 = EDGE_CURVE ( 'NONE', #12931, #4254, #8272, .T. ) ;
#4781 =( LENGTH_UNIT ( ) NAMED_UNIT ( * ) SI_UNIT ( .MILLI., .METRE. ) );
#4782 = STYLED_ITEM ( 'NONE', ( #8947 ), #5210 ) ;
#4783 = UNCERTAINTY_MEASURE_WITH_UNIT (LENGTH_MEASURE( 1.000000000000000082E-05 ), #4443, 'distance_accuracy_value', 'NONE');
#4784 =( LENGTH_UNIT ( ) NAMED_UNIT ( * ) SI_UNIT ( .MILLI., .METRE. ) );
#4785 = ORIENTED_EDGE ( 'NONE', *, *, #7631, .T. ) ;
#4786 = ADVANCED_FACE ( 'NONE', ( #4983 ), #5184, .T. ) ;
#4787 = SURFACE_STYLE_FILL_AREA ( #1846 ) ;
#4788 = LINE ( 'NONE', #1712, #7692 ) ;
#4789 = ORIENTED_EDGE ( 'NONE', *, *, #7627, .T. ) ;
#4790 =( NAMED_UNIT ( * ) PLANE_ANGLE_UNIT ( ) SI_UNIT ( $, .RADIAN. ) );
#4791 = EDGE_LOOP ( 'NONE', ( #5276, #7542, #848, #10357 ) ) ;
#4792 = FILL_AREA_STYLE_COLOUR ( '', #1376 ) ;
#4793 = DIRECTION ( 'NONE',  ( 1.000000000000000000, 0.000000000000000000, 0.000000000000000000 ) ) ;
#4794 = LINE ( 'NONE', #9792, #7685 ) ;
#4795 = DIRECTION ( 'NONE',  ( -1.000000000000000000, -0.000000000000000000, -0.000000000000000000 ) ) ;
#4796 = VECTOR ( 'NONE', #8654, 1000.000000000000000 ) ;
#4797 = UNCERTAINTY_MEASURE_WITH_UNIT (LENGTH_MEASURE( 1.000000000000000082E-05 ), #9965, 'distance_accuracy_value', 'NONE');
#4798 = ORIENTED_EDGE ( 'NONE', *, *, #10094, .F. ) ;
#4799 = CARTESIAN_POINT ( 'NONE',  ( -6.099999999999999645, 5.050000000000000711, 0.8199999999999999512 ) ) ;
#4800 = EDGE_CURVE ( 'NONE', #2335, #11553, #2175, .T. ) ;
#4801 =( NAMED_UNIT ( * ) PLANE_ANGLE_UNIT ( ) SI_UNIT ( $, .RADIAN. ) );
#4802 = ORIENTED_EDGE ( 'NONE', *, *, #7222, .T. ) ;
#4803 = SURFACE_STYLE_FILL_AREA ( #1659 ) ;
#4804 = EDGE_CURVE ( 'NONE', #1614, #11453, #8077, .T. ) ;
#4805 = PRESENTATION_STYLE_ASSIGNMENT (( #4935 ) ) ;
#4806 = ORIENTED_EDGE ( 'NONE', *, *, #5254, .T. ) ;
#4807 = LINE ( 'NONE', #2953, #2225 ) ;
#4808 = FILL_AREA_STYLE ('',( #11038 ) ) ;
#4809 = PLANE ( 'NONE',  #4257 ) ;
#4810 = FACE_OUTER_BOUND ( 'NONE', #5324, .T. ) ;
#4811 = ADVANCED_FACE ( 'NONE', ( #11655 ), #1418, .T. ) ;
#4812 = FILL_AREA_STYLE_COLOUR ( '', #12841 ) ;
#4813 = EDGE_LOOP ( 'NONE', ( #8287, #8499, #7949, #12049, #8011, #12389 ) ) ;
#4814 = LINE ( 'NONE', #11105, #3804 ) ;
#4815 = EDGE_LOOP ( 'NONE', ( #6417, #9359, #4096, #4298 ) ) ;
#4816 = SURFACE_STYLE_USAGE ( .BOTH. , #4559 ) ;
#4817 = DIRECTION ( 'NONE',  ( -0.000000000000000000, 0.000000000000000000, 1.000000000000000000 ) ) ;
#4818 = CARTESIAN_POINT ( 'NONE',  ( 6.099999999999999645, -3.950000000000000178, 0.8199999999999999512 ) ) ;
#4819 =( NAMED_UNIT ( * ) SI_UNIT ( $, .STERADIAN. ) SOLID_ANGLE_UNIT ( ) );
#4820 = COLOUR_RGB ( '',0.9411764705882352811, 0.6274509803921568540, 0.05490196078431372473 ) ;
#4821 = LINE ( 'NONE', #4888, #4956 ) ;
#4822 = DIRECTION ( 'NONE',  ( 1.000000000000000000, 0.000000000000000000, 0.000000000000000000 ) ) ;
#4823 = ADVANCED_FACE ( 'NONE', ( #9351 ), #6243, .T. ) ;
#4824 =( LENGTH_UNIT ( ) NAMED_UNIT ( * ) SI_UNIT ( .MILLI., .METRE. ) );
#4825 = EDGE_LOOP ( 'NONE', ( #12301, #631, #3067, #11283 ) ) ;
#4826 = CARTESIAN_POINT ( 'NONE',  ( -6.099999999999999645, 4.150000000000000355, 0.000000000000000000 ) ) ;
#4827 = EDGE_CURVE ( 'NONE', #3409, #2116, #8341, .T. ) ;
#4828 = DIRECTION ( 'NONE',  ( 0.000000000000000000, 1.000000000000000000, 0.000000000000000000 ) ) ;
#4830 = DIRECTION ( 'NONE',  ( 0.000000000000000000, -1.000000000000000000, 0.000000000000000000 ) ) ;
#4829 =( GEOMETRIC_REPRESENTATION_CONTEXT ( 3 ) GLOBAL_UNCERTAINTY_ASSIGNED_CONTEXT ( ( #3986 ) ) GLOBAL_UNIT_ASSIGNED_CONTEXT ( ( #3826, #5636, #9756 ) ) REPRESENTATION_CONTEXT ( 'NONE', 'WORKASPACE' ) );
#4831 = ORIENTED_EDGE ( 'NONE', *, *, #9776, .T. ) ;
#4832 = PRESENTATION_LAYER_ASSIGNMENT (  '', '', ( #11311 ) ) ;
#4833 = DIRECTION ( 'NONE',  ( -1.000000000000000000, 0.000000000000000000, 0.000000000000000000 ) ) ;
#4834 = DIRECTION ( 'NONE',  ( 0.000000000000000000, 0.000000000000000000, -1.000000000000000000 ) ) ;
#4835 = FILL_AREA_STYLE ('',( #834 ) ) ;
#4836 = ORIENTED_EDGE ( 'NONE', *, *, #2932, .F. ) ;
#4837 = FILL_AREA_STYLE ('',( #4634 ) ) ;
#4838 = DIRECTION ( 'NONE',  ( -0.000000000000000000, -0.000000000000000000, -1.000000000000000000 ) ) ;
#4839 =( GEOMETRIC_REPRESENTATION_CONTEXT ( 3 ) GLOBAL_UNCERTAINTY_ASSIGNED_CONTEXT ( ( #4123 ) ) GLOBAL_UNIT_ASSIGNED_CONTEXT ( ( #5520, #5318, #6474 ) ) REPRESENTATION_CONTEXT ( 'NONE', 'WORKASPACE' ) );
#4840 = PRESENTATION_LAYER_ASSIGNMENT (  '', '', ( #9372 ) ) ;
#4841 = LINE ( 'NONE', #1706, #7092 ) ;
#4842 = EDGE_CURVE ( 'NONE', #7107, #1570, #7333, .T. ) ;
#4843 = VERTEX_POINT ( 'NONE', #4299 ) ;
#4844 =( NAMED_UNIT ( * ) SI_UNIT ( $, .STERADIAN. ) SOLID_ANGLE_UNIT ( ) );
#4845 = CARTESIAN_POINT ( 'NONE',  ( 6.099999999999999645, 7.250000000000000000, 0.8199999999999999512 ) ) ;
#4846 = CLOSED_SHELL ( 'NONE', ( #4150, #609, #5513, #12954, #6843, #379, #10149, #10296, #8349 ) ) ;
#4847 = VERTEX_POINT ( 'NONE', #1292 ) ;
#4848 = FACE_OUTER_BOUND ( 'NONE', #7508, .T. ) ;
#4849 = DIRECTION ( 'NONE',  ( -1.000000000000000000, 0.000000000000000000, 0.000000000000000000 ) ) ;
#4850 = DIRECTION ( 'NONE',  ( 0.000000000000000000, -0.000000000000000000, -1.000000000000000000 ) ) ;
#4851 = VERTEX_POINT ( 'NONE', #288 ) ;
#4852 = PRESENTATION_LAYER_ASSIGNMENT (  '', '', ( #7451 ) ) ;
#4853 = COLOUR_RGB ( '',0.9411764705882352811, 0.6274509803921568540, 0.05490196078431372473 ) ;
#4854 = CARTESIAN_POINT ( 'NONE',  ( -4.499999999999996447, -6.500000000000000888, 2.192893218813452894 ) ) ;
#4855 = LINE ( 'NONE', #10051, #3848 ) ;
#4856 = CARTESIAN_POINT ( 'NONE',  ( -5.299999999999998934, 3.250000000000000444, 0.000000000000000000 ) ) ;
#4857 = FACE_OUTER_BOUND ( 'NONE', #3359, .T. ) ;
#4858 = EDGE_CURVE ( 'NONE', #12442, #5964, #12667, .T. ) ;
#4859 = EDGE_CURVE ( 'NONE', #10348, #12989, #3377, .T. ) ;
#4860 = COLOUR_RGB ( '',0.9411764705882352811, 0.6274509803921568540, 0.05490196078431372473 ) ;
#4861 = EDGE_LOOP ( 'NONE', ( #7156, #12312, #1548, #11685, #10764, #3323 ) ) ;
#4862 = VECTOR ( 'NONE', #2412, 1000.000000000000000 ) ;
#4863 = SURFACE_STYLE_FILL_AREA ( #8768 ) ;
#4864 = VERTEX_POINT ( 'NONE', #10584 ) ;
#4865 = VERTEX_POINT ( 'NONE', #5639 ) ;
#4866 =( NAMED_UNIT ( * ) PLANE_ANGLE_UNIT ( ) SI_UNIT ( $, .RADIAN. ) );
#4867 = CARTESIAN_POINT ( 'NONE',  ( 6.099999999999999645, -2.150000000000000355, 0.8199999999999999512 ) ) ;
#4868 = DIRECTION ( 'NONE',  ( -0.000000000000000000, -0.000000000000000000, -1.000000000000000000 ) ) ;
#4869 = LINE ( 'NONE', #12018, #8299 ) ;
#4870 = AXIS2_PLACEMENT_3D ( 'NONE', #12767, #2277, #10552 ) ;
#4871 = ADVANCED_FACE ( 'NONE', ( #3631 ), #10846, .F. ) ;
#4872 = ADVANCED_FACE ( 'NONE', ( #5771 ), #7722, .F. ) ;
#4873 = CARTESIAN_POINT ( 'NONE',  ( 5.299999999999998934, -2.150000000000000355, 0.8199999999999999512 ) ) ;
#4874 = UNCERTAINTY_MEASURE_WITH_UNIT (LENGTH_MEASURE( 1.000000000000000082E-05 ), #1641, 'distance_accuracy_value', 'NONE');
#4875 = CARTESIAN_POINT ( 'NONE',  ( 5.299999999999998934, -1.050000000000000266, 0.8199999999999999512 ) ) ;
#4876 = DIRECTION ( 'NONE',  ( 0.000000000000000000, -1.000000000000000000, 0.000000000000000000 ) ) ;
#4877 = COLOUR_RGB ( '',0.000000000000000000, 1.000000000000000000, 0.000000000000000000 ) ;
#4878 = EDGE_LOOP ( 'NONE', ( #10843, #4595, #12845, #5496 ) ) ;
#4879 = LINE ( 'NONE', #8058, #9139 ) ;
#4880 = DIRECTION ( 'NONE',  ( -0.000000000000000000, 1.000000000000000000, -0.000000000000000000 ) ) ;
#4881 = ORIENTED_EDGE ( 'NONE', *, *, #624, .T. ) ;
#4882 = STYLED_ITEM ( 'NONE', ( #1315 ), #10489 ) ;
#4883 = PRESENTATION_STYLE_ASSIGNMENT (( #11109 ) ) ;
#4884 = DIRECTION ( 'NONE',  ( 1.626303258728256651E-16, -1.000000000000000000, 0.000000000000000000 ) ) ;
#4885 = LINE ( 'NONE', #9825, #529 ) ;
#4886 = EDGE_CURVE ( 'NONE', #6071, #1269, #10706, .T. ) ;
#4887 = AXIS2_PLACEMENT_3D ( 'NONE', #8974, #6629, #7833 ) ;
#4888 = CARTESIAN_POINT ( 'NONE',  ( 6.099999999999999645, 4.150000000000000355, 0.8199999999999999512 ) ) ;
#4889 = PRESENTATION_LAYER_ASSIGNMENT (  '', '', ( #11769 ) ) ;
#4890 = COLOUR_RGB ( '',0.9411764705882352811, 0.6274509803921568540, 0.05490196078431372473 ) ;
#4891 = FACE_OUTER_BOUND ( 'NONE', #8652, .T. ) ;
#4892 =( GEOMETRIC_REPRESENTATION_CONTEXT ( 3 ) GLOBAL_UNCERTAINTY_ASSIGNED_CONTEXT ( ( #9267 ) ) GLOBAL_UNIT_ASSIGNED_CONTEXT ( ( #9655, #5417, #7564 ) ) REPRESENTATION_CONTEXT ( 'NONE', 'WORKASPACE' ) );
#4893 = UNCERTAINTY_MEASURE_WITH_UNIT (LENGTH_MEASURE( 1.000000000000000082E-05 ), #12873, 'distance_accuracy_value', 'NONE');
#4894 = SURFACE_STYLE_FILL_AREA ( #825 ) ;
#4895 = VERTEX_POINT ( 'NONE', #1682 ) ;
#4896 = SURFACE_SIDE_STYLE ('',( #3047 ) ) ;
#4897 = CYLINDRICAL_SURFACE ( 'NONE', #6331, 0.2500000000000002220 ) ;
#4898 = CARTESIAN_POINT ( 'NONE',  ( 5.849999999999999645, -3.700000000000000178, 0.8199999999999999512 ) ) ;
#4899 = CARTESIAN_POINT ( 'NONE',  ( 6.099999999999999645, 8.000000000000000000, 0.000000000000000000 ) ) ;
#4900 = ORIENTED_EDGE ( 'NONE', *, *, #5121, .T. ) ;
#4901 = CARTESIAN_POINT ( 'NONE',  ( -6.099999999999999645, 2.149999999999999911, 0.8199999999999999512 ) ) ;
#4902 = FACE_OUTER_BOUND ( 'NONE', #13024, .T. ) ;
#4903 = ORIENTED_EDGE ( 'NONE', *, *, #3869, .F. ) ;
#4904 =( GEOMETRIC_REPRESENTATION_CONTEXT ( 3 ) GLOBAL_UNCERTAINTY_ASSIGNED_CONTEXT ( ( #3738 ) ) GLOBAL_UNIT_ASSIGNED_CONTEXT ( ( #9620, #418, #3327 ) ) REPRESENTATION_CONTEXT ( 'NONE', 'WORKASPACE' ) );
#4905 = EDGE_CURVE ( 'NONE', #9093, #8503, #3758, .T. ) ;
#4906 = FACE_OUTER_BOUND ( 'NONE', #4059, .T. ) ;
#4907 = VECTOR ( 'NONE', #10798, 1000.000000000000000 ) ;
#4908 = PRESENTATION_LAYER_ASSIGNMENT (  '', '', ( #8364 ) ) ;
#4909 = UNCERTAINTY_MEASURE_WITH_UNIT (LENGTH_MEASURE( 1.000000000000000082E-05 ), #12317, 'distance_accuracy_value', 'NONE');
#4910 = STYLED_ITEM ( 'NONE', ( #367 ), #11887 ) ;
#4911 = SURFACE_STYLE_USAGE ( .BOTH. , #840 ) ;
#4912 = EDGE_LOOP ( 'NONE', ( #6090, #7397, #10291, #3608 ) ) ;
#4913 = DIRECTION ( 'NONE',  ( -0.000000000000000000, 0.000000000000000000, 1.000000000000000000 ) ) ;
#4914 = SURFACE_STYLE_USAGE ( .BOTH. , #7888 ) ;
#4915 = FACE_OUTER_BOUND ( 'NONE', #10976, .T. ) ;
#4916 = VERTEX_POINT ( 'NONE', #5842 ) ;
#4917 = DIRECTION ( 'NONE',  ( -1.000000000000000000, 0.000000000000000000, -0.000000000000000000 ) ) ;
#4918 = PLANE ( 'NONE',  #385 ) ;
#4919 = DIRECTION ( 'NONE',  ( 0.000000000000000000, -0.000000000000000000, 1.000000000000000000 ) ) ;
#4920 = ORIENTED_EDGE ( 'NONE', *, *, #9562, .F. ) ;
#4921 = CARTESIAN_POINT ( 'NONE',  ( -6.099999999999999645, 5.450000000000000178, 0.8199999999999999512 ) ) ;
#4922 = PRESENTATION_LAYER_ASSIGNMENT (  '', '', ( #6446 ) ) ;
#4923 =( NAMED_UNIT ( * ) PLANE_ANGLE_UNIT ( ) SI_UNIT ( $, .RADIAN. ) );
#4924 = EDGE_CURVE ( 'NONE', #2835, #1276, #9888, .T. ) ;
#4925 = LINE ( 'NONE', #6951, #8126 ) ;
#4926 = DIRECTION ( 'NONE',  ( 1.626303258728256651E-16, -1.000000000000000000, 0.000000000000000000 ) ) ;
#4927 = MECHANICAL_DESIGN_GEOMETRIC_PRESENTATION_REPRESENTATION (  '', ( #4434 ), #5584 ) ;
#4928 = VERTEX_POINT ( 'NONE', #2769 ) ;
#4929 = CARTESIAN_POINT ( 'NONE',  ( -6.099999999999999645, 8.000000000000000000, 0.8199999999999999512 ) ) ;
#4930 = DIRECTION ( 'NONE',  ( -0.000000000000000000, -0.000000000000000000, -1.000000000000000000 ) ) ;
#4931 = FACE_OUTER_BOUND ( 'NONE', #683, .T. ) ;
#4932 = VERTEX_POINT ( 'NONE', #5568 ) ;
#4933 = CARTESIAN_POINT ( 'NONE',  ( -5.299999999999998934, -4.350000000000000533, 0.8199999999999999512 ) ) ;
#4934 = SURFACE_STYLE_USAGE ( .BOTH. , #10213 ) ;
#4935 = SURFACE_STYLE_USAGE ( .BOTH. , #1866 ) ;
#4936 = VERTEX_POINT ( 'NONE', #9692 ) ;
#4937 = STYLED_ITEM ( 'NONE', ( #4396 ), #3342 ) ;
#4938 = DIRECTION ( 'NONE',  ( 0.000000000000000000, 0.000000000000000000, -1.000000000000000000 ) ) ;
#4939 = SURFACE_SIDE_STYLE ('',( #11037 ) ) ;
#4940 = MECHANICAL_DESIGN_GEOMETRIC_PRESENTATION_REPRESENTATION (  '', ( #3469 ), #6669 ) ;
#4941 =( LENGTH_UNIT ( ) NAMED_UNIT ( * ) SI_UNIT ( .MILLI., .METRE. ) );
#4942 = VERTEX_POINT ( 'NONE', #490 ) ;
#4943 = FACE_OUTER_BOUND ( 'NONE', #8857, .T. ) ;
#4944 = EDGE_CURVE ( 'NONE', #11021, #8192, #8667, .T. ) ;
#4945 = STYLED_ITEM ( 'NONE', ( #5265 ), #12715 ) ;
#4946 = MANIFOLD_SOLID_BREP ( 'Boss-Extrude2[9]', #4632 ) ;
#4947 = STYLED_ITEM ( 'NONE', ( #8751 ), #3384 ) ;
#4948 = MECHANICAL_DESIGN_GEOMETRIC_PRESENTATION_REPRESENTATION (  '', ( #10789 ), #11439 ) ;
#4949 = LINE ( 'NONE', #1609, #7672 ) ;
#4950 = ORIENTED_EDGE ( 'NONE', *, *, #5698, .F. ) ;
#4951 = FACE_OUTER_BOUND ( 'NONE', #12109, .T. ) ;
#4952 = VERTEX_POINT ( 'NONE', #7173 ) ;
#4953 = EDGE_CURVE ( 'NONE', #4952, #10730, #10292, .T. ) ;
#4954 = DIRECTION ( 'NONE',  ( 1.000000000000000000, -0.000000000000000000, -0.000000000000000000 ) ) ;
#4955 = LINE ( 'NONE', #10086, #11330 ) ;
#4956 = VECTOR ( 'NONE', #9006, 1000.000000000000000 ) ;
#4957 = VERTEX_POINT ( 'NONE', #10014 ) ;
#4958 = VECTOR ( 'NONE', #11142, 1000.000000000000000 ) ;
#4959 = CARTESIAN_POINT ( 'NONE',  ( -4.499999999999998224, -6.500000000000000000, 2.400000000000000355 ) ) ;
#4960 = DIRECTION ( 'NONE',  ( -1.000000000000000000, 0.000000000000000000, 0.000000000000000000 ) ) ;
#4961 = CARTESIAN_POINT ( 'NONE',  ( -5.299999999999998934, 0.04999999999999969746, 0.8199999999999999512 ) ) ;
#4962 = EDGE_CURVE ( 'NONE', #1619, #11059, #5904, .T. ) ;
#4963 = CARTESIAN_POINT ( 'NONE',  ( -6.099999999999999645, 7.450000000000000178, 0.8199999999999999512 ) ) ;
#4964 = VECTOR ( 'NONE', #5244, 1000.000000000000000 ) ;
#4965 = PLANE ( 'NONE',  #957 ) ;
#4966 = CIRCLE ( 'NONE', #10541, 0.2500000000000002220 ) ;
#4967 = ADVANCED_FACE ( 'NONE', ( #6156 ), #888, .F. ) ;
#4968 = ORIENTED_EDGE ( 'NONE', *, *, #13150, .F. ) ;
#4969 = STYLED_ITEM ( 'NONE', ( #6756 ), #10296 ) ;
#4970 = FILL_AREA_STYLE ('',( #7865 ) ) ;
#4971 = STYLED_ITEM ( 'NONE', ( #10471 ), #12700 ) ;
#4972 = VECTOR ( 'NONE', #965, 1000.000000000000000 ) ;
#4973 = CARTESIAN_POINT ( 'NONE',  ( -6.099999999999999645, -7.000000000000000000, 0.8199999999999999512 ) ) ;
#4974 = ORIENTED_EDGE ( 'NONE', *, *, #6964, .F. ) ;
#4975 = ADVANCED_FACE ( 'NONE', ( #9135 ), #12315, .F. ) ;
#4976 = CARTESIAN_POINT ( 'NONE',  ( -4.500000000000000888, 6.500000000000000000, 2.400000000000000355 ) ) ;
#4977 = VECTOR ( 'NONE', #3378, 1000.000000000000000 ) ;
#4978 = MANIFOLD_SOLID_BREP ( 'Boss-Extrude2[12]', #12179 ) ;
#4979 = CARTESIAN_POINT ( 'NONE',  ( -6.099999999999999645, -3.950000000000000178, 0.000000000000000000 ) ) ;
#4980 = CARTESIAN_POINT ( 'NONE',  ( 6.099999999999999645, -2.600000000000000533, 0.8199999999999999512 ) ) ;
#4981 = SURFACE_STYLE_USAGE ( .BOTH. , #9222 ) ;
#4982 = ORIENTED_EDGE ( 'NONE', *, *, #1678, .T. ) ;
#4983 = FACE_OUTER_BOUND ( 'NONE', #1104, .T. ) ;
#4984 = DIRECTION ( 'NONE',  ( 0.000000000000000000, 1.000000000000000000, -0.000000000000000000 ) ) ;
#4985 = FACE_OUTER_BOUND ( 'NONE', #6000, .T. ) ;
#4986 = ORIENTED_EDGE ( 'NONE', *, *, #11720, .T. ) ;
#4987 = STYLED_ITEM ( 'NONE', ( #12170 ), #4967 ) ;
#4988 = LINE ( 'NONE', #2794, #7929 ) ;
#4989 = PRESENTATION_LAYER_ASSIGNMENT (  '', '', ( #13164 ) ) ;
#4990 = CIRCLE ( 'NONE', #5429, 0.2500000000000002220 ) ;
#4991 = CARTESIAN_POINT ( 'NONE',  ( -5.299999999999998934, -3.250000000000000444, 0.000000000000000000 ) ) ;
#4992 = ORIENTED_EDGE ( 'NONE', *, *, #3005, .F. ) ;
#4993 = EDGE_CURVE ( 'NONE', #990, #4426, #6038, .T. ) ;
#4994 = SURFACE_SIDE_STYLE ('',( #1914 ) ) ;
#4995 = PLANE ( 'NONE',  #12233 ) ;
#4996 = DIRECTION ( 'NONE',  ( 0.000000000000000000, 0.000000000000000000, 1.000000000000000000 ) ) ;
#4997 = DIRECTION ( 'NONE',  ( 0.000000000000000000, 0.000000000000000000, -1.000000000000000000 ) ) ;
#4998 = MECHANICAL_DESIGN_GEOMETRIC_PRESENTATION_REPRESENTATION (  '', ( #3311 ), #3721 ) ;
#4999 = ORIENTED_EDGE ( 'NONE', *, *, #5797, .T. ) ;
#5000 =( NAMED_UNIT ( * ) PLANE_ANGLE_UNIT ( ) SI_UNIT ( $, .RADIAN. ) );
#5001 = LINE ( 'NONE', #5810, #859 ) ;
#5002 = COLOUR_RGB ( '',0.9411764705882352811, 0.6274509803921568540, 0.05490196078431372473 ) ;
#5003 = SURFACE_SIDE_STYLE ('',( #7961 ) ) ;
#5004 =( LENGTH_UNIT ( ) NAMED_UNIT ( * ) SI_UNIT ( .MILLI., .METRE. ) );
#5005 = AXIS2_PLACEMENT_3D ( 'NONE', #4726, #3604, #2733 ) ;
#5006 = ADVANCED_FACE ( 'NONE', ( #9339 ), #3361, .F. ) ;
#5007 = CARTESIAN_POINT ( 'NONE',  ( -6.099999999999999645, 8.000000000000000000, 0.8199999999999999512 ) ) ;
#5008 = FILL_AREA_STYLE_COLOUR ( '', #1944 ) ;
#5009 = FACE_OUTER_BOUND ( 'NONE', #9036, .T. ) ;
#5010 = PRESENTATION_LAYER_ASSIGNMENT (  '', '', ( #13192 ) ) ;
#5011 = ORIENTED_EDGE ( 'NONE', *, *, #12556, .T. ) ;
#5012 =( NAMED_UNIT ( * ) PLANE_ANGLE_UNIT ( ) SI_UNIT ( $, .RADIAN. ) );
#5013 = DIRECTION ( 'NONE',  ( -0.000000000000000000, 1.000000000000000000, -0.000000000000000000 ) ) ;
#5014 = PLANE ( 'NONE',  #7483 ) ;
#5015 = VERTEX_POINT ( 'NONE', #6363 ) ;
#5016 = CARTESIAN_POINT ( 'NONE',  ( 6.099999999999999645, 6.550000000000000711, 0.8199999999999999512 ) ) ;
#5017 = VECTOR ( 'NONE', #4361, 1000.000000000000000 ) ;
#5018 = PLANE ( 'NONE',  #7975 ) ;
#5019 = DIRECTION ( 'NONE',  ( 0.000000000000000000, -1.000000000000000000, -0.000000000000000000 ) ) ;
#5020 = MANIFOLD_SOLID_BREP ( 'Boss-Extrude2[1]', #11326 ) ;
#5021 =( LENGTH_UNIT ( ) NAMED_UNIT ( * ) SI_UNIT ( .MILLI., .METRE. ) );
#5022 = UNCERTAINTY_MEASURE_WITH_UNIT (LENGTH_MEASURE( 1.000000000000000082E-05 ), #11953, 'distance_accuracy_value', 'NONE');
#5023 = CARTESIAN_POINT ( 'NONE',  ( -6.099999999999996980, -5.450000000000000178, 0.000000000000000000 ) ) ;
#5024 = EDGE_LOOP ( 'NONE', ( #4633, #1935, #8984, #3773 ) ) ;
#5025 = LINE ( 'NONE', #10287, #3614 ) ;
#5026 = EDGE_CURVE ( 'NONE', #3509, #11586, #6504, .T. ) ;
#5027 = ORIENTED_EDGE ( 'NONE', *, *, #4205, .T. ) ;
#5028 = SURFACE_STYLE_FILL_AREA ( #3100 ) ;
#5029 = ORIENTED_EDGE ( 'NONE', *, *, #13119, .T. ) ;
#5030 = DIRECTION ( 'NONE',  ( 1.000000000000000000, -0.000000000000000000, -0.000000000000000000 ) ) ;
#5031 = FILL_AREA_STYLE_COLOUR ( '', #9752 ) ;
#5032 = ORIENTED_EDGE ( 'NONE', *, *, #5697, .T. ) ;
#5033 = FILL_AREA_STYLE ('',( #7177 ) ) ;
#5034 = EDGE_CURVE ( 'NONE', #5983, #1248, #10630, .T. ) ;
#5035 =( BOUNDED_CURVE ( )  B_SPLINE_CURVE ( 3, ( #11022, #2811, #4854, #8036 ),
 .UNSPECIFIED., .F., .F. ) 
 B_SPLINE_CURVE_WITH_KNOTS ( ( 4, 4 ),
 ( 1.570796326794896558, 3.141592653589792672 ),
 .UNSPECIFIED. ) 
 CURVE ( )  GEOMETRIC_REPRESENTATION_ITEM ( )  RATIONAL_B_SPLINE_CURVE ( ( 1.000000000000000000, 0.8047378541243650485, 0.8047378541243650485, 1.000000000000000000 ) ) 
 REPRESENTATION_ITEM ( '' )  );
#5036 = CARTESIAN_POINT ( 'NONE',  ( -6.099999999999999645, 7.250000000000000000, 0.8199999999999999512 ) ) ;
#5037 = UNCERTAINTY_MEASURE_WITH_UNIT (LENGTH_MEASURE( 1.000000000000000082E-05 ), #3919, 'distance_accuracy_value', 'NONE');
#5038 = CARTESIAN_POINT ( 'NONE',  ( 5.299999999999998934, -3.250000000000000444, 0.8199999999999999512 ) ) ;
#5039 = ORIENTED_EDGE ( 'NONE', *, *, #12024, .F. ) ;
#5040 = MANIFOLD_SOLID_BREP ( 'Boss-Extrude2[20]', #8719 ) ;
#5041 = CARTESIAN_POINT ( 'NONE',  ( 6.099999999999999645, 7.000000000000000000, 0.8199999999999999512 ) ) ;
#5042 = PLANE ( 'NONE',  #3010 ) ;
#5043 = DIRECTION ( 'NONE',  ( -0.000000000000000000, 1.000000000000000000, -0.000000000000000000 ) ) ;
#5044 = VERTEX_POINT ( 'NONE', #337 ) ;
#5045 = CARTESIAN_POINT ( 'NONE',  ( 5.299999999999998934, -3.250000000000000444, 0.000000000000000000 ) ) ;
#5046 =( NAMED_UNIT ( * ) SI_UNIT ( $, .STERADIAN. ) SOLID_ANGLE_UNIT ( ) );
#5047 = DIRECTION ( 'NONE',  ( -1.000000000000000000, 0.000000000000000000, 0.000000000000000000 ) ) ;
#5048 = CARTESIAN_POINT ( 'NONE',  ( 5.299999999999998934, 5.249999999999999112, 0.000000000000000000 ) ) ;
#5049 = ORIENTED_EDGE ( 'NONE', *, *, #2719, .F. ) ;
#5050 = PLANE ( 'NONE',  #9455 ) ;
#5051 =( LENGTH_UNIT ( ) NAMED_UNIT ( * ) SI_UNIT ( .MILLI., .METRE. ) );
#5052 = ADVANCED_FACE ( 'NONE', ( #4419 ), #8521, .F. ) ;
#5053 = UNCERTAINTY_MEASURE_WITH_UNIT (LENGTH_MEASURE( 1.000000000000000082E-05 ), #5790, 'distance_accuracy_value', 'NONE');
#5054 = AXIS2_PLACEMENT_3D ( 'NONE', #10704, #2638, #10780 ) ;
#5055 = MECHANICAL_DESIGN_GEOMETRIC_PRESENTATION_REPRESENTATION (  '', ( #4413 ), #6776 ) ;
#5056 = CARTESIAN_POINT ( 'NONE',  ( -6.099999999999999645, 5.649999999999999467, 0.8199999999999999512 ) ) ;
#5057 = ORIENTED_EDGE ( 'NONE', *, *, #8434, .T. ) ;
#5058 = DIRECTION ( 'NONE',  ( 0.000000000000000000, -0.000000000000000000, -1.000000000000000000 ) ) ;
#5059 = PRESENTATION_STYLE_ASSIGNMENT (( #4056 ) ) ;
#5060 = PRESENTATION_STYLE_ASSIGNMENT (( #10326 ) ) ;
#5061 = DIRECTION ( 'NONE',  ( 0.000000000000000000, 0.000000000000000000, 1.000000000000000000 ) ) ;
#5062 = PRESENTATION_STYLE_ASSIGNMENT (( #4063 ) ) ;
#5063 = PLANE ( 'NONE',  #12606 ) ;
#5064 = ORIENTED_EDGE ( 'NONE', *, *, #12267, .F. ) ;
#5065 = DIRECTION ( 'NONE',  ( -0.000000000000000000, -0.000000000000000000, 1.000000000000000000 ) ) ;
#5066 = MANIFOLD_SOLID_BREP ( 'Cut-Extrude1[1]', #6361 ) ;
#5067 = VERTEX_POINT ( 'NONE', #11704 ) ;
#5068 = MECHANICAL_DESIGN_GEOMETRIC_PRESENTATION_REPRESENTATION (  '', ( #2302 ), #147 ) ;
#5069 = CARTESIAN_POINT ( 'NONE',  ( 6.099999999999999645, 8.000000000000000000, 0.000000000000000000 ) ) ;
#5070 = VECTOR ( 'NONE', #4574, 1000.000000000000000 ) ;
#5071 = SURFACE_STYLE_USAGE ( .BOTH. , #6884 ) ;
#5072 = EDGE_CURVE ( 'NONE', #12558, #7199, #10765, .T. ) ;
#5073 = MECHANICAL_DESIGN_GEOMETRIC_PRESENTATION_REPRESENTATION (  '', ( #9812 ), #6583 ) ;
#5074 = ORIENTED_EDGE ( 'NONE', *, *, #10525, .F. ) ;
#5075 = CARTESIAN_POINT ( 'NONE',  ( -6.099999999999999645, -4.350000000000000533, 0.000000000000000000 ) ) ;
#5076 = FACE_OUTER_BOUND ( 'NONE', #9107, .T. ) ;
#5077 = STYLED_ITEM ( 'NONE', ( #1832 ), #8845 ) ;
#5078 = PLANE ( 'NONE',  #5796 ) ;
#5079 = ORIENTED_EDGE ( 'NONE', *, *, #8245, .T. ) ;
#5080 = DIRECTION ( 'NONE',  ( 1.000000000000000000, 0.000000000000000000, 0.000000000000000000 ) ) ;
#5081 = CARTESIAN_POINT ( 'NONE',  ( -6.099999999999999645, 2.600000000000000089, 0.8199999999999999512 ) ) ;
#5082 = PRESENTATION_STYLE_ASSIGNMENT (( #13296 ) ) ;
#5083 = EDGE_LOOP ( 'NONE', ( #1258, #2663, #10224, #6214 ) ) ;
#5084 = CARTESIAN_POINT ( 'NONE',  ( -6.099999999999999645, -3.449999999999999734, 0.8199999999999999512 ) ) ;
#5085 = PLANE ( 'NONE',  #8986 ) ;
#5086 = FACE_OUTER_BOUND ( 'NONE', #11353, .T. ) ;
#5087 = EDGE_CURVE ( 'NONE', #10107, #13136, #6563, .T. ) ;
#5088 = COLOUR_RGB ( '',0.000000000000000000, 1.000000000000000000, 0.000000000000000000 ) ;
#5089 = MANIFOLD_SOLID_BREP ( 'Boss-Extrude2[5]', #4208 ) ;
#5090 = EDGE_CURVE ( 'NONE', #6447, #651, #11883, .T. ) ;
#5091 = FILL_AREA_STYLE_COLOUR ( '', #5740 ) ;
#5092 = DIRECTION ( 'NONE',  ( 0.000000000000000000, 0.000000000000000000, -1.000000000000000000 ) ) ;
#5093 = VERTEX_POINT ( 'NONE', #8710 ) ;
#5094 = SURFACE_SIDE_STYLE ('',( #5028 ) ) ;
#5095 =( NAMED_UNIT ( * ) PLANE_ANGLE_UNIT ( ) SI_UNIT ( $, .RADIAN. ) );
#5096 = VERTEX_POINT ( 'NONE', #9676 ) ;
#5097 = PRESENTATION_LAYER_ASSIGNMENT (  '', '', ( #10918 ) ) ;
#5098 = COLOUR_RGB ( '',0.9411764705882352811, 0.6274509803921568540, 0.05490196078431372473 ) ;
#5099 = SURFACE_STYLE_USAGE ( .BOTH. , #10229 ) ;
#5100 = FACE_OUTER_BOUND ( 'NONE', #2075, .T. ) ;
#5101 = FILL_AREA_STYLE ('',( #5031 ) ) ;
#5102 = ORIENTED_EDGE ( 'NONE', *, *, #4172, .T. ) ;
#5103 = EDGE_CURVE ( 'NONE', #12395, #11083, #12833, .T. ) ;
#5104 = CARTESIAN_POINT ( 'NONE',  ( 6.099999999999999645, -1.500000000000000222, 0.8199999999999999512 ) ) ;
#5105 = VECTOR ( 'NONE', #9534, 1000.000000000000000 ) ;
#5106 = AXIS2_PLACEMENT_3D ( 'NONE', #8119, #2076, #1073 ) ;
#5107 = DIRECTION ( 'NONE',  ( 0.000000000000000000, -1.000000000000000000, 0.000000000000000000 ) ) ;
#5108 = FILL_AREA_STYLE ('',( #11458 ) ) ;
#5109 = AXIS2_PLACEMENT_3D ( 'NONE', #241, #9440, #313 ) ;
#5110 = ORIENTED_EDGE ( 'NONE', *, *, #12603, .F. ) ;
#5111 = LINE ( 'NONE', #9084, #6042 ) ;
#5112 = MANIFOLD_SOLID_BREP ( 'Boss-Extrude2[10]', #4846 ) ;
#5113 = FILL_AREA_STYLE_COLOUR ( '', #8909 ) ;
#5114 = FILL_AREA_STYLE ('',( #11126 ) ) ;
#5115 = ORIENTED_EDGE ( 'NONE', *, *, #613, .T. ) ;
#5116 = FILL_AREA_STYLE_COLOUR ( '', #11454 ) ;
#5117 = CARTESIAN_POINT ( 'NONE',  ( -6.099999999999999645, -2.850000000000000533, 0.000000000000000000 ) ) ;
#5118 = CARTESIAN_POINT ( 'NONE',  ( -6.099999999999999645, 8.000000000000000000, 0.000000000000000000 ) ) ;
#5119 = PRESENTATION_LAYER_ASSIGNMENT (  '', '', ( #12446 ) ) ;
#5120 =( NAMED_UNIT ( * ) SI_UNIT ( $, .STERADIAN. ) SOLID_ANGLE_UNIT ( ) );
#5121 = EDGE_CURVE ( 'NONE', #13202, #4916, #4990, .T. ) ;
#5122 = VECTOR ( 'NONE', #7560, 1000.000000000000000 ) ;
#5123 = VERTEX_POINT ( 'NONE', #8360 ) ;
#5124 = DIRECTION ( 'NONE',  ( 0.000000000000000000, -1.000000000000000000, 0.000000000000000000 ) ) ;
#5125 =( LENGTH_UNIT ( ) NAMED_UNIT ( * ) SI_UNIT ( .MILLI., .METRE. ) );
#5126 = DIRECTION ( 'NONE',  ( 1.000000000000000000, -0.000000000000000000, -0.000000000000000000 ) ) ;
#5127 = VERTEX_POINT ( 'NONE', #11481 ) ;
#5128 = VECTOR ( 'NONE', #3121, 1000.000000000000000 ) ;
#5129 = DIRECTION ( 'NONE',  ( -0.000000000000000000, 0.000000000000000000, 1.000000000000000000 ) ) ;
#5130 = EDGE_CURVE ( 'NONE', #11699, #7086, #4251, .T. ) ;
#5131 = ORIENTED_EDGE ( 'NONE', *, *, #2866, .F. ) ;
#5132 = EDGE_CURVE ( 'NONE', #10520, #951, #11091, .T. ) ;
#5133 = FILL_AREA_STYLE_COLOUR ( '', #5989 ) ;
#5134 = ORIENTED_EDGE ( 'NONE', *, *, #12614, .T. ) ;
#5135 = AXIS2_PLACEMENT_3D ( 'NONE', #9013, #6986, #6049 ) ;
#5136 = AXIS2_PLACEMENT_3D ( 'NONE', #963, #9972, #10243 ) ;
#5137 =( GEOMETRIC_REPRESENTATION_CONTEXT ( 3 ) GLOBAL_UNCERTAINTY_ASSIGNED_CONTEXT ( ( #387 ) ) GLOBAL_UNIT_ASSIGNED_CONTEXT ( ( #7608, #5401, #9510 ) ) REPRESENTATION_CONTEXT ( 'NONE', 'WORKASPACE' ) );
#5138 = VECTOR ( 'NONE', #13191, 1000.000000000000000 ) ;
#5139 = EDGE_LOOP ( 'NONE', ( #2674, #1863, #11075, #8979 ) ) ;
#5140 = DIRECTION ( 'NONE',  ( -0.000000000000000000, 1.000000000000000000, -0.000000000000000000 ) ) ;
#5141 = FILL_AREA_STYLE_COLOUR ( '', #1962 ) ;
#5142 = DIRECTION ( 'NONE',  ( 0.000000000000000000, 0.000000000000000000, -1.000000000000000000 ) ) ;
#5143 =( NAMED_UNIT ( * ) PLANE_ANGLE_UNIT ( ) SI_UNIT ( $, .RADIAN. ) );
#5144 = PRESENTATION_LAYER_ASSIGNMENT (  '', '', ( #9877 ) ) ;
#5145 = MECHANICAL_DESIGN_GEOMETRIC_PRESENTATION_REPRESENTATION (  '', ( #1721 ), #13099 ) ;
#5146 = ORIENTED_EDGE ( 'NONE', *, *, #4780, .F. ) ;
#5147 = PRESENTATION_STYLE_ASSIGNMENT (( #8239 ) ) ;
#5148 = SURFACE_SIDE_STYLE ('',( #1058 ) ) ;
#5149 = EDGE_CURVE ( 'NONE', #9832, #6, #11036, .T. ) ;
#5150 = LINE ( 'NONE', #5218, #3628 ) ;
#5151 = ORIENTED_EDGE ( 'NONE', *, *, #2218, .F. ) ;
#5152 = DIRECTION ( 'NONE',  ( 0.000000000000000000, 0.000000000000000000, -1.000000000000000000 ) ) ;
#5153 = PLANE ( 'NONE',  #847 ) ;
#5154 = DIRECTION ( 'NONE',  ( 0.000000000000000000, -1.000000000000000000, 0.000000000000000000 ) ) ;
#5155 = AXIS2_PLACEMENT_3D ( 'NONE', #176, #5142, #4332 ) ;
#5156 = MANIFOLD_SOLID_BREP ( 'Boss-Extrude2[13]', #3163 ) ;
#5157 = AXIS2_PLACEMENT_3D ( 'NONE', #7962, #11222, #858 ) ;
#5158 = ORIENTED_EDGE ( 'NONE', *, *, #9646, .T. ) ;
#5159 = CARTESIAN_POINT ( 'NONE',  ( 6.099999999999999645, -1.050000000000000266, 0.8199999999999999512 ) ) ;
#5160 = ORIENTED_EDGE ( 'NONE', *, *, #4576, .T. ) ;
#5161 = ADVANCED_FACE ( 'NONE', ( #11341 ), #9310, .F. ) ;
#5162 = CARTESIAN_POINT ( 'NONE',  ( 6.099999999999999645, 2.600000000000000089, 0.000000000000000000 ) ) ;
#5163 = DIRECTION ( 'NONE',  ( -0.000000000000000000, -0.000000000000000000, 1.000000000000000000 ) ) ;
#5164 = VERTEX_POINT ( 'NONE', #11413 ) ;
#5165 = SURFACE_STYLE_FILL_AREA ( #12247 ) ;
#5166 = FILL_AREA_STYLE ('',( #3362 ) ) ;
#5167 = VECTOR ( 'NONE', #13146, 1000.000000000000000 ) ;
#5168 = ORIENTED_EDGE ( 'NONE', *, *, #2895, .F. ) ;
#5169 = VECTOR ( 'NONE', #6063, 1000.000000000000000 ) ;
#5170 = DIRECTION ( 'NONE',  ( 0.000000000000000000, -1.000000000000000000, 0.000000000000000000 ) ) ;
#5171 = UNCERTAINTY_MEASURE_WITH_UNIT (LENGTH_MEASURE( 1.000000000000000082E-05 ), #3585, 'distance_accuracy_value', 'NONE');
#5172 = DIRECTION ( 'NONE',  ( 0.000000000000000000, 0.000000000000000000, -1.000000000000000000 ) ) ;
#5173 = MECHANICAL_DESIGN_GEOMETRIC_PRESENTATION_REPRESENTATION (  '', ( #8185 ), #12712 ) ;
#5174 = VECTOR ( 'NONE', #9184, 1000.000000000000000 ) ;
#5175 = ORIENTED_EDGE ( 'NONE', *, *, #1065, .F. ) ;
#5176 = SURFACE_SIDE_STYLE ('',( #5912 ) ) ;
#5177 = EDGE_CURVE ( 'NONE', #3088, #6795, #10401, .T. ) ;
#5178 = MANIFOLD_SOLID_BREP ( 'Boss-Extrude2[18]', #11118 ) ;
#5179 = DIRECTION ( 'NONE',  ( -1.000000000000000000, 0.000000000000000000, 0.000000000000000000 ) ) ;
#5180 = FILL_AREA_STYLE ('',( #9146 ) ) ;
#5181 = LINE ( 'NONE', #2234, #3011 ) ;
#5182 = ORIENTED_EDGE ( 'NONE', *, *, #512, .T. ) ;
#5183 =( GEOMETRIC_REPRESENTATION_CONTEXT ( 3 ) GLOBAL_UNCERTAINTY_ASSIGNED_CONTEXT ( ( #1282 ) ) GLOBAL_UNIT_ASSIGNED_CONTEXT ( ( #8806, #10795, #8872 ) ) REPRESENTATION_CONTEXT ( 'NONE', 'WORKASPACE' ) );
#5184 = PLANE ( 'NONE',  #3500 ) ;
#5185 = FACE_OUTER_BOUND ( 'NONE', #283, .T. ) ;
#5186 = AXIS2_PLACEMENT_3D ( 'NONE', #4411, #3356, #6436 ) ;
#5187 = DIRECTION ( 'NONE',  ( 0.000000000000000000, -1.000000000000000000, 0.000000000000000000 ) ) ;
#5188 = CARTESIAN_POINT ( 'NONE',  ( 6.099999999999999645, -7.000000000000000000, 0.000000000000000000 ) ) ;
#5189 = VECTOR ( 'NONE', #9061, 1000.000000000000000 ) ;
#5190 = FILL_AREA_STYLE ('',( #6249 ) ) ;
#5191 = CARTESIAN_POINT ( 'NONE',  ( 6.099999999999999645, -4.150000000000000355, 0.8199999999999999512 ) ) ;
#5192 = UNCERTAINTY_MEASURE_WITH_UNIT (LENGTH_MEASURE( 1.000000000000000082E-05 ), #615, 'distance_accuracy_value', 'NONE');
#5193 = ORIENTED_EDGE ( 'NONE', *, *, #2102, .F. ) ;
#5194 = LINE ( 'NONE', #8029, #5169 ) ;
#5195 = PRESENTATION_STYLE_ASSIGNMENT (( #2108 ) ) ;
#5196 = DIRECTION ( 'NONE',  ( 0.000000000000000000, -0.000000000000000000, 1.000000000000000000 ) ) ;
#5197 = VECTOR ( 'NONE', #9149, 1000.000000000000000 ) ;
#5198 = ADVANCED_FACE ( 'NONE', ( #10659 ), #11800, .F. ) ;
#5199 = ORIENTED_EDGE ( 'NONE', *, *, #2252, .F. ) ;
#5200 = LINE ( 'NONE', #7070, #9481 ) ;
#5201 = PLANE ( 'NONE',  #11945 ) ;
#5202 = DIRECTION ( 'NONE',  ( -0.000000000000000000, -0.000000000000000000, -1.000000000000000000 ) ) ;
#5203 = EDGE_CURVE ( 'NONE', #9460, #3243, #10601, .T. ) ;
#5204 = ORIENTED_EDGE ( 'NONE', *, *, #11063, .T. ) ;
#5205 = DIRECTION ( 'NONE',  ( 1.000000000000000000, 0.000000000000000000, 0.000000000000000000 ) ) ;
#5206 = CIRCLE ( 'NONE', #7784, 0.2500000000000002220 ) ;
#5207 = MANIFOLD_SOLID_BREP ( 'Boss-Extrude2[17]', #1224 ) ;
#5208 = ORIENTED_EDGE ( 'NONE', *, *, #4858, .F. ) ;
#5209 = SURFACE_STYLE_USAGE ( .BOTH. , #11455 ) ;
#5210 = ADVANCED_FACE ( 'NONE', ( #12868 ), #9564, .T. ) ;
#5211 = PLANE ( 'NONE',  #6074 ) ;
#5212 = VECTOR ( 'NONE', #4341, 1000.000000000000000 ) ;
#5213 = DIRECTION ( 'NONE',  ( -0.000000000000000000, 1.000000000000000000, -0.000000000000000000 ) ) ;
#5214 = PLANE ( 'NONE',  #2775 ) ;
#5215 = ORIENTED_EDGE ( 'NONE', *, *, #930, .T. ) ;
#5216 = DIRECTION ( 'NONE',  ( 0.000000000000000000, 1.000000000000000000, -0.000000000000000000 ) ) ;
#5217 = DIRECTION ( 'NONE',  ( 0.000000000000000000, -0.000000000000000000, 1.000000000000000000 ) ) ;
#5218 = CARTESIAN_POINT ( 'NONE',  ( 5.299999999999998934, 0.04999999999999969746, 0.8199999999999999512 ) ) ;
#5219 = ORIENTED_EDGE ( 'NONE', *, *, #8336, .F. ) ;
#5220 = FILL_AREA_STYLE_COLOUR ( '', #12319 ) ;
#5221 = DIRECTION ( 'NONE',  ( 0.000000000000000000, 0.000000000000000000, -1.000000000000000000 ) ) ;
#5222 = SURFACE_SIDE_STYLE ('',( #9191 ) ) ;
#5223 = DIRECTION ( 'NONE',  ( -1.000000000000000000, 0.000000000000000000, -0.000000000000000000 ) ) ;
#5224 = VECTOR ( 'NONE', #2447, 1000.000000000000000 ) ;
#5225 = ADVANCED_FACE ( 'NONE', ( #12056 ), #3713, .T. ) ;
#5226 = UNCERTAINTY_MEASURE_WITH_UNIT (LENGTH_MEASURE( 1.000000000000000082E-05 ), #12107, 'distance_accuracy_value', 'NONE');
#5227 = STYLED_ITEM ( 'NONE', ( #8618 ), #5207 ) ;
#5228 = ORIENTED_EDGE ( 'NONE', *, *, #10864, .T. ) ;
#5229 = DIRECTION ( 'NONE',  ( -1.000000000000000000, -0.000000000000000000, -0.000000000000000000 ) ) ;
#5230 = ORIENTED_EDGE ( 'NONE', *, *, #3864, .F. ) ;
#5231 = FILL_AREA_STYLE_COLOUR ( '', #12604 ) ;
#5232 = FILL_AREA_STYLE_COLOUR ( '', #10263 ) ;
#5233 = ORIENTED_EDGE ( 'NONE', *, *, #6144, .T. ) ;
#5234 =( LENGTH_UNIT ( ) NAMED_UNIT ( * ) SI_UNIT ( .MILLI., .METRE. ) );
#5235 = SURFACE_STYLE_FILL_AREA ( #4480 ) ;
#5236 = DIRECTION ( 'NONE',  ( 0.000000000000000000, -1.000000000000000000, 0.000000000000000000 ) ) ;
#5237 = PLANE ( 'NONE',  #1680 ) ;
#5238 = CARTESIAN_POINT ( 'NONE',  ( -3.999999999999996447, -6.000000000000000000, 2.400000000000000355 ) ) ;
#5239 = ORIENTED_EDGE ( 'NONE', *, *, #6013, .F. ) ;
#5240 = FACE_OUTER_BOUND ( 'NONE', #178, .T. ) ;
#5241 = EDGE_CURVE ( 'NONE', #3025, #11301, #2717, .T. ) ;
#5242 = FACE_OUTER_BOUND ( 'NONE', #10888, .T. ) ;
#5243 = VERTEX_POINT ( 'NONE', #1700 ) ;
#5244 = DIRECTION ( 'NONE',  ( 1.000000000000000000, 0.000000000000000000, 0.000000000000000000 ) ) ;
#5245 = DIRECTION ( 'NONE',  ( 0.000000000000000000, -1.000000000000000000, 0.000000000000000000 ) ) ;
#5246 = PRESENTATION_STYLE_ASSIGNMENT (( #1153 ) ) ;
#5247 = CARTESIAN_POINT ( 'NONE',  ( -6.099999999999999645, -4.350000000000000533, 0.8199999999999999512 ) ) ;
#5248 = ORIENTED_EDGE ( 'NONE', *, *, #4780, .T. ) ;
#5249 = PLANE ( 'NONE',  #5406 ) ;
#5250 = LINE ( 'NONE', #7255, #8705 ) ;
#5251 = FACE_OUTER_BOUND ( 'NONE', #4546, .T. ) ;
#5252 = LINE ( 'NONE', #8345, #9872 ) ;
#5253 = CARTESIAN_POINT ( 'NONE',  ( 6.099999999999999645, -1.950000000000000178, 0.000000000000000000 ) ) ;
#5254 = EDGE_CURVE ( 'NONE', #2361, #6071, #5793, .T. ) ;
#5255 = DIRECTION ( 'NONE',  ( 0.000000000000000000, 0.000000000000000000, -1.000000000000000000 ) ) ;
#5256 = EDGE_LOOP ( 'NONE', ( #9777, #2063, #4999, #8846 ) ) ;
#5257 = LINE ( 'NONE', #9362, #7501 ) ;
#5258 = ORIENTED_EDGE ( 'NONE', *, *, #11606, .T. ) ;
#5259 = LINE ( 'NONE', #4061, #10368 ) ;
#5260 = CARTESIAN_POINT ( 'NONE',  ( -5.299999999999998934, -1.050000000000000266, 0.000000000000000000 ) ) ;
#5261 = ORIENTED_EDGE ( 'NONE', *, *, #10281, .T. ) ;
#5262 = DIRECTION ( 'NONE',  ( -1.000000000000000000, 0.000000000000000000, 0.000000000000000000 ) ) ;
#5263 =( NAMED_UNIT ( * ) PLANE_ANGLE_UNIT ( ) SI_UNIT ( $, .RADIAN. ) );
#5264 = ORIENTED_EDGE ( 'NONE', *, *, #3104, .T. ) ;
#5265 = PRESENTATION_STYLE_ASSIGNMENT (( #2258 ) ) ;
#5266 = STYLED_ITEM ( 'NONE', ( #3372 ), #8257 ) ;
#5267 = COLOUR_RGB ( '',0.9411764705882352811, 0.6274509803921568540, 0.05490196078431372473 ) ;
#5268 =( LENGTH_UNIT ( ) NAMED_UNIT ( * ) SI_UNIT ( .MILLI., .METRE. ) );
#5269 = FILL_AREA_STYLE_COLOUR ( '', #11891 ) ;
#5270 = DIRECTION ( 'NONE',  ( -0.000000000000000000, -0.000000000000000000, -1.000000000000000000 ) ) ;
#5271 = SURFACE_SIDE_STYLE ('',( #937 ) ) ;
#5272 = EDGE_LOOP ( 'NONE', ( #926, #4625, #2224, #7589 ) ) ;
#5273 = SURFACE_SIDE_STYLE ('',( #10212 ) ) ;
#5274 = DIRECTION ( 'NONE',  ( -1.000000000000000000, -0.000000000000000000, -0.000000000000000000 ) ) ;
#5275 = DIRECTION ( 'NONE',  ( -0.000000000000000000, -0.000000000000000000, 1.000000000000000000 ) ) ;
#5276 = ORIENTED_EDGE ( 'NONE', *, *, #8164, .F. ) ;
#5277 =( NAMED_UNIT ( * ) PLANE_ANGLE_UNIT ( ) SI_UNIT ( $, .RADIAN. ) );
#5278 = CARTESIAN_POINT ( 'NONE',  ( 6.099999999999999645, 3.250000000000000444, 0.8199999999999999512 ) ) ;
#5279 = CARTESIAN_POINT ( 'NONE',  ( 5.299999999999998934, 3.049999999999999822, 0.000000000000000000 ) ) ;
#5280 = AXIS2_PLACEMENT_3D ( 'NONE', #9636, #11795, #1234 ) ;
#5281 = ORIENTED_EDGE ( 'NONE', *, *, #12236, .T. ) ;
#5282 = LINE ( 'NONE', #6215, #3370 ) ;
#5283 = ORIENTED_EDGE ( 'NONE', *, *, #1844, .T. ) ;
#5284 = DIRECTION ( 'NONE',  ( 0.000000000000000000, -1.000000000000000000, 0.000000000000000000 ) ) ;
#5285 = CARTESIAN_POINT ( 'NONE',  ( -6.099999999999999645, 4.349999999999999645, 0.000000000000000000 ) ) ;
#5286 = CIRCLE ( 'NONE', #5501, 0.2500000000000002220 ) ;
#5287 = ORIENTED_EDGE ( 'NONE', *, *, #7144, .F. ) ;
#5288 =( NAMED_UNIT ( * ) PLANE_ANGLE_UNIT ( ) SI_UNIT ( $, .RADIAN. ) );
#5289 = EDGE_CURVE ( 'NONE', #11888, #1658, #9978, .T. ) ;
#5290 = LINE ( 'NONE', #11507, #7644 ) ;
#5292 = ADVANCED_FACE ( 'NONE', ( #11544 ), #5211, .T. ) ;
#5291 = ORIENTED_EDGE ( 'NONE', *, *, #9035, .F. ) ;
#5293 = DIRECTION ( 'NONE',  ( 1.626303258728256651E-16, -1.000000000000000000, 0.000000000000000000 ) ) ;
#5294 = ORIENTED_EDGE ( 'NONE', *, *, #11499, .T. ) ;
#5295 = SURFACE_STYLE_FILL_AREA ( #2368 ) ;
#5296 = SURFACE_STYLE_FILL_AREA ( #345 ) ;
#5297 = ORIENTED_EDGE ( 'NONE', *, *, #13131, .F. ) ;
#5298 = CARTESIAN_POINT ( 'NONE',  ( -6.099999999999999645, -0.4000000000000001887, 0.000000000000000000 ) ) ;
#5299 = DIRECTION ( 'NONE',  ( -0.000000000000000000, 0.000000000000000000, 1.000000000000000000 ) ) ;
#5300 = DIRECTION ( 'NONE',  ( -1.000000000000000000, 0.000000000000000000, 0.000000000000000000 ) ) ;
#5301 = FILL_AREA_STYLE ('',( #10442 ) ) ;
#5302 = ORIENTED_EDGE ( 'NONE', *, *, #12689, .T. ) ;
#5303 =( NAMED_UNIT ( * ) SI_UNIT ( $, .STERADIAN. ) SOLID_ANGLE_UNIT ( ) );
#5304 =( NAMED_UNIT ( * ) PLANE_ANGLE_UNIT ( ) SI_UNIT ( $, .RADIAN. ) );
#5305 = CARTESIAN_POINT ( 'NONE',  ( -6.099999999999999645, -0.6500000000000003553, 0.8199999999999999512 ) ) ;
#5306 = DIRECTION ( 'NONE',  ( -0.000000000000000000, 1.000000000000000000, -0.000000000000000000 ) ) ;
#5307 = ADVANCED_FACE ( 'NONE', ( #12627 ), #12420, .T. ) ;
#5308 = SURFACE_STYLE_USAGE ( .BOTH. , #1364 ) ;
#5309 = LINE ( 'NONE', #12400, #7504 ) ;
#5310 = VECTOR ( 'NONE', #6967, 1000.000000000000000 ) ;
#5311 = FACE_OUTER_BOUND ( 'NONE', #11844, .T. ) ;
#5312 = UNCERTAINTY_MEASURE_WITH_UNIT (LENGTH_MEASURE( 1.000000000000000082E-05 ), #9241, 'distance_accuracy_value', 'NONE');
#5313 = ORIENTED_EDGE ( 'NONE', *, *, #3137, .T. ) ;
#5314 =( NAMED_UNIT ( * ) PLANE_ANGLE_UNIT ( ) SI_UNIT ( $, .RADIAN. ) );
#5315 = PRESENTATION_LAYER_ASSIGNMENT (  '', '', ( #11150 ) ) ;
#5316 = ORIENTED_EDGE ( 'NONE', *, *, #6964, .T. ) ;
#5317 = DIRECTION ( 'NONE',  ( 1.000000000000000000, 0.000000000000000000, 0.000000000000000000 ) ) ;
#5318 =( NAMED_UNIT ( * ) PLANE_ANGLE_UNIT ( ) SI_UNIT ( $, .RADIAN. ) );
#5319 = EDGE_CURVE ( 'NONE', #3422, #2, #87, .T. ) ;
#5320 = ORIENTED_EDGE ( 'NONE', *, *, #6404, .F. ) ;
#5321 = FILL_AREA_STYLE ('',( #4391 ) ) ;
#5322 =( GEOMETRIC_REPRESENTATION_CONTEXT ( 3 ) GLOBAL_UNCERTAINTY_ASSIGNED_CONTEXT ( ( #4407 ) ) GLOBAL_UNIT_ASSIGNED_CONTEXT ( ( #10052, #2879, #12354 ) ) REPRESENTATION_CONTEXT ( 'NONE', 'WORKASPACE' ) );
#5323 = LINE ( 'NONE', #2325, #1491 ) ;
#5324 = EDGE_LOOP ( 'NONE', ( #5281, #60, #12349, #3929 ) ) ;
#5325 = EDGE_LOOP ( 'NONE', ( #1951, #11428, #11263, #5362 ) ) ;
#5326 = STYLED_ITEM ( 'NONE', ( #1324 ), #6286 ) ;
#5327 = AXIS2_PLACEMENT_3D ( 'NONE', #6856, #10990, #9766 ) ;
#5328 = STYLED_ITEM ( 'NONE', ( #1328 ), #7003 ) ;
#5329 = VECTOR ( 'NONE', #7011, 1000.000000000000000 ) ;
#5330 = PLANE ( 'NONE',  #9895 ) ;
#5331 = CARTESIAN_POINT ( 'NONE',  ( -6.099999999999999645, 3.449999999999999734, 0.8199999999999999512 ) ) ;
#5332 = COLOUR_RGB ( '',0.000000000000000000, 1.000000000000000000, 0.000000000000000000 ) ;
#5333 =( LENGTH_UNIT ( ) NAMED_UNIT ( * ) SI_UNIT ( .MILLI., .METRE. ) );
#5334 = FILL_AREA_STYLE ('',( #3475 ) ) ;
#5335 = ORIENTED_EDGE ( 'NONE', *, *, #7711, .T. ) ;
#5336 = CARTESIAN_POINT ( 'NONE',  ( 6.099999999999999645, 4.800000000000000711, 0.8199999999999999512 ) ) ;
#5337 =( LENGTH_UNIT ( ) NAMED_UNIT ( * ) SI_UNIT ( .MILLI., .METRE. ) );
#5338 = DIRECTION ( 'NONE',  ( 0.000000000000000000, 0.000000000000000000, -1.000000000000000000 ) ) ;
#5339 = EDGE_CURVE ( 'NONE', #2927, #4543, #3213, .T. ) ;
#5340 = ORIENTED_EDGE ( 'NONE', *, *, #12306, .T. ) ;
#5341 = PRESENTATION_LAYER_ASSIGNMENT (  '', '', ( #1490 ) ) ;
#5342 = DIRECTION ( 'NONE',  ( 0.000000000000000000, 0.000000000000000000, -1.000000000000000000 ) ) ;
#5343 = VECTOR ( 'NONE', #8230, 1000.000000000000000 ) ;
#5344 = DIRECTION ( 'NONE',  ( -0.000000000000000000, -0.000000000000000000, -1.000000000000000000 ) ) ;
#5345 = UNCERTAINTY_MEASURE_WITH_UNIT (LENGTH_MEASURE( 1.000000000000000082E-05 ), #8910, 'distance_accuracy_value', 'NONE');
#5346 = ORIENTED_EDGE ( 'NONE', *, *, #11123, .F. ) ;
#5347 = PRESENTATION_LAYER_ASSIGNMENT (  '', '', ( #5994 ) ) ;
#5348 = MECHANICAL_DESIGN_GEOMETRIC_PRESENTATION_REPRESENTATION (  '', ( #11187 ), #12250 ) ;
#5349 = PRESENTATION_STYLE_ASSIGNMENT (( #12576 ) ) ;
#5350 =( NAMED_UNIT ( * ) PLANE_ANGLE_UNIT ( ) SI_UNIT ( $, .RADIAN. ) );
#5351 = CYLINDRICAL_SURFACE ( 'NONE', #918, 0.2500000000000002220 ) ;
#5352 = FACE_OUTER_BOUND ( 'NONE', #12429, .T. ) ;
#5353 = AXIS2_PLACEMENT_3D ( 'NONE', #5794, #9912, #708 ) ;
#5354 = VERTEX_POINT ( 'NONE', #9517 ) ;
#5355 = DIRECTION ( 'NONE',  ( -1.000000000000000000, 0.000000000000000000, -0.000000000000000000 ) ) ;
#5356 = DIRECTION ( 'NONE',  ( -0.000000000000000000, 0.000000000000000000, -1.000000000000000000 ) ) ;
#5357 = ORIENTED_EDGE ( 'NONE', *, *, #2000, .F. ) ;
#5358 = EDGE_CURVE ( 'NONE', #5564, #1388, #9316, .T. ) ;
#5359 = CARTESIAN_POINT ( 'NONE',  ( 6.099999999999999645, 7.450000000000000178, 0.8199999999999999512 ) ) ;
#5360 = DIRECTION ( 'NONE',  ( 0.000000000000000000, 1.000000000000000000, -0.000000000000000000 ) ) ;
#5361 = SURFACE_STYLE_FILL_AREA ( #10491 ) ;
#5362 = ORIENTED_EDGE ( 'NONE', *, *, #2539, .T. ) ;
#5363 = EDGE_CURVE ( 'NONE', #3961, #4513, #2332, .T. ) ;
#5364 = DIRECTION ( 'NONE',  ( 0.000000000000000000, -1.000000000000000000, 0.000000000000000000 ) ) ;
#5365 = ORIENTED_EDGE ( 'NONE', *, *, #11546, .F. ) ;
#5366 = PRESENTATION_LAYER_ASSIGNMENT (  '', '', ( #4702 ) ) ;
#5367 = DIRECTION ( 'NONE',  ( -1.000000000000000000, -0.000000000000000000, -0.000000000000000000 ) ) ;
#5368 =( GEOMETRIC_REPRESENTATION_CONTEXT ( 3 ) GLOBAL_UNCERTAINTY_ASSIGNED_CONTEXT ( ( #2503 ) ) GLOBAL_UNIT_ASSIGNED_CONTEXT ( ( #12007, #9938, #11227 ) ) REPRESENTATION_CONTEXT ( 'NONE', 'WORKASPACE' ) );
#5369 = EDGE_CURVE ( 'NONE', #5164, #5978, #10536, .T. ) ;
#5370 = CARTESIAN_POINT ( 'NONE',  ( -5.299999999999998934, 5.249999999999999112, 0.000000000000000000 ) ) ;
#5371 = FILL_AREA_STYLE_COLOUR ( '', #5098 ) ;
#5372 = ORIENTED_EDGE ( 'NONE', *, *, #4091, .F. ) ;
#5373 = EDGE_CURVE ( 'NONE', #8709, #9030, #319, .T. ) ;
#5374 = CARTESIAN_POINT ( 'NONE',  ( 5.299999999999998934, -5.250000000000000000, 0.000000000000000000 ) ) ;
#5375 = DIRECTION ( 'NONE',  ( 0.000000000000000000, -1.000000000000000000, 0.000000000000000000 ) ) ;
#5376 = AXIS2_PLACEMENT_3D ( 'NONE', #3077, #9043, #1796 ) ;
#5377 = ORIENTED_EDGE ( 'NONE', *, *, #10364, .T. ) ;
#5378 = CARTESIAN_POINT ( 'NONE',  ( -6.099999999999999645, -1.950000000000000178, 0.8199999999999999512 ) ) ;
#5379 = FILL_AREA_STYLE_COLOUR ( '', #3774 ) ;
#5380 = CARTESIAN_POINT ( 'NONE',  ( -6.099999999999999645, -1.250000000000000000, 0.000000000000000000 ) ) ;
#5381 = COLOUR_RGB ( '',0.9411764705882352811, 0.6274509803921568540, 0.05490196078431372473 ) ;
#5382 = PRESENTATION_LAYER_ASSIGNMENT (  '', '', ( #33 ) ) ;
#5383 = CARTESIAN_POINT ( 'NONE',  ( -6.099999999999999645, 7.450000000000000178, 0.8199999999999999512 ) ) ;
#5384 = DIRECTION ( 'NONE',  ( -1.000000000000000000, 0.000000000000000000, 0.000000000000000000 ) ) ;
#5385 =( GEOMETRIC_REPRESENTATION_CONTEXT ( 3 ) GLOBAL_UNCERTAINTY_ASSIGNED_CONTEXT ( ( #8298 ) ) GLOBAL_UNIT_ASSIGNED_CONTEXT ( ( #571, #2665, #5469 ) ) REPRESENTATION_CONTEXT ( 'NONE', 'WORKASPACE' ) );
#5386 = STYLED_ITEM ( 'NONE', ( #5601 ), #4241 ) ;
#5387 = EDGE_CURVE ( 'NONE', #11627, #13084, #4640, .T. ) ;
#5388 = CARTESIAN_POINT ( 'NONE',  ( 6.099999999999999645, -0.6500000000000003553, 0.8199999999999999512 ) ) ;
#5389 = ORIENTED_EDGE ( 'NONE', *, *, #6786, .T. ) ;
#5390 = VECTOR ( 'NONE', #11121, 1000.000000000000000 ) ;
#5391 =( NAMED_UNIT ( * ) PLANE_ANGLE_UNIT ( ) SI_UNIT ( $, .RADIAN. ) );
#5392 = CARTESIAN_POINT ( 'NONE',  ( -6.099999999999999645, 6.349999999999999645, 0.8199999999999999512 ) ) ;
#5393 = SURFACE_SIDE_STYLE ('',( #10455 ) ) ;
#5394 = ORIENTED_EDGE ( 'NONE', *, *, #7300, .T. ) ;
#5395 = LINE ( 'NONE', #2511, #9700 ) ;
#5396 = CARTESIAN_POINT ( 'NONE',  ( -5.299999999999998934, -3.250000000000000444, 0.8199999999999999512 ) ) ;
#5397 = ORIENTED_EDGE ( 'NONE', *, *, #12306, .F. ) ;
#5398 =( GEOMETRIC_REPRESENTATION_CONTEXT ( 3 ) GLOBAL_UNCERTAINTY_ASSIGNED_CONTEXT ( ( #10206 ) ) GLOBAL_UNIT_ASSIGNED_CONTEXT ( ( #13253, #3110, #8202 ) ) REPRESENTATION_CONTEXT ( 'NONE', 'WORKASPACE' ) );
#5399 = PRESENTATION_LAYER_ASSIGNMENT (  '', '', ( #4749 ) ) ;
#5400 = SURFACE_STYLE_FILL_AREA ( #5321 ) ;
#5401 =( NAMED_UNIT ( * ) PLANE_ANGLE_UNIT ( ) SI_UNIT ( $, .RADIAN. ) );
#5402 = ORIENTED_EDGE ( 'NONE', *, *, #3592, .F. ) ;
#5403 = STYLED_ITEM ( 'NONE', ( #8677 ), #3663 ) ;
#5404 = SURFACE_STYLE_FILL_AREA ( #3397 ) ;
#5405 = DIRECTION ( 'NONE',  ( 0.000000000000000000, 0.000000000000000000, -1.000000000000000000 ) ) ;
#5406 = AXIS2_PLACEMENT_3D ( 'NONE', #3325, #4432, #12668 ) ;
#5407 = EDGE_CURVE ( 'NONE', #3422, #7762, #2723, .T. ) ;
#5408 = PRESENTATION_LAYER_ASSIGNMENT (  '', '', ( #51 ) ) ;
#5409 = CARTESIAN_POINT ( 'NONE',  ( -6.099999999999999645, 8.000000000000000000, 0.8199999999999999512 ) ) ;
#5410 = DIRECTION ( 'NONE',  ( -0.000000000000000000, 1.000000000000000000, -0.000000000000000000 ) ) ;
#5411 = SURFACE_STYLE_FILL_AREA ( #5532 ) ;
#5412 =( NAMED_UNIT ( * ) SI_UNIT ( $, .STERADIAN. ) SOLID_ANGLE_UNIT ( ) );
#5413 = ORIENTED_EDGE ( 'NONE', *, *, #2362, .T. ) ;
#5414 =( NAMED_UNIT ( * ) SI_UNIT ( $, .STERADIAN. ) SOLID_ANGLE_UNIT ( ) );
#5415 = CARTESIAN_POINT ( 'NONE',  ( 6.099999999999999645, -1.750000000000000444, 0.000000000000000000 ) ) ;
#5416 = MECHANICAL_DESIGN_GEOMETRIC_PRESENTATION_REPRESENTATION (  '', ( #13164 ), #10815 ) ;
#5417 =( NAMED_UNIT ( * ) PLANE_ANGLE_UNIT ( ) SI_UNIT ( $, .RADIAN. ) );
#5418 = VERTEX_POINT ( 'NONE', #712 ) ;
#5419 =( LENGTH_UNIT ( ) NAMED_UNIT ( * ) SI_UNIT ( .MILLI., .METRE. ) );
#5420 = CARTESIAN_POINT ( 'NONE',  ( 6.099999999999999645, 2.149999999999999911, 0.8199999999999999512 ) ) ;
#5421 = STYLED_ITEM ( 'NONE', ( #4883 ), #4946 ) ;
#5422 = LINE ( 'NONE', #2418, #6691 ) ;
#5423 = DIRECTION ( 'NONE',  ( -0.000000000000000000, 1.000000000000000000, -0.000000000000000000 ) ) ;
#5424 = EDGE_CURVE ( 'NONE', #12931, #3603, #7816, .T. ) ;
#5425 = ORIENTED_EDGE ( 'NONE', *, *, #9446, .F. ) ;
#5426 = SURFACE_STYLE_FILL_AREA ( #7380 ) ;
#5427 = ADVANCED_FACE ( 'NONE', ( #7613 ), #12754, .T. ) ;
#5428 = LINE ( 'NONE', #10626, #4670 ) ;
#5429 = AXIS2_PLACEMENT_3D ( 'NONE', #3615, #13031, #5262 ) ;
#5430 = VERTEX_POINT ( 'NONE', #7680 ) ;
#5431 = SURFACE_SIDE_STYLE ('',( #1342 ) ) ;
#5432 = DIRECTION ( 'NONE',  ( 1.000000000000000000, -0.000000000000000000, -0.000000000000000000 ) ) ;
#5433 = VERTEX_POINT ( 'NONE', #10667 ) ;
#5434 = FILL_AREA_STYLE_COLOUR ( '', #7993 ) ;
#5435 = SURFACE_STYLE_FILL_AREA ( #1347 ) ;
#5436 = SURFACE_STYLE_FILL_AREA ( #4285 ) ;
#5437 = ORIENTED_EDGE ( 'NONE', *, *, #11451, .F. ) ;
#5438 = VERTEX_POINT ( 'NONE', #10806 ) ;
#5439 = AXIS2_PLACEMENT_3D ( 'NONE', #7812, #1633, #5659 ) ;
#5441 = EDGE_CURVE ( 'NONE', #2174, #5683, #11678, .T. ) ;
#5440 =( NAMED_UNIT ( * ) SI_UNIT ( $, .STERADIAN. ) SOLID_ANGLE_UNIT ( ) );
#5442 = UNCERTAINTY_MEASURE_WITH_UNIT (LENGTH_MEASURE( 1.000000000000000082E-05 ), #57, 'distance_accuracy_value', 'NONE');
#5443 = VECTOR ( 'NONE', #10818, 1000.000000000000000 ) ;
#5444 = LINE ( 'NONE', #6647, #601 ) ;
#5445 =( NAMED_UNIT ( * ) SI_UNIT ( $, .STERADIAN. ) SOLID_ANGLE_UNIT ( ) );
#5446 = VERTEX_POINT ( 'NONE', #5665 ) ;
#5447 = CARTESIAN_POINT ( 'NONE',  ( 5.299999999999998934, 4.150000000000000355, 0.000000000000000000 ) ) ;
#5448 = EDGE_LOOP ( 'NONE', ( #9524, #7350, #5566, #8576 ) ) ;
#5449 = CARTESIAN_POINT ( 'NONE',  ( -6.099999999999999645, 8.000000000000000000, 0.8199999999999999512 ) ) ;
#5450 = LINE ( 'NONE', #12541, #11096 ) ;
#5451 = DIRECTION ( 'NONE',  ( -0.000000000000000000, -0.000000000000000000, 1.000000000000000000 ) ) ;
#5452 = DIRECTION ( 'NONE',  ( 0.000000000000000000, -0.000000000000000000, 1.000000000000000000 ) ) ;
#5453 = ADVANCED_FACE ( 'NONE', ( #1511 ), #1445, .F. ) ;
#5454 = AXIS2_PLACEMENT_3D ( 'NONE', #11378, #8261, #11115 ) ;
#5455 = FACE_OUTER_BOUND ( 'NONE', #5549, .T. ) ;
#5456 = EDGE_CURVE ( 'NONE', #4721, #11994, #10376, .T. ) ;
#5457 = DIRECTION ( 'NONE',  ( -0.000000000000000000, 1.000000000000000000, -0.000000000000000000 ) ) ;
#5458 = ORIENTED_EDGE ( 'NONE', *, *, #2413, .T. ) ;
#5459 = CARTESIAN_POINT ( 'NONE',  ( -6.099999999999999645, -0.8500000000000000888, 0.8199999999999999512 ) ) ;
#5460 = DIRECTION ( 'NONE',  ( 0.000000000000000000, 0.000000000000000000, -1.000000000000000000 ) ) ;
#5461 =( NAMED_UNIT ( * ) SI_UNIT ( $, .STERADIAN. ) SOLID_ANGLE_UNIT ( ) );
#5462 = CARTESIAN_POINT ( 'NONE',  ( -5.299999999999998934, 7.450000000000000178, 0.000000000000000000 ) ) ;
#5463 = ORIENTED_EDGE ( 'NONE', *, *, #8968, .T. ) ;
#5464 = SURFACE_STYLE_FILL_AREA ( #10527 ) ;
#5465 = EDGE_CURVE ( 'NONE', #9521, #8709, #11262, .T. ) ;
#5466 = DIRECTION ( 'NONE',  ( 1.000000000000000000, 1.626303258728256651E-16, -0.000000000000000000 ) ) ;
#5467 = EDGE_CURVE ( 'NONE', #8045, #12309, #12326, .T. ) ;
#5468 = EDGE_LOOP ( 'NONE', ( #1004, #4263, #7588, #12706 ) ) ;
#5469 =( NAMED_UNIT ( * ) SI_UNIT ( $, .STERADIAN. ) SOLID_ANGLE_UNIT ( ) );
#5470 = CARTESIAN_POINT ( 'NONE',  ( -6.099999999999999645, 4.349999999999999645, 0.000000000000000000 ) ) ;
#5471 = CARTESIAN_POINT ( 'NONE',  ( -5.299999999999998934, 7.450000000000000178, 0.8199999999999999512 ) ) ;
#5472 = DIRECTION ( 'NONE',  ( -1.000000000000000000, 0.000000000000000000, 0.000000000000000000 ) ) ;
#5473 =( NAMED_UNIT ( * ) SI_UNIT ( $, .STERADIAN. ) SOLID_ANGLE_UNIT ( ) );
#5474 = ORIENTED_EDGE ( 'NONE', *, *, #10807, .F. ) ;
#5475 = SURFACE_STYLE_USAGE ( .BOTH. , #2533 ) ;
#5476 = CARTESIAN_POINT ( 'NONE',  ( -5.299999999999998934, -1.050000000000000266, 0.8199999999999999512 ) ) ;
#5477 = EDGE_LOOP ( 'NONE', ( #11916, #5320, #10953, #368 ) ) ;
#5478 = ADVANCED_FACE ( 'NONE', ( #13256 ), #2034, .F. ) ;
#5479 = VECTOR ( 'NONE', #11390, 1000.000000000000000 ) ;
#5480 = DIRECTION ( 'NONE',  ( -0.000000000000000000, 1.000000000000000000, -0.000000000000000000 ) ) ;
#5481 = DIRECTION ( 'NONE',  ( -1.000000000000000000, 0.000000000000000000, 0.000000000000000000 ) ) ;
#5482 = UNCERTAINTY_MEASURE_WITH_UNIT (LENGTH_MEASURE( 1.000000000000000082E-05 ), #10985, 'distance_accuracy_value', 'NONE');
#5483 = VERTEX_POINT ( 'NONE', #4163 ) ;
#5484 = CARTESIAN_POINT ( 'NONE',  ( 5.299999999999998934, 5.249999999999999112, 0.000000000000000000 ) ) ;
#5485 = PRESENTATION_LAYER_ASSIGNMENT (  '', '', ( #5914 ) ) ;
#5486 = CARTESIAN_POINT ( 'NONE',  ( 6.099999999999999645, 5.450000000000000178, 0.000000000000000000 ) ) ;
#5487 = VECTOR ( 'NONE', #11002, 1000.000000000000000 ) ;
#5488 = ORIENTED_EDGE ( 'NONE', *, *, #4859, .F. ) ;
#5489 = PLANE ( 'NONE',  #12174 ) ;
#5490 = PLANE ( 'NONE',  #5515 ) ;
#5491 = ORIENTED_EDGE ( 'NONE', *, *, #6225, .T. ) ;
#5492 = SURFACE_STYLE_FILL_AREA ( #1403 ) ;
#5493 = DIRECTION ( 'NONE',  ( 1.000000000000000000, 0.000000000000000000, 0.000000000000000000 ) ) ;
#5494 = CARTESIAN_POINT ( 'NONE',  ( -6.099999999999999645, 3.700000000000000178, 0.8199999999999999512 ) ) ;
#5495 = CARTESIAN_POINT ( 'NONE',  ( 6.099999999999999645, -2.150000000000000355, 0.8199999999999999512 ) ) ;
#5496 = ORIENTED_EDGE ( 'NONE', *, *, #4379, .T. ) ;
#5497 = ADVANCED_FACE ( 'NONE', ( #4036 ), #11314, .T. ) ;
#5498 = PRESENTATION_LAYER_ASSIGNMENT (  '', '', ( #9576 ) ) ;
#5499 = LINE ( 'NONE', #10495, #11700 ) ;
#5500 = VECTOR ( 'NONE', #4573, 1000.000000000000000 ) ;
#5501 = AXIS2_PLACEMENT_3D ( 'NONE', #11039, #12977, #5829 ) ;
#5502 = FACE_OUTER_BOUND ( 'NONE', #9410, .T. ) ;
#5503 = ORIENTED_EDGE ( 'NONE', *, *, #4091, .T. ) ;
#5504 = FILL_AREA_STYLE_COLOUR ( '', #11724 ) ;
#5505 = FILL_AREA_STYLE_COLOUR ( '', #5088 ) ;
#5506 = ORIENTED_EDGE ( 'NONE', *, *, #6584, .T. ) ;
#5507 =( GEOMETRIC_REPRESENTATION_CONTEXT ( 3 ) GLOBAL_UNCERTAINTY_ASSIGNED_CONTEXT ( ( #12459 ) ) GLOBAL_UNIT_ASSIGNED_CONTEXT ( ( #5700, #812, #4757 ) ) REPRESENTATION_CONTEXT ( 'NONE', 'WORKASPACE' ) );
#5508 = DIRECTION ( 'NONE',  ( 0.000000000000000000, -0.000000000000000000, 1.000000000000000000 ) ) ;
#5509 = DIRECTION ( 'NONE',  ( 0.000000000000000000, -1.000000000000000000, 0.000000000000000000 ) ) ;
#5510 = LINE ( 'NONE', #2445, #8994 ) ;
#5511 = EDGE_CURVE ( 'NONE', #3935, #10794, #6166, .T. ) ;
#5512 = DIRECTION ( 'NONE',  ( -0.000000000000000000, -0.000000000000000000, -1.000000000000000000 ) ) ;
#5513 = ADVANCED_FACE ( 'NONE', ( #82 ), #13008, .T. ) ;
#5514 = LINE ( 'NONE', #6585, #12511 ) ;
#5515 = AXIS2_PLACEMENT_3D ( 'NONE', #12707, #6360, #5356 ) ;
#5516 = CARTESIAN_POINT ( 'NONE',  ( 5.299999999999998934, 5.450000000000000178, 0.8199999999999999512 ) ) ;
#5517 = ORIENTED_EDGE ( 'NONE', *, *, #7576, .F. ) ;
#5518 = DIRECTION ( 'NONE',  ( 0.000000000000000000, 0.000000000000000000, -1.000000000000000000 ) ) ;
#5519 = PLANE ( 'NONE',  #1761 ) ;
#5520 =( LENGTH_UNIT ( ) NAMED_UNIT ( * ) SI_UNIT ( .MILLI., .METRE. ) );
#5521 = CARTESIAN_POINT ( 'NONE',  ( 6.099999999999999645, 3.049999999999999822, 0.8199999999999999512 ) ) ;
#5522 = ORIENTED_EDGE ( 'NONE', *, *, #7967, .F. ) ;
#5523 = PRESENTATION_LAYER_ASSIGNMENT (  '', '', ( #12837 ) ) ;
#5524 =( GEOMETRIC_REPRESENTATION_CONTEXT ( 3 ) GLOBAL_UNCERTAINTY_ASSIGNED_CONTEXT ( ( #7324 ) ) GLOBAL_UNIT_ASSIGNED_CONTEXT ( ( #3305, #6561, #10559 ) ) REPRESENTATION_CONTEXT ( 'NONE', 'WORKASPACE' ) );
#5525 = MECHANICAL_DESIGN_GEOMETRIC_PRESENTATION_REPRESENTATION (  '', ( #8959 ), #6600 ) ;
#5526 = CARTESIAN_POINT ( 'NONE',  ( -6.099999999999997868, -3.249999999999999556, 0.000000000000000000 ) ) ;
#5527 = VERTEX_POINT ( 'NONE', #282 ) ;
#5529 = FILL_AREA_STYLE ('',( #646 ) ) ;
#5528 = STYLED_ITEM ( 'NONE', ( #1399 ), #6070 ) ;
#5530 = CARTESIAN_POINT ( 'NONE',  ( 6.099999999999999645, -4.350000000000000533, 0.8199999999999999512 ) ) ;
#5531 = EDGE_CURVE ( 'NONE', #8195, #3990, #2562, .T. ) ;
#5532 = FILL_AREA_STYLE ('',( #10537 ) ) ;
#5533 = LINE ( 'NONE', #11683, #4472 ) ;
#5534 = MECHANICAL_DESIGN_GEOMETRIC_PRESENTATION_REPRESENTATION (  '', ( #11360 ), #2557 ) ;
#5535 =( LENGTH_UNIT ( ) NAMED_UNIT ( * ) SI_UNIT ( .MILLI., .METRE. ) );
#5536 = VERTEX_POINT ( 'NONE', #9480 ) ;
#5537 = DIRECTION ( 'NONE',  ( -1.000000000000000000, 0.000000000000000000, 0.000000000000000000 ) ) ;
#5538 = SURFACE_SIDE_STYLE ('',( #586 ) ) ;
#5539 = VECTOR ( 'NONE', #761, 1000.000000000000000 ) ;
#5540 = STYLED_ITEM ( 'NONE', ( #10543 ), #7096 ) ;
#5541 =( GEOMETRIC_REPRESENTATION_CONTEXT ( 3 ) GLOBAL_UNCERTAINTY_ASSIGNED_CONTEXT ( ( #4275 ) ) GLOBAL_UNIT_ASSIGNED_CONTEXT ( ( #12835, #2623, #9810 ) ) REPRESENTATION_CONTEXT ( 'NONE', 'WORKASPACE' ) );
#5542 = ORIENTED_EDGE ( 'NONE', *, *, #10807, .T. ) ;
#5543 =( LENGTH_UNIT ( ) NAMED_UNIT ( * ) SI_UNIT ( .MILLI., .METRE. ) );
#5544 = EDGE_CURVE ( 'NONE', #5706, #9544, #1413, .T. ) ;
#5545 = FACE_OUTER_BOUND ( 'NONE', #2566, .T. ) ;
#5546 =( NAMED_UNIT ( * ) SI_UNIT ( $, .STERADIAN. ) SOLID_ANGLE_UNIT ( ) );
#5547 = DIRECTION ( 'NONE',  ( -0.000000000000000000, 0.000000000000000000, -1.000000000000000000 ) ) ;
#5548 = AXIS2_PLACEMENT_3D ( 'NONE', #3127, #2048, #6186 ) ;
#5549 = EDGE_LOOP ( 'NONE', ( #470, #3522, #7575, #1169, #2493, #2120, #2397 ) ) ;
#5550 = CARTESIAN_POINT ( 'NONE',  ( 5.299999999999998934, 3.049999999999999822, 0.000000000000000000 ) ) ;
#5551 = FILL_AREA_STYLE ('',( #269 ) ) ;
#5552 = ORIENTED_EDGE ( 'NONE', *, *, #11485, .T. ) ;
#5553 = PRESENTATION_LAYER_ASSIGNMENT (  '', '', ( #7707 ) ) ;
#5554 = DIRECTION ( 'NONE',  ( 1.000000000000000000, 0.000000000000000000, 0.000000000000000000 ) ) ;
#5555 = CARTESIAN_POINT ( 'NONE',  ( -5.299999999999998934, 7.450000000000000178, 0.8199999999999999512 ) ) ;
#5556 = ORIENTED_EDGE ( 'NONE', *, *, #5628, .T. ) ;
#5557 = CARTESIAN_POINT ( 'NONE',  ( 6.099999999999999645, -3.050000000000000266, 0.8199999999999999512 ) ) ;
#5558 = VECTOR ( 'NONE', #4505, 1000.000000000000000 ) ;
#5559 = AXIS2_PLACEMENT_3D ( 'NONE', #7185, #8210, #11518 ) ;
#5560 = VECTOR ( 'NONE', #154, 1000.000000000000000 ) ;
#5561 = FILL_AREA_STYLE ('',( #279 ) ) ;
#5562 = UNCERTAINTY_MEASURE_WITH_UNIT (LENGTH_MEASURE( 1.000000000000000082E-05 ), #12705, 'distance_accuracy_value', 'NONE');
#5563 = EDGE_CURVE ( 'NONE', #5438, #2966, #6450, .T. ) ;
#5564 = VERTEX_POINT ( 'NONE', #8467 ) ;
#5565 = CARTESIAN_POINT ( 'NONE',  ( 3.999999999999998224, 6.000000000000000000, 2.400000000000000355 ) ) ;
#5566 = ORIENTED_EDGE ( 'NONE', *, *, #9665, .T. ) ;
#5567 = AXIS2_PLACEMENT_3D ( 'NONE', #11831, #10961, #4596 ) ;
#5568 = CARTESIAN_POINT ( 'NONE',  ( 6.099999999999999645, -5.250000000000000888, 0.000000000000000000 ) ) ;
#5569 = LINE ( 'NONE', #2305, #11235 ) ;
#5570 = CARTESIAN_POINT ( 'NONE',  ( 4.499999999999999112, 6.500000000000000000, 1.900000000000000355 ) ) ;
#5571 = LINE ( 'NONE', #1554, #5778 ) ;
#5572 = VECTOR ( 'NONE', #11625, 1000.000000000000000 ) ;
#5573 = FILL_AREA_STYLE_COLOUR ( '', #3519 ) ;
#5574 = AXIS2_PLACEMENT_3D ( 'NONE', #1117, #6267, #10464 ) ;
#5575 = UNCERTAINTY_MEASURE_WITH_UNIT (LENGTH_MEASURE( 1.000000000000000082E-05 ), #5021, 'distance_accuracy_value', 'NONE');
#5576 = EDGE_CURVE ( 'NONE', #1046, #7445, #7456, .T. ) ;
#5577 = PRESENTATION_LAYER_ASSIGNMENT (  '', '', ( #9680 ) ) ;
#5578 = LINE ( 'NONE', #7541, #479 ) ;
#5579 = ORIENTED_EDGE ( 'NONE', *, *, #10851, .T. ) ;
#5580 = SURFACE_STYLE_USAGE ( .BOTH. , #10719 ) ;
#5581 = STYLED_ITEM ( 'NONE', ( #2405 ), #3248 ) ;
#5582 = LINE ( 'NONE', #11726, #7964 ) ;
#5583 = LINE ( 'NONE', #10723, #2504 ) ;
#5584 =( GEOMETRIC_REPRESENTATION_CONTEXT ( 3 ) GLOBAL_UNCERTAINTY_ASSIGNED_CONTEXT ( ( #3579 ) ) GLOBAL_UNIT_ASSIGNED_CONTEXT ( ( #532, #2612, #12965 ) ) REPRESENTATION_CONTEXT ( 'NONE', 'WORKASPACE' ) );
#5585 = DIRECTION ( 'NONE',  ( 0.000000000000000000, -1.000000000000000000, 0.000000000000000000 ) ) ;
#5586 = EDGE_LOOP ( 'NONE', ( #5463, #4537, #5748, #12416 ) ) ;
#5587 =( NAMED_UNIT ( * ) SI_UNIT ( $, .STERADIAN. ) SOLID_ANGLE_UNIT ( ) );
#5588 = VERTEX_POINT ( 'NONE', #12594 ) ;
#5589 = ORIENTED_EDGE ( 'NONE', *, *, #9962, .T. ) ;
#5590 = MECHANICAL_DESIGN_GEOMETRIC_PRESENTATION_REPRESENTATION (  '', ( #3045 ), #7748 ) ;
#5591 =( GEOMETRIC_REPRESENTATION_CONTEXT ( 3 ) GLOBAL_UNCERTAINTY_ASSIGNED_CONTEXT ( ( #4108 ) ) GLOBAL_UNIT_ASSIGNED_CONTEXT ( ( #175, #3285, #2262 ) ) REPRESENTATION_CONTEXT ( 'NONE', 'WORKASPACE' ) );
#5592 = COLOUR_RGB ( '',0.000000000000000000, 1.000000000000000000, 0.000000000000000000 ) ;
#5593 = DIRECTION ( 'NONE',  ( -0.000000000000000000, 0.000000000000000000, 1.000000000000000000 ) ) ;
#5594 = EDGE_CURVE ( 'NONE', #4184, #13245, #1353, .T. ) ;
#5595 = DIRECTION ( 'NONE',  ( 1.000000000000000000, 0.000000000000000000, 0.000000000000000000 ) ) ;
#5596 = ADVANCED_FACE ( 'NONE', ( #7396 ), #2372, .T. ) ;
#5597 = LINE ( 'NONE', #2528, #5122 ) ;
#5598 = LINE ( 'NONE', #11931, #8545 ) ;
#5599 = MECHANICAL_DESIGN_GEOMETRIC_PRESENTATION_REPRESENTATION (  '', ( #6464 ), #6887 ) ;
#5600 = EDGE_LOOP ( 'NONE', ( #6043, #9999, #7168, #3314 ) ) ;
#5601 = PRESENTATION_STYLE_ASSIGNMENT (( #5475 ) ) ;
#5602 = FILL_AREA_STYLE_COLOUR ( '', #1450 ) ;
#5603 =( NAMED_UNIT ( * ) SI_UNIT ( $, .STERADIAN. ) SOLID_ANGLE_UNIT ( ) );
#5604 = ORIENTED_EDGE ( 'NONE', *, *, #13052, .F. ) ;
#5605 =( GEOMETRIC_REPRESENTATION_CONTEXT ( 3 ) GLOBAL_UNCERTAINTY_ASSIGNED_CONTEXT ( ( #9751 ) ) GLOBAL_UNIT_ASSIGNED_CONTEXT ( ( #3524, #9360, #9970 ) ) REPRESENTATION_CONTEXT ( 'NONE', 'WORKASPACE' ) );
#5606 = VECTOR ( 'NONE', #8608, 1000.000000000000000 ) ;
#5607 = DIRECTION ( 'NONE',  ( -1.000000000000000000, 0.000000000000000000, 0.000000000000000000 ) ) ;
#5608 = PRESENTATION_LAYER_ASSIGNMENT (  '', '', ( #11440 ) ) ;
#5609 = DIRECTION ( 'NONE',  ( -1.000000000000000000, 0.000000000000000000, 0.000000000000000000 ) ) ;
#5610 = SURFACE_STYLE_USAGE ( .BOTH. , #1522 ) ;
#5611 = EDGE_CURVE ( 'NONE', #12309, #8901, #3508, .T. ) ;
#5612 = VECTOR ( 'NONE', #4833, 1000.000000000000000 ) ;
#5613 = UNCERTAINTY_MEASURE_WITH_UNIT (LENGTH_MEASURE( 1.000000000000000082E-05 ), #9123, 'distance_accuracy_value', 'NONE');
#5614 = ORIENTED_EDGE ( 'NONE', *, *, #7746, .T. ) ;
#5615 = SURFACE_STYLE_USAGE ( .BOTH. , #9669 ) ;
#5616 = PRESENTATION_LAYER_ASSIGNMENT (  '', '', ( #4538 ) ) ;
#5617 = CARTESIAN_POINT ( 'NONE',  ( 5.849999999999999645, -3.700000000000000178, 0.8199999999999999512 ) ) ;
#5618 = FILL_AREA_STYLE ('',( #2744 ) ) ;
#5619 = CARTESIAN_POINT ( 'NONE',  ( 5.849999999999999645, -2.600000000000000533, 0.000000000000000000 ) ) ;
#5620 = ORIENTED_EDGE ( 'NONE', *, *, #12254, .F. ) ;
#5621 = LINE ( 'NONE', #11830, #695 ) ;
#5622 = SURFACE_SIDE_STYLE ('',( #1154 ) ) ;
#5623 = ORIENTED_EDGE ( 'NONE', *, *, #11681, .F. ) ;
#5624 = SURFACE_STYLE_USAGE ( .BOTH. , #7842 ) ;
#5625 =( NAMED_UNIT ( * ) PLANE_ANGLE_UNIT ( ) SI_UNIT ( $, .RADIAN. ) );
#5626 = VERTEX_POINT ( 'NONE', #3369 ) ;
#5627 = DIRECTION ( 'NONE',  ( -1.000000000000000000, 0.000000000000000000, 0.000000000000000000 ) ) ;
#5628 = EDGE_CURVE ( 'NONE', #8813, #6319, #4554, .T. ) ;
#5629 = COLOUR_RGB ( '',0.7921568627450980005, 0.8196078431372548767, 0.9333333333333333481 ) ;
#5630 = EDGE_CURVE ( 'NONE', #7670, #8065, #7236, .T. ) ;
#5631 = AXIS2_PLACEMENT_3D ( 'NONE', #4599, #1468, #5554 ) ;
#5632 = FACE_OUTER_BOUND ( 'NONE', #12270, .T. ) ;
#5633 = FILL_AREA_STYLE ('',( #4366 ) ) ;
#5634 = ORIENTED_EDGE ( 'NONE', *, *, #2951, .T. ) ;
#5635 =( GEOMETRIC_REPRESENTATION_CONTEXT ( 3 ) GLOBAL_UNCERTAINTY_ASSIGNED_CONTEXT ( ( #12196 ) ) GLOBAL_UNIT_ASSIGNED_CONTEXT ( ( #5419, #5277, #7224 ) ) REPRESENTATION_CONTEXT ( 'NONE', 'WORKASPACE' ) );
#5636 =( NAMED_UNIT ( * ) PLANE_ANGLE_UNIT ( ) SI_UNIT ( $, .RADIAN. ) );
#5637 = CARTESIAN_POINT ( 'NONE',  ( 6.099999999999999645, -4.350000000000000533, 0.8199999999999999512 ) ) ;
#5638 = VERTEX_POINT ( 'NONE', #6515 ) ;
#5639 = CARTESIAN_POINT ( 'NONE',  ( 6.099999999999999645, -0.8500000000000000888, 0.000000000000000000 ) ) ;
#5640 = DIRECTION ( 'NONE',  ( 1.626303258728256651E-16, -1.000000000000000000, 0.000000000000000000 ) ) ;
#5641 = PLANE ( 'NONE',  #10462 ) ;
#5642 = CARTESIAN_POINT ( 'NONE',  ( 6.099999999999999645, -2.150000000000000355, 0.8199999999999999512 ) ) ;
#5643 = STYLED_ITEM ( 'NONE', ( #11612 ), #5292 ) ;
#5644 = CARTESIAN_POINT ( 'NONE',  ( 6.099999999999999645, 6.349999999999999645, 0.8199999999999999512 ) ) ;
#5645 = EDGE_CURVE ( 'NONE', #32, #8057, #9686, .T. ) ;
#5646 = LINE ( 'NONE', #4497, #12058 ) ;
#5647 = MECHANICAL_DESIGN_GEOMETRIC_PRESENTATION_REPRESENTATION (  '', ( #2449 ), #10186 ) ;
#5648 =( NAMED_UNIT ( * ) SI_UNIT ( $, .STERADIAN. ) SOLID_ANGLE_UNIT ( ) );
#5649 = VECTOR ( 'NONE', #7752, 1000.000000000000000 ) ;
#5650 = CARTESIAN_POINT ( 'NONE',  ( 5.299999999999998934, -4.350000000000000533, 0.000000000000000000 ) ) ;
#5651 = ORIENTED_EDGE ( 'NONE', *, *, #423, .T. ) ;
#5652 = LINE ( 'NONE', #628, #8607 ) ;
#5653 = DIRECTION ( 'NONE',  ( 0.000000000000000000, 0.000000000000000000, -1.000000000000000000 ) ) ;
#5654 = SURFACE_SIDE_STYLE ('',( #6532 ) ) ;
#5655 = CARTESIAN_POINT ( 'NONE',  ( 6.099999999999999645, -0.6500000000000003553, 0.8199999999999999512 ) ) ;
#5656 = DIRECTION ( 'NONE',  ( 0.000000000000000000, 0.000000000000000000, -1.000000000000000000 ) ) ;
#5657 = VECTOR ( 'NONE', #689, 1000.000000000000000 ) ;
#5658 = ORIENTED_EDGE ( 'NONE', *, *, #3226, .T. ) ;
#5659 = DIRECTION ( 'NONE',  ( 0.000000000000000000, -0.000000000000000000, -1.000000000000000000 ) ) ;
#5660 = CARTESIAN_POINT ( 'NONE',  ( 6.099999999999999645, 8.000000000000000000, 0.8199999999999999512 ) ) ;
#5661 = ADVANCED_FACE ( 'NONE', ( #5502 ), #9609, .F. ) ;
#5662 = ORIENTED_EDGE ( 'NONE', *, *, #3167, .F. ) ;
#5663 = CARTESIAN_POINT ( 'NONE',  ( -6.099999999999999645, -5.050000000000000711, 0.8199999999999999512 ) ) ;
#5664 = EDGE_CURVE ( 'NONE', #2862, #8362, #484, .T. ) ;
#5665 = CARTESIAN_POINT ( 'NONE',  ( 5.299999999999998934, 6.349999999999999645, 0.000000000000000000 ) ) ;
#5666 =( NAMED_UNIT ( * ) PLANE_ANGLE_UNIT ( ) SI_UNIT ( $, .RADIAN. ) );
#5667 = CARTESIAN_POINT ( 'NONE',  ( -5.299999999999998934, 5.450000000000000178, 0.8199999999999999512 ) ) ;
#5668 = CARTESIAN_POINT ( 'NONE',  ( -6.099999999999999645, 2.149999999999999911, 0.000000000000000000 ) ) ;
#5669 = VERTEX_POINT ( 'NONE', #9754 ) ;
#5670 = CARTESIAN_POINT ( 'NONE',  ( 6.099999999999999645, -5.050000000000000711, 0.000000000000000000 ) ) ;
#5671 = CARTESIAN_POINT ( 'NONE',  ( 6.099999999999999645, -5.050000000000000711, 0.8199999999999999512 ) ) ;
#5672 = CARTESIAN_POINT ( 'NONE',  ( -5.299999999999998934, 6.349999999999999645, 0.000000000000000000 ) ) ;
#5673 = ORIENTED_EDGE ( 'NONE', *, *, #1645, .F. ) ;
#5674 = SURFACE_SIDE_STYLE ('',( #1584 ) ) ;
#5675 = DIRECTION ( 'NONE',  ( -0.000000000000000000, 1.000000000000000000, -0.000000000000000000 ) ) ;
#5676 = SURFACE_STYLE_FILL_AREA ( #12962 ) ;
#5677 = EDGE_CURVE ( 'NONE', #8805, #12795, #3690, .T. ) ;
#5678 = ORIENTED_EDGE ( 'NONE', *, *, #12870, .T. ) ;
#5679 = CARTESIAN_POINT ( 'NONE',  ( 6.099999999999999645, -3.250000000000000444, 0.8199999999999999512 ) ) ;
#5680 =( NAMED_UNIT ( * ) PLANE_ANGLE_UNIT ( ) SI_UNIT ( $, .RADIAN. ) );
#5681 = CARTESIAN_POINT ( 'NONE',  ( -6.099999999999999645, 2.149999999999999911, 0.000000000000000000 ) ) ;
#5682 = CARTESIAN_POINT ( 'NONE',  ( -6.099999999999999645, -6.550000000000000711, 0.8199999999999999512 ) ) ;
#5683 = VERTEX_POINT ( 'NONE', #7789 ) ;
#5684 = LINE ( 'NONE', #9412, #11231 ) ;
#5685 = FILL_AREA_STYLE_COLOUR ( '', #4493 ) ;
#5686 = ORIENTED_EDGE ( 'NONE', *, *, #562, .T. ) ;
#5687 = DIRECTION ( 'NONE',  ( 0.000000000000000000, -0.000000000000000000, 1.000000000000000000 ) ) ;
#5688 = FACE_OUTER_BOUND ( 'NONE', #10616, .T. ) ;
#5689 = DIRECTION ( 'NONE',  ( -1.000000000000000000, -0.000000000000000000, -0.000000000000000000 ) ) ;
#5690 = VERTEX_POINT ( 'NONE', #13112 ) ;
#5691 = LINE ( 'NONE', #7846, #4290 ) ;
#5692 = AXIS2_PLACEMENT_3D ( 'NONE', #9838, #7809, #4774 ) ;
#5693 = SURFACE_STYLE_FILL_AREA ( #10840 ) ;
#5694 = UNCERTAINTY_MEASURE_WITH_UNIT (LENGTH_MEASURE( 1.000000000000000082E-05 ), #8034, 'distance_accuracy_value', 'NONE');
#5695 = PRESENTATION_STYLE_ASSIGNMENT (( #6969 ) ) ;
#5696 = ORIENTED_EDGE ( 'NONE', *, *, #2311, .T. ) ;
#5697 = EDGE_CURVE ( 'NONE', #8805, #10783, #12099, .T. ) ;
#5698 = EDGE_CURVE ( 'NONE', #3390, #3025, #10010, .T. ) ;
#5699 = DIRECTION ( 'NONE',  ( 0.000000000000000000, 0.000000000000000000, -1.000000000000000000 ) ) ;
#5700 =( LENGTH_UNIT ( ) NAMED_UNIT ( * ) SI_UNIT ( .MILLI., .METRE. ) );
#5701 = ORIENTED_EDGE ( 'NONE', *, *, #10739, .F. ) ;
#5702 = FACE_OUTER_BOUND ( 'NONE', #7104, .T. ) ;
#5703 =( GEOMETRIC_REPRESENTATION_CONTEXT ( 3 ) GLOBAL_UNCERTAINTY_ASSIGNED_CONTEXT ( ( #1839 ) ) GLOBAL_UNIT_ASSIGNED_CONTEXT ( ( #1267, #4206, #6439 ) ) REPRESENTATION_CONTEXT ( 'NONE', 'WORKASPACE' ) );
#5705 = MECHANICAL_DESIGN_GEOMETRIC_PRESENTATION_REPRESENTATION (  '', ( #354 ), #7850 ) ;
#5704 = SURFACE_STYLE_FILL_AREA ( #12036 ) ;
#5706 = VERTEX_POINT ( 'NONE', #1817 ) ;
#5707 = PLANE ( 'NONE',  #5327 ) ;
#5708 = UNCERTAINTY_MEASURE_WITH_UNIT (LENGTH_MEASURE( 1.000000000000000082E-05 ), #8580, 'distance_accuracy_value', 'NONE');
#5709 = CIRCLE ( 'NONE', #1429, 0.2500000000000002220 ) ;
#5710 = SURFACE_SIDE_STYLE ('',( #1494 ) ) ;
#5711 = ORIENTED_EDGE ( 'NONE', *, *, #3803, .T. ) ;
#5712 = EDGE_CURVE ( 'NONE', #9789, #2782, #1610, .T. ) ;
#5713 = CARTESIAN_POINT ( 'NONE',  ( -6.099999999999999645, -0.8500000000000000888, 0.8199999999999999512 ) ) ;
#5714 =( NAMED_UNIT ( * ) PLANE_ANGLE_UNIT ( ) SI_UNIT ( $, .RADIAN. ) );
#5715 = ORIENTED_EDGE ( 'NONE', *, *, #2678, .F. ) ;
#5716 = LINE ( 'NONE', #9773, #5612 ) ;
#5717 = DIRECTION ( 'NONE',  ( 0.000000000000000000, 0.000000000000000000, -1.000000000000000000 ) ) ;
#5718 = PLANE ( 'NONE',  #5692 ) ;
#5719 = EDGE_LOOP ( 'NONE', ( #116, #2230, #7495, #2452 ) ) ;
#5720 = PRESENTATION_STYLE_ASSIGNMENT (( #7943 ) ) ;
#5721 = PRESENTATION_LAYER_ASSIGNMENT (  '', '', ( #4435 ) ) ;
#5722 = SURFACE_SIDE_STYLE ('',( #10732 ) ) ;
#5723 = FILL_AREA_STYLE ('',( #1637 ) ) ;
#5724 =( LENGTH_UNIT ( ) NAMED_UNIT ( * ) SI_UNIT ( .MILLI., .METRE. ) );
#5725 = ADVANCED_FACE ( 'NONE', ( #7992 ), #7718, .F. ) ;
#5726 =( LENGTH_UNIT ( ) NAMED_UNIT ( * ) SI_UNIT ( .MILLI., .METRE. ) );
#5727 = CARTESIAN_POINT ( 'NONE',  ( -5.299999999999998934, 5.249999999999999112, 0.000000000000000000 ) ) ;
#5728 = CARTESIAN_POINT ( 'NONE',  ( 5.299999999999998934, -3.050000000000000266, 0.000000000000000000 ) ) ;
#5729 =( GEOMETRIC_REPRESENTATION_CONTEXT ( 3 ) GLOBAL_UNCERTAINTY_ASSIGNED_CONTEXT ( ( #4621 ) ) GLOBAL_UNIT_ASSIGNED_CONTEXT ( ( #8466, #7395, #5440 ) ) REPRESENTATION_CONTEXT ( 'NONE', 'WORKASPACE' ) );
#5730 = VECTOR ( 'NONE', #9106, 1000.000000000000000 ) ;
#5731 = MECHANICAL_DESIGN_GEOMETRIC_PRESENTATION_REPRESENTATION (  '', ( #4034 ), #8745 ) ;
#5732 = ORIENTED_EDGE ( 'NONE', *, *, #12994, .F. ) ;
#5733 = DIRECTION ( 'NONE',  ( -0.000000000000000000, 0.000000000000000000, 1.000000000000000000 ) ) ;
#5734 = SURFACE_STYLE_USAGE ( .BOTH. , #2672 ) ;
#5735 = DIRECTION ( 'NONE',  ( -1.000000000000000000, 0.000000000000000000, 0.000000000000000000 ) ) ;
#5736 = EDGE_LOOP ( 'NONE', ( #9668, #7318, #12969, #3386, #11278, #3641, #6358 ) ) ;
#5737 = DIRECTION ( 'NONE',  ( 0.000000000000000000, 0.000000000000000000, -1.000000000000000000 ) ) ;
#5738 = FILL_AREA_STYLE_COLOUR ( '', #1048 ) ;
#5739 = FILL_AREA_STYLE ('',( #8762 ) ) ;
#5740 = COLOUR_RGB ( '',0.9411764705882352811, 0.6274509803921568540, 0.05490196078431372473 ) ;
#5741 = AXIS2_PLACEMENT_3D ( 'NONE', #10172, #2088, #5172 ) ;
#5742 = UNCERTAINTY_MEASURE_WITH_UNIT (LENGTH_MEASURE( 1.000000000000000082E-05 ), #8488, 'distance_accuracy_value', 'NONE');
#5743 = COLOUR_RGB ( '',0.9411764705882352811, 0.6274509803921568540, 0.05490196078431372473 ) ;
#5744 = EDGE_LOOP ( 'NONE', ( #11672, #12572, #6876, #4802 ) ) ;
#5745 = ADVANCED_FACE ( 'NONE', ( #2634 ), #8922, .F. ) ;
#5746 = PLANE ( 'NONE',  #11618 ) ;
#5747 = LINE ( 'NONE', #8704, #6395 ) ;
#5748 = ORIENTED_EDGE ( 'NONE', *, *, #11651, .F. ) ;
#5749 = FACE_OUTER_BOUND ( 'NONE', #139, .T. ) ;
#5750 = CARTESIAN_POINT ( 'NONE',  ( 6.099999999999999645, 0.04999999999999969746, 0.000000000000000000 ) ) ;
#5751 = EDGE_CURVE ( 'NONE', #5564, #10161, #3822, .T. ) ;
#5752 = ORIENTED_EDGE ( 'NONE', *, *, #8092, .F. ) ;
#5753 = MECHANICAL_DESIGN_GEOMETRIC_PRESENTATION_REPRESENTATION (  '', ( #13274 ), #1254 ) ;
#5754 = FILL_AREA_STYLE_COLOUR ( '', #4347 ) ;
#5755 = FACE_OUTER_BOUND ( 'NONE', #2893, .T. ) ;
#5756 = ORIENTED_EDGE ( 'NONE', *, *, #3312, .F. ) ;
#5757 = CARTESIAN_POINT ( 'NONE',  ( 5.299999999999998934, -5.250000000000000000, 0.8199999999999999512 ) ) ;
#5759 = VECTOR ( 'NONE', #6083, 1000.000000000000000 ) ;
#5758 = DIRECTION ( 'NONE',  ( 0.000000000000000000, 0.000000000000000000, -1.000000000000000000 ) ) ;
#5760 = CIRCLE ( 'NONE', #11589, 0.2500000000000002220 ) ;
#5761 = CIRCLE ( 'NONE', #12862, 0.2500000000000002220 ) ;
#5762 = LINE ( 'NONE', #2696, #8322 ) ;
#5763 = SURFACE_STYLE_USAGE ( .BOTH. , #1673 ) ;
#5764 = AXIS2_PLACEMENT_3D ( 'NONE', #10202, #983, #2812 ) ;
#5765 = EDGE_CURVE ( 'NONE', #705, #1072, #1136, .T. ) ;
#5766 = ORIENTED_EDGE ( 'NONE', *, *, #1119, .F. ) ;
#5767 = DIRECTION ( 'NONE',  ( -0.000000000000000000, 1.000000000000000000, -0.000000000000000000 ) ) ;
#5768 = CARTESIAN_POINT ( 'NONE',  ( 6.099999999999999645, -7.250000000000000000, 0.000000000000000000 ) ) ;
#5769 = EDGE_CURVE ( 'NONE', #12204, #6123, #7900, .T. ) ;
#5770 = ORIENTED_EDGE ( 'NONE', *, *, #2896, .F. ) ;
#5771 = FACE_OUTER_BOUND ( 'NONE', #7895, .T. ) ;
#5772 = CARTESIAN_POINT ( 'NONE',  ( 6.099999999999999645, -7.000000000000000000, 0.8199999999999999512 ) ) ;
#5773 = DIRECTION ( 'NONE',  ( 1.000000000000000000, 0.000000000000000000, 0.000000000000000000 ) ) ;
#5774 = CARTESIAN_POINT ( 'NONE',  ( 6.099999999999999645, -6.750000000000000000, 0.000000000000000000 ) ) ;
#5775 = SURFACE_SIDE_STYLE ('',( #557 ) ) ;
#5776 = STYLED_ITEM ( 'NONE', ( #1711 ), #1859 ) ;
#5777 = VECTOR ( 'NONE', #8151, 1000.000000000000000 ) ;
#5778 = VECTOR ( 'NONE', #493, 1000.000000000000000 ) ;
#5779 = EDGE_CURVE ( 'NONE', #5964, #7118, #12239, .T. ) ;
#5780 = CARTESIAN_POINT ( 'NONE',  ( 6.099999999999999645, 3.049999999999999822, 0.8199999999999999512 ) ) ;
#5781 = EDGE_CURVE ( 'NONE', #4282, #11888, #10931, .T. ) ;
#5783 = DIRECTION ( 'NONE',  ( 0.000000000000000000, -0.000000000000000000, -1.000000000000000000 ) ) ;
#5782 = MECHANICAL_DESIGN_GEOMETRIC_PRESENTATION_REPRESENTATION (  '', ( #220 ), #6643 ) ;
#5784 = VECTOR ( 'NONE', #4042, 1000.000000000000000 ) ;
#5785 = ORIENTED_EDGE ( 'NONE', *, *, #11361, .F. ) ;
#5786 = DIRECTION ( 'NONE',  ( 1.000000000000000000, -0.000000000000000000, -0.000000000000000000 ) ) ;
#5787 =( LENGTH_UNIT ( ) NAMED_UNIT ( * ) SI_UNIT ( .MILLI., .METRE. ) );
#5788 = STYLED_ITEM ( 'NONE', ( #7162 ), #12356 ) ;
#5789 = ORIENTED_EDGE ( 'NONE', *, *, #5130, .T. ) ;
#5790 =( LENGTH_UNIT ( ) NAMED_UNIT ( * ) SI_UNIT ( .MILLI., .METRE. ) );
#5791 = DIRECTION ( 'NONE',  ( 1.000000000000000000, -0.000000000000000000, -0.000000000000000000 ) ) ;
#5792 = ORIENTED_EDGE ( 'NONE', *, *, #370, .T. ) ;
#5793 = LINE ( 'NONE', #2792, #6724 ) ;
#5794 = CARTESIAN_POINT ( 'NONE',  ( -6.099999999999999645, -7.450000000000000178, 0.8199999999999999512 ) ) ;
#5795 = PLANE ( 'NONE',  #7958 ) ;
#5796 = AXIS2_PLACEMENT_3D ( 'NONE', #12008, #9116, #12220 ) ;
#5797 = EDGE_CURVE ( 'NONE', #6754, #8754, #1878, .T. ) ;
#5798 = MECHANICAL_DESIGN_GEOMETRIC_PRESENTATION_REPRESENTATION (  '', ( #11417 ), #3021 ) ;
#5799 = EDGE_CURVE ( 'NONE', #789, #5946, #3960, .T. ) ;
#5800 = LINE ( 'NONE', #3855, #11207 ) ;
#5801 = VERTEX_POINT ( 'NONE', #11299 ) ;
#5802 =( LENGTH_UNIT ( ) NAMED_UNIT ( * ) SI_UNIT ( .MILLI., .METRE. ) );
#5803 = CARTESIAN_POINT ( 'NONE',  ( -6.099999999999996980, -8.000000000000000000, 0.8199999999999999512 ) ) ;
#5804 = ORIENTED_EDGE ( 'NONE', *, *, #750, .T. ) ;
#5805 = SURFACE_STYLE_FILL_AREA ( #719 ) ;
#5806 = PRESENTATION_STYLE_ASSIGNMENT (( #12649 ) ) ;
#5807 = DIRECTION ( 'NONE',  ( 0.000000000000000000, 0.000000000000000000, -1.000000000000000000 ) ) ;
#5808 = ORIENTED_EDGE ( 'NONE', *, *, #3913, .F. ) ;
#5809 = DIRECTION ( 'NONE',  ( 1.000000000000000000, 0.000000000000000000, 0.000000000000000000 ) ) ;
#5810 = CARTESIAN_POINT ( 'NONE',  ( -6.099999999999999645, 3.049999999999999822, 0.000000000000000000 ) ) ;
#5811 = PRESENTATION_LAYER_ASSIGNMENT (  '', '', ( #7099 ) ) ;
#5812 = DIRECTION ( 'NONE',  ( 0.000000000000000000, -1.000000000000000000, 0.000000000000000000 ) ) ;
#5813 = COLOUR_RGB ( '',0.9411764705882352811, 0.6274509803921568540, 0.05490196078431372473 ) ;
#5814 = EDGE_CURVE ( 'NONE', #4936, #8699, #8056, .T. ) ;
#5815 = COLOUR_RGB ( '',0.9411764705882352811, 0.6274509803921568540, 0.05490196078431372473 ) ;
#5816 = ORIENTED_EDGE ( 'NONE', *, *, #5072, .T. ) ;
#5817 = DIRECTION ( 'NONE',  ( -0.000000000000000000, -0.000000000000000000, -1.000000000000000000 ) ) ;
#5818 = DIRECTION ( 'NONE',  ( 0.000000000000000000, 0.000000000000000000, 1.000000000000000000 ) ) ;
#5819 = DIRECTION ( 'NONE',  ( 0.000000000000000000, 0.000000000000000000, 1.000000000000000000 ) ) ;
#5820 = ORIENTED_EDGE ( 'NONE', *, *, #5203, .T. ) ;
#5821 = CARTESIAN_POINT ( 'NONE',  ( -6.099999999999999645, 7.450000000000000178, 0.8199999999999999512 ) ) ;
#5822 =( GEOMETRIC_REPRESENTATION_CONTEXT ( 3 ) GLOBAL_UNCERTAINTY_ASSIGNED_CONTEXT ( ( #1560 ) ) GLOBAL_UNIT_ASSIGNED_CONTEXT ( ( #8387, #10554, #127 ) ) REPRESENTATION_CONTEXT ( 'NONE', 'WORKASPACE' ) );
#5823 = PRESENTATION_STYLE_ASSIGNMENT (( #9997 ) ) ;
#5824 = MECHANICAL_DESIGN_GEOMETRIC_PRESENTATION_REPRESENTATION (  '', ( #11643 ), #1759 ) ;
#5825 = ORIENTED_EDGE ( 'NONE', *, *, #64, .T. ) ;
#5826 = DIRECTION ( 'NONE',  ( -0.000000000000000000, -0.000000000000000000, -1.000000000000000000 ) ) ;
#5827 = DIRECTION ( 'NONE',  ( 0.000000000000000000, 1.000000000000000000, -0.000000000000000000 ) ) ;
#5828 = LINE ( 'NONE', #7093, #2985 ) ;
#5829 = DIRECTION ( 'NONE',  ( -1.000000000000000000, 0.000000000000000000, 0.000000000000000000 ) ) ;
#5830 = AXIS2_PLACEMENT_3D ( 'NONE', #5104, #3244, #8330 ) ;
#5831 = PRESENTATION_STYLE_ASSIGNMENT (( #12979 ) ) ;
#5832 = CARTESIAN_POINT ( 'NONE',  ( 6.099999999999999645, 3.250000000000000444, 0.000000000000000000 ) ) ;
#5833 = ADVANCED_FACE ( 'NONE', ( #4951 ), #2960, .F. ) ;
#5834 = VECTOR ( 'NONE', #735, 1000.000000000000000 ) ;
#5835 = SURFACE_SIDE_STYLE ('',( #4605 ) ) ;
#5836 = UNCERTAINTY_MEASURE_WITH_UNIT (LENGTH_MEASURE( 1.000000000000000082E-05 ), #2545, 'distance_accuracy_value', 'NONE');
#5837 = VECTOR ( 'NONE', #2379, 1000.000000000000000 ) ;
#5838 = VERTEX_POINT ( 'NONE', #11245 ) ;
#5839 = CARTESIAN_POINT ( 'NONE',  ( 4.500000000000000000, -6.500000000000000000, 1.900000000000000355 ) ) ;
#5840 = LINE ( 'NONE', #7793, #11752 ) ;
#5841 = ORIENTED_EDGE ( 'NONE', *, *, #9597, .T. ) ;
#5842 = CARTESIAN_POINT ( 'NONE',  ( 6.099999999999999645, 2.349999999999999645, 0.000000000000000000 ) ) ;
#5843 = FACE_OUTER_BOUND ( 'NONE', #12703, .T. ) ;
#5844 = MECHANICAL_DESIGN_GEOMETRIC_PRESENTATION_REPRESENTATION (  '', ( #11030 ), #12736 ) ;
#5845 =( GEOMETRIC_REPRESENTATION_CONTEXT ( 3 ) GLOBAL_UNCERTAINTY_ASSIGNED_CONTEXT ( ( #8264 ) ) GLOBAL_UNIT_ASSIGNED_CONTEXT ( ( #5234, #5288, #10369 ) ) REPRESENTATION_CONTEXT ( 'NONE', 'WORKASPACE' ) );
#5846 = PRODUCT_DEFINITION ( 'UNKNOWN', '', #4755, #12078 ) ;
#5847 = DIRECTION ( 'NONE',  ( 0.000000000000000000, 0.000000000000000000, -1.000000000000000000 ) ) ;
#5848 = ORIENTED_EDGE ( 'NONE', *, *, #6552, .T. ) ;
#5849 = CARTESIAN_POINT ( 'NONE',  ( -5.299999999999998934, -6.550000000000000711, 0.8199999999999999512 ) ) ;
#5850 = SURFACE_STYLE_USAGE ( .BOTH. , #1769 ) ;
#5851 = DIRECTION ( 'NONE',  ( -1.000000000000000000, 0.000000000000000000, -0.000000000000000000 ) ) ;
#5852 = MECHANICAL_DESIGN_GEOMETRIC_PRESENTATION_REPRESENTATION (  '', ( #9955 ), #1573 ) ;
#5853 = ORIENTED_EDGE ( 'NONE', *, *, #1452, .T. ) ;
#5854 = CARTESIAN_POINT ( 'NONE',  ( -6.099999999999999645, -2.600000000000000533, 0.8199999999999999512 ) ) ;
#5855 = LINE ( 'NONE', #3711, #2083 ) ;
#5856 = CARTESIAN_POINT ( 'NONE',  ( -5.299999999999998934, -1.050000000000000266, 0.8199999999999999512 ) ) ;
#5857 = EDGE_CURVE ( 'NONE', #4734, #395, #3, .T. ) ;
#5858 = EDGE_LOOP ( 'NONE', ( #12098, #12120, #13157, #8125 ) ) ;
#5859 = DIRECTION ( 'NONE',  ( 1.000000000000000000, 0.000000000000000000, 0.000000000000000000 ) ) ;
#5860 = DIRECTION ( 'NONE',  ( 0.000000000000000000, -1.000000000000000000, 0.000000000000000000 ) ) ;
#5861 = COLOUR_RGB ( '',0.7921568627450980005, 0.8196078431372548767, 0.9333333333333333481 ) ;
#5862 = EDGE_CURVE ( 'NONE', #11604, #1358, #5025, .T. ) ;
#5863 = LINE ( 'NONE', #774, #2181 ) ;
#5864 = UNCERTAINTY_MEASURE_WITH_UNIT (LENGTH_MEASURE( 1.000000000000000082E-05 ), #7534, 'distance_accuracy_value', 'NONE');
#5865 = FILL_AREA_STYLE_COLOUR ( '', #5813 ) ;
#5866 = ORIENTED_EDGE ( 'NONE', *, *, #2505, .F. ) ;
#5867 =( GEOMETRIC_REPRESENTATION_CONTEXT ( 3 ) GLOBAL_UNCERTAINTY_ASSIGNED_CONTEXT ( ( #122 ) ) GLOBAL_UNIT_ASSIGNED_CONTEXT ( ( #10091, #6228, #8328 ) ) REPRESENTATION_CONTEXT ( 'NONE', 'WORKASPACE' ) );
#5868 = PRESENTATION_STYLE_ASSIGNMENT (( #1916 ) ) ;
#5869 = ORIENTED_EDGE ( 'NONE', *, *, #11955, .T. ) ;
#5870 = ADVANCED_FACE ( 'NONE', ( #6149 ), #9065, .F. ) ;
#5871 = FILL_AREA_STYLE_COLOUR ( '', #12289 ) ;
#5872 = FILL_AREA_STYLE_COLOUR ( '', #13250 ) ;
#5873 = LINE ( 'NONE', #3933, #8949 ) ;
#5874 = SURFACE_STYLE_FILL_AREA ( #2534 ) ;
#5875 = EDGE_CURVE ( 'NONE', #12995, #12770, #8191, .T. ) ;
#5876 = VERTEX_POINT ( 'NONE', #1950 ) ;
#5877 = SURFACE_STYLE_FILL_AREA ( #12073 ) ;
#5878 = LINE ( 'NONE', #6882, #8136 ) ;
#5879 = DIRECTION ( 'NONE',  ( 0.000000000000000000, -0.000000000000000000, -1.000000000000000000 ) ) ;
#5880 = FACE_OUTER_BOUND ( 'NONE', #1036, .T. ) ;
#5881 = ORIENTED_EDGE ( 'NONE', *, *, #8724, .T. ) ;
#5882 = DIRECTION ( 'NONE',  ( 1.626303258728256651E-16, -1.000000000000000000, 0.000000000000000000 ) ) ;
#5883 = DIRECTION ( 'NONE',  ( 0.000000000000000000, 0.000000000000000000, 1.000000000000000000 ) ) ;
#5884 = CARTESIAN_POINT ( 'NONE',  ( 6.099999999999999645, 3.250000000000000444, 0.000000000000000000 ) ) ;
#5885 = ORIENTED_EDGE ( 'NONE', *, *, #5531, .T. ) ;
#5886 = DIRECTION ( 'NONE',  ( 0.000000000000000000, -1.000000000000000000, 0.000000000000000000 ) ) ;
#5887 = PRESENTATION_STYLE_ASSIGNMENT (( #1865 ) ) ;
#5888 = EDGE_CURVE ( 'NONE', #4543, #11237, #6033, .T. ) ;
#5889 =( NAMED_UNIT ( * ) SI_UNIT ( $, .STERADIAN. ) SOLID_ANGLE_UNIT ( ) );
#5890 = ORIENTED_EDGE ( 'NONE', *, *, #4827, .T. ) ;
#5891 = PRESENTATION_STYLE_ASSIGNMENT (( #1806 ) ) ;
#5892 = SURFACE_STYLE_FILL_AREA ( #6962 ) ;
#5893 = ORIENTED_EDGE ( 'NONE', *, *, #7195, .F. ) ;
#5894 = SURFACE_SIDE_STYLE ('',( #1743 ) ) ;
#5895 =( NAMED_UNIT ( * ) SI_UNIT ( $, .STERADIAN. ) SOLID_ANGLE_UNIT ( ) );
#5896 = SURFACE_STYLE_FILL_AREA ( #8054 ) ;
#5897 = LINE ( 'NONE', #12910, #1891 ) ;
#5898 = CARTESIAN_POINT ( 'NONE',  ( -5.299999999999998934, 4.150000000000000355, 0.8199999999999999512 ) ) ;
#5899 = ORIENTED_EDGE ( 'NONE', *, *, #10059, .F. ) ;
#5900 = EDGE_CURVE ( 'NONE', #7918, #1460, #10054, .T. ) ;
#5901 = CARTESIAN_POINT ( 'NONE',  ( -5.299999999999998934, 6.349999999999999645, 0.8199999999999999512 ) ) ;
#5902 = LINE ( 'NONE', #3897, #13041 ) ;
#5903 = ORIENTED_EDGE ( 'NONE', *, *, #12321, .F. ) ;
#5904 = LINE ( 'NONE', #9071, #1352 ) ;
#5905 = SURFACE_SIDE_STYLE ('',( #6159 ) ) ;
#5906 = CARTESIAN_POINT ( 'NONE',  ( -6.099999999999999645, 4.800000000000000711, 0.8199999999999999512 ) ) ;
#5907 = COLOUR_RGB ( '',0.9411764705882352811, 0.6274509803921568540, 0.05490196078431372473 ) ;
#5908 =( NAMED_UNIT ( * ) PLANE_ANGLE_UNIT ( ) SI_UNIT ( $, .RADIAN. ) );
#5909 = PLANE ( 'NONE',  #7489 ) ;
#5910 = FACE_OUTER_BOUND ( 'NONE', #5272, .T. ) ;
#5911 = EDGE_LOOP ( 'NONE', ( #12738, #7706, #8444, #5506 ) ) ;
#5912 = SURFACE_STYLE_FILL_AREA ( #4039 ) ;
#5913 = EDGE_CURVE ( 'NONE', #2972, #8524, #13241, .T. ) ;
#5915 =( NAMED_UNIT ( * ) SI_UNIT ( $, .STERADIAN. ) SOLID_ANGLE_UNIT ( ) );
#5914 = STYLED_ITEM ( 'NONE', ( #9132 ), #8528 ) ;
#5916 = VERTEX_POINT ( 'NONE', #7231 ) ;
#5917 = PLANE ( 'NONE',  #11027 ) ;
#5918 = LINE ( 'NONE', #10033, #3153 ) ;
#5919 = ORIENTED_EDGE ( 'NONE', *, *, #10975, .F. ) ;
#5920 = CARTESIAN_POINT ( 'NONE',  ( -5.299999999999998934, -3.050000000000000266, 0.8199999999999999512 ) ) ;
#5921 = FILL_AREA_STYLE ('',( #6059 ) ) ;
#5922 = MECHANICAL_DESIGN_GEOMETRIC_PRESENTATION_REPRESENTATION (  '', ( #3376 ), #150 ) ;
#5923 = DIRECTION ( 'NONE',  ( 0.000000000000000000, -0.000000000000000000, -1.000000000000000000 ) ) ;
#5924 = ORIENTED_EDGE ( 'NONE', *, *, #12139, .T. ) ;
#5925 = DIRECTION ( 'NONE',  ( -0.000000000000000000, 1.000000000000000000, -0.000000000000000000 ) ) ;
#5926 = FILL_AREA_STYLE_COLOUR ( '', #4069 ) ;
#5927 = CLOSED_SHELL ( 'NONE', ( #13220, #2144, #808, #12352, #9981, #3342, #6857, #11526, #9111 ) ) ;
#5928 = VECTOR ( 'NONE', #8385, 1000.000000000000000 ) ;
#5929 = ORIENTED_EDGE ( 'NONE', *, *, #12125, .T. ) ;
#5930 = CARTESIAN_POINT ( 'NONE',  ( 6.099999999999999645, -7.450000000000000178, 0.000000000000000000 ) ) ;
#5931 =( NAMED_UNIT ( * ) PLANE_ANGLE_UNIT ( ) SI_UNIT ( $, .RADIAN. ) );
#5932 = EDGE_CURVE ( 'NONE', #6195, #5093, #4020, .T. ) ;
#5933 = ORIENTED_EDGE ( 'NONE', *, *, #9499, .T. ) ;
#5934 = AXIS2_PLACEMENT_3D ( 'NONE', #9133, #11181, #12313 ) ;
#5935 = VECTOR ( 'NONE', #3976, 1000.000000000000000 ) ;
#5936 = FACE_OUTER_BOUND ( 'NONE', #2085, .T. ) ;
#5937 = CARTESIAN_POINT ( 'NONE',  ( -6.099999999999999645, 6.349999999999999645, 0.8199999999999999512 ) ) ;
#5938 = DIRECTION ( 'NONE',  ( 0.000000000000000000, -0.000000000000000000, 1.000000000000000000 ) ) ;
#5939 =( NAMED_UNIT ( * ) PLANE_ANGLE_UNIT ( ) SI_UNIT ( $, .RADIAN. ) );
#5940 = EDGE_CURVE ( 'NONE', #3747, #3085, #9195, .T. ) ;
#5941 = STYLED_ITEM ( 'NONE', ( #5806 ), #2601 ) ;
#5942 = STYLED_ITEM ( 'NONE', ( #9322 ), #6920 ) ;
#5943 = SURFACE_STYLE_USAGE ( .BOTH. , #11756 ) ;
#5944 = DIRECTION ( 'NONE',  ( -1.000000000000000000, -0.000000000000000000, -0.000000000000000000 ) ) ;
#5945 = FILL_AREA_STYLE ('',( #9117 ) ) ;
#5946 = VERTEX_POINT ( 'NONE', #67 ) ;
#5947 = DIRECTION ( 'NONE',  ( 1.626303258728256651E-16, -1.000000000000000000, 0.000000000000000000 ) ) ;
#5948 = ORIENTED_EDGE ( 'NONE', *, *, #1782, .F. ) ;
#5949 = DIRECTION ( 'NONE',  ( 0.000000000000000000, -0.000000000000000000, 1.000000000000000000 ) ) ;
#5950 = ORIENTED_EDGE ( 'NONE', *, *, #2783, .T. ) ;
#5951 = VECTOR ( 'NONE', #11044, 1000.000000000000000 ) ;
#5952 = DIRECTION ( 'NONE',  ( 1.000000000000000000, 0.000000000000000000, 0.000000000000000000 ) ) ;
#5953 = MECHANICAL_DESIGN_GEOMETRIC_PRESENTATION_REPRESENTATION (  '', ( #2540 ), #1675 ) ;
#5954 =( LENGTH_UNIT ( ) NAMED_UNIT ( * ) SI_UNIT ( .MILLI., .METRE. ) );
#5955 = EDGE_CURVE ( 'NONE', #4895, #6280, #4155, .T. ) ;
#5956 = UNCERTAINTY_MEASURE_WITH_UNIT (LENGTH_MEASURE( 1.000000000000000082E-05 ), #4057, 'distance_accuracy_value', 'NONE');
#5957 = LINE ( 'NONE', #12984, #7235 ) ;
#5958 = ORIENTED_EDGE ( 'NONE', *, *, #10791, .T. ) ;
#5959 = DIRECTION ( 'NONE',  ( -1.000000000000000000, 0.000000000000000000, 0.000000000000000000 ) ) ;
#5960 = CIRCLE ( 'NONE', #189, 0.2500000000000002220 ) ;
#5961 = ORIENTED_EDGE ( 'NONE', *, *, #13087, .T. ) ;
#5962 =( NAMED_UNIT ( * ) SI_UNIT ( $, .STERADIAN. ) SOLID_ANGLE_UNIT ( ) );
#5963 = DIRECTION ( 'NONE',  ( 1.000000000000000000, 0.000000000000000000, 0.000000000000000000 ) ) ;
#5964 = VERTEX_POINT ( 'NONE', #7514 ) ;
#5965 = COLOUR_RGB ( '',0.9411764705882352811, 0.6274509803921568540, 0.05490196078431372473 ) ;
#5966 = VECTOR ( 'NONE', #12285, 1000.000000000000000 ) ;
#5967 = FACE_OUTER_BOUND ( 'NONE', #6635, .T. ) ;
#5968 =( LENGTH_UNIT ( ) NAMED_UNIT ( * ) SI_UNIT ( .MILLI., .METRE. ) );
#5969 = SURFACE_STYLE_FILL_AREA ( #5101 ) ;
#5970 = ORIENTED_EDGE ( 'NONE', *, *, #10605, .T. ) ;
#5971 =( GEOMETRIC_REPRESENTATION_CONTEXT ( 3 ) GLOBAL_UNCERTAINTY_ASSIGNED_CONTEXT ( ( #1814 ) ) GLOBAL_UNIT_ASSIGNED_CONTEXT ( ( #6486, #9575, #5473 ) ) REPRESENTATION_CONTEXT ( 'NONE', 'WORKASPACE' ) );
#5972 = STYLED_ITEM ( 'NONE', ( #9572 ), #50 ) ;
#5973 = COLOUR_RGB ( '',0.9411764705882352811, 0.6274509803921568540, 0.05490196078431372473 ) ;
#5974 = EDGE_CURVE ( 'NONE', #12770, #8534, #8388, .T. ) ;
#5975 = VECTOR ( 'NONE', #1188, 1000.000000000000000 ) ;
#5976 = CYLINDRICAL_SURFACE ( 'NONE', #2323, 0.2500000000000002220 ) ;
#5977 = UNCERTAINTY_MEASURE_WITH_UNIT (LENGTH_MEASURE( 1.000000000000000082E-05 ), #9533, 'distance_accuracy_value', 'NONE');
#5978 = VERTEX_POINT ( 'NONE', #10687 ) ;
#5979 =( NAMED_UNIT ( * ) SI_UNIT ( $, .STERADIAN. ) SOLID_ANGLE_UNIT ( ) );
#5980 = LINE ( 'NONE', #4979, #5935 ) ;
#5981 =( NAMED_UNIT ( * ) SI_UNIT ( $, .STERADIAN. ) SOLID_ANGLE_UNIT ( ) );
#5982 = DIRECTION ( 'NONE',  ( 0.000000000000000000, 0.000000000000000000, -1.000000000000000000 ) ) ;
#5983 = VERTEX_POINT ( 'NONE', #6290 ) ;
#5984 = STYLED_ITEM ( 'NONE', ( #3269 ), #6502 ) ;
#5985 = DIRECTION ( 'NONE',  ( -0.000000000000000000, 1.000000000000000000, -0.000000000000000000 ) ) ;
#5986 = SURFACE_STYLE_USAGE ( .BOTH. , #6992 ) ;
#5987 = CARTESIAN_POINT ( 'NONE',  ( 6.099999999999999645, -3.050000000000000266, 0.8199999999999999512 ) ) ;
#5988 = ORIENTED_EDGE ( 'NONE', *, *, #7897, .F. ) ;
#5989 = COLOUR_RGB ( '',0.9411764705882352811, 0.6274509803921568540, 0.05490196078431372473 ) ;
#5990 = VECTOR ( 'NONE', #4723, 1000.000000000000000 ) ;
#5991 = LINE ( 'NONE', #11004, #6427 ) ;
#5992 = CARTESIAN_POINT ( 'NONE',  ( -6.099999999999999645, -4.350000000000000533, 0.8199999999999999512 ) ) ;
#5993 = EDGE_CURVE ( 'NONE', #697, #4602, #7572, .T. ) ;
#5994 = STYLED_ITEM ( 'NONE', ( #2656 ), #1960 ) ;
#5995 = CIRCLE ( 'NONE', #5559, 0.2500000000000002220 ) ;
#5996 = UNCERTAINTY_MEASURE_WITH_UNIT (LENGTH_MEASURE( 1.000000000000000082E-05 ), #4600, 'distance_accuracy_value', 'NONE');
#5997 = EDGE_CURVE ( 'NONE', #11729, #5354, #3357, .T. ) ;
#5998 = MECHANICAL_DESIGN_GEOMETRIC_PRESENTATION_REPRESENTATION (  '', ( #10964 ), #6854 ) ;
#5999 =( NAMED_UNIT ( * ) SI_UNIT ( $, .STERADIAN. ) SOLID_ANGLE_UNIT ( ) );
#6000 = EDGE_LOOP ( 'NONE', ( #1981, #4126, #11459, #5313 ) ) ;
#6001 = LINE ( 'NONE', #9101, #10349 ) ;
#6002 = CARTESIAN_POINT ( 'NONE',  ( -6.099999999999999645, -1.050000000000000266, 0.8199999999999999512 ) ) ;
#6003 = EDGE_LOOP ( 'NONE', ( #427, #11068, #781, #1843 ) ) ;
#6004 = CARTESIAN_POINT ( 'NONE',  ( 6.099999999999999645, -4.150000000000000355, 0.000000000000000000 ) ) ;
#6005 = SURFACE_SIDE_STYLE ('',( #3792 ) ) ;
#6006 = SURFACE_SIDE_STYLE ('',( #11212 ) ) ;
#6007 = PRESENTATION_STYLE_ASSIGNMENT (( #8163 ) ) ;
#6008 = VERTEX_POINT ( 'NONE', #8516 ) ;
#6009 = STYLED_ITEM ( 'NONE', ( #10956 ), #1465 ) ;
#6010 = CARTESIAN_POINT ( 'NONE',  ( 6.099999999999999645, -5.900000000000000355, 0.000000000000000000 ) ) ;
#6011 = AXIS2_PLACEMENT_3D ( 'NONE', #11770, #5627, #6773 ) ;
#6012 = CARTESIAN_POINT ( 'NONE',  ( -6.099999999999999645, 5.249999999999999112, 0.8199999999999999512 ) ) ;
#6013 = EDGE_CURVE ( 'NONE', #11021, #11762, #6499, .T. ) ;
#6014 = ADVANCED_FACE ( 'NONE', ( #5352 ), #12519, .F. ) ;
#6015 =( LENGTH_UNIT ( ) NAMED_UNIT ( * ) SI_UNIT ( .MILLI., .METRE. ) );
#6016 = SURFACE_SIDE_STYLE ('',( #1931 ) ) ;
#6017 = SURFACE_SIDE_STYLE ('',( #12143 ) ) ;
#6018 = FILL_AREA_STYLE ('',( #7969 ) ) ;
#6019 = VECTOR ( 'NONE', #2609, 1000.000000000000000 ) ;
#6020 = EDGE_LOOP ( 'NONE', ( #7202, #11370, #9394, #1247 ) ) ;
#6021 = SURFACE_STYLE_USAGE ( .BOTH. , #5273 ) ;
#6022 = LINE ( 'NONE', #1937, #13074 ) ;
#6023 = ORIENTED_EDGE ( 'NONE', *, *, #11069, .F. ) ;
#6024 = VECTOR ( 'NONE', #10828, 1000.000000000000000 ) ;
#6025 =( NAMED_UNIT ( * ) PLANE_ANGLE_UNIT ( ) SI_UNIT ( $, .RADIAN. ) );
#6026 = ADVANCED_FACE ( 'NONE', ( #10484 ), #7383, .T. ) ;
#6027 = SURFACE_SIDE_STYLE ('',( #2894 ) ) ;
#6028 = VECTOR ( 'NONE', #4516, 1000.000000000000000 ) ;
#6029 = AXIS2_PLACEMENT_3D ( 'NONE', #9943, #797, #4667 ) ;
#6030 = STYLED_ITEM ( 'NONE', ( #6470 ), #3568 ) ;
#6031 = VECTOR ( 'NONE', #1561, 1000.000000000000000 ) ;
#6032 = CARTESIAN_POINT ( 'NONE',  ( -6.099999999999999645, -7.250000000000000000, 0.8199999999999999512 ) ) ;
#6033 = LINE ( 'NONE', #10156, #2111 ) ;
#6034 = ORIENTED_EDGE ( 'NONE', *, *, #4014, .T. ) ;
#6035 = PLANE ( 'NONE',  #9357 ) ;
#6036 = PRESENTATION_LAYER_ASSIGNMENT (  '', '', ( #10134 ) ) ;
#6037 = ORIENTED_EDGE ( 'NONE', *, *, #2439, .T. ) ;
#6038 = LINE ( 'NONE', #5359, #278 ) ;
#6039 =( LENGTH_UNIT ( ) NAMED_UNIT ( * ) SI_UNIT ( .MILLI., .METRE. ) );
#6040 = CARTESIAN_POINT ( 'NONE',  ( 5.299999999999998934, -2.150000000000000355, 0.000000000000000000 ) ) ;
#6041 = EDGE_CURVE ( 'NONE', #1175, #7737, #464, .T. ) ;
#6042 = VECTOR ( 'NONE', #1897, 1000.000000000000000 ) ;
#6043 = ORIENTED_EDGE ( 'NONE', *, *, #8289, .F. ) ;
#6044 = PLANE ( 'NONE',  #2635 ) ;
#6045 = LINE ( 'NONE', #19, #632 ) ;
#6046 = EDGE_LOOP ( 'NONE', ( #8621, #9855, #10909, #12091 ) ) ;
#6047 =( LENGTH_UNIT ( ) NAMED_UNIT ( * ) SI_UNIT ( .MILLI., .METRE. ) );
#6048 = DIRECTION ( 'NONE',  ( -0.000000000000000000, 0.000000000000000000, 1.000000000000000000 ) ) ;
#6049 = DIRECTION ( 'NONE',  ( -1.000000000000000000, 0.000000000000000000, 0.000000000000000000 ) ) ;
#6050 = LINE ( 'NONE', #12048, #12010 ) ;
#6051 = ORIENTED_EDGE ( 'NONE', *, *, #13195, .F. ) ;
#6052 = DIRECTION ( 'NONE',  ( 0.000000000000000000, 0.000000000000000000, -1.000000000000000000 ) ) ;
#6053 =( LENGTH_UNIT ( ) NAMED_UNIT ( * ) SI_UNIT ( .MILLI., .METRE. ) );
#6054 = DIRECTION ( 'NONE',  ( 0.000000000000000000, -1.000000000000000000, 0.000000000000000000 ) ) ;
#6055 = EDGE_CURVE ( 'NONE', #5946, #5838, #5428, .T. ) ;
#6056 = ORIENTED_EDGE ( 'NONE', *, *, #5424, .F. ) ;
#6057 = VECTOR ( 'NONE', #3901, 1000.000000000000000 ) ;
#6058 = DIRECTION ( 'NONE',  ( 0.000000000000000000, 1.000000000000000000, 0.000000000000000000 ) ) ;
#6059 = FILL_AREA_STYLE_COLOUR ( '', #3888 ) ;
#6060 = PRESENTATION_LAYER_ASSIGNMENT (  '', '', ( #11878 ) ) ;
#6061 = VECTOR ( 'NONE', #7482, 1000.000000000000000 ) ;
#6062 = ORIENTED_EDGE ( 'NONE', *, *, #5511, .F. ) ;
#6063 = DIRECTION ( 'NONE',  ( 1.000000000000000000, 0.000000000000000000, 0.000000000000000000 ) ) ;
#6064 =( NAMED_UNIT ( * ) PLANE_ANGLE_UNIT ( ) SI_UNIT ( $, .RADIAN. ) );
#6065 = PRESENTATION_STYLE_ASSIGNMENT (( #11140 ) ) ;
#6066 = ORIENTED_EDGE ( 'NONE', *, *, #11026, .F. ) ;
#6067 =( NAMED_UNIT ( * ) SI_UNIT ( $, .STERADIAN. ) SOLID_ANGLE_UNIT ( ) );
#6068 = LINE ( 'NONE', #10125, #4025 ) ;
#6069 = STYLED_ITEM ( 'NONE', ( #10692 ), #9379 ) ;
#6070 = ADVANCED_FACE ( 'NONE', ( #11698 ), #9396, .F. ) ;
#6071 = VERTEX_POINT ( 'NONE', #9941 ) ;
#6072 = DIRECTION ( 'NONE',  ( 1.000000000000000000, 0.000000000000000000, 0.000000000000000000 ) ) ;
#6073 = ORIENTED_EDGE ( 'NONE', *, *, #11269, .F. ) ;
#6074 = AXIS2_PLACEMENT_3D ( 'NONE', #8493, #10607, #11489 ) ;
#6075 = FACE_OUTER_BOUND ( 'NONE', #9672, .T. ) ;
#6076 = CARTESIAN_POINT ( 'NONE',  ( -6.099999999999999645, 8.000000000000000000, 0.000000000000000000 ) ) ;
#6077 = PRESENTATION_LAYER_ASSIGNMENT (  '', '', ( #1148 ) ) ;
#6078 = DIRECTION ( 'NONE',  ( -1.000000000000000000, 0.000000000000000000, -0.000000000000000000 ) ) ;
#6079 = CARTESIAN_POINT ( 'NONE',  ( 6.099999999999999645, -1.950000000000000178, 0.8199999999999999512 ) ) ;
#6080 = MECHANICAL_DESIGN_GEOMETRIC_PRESENTATION_REPRESENTATION (  '', ( #13192 ), #2029 ) ;
#6081 = ORIENTED_EDGE ( 'NONE', *, *, #6759, .F. ) ;
#6082 = PLANE ( 'NONE',  #2610 ) ;
#6083 = DIRECTION ( 'NONE',  ( -0.000000000000000000, 1.000000000000000000, -0.000000000000000000 ) ) ;
#6084 = ORIENTED_EDGE ( 'NONE', *, *, #5769, .F. ) ;
#6085 = FACE_OUTER_BOUND ( 'NONE', #5083, .T. ) ;
#6086 = PRESENTATION_LAYER_ASSIGNMENT (  '', '', ( #1161 ) ) ;
#6087 = CARTESIAN_POINT ( 'NONE',  ( -6.099999999999999645, 7.450000000000000178, 0.000000000000000000 ) ) ;
#6088 = ORIENTED_EDGE ( 'NONE', *, *, #8494, .F. ) ;
#6089 = DIRECTION ( 'NONE',  ( -0.000000000000000000, 1.000000000000000000, -0.000000000000000000 ) ) ;
#6090 = ORIENTED_EDGE ( 'NONE', *, *, #3693, .F. ) ;
#6091 = CARTESIAN_POINT ( 'NONE',  ( -6.099999999999999645, 2.349999999999999645, 0.8199999999999999512 ) ) ;
#6092 = EDGE_LOOP ( 'NONE', ( #5029, #1228, #1632, #3119 ) ) ;
#6093 = DIRECTION ( 'NONE',  ( 0.000000000000000000, -0.000000000000000000, 1.000000000000000000 ) ) ;
#6094 = PLANE ( 'NONE',  #6914 ) ;
#6095 = SURFACE_STYLE_FILL_AREA ( #8129 ) ;
#6096 = CARTESIAN_POINT ( 'NONE',  ( -6.099999999999999645, 4.150000000000000355, 0.8199999999999999512 ) ) ;
#6097 = EDGE_CURVE ( 'NONE', #6846, #13169, #10830, .T. ) ;
#6098 = FILL_AREA_STYLE_COLOUR ( '', #2242 ) ;
#6099 = ORIENTED_EDGE ( 'NONE', *, *, #2999, .F. ) ;
#6100 = DIRECTION ( 'NONE',  ( 0.000000000000000000, -1.000000000000000000, 0.000000000000000000 ) ) ;
#6101 = EDGE_CURVE ( 'NONE', #312, #653, #6891, .T. ) ;
#6102 = EDGE_CURVE ( 'NONE', #8192, #4468, #5747, .T. ) ;
#6103 = UNCERTAINTY_MEASURE_WITH_UNIT (LENGTH_MEASURE( 1.000000000000000082E-05 ), #5726, 'distance_accuracy_value', 'NONE');
#6104 = CARTESIAN_POINT ( 'NONE',  ( 6.099999999999999645, 2.149999999999999911, 0.8199999999999999512 ) ) ;
#6105 = ORIENTED_EDGE ( 'NONE', *, *, #1132, .F. ) ;
#6106 = PLANE ( 'NONE',  #2845 ) ;
#6107 = FACE_OUTER_BOUND ( 'NONE', #3712, .T. ) ;
#6108 = CARTESIAN_POINT ( 'NONE',  ( -6.099999999999999645, -5.250000000000000000, 0.8199999999999999512 ) ) ;
#6109 =( NAMED_UNIT ( * ) SI_UNIT ( $, .STERADIAN. ) SOLID_ANGLE_UNIT ( ) );
#6110 = EDGE_LOOP ( 'NONE', ( #3964, #162, #3968, #826 ) ) ;
#6111 =( NAMED_UNIT ( * ) SI_UNIT ( $, .STERADIAN. ) SOLID_ANGLE_UNIT ( ) );
#6112 = SURFACE_SIDE_STYLE ('',( #1026 ) ) ;
#6113 = DIRECTION ( 'NONE',  ( 0.000000000000000000, 0.000000000000000000, 1.000000000000000000 ) ) ;
#6114 = DIRECTION ( 'NONE',  ( -0.000000000000000000, -0.000000000000000000, 1.000000000000000000 ) ) ;
#6115 = STYLED_ITEM ( 'NONE', ( #6007 ), #7213 ) ;
#6116 = PLANE ( 'NONE',  #4525 ) ;
#6117 = EDGE_CURVE ( 'NONE', #9400, #4864, #8332, .T. ) ;
#6118 = CIRCLE ( 'NONE', #13228, 0.2500000000000002220 ) ;
#6119 = PRESENTATION_LAYER_ASSIGNMENT (  '', '', ( #4413 ) ) ;
#6120 = ORIENTED_EDGE ( 'NONE', *, *, #3451, .T. ) ;
#6121 = LINE ( 'NONE', #4127, #9041 ) ;
#6122 = SURFACE_SIDE_STYLE ('',( #12201 ) ) ;
#6123 = VERTEX_POINT ( 'NONE', #5619 ) ;
#6124 = LINE ( 'NONE', #3130, #7757 ) ;
#6125 =( LENGTH_UNIT ( ) NAMED_UNIT ( * ) SI_UNIT ( .MILLI., .METRE. ) );
#6126 = CARTESIAN_POINT ( 'NONE',  ( -6.099999999999999645, -2.600000000000000533, 0.000000000000000000 ) ) ;
#6127 = VERTEX_POINT ( 'NONE', #12968 ) ;
#6128 = CARTESIAN_POINT ( 'NONE',  ( 6.099999999999999645, 2.149999999999999911, 0.8199999999999999512 ) ) ;
#6129 = ORIENTED_EDGE ( 'NONE', *, *, #7976, .T. ) ;
#6130 = VECTOR ( 'NONE', #3389, 1000.000000000000000 ) ;
#6131 = VECTOR ( 'NONE', #9693, 1000.000000000000000 ) ;
#6132 = EDGE_CURVE ( 'NONE', #4503, #8524, #5960, .T. ) ;
#6133 = DIRECTION ( 'NONE',  ( 1.000000000000000000, 0.000000000000000000, -0.000000000000000000 ) ) ;
#6134 = PLANE ( 'NONE',  #1317 ) ;
#6135 =( NAMED_UNIT ( * ) SI_UNIT ( $, .STERADIAN. ) SOLID_ANGLE_UNIT ( ) );
#6136 = VECTOR ( 'NONE', #2359, 1000.000000000000000 ) ;
#6137 = ORIENTED_EDGE ( 'NONE', *, *, #13023, .T. ) ;
#6138 = DIRECTION ( 'NONE',  ( -1.000000000000000000, 0.000000000000000000, 0.000000000000000000 ) ) ;
#6139 = ORIENTED_EDGE ( 'NONE', *, *, #12689, .F. ) ;
#6140 = DIRECTION ( 'NONE',  ( 1.000000000000000000, -0.000000000000000000, -0.000000000000000000 ) ) ;
#6141 = CARTESIAN_POINT ( 'NONE',  ( 6.099999999999999645, -1.050000000000000266, 0.000000000000000000 ) ) ;
#6142 = LINE ( 'NONE', #10278, #10358 ) ;
#6143 = COLOUR_RGB ( '',0.9411764705882352811, 0.6274509803921568540, 0.05490196078431372473 ) ;
#6144 = EDGE_CURVE ( 'NONE', #10071, #8384, #1593, .T. ) ;
#6145 = UNCERTAINTY_MEASURE_WITH_UNIT (LENGTH_MEASURE( 1.000000000000000082E-05 ), #12542, 'distance_accuracy_value', 'NONE');
#6146 = CARTESIAN_POINT ( 'NONE',  ( -5.299999999999998934, -5.450000000000001066, 0.8199999999999999512 ) ) ;
#6147 = CARTESIAN_POINT ( 'NONE',  ( -6.099999999999999645, -7.000000000000000000, 0.000000000000000000 ) ) ;
#6148 = ORIENTED_EDGE ( 'NONE', *, *, #5814, .F. ) ;
#6149 = FACE_OUTER_BOUND ( 'NONE', #4825, .T. ) ;
#6150 = ORIENTED_EDGE ( 'NONE', *, *, #1943, .F. ) ;
#6151 = PRESENTATION_STYLE_ASSIGNMENT (( #8193 ) ) ;
#6152 = PLANE ( 'NONE',  #5934 ) ;
#6153 = VECTOR ( 'NONE', #5367, 1000.000000000000000 ) ;
#6154 = ORIENTED_EDGE ( 'NONE', *, *, #9979, .T. ) ;
#6155 = VECTOR ( 'NONE', #8992, 1000.000000000000000 ) ;
#6156 = FACE_OUTER_BOUND ( 'NONE', #4064, .T. ) ;
#6157 =( NAMED_UNIT ( * ) PLANE_ANGLE_UNIT ( ) SI_UNIT ( $, .RADIAN. ) );
#6158 = DIRECTION ( 'NONE',  ( 1.626303258728256651E-16, -1.000000000000000000, 0.000000000000000000 ) ) ;
#6159 = SURFACE_STYLE_FILL_AREA ( #1958 ) ;
#6160 = DIRECTION ( 'NONE',  ( 1.000000000000000000, 0.000000000000000000, 0.000000000000000000 ) ) ;
#6161 = VERTEX_POINT ( 'NONE', #1800 ) ;
#6162 =( LENGTH_UNIT ( ) NAMED_UNIT ( * ) SI_UNIT ( .MILLI., .METRE. ) );
#6163 = VECTOR ( 'NONE', #4203, 1000.000000000000000 ) ;
#6164 = ADVANCED_FACE ( 'NONE', ( #6828 ), #7775, .F. ) ;
#6165 = EDGE_CURVE ( 'NONE', #11607, #3425, #1531, .T. ) ;
#6166 = LINE ( 'NONE', #9287, #1668 ) ;
#6167 = COLOUR_RGB ( '',0.9411764705882352811, 0.6274509803921568540, 0.05490196078431372473 ) ;
#6168 =( GEOMETRIC_REPRESENTATION_CONTEXT ( 3 ) GLOBAL_UNCERTAINTY_ASSIGNED_CONTEXT ( ( #3490 ) ) GLOBAL_UNIT_ASSIGNED_CONTEXT ( ( #11486, #2257, #12492 ) ) REPRESENTATION_CONTEXT ( 'NONE', 'WORKASPACE' ) );
#6169 = VERTEX_POINT ( 'NONE', #595 ) ;
#6170 =( LENGTH_UNIT ( ) NAMED_UNIT ( * ) SI_UNIT ( .MILLI., .METRE. ) );
#6171 = DIRECTION ( 'NONE',  ( 1.000000000000000000, 0.000000000000000000, 0.000000000000000000 ) ) ;
#6172 = ORIENTED_EDGE ( 'NONE', *, *, #12267, .T. ) ;
#6173 = CARTESIAN_POINT ( 'NONE',  ( 6.099999999999999645, -3.250000000000000444, 0.8199999999999999512 ) ) ;
#6174 = LINE ( 'NONE', #8214, #1068 ) ;
#6175 = STYLED_ITEM ( 'NONE', ( #6274 ), #6269 ) ;
#6176 = VECTOR ( 'NONE', #11808, 1000.000000000000000 ) ;
#6177 = DIRECTION ( 'NONE',  ( 1.626303258728256651E-16, -1.000000000000000000, 0.000000000000000000 ) ) ;
#6178 = ADVANCED_FACE ( 'NONE', ( #4665 ), #8770, .F. ) ;
#6179 = VECTOR ( 'NONE', #8651, 1000.000000000000000 ) ;
#6180 =( GEOMETRIC_REPRESENTATION_CONTEXT ( 3 ) GLOBAL_UNCERTAINTY_ASSIGNED_CONTEXT ( ( #9391 ) ) GLOBAL_UNIT_ASSIGNED_CONTEXT ( ( #7088, #7838, #5889 ) ) REPRESENTATION_CONTEXT ( 'NONE', 'WORKASPACE' ) );
#6182 = DIRECTION ( 'NONE',  ( -0.000000000000000000, 1.000000000000000000, 0.000000000000000000 ) ) ;
#6181 = MECHANICAL_DESIGN_GEOMETRIC_PRESENTATION_REPRESENTATION (  '', ( #5776 ), #12454 ) ;
#6183 = MECHANICAL_DESIGN_GEOMETRIC_PRESENTATION_REPRESENTATION (  '', ( #1490 ), #8146 ) ;
#6184 = VERTEX_POINT ( 'NONE', #6079 ) ;
#6185 = CARTESIAN_POINT ( 'NONE',  ( 6.099999999999999645, -2.150000000000000355, 0.000000000000000000 ) ) ;
#6186 = DIRECTION ( 'NONE',  ( 0.000000000000000000, -0.000000000000000000, 1.000000000000000000 ) ) ;
#6187 =( NAMED_UNIT ( * ) PLANE_ANGLE_UNIT ( ) SI_UNIT ( $, .RADIAN. ) );
#6188 = VECTOR ( 'NONE', #5737, 1000.000000000000000 ) ;
#6189 = ORIENTED_EDGE ( 'NONE', *, *, #6117, .F. ) ;
#6190 = SURFACE_SIDE_STYLE ('',( #3995 ) ) ;
#6191 = FILL_AREA_STYLE ('',( #1171 ) ) ;
#6192 = ORIENTED_EDGE ( 'NONE', *, *, #212, .F. ) ;
#6193 = DIRECTION ( 'NONE',  ( 0.000000000000000000, 0.000000000000000000, -1.000000000000000000 ) ) ;
#6194 = ADVANCED_FACE ( 'NONE', ( #5009 ), #13097, .T. ) ;
#6195 = VERTEX_POINT ( 'NONE', #3874 ) ;
#6196 = VECTOR ( 'NONE', #3525, 1000.000000000000000 ) ;
#6197 = MECHANICAL_DESIGN_GEOMETRIC_PRESENTATION_REPRESENTATION (  '', ( #9232 ), #11817 ) ;
#6198 = SURFACE_STYLE_FILL_AREA ( #2122 ) ;
#6199 = MECHANICAL_DESIGN_GEOMETRIC_PRESENTATION_REPRESENTATION (  '', ( #1939 ), #6644 ) ;
#6200 = PRESENTATION_STYLE_ASSIGNMENT (( #53 ) ) ;
#6201 = FACE_OUTER_BOUND ( 'NONE', #2988, .T. ) ;
#6202 = STYLED_ITEM ( 'NONE', ( #5246 ), #2272 ) ;
#6203 = STYLED_ITEM ( 'NONE', ( #5887 ), #6907 ) ;
#6204 = ORIENTED_EDGE ( 'NONE', *, *, #8447, .F. ) ;
#6205 = CARTESIAN_POINT ( 'NONE',  ( 6.099999999999999645, -4.350000000000000533, 0.8199999999999999512 ) ) ;
#6206 =( NAMED_UNIT ( * ) SI_UNIT ( $, .STERADIAN. ) SOLID_ANGLE_UNIT ( ) );
#6207 = ORIENTED_EDGE ( 'NONE', *, *, #12510, .F. ) ;
#6208 = VECTOR ( 'NONE', #9953, 1000.000000000000000 ) ;
#6209 = SURFACE_SIDE_STYLE ('',( #8312 ) ) ;
#6210 = CARTESIAN_POINT ( 'NONE',  ( -5.299999999999998934, -4.350000000000000533, 0.000000000000000000 ) ) ;
#6211 = ADVANCED_FACE ( 'NONE', ( #12144 ), #5214, .F. ) ;
#6212 = DIRECTION ( 'NONE',  ( -0.000000000000000000, 1.000000000000000000, -0.000000000000000000 ) ) ;
#6213 = VECTOR ( 'NONE', #8297, 1000.000000000000000 ) ;
#6214 = ORIENTED_EDGE ( 'NONE', *, *, #13295, .F. ) ;
#6215 = CARTESIAN_POINT ( 'NONE',  ( -6.099999999999999645, 4.549999999999999822, 0.000000000000000000 ) ) ;
#6216 = ORIENTED_EDGE ( 'NONE', *, *, #9001, .T. ) ;
#6217 = CARTESIAN_POINT ( 'NONE',  ( -6.099999999999999645, -2.150000000000000355, 0.000000000000000000 ) ) ;
#6218 = AXIS2_PLACEMENT_3D ( 'NONE', #5007, #936, #12422 ) ;
#6219 = ORIENTED_EDGE ( 'NONE', *, *, #8334, .T. ) ;
#6220 = AXIS2_PLACEMENT_3D ( 'NONE', #8368, #6333, #7284 ) ;
#6221 = CARTESIAN_POINT ( 'NONE',  ( -5.299999999999998934, 6.550000000000000711, 0.8199999999999999512 ) ) ;
#6222 = ORIENTED_EDGE ( 'NONE', *, *, #6759, .T. ) ;
#6223 = SURFACE_STYLE_FILL_AREA ( #11377 ) ;
#6224 = DIRECTION ( 'NONE',  ( 0.000000000000000000, 0.000000000000000000, -1.000000000000000000 ) ) ;
#6225 = EDGE_CURVE ( 'NONE', #9506, #10459, #9253, .T. ) ;
#6226 = AXIS2_PLACEMENT_3D ( 'NONE', #12805, #1442, #12688 ) ;
#6227 = PRESENTATION_LAYER_ASSIGNMENT (  '', '', ( #4515 ) ) ;
#6228 =( NAMED_UNIT ( * ) PLANE_ANGLE_UNIT ( ) SI_UNIT ( $, .RADIAN. ) );
#6229 = ORIENTED_EDGE ( 'NONE', *, *, #1149, .F. ) ;
#6230 = ADVANCED_FACE ( 'NONE', ( #8105 ), #9182, .T. ) ;
#6231 = DIRECTION ( 'NONE',  ( -1.000000000000000000, 0.000000000000000000, -0.000000000000000000 ) ) ;
#6232 = AXIS2_PLACEMENT_3D ( 'NONE', #4582, #8626, #1384 ) ;
#6233 = FILL_AREA_STYLE ('',( #2166 ) ) ;
#6234 = UNCERTAINTY_MEASURE_WITH_UNIT (LENGTH_MEASURE( 1.000000000000000082E-05 ), #3234, 'distance_accuracy_value', 'NONE');
#6235 = FILL_AREA_STYLE ('',( #7886 ) ) ;
#6236 = MECHANICAL_DESIGN_GEOMETRIC_PRESENTATION_REPRESENTATION (  '', ( #11005 ), #4110 ) ;
#6237 = VECTOR ( 'NONE', #5317, 1000.000000000000000 ) ;
#6238 = ORIENTED_EDGE ( 'NONE', *, *, #1645, .T. ) ;
#6239 = DIRECTION ( 'NONE',  ( 1.000000000000000000, 0.000000000000000000, 0.000000000000000000 ) ) ;
#6240 = CARTESIAN_POINT ( 'NONE',  ( 4.500000000000000000, -6.500000000000000000, 1.900000000000000355 ) ) ;
#6241 = ORIENTED_EDGE ( 'NONE', *, *, #478, .T. ) ;
#6242 = VECTOR ( 'NONE', #8012, 1000.000000000000000 ) ;
#6243 = PLANE ( 'NONE',  #7984 ) ;
#6244 = DIRECTION ( 'NONE',  ( 0.000000000000000000, 0.000000000000000000, -1.000000000000000000 ) ) ;
#6245 = PRESENTATION_LAYER_ASSIGNMENT (  '', '', ( #10789 ) ) ;
#6246 = PRESENTATION_STYLE_ASSIGNMENT (( #8342 ) ) ;
#6247 = CARTESIAN_POINT ( 'NONE',  ( 5.299999999999998934, -6.550000000000000711, 0.000000000000000000 ) ) ;
#6248 = MECHANICAL_DESIGN_GEOMETRIC_PRESENTATION_REPRESENTATION (  '', ( #11440 ), #12287 ) ;
#6249 = FILL_AREA_STYLE_COLOUR ( '', #1499 ) ;
#6250 = STYLED_ITEM ( 'NONE', ( #10384 ), #4811 ) ;
#6251 = PRESENTATION_STYLE_ASSIGNMENT (( #2101 ) ) ;
#6252 = UNCERTAINTY_MEASURE_WITH_UNIT (LENGTH_MEASURE( 1.000000000000000082E-05 ), #3884, 'distance_accuracy_value', 'NONE');
#6253 = ORIENTED_EDGE ( 'NONE', *, *, #2977, .T. ) ;
#6254 = FILL_AREA_STYLE ('',( #4438 ) ) ;
#6255 = LINE ( 'NONE', #99, #7702 ) ;
#6256 = COLOUR_RGB ( '',0.7921568627450980005, 0.8196078431372548767, 0.9333333333333333481 ) ;
#6257 = ORIENTED_EDGE ( 'NONE', *, *, #7967, .T. ) ;
#6258 = CARTESIAN_POINT ( 'NONE',  ( 6.099999999999999645, -0.8500000000000000888, 0.000000000000000000 ) ) ;
#6259 = SURFACE_STYLE_FILL_AREA ( #6191 ) ;
#6260 = DIRECTION ( 'NONE',  ( 0.000000000000000000, -1.000000000000000000, 0.000000000000000000 ) ) ;
#6262 = ORIENTED_EDGE ( 'NONE', *, *, #7030, .F. ) ;
#6261 = EDGE_CURVE ( 'NONE', #3557, #9511, #10270, .T. ) ;
#6263 = SURFACE_STYLE_FILL_AREA ( #12088 ) ;
#6264 = PRESENTATION_LAYER_ASSIGNMENT (  '', '', ( #11030 ) ) ;
#6265 = ORIENTED_EDGE ( 'NONE', *, *, #7754, .T. ) ;
#6266 = DIRECTION ( 'NONE',  ( 0.000000000000000000, -0.000000000000000000, 1.000000000000000000 ) ) ;
#6267 = DIRECTION ( 'NONE',  ( -0.000000000000000000, -0.000000000000000000, 1.000000000000000000 ) ) ;
#6268 =( NAMED_UNIT ( * ) PLANE_ANGLE_UNIT ( ) SI_UNIT ( $, .RADIAN. ) );
#6269 = ADVANCED_FACE ( 'NONE', ( #6201 ), #3145, .T. ) ;
#6270 = ADVANCED_FACE ( 'NONE', ( #4189 ), #8371, .F. ) ;
#6271 = VECTOR ( 'NONE', #7023, 1000.000000000000000 ) ;
#6272 = FILL_AREA_STYLE ('',( #5141 ) ) ;
#6273 = PRESENTATION_STYLE_ASSIGNMENT (( #11421 ) ) ;
#6274 = PRESENTATION_STYLE_ASSIGNMENT (( #7561 ) ) ;
#6275 = ORIENTED_EDGE ( 'NONE', *, *, #1559, .F. ) ;
#6276 = CARTESIAN_POINT ( 'NONE',  ( 6.099999999999999645, -1.750000000000000444, 0.8199999999999999512 ) ) ;
#6277 =( LENGTH_UNIT ( ) NAMED_UNIT ( * ) SI_UNIT ( .MILLI., .METRE. ) );
#6278 = CARTESIAN_POINT ( 'NONE',  ( -6.099999999999999645, 8.000000000000000000, 0.000000000000000000 ) ) ;
#6279 = PLANE ( 'NONE',  #2563 ) ;
#6280 = VERTEX_POINT ( 'NONE', #11684 ) ;
#6281 = DIRECTION ( 'NONE',  ( 0.000000000000000000, 0.000000000000000000, -1.000000000000000000 ) ) ;
#6282 = UNCERTAINTY_MEASURE_WITH_UNIT (LENGTH_MEASURE( 1.000000000000000082E-05 ), #10633, 'distance_accuracy_value', 'NONE');
#6283 = VECTOR ( 'NONE', #6805, 1000.000000000000000 ) ;
#6284 = ORIENTED_EDGE ( 'NONE', *, *, #12077, .T. ) ;
#6285 = DIRECTION ( 'NONE',  ( -0.000000000000000000, 1.000000000000000000, -0.000000000000000000 ) ) ;
#6286 = ADVANCED_FACE ( 'NONE', ( #8561 ), #2264, .F. ) ;
#6287 = DIRECTION ( 'NONE',  ( 0.000000000000000000, -0.000000000000000000, 1.000000000000000000 ) ) ;
#6288 = ORIENTED_EDGE ( 'NONE', *, *, #8559, .F. ) ;
#6289 =( NAMED_UNIT ( * ) SI_UNIT ( $, .STERADIAN. ) SOLID_ANGLE_UNIT ( ) );
#6290 = CARTESIAN_POINT ( 'NONE',  ( -5.299999999999998934, 0.04999999999999969746, 0.8199999999999999512 ) ) ;
#6291 = ORIENTED_EDGE ( 'NONE', *, *, #1661, .T. ) ;
#6292 = VECTOR ( 'NONE', #1556, 1000.000000000000000 ) ;
#6293 = CARTESIAN_POINT ( 'NONE',  ( 3.999999999999998224, 2.668805347656625692E-16, 1.900000000000000133 ) ) ;
#6294 = LINE ( 'NONE', #12244, #1226 ) ;
#6295 = ORIENTED_EDGE ( 'NONE', *, *, #12782, .T. ) ;
#6296 = DIRECTION ( 'NONE',  ( -0.000000000000000000, -0.000000000000000000, -1.000000000000000000 ) ) ;
#6297 = FILL_AREA_STYLE_COLOUR ( '', #10379 ) ;
#6298 = LINE ( 'NONE', #9403, #12623 ) ;
#6299 = VERTEX_POINT ( 'NONE', #716 ) ;
#6300 = VERTEX_POINT ( 'NONE', #8888 ) ;
#6301 = SURFACE_STYLE_USAGE ( .BOTH. , #12324 ) ;
#6302 = EDGE_CURVE ( 'NONE', #3371, #5067, #5598, .T. ) ;
#6303 = SURFACE_SIDE_STYLE ('',( #3249 ) ) ;
#6304 = ORIENTED_EDGE ( 'NONE', *, *, #4328, .T. ) ;
#6305 = LINE ( 'NONE', #84, #10792 ) ;
#6306 = PLANE ( 'NONE',  #8277 ) ;
#6307 = FILL_AREA_STYLE_COLOUR ( '', #4492 ) ;
#6308 = DIRECTION ( 'NONE',  ( 0.000000000000000000, 0.000000000000000000, -1.000000000000000000 ) ) ;
#6309 = ORIENTED_EDGE ( 'NONE', *, *, #9330, .F. ) ;
#6310 = SURFACE_SIDE_STYLE ('',( #8412 ) ) ;
#6311 = SURFACE_SIDE_STYLE ('',( #4375 ) ) ;
#6312 = LINE ( 'NONE', #1219, #9358 ) ;
#6313 =( NAMED_UNIT ( * ) PLANE_ANGLE_UNIT ( ) SI_UNIT ( $, .RADIAN. ) );
#6314 = CARTESIAN_POINT ( 'NONE',  ( 6.099999999999999645, 3.449999999999999734, 0.000000000000000000 ) ) ;
#6315 = CARTESIAN_POINT ( 'NONE',  ( 6.099999999999999645, -5.900000000000000355, 0.000000000000000000 ) ) ;
#6316 = LINE ( 'NONE', #226, #1108 ) ;
#6317 = EDGE_CURVE ( 'NONE', #11888, #9223, #4788, .T. ) ;
#6318 = CARTESIAN_POINT ( 'NONE',  ( 6.099999999999999645, 7.450000000000000178, 0.8199999999999999512 ) ) ;
#6319 = VERTEX_POINT ( 'NONE', #12877 ) ;
#6320 = CARTESIAN_POINT ( 'NONE',  ( -6.099999999999999645, -2.350000000000000089, 0.8199999999999999512 ) ) ;
#6321 = FILL_AREA_STYLE_COLOUR ( '', #8350 ) ;
#6322 = FILL_AREA_STYLE ('',( #2247 ) ) ;
#6323 = ORIENTED_EDGE ( 'NONE', *, *, #10450, .F. ) ;
#6324 = PRESENTATION_STYLE_ASSIGNMENT (( #7351 ) ) ;
#6325 = CARTESIAN_POINT ( 'NONE',  ( -6.099999999999999645, 5.649999999999999467, 0.000000000000000000 ) ) ;
#6326 = VERTEX_POINT ( 'NONE', #1578 ) ;
#6327 = DIRECTION ( 'NONE',  ( 0.000000000000000000, -1.000000000000000000, 0.000000000000000000 ) ) ;
#6328 = ORIENTED_EDGE ( 'NONE', *, *, #6348, .F. ) ;
#6329 = FACE_OUTER_BOUND ( 'NONE', #4226, .T. ) ;
#6330 = LINE ( 'NONE', #4255, #1968 ) ;
#6331 = AXIS2_PLACEMENT_3D ( 'NONE', #5041, #9012, #5179 ) ;
#6332 = AXIS2_PLACEMENT_3D ( 'NONE', #6126, #4919, #7201 ) ;
#6333 = DIRECTION ( 'NONE',  ( -1.000000000000000000, 0.000000000000000000, 0.000000000000000000 ) ) ;
#6334 = DIRECTION ( 'NONE',  ( -1.000000000000000000, 0.000000000000000000, -0.000000000000000000 ) ) ;
#6335 = ADVANCED_FACE ( 'NONE', ( #11874 ), #10742, .F. ) ;
#6336 = FACE_OUTER_BOUND ( 'NONE', #12425, .T. ) ;
#6337 = SURFACE_SIDE_STYLE ('',( #7288 ) ) ;
#6338 = ORIENTED_EDGE ( 'NONE', *, *, #11750, .T. ) ;
#6339 = SURFACE_STYLE_USAGE ( .BOTH. , #1184 ) ;
#6340 = PLANE ( 'NONE',  #2324 ) ;
#6341 = VECTOR ( 'NONE', #12029, 1000.000000000000000 ) ;
#6342 = CARTESIAN_POINT ( 'NONE',  ( 6.099999999999999645, -1.500000000000000222, 0.8199999999999999512 ) ) ;
#6343 = ORIENTED_EDGE ( 'NONE', *, *, #3904, .T. ) ;
#6344 = VECTOR ( 'NONE', #6521, 1000.000000000000000 ) ;
#6345 = LINE ( 'NONE', #9584, #5212 ) ;
#6346 = SURFACE_SIDE_STYLE ('',( #1334 ) ) ;
#6347 = DIRECTION ( 'NONE',  ( -1.000000000000000000, -0.000000000000000000, -0.000000000000000000 ) ) ;
#6348 = EDGE_CURVE ( 'NONE', #12836, #12445, #4720, .T. ) ;
#6349 = STYLED_ITEM ( 'NONE', ( #1946 ), #556 ) ;
#6350 = EDGE_CURVE ( 'NONE', #8581, #4942, #7682, .T. ) ;
#6351 = AXIS2_PLACEMENT_3D ( 'NONE', #1374, #305, #9434 ) ;
#6352 = PRESENTATION_LAYER_ASSIGNMENT (  '', '', ( #795 ) ) ;
#6353 = ORIENTED_EDGE ( 'NONE', *, *, #641, .T. ) ;
#6354 =( NAMED_UNIT ( * ) SI_UNIT ( $, .STERADIAN. ) SOLID_ANGLE_UNIT ( ) );
#6355 =( NAMED_UNIT ( * ) PLANE_ANGLE_UNIT ( ) SI_UNIT ( $, .RADIAN. ) );
#6356 = ORIENTED_EDGE ( 'NONE', *, *, #9428, .T. ) ;
#6357 = CARTESIAN_POINT ( 'NONE',  ( 6.099999999999999645, 6.150000000000000355, 0.8199999999999999512 ) ) ;
#6358 = ORIENTED_EDGE ( 'NONE', *, *, #8574, .F. ) ;
#6359 = DIRECTION ( 'NONE',  ( 0.000000000000000000, -1.000000000000000000, 0.000000000000000000 ) ) ;
#6360 = DIRECTION ( 'NONE',  ( 1.000000000000000000, 0.000000000000000000, -0.000000000000000000 ) ) ;
#6361 = CLOSED_SHELL ( 'NONE', ( #1017, #4871, #8687, #3108, #12629, #12259, #374, #2881, #11886, #8640, #2295, #722, #1606, #7161, #11887, #9270, #1823, #3384, #5453, #5725, #3248, #758, #3174, #4716, #9331, #7880, #12198, #9126, #10574, #5161, #11902, #10648, #6933, #2206, #5006, #10420, #11712, #12921, #9554, #10434, #8784, #11347, #5052, #6014, #1255, #11666, #791, #6772, #5870, #7371, #3343, #4639, #2655, #6335, #9369, #543, #10074, #1481, #4054, #7827, #7408, #13070, #5478, #7580, #2695, #7129, #4161, #7169, #10637, #9286, #8918, #3435, #8700, #7506, #4218, #264, #6178, #9206, #10023, #8248, #6211, #548, #8735, #1436, #9096, #7848, #9355, #6586, #4975, #280, #862, #3649, #12042, #4346, #3510, #10811, #3999, #5833, #4072, #5661, #766, #6834 ) ) ;
#6362 = ORIENTED_EDGE ( 'NONE', *, *, #960, .T. ) ;
#6363 = CARTESIAN_POINT ( 'NONE',  ( 5.299999999999998934, -0.8500000000000000888, 0.000000000000000000 ) ) ;
#6364 = CARTESIAN_POINT ( 'NONE',  ( -6.099999999999999645, -1.950000000000000178, 0.8199999999999999512 ) ) ;
#6365 = LINE ( 'NONE', #2081, #1010 ) ;
#6366 = FACE_OUTER_BOUND ( 'NONE', #2620, .T. ) ;
#6367 = ORIENTED_EDGE ( 'NONE', *, *, #4467, .T. ) ;
#6368 = CIRCLE ( 'NONE', #7217, 0.2500000000000002220 ) ;
#6369 = CARTESIAN_POINT ( 'NONE',  ( -5.299999999999998934, -2.150000000000000355, 0.8199999999999999512 ) ) ;
#6370 = EDGE_CURVE ( 'NONE', #8253, #12939, #3789, .T. ) ;
#6371 = ORIENTED_EDGE ( 'NONE', *, *, #3916, .F. ) ;
#6372 = PRESENTATION_LAYER_ASSIGNMENT (  '', '', ( #7659 ) ) ;
#6373 = DIRECTION ( 'NONE',  ( 0.000000000000000000, 0.000000000000000000, -1.000000000000000000 ) ) ;
#6374 = UNCERTAINTY_MEASURE_WITH_UNIT (LENGTH_MEASURE( 1.000000000000000082E-05 ), #11598, 'distance_accuracy_value', 'NONE');
#6375 = SURFACE_SIDE_STYLE ('',( #5296 ) ) ;
#6376 = PRESENTATION_LAYER_ASSIGNMENT (  '', '', ( #7457 ) ) ;
#6377 = AXIS2_PLACEMENT_3D ( 'NONE', #3507, #8659, #7526 ) ;
#6378 = VECTOR ( 'NONE', #939, 1000.000000000000000 ) ;
#6379 = ORIENTED_EDGE ( 'NONE', *, *, #641, .F. ) ;
#6380 = DIRECTION ( 'NONE',  ( 0.000000000000000000, -0.000000000000000000, 1.000000000000000000 ) ) ;
#6381 = CARTESIAN_POINT ( 'NONE',  ( -6.099999999999999645, 7.450000000000000178, 0.8199999999999999512 ) ) ;
#6382 = SURFACE_STYLE_USAGE ( .BOTH. , #9415 ) ;
#6383 = ORIENTED_EDGE ( 'NONE', *, *, #3737, .F. ) ;
#6384 = CARTESIAN_POINT ( 'NONE',  ( 6.099999999999999645, -5.050000000000000711, 0.8199999999999999512 ) ) ;
#6385 = CARTESIAN_POINT ( 'NONE',  ( 6.099999999999999645, -5.250000000000000000, 0.000000000000000000 ) ) ;
#6386 =( NAMED_UNIT ( * ) PLANE_ANGLE_UNIT ( ) SI_UNIT ( $, .RADIAN. ) );
#6387 = ADVANCED_FACE ( 'NONE', ( #11992 ), #3597, .T. ) ;
#6388 = PRESENTATION_LAYER_ASSIGNMENT (  '', '', ( #12651 ) ) ;
#6389 = LINE ( 'NONE', #1620, #8823 ) ;
#6390 = UNCERTAINTY_MEASURE_WITH_UNIT (LENGTH_MEASURE( 1.000000000000000082E-05 ), #183, 'distance_accuracy_value', 'NONE');
#6391 = CARTESIAN_POINT ( 'NONE',  ( -6.099999999999999645, 7.450000000000000178, 0.8199999999999999512 ) ) ;
#6392 = VERTEX_POINT ( 'NONE', #5728 ) ;
#6393 = DIRECTION ( 'NONE',  ( 0.000000000000000000, 0.000000000000000000, -1.000000000000000000 ) ) ;
#6394 = DIRECTION ( 'NONE',  ( -1.000000000000000000, -0.000000000000000000, -0.000000000000000000 ) ) ;
#6395 = VECTOR ( 'NONE', #3610, 1000.000000000000000 ) ;
#6396 = EDGE_LOOP ( 'NONE', ( #1579, #1076, #7241, #5890 ) ) ;
#6397 = DIRECTION ( 'NONE',  ( 0.000000000000000000, -1.000000000000000000, 0.000000000000000000 ) ) ;
#6398 = CARTESIAN_POINT ( 'NONE',  ( -5.299999999999998934, 4.150000000000000355, 0.8199999999999999512 ) ) ;
#6399 = ORIENTED_EDGE ( 'NONE', *, *, #1942, .F. ) ;
#6400 = COLOUR_RGB ( '',0.9411764705882352811, 0.6274509803921568540, 0.05490196078431372473 ) ;
#6401 = STYLED_ITEM ( 'NONE', ( #3733 ), #10333 ) ;
#6402 = FACE_OUTER_BOUND ( 'NONE', #11949, .T. ) ;
#6403 = ORIENTED_EDGE ( 'NONE', *, *, #8900, .F. ) ;
#6404 = EDGE_CURVE ( 'NONE', #3291, #3974, #9653, .T. ) ;
#6405 = PRESENTATION_STYLE_ASSIGNMENT (( #1176 ) ) ;
#6406 =( GEOMETRIC_REPRESENTATION_CONTEXT ( 3 ) GLOBAL_UNCERTAINTY_ASSIGNED_CONTEXT ( ( #8803 ) ) GLOBAL_UNIT_ASSIGNED_CONTEXT ( ( #3806, #8973, #13224 ) ) REPRESENTATION_CONTEXT ( 'NONE', 'WORKASPACE' ) );
#6407 =( GEOMETRIC_REPRESENTATION_CONTEXT ( 3 ) GLOBAL_UNCERTAINTY_ASSIGNED_CONTEXT ( ( #5836 ) ) GLOBAL_UNIT_ASSIGNED_CONTEXT ( ( #2545, #3807, #733 ) ) REPRESENTATION_CONTEXT ( 'NONE', 'WORKASPACE' ) );
#6408 = VECTOR ( 'NONE', #6100, 1000.000000000000000 ) ;
#6409 = CARTESIAN_POINT ( 'NONE',  ( 5.299999999999998934, -7.450000000000000178, 0.8199999999999999512 ) ) ;
#6410 = UNCERTAINTY_MEASURE_WITH_UNIT (LENGTH_MEASURE( 1.000000000000000082E-05 ), #8115, 'distance_accuracy_value', 'NONE');
#6411 = VECTOR ( 'NONE', #6755, 1000.000000000000000 ) ;
#6412 =( BOUNDED_CURVE ( )  B_SPLINE_CURVE ( 3, ( #6932, #11923, #6996, #6869 ),
 .UNSPECIFIED., .F., .F. ) 
 B_SPLINE_CURVE_WITH_KNOTS ( ( 4, 4 ),
 ( 3.141592653589793560, 4.712388980384689674 ),
 .UNSPECIFIED. ) 
 CURVE ( )  GEOMETRIC_REPRESENTATION_ITEM ( )  RATIONAL_B_SPLINE_CURVE ( ( 1.000000000000000000, 0.8047378541243650485, 0.8047378541243650485, 1.000000000000000000 ) ) 
 REPRESENTATION_ITEM ( '' )  );
#6413 = DIRECTION ( 'NONE',  ( -0.000000000000000000, -0.000000000000000000, -1.000000000000000000 ) ) ;
#6414 = AXIS2_PLACEMENT_3D ( 'NONE', #6421, #8443, #115 ) ;
#6415 = CARTESIAN_POINT ( 'NONE',  ( -6.099999999999999645, 3.049999999999999822, 0.000000000000000000 ) ) ;
#6416 = FILL_AREA_STYLE_COLOUR ( '', #7075 ) ;
#6417 = ORIENTED_EDGE ( 'NONE', *, *, #7771, .F. ) ;
#6418 = CARTESIAN_POINT ( 'NONE',  ( -6.099999999999999645, -3.700000000000000178, 0.000000000000000000 ) ) ;
#6419 = FILL_AREA_STYLE_COLOUR ( '', #8835 ) ;
#6420 = SURFACE_STYLE_USAGE ( .BOTH. , #2339 ) ;
#6421 = CARTESIAN_POINT ( 'NONE',  ( -6.099999999999999645, -2.600000000000000533, 0.8199999999999999512 ) ) ;
#6422 = ORIENTED_EDGE ( 'NONE', *, *, #9242, .F. ) ;
#6423 = VECTOR ( 'NONE', #1230, 1000.000000000000000 ) ;
#6424 = PRESENTATION_LAYER_ASSIGNMENT (  '', '', ( #12672 ) ) ;
#6425 = DIRECTION ( 'NONE',  ( 0.000000000000000000, -1.000000000000000000, 0.000000000000000000 ) ) ;
#6426 =( NAMED_UNIT ( * ) SI_UNIT ( $, .STERADIAN. ) SOLID_ANGLE_UNIT ( ) );
#6427 = VECTOR ( 'NONE', #10035, 1000.000000000000000 ) ;
#6428 = EDGE_CURVE ( 'NONE', #3629, #8045, #448, .T. ) ;
#6429 = CARTESIAN_POINT ( 'NONE',  ( 5.849999999999999645, -0.4000000000000001887, 0.000000000000000000 ) ) ;
#6430 = UNCERTAINTY_MEASURE_WITH_UNIT (LENGTH_MEASURE( 1.000000000000000082E-05 ), #455, 'distance_accuracy_value', 'NONE');
#6431 = VERTEX_POINT ( 'NONE', #9848 ) ;
#6432 = VECTOR ( 'NONE', #10718, 1000.000000000000000 ) ;
#6433 = COLOUR_RGB ( '',0.9411764705882352811, 0.6274509803921568540, 0.05490196078431372473 ) ;
#6434 = FACE_OUTER_BOUND ( 'NONE', #3432, .T. ) ;
#6435 = CYLINDRICAL_SURFACE ( 'NONE', #6822, 0.2500000000000002220 ) ;
#6436 = DIRECTION ( 'NONE',  ( 0.000000000000000000, -0.000000000000000000, 1.000000000000000000 ) ) ;
#6437 = ORIENTED_EDGE ( 'NONE', *, *, #10399, .F. ) ;
#6438 = EDGE_CURVE ( 'NONE', #8326, #10262, #3538, .T. ) ;
#6439 =( NAMED_UNIT ( * ) SI_UNIT ( $, .STERADIAN. ) SOLID_ANGLE_UNIT ( ) );
#6440 = CARTESIAN_POINT ( 'NONE',  ( 6.099999999999999645, 4.150000000000000355, 0.8199999999999999512 ) ) ;
#6441 = VERTEX_POINT ( 'NONE', #577 ) ;
#6442 = PLANE ( 'NONE',  #6711 ) ;
#6443 = SURFACE_STYLE_USAGE ( .BOTH. , #10371 ) ;
#6444 = PRESENTATION_STYLE_ASSIGNMENT (( #6507 ) ) ;
#6445 = ORIENTED_EDGE ( 'NONE', *, *, #8171, .F. ) ;
#6446 = STYLED_ITEM ( 'NONE', ( #6200 ), #1606 ) ;
#6447 = VERTEX_POINT ( 'NONE', #650 ) ;
#6448 = COLOUR_RGB ( '',0.9411764705882352811, 0.6274509803921568540, 0.05490196078431372473 ) ;
#6449 = DIRECTION ( 'NONE',  ( 0.000000000000000000, -1.000000000000000000, 0.000000000000000000 ) ) ;
#6450 = LINE ( 'NONE', #12783, #10045 ) ;
#6451 = ORIENTED_EDGE ( 'NONE', *, *, #11606, .F. ) ;
#6452 = ADVANCED_FACE ( 'NONE', ( #12951 ), #3724, .T. ) ;
#6453 = EDGE_CURVE ( 'NONE', #13058, #7856, #8159, .T. ) ;
#6454 = LINE ( 'NONE', #10581, #3987 ) ;
#6455 = MECHANICAL_DESIGN_GEOMETRIC_PRESENTATION_REPRESENTATION (  '', ( #11215 ), #6673 ) ;
#6456 = VERTEX_POINT ( 'NONE', #12130 ) ;
#6457 = DIRECTION ( 'NONE',  ( 0.000000000000000000, 0.000000000000000000, -1.000000000000000000 ) ) ;
#6458 = DIRECTION ( 'NONE',  ( -1.000000000000000000, -0.000000000000000000, -0.000000000000000000 ) ) ;
#6459 =( NAMED_UNIT ( * ) PLANE_ANGLE_UNIT ( ) SI_UNIT ( $, .RADIAN. ) );
#6460 = CARTESIAN_POINT ( 'NONE',  ( -6.099999999999999645, -2.850000000000000533, 0.000000000000000000 ) ) ;
#6461 = AXIS2_PLACEMENT_3D ( 'NONE', #1304, #7543, #1229 ) ;
#6462 =( NAMED_UNIT ( * ) PLANE_ANGLE_UNIT ( ) SI_UNIT ( $, .RADIAN. ) );
#6463 = LINE ( 'NONE', #7539, #10353 ) ;
#6464 = STYLED_ITEM ( 'NONE', ( #12851 ), #13039 ) ;
#6465 = VECTOR ( 'NONE', #10744, 1000.000000000000000 ) ;
#6466 = DIRECTION ( 'NONE',  ( -0.000000000000000000, 1.000000000000000000, -0.000000000000000000 ) ) ;
#6467 = ORIENTED_EDGE ( 'NONE', *, *, #12904, .F. ) ;
#6468 = VECTOR ( 'NONE', #4279, 1000.000000000000000 ) ;
#6469 = EDGE_CURVE ( 'NONE', #449, #10935, #8089, .T. ) ;
#6470 = PRESENTATION_STYLE_ASSIGNMENT (( #3331 ) ) ;
#6471 = AXIS2_PLACEMENT_3D ( 'NONE', #9384, #9457, #11556 ) ;
#6472 = DIRECTION ( 'NONE',  ( -1.000000000000000000, 0.000000000000000000, -0.000000000000000000 ) ) ;
#6473 = CARTESIAN_POINT ( 'NONE',  ( 6.099999999999999645, 5.050000000000000711, 0.000000000000000000 ) ) ;
#6474 =( NAMED_UNIT ( * ) SI_UNIT ( $, .STERADIAN. ) SOLID_ANGLE_UNIT ( ) );
#6475 = FILL_AREA_STYLE_COLOUR ( '', #5267 ) ;
#6476 = ORIENTED_EDGE ( 'NONE', *, *, #9806, .F. ) ;
#6477 = COLOUR_RGB ( '',0.9411764705882352811, 0.6274509803921568540, 0.05490196078431372473 ) ;
#6478 = EDGE_LOOP ( 'NONE', ( #1785, #3565, #12353, #12650 ) ) ;
#6479 = VERTEX_POINT ( 'NONE', #4129 ) ;
#6480 = PRESENTATION_LAYER_ASSIGNMENT (  '', '', ( #9929 ) ) ;
#6481 = SURFACE_SIDE_STYLE ('',( #372 ) ) ;
#6482 = VECTOR ( 'NONE', #6520, 1000.000000000000000 ) ;
#6483 = SURFACE_STYLE_USAGE ( .BOTH. , #2403 ) ;
#6484 = ADVANCED_FACE ( 'NONE', ( #4915 ), #12274, .T. ) ;
#6485 = SURFACE_STYLE_USAGE ( .BOTH. , #5271 ) ;
#6486 =( LENGTH_UNIT ( ) NAMED_UNIT ( * ) SI_UNIT ( .MILLI., .METRE. ) );
#6487 = ORIENTED_EDGE ( 'NONE', *, *, #2951, .F. ) ;
#6488 = DIRECTION ( 'NONE',  ( 1.000000000000000000, -0.000000000000000000, -0.000000000000000000 ) ) ;
#6489 = CARTESIAN_POINT ( 'NONE',  ( -5.299999999999998934, 3.250000000000000444, 0.8199999999999999512 ) ) ;
#6490 = ORIENTED_EDGE ( 'NONE', *, *, #1745, .F. ) ;
#6491 = FILL_AREA_STYLE_COLOUR ( '', #2573 ) ;
#6492 = PRESENTATION_LAYER_ASSIGNMENT (  '', '', ( #4987 ) ) ;
#6493 = DIRECTION ( 'NONE',  ( -0.000000000000000000, 1.000000000000000000, -0.000000000000000000 ) ) ;
#6494 = LINE ( 'NONE', #12435, #8155 ) ;
#6495 = PRESENTATION_LAYER_ASSIGNMENT (  '', '', ( #2876 ) ) ;
#6496 = DIRECTION ( 'NONE',  ( 0.000000000000000000, 1.000000000000000000, 0.000000000000000000 ) ) ;
#6497 = ADVANCED_FACE ( 'NONE', ( #1847 ), #925, .F. ) ;
#6498 = EDGE_LOOP ( 'NONE', ( #10872, #11179, #12342, #2670, #2962, #8774, #9869 ) ) ;
#6499 = LINE ( 'NONE', #3495, #12652 ) ;
#6500 = ORIENTED_EDGE ( 'NONE', *, *, #1284, .F. ) ;
#6501 = LINE ( 'NONE', #8254, #10451 ) ;
#6502 = ADVANCED_FACE ( 'NONE', ( #161 ), #231, .F. ) ;
#6503 = VERTEX_POINT ( 'NONE', #1305 ) ;
#6504 = LINE ( 'NONE', #11448, #3505 ) ;
#6505 =( LENGTH_UNIT ( ) NAMED_UNIT ( * ) SI_UNIT ( .MILLI., .METRE. ) );
#6506 = DIRECTION ( 'NONE',  ( 0.000000000000000000, 0.000000000000000000, -1.000000000000000000 ) ) ;
#6507 = SURFACE_STYLE_USAGE ( .BOTH. , #12382 ) ;
#6508 = ORIENTED_EDGE ( 'NONE', *, *, #351, .T. ) ;
#6509 =( GEOMETRIC_REPRESENTATION_CONTEXT ( 3 ) GLOBAL_UNCERTAINTY_ASSIGNED_CONTEXT ( ( #12888 ) ) GLOBAL_UNIT_ASSIGNED_CONTEXT ( ( #12210, #7142, #7074 ) ) REPRESENTATION_CONTEXT ( 'NONE', 'WORKASPACE' ) );
#6510 = DIRECTION ( 'NONE',  ( 0.000000000000000000, 0.000000000000000000, -1.000000000000000000 ) ) ;
#6511 = AXIS2_PLACEMENT_3D ( 'NONE', #13067, #5859, #11922 ) ;
#6512 = UNCERTAINTY_MEASURE_WITH_UNIT (LENGTH_MEASURE( 1.000000000000000082E-05 ), #11876, 'distance_accuracy_value', 'NONE');
#6513 = AXIS2_PLACEMENT_3D ( 'NONE', #4216, #6160, #7240 ) ;
#6514 = FILL_AREA_STYLE_COLOUR ( '', #11559 ) ;
#6515 = CARTESIAN_POINT ( 'NONE',  ( -6.099999999999999645, -5.650000000000000355, 0.8199999999999999512 ) ) ;
#6516 = ORIENTED_EDGE ( 'NONE', *, *, #2143, .F. ) ;
#6517 = FACE_OUTER_BOUND ( 'NONE', #5600, .T. ) ;
#6518 = EDGE_CURVE ( 'NONE', #5838, #3267, #6255, .T. ) ;
#6519 = VERTEX_POINT ( 'NONE', #11336 ) ;
#6520 = DIRECTION ( 'NONE',  ( 1.626303258728256651E-16, -1.000000000000000000, 0.000000000000000000 ) ) ;
#6521 = DIRECTION ( 'NONE',  ( 0.000000000000000000, 0.000000000000000000, -1.000000000000000000 ) ) ;
#6522 = FILL_AREA_STYLE_COLOUR ( '', #4478 ) ;
#6523 = COLOUR_RGB ( '',0.9411764705882352811, 0.6274509803921568540, 0.05490196078431372473 ) ;
#6524 =( NAMED_UNIT ( * ) PLANE_ANGLE_UNIT ( ) SI_UNIT ( $, .RADIAN. ) );
#6525 = EDGE_CURVE ( 'NONE', #4468, #9439, #3193, .T. ) ;
#6526 = EDGE_CURVE ( 'NONE', #10529, #8384, #5257, .T. ) ;
#6527 = UNCERTAINTY_MEASURE_WITH_UNIT (LENGTH_MEASURE( 1.000000000000000082E-05 ), #6015, 'distance_accuracy_value', 'NONE');
#6528 = LINE ( 'NONE', #358, #2618 ) ;
#6529 = ORIENTED_EDGE ( 'NONE', *, *, #13183, .T. ) ;
#6530 = CARTESIAN_POINT ( 'NONE',  ( 6.099999999999999645, 8.000000000000000000, 0.000000000000000000 ) ) ;
#6531 = CARTESIAN_POINT ( 'NONE',  ( 6.099999999999999645, -2.850000000000000533, 0.000000000000000000 ) ) ;
#6532 = SURFACE_STYLE_FILL_AREA ( #2454 ) ;
#6533 = PLANE ( 'NONE',  #6351 ) ;
#6534 = CARTESIAN_POINT ( 'NONE',  ( 6.099999999999999645, 2.149999999999999911, 0.000000000000000000 ) ) ;
#6535 = ORIENTED_EDGE ( 'NONE', *, *, #2195, .F. ) ;
#6536 =( LENGTH_UNIT ( ) NAMED_UNIT ( * ) SI_UNIT ( .MILLI., .METRE. ) );
#6537 = CARTESIAN_POINT ( 'NONE',  ( 5.299999999999998934, 0.04999999999999969746, 0.8199999999999999512 ) ) ;
#6538 = EDGE_CURVE ( 'NONE', #9677, #3352, #4243, .T. ) ;
#6539 = PRESENTATION_STYLE_ASSIGNMENT (( #1510 ) ) ;
#6540 = DIRECTION ( 'NONE',  ( 0.000000000000000000, 0.000000000000000000, -1.000000000000000000 ) ) ;
#6541 = SURFACE_STYLE_USAGE ( .BOTH. , #3402 ) ;
#6542 = DIRECTION ( 'NONE',  ( -0.000000000000000000, 1.000000000000000000, -0.000000000000000000 ) ) ;
#6543 = PRESENTATION_STYLE_ASSIGNMENT (( #2468 ) ) ;
#6544 = LINE ( 'NONE', #6278, #12838 ) ;
#6545 = FILL_AREA_STYLE_COLOUR ( '', #201 ) ;
#6546 = EDGE_LOOP ( 'NONE', ( #207, #12451, #13122, #10221 ) ) ;
#6547 = SURFACE_STYLE_FILL_AREA ( #2537 ) ;
#6548 = VECTOR ( 'NONE', #10241, 1000.000000000000000 ) ;
#6549 = PLANE ( 'NONE',  #6471 ) ;
#6550 = AXIS2_PLACEMENT_3D ( 'NONE', #11603, #8358, #8548 ) ;
#6551 =( NAMED_UNIT ( * ) PLANE_ANGLE_UNIT ( ) SI_UNIT ( $, .RADIAN. ) );
#6552 = EDGE_CURVE ( 'NONE', #3441, #3935, #12549, .T. ) ;
#6553 = UNCERTAINTY_MEASURE_WITH_UNIT (LENGTH_MEASURE( 1.000000000000000082E-05 ), #7813, 'distance_accuracy_value', 'NONE');
#6554 = ORIENTED_EDGE ( 'NONE', *, *, #10165, .T. ) ;
#6555 = LINE ( 'NONE', #10683, #6804 ) ;
#6556 = FILL_AREA_STYLE_COLOUR ( '', #4877 ) ;
#6557 = CARTESIAN_POINT ( 'NONE',  ( 6.099999999999999645, 3.449999999999999734, 0.8199999999999999512 ) ) ;
#6558 = CARTESIAN_POINT ( 'NONE',  ( 6.099999999999999645, -3.050000000000000266, 0.8199999999999999512 ) ) ;
#6559 =( GEOMETRIC_REPRESENTATION_CONTEXT ( 3 ) GLOBAL_UNCERTAINTY_ASSIGNED_CONTEXT ( ( #12477 ) ) GLOBAL_UNIT_ASSIGNED_CONTEXT ( ( #7125, #8944, #9091 ) ) REPRESENTATION_CONTEXT ( 'NONE', 'WORKASPACE' ) );
#6560 = ORIENTED_EDGE ( 'NONE', *, *, #1016, .F. ) ;
#6561 =( NAMED_UNIT ( * ) PLANE_ANGLE_UNIT ( ) SI_UNIT ( $, .RADIAN. ) );
#6562 = ORIENTED_EDGE ( 'NONE', *, *, #9681, .T. ) ;
#6563 = LINE ( 'NONE', #11763, #1794 ) ;
#6564 = FACE_OUTER_BOUND ( 'NONE', #1283, .T. ) ;
#6565 = DIRECTION ( 'NONE',  ( 0.000000000000000000, -0.000000000000000000, 1.000000000000000000 ) ) ;
#6566 = CARTESIAN_POINT ( 'NONE',  ( -5.299999999999998934, 3.250000000000000444, 0.8199999999999999512 ) ) ;
#6567 = EDGE_LOOP ( 'NONE', ( #1251, #4798, #6328, #659 ) ) ;
#6568 = CARTESIAN_POINT ( 'NONE',  ( 6.099999999999999645, -2.600000000000000533, 0.000000000000000000 ) ) ;
#6569 = ADVANCED_FACE ( 'NONE', ( #11475 ), #7407, .T. ) ;
#6570 = VECTOR ( 'NONE', #5236, 1000.000000000000000 ) ;
#6571 = PLANE ( 'NONE',  #12169 ) ;
#6572 = SURFACE_SIDE_STYLE ('',( #8592 ) ) ;
#6573 = CARTESIAN_POINT ( 'NONE',  ( 5.299999999999998934, -1.050000000000000266, 0.8199999999999999512 ) ) ;
#6574 = VECTOR ( 'NONE', #2756, 1000.000000000000000 ) ;
#6575 = EDGE_LOOP ( 'NONE', ( #12489, #10485, #8725, #9631 ) ) ;
#6576 = DIRECTION ( 'NONE',  ( -1.000000000000000000, 0.000000000000000000, -0.000000000000000000 ) ) ;
#6577 = ORIENTED_EDGE ( 'NONE', *, *, #3354, .T. ) ;
#6578 = MECHANICAL_DESIGN_GEOMETRIC_PRESENTATION_REPRESENTATION (  '', ( #4215 ), #5507 ) ;
#6579 = FACE_OUTER_BOUND ( 'NONE', #4771, .T. ) ;
#6580 = CARTESIAN_POINT ( 'NONE',  ( -6.099999999999999645, -5.250000000000000000, 0.8199999999999999512 ) ) ;
#6581 = DIRECTION ( 'NONE',  ( -1.000000000000000000, 0.000000000000000000, -0.000000000000000000 ) ) ;
#6582 = SURFACE_STYLE_FILL_AREA ( #10645 ) ;
#6583 =( GEOMETRIC_REPRESENTATION_CONTEXT ( 3 ) GLOBAL_UNCERTAINTY_ASSIGNED_CONTEXT ( ( #3454 ) ) GLOBAL_UNIT_ASSIGNED_CONTEXT ( ( #7303, #3353, #6354 ) ) REPRESENTATION_CONTEXT ( 'NONE', 'WORKASPACE' ) );
#6584 = EDGE_CURVE ( 'NONE', #10161, #7480, #1626, .T. ) ;
#6585 = CARTESIAN_POINT ( 'NONE',  ( 6.099999999999999645, 7.450000000000000178, 0.8199999999999999512 ) ) ;
#6586 = ADVANCED_FACE ( 'NONE', ( #4770 ), #2657, .F. ) ;
#6587 = PRESENTATION_LAYER_ASSIGNMENT (  '', '', ( #1885 ) ) ;
#6588 = CARTESIAN_POINT ( 'NONE',  ( 5.299999999999998934, -5.450000000000001066, 0.000000000000000000 ) ) ;
#6589 = VERTEX_POINT ( 'NONE', #6531 ) ;
#6590 = CARTESIAN_POINT ( 'NONE',  ( -4.499999999999998224, -6.500000000000000000, 0.8199999999999999512 ) ) ;
#6591 = CARTESIAN_POINT ( 'NONE',  ( -5.299999999999998934, -3.050000000000000266, 0.8199999999999999512 ) ) ;
#6592 =( NAMED_UNIT ( * ) SI_UNIT ( $, .STERADIAN. ) SOLID_ANGLE_UNIT ( ) );
#6593 = LINE ( 'NONE', #12741, #3900 ) ;
#6594 = LINE ( 'NONE', #1501, #3783 ) ;
#6595 = CARTESIAN_POINT ( 'NONE',  ( 5.849999999999999645, -3.700000000000000178, 0.000000000000000000 ) ) ;
#6596 = EDGE_CURVE ( 'NONE', #7332, #4318, #8808, .T. ) ;
#6597 = ORIENTED_EDGE ( 'NONE', *, *, #7342, .T. ) ;
#6599 = COLOUR_RGB ( '',0.9411764705882352811, 0.6274509803921568540, 0.05490196078431372473 ) ;
#6598 = CARTESIAN_POINT ( 'NONE',  ( 6.099999999999999645, 5.249999999999999112, 0.000000000000000000 ) ) ;
#6600 =( GEOMETRIC_REPRESENTATION_CONTEXT ( 3 ) GLOBAL_UNCERTAINTY_ASSIGNED_CONTEXT ( ( #11098 ) ) GLOBAL_UNIT_ASSIGNED_CONTEXT ( ( #1547, #11960, #2759 ) ) REPRESENTATION_CONTEXT ( 'NONE', 'WORKASPACE' ) );
#6601 = VERTEX_POINT ( 'NONE', #430 ) ;
#6602 = ORIENTED_EDGE ( 'NONE', *, *, #12643, .T. ) ;
#6603 = FILL_AREA_STYLE ('',( #4638 ) ) ;
#6604 = MECHANICAL_DESIGN_GEOMETRIC_PRESENTATION_REPRESENTATION (  '', ( #836 ), #3194 ) ;
#6605 = SURFACE_SIDE_STYLE ('',( #12753 ) ) ;
#6606 = VECTOR ( 'NONE', #6764, 1000.000000000000000 ) ;
#6607 = CYLINDRICAL_SURFACE ( 'NONE', #8817, 0.2500000000000002220 ) ;
#6608 = LINE ( 'NONE', #2465, #6630 ) ;
#6609 = SURFACE_SIDE_STYLE ('',( #9726 ) ) ;
#6610 = ORIENTED_EDGE ( 'NONE', *, *, #10776, .T. ) ;
#6611 = PRESENTATION_LAYER_ASSIGNMENT (  '', '', ( #11360 ) ) ;
#6612 = PRESENTATION_STYLE_ASSIGNMENT (( #1515 ) ) ;
#6613 = ADVANCED_FACE ( 'NONE', ( #1498 ), #7545, .T. ) ;
#6614 = FILL_AREA_STYLE ('',( #6545 ) ) ;
#6615 = VERTEX_POINT ( 'NONE', #12935 ) ;
#6616 = SURFACE_STYLE_USAGE ( .BOTH. , #8830 ) ;
#6617 =( NAMED_UNIT ( * ) SI_UNIT ( $, .STERADIAN. ) SOLID_ANGLE_UNIT ( ) );
#6618 = LINE ( 'NONE', #2736, #4456 ) ;
#6619 = STYLED_ITEM ( 'NONE', ( #10210 ), #6230 ) ;
#6620 = COLOUR_RGB ( '',0.9411764705882352811, 0.6274509803921568540, 0.05490196078431372473 ) ;
#6621 =( LENGTH_UNIT ( ) NAMED_UNIT ( * ) SI_UNIT ( .MILLI., .METRE. ) );
#6622 = PRESENTATION_LAYER_ASSIGNMENT (  '', '', ( #1912 ) ) ;
#6623 = COLOUR_RGB ( '',0.9411764705882352811, 0.6274509803921568540, 0.05490196078431372473 ) ;
#6624 = PRESENTATION_LAYER_ASSIGNMENT (  '', '', ( #2995 ) ) ;
#6625 = ORIENTED_EDGE ( 'NONE', *, *, #783, .F. ) ;
#6626 = CARTESIAN_POINT ( 'NONE',  ( -5.299999999999998934, 2.149999999999999911, 0.000000000000000000 ) ) ;
#6627 = PLANE ( 'NONE',  #4244 ) ;
#6628 =( NAMED_UNIT ( * ) SI_UNIT ( $, .STERADIAN. ) SOLID_ANGLE_UNIT ( ) );
#6629 = DIRECTION ( 'NONE',  ( 0.000000000000000000, 0.000000000000000000, -1.000000000000000000 ) ) ;
#6630 = VECTOR ( 'NONE', #6542, 1000.000000000000000 ) ;
#6631 = MECHANICAL_DESIGN_GEOMETRIC_PRESENTATION_REPRESENTATION (  '', ( #10949 ), #10077 ) ;
#6632 = ORIENTED_EDGE ( 'NONE', *, *, #6469, .T. ) ;
#6633 = CARTESIAN_POINT ( 'NONE',  ( 6.099999999999999645, -0.8500000000000000888, 0.8199999999999999512 ) ) ;
#6634 = EDGE_CURVE ( 'NONE', #9544, #8583, #4571, .T. ) ;
#6635 = EDGE_LOOP ( 'NONE', ( #11465, #6664, #5869, #10650 ) ) ;
#6636 = VECTOR ( 'NONE', #3449, 1000.000000000000000 ) ;
#6637 = DIRECTION ( 'NONE',  ( 0.000000000000000000, -1.000000000000000000, 0.000000000000000000 ) ) ;
#6638 = LINE ( 'NONE', #9603, #8696 ) ;
#6639 =( NAMED_UNIT ( * ) SI_UNIT ( $, .STERADIAN. ) SOLID_ANGLE_UNIT ( ) );
#6640 = ORIENTED_EDGE ( 'NONE', *, *, #959, .F. ) ;
#6641 = FILL_AREA_STYLE_COLOUR ( '', #49 ) ;
#6642 = CARTESIAN_POINT ( 'NONE',  ( -5.299999999999998934, -0.8500000000000000888, 0.000000000000000000 ) ) ;
#6643 =( GEOMETRIC_REPRESENTATION_CONTEXT ( 3 ) GLOBAL_UNCERTAINTY_ASSIGNED_CONTEXT ( ( #5037 ) ) GLOBAL_UNIT_ASSIGNED_CONTEXT ( ( #3919, #8874, #5981 ) ) REPRESENTATION_CONTEXT ( 'NONE', 'WORKASPACE' ) );
#6644 =( GEOMETRIC_REPRESENTATION_CONTEXT ( 3 ) GLOBAL_UNCERTAINTY_ASSIGNED_CONTEXT ( ( #4536 ) ) GLOBAL_UNIT_ASSIGNED_CONTEXT ( ( #674, #6386, #4750 ) ) REPRESENTATION_CONTEXT ( 'NONE', 'WORKASPACE' ) );
#6645 = PLANE ( 'NONE',  #11108 ) ;
#6646 = UNCERTAINTY_MEASURE_WITH_UNIT (LENGTH_MEASURE( 1.000000000000000082E-05 ), #1629, 'distance_accuracy_value', 'NONE');
#6647 = CARTESIAN_POINT ( 'NONE',  ( -6.099999999999999645, -4.150000000000000355, 0.8199999999999999512 ) ) ;
#6648 =( NAMED_UNIT ( * ) PLANE_ANGLE_UNIT ( ) SI_UNIT ( $, .RADIAN. ) );
#6649 = ORIENTED_EDGE ( 'NONE', *, *, #3209, .T. ) ;
#6650 = ADVANCED_FACE ( 'NONE', ( #11725 ), #12740, .T. ) ;
#6651 = FACE_OUTER_BOUND ( 'NONE', #521, .T. ) ;
#6652 =( NAMED_UNIT ( * ) SI_UNIT ( $, .STERADIAN. ) SOLID_ANGLE_UNIT ( ) );
#6653 = ORIENTED_EDGE ( 'NONE', *, *, #7647, .T. ) ;
#6654 = FILL_AREA_STYLE ('',( #4611 ) ) ;
#6655 = VECTOR ( 'NONE', #5213, 1000.000000000000000 ) ;
#6656 = SURFACE_SIDE_STYLE ('',( #2568 ) ) ;
#6657 = FACE_OUTER_BOUND ( 'NONE', #1060, .T. ) ;
#6658 = EDGE_CURVE ( 'NONE', #11365, #9246, #13260, .T. ) ;
#6659 = VECTOR ( 'NONE', #6347, 1000.000000000000000 ) ;
#6660 = FACE_OUTER_BOUND ( 'NONE', #11412, .T. ) ;
#6661 = STYLED_ITEM ( 'NONE', ( #10535 ), #758 ) ;
#6662 = UNCERTAINTY_MEASURE_WITH_UNIT (LENGTH_MEASURE( 1.000000000000000082E-05 ), #4824, 'distance_accuracy_value', 'NONE');
#6663 = LINE ( 'NONE', #9555, #6031 ) ;
#6664 = ORIENTED_EDGE ( 'NONE', *, *, #11292, .F. ) ;
#6665 = LINE ( 'NONE', #4626, #3688 ) ;
#6666 = FACE_OUTER_BOUND ( 'NONE', #6963, .T. ) ;
#6667 = SURFACE_STYLE_USAGE ( .BOTH. , #7667 ) ;
#6668 = DIRECTION ( 'NONE',  ( 1.000000000000000000, 0.000000000000000000, 0.000000000000000000 ) ) ;
#6669 =( GEOMETRIC_REPRESENTATION_CONTEXT ( 3 ) GLOBAL_UNCERTAINTY_ASSIGNED_CONTEXT ( ( #11789 ) ) GLOBAL_UNIT_ASSIGNED_CONTEXT ( ( #3266, #2313, #7133 ) ) REPRESENTATION_CONTEXT ( 'NONE', 'WORKASPACE' ) );
#6670 =( LENGTH_UNIT ( ) NAMED_UNIT ( * ) SI_UNIT ( .MILLI., .METRE. ) );
#6671 = EDGE_LOOP ( 'NONE', ( #4881, #12554, #3345, #11906 ) ) ;
#6672 = ORIENTED_EDGE ( 'NONE', *, *, #3226, .F. ) ;
#6673 =( GEOMETRIC_REPRESENTATION_CONTEXT ( 3 ) GLOBAL_UNCERTAINTY_ASSIGNED_CONTEXT ( ( #3210 ) ) GLOBAL_UNIT_ASSIGNED_CONTEXT ( ( #5051, #11924, #7814 ) ) REPRESENTATION_CONTEXT ( 'NONE', 'WORKASPACE' ) );
#6674 = AXIS2_PLACEMENT_3D ( 'NONE', #7758, #4917, #5733 ) ;
#6675 = LINE ( 'NONE', #5663, #6028 ) ;
#6676 = MECHANICAL_DESIGN_GEOMETRIC_PRESENTATION_REPRESENTATION (  '', ( #11855 ), #5822 ) ;
#6677 = PRESENTATION_STYLE_ASSIGNMENT (( #6483 ) ) ;
#6678 = FILL_AREA_STYLE_COLOUR ( '', #6620 ) ;
#6679 = PLANE ( 'NONE',  #4105 ) ;
#6680 = DIRECTION ( 'NONE',  ( 0.000000000000000000, 0.000000000000000000, -1.000000000000000000 ) ) ;
#6681 = CARTESIAN_POINT ( 'NONE',  ( 6.099999999999999645, -5.450000000000001066, 0.8199999999999999512 ) ) ;
#6682 = STYLED_ITEM ( 'NONE', ( #10987 ), #13172 ) ;
#6683 = COLOUR_RGB ( '',0.9411764705882352811, 0.6274509803921568540, 0.05490196078431372473 ) ;
#6684 = SURFACE_STYLE_USAGE ( .BOTH. , #9851 ) ;
#6685 = FACE_OUTER_BOUND ( 'NONE', #6720, .T. ) ;
#6686 = EDGE_CURVE ( 'NONE', #2, #3557, #12186, .T. ) ;
#6687 = CARTESIAN_POINT ( 'NONE',  ( -6.099999999999999645, -6.550000000000000711, 0.8199999999999999512 ) ) ;
#6688 = EDGE_LOOP ( 'NONE', ( #5204, #11616, #12679, #10779, #11689, #5614, #1517 ) ) ;
#6689 = FILL_AREA_STYLE ('',( #2605 ) ) ;
#6690 =( GEOMETRIC_REPRESENTATION_CONTEXT ( 3 ) GLOBAL_UNCERTAINTY_ASSIGNED_CONTEXT ( ( #5708 ) ) GLOBAL_UNIT_ASSIGNED_CONTEXT ( ( #8580, #8841, #5546 ) ) REPRESENTATION_CONTEXT ( 'NONE', 'WORKASPACE' ) );
#6691 = VECTOR ( 'NONE', #8314, 1000.000000000000000 ) ;
#6692 =( NAMED_UNIT ( * ) PLANE_ANGLE_UNIT ( ) SI_UNIT ( $, .RADIAN. ) );
#6693 = FACE_OUTER_BOUND ( 'NONE', #12952, .T. ) ;
#6694 = PRESENTATION_LAYER_ASSIGNMENT (  '', '', ( #12940 ) ) ;
#6695 = COLOUR_RGB ( '',0.9411764705882352811, 0.6274509803921568540, 0.05490196078431372473 ) ;
#6696 = EDGE_CURVE ( 'NONE', #10831, #10071, #9147, .T. ) ;
#6697 = ADVANCED_FACE ( 'NONE', ( #11976 ), #1770, .T. ) ;
#6698 = ORIENTED_EDGE ( 'NONE', *, *, #4500, .F. ) ;
#6699 = COLOUR_RGB ( '',0.000000000000000000, 1.000000000000000000, 0.000000000000000000 ) ;
#6700 = FILL_AREA_STYLE_COLOUR ( '', #2179 ) ;
#6701 =( NAMED_UNIT ( * ) SI_UNIT ( $, .STERADIAN. ) SOLID_ANGLE_UNIT ( ) );
#6702 = ORIENTED_EDGE ( 'NONE', *, *, #6950, .T. ) ;
#6703 = DIRECTION ( 'NONE',  ( 0.000000000000000000, 0.000000000000000000, -1.000000000000000000 ) ) ;
#6704 = ORIENTED_EDGE ( 'NONE', *, *, #1705, .F. ) ;
#6705 = FILL_AREA_STYLE ('',( #2621 ) ) ;
#6706 = DIRECTION ( 'NONE',  ( 0.000000000000000000, 0.000000000000000000, 1.000000000000000000 ) ) ;
#6707 = DIRECTION ( 'NONE',  ( -0.000000000000000000, 0.000000000000000000, 1.000000000000000000 ) ) ;
#6708 = ORIENTED_EDGE ( 'NONE', *, *, #6995, .F. ) ;
#6709 = DIRECTION ( 'NONE',  ( -0.000000000000000000, 1.000000000000000000, 0.000000000000000000 ) ) ;
#6710 = PLANE ( 'NONE',  #6011 ) ;
#6711 = AXIS2_PLACEMENT_3D ( 'NONE', #1273, #5360, #9469 ) ;
#6712 = EDGE_CURVE ( 'NONE', #3557, #1046, #10030, .T. ) ;
#6713 = PRESENTATION_LAYER_ASSIGNMENT (  '', '', ( #7785 ) ) ;
#6714 = SURFACE_SIDE_STYLE ('',( #6842 ) ) ;
#6715 = CARTESIAN_POINT ( 'NONE',  ( -6.099999999999998757, 3.049999999999999822, 0.000000000000000000 ) ) ;
#6716 = DIRECTION ( 'NONE',  ( -1.000000000000000000, 0.000000000000000000, 0.000000000000000000 ) ) ;
#6717 = ORIENTED_EDGE ( 'NONE', *, *, #8401, .T. ) ;
#6718 = PRESENTATION_STYLE_ASSIGNMENT (( #9885 ) ) ;
#6719 = CARTESIAN_POINT ( 'NONE',  ( 6.099999999999999645, 8.000000000000000000, 0.8199999999999999512 ) ) ;
#6720 = EDGE_LOOP ( 'NONE', ( #5340, #3617, #9758, #489 ) ) ;
#6721 = PLANE ( 'NONE',  #10804 ) ;
#6722 = DIRECTION ( 'NONE',  ( 0.000000000000000000, 0.000000000000000000, -1.000000000000000000 ) ) ;
#6723 = FILL_AREA_STYLE_COLOUR ( '', #7059 ) ;
#6724 = VECTOR ( 'NONE', #8882, 1000.000000000000000 ) ;
#6725 = CARTESIAN_POINT ( 'NONE',  ( -6.099999999999999645, -1.750000000000000444, 0.8199999999999999512 ) ) ;
#6726 = ORIENTED_EDGE ( 'NONE', *, *, #9343, .T. ) ;
#6727 = DIRECTION ( 'NONE',  ( -0.000000000000000000, 1.000000000000000000, -0.000000000000000000 ) ) ;
#6728 = EDGE_CURVE ( 'NONE', #7425, #2253, #13061, .T. ) ;
#6729 = SURFACE_STYLE_FILL_AREA ( #2779 ) ;
#6730 = AXIS2_PLACEMENT_3D ( 'NONE', #12691, #9919, #7558 ) ;
#6731 = CARTESIAN_POINT ( 'NONE',  ( -5.299999999999998934, 0.04999999999999969746, 0.000000000000000000 ) ) ;
#6732 = ORIENTED_EDGE ( 'NONE', *, *, #5857, .T. ) ;
#6733 = CARTESIAN_POINT ( 'NONE',  ( -6.099999999999999645, 5.249999999999999112, 0.8199999999999999512 ) ) ;
#6734 =( NAMED_UNIT ( * ) SI_UNIT ( $, .STERADIAN. ) SOLID_ANGLE_UNIT ( ) );
#6735 = ORIENTED_EDGE ( 'NONE', *, *, #8730, .T. ) ;
#6736 = CARTESIAN_POINT ( 'NONE',  ( 0.000000000000000000, 0.000000000000000000, 0.000000000000000000 ) ) ;
#6737 = DIRECTION ( 'NONE',  ( 0.000000000000000000, 0.000000000000000000, -1.000000000000000000 ) ) ;
#6738 = LINE ( 'NONE', #2714, #8510 ) ;
#6739 = DIRECTION ( 'NONE',  ( 0.000000000000000000, -1.000000000000000000, 0.000000000000000000 ) ) ;
#6740 = VECTOR ( 'NONE', #3169, 1000.000000000000000 ) ;
#6741 = ORIENTED_EDGE ( 'NONE', *, *, #2061, .F. ) ;
#6742 = FILL_AREA_STYLE ('',( #2664 ) ) ;
#6743 = DIRECTION ( 'NONE',  ( 0.000000000000000000, 0.000000000000000000, -1.000000000000000000 ) ) ;
#6744 = EDGE_CURVE ( 'NONE', #1269, #4932, #1829, .T. ) ;
#6745 = PLANE ( 'NONE',  #6232 ) ;
#6746 =( NAMED_UNIT ( * ) PLANE_ANGLE_UNIT ( ) SI_UNIT ( $, .RADIAN. ) );
#6747 = CARTESIAN_POINT ( 'NONE',  ( -6.099999999999999645, 4.800000000000000711, 0.000000000000000000 ) ) ;
#6748 = CARTESIAN_POINT ( 'NONE',  ( -6.099999999999999645, -0.8500000000000000888, 0.8199999999999999512 ) ) ;
#6749 = CARTESIAN_POINT ( 'NONE',  ( -3.999999999999998224, -8.006416042969876091E-16, 1.900000000000000133 ) ) ;
#6750 = EDGE_LOOP ( 'NONE', ( #11089, #12322, #8938, #1821 ) ) ;
#6751 = PRESENTATION_STYLE_ASSIGNMENT (( #6684 ) ) ;
#6752 =( LENGTH_UNIT ( ) NAMED_UNIT ( * ) SI_UNIT ( .MILLI., .METRE. ) );
#6753 = LINE ( 'NONE', #10183, #2793 ) ;
#6754 = VERTEX_POINT ( 'NONE', #3841 ) ;
#6755 = DIRECTION ( 'NONE',  ( -0.000000000000000000, 1.000000000000000000, -0.000000000000000000 ) ) ;
#6756 = PRESENTATION_STYLE_ASSIGNMENT (( #4591 ) ) ;
#6757 = SURFACE_STYLE_FILL_AREA ( #12887 ) ;
#6758 = EDGE_CURVE ( 'NONE', #2477, #7824, #12260, .T. ) ;
#6759 = EDGE_CURVE ( 'NONE', #4932, #8266, #6050, .T. ) ;
#6760 = VERTEX_POINT ( 'NONE', #9014 ) ;
#6761 =( NAMED_UNIT ( * ) SI_UNIT ( $, .STERADIAN. ) SOLID_ANGLE_UNIT ( ) );
#6762 = PRESENTATION_STYLE_ASSIGNMENT (( #5943 ) ) ;
#6763 = SURFACE_STYLE_FILL_AREA ( #534 ) ;
#6764 = DIRECTION ( 'NONE',  ( 0.000000000000000000, -1.000000000000000000, 0.000000000000000000 ) ) ;
#6765 = ORIENTED_EDGE ( 'NONE', *, *, #12094, .T. ) ;
#6766 = DIRECTION ( 'NONE',  ( 0.000000000000000000, 0.000000000000000000, -1.000000000000000000 ) ) ;
#6767 = ORIENTED_EDGE ( 'NONE', *, *, #5712, .T. ) ;
#6768 = SURFACE_STYLE_FILL_AREA ( #2690 ) ;
#6769 = DIRECTION ( 'NONE',  ( 0.000000000000000000, 0.000000000000000000, -1.000000000000000000 ) ) ;
#6770 = FILL_AREA_STYLE_COLOUR ( '', #1047 ) ;
#6772 = ADVANCED_FACE ( 'NONE', ( #8014 ), #12119, .F. ) ;
#6771 = ORIENTED_EDGE ( 'NONE', *, *, #8866, .T. ) ;
#6773 = DIRECTION ( 'NONE',  ( 0.000000000000000000, 0.000000000000000000, 1.000000000000000000 ) ) ;
#6774 = EDGE_CURVE ( 'NONE', #2906, #994, #3978, .T. ) ;
#6775 = PRESENTATION_LAYER_ASSIGNMENT (  '', '', ( #140 ) ) ;
#6776 =( GEOMETRIC_REPRESENTATION_CONTEXT ( 3 ) GLOBAL_UNCERTAINTY_ASSIGNED_CONTEXT ( ( #4783 ) ) GLOBAL_UNIT_ASSIGNED_CONTEXT ( ( #4443, #364, #12617 ) ) REPRESENTATION_CONTEXT ( 'NONE', 'WORKASPACE' ) );
#6777 = UNCERTAINTY_MEASURE_WITH_UNIT (LENGTH_MEASURE( 1.000000000000000082E-05 ), #168, 'distance_accuracy_value', 'NONE');
#6778 = CARTESIAN_POINT ( 'NONE',  ( -6.099999999999999645, -1.950000000000000178, 0.8199999999999999512 ) ) ;
#6779 = ORIENTED_EDGE ( 'NONE', *, *, #2783, .F. ) ;
#6780 = PLANE ( 'NONE',  #4192 ) ;
#6781 = CARTESIAN_POINT ( 'NONE',  ( -6.099999999999999645, 8.000000000000000000, 0.000000000000000000 ) ) ;
#6782 = EDGE_LOOP ( 'NONE', ( #4986, #7991, #6529, #12296, #7294, #6353 ) ) ;
#6783 = CARTESIAN_POINT ( 'NONE',  ( 6.099999999999999645, -5.450000000000001066, 0.000000000000000000 ) ) ;
#6784 = CYLINDRICAL_SURFACE ( 'NONE', #11663, 0.2500000000000002220 ) ;
#6785 = DIRECTION ( 'NONE',  ( 1.000000000000000000, -0.000000000000000000, -0.000000000000000000 ) ) ;
#6786 = EDGE_CURVE ( 'NONE', #11293, #9942, #5995, .T. ) ;
#6787 =( GEOMETRIC_REPRESENTATION_CONTEXT ( 3 ) GLOBAL_UNCERTAINTY_ASSIGNED_CONTEXT ( ( #2244 ) ) GLOBAL_UNIT_ASSIGNED_CONTEXT ( ( #6125, #7139, #164 ) ) REPRESENTATION_CONTEXT ( 'NONE', 'WORKASPACE' ) );
#6788 = FILL_AREA_STYLE_COLOUR ( '', #2032 ) ;
#6789 = SURFACE_STYLE_FILL_AREA ( #4970 ) ;
#6790 = CARTESIAN_POINT ( 'NONE',  ( -6.099999999999999645, 5.450000000000000178, 0.8199999999999999512 ) ) ;
#6791 = UNCERTAINTY_MEASURE_WITH_UNIT (LENGTH_MEASURE( 1.000000000000000082E-05 ), #5333, 'distance_accuracy_value', 'NONE');
#6792 =( GEOMETRIC_REPRESENTATION_CONTEXT ( 3 ) GLOBAL_UNCERTAINTY_ASSIGNED_CONTEXT ( ( #5053 ) ) GLOBAL_UNIT_ASSIGNED_CONTEXT ( ( #5790, #13064, #8811 ) ) REPRESENTATION_CONTEXT ( 'NONE', 'WORKASPACE' ) );
#6793 = STYLED_ITEM ( 'NONE', ( #8461 ), #8006 ) ;
#6794 =( NAMED_UNIT ( * ) SI_UNIT ( $, .STERADIAN. ) SOLID_ANGLE_UNIT ( ) );
#6795 = VERTEX_POINT ( 'NONE', #11464 ) ;
#6796 = CARTESIAN_POINT ( 'NONE',  ( 6.099999999999999645, -1.050000000000000266, 0.8199999999999999512 ) ) ;
#6797 = CARTESIAN_POINT ( 'NONE',  ( -6.099999999999999645, 8.000000000000000000, 0.8199999999999999512 ) ) ;
#6798 = ORIENTED_EDGE ( 'NONE', *, *, #10182, .F. ) ;
#6799 = SURFACE_STYLE_USAGE ( .BOTH. , #3775 ) ;
#6800 = FILL_AREA_STYLE_COLOUR ( '', #1215 ) ;
#6801 = CARTESIAN_POINT ( 'NONE',  ( 6.099999999999999645, -6.150000000000001243, 0.8199999999999999512 ) ) ;
#6802 = EDGE_CURVE ( 'NONE', #5164, #9346, #5181, .T. ) ;
#6803 = EDGE_LOOP ( 'NONE', ( #4043, #4447, #5770, #8351 ) ) ;
#6804 = VECTOR ( 'NONE', #1529, 1000.000000000000000 ) ;
#6805 = DIRECTION ( 'NONE',  ( 1.000000000000000000, 0.000000000000000000, 0.000000000000000000 ) ) ;
#6806 =( NAMED_UNIT ( * ) PLANE_ANGLE_UNIT ( ) SI_UNIT ( $, .RADIAN. ) );
#6807 = AXIS2_PLACEMENT_3D ( 'NONE', #7921, #11048, #752 ) ;
#6808 = LINE ( 'NONE', #8820, #1523 ) ;
#6809 = LINE ( 'NONE', #5470, #6176 ) ;
#6810 = SURFACE_STYLE_USAGE ( .BOTH. , #12273 ) ;
#6811 = SURFACE_STYLE_USAGE ( .BOTH. , #6609 ) ;
#6812 = MECHANICAL_DESIGN_GEOMETRIC_PRESENTATION_REPRESENTATION (  '', ( #4657 ), #4446 ) ;
#6813 = EDGE_LOOP ( 'NONE', ( #13258, #6911, #9277, #76 ) ) ;
#6814 = DIRECTION ( 'NONE',  ( 1.000000000000000000, 0.000000000000000000, -0.000000000000000000 ) ) ;
#6815 = FILL_AREA_STYLE ('',( #720 ) ) ;
#6816 = PLANE ( 'NONE',  #12375 ) ;
#6817 = EDGE_CURVE ( 'NONE', #1371, #7332, #286, .T. ) ;
#6818 = ORIENTED_EDGE ( 'NONE', *, *, #7675, .F. ) ;
#6819 =( NAMED_UNIT ( * ) PLANE_ANGLE_UNIT ( ) SI_UNIT ( $, .RADIAN. ) );
#6820 = CARTESIAN_POINT ( 'NONE',  ( 5.299999999999998934, -3.250000000000000444, 0.000000000000000000 ) ) ;
#6821 = FACE_OUTER_BOUND ( 'NONE', #11362, .T. ) ;
#6822 = AXIS2_PLACEMENT_3D ( 'NONE', #4593, #1397, #1530 ) ;
#6823 = VECTOR ( 'NONE', #9274, 1000.000000000000000 ) ;
#6824 = STYLED_ITEM ( 'NONE', ( #3238 ), #11170 ) ;
#6825 = EDGE_LOOP ( 'NONE', ( #6649, #12501, #9312, #1627 ) ) ;
#6826 =( GEOMETRIC_REPRESENTATION_CONTEXT ( 3 ) GLOBAL_UNCERTAINTY_ASSIGNED_CONTEXT ( ( #5742 ) ) GLOBAL_UNIT_ASSIGNED_CONTEXT ( ( #8488, #173, #2198 ) ) REPRESENTATION_CONTEXT ( 'NONE', 'WORKASPACE' ) );
#6827 = FILL_AREA_STYLE_COLOUR ( '', #5381 ) ;
#6828 = FACE_OUTER_BOUND ( 'NONE', #10997, .T. ) ;
#6829 = ORIENTED_EDGE ( 'NONE', *, *, #6518, .T. ) ;
#6830 = DIRECTION ( 'NONE',  ( -0.000000000000000000, 1.000000000000000000, -0.000000000000000000 ) ) ;
#6831 = PLANE ( 'NONE',  #5567 ) ;
#6832 = ORIENTED_EDGE ( 'NONE', *, *, #2895, .T. ) ;
#6833 =( GEOMETRIC_REPRESENTATION_CONTEXT ( 3 ) GLOBAL_UNCERTAINTY_ASSIGNED_CONTEXT ( ( #10007 ) ) GLOBAL_UNIT_ASSIGNED_CONTEXT ( ( #11422, #1182, #5412 ) ) REPRESENTATION_CONTEXT ( 'NONE', 'WORKASPACE' ) );
#6834 = ADVANCED_FACE ( 'NONE', ( #2303 ), #1288, .F. ) ;
#6835 = MECHANICAL_DESIGN_GEOMETRIC_PRESENTATION_REPRESENTATION (  '', ( #5972 ), #7693 ) ;
#6836 = CARTESIAN_POINT ( 'NONE',  ( -6.099999999999999645, -3.050000000000000266, 0.000000000000000000 ) ) ;
#6837 = ORIENTED_EDGE ( 'NONE', *, *, #9210, .F. ) ;
#6838 =( GEOMETRIC_REPRESENTATION_CONTEXT ( 3 ) GLOBAL_UNCERTAINTY_ASSIGNED_CONTEXT ( ( #6430 ) ) GLOBAL_UNIT_ASSIGNED_CONTEXT ( ( #455, #11622, #6617 ) ) REPRESENTATION_CONTEXT ( 'NONE', 'WORKASPACE' ) );
#6839 = DIRECTION ( 'NONE',  ( 0.000000000000000000, -0.000000000000000000, 1.000000000000000000 ) ) ;
#6840 = AXIS2_PLACEMENT_3D ( 'NONE', #9380, #8179, #253 ) ;
#6841 = PRESENTATION_LAYER_ASSIGNMENT (  '', '', ( #12671 ) ) ;
#6842 = SURFACE_STYLE_FILL_AREA ( #7583 ) ;
#6843 = ADVANCED_FACE ( 'NONE', ( #12331 ), #1534, .T. ) ;
#6844 = DIRECTION ( 'NONE',  ( -1.000000000000000000, 0.000000000000000000, 0.000000000000000000 ) ) ;
#6845 = AXIS2_PLACEMENT_3D ( 'NONE', #11324, #7189, #8148 ) ;
#6846 = VERTEX_POINT ( 'NONE', #2376 ) ;
#6847 = FILL_AREA_STYLE_COLOUR ( '', #8282 ) ;
#6848 = SURFACE_STYLE_USAGE ( .BOTH. , #12030 ) ;
#6849 = EDGE_CURVE ( 'NONE', #12939, #12490, #4231, .T. ) ;
#6850 = ORIENTED_EDGE ( 'NONE', *, *, #6348, .T. ) ;
#6851 = LINE ( 'NONE', #12990, #12956 ) ;
#6852 = DIRECTION ( 'NONE',  ( -0.000000000000000000, 1.000000000000000000, -0.000000000000000000 ) ) ;
#6853 = PRESENTATION_LAYER_ASSIGNMENT (  '', '', ( #4078 ) ) ;
#6854 =( GEOMETRIC_REPRESENTATION_CONTEXT ( 3 ) GLOBAL_UNCERTAINTY_ASSIGNED_CONTEXT ( ( #1459 ) ) GLOBAL_UNIT_ASSIGNED_CONTEXT ( ( #9354, #7128, #1982 ) ) REPRESENTATION_CONTEXT ( 'NONE', 'WORKASPACE' ) );
#6855 = MECHANICAL_DESIGN_GEOMETRIC_PRESENTATION_REPRESENTATION (  '', ( #7247 ), #3437 ) ;
#6856 = CARTESIAN_POINT ( 'NONE',  ( -6.099999999999999645, 5.249999999999999112, 0.8199999999999999512 ) ) ;
#6857 = ADVANCED_FACE ( 'NONE', ( #12394 ), #10763, .T. ) ;
#6858 = ADVANCED_FACE ( 'NONE', ( #11950 ), #6831, .F. ) ;
#6859 = DIRECTION ( 'NONE',  ( 1.000000000000000000, 0.000000000000000000, 0.000000000000000000 ) ) ;
#6860 = VECTOR ( 'NONE', #1596, 1000.000000000000000 ) ;
#6861 = ORIENTED_EDGE ( 'NONE', *, *, #9398, .T. ) ;
#6862 = FILL_AREA_STYLE_COLOUR ( '', #7113 ) ;
#6863 = CARTESIAN_POINT ( 'NONE',  ( 6.099999999999999645, 8.000000000000000000, 0.8199999999999999512 ) ) ;
#6864 = ORIENTED_EDGE ( 'NONE', *, *, #3020, .T. ) ;
#6865 = FILL_AREA_STYLE_COLOUR ( '', #12524 ) ;
#6866 = DIRECTION ( 'NONE',  ( 1.000000000000000000, -0.000000000000000000, -0.000000000000000000 ) ) ;
#6867 = LINE ( 'NONE', #568, #3988 ) ;
#6868 = VERTEX_POINT ( 'NONE', #8844 ) ;
#6869 = CARTESIAN_POINT ( 'NONE',  ( 3.999999999999998224, 6.000000000000000000, 2.400000000000000355 ) ) ;
#6870 = DIRECTION ( 'NONE',  ( 0.000000000000000000, 0.000000000000000000, -1.000000000000000000 ) ) ;
#6871 = COLOUR_RGB ( '',0.9411764705882352811, 0.6274509803921568540, 0.05490196078431372473 ) ;
#6872 = EDGE_CURVE ( 'NONE', #9099, #10529, #1082, .T. ) ;
#6873 = DIRECTION ( 'NONE',  ( -1.000000000000000000, 0.000000000000000000, 0.000000000000000000 ) ) ;
#6874 = EDGE_LOOP ( 'NONE', ( #6309, #7971, #9236, #3239 ) ) ;
#6875 = STYLED_ITEM ( 'NONE', ( #12216 ), #661 ) ;
#6876 = ORIENTED_EDGE ( 'NONE', *, *, #718, .F. ) ;
#6877 = CARTESIAN_POINT ( 'NONE',  ( 6.099999999999999645, 0.04999999999999969746, 0.8199999999999999512 ) ) ;
#6878 = LINE ( 'NONE', #11020, #5730 ) ;
#6879 = ORIENTED_EDGE ( 'NONE', *, *, #1835, .F. ) ;
#6880 = VECTOR ( 'NONE', #1225, 1000.000000000000000 ) ;
#6881 = LINE ( 'NONE', #12137, #2882 ) ;
#6882 = CARTESIAN_POINT ( 'NONE',  ( 5.299999999999998934, 4.150000000000000355, 0.000000000000000000 ) ) ;
#6883 = VECTOR ( 'NONE', #1372, 1000.000000000000000 ) ;
#6884 = SURFACE_SIDE_STYLE ('',( #8899 ) ) ;
#6885 =( GEOMETRIC_REPRESENTATION_CONTEXT ( 3 ) GLOBAL_UNCERTAINTY_ASSIGNED_CONTEXT ( ( #8673 ) ) GLOBAL_UNIT_ASSIGNED_CONTEXT ( ( #12479, #2105, #2044 ) ) REPRESENTATION_CONTEXT ( 'NONE', 'WORKASPACE' ) );
#6886 = EDGE_CURVE ( 'NONE', #8118, #8675, #1736, .T. ) ;
#6887 =( GEOMETRIC_REPRESENTATION_CONTEXT ( 3 ) GLOBAL_UNCERTAINTY_ASSIGNED_CONTEXT ( ( #8172 ) ) GLOBAL_UNIT_ASSIGNED_CONTEXT ( ( #11719, #6524, #296 ) ) REPRESENTATION_CONTEXT ( 'NONE', 'WORKASPACE' ) );
#6888 = COLOUR_RGB ( '',0.9411764705882352811, 0.6274509803921568540, 0.05490196078431372473 ) ;
#6889 = DIRECTION ( 'NONE',  ( 0.000000000000000000, 0.000000000000000000, -1.000000000000000000 ) ) ;
#6890 = EDGE_CURVE ( 'NONE', #3051, #4957, #7906, .T. ) ;
#6891 = LINE ( 'NONE', #7634, #6606 ) ;
#6892 = VECTOR ( 'NONE', #10856, 1000.000000000000000 ) ;
#6893 = ORIENTED_EDGE ( 'NONE', *, *, #8827, .T. ) ;
#6894 =( NAMED_UNIT ( * ) SI_UNIT ( $, .STERADIAN. ) SOLID_ANGLE_UNIT ( ) );
#6895 = DIRECTION ( 'NONE',  ( 0.000000000000000000, 0.000000000000000000, -1.000000000000000000 ) ) ;
#6896 = ORIENTED_EDGE ( 'NONE', *, *, #10235, .F. ) ;
#6897 = SURFACE_STYLE_USAGE ( .BOTH. , #7276 ) ;
#6898 = FILL_AREA_STYLE_COLOUR ( '', #7791 ) ;
#6899 = SURFACE_STYLE_FILL_AREA ( #13034 ) ;
#6900 = AXIS2_PLACEMENT_3D ( 'NONE', #6736, #4398, #4458 ) ;
#6901 = MECHANICAL_DESIGN_GEOMETRIC_PRESENTATION_REPRESENTATION (  '', ( #4526 ), #1116 ) ;
#6902 = SURFACE_SIDE_STYLE ('',( #10897 ) ) ;
#6903 =( GEOMETRIC_REPRESENTATION_CONTEXT ( 3 ) GLOBAL_UNCERTAINTY_ASSIGNED_CONTEXT ( ( #2104 ) ) GLOBAL_UNIT_ASSIGNED_CONTEXT ( ( #4117, #9090, #9150 ) ) REPRESENTATION_CONTEXT ( 'NONE', 'WORKASPACE' ) );
#6904 = EDGE_CURVE ( 'NONE', #11293, #12204, #9944, .T. ) ;
#6905 = UNCERTAINTY_MEASURE_WITH_UNIT (LENGTH_MEASURE( 1.000000000000000082E-05 ), #4471, 'distance_accuracy_value', 'NONE');
#6906 = LINE ( 'NONE', #881, #5951 ) ;
#6907 = ADVANCED_FACE ( 'NONE', ( #1804 ), #12897, .F. ) ;
#6908 = SURFACE_SIDE_STYLE ('',( #2833 ) ) ;
#6909 = MECHANICAL_DESIGN_GEOMETRIC_PRESENTATION_REPRESENTATION (  '', ( #7556 ), #12303 ) ;
#6910 = EDGE_LOOP ( 'NONE', ( #4490, #254, #10959, #1470 ) ) ;
#6911 = ORIENTED_EDGE ( 'NONE', *, *, #13009, .F. ) ;
#6912 = FILL_AREA_STYLE ('',( #3103 ) ) ;
#6913 = SURFACE_SIDE_STYLE ('',( #554 ) ) ;
#6914 = AXIS2_PLACEMENT_3D ( 'NONE', #7237, #2907, #889 ) ;
#6915 = ORIENTED_EDGE ( 'NONE', *, *, #6596, .T. ) ;
#6916 = AXIS2_PLACEMENT_3D ( 'NONE', #2567, #4688, #9759 ) ;
#6917 = DIRECTION ( 'NONE',  ( -0.000000000000000000, -0.000000000000000000, -1.000000000000000000 ) ) ;
#6918 = CARTESIAN_POINT ( 'NONE',  ( 6.099999999999999645, -1.050000000000000266, 0.8199999999999999512 ) ) ;
#6919 = VECTOR ( 'NONE', #6769, 1000.000000000000000 ) ;
#6920 = ADVANCED_FACE ( 'NONE', ( #4740 ), #12971, .T. ) ;
#6921 = LINE ( 'NONE', #9008, #7100 ) ;
#6922 = ORIENTED_EDGE ( 'NONE', *, *, #4620, .T. ) ;
#6923 = CARTESIAN_POINT ( 'NONE',  ( 5.299999999999998934, -1.950000000000000178, 0.8199999999999999512 ) ) ;
#6924 = CARTESIAN_POINT ( 'NONE',  ( -5.299999999999998934, -1.050000000000000266, 0.8199999999999999512 ) ) ;
#6925 = VECTOR ( 'NONE', #10331, 1000.000000000000000 ) ;
#6926 = ORIENTED_EDGE ( 'NONE', *, *, #11633, .T. ) ;
#6927 = CARTESIAN_POINT ( 'NONE',  ( -6.099999999999999645, -1.050000000000000266, 0.8199999999999999512 ) ) ;
#6928 = DIRECTION ( 'NONE',  ( 1.000000000000000000, -0.000000000000000000, -0.000000000000000000 ) ) ;
#6929 = DIRECTION ( 'NONE',  ( 0.000000000000000000, 0.000000000000000000, -1.000000000000000000 ) ) ;
#6930 = ORIENTED_EDGE ( 'NONE', *, *, #12744, .F. ) ;
#6931 = FILL_AREA_STYLE_COLOUR ( '', #3945 ) ;
#6932 = CARTESIAN_POINT ( 'NONE',  ( 4.499999999999999112, 6.500000000000000000, 1.900000000000000355 ) ) ;
#6933 = ADVANCED_FACE ( 'NONE', ( #12427 ), #9257, .F. ) ;
#6934 = PRESENTATION_STYLE_ASSIGNMENT (( #10115 ) ) ;
#6935 = EDGE_CURVE ( 'NONE', #981, #8057, #10141, .T. ) ;
#6936 = VECTOR ( 'NONE', #6413, 1000.000000000000000 ) ;
#6937 = UNCERTAINTY_MEASURE_WITH_UNIT (LENGTH_MEASURE( 1.000000000000000082E-05 ), #5787, 'distance_accuracy_value', 'NONE');
#6938 = ORIENTED_EDGE ( 'NONE', *, *, #6712, .T. ) ;
#6939 = COLOUR_RGB ( '',0.9411764705882352811, 0.6274509803921568540, 0.05490196078431372473 ) ;
#6940 = FILL_AREA_STYLE_COLOUR ( '', #7960 ) ;
#6941 = CARTESIAN_POINT ( 'NONE',  ( 6.099999999999999645, -5.900000000000000355, 0.000000000000000000 ) ) ;
#6942 = ORIENTED_EDGE ( 'NONE', *, *, #4800, .T. ) ;
#6943 =( NAMED_UNIT ( * ) PLANE_ANGLE_UNIT ( ) SI_UNIT ( $, .RADIAN. ) );
#6944 = FACE_OUTER_BOUND ( 'NONE', #4201, .T. ) ;
#6945 = DIRECTION ( 'NONE',  ( -0.000000000000000000, 1.000000000000000000, -0.000000000000000000 ) ) ;
#6946 = FACE_OUTER_BOUND ( 'NONE', #9143, .T. ) ;
#6947 = EDGE_LOOP ( 'NONE', ( #271, #8091, #10855, #1311, #3630, #402 ) ) ;
#6948 = CARTESIAN_POINT ( 'NONE',  ( -6.099999999999999645, 7.000000000000000000, 0.8199999999999999512 ) ) ;
#6949 = DIRECTION ( 'NONE',  ( -0.000000000000000000, 1.000000000000000000, -0.000000000000000000 ) ) ;
#6950 = EDGE_CURVE ( 'NONE', #10453, #12055, #6022, .T. ) ;
#6951 = CARTESIAN_POINT ( 'NONE',  ( -6.099999999999999645, 0.04999999999999969746, 0.8199999999999999512 ) ) ;
#6952 = SURFACE_STYLE_USAGE ( .BOTH. , #3871 ) ;
#6953 = AXIS2_PLACEMENT_3D ( 'NONE', #5557, #5364, #3313 ) ;
#6954 =( NAMED_UNIT ( * ) PLANE_ANGLE_UNIT ( ) SI_UNIT ( $, .RADIAN. ) );
#6955 = PLANE ( 'NONE',  #6218 ) ;
#6956 = CARTESIAN_POINT ( 'NONE',  ( -6.099999999999999645, -1.050000000000000266, 0.000000000000000000 ) ) ;
#6957 = VERTEX_POINT ( 'NONE', #11427 ) ;
#6958 = CARTESIAN_POINT ( 'NONE',  ( 6.099999999999999645, -5.250000000000000000, 0.8199999999999999512 ) ) ;
#6959 = FACE_OUTER_BOUND ( 'NONE', #5911, .T. ) ;
#6960 = EDGE_LOOP ( 'NONE', ( #7005, #13013, #11653, #4431 ) ) ;
#6961 = CARTESIAN_POINT ( 'NONE',  ( -6.099999999999999645, -1.750000000000000444, 0.000000000000000000 ) ) ;
#6962 = FILL_AREA_STYLE ('',( #13033 ) ) ;
#6963 = EDGE_LOOP ( 'NONE', ( #5346, #7892, #6120, #4159 ) ) ;
#6964 = EDGE_CURVE ( 'NONE', #5096, #11059, #13171, .T. ) ;
#6965 = DIRECTION ( 'NONE',  ( 0.000000000000000000, 0.000000000000000000, -1.000000000000000000 ) ) ;
#6966 = SURFACE_SIDE_STYLE ('',( #746 ) ) ;
#6967 = DIRECTION ( 'NONE',  ( 1.000000000000000000, -0.000000000000000000, 0.000000000000000000 ) ) ;
#6968 = EDGE_LOOP ( 'NONE', ( #10335, #12784, #11833, #9769 ) ) ;
#6969 = SURFACE_STYLE_USAGE ( .BOTH. , #6908 ) ;
#6970 = ORIENTED_EDGE ( 'NONE', *, *, #2000, .T. ) ;
#6971 = DIRECTION ( 'NONE',  ( -1.000000000000000000, 0.000000000000000000, -0.000000000000000000 ) ) ;
#6972 = EDGE_LOOP ( 'NONE', ( #12903, #701, #2004, #8016 ) ) ;
#6973 = SURFACE_SIDE_STYLE ('',( #10 ) ) ;
#6974 = FACE_OUTER_BOUND ( 'NONE', #5024, .T. ) ;
#6975 =( NAMED_UNIT ( * ) PLANE_ANGLE_UNIT ( ) SI_UNIT ( $, .RADIAN. ) );
#6976 = DIRECTION ( 'NONE',  ( 0.000000000000000000, -1.000000000000000000, 0.000000000000000000 ) ) ;
#6977 = EDGE_CURVE ( 'NONE', #4847, #7199, #9054, .T. ) ;
#6978 = CARTESIAN_POINT ( 'NONE',  ( 6.099999999999999645, -7.450000000000000178, 0.8199999999999999512 ) ) ;
#6979 = EDGE_CURVE ( 'NONE', #5044, #12889, #2950, .T. ) ;
#6980 = COLOUR_RGB ( '',0.9411764705882352811, 0.6274509803921568540, 0.05490196078431372473 ) ;
#6981 = PRESENTATION_LAYER_ASSIGNMENT (  '', '', ( #6115 ) ) ;
#6982 = PRESENTATION_STYLE_ASSIGNMENT (( #11189 ) ) ;
#6983 = LINE ( 'NONE', #9900, #5390 ) ;
#6984 = ORIENTED_EDGE ( 'NONE', *, *, #6890, .F. ) ;
#6985 = CARTESIAN_POINT ( 'NONE',  ( 5.299999999999998934, 0.04999999999999969746, 0.000000000000000000 ) ) ;
#6986 = DIRECTION ( 'NONE',  ( -0.000000000000000000, -0.000000000000000000, 1.000000000000000000 ) ) ;
#6988 = DIRECTION ( 'NONE',  ( -0.000000000000000000, 1.000000000000000000, -0.000000000000000000 ) ) ;
#6987 =( GEOMETRIC_REPRESENTATION_CONTEXT ( 3 ) GLOBAL_UNCERTAINTY_ASSIGNED_CONTEXT ( ( #11273 ) ) GLOBAL_UNIT_ASSIGNED_CONTEXT ( ( #11302, #1005, #5962 ) ) REPRESENTATION_CONTEXT ( 'NONE', 'WORKASPACE' ) );
#6989 = ORIENTED_EDGE ( 'NONE', *, *, #8859, .T. ) ;
#6990 = VECTOR ( 'NONE', #12054, 1000.000000000000000 ) ;
#6991 = CARTESIAN_POINT ( 'NONE',  ( -6.099999999999999645, 6.349999999999999645, 0.000000000000000000 ) ) ;
#6992 = SURFACE_SIDE_STYLE ('',( #11197 ) ) ;
#6993 = CARTESIAN_POINT ( 'NONE',  ( -6.099999999999999645, 8.000000000000000000, 0.000000000000000000 ) ) ;
#6994 = ORIENTED_EDGE ( 'NONE', *, *, #7631, .F. ) ;
#6995 = EDGE_CURVE ( 'NONE', #1734, #7230, #58, .T. ) ;
#6996 = CARTESIAN_POINT ( 'NONE',  ( 4.292893218813450318, 6.292893218813452094, 2.399999999999999911 ) ) ;
#6997 = ADVANCED_FACE ( 'NONE', ( #10273 ), #9119, .F. ) ;
#6998 = CARTESIAN_POINT ( 'NONE',  ( 6.099999999999999645, -6.350000000000001421, 0.000000000000000000 ) ) ;
#6999 = VECTOR ( 'NONE', #6928, 1000.000000000000000 ) ;
#7000 =( GEOMETRIC_REPRESENTATION_CONTEXT ( 3 ) GLOBAL_UNCERTAINTY_ASSIGNED_CONTEXT ( ( #4909 ) ) GLOBAL_UNIT_ASSIGNED_CONTEXT ( ( #12317, #12526, #10563 ) ) REPRESENTATION_CONTEXT ( 'NONE', 'WORKASPACE' ) );
#7001 = PRESENTATION_STYLE_ASSIGNMENT (( #4911 ) ) ;
#7002 = ORIENTED_EDGE ( 'NONE', *, *, #4588, .F. ) ;
#7003 = ADVANCED_FACE ( 'NONE', ( #3407 ), #6340, .T. ) ;
#7004 = CARTESIAN_POINT ( 'NONE',  ( 5.849999999999999645, 5.899999999999999467, 0.8199999999999999512 ) ) ;
#7005 = ORIENTED_EDGE ( 'NONE', *, *, #6101, .F. ) ;
#7006 = LINE ( 'NONE', #6258, #11016 ) ;
#7007 = CYLINDRICAL_SURFACE ( 'NONE', #2945, 0.5000000000000000000 ) ;
#7008 =( NAMED_UNIT ( * ) PLANE_ANGLE_UNIT ( ) SI_UNIT ( $, .RADIAN. ) );
#7009 = DIRECTION ( 'NONE',  ( 1.000000000000000000, 0.000000000000000000, 0.000000000000000000 ) ) ;
#7010 = ORIENTED_EDGE ( 'NONE', *, *, #1030, .T. ) ;
#7011 = DIRECTION ( 'NONE',  ( -0.000000000000000000, 1.000000000000000000, -0.000000000000000000 ) ) ;
#7012 = FACE_OUTER_BOUND ( 'NONE', #6803, .T. ) ;
#7013 = DIRECTION ( 'NONE',  ( 0.000000000000000000, -0.000000000000000000, 1.000000000000000000 ) ) ;
#7014 = PRESENTATION_LAYER_ASSIGNMENT (  '', '', ( #5942 ) ) ;
#7015 = EDGE_CURVE ( 'NONE', #1388, #7480, #6544, .T. ) ;
#7016 = DIRECTION ( 'NONE',  ( 0.000000000000000000, 0.000000000000000000, -1.000000000000000000 ) ) ;
#7017 = SURFACE_STYLE_FILL_AREA ( #5945 ) ;
#7018 = ORIENTED_EDGE ( 'NONE', *, *, #7246, .T. ) ;
#7019 = FACE_OUTER_BOUND ( 'NONE', #8031, .T. ) ;
#7020 = DIRECTION ( 'NONE',  ( 0.000000000000000000, -1.000000000000000000, 0.000000000000000000 ) ) ;
#7021 = LINE ( 'NONE', #7977, #5759 ) ;
#7022 = ORIENTED_EDGE ( 'NONE', *, *, #4328, .F. ) ;
#7023 = DIRECTION ( 'NONE',  ( -0.000000000000000000, -0.000000000000000000, -1.000000000000000000 ) ) ;
#7024 = ORIENTED_EDGE ( 'NONE', *, *, #5563, .T. ) ;
#7025 = AXIS2_PLACEMENT_3D ( 'NONE', #6147, #6287, #12308 ) ;
#7026 = PRESENTATION_STYLE_ASSIGNMENT (( #945 ) ) ;
#7027 = VECTOR ( 'NONE', #4223, 1000.000000000000000 ) ;
#7028 = PRESENTATION_STYLE_ASSIGNMENT (( #7988 ) ) ;
#7029 = UNCERTAINTY_MEASURE_WITH_UNIT (LENGTH_MEASURE( 1.000000000000000082E-05 ), #7878, 'distance_accuracy_value', 'NONE');
#7030 = EDGE_CURVE ( 'NONE', #7230, #8340, #1250, .T. ) ;
#7031 = ORIENTED_EDGE ( 'NONE', *, *, #2923, .F. ) ;
#7032 = DIRECTION ( 'NONE',  ( 0.000000000000000000, -0.000000000000000000, 1.000000000000000000 ) ) ;
#7033 = ORIENTED_EDGE ( 'NONE', *, *, #9621, .F. ) ;
#7034 = CARTESIAN_POINT ( 'NONE',  ( -5.299999999999998934, -5.450000000000001066, 0.000000000000000000 ) ) ;
#7035 = ORIENTED_EDGE ( 'NONE', *, *, #3104, .F. ) ;
#7036 = VECTOR ( 'NONE', #741, 1000.000000000000000 ) ;
#7037 = AXIS2_PLACEMENT_3D ( 'NONE', #6012, #1856, #5938 ) ;
#7038 = DIRECTION ( 'NONE',  ( 1.000000000000000000, 0.000000000000000000, -0.000000000000000000 ) ) ;
#7039 = DIRECTION ( 'NONE',  ( 0.000000000000000000, 0.000000000000000000, -1.000000000000000000 ) ) ;
#7040 = DIRECTION ( 'NONE',  ( 0.000000000000000000, -0.000000000000000000, -1.000000000000000000 ) ) ;
#7041 = ORIENTED_EDGE ( 'NONE', *, *, #4172, .F. ) ;
#7042 = COLOUR_RGB ( '',0.9411764705882352811, 0.6274509803921568540, 0.05490196078431372473 ) ;
#7043 = VECTOR ( 'NONE', #12993, 1000.000000000000000 ) ;
#7044 =( GEOMETRIC_REPRESENTATION_CONTEXT ( 3 ) GLOBAL_UNCERTAINTY_ASSIGNED_CONTEXT ( ( #12765 ) ) GLOBAL_UNIT_ASSIGNED_CONTEXT ( ( #3203, #5263, #4253 ) ) REPRESENTATION_CONTEXT ( 'NONE', 'WORKASPACE' ) );
#7045 = CARTESIAN_POINT ( 'NONE',  ( -6.099999999999999645, 2.149999999999999911, 0.8199999999999999512 ) ) ;
#7046 = PRESENTATION_LAYER_ASSIGNMENT (  '', '', ( #9641 ) ) ;
#7047 = UNCERTAINTY_MEASURE_WITH_UNIT (LENGTH_MEASURE( 1.000000000000000082E-05 ), #8068, 'distance_accuracy_value', 'NONE');
#7048 = EDGE_CURVE ( 'NONE', #5123, #10438, #4399, .T. ) ;
#7049 = EDGE_LOOP ( 'NONE', ( #7035, #4421, #7871, #7703 ) ) ;
#7050 = CARTESIAN_POINT ( 'NONE',  ( 6.099999999999999645, 8.000000000000000000, 0.8199999999999999512 ) ) ;
#7051 = EDGE_CURVE ( 'NONE', #7670, #8906, #8376, .T. ) ;
#7052 = EDGE_LOOP ( 'NONE', ( #9849, #7394, #11309, #2994 ) ) ;
#7053 = VECTOR ( 'NONE', #11738, 1000.000000000000000 ) ;
#7054 = COLOUR_RGB ( '',0.9411764705882352811, 0.6274509803921568540, 0.05490196078431372473 ) ;
#7055 =( NAMED_UNIT ( * ) SI_UNIT ( $, .STERADIAN. ) SOLID_ANGLE_UNIT ( ) );
#7056 = FACE_OUTER_BOUND ( 'NONE', #7234, .T. ) ;
#7057 = DIRECTION ( 'NONE',  ( 0.000000000000000000, 0.000000000000000000, 1.000000000000000000 ) ) ;
#7058 = ORIENTED_EDGE ( 'NONE', *, *, #4048, .F. ) ;
#7059 = COLOUR_RGB ( '',0.9411764705882352811, 0.6274509803921568540, 0.05490196078431372473 ) ;
#7060 = FACE_OUTER_BOUND ( 'NONE', #3730, .T. ) ;
#7061 = VECTOR ( 'NONE', #3770, 1000.000000000000000 ) ;
#7062 = UNCERTAINTY_MEASURE_WITH_UNIT (LENGTH_MEASURE( 1.000000000000000082E-05 ), #10308, 'distance_accuracy_value', 'NONE');
#7063 = MECHANICAL_DESIGN_GEOMETRIC_PRESENTATION_REPRESENTATION (  '', ( #4910 ), #3436 ) ;
#7064 = CARTESIAN_POINT ( 'NONE',  ( -6.099999999999999645, -0.8500000000000000888, 0.8199999999999999512 ) ) ;
#7065 = VERTEX_POINT ( 'NONE', #3289 ) ;
#7066 = CARTESIAN_POINT ( 'NONE',  ( 5.299999999999998934, -2.150000000000000355, 0.000000000000000000 ) ) ;
#7067 = LINE ( 'NONE', #715, #11803 ) ;
#7068 = SURFACE_SIDE_STYLE ('',( #1787 ) ) ;
#7069 = VERTEX_POINT ( 'NONE', #7619 ) ;
#7070 = CARTESIAN_POINT ( 'NONE',  ( -6.099999999999999645, -7.450000000000000178, 0.8199999999999999512 ) ) ;
#7071 = CARTESIAN_POINT ( 'NONE',  ( -6.099999999999999645, 4.349999999999999645, 0.8199999999999999512 ) ) ;
#7072 = CARTESIAN_POINT ( 'NONE',  ( -6.099999999999999645, -5.050000000000000711, 0.8199999999999999512 ) ) ;
#7073 = ORIENTED_EDGE ( 'NONE', *, *, #6904, .T. ) ;
#7074 =( NAMED_UNIT ( * ) SI_UNIT ( $, .STERADIAN. ) SOLID_ANGLE_UNIT ( ) );
#7075 = COLOUR_RGB ( '',0.000000000000000000, 1.000000000000000000, 0.000000000000000000 ) ;
#7076 = DIRECTION ( 'NONE',  ( -1.000000000000000000, 0.000000000000000000, 0.000000000000000000 ) ) ;
#7077 = ORIENTED_EDGE ( 'NONE', *, *, #8951, .F. ) ;
#7078 = COLOUR_RGB ( '',0.000000000000000000, 1.000000000000000000, 0.000000000000000000 ) ;
#7079 = CARTESIAN_POINT ( 'NONE',  ( -6.099999999999999645, 6.750000000000000000, 0.8199999999999999512 ) ) ;
#7080 = MECHANICAL_DESIGN_GEOMETRIC_PRESENTATION_REPRESENTATION (  '', ( #6875 ), #7525 ) ;
#7081 = UNCERTAINTY_MEASURE_WITH_UNIT (LENGTH_MEASURE( 1.000000000000000082E-05 ), #10266, 'distance_accuracy_value', 'NONE');
#7082 = SURFACE_SIDE_STYLE ('',( #1590 ) ) ;
#7083 = PRESENTATION_STYLE_ASSIGNMENT (( #4006 ) ) ;
#7084 = DIRECTION ( 'NONE',  ( -1.000000000000000000, -0.000000000000000000, -0.000000000000000000 ) ) ;
#7085 =( GEOMETRIC_REPRESENTATION_CONTEXT ( 3 ) GLOBAL_UNCERTAINTY_ASSIGNED_CONTEXT ( ( #11152 ) ) GLOBAL_UNIT_ASSIGNED_CONTEXT ( ( #5004, #3004, #8365 ) ) REPRESENTATION_CONTEXT ( 'NONE', 'WORKASPACE' ) );
#7086 = VERTEX_POINT ( 'NONE', #1390 ) ;
#7087 = CARTESIAN_POINT ( 'NONE',  ( 6.099999999999999645, 5.249999999999999112, 0.8199999999999999512 ) ) ;
#7088 =( LENGTH_UNIT ( ) NAMED_UNIT ( * ) SI_UNIT ( .MILLI., .METRE. ) );
#7089 = ORIENTED_EDGE ( 'NONE', *, *, #12949, .T. ) ;
#7090 = MECHANICAL_DESIGN_GEOMETRIC_PRESENTATION_REPRESENTATION (  '', ( #1095 ), #3259 ) ;
#7091 = CARTESIAN_POINT ( 'NONE',  ( 6.099999999999999645, 5.450000000000000178, 0.000000000000000000 ) ) ;
#7092 = VECTOR ( 'NONE', #9025, 1000.000000000000000 ) ;
#7093 = CARTESIAN_POINT ( 'NONE',  ( 5.299999999999998934, -4.150000000000000355, 0.8199999999999999512 ) ) ;
#7094 = SURFACE_SIDE_STYLE ('',( #12020 ) ) ;
#7095 = EDGE_CURVE ( 'NONE', #10845, #4952, #252, .T. ) ;
#7096 = ADVANCED_FACE ( 'NONE', ( #8442 ), #3348, .F. ) ;
#7097 = STYLED_ITEM ( 'NONE', ( #6934 ), #12823 ) ;
#7098 = PRESENTATION_LAYER_ASSIGNMENT (  '', '', ( #11424 ) ) ;
#7099 = STYLED_ITEM ( 'NONE', ( #3595 ), #3401 ) ;
#7100 = VECTOR ( 'NONE', #6859, 1000.000000000000000 ) ;
#7101 = AXIS2_PLACEMENT_3D ( 'NONE', #8051, #997, #10219 ) ;
#7102 = VERTEX_POINT ( 'NONE', #2602 ) ;
#7103 = DIRECTION ( 'NONE',  ( -0.000000000000000000, -0.000000000000000000, 1.000000000000000000 ) ) ;
#7104 = EDGE_LOOP ( 'NONE', ( #4992, #8851, #12256, #6732 ) ) ;
#7105 = CARTESIAN_POINT ( 'NONE',  ( -6.099999999999999645, -6.550000000000000711, 0.000000000000000000 ) ) ;
#7106 = COLOUR_RGB ( '',0.9411764705882352811, 0.6274509803921568540, 0.05490196078431372473 ) ;
#7107 = VERTEX_POINT ( 'NONE', #5671 ) ;
#7108 = MECHANICAL_DESIGN_GEOMETRIC_PRESENTATION_REPRESENTATION (  '', ( #10135 ), #7550 ) ;
#7109 = SURFACE_STYLE_USAGE ( .BOTH. , #3029 ) ;
#7110 = FILL_AREA_STYLE_COLOUR ( '', #2650 ) ;
#7111 = SURFACE_SIDE_STYLE ('',( #6095 ) ) ;
#7112 = CARTESIAN_POINT ( 'NONE',  ( 6.099999999999999645, 2.349999999999999645, 0.8199999999999999512 ) ) ;
#7113 = COLOUR_RGB ( '',0.9411764705882352811, 0.6274509803921568540, 0.05490196078431372473 ) ;
#7114 = EDGE_CURVE ( 'NONE', #5638, #4895, #9853, .T. ) ;
#7115 = ORIENTED_EDGE ( 'NONE', *, *, #8260, .T. ) ;
#7116 = DIRECTION ( 'NONE',  ( 1.000000000000000000, 0.000000000000000000, 0.000000000000000000 ) ) ;
#7117 = LINE ( 'NONE', #7178, #2776 ) ;
#7118 = VERTEX_POINT ( 'NONE', #3727 ) ;
#7119 = MECHANICAL_DESIGN_GEOMETRIC_PRESENTATION_REPRESENTATION (  '', ( #12946 ), #2212 ) ;
#7120 = LINE ( 'NONE', #11124, #2925 ) ;
#7121 = DIRECTION ( 'NONE',  ( -0.000000000000000000, -0.000000000000000000, 1.000000000000000000 ) ) ;
#7122 = VERTEX_POINT ( 'NONE', #8756 ) ;
#7123 = DIRECTION ( 'NONE',  ( -1.626303258728256651E-16, 1.000000000000000000, 0.000000000000000000 ) ) ;
#7124 = SURFACE_STYLE_USAGE ( .BOTH. , #6112 ) ;
#7125 =( LENGTH_UNIT ( ) NAMED_UNIT ( * ) SI_UNIT ( .MILLI., .METRE. ) );
#7126 = SURFACE_STYLE_USAGE ( .BOTH. , #13204 ) ;
#7127 = COLOUR_RGB ( '',0.7921568627450980005, 0.8196078431372548767, 0.9333333333333333481 ) ;
#7128 =( NAMED_UNIT ( * ) PLANE_ANGLE_UNIT ( ) SI_UNIT ( $, .RADIAN. ) );
#7129 = ADVANCED_FACE ( 'NONE', ( #6685 ), #8962, .F. ) ;
#7130 = FACE_OUTER_BOUND ( 'NONE', #7553, .T. ) ;
#7131 = MECHANICAL_DESIGN_GEOMETRIC_PRESENTATION_REPRESENTATION (  '', ( #1368 ), #5635 ) ;
#7132 = PRESENTATION_LAYER_ASSIGNMENT (  '', '', ( #8645 ) ) ;
#7133 =( NAMED_UNIT ( * ) SI_UNIT ( $, .STERADIAN. ) SOLID_ANGLE_UNIT ( ) );
#7134 = ORIENTED_EDGE ( 'NONE', *, *, #11313, .T. ) ;
#7135 = PRESENTATION_STYLE_ASSIGNMENT (( #13211 ) ) ;
#7136 = CARTESIAN_POINT ( 'NONE',  ( 6.099999999999999645, 5.249999999999999112, 0.8199999999999999512 ) ) ;
#7137 = DIRECTION ( 'NONE',  ( -1.000000000000000000, 0.000000000000000000, -0.000000000000000000 ) ) ;
#7138 = ORIENTED_EDGE ( 'NONE', *, *, #3403, .F. ) ;
#7139 =( NAMED_UNIT ( * ) PLANE_ANGLE_UNIT ( ) SI_UNIT ( $, .RADIAN. ) );
#7140 = MECHANICAL_DESIGN_GEOMETRIC_PRESENTATION_REPRESENTATION (  '', ( #8642 ), #2015 ) ;
#7141 = ORIENTED_EDGE ( 'NONE', *, *, #10253, .T. ) ;
#7142 =( NAMED_UNIT ( * ) PLANE_ANGLE_UNIT ( ) SI_UNIT ( $, .RADIAN. ) );
#7143 = CARTESIAN_POINT ( 'NONE',  ( -6.099999999999999645, 4.150000000000000355, 0.000000000000000000 ) ) ;
#7144 = EDGE_CURVE ( 'NONE', #11695, #11476, #9927, .T. ) ;
#7145 = ORIENTED_EDGE ( 'NONE', *, *, #613, .F. ) ;
#7146 = PRESENTATION_LAYER_ASSIGNMENT (  '', '', ( #7797 ) ) ;
#7147 = LINE ( 'NONE', #13088, #5966 ) ;
#7148 = PLANE ( 'NONE',  #9247 ) ;
#7149 = PRESENTATION_LAYER_ASSIGNMENT (  '', '', ( #12978 ) ) ;
#7150 =( LENGTH_UNIT ( ) NAMED_UNIT ( * ) SI_UNIT ( .MILLI., .METRE. ) );
#7151 = CARTESIAN_POINT ( 'NONE',  ( -6.099999999999999645, -3.050000000000000266, 0.8199999999999999512 ) ) ;
#7152 = ORIENTED_EDGE ( 'NONE', *, *, #8730, .F. ) ;
#7153 =( NAMED_UNIT ( * ) SI_UNIT ( $, .STERADIAN. ) SOLID_ANGLE_UNIT ( ) );
#7154 = CARTESIAN_POINT ( 'NONE',  ( -6.099999999999999645, 5.249999999999999112, 0.000000000000000000 ) ) ;
#7155 =( LENGTH_UNIT ( ) NAMED_UNIT ( * ) SI_UNIT ( .MILLI., .METRE. ) );
#7156 = ORIENTED_EDGE ( 'NONE', *, *, #1030, .F. ) ;
#7157 = CARTESIAN_POINT ( 'NONE',  ( -6.099999999999999645, 3.449999999999999734, 0.8199999999999999512 ) ) ;
#7158 = DIRECTION ( 'NONE',  ( 1.000000000000000000, 0.000000000000000000, 0.000000000000000000 ) ) ;
#7159 = VECTOR ( 'NONE', #3240, 1000.000000000000000 ) ;
#7160 = CARTESIAN_POINT ( 'NONE',  ( 6.099999999999999645, -4.800000000000000711, 0.000000000000000000 ) ) ;
#7161 = ADVANCED_FACE ( 'NONE', ( #7760 ), #580, .F. ) ;
#7162 = PRESENTATION_STYLE_ASSIGNMENT (( #13233 ) ) ;
#7163 = ADVANCED_FACE ( 'NONE', ( #2807 ), #6816, .T. ) ;
#7164 =( NAMED_UNIT ( * ) SI_UNIT ( $, .STERADIAN. ) SOLID_ANGLE_UNIT ( ) );
#7165 = SURFACE_STYLE_FILL_AREA ( #12438 ) ;
#7166 = ORIENTED_EDGE ( 'NONE', *, *, #8418, .T. ) ;
#7167 = CARTESIAN_POINT ( 'NONE',  ( -6.099999999999999645, -2.150000000000000355, 0.8199999999999999512 ) ) ;
#7168 = ORIENTED_EDGE ( 'NONE', *, *, #6302, .T. ) ;
#7169 = ADVANCED_FACE ( 'NONE', ( #10126 ), #2875, .F. ) ;
#7170 = DIRECTION ( 'NONE',  ( -0.000000000000000000, -0.000000000000000000, -1.000000000000000000 ) ) ;
#7171 = LINE ( 'NONE', #8391, #2957 ) ;
#7172 = ORIENTED_EDGE ( 'NONE', *, *, #1983, .F. ) ;
#7173 = CARTESIAN_POINT ( 'NONE',  ( 5.299999999999998934, 3.250000000000000444, 0.000000000000000000 ) ) ;
#7174 = CARTESIAN_POINT ( 'NONE',  ( -4.500000000000000888, 6.500000000000000000, 1.900000000000000133 ) ) ;
#7175 = FILL_AREA_STYLE ('',( #10166 ) ) ;
#7176 = LINE ( 'NONE', #12452, #6740 ) ;
#7177 = FILL_AREA_STYLE_COLOUR ( '', #7339 ) ;
#7178 = CARTESIAN_POINT ( 'NONE',  ( 5.299999999999998934, -1.050000000000000266, 0.000000000000000000 ) ) ;
#7179 = UNCERTAINTY_MEASURE_WITH_UNIT (LENGTH_MEASURE( 1.000000000000000082E-05 ), #3082, 'distance_accuracy_value', 'NONE');
#7180 = PRESENTATION_STYLE_ASSIGNMENT (( #1210 ) ) ;
#7181 = VERTEX_POINT ( 'NONE', #7072 ) ;
#7182 = ADVANCED_FACE ( 'NONE', ( #6946 ), #11281, .T. ) ;
#7183 = LINE ( 'NONE', #13200, #3139 ) ;
#7184 = CARTESIAN_POINT ( 'NONE',  ( 6.099999999999999645, -1.500000000000000222, 0.000000000000000000 ) ) ;
#7185 = CARTESIAN_POINT ( 'NONE',  ( 6.099999999999999645, -2.600000000000000533, 0.8199999999999999512 ) ) ;
#7186 = VERTEX_POINT ( 'NONE', #2115 ) ;
#7187 = CARTESIAN_POINT ( 'NONE',  ( 6.099999999999999645, -6.350000000000000533, 0.8199999999999999512 ) ) ;
#7188 = CARTESIAN_POINT ( 'NONE',  ( -5.299999999999998934, 7.450000000000000178, 0.8199999999999999512 ) ) ;
#7189 = DIRECTION ( 'NONE',  ( 0.000000000000000000, -1.000000000000000000, 0.000000000000000000 ) ) ;
#7190 = AXIS2_PLACEMENT_3D ( 'NONE', #4369, #10504, #5299 ) ;
#7191 = CARTESIAN_POINT ( 'NONE',  ( -4.499999999999998224, -6.500000000000000000, 2.400000000000000355 ) ) ;
#7192 = UNCERTAINTY_MEASURE_WITH_UNIT (LENGTH_MEASURE( 1.000000000000000082E-05 ), #9352, 'distance_accuracy_value', 'NONE');
#7193 =( NAMED_UNIT ( * ) PLANE_ANGLE_UNIT ( ) SI_UNIT ( $, .RADIAN. ) );
#7194 = EDGE_LOOP ( 'NONE', ( #11564, #9738, #6535, #10100 ) ) ;
#7195 = EDGE_CURVE ( 'NONE', #7599, #438, #342, .T. ) ;
#7196 = DIRECTION ( 'NONE',  ( -1.000000000000000000, 0.000000000000000000, 0.000000000000000000 ) ) ;
#7197 = PLANE ( 'NONE',  #10957 ) ;
#7198 = FILL_AREA_STYLE_COLOUR ( '', #11381 ) ;
#7199 = VERTEX_POINT ( 'NONE', #12135 ) ;
#7200 = DIRECTION ( 'NONE',  ( -1.000000000000000000, 0.000000000000000000, -0.000000000000000000 ) ) ;
#7201 = DIRECTION ( 'NONE',  ( 1.000000000000000000, 0.000000000000000000, 0.000000000000000000 ) ) ;
#7202 = ORIENTED_EDGE ( 'NONE', *, *, #446, .F. ) ;
#7203 = LINE ( 'NONE', #1313, #2791 ) ;
#7204 = EDGE_LOOP ( 'NONE', ( #5924, #6896, #11337, #2265 ) ) ;
#7205 = PRESENTATION_LAYER_ASSIGNMENT (  '', '', ( #12609 ) ) ;
#7206 = FACE_OUTER_BOUND ( 'NONE', #11894, .T. ) ;
#7207 = AXIS2_PLACEMENT_3D ( 'NONE', #4961, #10164, #4027 ) ;
#7208 = LINE ( 'NONE', #242, #10116 ) ;
#7209 = CLOSED_SHELL ( 'NONE', ( #4872, #3753, #839, #4967, #4498, #10797, #9237, #1631, #8588, #8620 ) ) ;
#7210 = AXIS2_PLACEMENT_3D ( 'NONE', #7914, #1813, #12235 ) ;
#7211 = FILL_AREA_STYLE ('',( #8235 ) ) ;
#7212 =( LENGTH_UNIT ( ) NAMED_UNIT ( * ) SI_UNIT ( .MILLI., .METRE. ) );
#7213 = ADVANCED_FACE ( 'NONE', ( #11144 ), #5063, .T. ) ;
#7214 =( NAMED_UNIT ( * ) PLANE_ANGLE_UNIT ( ) SI_UNIT ( $, .RADIAN. ) );
#7215 = COLOUR_RGB ( '',0.9411764705882352811, 0.6274509803921568540, 0.05490196078431372473 ) ;
#7216 =( NAMED_UNIT ( * ) SI_UNIT ( $, .STERADIAN. ) SOLID_ANGLE_UNIT ( ) );
#7217 = AXIS2_PLACEMENT_3D ( 'NONE', #12103, #5163, #1077 ) ;
#7218 = PRESENTATION_LAYER_ASSIGNMENT (  '', '', ( #565 ) ) ;
#7219 = ORIENTED_EDGE ( 'NONE', *, *, #6686, .F. ) ;
#7220 = ORIENTED_EDGE ( 'NONE', *, *, #3523, .T. ) ;
#7221 = CARTESIAN_POINT ( 'NONE',  ( -6.099999999999999645, 8.000000000000000000, 0.8199999999999999512 ) ) ;
#7222 = EDGE_CURVE ( 'NONE', #9687, #11161, #10328, .T. ) ;
#7223 = EDGE_LOOP ( 'NONE', ( #2470, #1848, #106, #9596 ) ) ;
#7224 =( NAMED_UNIT ( * ) SI_UNIT ( $, .STERADIAN. ) SOLID_ANGLE_UNIT ( ) );
#7225 = PRESENTATION_STYLE_ASSIGNMENT (( #61 ) ) ;
#7226 =( NAMED_UNIT ( * ) SI_UNIT ( $, .STERADIAN. ) SOLID_ANGLE_UNIT ( ) );
#7227 = UNCERTAINTY_MEASURE_WITH_UNIT (LENGTH_MEASURE( 1.000000000000000082E-05 ), #2676, 'distance_accuracy_value', 'NONE');
#7228 = PRESENTATION_STYLE_ASSIGNMENT (( #10422 ) ) ;
#7229 =( LENGTH_UNIT ( ) NAMED_UNIT ( * ) SI_UNIT ( .MILLI., .METRE. ) );
#7230 = VERTEX_POINT ( 'NONE', #9308 ) ;
#7231 = CARTESIAN_POINT ( 'NONE',  ( 6.099999999999999645, -1.050000000000000266, 0.8199999999999999512 ) ) ;
#7232 = ORIENTED_EDGE ( 'NONE', *, *, #11720, .F. ) ;
#7233 = CARTESIAN_POINT ( 'NONE',  ( 6.099999999999999645, 2.600000000000000089, 0.8199999999999999512 ) ) ;
#7234 = EDGE_LOOP ( 'NONE', ( #2520, #1826, #7484, #8102 ) ) ;
#7235 = VECTOR ( 'NONE', #1816, 1000.000000000000000 ) ;
#7236 = CIRCLE ( 'NONE', #9841, 0.2500000000000002220 ) ;
#7237 = CARTESIAN_POINT ( 'NONE',  ( 5.299999999999998934, -2.150000000000000355, 0.8199999999999999512 ) ) ;
#7238 = FILL_AREA_STYLE_COLOUR ( '', #12396 ) ;
#7239 =( LENGTH_UNIT ( ) NAMED_UNIT ( * ) SI_UNIT ( .MILLI., .METRE. ) );
#7240 = DIRECTION ( 'NONE',  ( 0.000000000000000000, 0.000000000000000000, -1.000000000000000000 ) ) ;
#7241 = ORIENTED_EDGE ( 'NONE', *, *, #892, .F. ) ;
#7242 = ADVANCED_FACE ( 'NONE', ( #103 ), #2051, .T. ) ;
#7243 = VECTOR ( 'NONE', #1340, 1000.000000000000000 ) ;
#7244 = CARTESIAN_POINT ( 'NONE',  ( -5.299999999999998934, 6.550000000000000711, 0.8199999999999999512 ) ) ;
#7245 = SURFACE_STYLE_USAGE ( .BOTH. , #3175 ) ;
#7246 = EDGE_CURVE ( 'NONE', #3551, #6447, #12485, .T. ) ;
#7247 = STYLED_ITEM ( 'NONE', ( #1008 ), #11074 ) ;
#7248 = AXIS2_PLACEMENT_3D ( 'NONE', #10204, #2002, #5879 ) ;
#7249 = ORIENTED_EDGE ( 'NONE', *, *, #9318, .F. ) ;
#7250 = DIRECTION ( 'NONE',  ( 1.000000000000000000, -0.000000000000000000, -0.000000000000000000 ) ) ;
#7251 = DIRECTION ( 'NONE',  ( 1.000000000000000000, 0.000000000000000000, 0.000000000000000000 ) ) ;
#7252 = DIRECTION ( 'NONE',  ( 0.000000000000000000, 0.000000000000000000, -1.000000000000000000 ) ) ;
#7253 = EDGE_LOOP ( 'NONE', ( #8140, #1156, #2203, #7864 ) ) ;
#7254 =( NAMED_UNIT ( * ) PLANE_ANGLE_UNIT ( ) SI_UNIT ( $, .RADIAN. ) );
#7255 = CARTESIAN_POINT ( 'NONE',  ( 5.849999999999999645, 7.000000000000000000, 0.8199999999999999512 ) ) ;
#7256 = FILL_AREA_STYLE ('',( #12670 ) ) ;
#7257 = VECTOR ( 'NONE', #1120, 1000.000000000000000 ) ;
#7258 = AXIS2_PLACEMENT_3D ( 'NONE', #2463, #648, #517 ) ;
#7259 = MECHANICAL_DESIGN_GEOMETRIC_PRESENTATION_REPRESENTATION (  '', ( #5540 ), #12414 ) ;
#7260 = MECHANICAL_DESIGN_GEOMETRIC_PRESENTATION_REPRESENTATION (  '', ( #1256 ), #12214 ) ;
#7261 = CIRCLE ( 'NONE', #4060, 0.2500000000000002220 ) ;
#7262 = EDGE_CURVE ( 'NONE', #7887, #6071, #1172, .T. ) ;
#7263 = EDGE_CURVE ( 'NONE', #10459, #9030, #11671, .T. ) ;
#7265 = FILL_AREA_STYLE ('',( #1227 ) ) ;
#7264 = VECTOR ( 'NONE', #4523, 1000.000000000000000 ) ;
#7266 = VECTOR ( 'NONE', #5126, 1000.000000000000000 ) ;
#7267 = ORIENTED_EDGE ( 'NONE', *, *, #205, .F. ) ;
#7268 = PLANE ( 'NONE',  #9905 ) ;
#7269 =( NAMED_UNIT ( * ) SI_UNIT ( $, .STERADIAN. ) SOLID_ANGLE_UNIT ( ) );
#7270 = COLOUR_RGB ( '',0.9411764705882352811, 0.6274509803921568540, 0.05490196078431372473 ) ;
#7271 = EDGE_LOOP ( 'NONE', ( #5168, #10377, #6154, #6798 ) ) ;
#7272 = AXIS2_PLACEMENT_3D ( 'NONE', #1362, #5451, #9551 ) ;
#7273 = CARTESIAN_POINT ( 'NONE',  ( -6.099999999999999645, -3.250000000000000444, 0.8199999999999999512 ) ) ;
#7274 = CARTESIAN_POINT ( 'NONE',  ( 6.099999999999999645, 8.000000000000000000, 0.8199999999999999512 ) ) ;
#7275 = ORIENTED_EDGE ( 'NONE', *, *, #4886, .F. ) ;
#7276 = SURFACE_SIDE_STYLE ('',( #6263 ) ) ;
#7277 = CARTESIAN_POINT ( 'NONE',  ( 6.099999999999999645, -7.250000000000000000, 0.8199999999999999512 ) ) ;
#7278 = ORIENTED_EDGE ( 'NONE', *, *, #1689, .T. ) ;
#7279 = SURFACE_STYLE_USAGE ( .BOTH. , #10404 ) ;
#7280 = AXIS2_PLACEMENT_3D ( 'NONE', #7184, #2092, #5300 ) ;
#7281 = PRESENTATION_LAYER_ASSIGNMENT (  '', '', ( #9232 ) ) ;
#7282 = EDGE_CURVE ( 'NONE', #32, #1466, #11478, .T. ) ;
#7283 = VECTOR ( 'NONE', #1029, 1000.000000000000000 ) ;
#7284 = DIRECTION ( 'NONE',  ( 0.000000000000000000, 0.000000000000000000, 1.000000000000000000 ) ) ;
#7285 = CARTESIAN_POINT ( 'NONE',  ( -6.099999999999999645, 7.450000000000000178, 0.8199999999999999512 ) ) ;
#7286 =( LENGTH_UNIT ( ) NAMED_UNIT ( * ) SI_UNIT ( .MILLI., .METRE. ) );
#7287 = CYLINDRICAL_SURFACE ( 'NONE', #12872, 0.5000000000000004441 ) ;
#7288 = SURFACE_STYLE_FILL_AREA ( #5334 ) ;
#7289 =( GEOMETRIC_REPRESENTATION_CONTEXT ( 3 ) GLOBAL_UNCERTAINTY_ASSIGNED_CONTEXT ( ( #11010 ) ) GLOBAL_UNIT_ASSIGNED_CONTEXT ( ( #12831, #7705, #4668 ) ) REPRESENTATION_CONTEXT ( 'NONE', 'WORKASPACE' ) );
#7290 = ORIENTED_EDGE ( 'NONE', *, *, #2103, .F. ) ;
#7291 = PRESENTATION_LAYER_ASSIGNMENT (  '', '', ( #6009 ) ) ;
#7292 = DIRECTION ( 'NONE',  ( 0.000000000000000000, 0.000000000000000000, -1.000000000000000000 ) ) ;
#7293 =( NAMED_UNIT ( * ) SI_UNIT ( $, .STERADIAN. ) SOLID_ANGLE_UNIT ( ) );
#7294 = ORIENTED_EDGE ( 'NONE', *, *, #12292, .T. ) ;
#7295 = COLOUR_RGB ( '',0.9411764705882352811, 0.6274509803921568540, 0.05490196078431372473 ) ;
#7296 = CARTESIAN_POINT ( 'NONE',  ( -6.099999999999998757, 4.150000000000000355, 0.000000000000000000 ) ) ;
#7297 = LINE ( 'NONE', #10677, #2417 ) ;
#7298 = LINE ( 'NONE', #1335, #5572 ) ;
#7299 = AXIS2_PLACEMENT_3D ( 'NONE', #9444, #1055, #174 ) ;
#7300 = EDGE_CURVE ( 'NONE', #8838, #130, #3199, .T. ) ;
#7301 = EDGE_CURVE ( 'NONE', #1766, #9460, #3273, .T. ) ;
#7302 = VECTOR ( 'NONE', #457, 1000.000000000000000 ) ;
#7303 =( LENGTH_UNIT ( ) NAMED_UNIT ( * ) SI_UNIT ( .MILLI., .METRE. ) );
#7304 = CARTESIAN_POINT ( 'NONE',  ( -5.299999999999998934, 2.149999999999999911, 0.8199999999999999512 ) ) ;
#7305 =( NAMED_UNIT ( * ) PLANE_ANGLE_UNIT ( ) SI_UNIT ( $, .RADIAN. ) );
#7306 = VECTOR ( 'NONE', #11682, 1000.000000000000000 ) ;
#7307 = ORIENTED_EDGE ( 'NONE', *, *, #10544, .F. ) ;
#7308 = MECHANICAL_DESIGN_GEOMETRIC_PRESENTATION_REPRESENTATION (  '', ( #3892 ), #10557 ) ;
#7309 = LINE ( 'NONE', #1138, #11527 ) ;
#7310 = LINE ( 'NONE', #10226, #807 ) ;
#7311 = ORIENTED_EDGE ( 'NONE', *, *, #205, .T. ) ;
#7312 = SURFACE_SIDE_STYLE ('',( #5492 ) ) ;
#7313 = SURFACE_SIDE_STYLE ('',( #5235 ) ) ;
#7314 = CARTESIAN_POINT ( 'NONE',  ( 6.099999999999999645, -6.150000000000001243, 0.8199999999999999512 ) ) ;
#7315 = EDGE_LOOP ( 'NONE', ( #8842, #6062, #12187, #5696 ) ) ;
#7316 = VECTOR ( 'NONE', #665, 1000.000000000000000 ) ;
#7317 = LINE ( 'NONE', #10698, #10621 ) ;
#7318 = ORIENTED_EDGE ( 'NONE', *, *, #9719, .F. ) ;
#7319 = ADVANCED_FACE ( 'NONE', ( #7353 ), #9638, .T. ) ;
#7320 = AXIS2_PLACEMENT_3D ( 'NONE', #1786, #779, #9846 ) ;
#7321 = DIRECTION ( 'NONE',  ( 0.000000000000000000, 0.000000000000000000, -1.000000000000000000 ) ) ;
#7322 = MECHANICAL_DESIGN_GEOMETRIC_PRESENTATION_REPRESENTATION (  '', ( #1748 ), #8602 ) ;
#7323 = LINE ( 'NONE', #4221, #1236 ) ;
#7324 = UNCERTAINTY_MEASURE_WITH_UNIT (LENGTH_MEASURE( 1.000000000000000082E-05 ), #3305, 'distance_accuracy_value', 'NONE');
#7325 = DIRECTION ( 'NONE',  ( 0.000000000000000000, -1.000000000000000000, 0.000000000000000000 ) ) ;
#7326 = VECTOR ( 'NONE', #3969, 1000.000000000000000 ) ;
#7327 = MECHANICAL_DESIGN_GEOMETRIC_PRESENTATION_REPRESENTATION (  '', ( #4749 ), #1984 ) ;
#7328 = ORIENTED_EDGE ( 'NONE', *, *, #216, .F. ) ;
#7329 = LINE ( 'NONE', #10439, #1764 ) ;
#7330 = DIRECTION ( 'NONE',  ( -0.000000000000000000, -0.000000000000000000, -1.000000000000000000 ) ) ;
#7331 = LINE ( 'NONE', #1090, #2378 ) ;
#7332 = VERTEX_POINT ( 'NONE', #5521 ) ;
#7333 = LINE ( 'NONE', #6384, #8204 ) ;
#7334 = FILL_AREA_STYLE ('',( #7464 ) ) ;
#7335 = VECTOR ( 'NONE', #1398, 1000.000000000000000 ) ;
#7336 = DIRECTION ( 'NONE',  ( 1.000000000000000000, 0.000000000000000000, 0.000000000000000000 ) ) ;
#7337 = SURFACE_STYLE_FILL_AREA ( #7256 ) ;
#7338 = LINE ( 'NONE', #2241, #7283 ) ;
#7339 = COLOUR_RGB ( '',0.9411764705882352811, 0.6274509803921568540, 0.05490196078431372473 ) ;
#7340 = VECTOR ( 'NONE', #2713, 1000.000000000000000 ) ;
#7341 = PRESENTATION_STYLE_ASSIGNMENT (( #3124 ) ) ;
#7342 = EDGE_CURVE ( 'NONE', #26, #3051, #2395, .T. ) ;
#7343 = UNCERTAINTY_MEASURE_WITH_UNIT (LENGTH_MEASURE( 1.000000000000000082E-05 ), #3161, 'distance_accuracy_value', 'NONE');
#7344 = PRESENTATION_LAYER_ASSIGNMENT (  '', '', ( #9283 ) ) ;
#7345 = CARTESIAN_POINT ( 'NONE',  ( -6.099999999999996980, -8.000000000000000000, 0.000000000000000000 ) ) ;
#7346 = ORIENTED_EDGE ( 'NONE', *, *, #788, .F. ) ;
#7347 = FACE_OUTER_BOUND ( 'NONE', #13028, .T. ) ;
#7348 = CARTESIAN_POINT ( 'NONE',  ( -6.099999999999999645, -6.350000000000000533, 0.8199999999999999512 ) ) ;
#7349 = MECHANICAL_DESIGN_GEOMETRIC_PRESENTATION_REPRESENTATION (  '', ( #5421 ), #4764 ) ;
#7350 = ORIENTED_EDGE ( 'NONE', *, *, #9081, .T. ) ;
#7351 = SURFACE_STYLE_USAGE ( .BOTH. , #3271 ) ;
#7352 = DIRECTION ( 'NONE',  ( 1.000000000000000000, 0.000000000000000000, 0.000000000000000000 ) ) ;
#7353 = FACE_OUTER_BOUND ( 'NONE', #11333, .T. ) ;
#7354 = ADVANCED_FACE ( 'NONE', ( #9775 ), #4509, .T. ) ;
#7355 = ORIENTED_EDGE ( 'NONE', *, *, #13295, .T. ) ;
#7356 = EDGE_CURVE ( 'NONE', #2030, #8321, #6867, .T. ) ;
#7357 = ORIENTED_EDGE ( 'NONE', *, *, #1810, .T. ) ;
#7358 = VECTOR ( 'NONE', #1755, 1000.000000000000000 ) ;
#7359 = ORIENTED_EDGE ( 'NONE', *, *, #10479, .F. ) ;
#7360 = CARTESIAN_POINT ( 'NONE',  ( -6.099999999999999645, 0.04999999999999969746, 0.8199999999999999512 ) ) ;
#7361 =( NAMED_UNIT ( * ) SI_UNIT ( $, .STERADIAN. ) SOLID_ANGLE_UNIT ( ) );
#7362 = COLOUR_RGB ( '',0.000000000000000000, 1.000000000000000000, 0.000000000000000000 ) ;
#7363 = DIRECTION ( 'NONE',  ( -1.626303258728256651E-16, 1.000000000000000000, 0.000000000000000000 ) ) ;
#7364 = SURFACE_SIDE_STYLE ('',( #8301 ) ) ;
#7365 =( GEOMETRIC_REPRESENTATION_CONTEXT ( 3 ) GLOBAL_UNCERTAINTY_ASSIGNED_CONTEXT ( ( #1162 ) ) GLOBAL_UNIT_ASSIGNED_CONTEXT ( ( #1392, #11430, #8445 ) ) REPRESENTATION_CONTEXT ( 'NONE', 'WORKASPACE' ) );
#7366 = DIRECTION ( 'NONE',  ( 0.000000000000000000, -0.000000000000000000, 1.000000000000000000 ) ) ;
#7367 = DIRECTION ( 'NONE',  ( -1.000000000000000000, 0.000000000000000000, 0.000000000000000000 ) ) ;
#7368 = ORIENTED_EDGE ( 'NONE', *, *, #3592, .T. ) ;
#7369 = DIRECTION ( 'NONE',  ( 0.000000000000000000, -1.000000000000000000, 0.000000000000000000 ) ) ;
#7370 = CARTESIAN_POINT ( 'NONE',  ( 5.299999999999998934, 3.250000000000000444, 0.8199999999999999512 ) ) ;
#7371 = ADVANCED_FACE ( 'NONE', ( #12938 ), #5718, .F. ) ;
#7372 = CARTESIAN_POINT ( 'NONE',  ( -5.299999999999998934, -4.350000000000000533, 0.000000000000000000 ) ) ;
#7373 = ORIENTED_EDGE ( 'NONE', *, *, #5628, .F. ) ;
#7374 = VECTOR ( 'NONE', #1237, 1000.000000000000000 ) ;
#7375 = FILL_AREA_STYLE_COLOUR ( '', #11470 ) ;
#7376 = CARTESIAN_POINT ( 'NONE',  ( -6.099999999999999645, 2.149999999999999911, 0.8199999999999999512 ) ) ;
#7377 = UNCERTAINTY_MEASURE_WITH_UNIT (LENGTH_MEASURE( 1.000000000000000082E-05 ), #10167, 'distance_accuracy_value', 'NONE');
#7378 = VECTOR ( 'NONE', #11928, 1000.000000000000000 ) ;
#7379 = ORIENTED_EDGE ( 'NONE', *, *, #13087, .F. ) ;
#7380 = FILL_AREA_STYLE ('',( #192 ) ) ;
#7381 = ORIENTED_EDGE ( 'NONE', *, *, #10791, .F. ) ;
#7382 = DIRECTION ( 'NONE',  ( 0.000000000000000000, 0.000000000000000000, -1.000000000000000000 ) ) ;
#7383 = PLANE ( 'NONE',  #12434 ) ;
#7384 = EDGE_LOOP ( 'NONE', ( #11823, #5604, #2653, #3277 ) ) ;
#7385 = CIRCLE ( 'NONE', #5454, 0.2500000000000002220 ) ;
#7386 = EDGE_CURVE ( 'NONE', #672, #990, #1630, .T. ) ;
#7387 = SURFACE_SIDE_STYLE ('',( #3304 ) ) ;
#7388 = ORIENTED_EDGE ( 'NONE', *, *, #2439, .F. ) ;
#7389 = SURFACE_STYLE_USAGE ( .BOTH. , #3307 ) ;
#7390 = DIRECTION ( 'NONE',  ( 1.000000000000000000, 1.626303258728256651E-16, -0.000000000000000000 ) ) ;
#7391 = DIRECTION ( 'NONE',  ( 0.000000000000000000, 0.000000000000000000, -1.000000000000000000 ) ) ;
#7392 =( NAMED_UNIT ( * ) PLANE_ANGLE_UNIT ( ) SI_UNIT ( $, .RADIAN. ) );
#7393 = ORIENTED_EDGE ( 'NONE', *, *, #11650, .F. ) ;
#7394 = ORIENTED_EDGE ( 'NONE', *, *, #3177, .F. ) ;
#7395 =( NAMED_UNIT ( * ) PLANE_ANGLE_UNIT ( ) SI_UNIT ( $, .RADIAN. ) );
#7396 = FACE_OUTER_BOUND ( 'NONE', #12225, .T. ) ;
#7397 = ORIENTED_EDGE ( 'NONE', *, *, #9343, .F. ) ;
#7398 = DIRECTION ( 'NONE',  ( -1.000000000000000000, 0.000000000000000000, 0.000000000000000000 ) ) ;
#7399 = EDGE_CURVE ( 'NONE', #10095, #9675, #1636, .T. ) ;
#7400 = ORIENTED_EDGE ( 'NONE', *, *, #1670, .T. ) ;
#7401 = CARTESIAN_POINT ( 'NONE',  ( -5.299999999999998934, -5.450000000000001066, 0.8199999999999999512 ) ) ;
#7402 = CARTESIAN_POINT ( 'NONE',  ( 6.099999999999999645, -2.850000000000000533, 0.000000000000000000 ) ) ;
#7403 = DIRECTION ( 'NONE',  ( -0.000000000000000000, 0.000000000000000000, 1.000000000000000000 ) ) ;
#7404 = CARTESIAN_POINT ( 'NONE',  ( 6.099999999999999645, -2.850000000000000533, 0.8199999999999999512 ) ) ;
#7405 = ORIENTED_EDGE ( 'NONE', *, *, #12675, .F. ) ;
#7406 = SURFACE_SIDE_STYLE ('',( #10454 ) ) ;
#7407 = PLANE ( 'NONE',  #4693 ) ;
#7408 = ADVANCED_FACE ( 'NONE', ( #8877 ), #635, .F. ) ;
#7409 = ORIENTED_EDGE ( 'NONE', *, *, #1943, .T. ) ;
#7410 = LINE ( 'NONE', #434, #4199 ) ;
#7411 = EDGE_CURVE ( 'NONE', #12104, #1734, #8742, .T. ) ;
#7412 = VERTEX_POINT ( 'NONE', #6595 ) ;
#7413 = SURFACE_STYLE_USAGE ( .BOTH. , #2587 ) ;
#7414 = DIRECTION ( 'NONE',  ( 0.000000000000000000, 1.000000000000000000, 0.000000000000000000 ) ) ;
#7415 = ORIENTED_EDGE ( 'NONE', *, *, #227, .T. ) ;
#7416 = ORIENTED_EDGE ( 'NONE', *, *, #9634, .F. ) ;
#7417 = FILL_AREA_STYLE_COLOUR ( '', #9627 ) ;
#7418 = CARTESIAN_POINT ( 'NONE',  ( 6.099999999999999645, 6.349999999999999645, 0.8199999999999999512 ) ) ;
#7419 = COLOUR_RGB ( '',0.9411764705882352811, 0.6274509803921568540, 0.05490196078431372473 ) ;
#7420 = PRESENTATION_LAYER_ASSIGNMENT (  '', '', ( #10233 ) ) ;
#7421 = EDGE_CURVE ( 'NONE', #8503, #8779, #7742, .T. ) ;
#7422 = DIRECTION ( 'NONE',  ( -0.000000000000000000, -0.000000000000000000, -1.000000000000000000 ) ) ;
#7423 = LINE ( 'NONE', #6415, #8169 ) ;
#7424 =( NAMED_UNIT ( * ) PLANE_ANGLE_UNIT ( ) SI_UNIT ( $, .RADIAN. ) );
#7425 = VERTEX_POINT ( 'NONE', #5856 ) ;
#7426 = FACE_OUTER_BOUND ( 'NONE', #2249, .T. ) ;
#7427 = SURFACE_STYLE_FILL_AREA ( #10414 ) ;
#7428 = AXIS2_PLACEMENT_3D ( 'NONE', #11933, #2728, #1715 ) ;
#7429 = DIRECTION ( 'NONE',  ( 0.000000000000000000, 0.000000000000000000, -1.000000000000000000 ) ) ;
#7430 = EDGE_LOOP ( 'NONE', ( #11798, #4651, #9884, #6767 ) ) ;
#7431 = DIRECTION ( 'NONE',  ( 0.000000000000000000, -1.000000000000000000, 0.000000000000000000 ) ) ;
#7432 = LINE ( 'NONE', #6210, #11799 ) ;
#7433 = DIRECTION ( 'NONE',  ( -1.000000000000000000, 0.000000000000000000, 0.000000000000000000 ) ) ;
#7434 = DIRECTION ( 'NONE',  ( -0.000000000000000000, -0.000000000000000000, 1.000000000000000000 ) ) ;
#7435 = AXIS2_PLACEMENT_3D ( 'NONE', #9333, #3297, #9461 ) ;
#7436 = EDGE_CURVE ( 'NONE', #9924, #11211, #1502, .T. ) ;
#7437 = ORIENTED_EDGE ( 'NONE', *, *, #12338, .T. ) ;
#7438 =( NAMED_UNIT ( * ) PLANE_ANGLE_UNIT ( ) SI_UNIT ( $, .RADIAN. ) );
#7439 =( NAMED_UNIT ( * ) SI_UNIT ( $, .STERADIAN. ) SOLID_ANGLE_UNIT ( ) );
#7440 = ORIENTED_EDGE ( 'NONE', *, *, #10479, .T. ) ;
#7441 = FACE_OUTER_BOUND ( 'NONE', #5586, .T. ) ;
#7442 = DIRECTION ( 'NONE',  ( 1.000000000000000000, 0.000000000000000000, -0.000000000000000000 ) ) ;
#7443 = ORIENTED_EDGE ( 'NONE', *, *, #2348, .T. ) ;
#7444 = DIRECTION ( 'NONE',  ( 0.000000000000000000, 0.000000000000000000, -1.000000000000000000 ) ) ;
#7445 = VERTEX_POINT ( 'NONE', #508 ) ;
#7446 = COLOUR_RGB ( '',0.9411764705882352811, 0.6274509803921568540, 0.05490196078431372473 ) ;
#7447 = CARTESIAN_POINT ( 'NONE',  ( -6.099999999999999645, 5.899999999999999467, 0.8199999999999999512 ) ) ;
#7448 = CARTESIAN_POINT ( 'NONE',  ( 5.299999999999998934, -6.350000000000000533, 0.000000000000000000 ) ) ;
#7449 = FILL_AREA_STYLE_COLOUR ( '', #6167 ) ;
#7450 = VERTEX_POINT ( 'NONE', #10928 ) ;
#7451 = STYLED_ITEM ( 'NONE', ( #11444 ), #2518 ) ;
#7452 = CARTESIAN_POINT ( 'NONE',  ( 5.299999999999998934, 4.150000000000000355, 0.8199999999999999512 ) ) ;
#7453 = EDGE_LOOP ( 'NONE', ( #2020, #11571, #1911, #1602 ) ) ;
#7454 = EDGE_CURVE ( 'NONE', #10425, #2762, #1697, .T. ) ;
#7455 = SURFACE_SIDE_STYLE ('',( #4365 ) ) ;
#7456 = LINE ( 'NONE', #4367, #10919 ) ;
#7457 = STYLED_ITEM ( 'NONE', ( #3316 ), #379 ) ;
#7458 = VECTOR ( 'NONE', #4417, 1000.000000000000000 ) ;
#7459 = ORIENTED_EDGE ( 'NONE', *, *, #676, .T. ) ;
#7460 = LINE ( 'NONE', #11584, #10680 ) ;
#7461 =( NAMED_UNIT ( * ) SI_UNIT ( $, .STERADIAN. ) SOLID_ANGLE_UNIT ( ) );
#7462 = ORIENTED_EDGE ( 'NONE', *, *, #10757, .F. ) ;
#7463 = CARTESIAN_POINT ( 'NONE',  ( 6.099999999999999645, 0.04999999999999969746, 0.000000000000000000 ) ) ;
#7464 = FILL_AREA_STYLE_COLOUR ( '', #10373 ) ;
#7465 = CARTESIAN_POINT ( 'NONE',  ( 6.099999999999999645, 6.150000000000000355, 0.000000000000000000 ) ) ;
#7466 = LINE ( 'NONE', #6460, #12005 ) ;
#7467 = PRESENTATION_LAYER_ASSIGNMENT (  '', '', ( #5528 ) ) ;
#7468 = FILL_AREA_STYLE_COLOUR ( '', #6477 ) ;
#7469 = EDGE_CURVE ( 'NONE', #8779, #4843, #3777, .T. ) ;
#7470 = MECHANICAL_DESIGN_GEOMETRIC_PRESENTATION_REPRESENTATION (  '', ( #6824 ), #1708 ) ;
#7471 = UNCERTAINTY_MEASURE_WITH_UNIT (LENGTH_MEASURE( 1.000000000000000082E-05 ), #12834, 'distance_accuracy_value', 'NONE');
#7472 = CARTESIAN_POINT ( 'NONE',  ( 6.099999999999999645, -3.050000000000000711, 0.000000000000000000 ) ) ;
#7473 = ORIENTED_EDGE ( 'NONE', *, *, #11926, .F. ) ;
#7474 = LINE ( 'NONE', #5459, #3037 ) ;
#7475 =( NAMED_UNIT ( * ) PLANE_ANGLE_UNIT ( ) SI_UNIT ( $, .RADIAN. ) );
#7476 = AXIS2_PLACEMENT_3D ( 'NONE', #10362, #12440, #9335 ) ;
#7477 = DIRECTION ( 'NONE',  ( -1.000000000000000000, -0.000000000000000000, -0.000000000000000000 ) ) ;
#7478 = FACE_OUTER_BOUND ( 'NONE', #749, .T. ) ;
#7479 = SURFACE_STYLE_USAGE ( .BOTH. , #12410 ) ;
#7480 = VERTEX_POINT ( 'NONE', #1774 ) ;
#7481 = VECTOR ( 'NONE', #8983, 1000.000000000000000 ) ;
#7482 = DIRECTION ( 'NONE',  ( 1.000000000000000000, -0.000000000000000000, -0.000000000000000000 ) ) ;
#7483 = AXIS2_PLACEMENT_3D ( 'NONE', #9120, #799, #13229 ) ;
#7484 = ORIENTED_EDGE ( 'NONE', *, *, #3621, .T. ) ;
#7485 = FILL_AREA_STYLE ('',( #1795 ) ) ;
#7486 = ADVANCED_FACE ( 'NONE', ( #435 ), #9151, .T. ) ;
#7487 = STYLED_ITEM ( 'NONE', ( #9520 ), #1587 ) ;
#7488 = COLOUR_RGB ( '',0.9411764705882352811, 0.6274509803921568540, 0.05490196078431372473 ) ;
#7489 = AXIS2_PLACEMENT_3D ( 'NONE', #6918, #9007, #1015 ) ;
#7490 = EDGE_CURVE ( 'NONE', #12770, #9431, #11198, .T. ) ;
#7491 = CIRCLE ( 'NONE', #12004, 0.2500000000000002220 ) ;
#7492 = MECHANICAL_DESIGN_GEOMETRIC_PRESENTATION_REPRESENTATION (  '', ( #10521 ), #4904 ) ;
#7493 = FILL_AREA_STYLE ('',( #11613 ) ) ;
#7494 = LINE ( 'NONE', #8497, #12891 ) ;
#7495 = ORIENTED_EDGE ( 'NONE', *, *, #12494, .F. ) ;
#7496 = CARTESIAN_POINT ( 'NONE',  ( -6.099999999999999645, -6.150000000000001243, 0.8199999999999999512 ) ) ;
#7497 =( LENGTH_UNIT ( ) NAMED_UNIT ( * ) SI_UNIT ( .MILLI., .METRE. ) );
#7498 = FILL_AREA_STYLE_COLOUR ( '', #9202 ) ;
#7499 = VERTEX_POINT ( 'NONE', #4118 ) ;
#7500 = VECTOR ( 'NONE', #4719, 1000.000000000000000 ) ;
#7501 = VECTOR ( 'NONE', #8481, 1000.000000000000000 ) ;
#7502 = PRESENTATION_STYLE_ASSIGNMENT (( #9325 ) ) ;
#7503 = FACE_OUTER_BOUND ( 'NONE', #8305, .T. ) ;
#7504 = VECTOR ( 'NONE', #4304, 1000.000000000000000 ) ;
#7505 = SURFACE_STYLE_FILL_AREA ( #2344 ) ;
#7506 = ADVANCED_FACE ( 'NONE', ( #11323 ), #3054, .F. ) ;
#7507 = UNCERTAINTY_MEASURE_WITH_UNIT (LENGTH_MEASURE( 1.000000000000000082E-05 ), #7641, 'distance_accuracy_value', 'NONE');
#7508 = EDGE_LOOP ( 'NONE', ( #3923, #3375, #8316, #5160 ) ) ;
#7509 = CIRCLE ( 'NONE', #5135, 0.2500000000000002220 ) ;
#7510 = COLOUR_RGB ( '',0.9411764705882352811, 0.6274509803921568540, 0.05490196078431372473 ) ;
#7511 = PRESENTATION_STYLE_ASSIGNMENT (( #3417 ) ) ;
#7512 = SURFACE_SIDE_STYLE ('',( #3355 ) ) ;
#7513 = CARTESIAN_POINT ( 'NONE',  ( 6.099999999999999645, -3.050000000000000266, 0.8199999999999999512 ) ) ;
#7514 = CARTESIAN_POINT ( 'NONE',  ( -5.299999999999998934, -0.8500000000000000888, 0.8199999999999999512 ) ) ;
#7515 = ORIENTED_EDGE ( 'NONE', *, *, #8676, .F. ) ;
#7516 = SURFACE_STYLE_FILL_AREA ( #5551 ) ;
#7517 = ORIENTED_EDGE ( 'NONE', *, *, #7, .T. ) ;
#7518 = CARTESIAN_POINT ( 'NONE',  ( 6.099999999999999645, 4.150000000000000355, 0.000000000000000000 ) ) ;
#7519 = PLANE ( 'NONE',  #776 ) ;
#7521 = EDGE_CURVE ( 'NONE', #11476, #3028, #2920, .T. ) ;
#7520 = ORIENTED_EDGE ( 'NONE', *, *, #8968, .F. ) ;
#7522 = PLANE ( 'NONE',  #11487 ) ;
#7523 =( GEOMETRIC_REPRESENTATION_CONTEXT ( 3 ) GLOBAL_UNCERTAINTY_ASSIGNED_CONTEXT ( ( #7179 ) ) GLOBAL_UNIT_ASSIGNED_CONTEXT ( ( #3082, #4140, #10608 ) ) REPRESENTATION_CONTEXT ( 'NONE', 'WORKASPACE' ) );
#7524 = FACE_OUTER_BOUND ( 'NONE', #1351, .T. ) ;
#7525 =( GEOMETRIC_REPRESENTATION_CONTEXT ( 3 ) GLOBAL_UNCERTAINTY_ASSIGNED_CONTEXT ( ( #6527 ) ) GLOBAL_UNIT_ASSIGNED_CONTEXT ( ( #6015, #6954, #9114 ) ) REPRESENTATION_CONTEXT ( 'NONE', 'WORKASPACE' ) );
#7526 = DIRECTION ( 'NONE',  ( -0.000000000000000000, 0.000000000000000000, 1.000000000000000000 ) ) ;
#7527 = CARTESIAN_POINT ( 'NONE',  ( 6.099999999999999645, -0.4000000000000001887, 0.8199999999999999512 ) ) ;
#7528 = VERTEX_POINT ( 'NONE', #11267 ) ;
#7529 = CARTESIAN_POINT ( 'NONE',  ( -5.299999999999998934, -2.150000000000000355, 0.8199999999999999512 ) ) ;
#7530 = PRESENTATION_STYLE_ASSIGNMENT (( #11778 ) ) ;
#7531 = COLOUR_RGB ( '',0.9411764705882352811, 0.6274509803921568540, 0.05490196078431372473 ) ;
#7532 = ORIENTED_EDGE ( 'NONE', *, *, #423, .F. ) ;
#7533 = DIRECTION ( 'NONE',  ( 0.000000000000000000, -1.000000000000000000, 0.000000000000000000 ) ) ;
#7534 =( LENGTH_UNIT ( ) NAMED_UNIT ( * ) SI_UNIT ( .MILLI., .METRE. ) );
#7535 = DIRECTION ( 'NONE',  ( 0.000000000000000000, 0.000000000000000000, -1.000000000000000000 ) ) ;
#7536 = EDGE_CURVE ( 'NONE', #7480, #4513, #13141, .T. ) ;
#7537 = COLOUR_RGB ( '',0.9411764705882352811, 0.6274509803921568540, 0.05490196078431372473 ) ;
#7538 = LINE ( 'NONE', #11659, #1809 ) ;
#7539 = CARTESIAN_POINT ( 'NONE',  ( 3.999999999999998224, 6.500000000000000000, 2.400000000000000355 ) ) ;
#7540 =( GEOMETRIC_REPRESENTATION_CONTEXT ( 3 ) GLOBAL_UNCERTAINTY_ASSIGNED_CONTEXT ( ( #9936 ) ) GLOBAL_UNIT_ASSIGNED_CONTEXT ( ( #691, #13194, #10020 ) ) REPRESENTATION_CONTEXT ( 'NONE', 'WORKASPACE' ) );
#7541 = CARTESIAN_POINT ( 'NONE',  ( -6.099999999999999645, -1.050000000000000266, 0.8199999999999999512 ) ) ;
#7542 = ORIENTED_EDGE ( 'NONE', *, *, #7611, .F. ) ;
#7543 = DIRECTION ( 'NONE',  ( 0.000000000000000000, 0.000000000000000000, -1.000000000000000000 ) ) ;
#7544 =( NAMED_UNIT ( * ) PLANE_ANGLE_UNIT ( ) SI_UNIT ( $, .RADIAN. ) );
#7545 = PLANE ( 'NONE',  #426 ) ;
#7546 = FACE_OUTER_BOUND ( 'NONE', #1883, .T. ) ;
#7547 = DIRECTION ( 'NONE',  ( -0.000000000000000000, 1.000000000000000000, -0.000000000000000000 ) ) ;
#7548 = EDGE_CURVE ( 'NONE', #6957, #9506, #10110, .T. ) ;
#7549 = ORIENTED_EDGE ( 'NONE', *, *, #1525, .F. ) ;
#7550 =( GEOMETRIC_REPRESENTATION_CONTEXT ( 3 ) GLOBAL_UNCERTAINTY_ASSIGNED_CONTEXT ( ( #5171 ) ) GLOBAL_UNIT_ASSIGNED_CONTEXT ( ( #3585, #3646, #3843 ) ) REPRESENTATION_CONTEXT ( 'NONE', 'WORKASPACE' ) );
#7551 = FILL_AREA_STYLE_COLOUR ( '', #9741 ) ;
#7552 = PRESENTATION_STYLE_ASSIGNMENT (( #1379 ) ) ;
#7553 = EDGE_LOOP ( 'NONE', ( #10139, #5151, #931, #2106 ) ) ;
#7554 = DIRECTION ( 'NONE',  ( 1.000000000000000000, 0.000000000000000000, 0.000000000000000000 ) ) ;
#7555 = PRESENTATION_LAYER_ASSIGNMENT (  '', '', ( #2644 ) ) ;
#7556 = STYLED_ITEM ( 'NONE', ( #3324 ), #4823 ) ;
#7557 =( NAMED_UNIT ( * ) PLANE_ANGLE_UNIT ( ) SI_UNIT ( $, .RADIAN. ) );
#7558 = DIRECTION ( 'NONE',  ( 0.000000000000000000, -0.000000000000000000, 1.000000000000000000 ) ) ;
#7559 = CARTESIAN_POINT ( 'NONE',  ( -6.099999999999999645, 8.000000000000000000, 0.8199999999999999512 ) ) ;
#7560 = DIRECTION ( 'NONE',  ( -0.000000000000000000, -0.000000000000000000, -1.000000000000000000 ) ) ;
#7561 = SURFACE_STYLE_USAGE ( .BOTH. , #10466 ) ;
#7562 = CARTESIAN_POINT ( 'NONE',  ( 6.099999999999999645, -3.250000000000000444, 0.000000000000000000 ) ) ;
#7563 = EDGE_CURVE ( 'NONE', #11425, #11404, #8147, .T. ) ;
#7564 =( NAMED_UNIT ( * ) SI_UNIT ( $, .STERADIAN. ) SOLID_ANGLE_UNIT ( ) );
#7565 = EDGE_LOOP ( 'NONE', ( #4510, #3613, #12656, #3336 ) ) ;
#7566 =( LENGTH_UNIT ( ) NAMED_UNIT ( * ) SI_UNIT ( .MILLI., .METRE. ) );
#7567 = CARTESIAN_POINT ( 'NONE',  ( -6.099999999999999645, -1.500000000000000222, 0.8199999999999999512 ) ) ;
#7568 = MECHANICAL_DESIGN_GEOMETRIC_PRESENTATION_REPRESENTATION (  '', ( #1783 ), #8427 ) ;
#7569 = ORIENTED_EDGE ( 'NONE', *, *, #1810, .F. ) ;
#7570 = CARTESIAN_POINT ( 'NONE',  ( 5.299999999999998934, -1.050000000000000266, 0.000000000000000000 ) ) ;
#7571 = DIRECTION ( 'NONE',  ( 0.000000000000000000, -0.000000000000000000, -1.000000000000000000 ) ) ;
#7572 = LINE ( 'NONE', #8644, #2345 ) ;
#7573 = ORIENTED_EDGE ( 'NONE', *, *, #3869, .T. ) ;
#7574 = LINE ( 'NONE', #9674, #9827 ) ;
#7575 = ORIENTED_EDGE ( 'NONE', *, *, #11415, .F. ) ;
#7576 = EDGE_CURVE ( 'NONE', #11425, #7181, #1027, .T. ) ;
#7577 =( NAMED_UNIT ( * ) SI_UNIT ( $, .STERADIAN. ) SOLID_ANGLE_UNIT ( ) );
#7578 = ORIENTED_EDGE ( 'NONE', *, *, #12465, .F. ) ;
#7579 =( GEOMETRIC_REPRESENTATION_CONTEXT ( 3 ) GLOBAL_UNCERTAINTY_ASSIGNED_CONTEXT ( ( #260 ) ) GLOBAL_UNIT_ASSIGNED_CONTEXT ( ( #293, #3450, #8475 ) ) REPRESENTATION_CONTEXT ( 'NONE', 'WORKASPACE' ) );
#7580 = ADVANCED_FACE ( 'NONE', ( #2042 ), #2096, .F. ) ;
#7581 = DIRECTION ( 'NONE',  ( 1.000000000000000000, 0.000000000000000000, 0.000000000000000000 ) ) ;
#7582 = AXIS2_PLACEMENT_3D ( 'NONE', #4188, #9445, #246 ) ;
#7583 = FILL_AREA_STYLE ('',( #677 ) ) ;
#7584 = EDGE_CURVE ( 'NONE', #3274, #8792, #2981, .T. ) ;
#7585 = MECHANICAL_DESIGN_GEOMETRIC_PRESENTATION_REPRESENTATION (  '', ( #2457 ), #1815 ) ;
#7586 =( LENGTH_UNIT ( ) NAMED_UNIT ( * ) SI_UNIT ( .MILLI., .METRE. ) );
#7587 = CARTESIAN_POINT ( 'NONE',  ( 6.099999999999999645, -7.450000000000000178, 0.8199999999999999512 ) ) ;
#7588 = ORIENTED_EDGE ( 'NONE', *, *, #10739, .T. ) ;
#7589 = ORIENTED_EDGE ( 'NONE', *, *, #1543, .T. ) ;
#7590 =( NAMED_UNIT ( * ) PLANE_ANGLE_UNIT ( ) SI_UNIT ( $, .RADIAN. ) );
#7591 = LINE ( 'NONE', #11715, #4977 ) ;
#7592 = DIRECTION ( 'NONE',  ( 0.000000000000000000, -0.000000000000000000, -1.000000000000000000 ) ) ;
#7593 =( LENGTH_UNIT ( ) NAMED_UNIT ( * ) SI_UNIT ( .MILLI., .METRE. ) );
#7594 = FILL_AREA_STYLE_COLOUR ( '', #5861 ) ;
#7595 = STYLED_ITEM ( 'NONE', ( #5831 ), #10114 ) ;
#7596 = CARTESIAN_POINT ( 'NONE',  ( 6.099999999999999645, 3.700000000000000178, 0.8199999999999999512 ) ) ;
#7597 = EDGE_CURVE ( 'NONE', #10682, #6127, #967, .T. ) ;
#7598 = CARTESIAN_POINT ( 'NONE',  ( -6.099999999999998757, 0.04999999999999969746, 0.000000000000000000 ) ) ;
#7599 = VERTEX_POINT ( 'NONE', #5117 ) ;
#7600 = DIRECTION ( 'NONE',  ( -0.000000000000000000, 0.000000000000000000, 1.000000000000000000 ) ) ;
#7601 = PLANE ( 'NONE',  #424 ) ;
#7602 = FILL_AREA_STYLE ('',( #8679 ) ) ;
#7603 = FILL_AREA_STYLE_COLOUR ( '', #6683 ) ;
#7604 = PLANE ( 'NONE',  #5280 ) ;
#7605 = FILL_AREA_STYLE ('',( #12801 ) ) ;
#7606 = ORIENTED_EDGE ( 'NONE', *, *, #11513, .F. ) ;
#7607 =( NAMED_UNIT ( * ) SI_UNIT ( $, .STERADIAN. ) SOLID_ANGLE_UNIT ( ) );
#7608 =( LENGTH_UNIT ( ) NAMED_UNIT ( * ) SI_UNIT ( .MILLI., .METRE. ) );
#7609 = EDGE_LOOP ( 'NONE', ( #10629, #6467, #397, #250 ) ) ;
#7610 = CARTESIAN_POINT ( 'NONE',  ( 6.099999999999999645, -3.050000000000000266, 0.8199999999999999512 ) ) ;
#7611 = EDGE_CURVE ( 'NONE', #9901, #4843, #9975, .T. ) ;
#7612 = SURFACE_SIDE_STYLE ('',( #12357 ) ) ;
#7613 = FACE_OUTER_BOUND ( 'NONE', #8220, .T. ) ;
#7614 = SURFACE_STYLE_USAGE ( .BOTH. , #9651 ) ;
#7615 = DIRECTION ( 'NONE',  ( -0.000000000000000000, 1.000000000000000000, -0.000000000000000000 ) ) ;
#7616 = PRESENTATION_STYLE_ASSIGNMENT (( #6811 ) ) ;
#7617 = ORIENTED_EDGE ( 'NONE', *, *, #4389, .F. ) ;
#7618 = CARTESIAN_POINT ( 'NONE',  ( 6.099999999999999645, 8.000000000000000000, 0.000000000000000000 ) ) ;
#7619 = CARTESIAN_POINT ( 'NONE',  ( 6.099999999999999645, 4.549999999999999822, 0.8199999999999999512 ) ) ;
#7620 = DIRECTION ( 'NONE',  ( -0.000000000000000000, -0.000000000000000000, 1.000000000000000000 ) ) ;
#7621 = ORIENTED_EDGE ( 'NONE', *, *, #212, .T. ) ;
#7622 = CARTESIAN_POINT ( 'NONE',  ( -6.099999999999999645, -3.250000000000000444, 0.8199999999999999512 ) ) ;
#7623 = FACE_OUTER_BOUND ( 'NONE', #5736, .T. ) ;
#7624 = STYLED_ITEM ( 'NONE', ( #10767 ), #8109 ) ;
#7625 = LINE ( 'NONE', #6820, #1544 ) ;
#7626 = PRESENTATION_LAYER_ASSIGNMENT (  '', '', ( #8698 ) ) ;
#7627 = EDGE_CURVE ( 'NONE', #1802, #9511, #5918, .T. ) ;
#7628 = UNCERTAINTY_MEASURE_WITH_UNIT (LENGTH_MEASURE( 1.000000000000000082E-05 ), #3687, 'distance_accuracy_value', 'NONE');
#7629 = VERTEX_POINT ( 'NONE', #8535 ) ;
#7630 = FILL_AREA_STYLE_COLOUR ( '', #2523 ) ;
#7631 = EDGE_CURVE ( 'NONE', #6589, #8534, #3183, .T. ) ;
#7632 = MECHANICAL_DESIGN_GEOMETRIC_PRESENTATION_REPRESENTATION (  '', ( #140 ), #5703 ) ;
#7633 = SURFACE_STYLE_FILL_AREA ( #5618 ) ;
#7634 = CARTESIAN_POINT ( 'NONE',  ( -5.299999999999998934, 3.049999999999999822, 0.000000000000000000 ) ) ;
#7635 = ORIENTED_EDGE ( 'NONE', *, *, #8873, .T. ) ;
#7636 = DIRECTION ( 'NONE',  ( -1.000000000000000000, 0.000000000000000000, 0.000000000000000000 ) ) ;
#7637 = DIRECTION ( 'NONE',  ( 0.000000000000000000, -0.000000000000000000, 1.000000000000000000 ) ) ;
#7638 = ORIENTED_EDGE ( 'NONE', *, *, #10839, .F. ) ;
#7639 = LINE ( 'NONE', #2691, #6919 ) ;
#7640 =( NAMED_UNIT ( * ) PLANE_ANGLE_UNIT ( ) SI_UNIT ( $, .RADIAN. ) );
#7641 =( LENGTH_UNIT ( ) NAMED_UNIT ( * ) SI_UNIT ( .MILLI., .METRE. ) );
#7642 = ORIENTED_EDGE ( 'NONE', *, *, #390, .T. ) ;
#7643 =( GEOMETRIC_REPRESENTATION_CONTEXT ( 3 ) GLOBAL_UNCERTAINTY_ASSIGNED_CONTEXT ( ( #3854 ) ) GLOBAL_UNIT_ASSIGNED_CONTEXT ( ( #9852, #4790, #8891 ) ) REPRESENTATION_CONTEXT ( 'NONE', 'WORKASPACE' ) );
#7644 = VECTOR ( 'NONE', #8199, 1000.000000000000000 ) ;
#7645 = LINE ( 'NONE', #10901, #9368 ) ;
#7646 = FACE_OUTER_BOUND ( 'NONE', #204, .T. ) ;
#7647 = EDGE_CURVE ( 'NONE', #8609, #9275, #8474, .T. ) ;
#7648 = CLOSED_SHELL ( 'NONE', ( #11491, #2601, #3736, #2800, #12760, #6997, #5497, #13039, #3542 ) ) ;
#7649 = CARTESIAN_POINT ( 'NONE',  ( -6.099999999999999645, 6.750000000000000000, 0.8199999999999999512 ) ) ;
#7650 = VECTOR ( 'NONE', #11903, 1000.000000000000000 ) ;
#7651 = ORIENTED_EDGE ( 'NONE', *, *, #12854, .F. ) ;
#7652 = FILL_AREA_STYLE ('',( #5505 ) ) ;
#7653 = ORIENTED_EDGE ( 'NONE', *, *, #2488, .F. ) ;
#7654 = AXIS2_PLACEMENT_3D ( 'NONE', #1753, #6971, #13116 ) ;
#7655 = LINE ( 'NONE', #12788, #1123 ) ;
#7656 = FILL_AREA_STYLE_COLOUR ( '', #8717 ) ;
#7657 = SURFACE_SIDE_STYLE ('',( #10709 ) ) ;
#7658 = PLANE ( 'NONE',  #3317 ) ;
#7659 = STYLED_ITEM ( 'NONE', ( #7511 ), #609 ) ;
#7660 = LINE ( 'NONE', #11785, #9265 ) ;
#7661 = VECTOR ( 'NONE', #6945, 1000.000000000000000 ) ;
#7662 = PRESENTATION_LAYER_ASSIGNMENT (  '', '', ( #5328 ) ) ;
#7663 = EDGE_CURVE ( 'NONE', #7445, #3164, #2177, .T. ) ;
#7664 = CARTESIAN_POINT ( 'NONE',  ( 6.099999999999999645, 4.349999999999999645, 0.000000000000000000 ) ) ;
#7665 = ORIENTED_EDGE ( 'NONE', *, *, #10710, .T. ) ;
#7666 = PRESENTATION_STYLE_ASSIGNMENT (( #12797 ) ) ;
#7667 = SURFACE_SIDE_STYLE ('',( #3584 ) ) ;
#7668 = CARTESIAN_POINT ( 'NONE',  ( 5.299999999999998934, 0.04999999999999969746, 0.8199999999999999512 ) ) ;
#7669 = DIRECTION ( 'NONE',  ( 0.000000000000000000, -1.000000000000000000, 0.000000000000000000 ) ) ;
#7670 = VERTEX_POINT ( 'NONE', #2381 ) ;
#7672 = VECTOR ( 'NONE', #11959, 1000.000000000000000 ) ;
#7671 = DIRECTION ( 'NONE',  ( -1.000000000000000000, 0.000000000000000000, 0.000000000000000000 ) ) ;
#7673 = STYLED_ITEM ( 'NONE', ( #12460 ), #5513 ) ;
#7674 = EDGE_CURVE ( 'NONE', #4282, #1975, #5250, .T. ) ;
#7675 = EDGE_CURVE ( 'NONE', #12618, #11188, #1093, .T. ) ;
#7676 = VERTEX_POINT ( 'NONE', #11521 ) ;
#7677 =( NAMED_UNIT ( * ) SI_UNIT ( $, .STERADIAN. ) SOLID_ANGLE_UNIT ( ) );
#7678 = PRESENTATION_STYLE_ASSIGNMENT (( #574 ) ) ;
#7680 = CARTESIAN_POINT ( 'NONE',  ( -5.299999999999998934, -5.250000000000000000, 0.000000000000000000 ) ) ;
#7679 = VECTOR ( 'NONE', #8905, 1000.000000000000000 ) ;
#7681 =( NAMED_UNIT ( * ) PLANE_ANGLE_UNIT ( ) SI_UNIT ( $, .RADIAN. ) );
#7682 = LINE ( 'NONE', #12810, #11162 ) ;
#7683 = AXIS2_PLACEMENT_3D ( 'NONE', #9891, #8727, #12730 ) ;
#7684 = VERTEX_POINT ( 'NONE', #2306 ) ;
#7685 = VECTOR ( 'NONE', #10880, 1000.000000000000000 ) ;
#7686 = DIRECTION ( 'NONE',  ( -0.000000000000000000, 1.000000000000000000, -0.000000000000000000 ) ) ;
#7687 = CARTESIAN_POINT ( 'NONE',  ( -5.299999999999998934, -4.350000000000000533, 0.8199999999999999512 ) ) ;
#7688 = ORIENTED_EDGE ( 'NONE', *, *, #7847, .F. ) ;
#7689 = LINE ( 'NONE', #7622, #5443 ) ;
#7690 = CARTESIAN_POINT ( 'NONE',  ( -5.299999999999998934, 7.450000000000000178, 0.000000000000000000 ) ) ;
#7691 = ADVANCED_FACE ( 'NONE', ( #9296 ), #10445, .T. ) ;
#7692 = VECTOR ( 'NONE', #4524, 1000.000000000000000 ) ;
#7693 =( GEOMETRIC_REPRESENTATION_CONTEXT ( 3 ) GLOBAL_UNCERTAINTY_ASSIGNED_CONTEXT ( ( #3971 ) ) GLOBAL_UNIT_ASSIGNED_CONTEXT ( ( #5724, #4641, #3656 ) ) REPRESENTATION_CONTEXT ( 'NONE', 'WORKASPACE' ) );
#7694 = DIRECTION ( 'NONE',  ( 0.000000000000000000, -1.000000000000000000, 0.000000000000000000 ) ) ;
#7695 = VECTOR ( 'NONE', #3863, 1000.000000000000000 ) ;
#7696 = VECTOR ( 'NONE', #473, 1000.000000000000000 ) ;
#7697 = MECHANICAL_DESIGN_GEOMETRIC_PRESENTATION_REPRESENTATION (  '', ( #4465 ), #9424 ) ;
#7698 = ORIENTED_EDGE ( 'NONE', *, *, #7399, .T. ) ;
#7699 =( NAMED_UNIT ( * ) PLANE_ANGLE_UNIT ( ) SI_UNIT ( $, .RADIAN. ) );
#7700 = DIRECTION ( 'NONE',  ( 0.000000000000000000, -1.000000000000000000, 0.000000000000000000 ) ) ;
#7701 = PRESENTATION_LAYER_ASSIGNMENT (  '', '', ( #4068 ) ) ;
#7702 = VECTOR ( 'NONE', #12406, 1000.000000000000000 ) ;
#7703 = ORIENTED_EDGE ( 'NONE', *, *, #5664, .T. ) ;
#7704 = CARTESIAN_POINT ( 'NONE',  ( 6.099999999999999645, 4.349999999999999645, 0.8199999999999999512 ) ) ;
#7705 =( NAMED_UNIT ( * ) PLANE_ANGLE_UNIT ( ) SI_UNIT ( $, .RADIAN. ) );
#7706 = ORIENTED_EDGE ( 'NONE', *, *, #5363, .F. ) ;
#7707 = STYLED_ITEM ( 'NONE', ( #9311 ), #11832 ) ;
#7708 = DIRECTION ( 'NONE',  ( 0.000000000000000000, -0.000000000000000000, -1.000000000000000000 ) ) ;
#7709 = CARTESIAN_POINT ( 'NONE',  ( -6.099999999999999645, -3.950000000000000178, 0.8199999999999999512 ) ) ;
#7710 = ORIENTED_EDGE ( 'NONE', *, *, #12885, .T. ) ;
#7711 = EDGE_CURVE ( 'NONE', #4738, #11450, #8274, .T. ) ;
#7712 = DIRECTION ( 'NONE',  ( -0.000000000000000000, -0.000000000000000000, -1.000000000000000000 ) ) ;
#7713 = VECTOR ( 'NONE', #1216, 1000.000000000000000 ) ;
#7714 = COLOUR_RGB ( '',0.000000000000000000, 1.000000000000000000, 0.000000000000000000 ) ;
#7715 = CARTESIAN_POINT ( 'NONE',  ( 6.099999999999999645, -6.550000000000000711, 0.8199999999999999512 ) ) ;
#7716 = UNCERTAINTY_MEASURE_WITH_UNIT (LENGTH_MEASURE( 1.000000000000000082E-05 ), #9599, 'distance_accuracy_value', 'NONE');
#7717 = CARTESIAN_POINT ( 'NONE',  ( 6.099999999999999645, 4.150000000000000355, 0.8199999999999999512 ) ) ;
#7718 = PLANE ( 'NONE',  #823 ) ;
#7719 = ORIENTED_EDGE ( 'NONE', *, *, #1543, .F. ) ;
#7720 = FACE_OUTER_BOUND ( 'NONE', #9148, .T. ) ;
#7721 = ORIENTED_EDGE ( 'NONE', *, *, #9189, .T. ) ;
#7722 = PLANE ( 'NONE',  #2868 ) ;
#7723 = MECHANICAL_DESIGN_GEOMETRIC_PRESENTATION_REPRESENTATION (  '', ( #1088 ), #6406 ) ;
#7724 = EDGE_CURVE ( 'NONE', #8266, #13084, #3257, .T. ) ;
#7725 = COLOUR_RGB ( '',0.9411764705882352811, 0.6274509803921568540, 0.05490196078431372473 ) ;
#7726 =( NAMED_UNIT ( * ) PLANE_ANGLE_UNIT ( ) SI_UNIT ( $, .RADIAN. ) );
#7727 = EDGE_LOOP ( 'NONE', ( #2226, #10256, #66, #2364 ) ) ;
#7728 = SURFACE_SIDE_STYLE ('',( #4380 ) ) ;
#7729 = VECTOR ( 'NONE', #5140, 1000.000000000000000 ) ;
#7730 = DIRECTION ( 'NONE',  ( 1.000000000000000000, 0.000000000000000000, 0.000000000000000000 ) ) ;
#7731 = UNCERTAINTY_MEASURE_WITH_UNIT (LENGTH_MEASURE( 1.000000000000000082E-05 ), #3231, 'distance_accuracy_value', 'NONE');
#7732 =( GEOMETRIC_REPRESENTATION_CONTEXT ( 3 ) GLOBAL_UNCERTAINTY_ASSIGNED_CONTEXT ( ( #2125 ) ) GLOBAL_UNIT_ASSIGNED_CONTEXT ( ( #8572, #6551, #3605 ) ) REPRESENTATION_CONTEXT ( 'NONE', 'WORKASPACE' ) );
#7733 = CYLINDRICAL_SURFACE ( 'NONE', #7750, 0.2500000000000002220 ) ;
#7734 = VERTEX_POINT ( 'NONE', #2239 ) ;
#7735 = LINE ( 'NONE', #1497, #867 ) ;
#7736 = CARTESIAN_POINT ( 'NONE',  ( -6.099999999999999645, -5.450000000000001066, 0.8199999999999999512 ) ) ;
#7737 = VERTEX_POINT ( 'NONE', #7465 ) ;
#7738 = STYLED_ITEM ( 'NONE', ( #7083 ), #3188 ) ;
#7739 = DIRECTION ( 'NONE',  ( -0.000000000000000000, -0.000000000000000000, 1.000000000000000000 ) ) ;
#7740 = DIRECTION ( 'NONE',  ( 1.000000000000000000, 0.000000000000000000, 0.000000000000000000 ) ) ;
#7741 = CARTESIAN_POINT ( 'NONE',  ( 6.099999999999999645, 3.049999999999999822, 0.8199999999999999512 ) ) ;
#7742 = LINE ( 'NONE', #13000, #2500 ) ;
#7743 = ORIENTED_EDGE ( 'NONE', *, *, #8799, .F. ) ;
#7744 = EDGE_CURVE ( 'NONE', #1248, #12251, #6312, .T. ) ;
#7745 = PLANE ( 'NONE',  #12240 ) ;
#7746 = EDGE_CURVE ( 'NONE', #11767, #1728, #4300, .T. ) ;
#7747 = MECHANICAL_DESIGN_GEOMETRIC_PRESENTATION_REPRESENTATION (  '', ( #4732 ), #5385 ) ;
#7748 =( GEOMETRIC_REPRESENTATION_CONTEXT ( 3 ) GLOBAL_UNCERTAINTY_ASSIGNED_CONTEXT ( ( #5442 ) ) GLOBAL_UNIT_ASSIGNED_CONTEXT ( ( #57, #12297, #7153 ) ) REPRESENTATION_CONTEXT ( 'NONE', 'WORKASPACE' ) );
#7749 = AXIS2_PLACEMENT_3D ( 'NONE', #3191, #9305, #4913 ) ;
#7750 = AXIS2_PLACEMENT_3D ( 'NONE', #2652, #10993, #8010 ) ;
#7751 = CARTESIAN_POINT ( 'NONE',  ( 5.299999999999998934, -5.450000000000001066, 0.8199999999999999512 ) ) ;
#7752 = DIRECTION ( 'NONE',  ( -0.000000000000000000, -0.000000000000000000, -1.000000000000000000 ) ) ;
#7753 = FILL_AREA_STYLE ('',( #11679 ) ) ;
#7754 = EDGE_CURVE ( 'NONE', #10425, #16, #5450, .T. ) ;
#7755 = CARTESIAN_POINT ( 'NONE',  ( 6.099999999999999645, -3.050000000000000266, 0.8199999999999999512 ) ) ;
#7756 = CARTESIAN_POINT ( 'NONE',  ( 6.099999999999999645, -2.850000000000000533, 0.8199999999999999512 ) ) ;
#7757 = VECTOR ( 'NONE', #101, 1000.000000000000000 ) ;
#7758 = CARTESIAN_POINT ( 'NONE',  ( -6.099999999999999645, 4.150000000000000355, 0.8199999999999999512 ) ) ;
#7759 = EDGE_CURVE ( 'NONE', #11450, #2508, #290, .T. ) ;
#7760 = FACE_OUTER_BOUND ( 'NONE', #13107, .T. ) ;
#7761 = CARTESIAN_POINT ( 'NONE',  ( -5.299999999999998934, -0.8500000000000000888, 0.8199999999999999512 ) ) ;
#7762 = VERTEX_POINT ( 'NONE', #12601 ) ;
#7763 = CIRCLE ( 'NONE', #9488, 0.2500000000000002220 ) ;
#7764 = SURFACE_STYLE_USAGE ( .BOTH. , #9791 ) ;
#7765 =( NAMED_UNIT ( * ) PLANE_ANGLE_UNIT ( ) SI_UNIT ( $, .RADIAN. ) );
#7766 = PRESENTATION_STYLE_ASSIGNMENT (( #656 ) ) ;
#7767 = AXIS2_PLACEMENT_3D ( 'NONE', #8308, #7739, #2267 ) ;
#7768 = UNCERTAINTY_MEASURE_WITH_UNIT (LENGTH_MEASURE( 1.000000000000000082E-05 ), #1718, 'distance_accuracy_value', 'NONE');
#7769 = ORIENTED_EDGE ( 'NONE', *, *, #2705, .F. ) ;
#7770 = FACE_OUTER_BOUND ( 'NONE', #9727, .T. ) ;
#7771 = EDGE_CURVE ( 'NONE', #2637, #2253, #10913, .T. ) ;
#7772 = VECTOR ( 'NONE', #9490, 1000.000000000000000 ) ;
#7773 = CARTESIAN_POINT ( 'NONE',  ( 6.099999999999999645, 6.349999999999999645, 0.8199999999999999512 ) ) ;
#7774 = SURFACE_SIDE_STYLE ('',( #6763 ) ) ;
#7775 = CYLINDRICAL_SURFACE ( 'NONE', #4887, 0.2500000000000002220 ) ;
#7776 = ORIENTED_EDGE ( 'NONE', *, *, #12061, .F. ) ;
#7777 = CARTESIAN_POINT ( 'NONE',  ( 5.299999999999998934, 0.04999999999999969746, 0.8199999999999999512 ) ) ;
#7778 = EDGE_CURVE ( 'NONE', #1570, #11767, #1486, .T. ) ;
#7779 = DIRECTION ( 'NONE',  ( 0.000000000000000000, 0.000000000000000000, -1.000000000000000000 ) ) ;
#7780 = ORIENTED_EDGE ( 'NONE', *, *, #512, .F. ) ;
#7781 = MECHANICAL_DESIGN_GEOMETRIC_PRESENTATION_REPRESENTATION (  '', ( #8215 ), #5845 ) ;
#7782 = ORIENTED_EDGE ( 'NONE', *, *, #134, .F. ) ;
#7783 = DIRECTION ( 'NONE',  ( -0.000000000000000000, 1.000000000000000000, -0.000000000000000000 ) ) ;
#7784 = AXIS2_PLACEMENT_3D ( 'NONE', #10370, #3030, #4960 ) ;
#7785 = STYLED_ITEM ( 'NONE', ( #7841 ), #5066 ) ;
#7786 =( NAMED_UNIT ( * ) PLANE_ANGLE_UNIT ( ) SI_UNIT ( $, .RADIAN. ) );
#7787 = EDGE_CURVE ( 'NONE', #7629, #312, #8794, .T. ) ;
#7788 = LINE ( 'NONE', #809, #607 ) ;
#7789 = CARTESIAN_POINT ( 'NONE',  ( -6.099999999999999645, 6.750000000000000000, 0.000000000000000000 ) ) ;
#7790 = ORIENTED_EDGE ( 'NONE', *, *, #2103, .T. ) ;
#7791 = COLOUR_RGB ( '',0.9411764705882352811, 0.6274509803921568540, 0.05490196078431372473 ) ;
#7792 = CARTESIAN_POINT ( 'NONE',  ( 4.499999999999999112, -6.500000000000000888, 2.192893218813452449 ) ) ;
#7793 = CARTESIAN_POINT ( 'NONE',  ( -6.099999999999999645, -3.050000000000000266, 0.8199999999999999512 ) ) ;
#7794 = ORIENTED_EDGE ( 'NONE', *, *, #6438, .F. ) ;
#7795 = DIRECTION ( 'NONE',  ( -1.000000000000000000, 0.000000000000000000, -0.000000000000000000 ) ) ;
#7796 = CARTESIAN_POINT ( 'NONE',  ( 5.299999999999998934, -5.450000000000001066, 0.8199999999999999512 ) ) ;
#7797 = STYLED_ITEM ( 'NONE', ( #12498 ), #5307 ) ;
#7798 = DIRECTION ( 'NONE',  ( 0.000000000000000000, 0.000000000000000000, -1.000000000000000000 ) ) ;
#7799 = VERTEX_POINT ( 'NONE', #4689 ) ;
#7800 = COLOUR_RGB ( '',0.9411764705882352811, 0.6274509803921568540, 0.05490196078431372473 ) ;
#7801 = LINE ( 'NONE', #1893, #6408 ) ;
#7802 = EDGE_CURVE ( 'NONE', #4053, #3747, #2569, .T. ) ;
#7803 = CARTESIAN_POINT ( 'NONE',  ( 6.099999999999999645, -5.450000000000001066, 0.000000000000000000 ) ) ;
#7804 = ORIENTED_EDGE ( 'NONE', *, *, #4125, .T. ) ;
#7805 = CARTESIAN_POINT ( 'NONE',  ( 5.299999999999998934, -0.8500000000000000888, 0.8199999999999999512 ) ) ;
#7806 = EDGE_CURVE ( 'NONE', #922, #2637, #2702, .T. ) ;
#7807 = ORIENTED_EDGE ( 'NONE', *, *, #1763, .T. ) ;
#7808 = DIRECTION ( 'NONE',  ( -0.000000000000000000, -0.000000000000000000, -1.000000000000000000 ) ) ;
#7809 = DIRECTION ( 'NONE',  ( 1.000000000000000000, 0.000000000000000000, -0.000000000000000000 ) ) ;
#7810 = VECTOR ( 'NONE', #12923, 1000.000000000000000 ) ;
#7811 = ORIENTED_EDGE ( 'NONE', *, *, #7521, .T. ) ;
#7812 = CARTESIAN_POINT ( 'NONE',  ( -6.099999999999999645, -5.250000000000000000, 0.8199999999999999512 ) ) ;
#7813 =( LENGTH_UNIT ( ) NAMED_UNIT ( * ) SI_UNIT ( .MILLI., .METRE. ) );
#7814 =( NAMED_UNIT ( * ) SI_UNIT ( $, .STERADIAN. ) SOLID_ANGLE_UNIT ( ) );
#7815 = FILL_AREA_STYLE_COLOUR ( '', #1318 ) ;
#7816 = LINE ( 'NONE', #443, #12559 ) ;
#7817 = EDGE_CURVE ( 'NONE', #5243, #11117, #8864, .T. ) ;
#7818 = FILL_AREA_STYLE ('',( #6678 ) ) ;
#7819 = CARTESIAN_POINT ( 'NONE',  ( -5.299999999999998934, 6.550000000000000711, 0.8199999999999999512 ) ) ;
#7820 = FILL_AREA_STYLE_COLOUR ( '', #12455 ) ;
#7821 = ORIENTED_EDGE ( 'NONE', *, *, #11224, .F. ) ;
#7822 = CARTESIAN_POINT ( 'NONE',  ( 6.099999999999999645, 2.850000000000000089, 0.8199999999999999512 ) ) ;
#7823 = FILL_AREA_STYLE ('',( #9297 ) ) ;
#7824 = VERTEX_POINT ( 'NONE', #1616 ) ;
#7825 = DIRECTION ( 'NONE',  ( -0.000000000000000000, -0.000000000000000000, 1.000000000000000000 ) ) ;
#7826 = PLANE ( 'NONE',  #11154 ) ;
#7827 = ADVANCED_FACE ( 'NONE', ( #12920 ), #1683, .F. ) ;
#7828 = ADVANCED_FACE ( 'NONE', ( #5702 ), #5641, .T. ) ;
#7829 = VERTEX_POINT ( 'NONE', #9761 ) ;
#7830 = DIRECTION ( 'NONE',  ( 1.000000000000000000, 0.000000000000000000, 0.000000000000000000 ) ) ;
#7831 = SURFACE_SIDE_STYLE ('',( #12892 ) ) ;
#7832 = CARTESIAN_POINT ( 'NONE',  ( 6.099999999999999645, -3.700000000000000178, 0.000000000000000000 ) ) ;
#7833 = DIRECTION ( 'NONE',  ( -1.000000000000000000, 0.000000000000000000, 0.000000000000000000 ) ) ;
#7834 = ORIENTED_EDGE ( 'NONE', *, *, #11053, .F. ) ;
#7835 = CARTESIAN_POINT ( 'NONE',  ( 6.099999999999999645, -6.550000000000000711, 0.8199999999999999512 ) ) ;
#7836 = SURFACE_SIDE_STYLE ('',( #2748 ) ) ;
#7837 = MECHANICAL_DESIGN_GEOMETRIC_PRESENTATION_REPRESENTATION (  '', ( #7624 ), #11753 ) ;
#7838 =( NAMED_UNIT ( * ) PLANE_ANGLE_UNIT ( ) SI_UNIT ( $, .RADIAN. ) );
#7839 = ORIENTED_EDGE ( 'NONE', *, *, #10589, .T. ) ;
#7840 = MECHANICAL_DESIGN_GEOMETRIC_PRESENTATION_REPRESENTATION (  '', ( #6115 ), #13006 ) ;
#7841 = PRESENTATION_STYLE_ASSIGNMENT (( #1739 ) ) ;
#7842 = SURFACE_SIDE_STYLE ('',( #9949 ) ) ;
#7843 = LINE ( 'NONE', #3556, #6179 ) ;
#7844 = EDGE_LOOP ( 'NONE', ( #2513, #2492, #12197, #12824 ) ) ;
#7845 = DIRECTION ( 'NONE',  ( 0.000000000000000000, -0.000000000000000000, 1.000000000000000000 ) ) ;
#7846 = CARTESIAN_POINT ( 'NONE',  ( -6.099999999999999645, -2.150000000000000355, 0.8199999999999999512 ) ) ;
#7847 = EDGE_CURVE ( 'NONE', #7181, #8253, #13252, .T. ) ;
#7848 = ADVANCED_FACE ( 'NONE', ( #6657 ), #12847, .F. ) ;
#7849 = VECTOR ( 'NONE', #885, 1000.000000000000000 ) ;
#7850 =( GEOMETRIC_REPRESENTATION_CONTEXT ( 3 ) GLOBAL_UNCERTAINTY_ASSIGNED_CONTEXT ( ( #7884 ) ) GLOBAL_UNIT_ASSIGNED_CONTEXT ( ( #4495, #8598, #12729 ) ) REPRESENTATION_CONTEXT ( 'NONE', 'WORKASPACE' ) );
#7851 = UNCERTAINTY_MEASURE_WITH_UNIT (LENGTH_MEASURE( 1.000000000000000082E-05 ), #1385, 'distance_accuracy_value', 'NONE');
#7852 = SURFACE_STYLE_FILL_AREA ( #12026 ) ;
#7853 = VERTEX_POINT ( 'NONE', #10708 ) ;
#7854 = SURFACE_STYLE_FILL_AREA ( #3566 ) ;
#7855 = CARTESIAN_POINT ( 'NONE',  ( -6.099999999999999645, -2.150000000000000355, 0.000000000000000000 ) ) ;
#7856 = VERTEX_POINT ( 'NONE', #5570 ) ;
#7857 = DIRECTION ( 'NONE',  ( -0.000000000000000000, -0.000000000000000000, -1.000000000000000000 ) ) ;
#7858 = DIRECTION ( 'NONE',  ( -1.000000000000000000, 0.000000000000000000, 0.000000000000000000 ) ) ;
#7859 = CARTESIAN_POINT ( 'NONE',  ( -6.099999999999999645, -4.150000000000000355, 0.8199999999999999512 ) ) ;
#7860 = LINE ( 'NONE', #2497, #2767 ) ;
#7861 = PRESENTATION_LAYER_ASSIGNMENT (  '', '', ( #8716 ) ) ;
#7862 = AXIS2_PLACEMENT_3D ( 'NONE', #1361, #7336, #10312 ) ;
#7863 = ADVANCED_FACE ( 'NONE', ( #1553 ), #8669, .T. ) ;
#7864 = ORIENTED_EDGE ( 'NONE', *, *, #12966, .T. ) ;
#7865 = FILL_AREA_STYLE_COLOUR ( '', #5815 ) ;
#7866 = MECHANICAL_DESIGN_GEOMETRIC_PRESENTATION_REPRESENTATION (  '', ( #13246 ), #8081 ) ;
#7867 = UNCERTAINTY_MEASURE_WITH_UNIT (LENGTH_MEASURE( 1.000000000000000082E-05 ), #4784, 'distance_accuracy_value', 'NONE');
#7868 = VECTOR ( 'NONE', #8741, 1000.000000000000000 ) ;
#7869 =( GEOMETRIC_REPRESENTATION_CONTEXT ( 3 ) GLOBAL_UNCERTAINTY_ASSIGNED_CONTEXT ( ( #3189 ) ) GLOBAL_UNIT_ASSIGNED_CONTEXT ( ( #11254, #2771, #13249 ) ) REPRESENTATION_CONTEXT ( 'NONE', 'WORKASPACE' ) );
#7870 = LINE ( 'NONE', #1621, #8399 ) ;
#7871 = ORIENTED_EDGE ( 'NONE', *, *, #9719, .T. ) ;
#7872 = DIRECTION ( 'NONE',  ( 0.000000000000000000, 0.000000000000000000, -1.000000000000000000 ) ) ;
#7873 = ORIENTED_EDGE ( 'NONE', *, *, #11400, .T. ) ;
#7874 = FACE_OUTER_BOUND ( 'NONE', #3496, .T. ) ;
#7875 = SURFACE_STYLE_FILL_AREA ( #10859 ) ;
#7876 =( NAMED_UNIT ( * ) PLANE_ANGLE_UNIT ( ) SI_UNIT ( $, .RADIAN. ) );
#7877 = EDGE_LOOP ( 'NONE', ( #1329, #11199, #10690, #13079 ) ) ;
#7878 =( LENGTH_UNIT ( ) NAMED_UNIT ( * ) SI_UNIT ( .MILLI., .METRE. ) );
#7879 = DIRECTION ( 'NONE',  ( 0.000000000000000000, 0.000000000000000000, -1.000000000000000000 ) ) ;
#7880 = ADVANCED_FACE ( 'NONE', ( #12248 ), #2027, .T. ) ;
#7881 = VECTOR ( 'NONE', #9886, 1000.000000000000000 ) ;
#7882 = DIRECTION ( 'NONE',  ( 0.000000000000000000, -0.000000000000000000, 1.000000000000000000 ) ) ;
#7883 = ADVANCED_FACE ( 'NONE', ( #3966 ), #3903, .T. ) ;
#7884 = UNCERTAINTY_MEASURE_WITH_UNIT (LENGTH_MEASURE( 1.000000000000000082E-05 ), #4495, 'distance_accuracy_value', 'NONE');
#7885 = DIRECTION ( 'NONE',  ( 0.000000000000000000, -1.000000000000000000, 0.000000000000000000 ) ) ;
#7886 = FILL_AREA_STYLE_COLOUR ( '', #3186 ) ;
#7887 = VERTEX_POINT ( 'NONE', #7448 ) ;
#7888 = SURFACE_SIDE_STYLE ('',( #3857 ) ) ;
#7889 = DIRECTION ( 'NONE',  ( 0.000000000000000000, -1.000000000000000000, 0.000000000000000000 ) ) ;
#7890 = STYLED_ITEM ( 'NONE', ( #11578 ), #374 ) ;
#7891 = VECTOR ( 'NONE', #2902, 1000.000000000000000 ) ;
#7892 = ORIENTED_EDGE ( 'NONE', *, *, #5955, .F. ) ;
#7893 = DIRECTION ( 'NONE',  ( -0.000000000000000000, 1.000000000000000000, 0.000000000000000000 ) ) ;
#7894 = LINE ( 'NONE', #13082, #1666 ) ;
#7895 = EDGE_LOOP ( 'NONE', ( #1314, #542, #8500, #2480 ) ) ;
#7896 = DIRECTION ( 'NONE',  ( -0.000000000000000000, -0.000000000000000000, 1.000000000000000000 ) ) ;
#7897 = EDGE_CURVE ( 'NONE', #12816, #2889, #5290, .T. ) ;
#7898 = LINE ( 'NONE', #6076, #12491 ) ;
#7899 = STYLED_ITEM ( 'NONE', ( #9883 ), #2881 ) ;
#7900 = CIRCLE ( 'NONE', #1467, 0.2500000000000002220 ) ;
#7901 = ORIENTED_EDGE ( 'NONE', *, *, #9387, .F. ) ;
#7902 = LINE ( 'NONE', #9179, #8591 ) ;
#7903 =( LENGTH_UNIT ( ) NAMED_UNIT ( * ) SI_UNIT ( .MILLI., .METRE. ) );
#7904 = DIRECTION ( 'NONE',  ( 0.000000000000000000, -0.000000000000000000, 1.000000000000000000 ) ) ;
#7905 = ORIENTED_EDGE ( 'NONE', *, *, #1876, .T. ) ;
#7906 = LINE ( 'NONE', #12012, #6860 ) ;
#7907 = LINE ( 'NONE', #12972, #12869 ) ;
#7908 = ORIENTED_EDGE ( 'NONE', *, *, #351, .F. ) ;
#7909 =( NAMED_UNIT ( * ) SI_UNIT ( $, .STERADIAN. ) SOLID_ANGLE_UNIT ( ) );
#7910 = ORIENTED_EDGE ( 'NONE', *, *, #2086, .T. ) ;
#7911 = AXIS2_PLACEMENT_3D ( 'NONE', #4342, #7158, #5342 ) ;
#7912 = VECTOR ( 'NONE', #3746, 1000.000000000000000 ) ;
#7913 = EDGE_CURVE ( 'NONE', #4957, #4942, #6298, .T. ) ;
#7914 = CARTESIAN_POINT ( 'NONE',  ( -6.099999999999999645, -7.250000000000000000, 0.8199999999999999512 ) ) ;
#7915 = LINE ( 'NONE', #2832, #8958 ) ;
#7916 = CARTESIAN_POINT ( 'NONE',  ( -5.299999999999998934, 5.249999999999999112, 0.8199999999999999512 ) ) ;
#7917 = VECTOR ( 'NONE', #1295, 1000.000000000000000 ) ;
#7918 = VERTEX_POINT ( 'NONE', #135 ) ;
#7919 = EDGE_CURVE ( 'NONE', #717, #13058, #9341, .T. ) ;
#7920 = CARTESIAN_POINT ( 'NONE',  ( 4.292893218813451206, -6.292893218813452982, 2.399999999999999911 ) ) ;
#7921 = CARTESIAN_POINT ( 'NONE',  ( -6.099999999999999645, -3.700000000000000178, 0.8199999999999999512 ) ) ;
#7922 = EDGE_LOOP ( 'NONE', ( #7393, #7328, #7166, #1187 ) ) ;
#7923 =( LENGTH_UNIT ( ) NAMED_UNIT ( * ) SI_UNIT ( .MILLI., .METRE. ) );
#7924 = DIRECTION ( 'NONE',  ( 0.000000000000000000, -1.000000000000000000, 0.000000000000000000 ) ) ;
#7925 = EDGE_CURVE ( 'NONE', #9924, #1454, #9470, .T. ) ;
#7926 = CARTESIAN_POINT ( 'NONE',  ( -5.299999999999998934, 4.349999999999999645, 0.000000000000000000 ) ) ;
#7927 =( LENGTH_UNIT ( ) NAMED_UNIT ( * ) SI_UNIT ( .MILLI., .METRE. ) );
#7928 = VECTOR ( 'NONE', #8270, 1000.000000000000000 ) ;
#7929 = VECTOR ( 'NONE', #13206, 1000.000000000000000 ) ;
#7930 = STYLED_ITEM ( 'NONE', ( #6444 ), #11155 ) ;
#7931 = DIRECTION ( 'NONE',  ( -0.000000000000000000, -0.000000000000000000, -1.000000000000000000 ) ) ;
#7933 = SURFACE_SIDE_STYLE ('',( #4894 ) ) ;
#7932 = AXIS2_PLACEMENT_3D ( 'NONE', #2233, #7121, #11391 ) ;
#7934 = EDGE_LOOP ( 'NONE', ( #1938, #7901, #2327, #5079 ) ) ;
#7935 = EDGE_CURVE ( 'NONE', #10344, #4602, #5709, .T. ) ;
#7936 = LINE ( 'NONE', #12185, #3852 ) ;
#7937 =( GEOMETRIC_REPRESENTATION_CONTEXT ( 3 ) GLOBAL_UNCERTAINTY_ASSIGNED_CONTEXT ( ( #6410 ) ) GLOBAL_UNIT_ASSIGNED_CONTEXT ( ( #8115, #3092, #11557 ) ) REPRESENTATION_CONTEXT ( 'NONE', 'WORKASPACE' ) );
#7938 = ORIENTED_EDGE ( 'NONE', *, *, #4804, .T. ) ;
#7939 = DIRECTION ( 'NONE',  ( 0.000000000000000000, 1.000000000000000000, 0.000000000000000000 ) ) ;
#7940 = LINE ( 'NONE', #2661, #8934 ) ;
#7941 = DIRECTION ( 'NONE',  ( 0.000000000000000000, 0.000000000000000000, -1.000000000000000000 ) ) ;
#7942 = ORIENTED_EDGE ( 'NONE', *, *, #9173, .F. ) ;
#7943 = SURFACE_STYLE_USAGE ( .BOTH. , #4707 ) ;
#7944 = DIRECTION ( 'NONE',  ( 0.000000000000000000, -1.000000000000000000, 0.000000000000000000 ) ) ;
#7945 = CARTESIAN_POINT ( 'NONE',  ( -5.299999999999998934, 6.349999999999999645, 0.8199999999999999512 ) ) ;
#7946 = VECTOR ( 'NONE', #5405, 1000.000000000000000 ) ;
#7947 = VECTOR ( 'NONE', #10740, 1000.000000000000000 ) ;
#7948 = PRESENTATION_STYLE_ASSIGNMENT (( #11011 ) ) ;
#7949 = ORIENTED_EDGE ( 'NONE', *, *, #11433, .T. ) ;
#7950 = VECTOR ( 'NONE', #3212, 1000.000000000000000 ) ;
#7951 = EDGE_CURVE ( 'NONE', #7186, #11293, #10293, .T. ) ;
#7952 = SURFACE_STYLE_USAGE ( .BOTH. , #1639 ) ;
#7953 = ORIENTED_EDGE ( 'NONE', *, *, #7301, .T. ) ;
#7954 = DIRECTION ( 'NONE',  ( 0.000000000000000000, -0.000000000000000000, 1.000000000000000000 ) ) ;
#7955 = CARTESIAN_POINT ( 'NONE',  ( -6.099999999999999645, 7.250000000000000000, 0.000000000000000000 ) ) ;
#7956 = FILL_AREA_STYLE_COLOUR ( '', #4820 ) ;
#7957 = ORIENTED_EDGE ( 'NONE', *, *, #9035, .T. ) ;
#7958 = AXIS2_PLACEMENT_3D ( 'NONE', #13207, #7882, #710 ) ;
#7959 = DIRECTION ( 'NONE',  ( -0.000000000000000000, 1.000000000000000000, -0.000000000000000000 ) ) ;
#7960 = COLOUR_RGB ( '',0.9411764705882352811, 0.6274509803921568540, 0.05490196078431372473 ) ;
#7961 = SURFACE_STYLE_FILL_AREA ( #855 ) ;
#7962 = CARTESIAN_POINT ( 'NONE',  ( 6.099999999999999645, -4.800000000000000711, 0.8199999999999999512 ) ) ;
#7963 = MECHANICAL_DESIGN_GEOMETRIC_PRESENTATION_REPRESENTATION (  '', ( #33 ), #4731 ) ;
#7964 = VECTOR ( 'NONE', #7477, 1000.000000000000000 ) ;
#7965 = ORIENTED_EDGE ( 'NONE', *, *, #11387, .F. ) ;
#7966 = LINE ( 'NONE', #3007, #11200 ) ;
#7967 = EDGE_CURVE ( 'NONE', #1503, #4952, #12381, .T. ) ;
#7968 =( NAMED_UNIT ( * ) PLANE_ANGLE_UNIT ( ) SI_UNIT ( $, .RADIAN. ) );
#7969 = FILL_AREA_STYLE_COLOUR ( '', #7488 ) ;
#7970 = AXIS2_PLACEMENT_3D ( 'NONE', #5298, #12534, #8267 ) ;
#7971 = ORIENTED_EDGE ( 'NONE', *, *, #2014, .F. ) ;
#7972 = LINE ( 'NONE', #8907, #2408 ) ;
#7973 = VECTOR ( 'NONE', #4568, 1000.000000000000000 ) ;
#7974 = CARTESIAN_POINT ( 'NONE',  ( 6.099999999999999645, 2.600000000000000089, 0.8199999999999999512 ) ) ;
#7975 = AXIS2_PLACEMENT_3D ( 'NONE', #12231, #9124, #7985 ) ;
#7976 = EDGE_CURVE ( 'NONE', #1260, #6795, #2288, .T. ) ;
#7977 = CARTESIAN_POINT ( 'NONE',  ( 5.299999999999998934, 5.249999999999999112, 0.8199999999999999512 ) ) ;
#7978 = ORIENTED_EDGE ( 'NONE', *, *, #3972, .F. ) ;
#7979 = SURFACE_STYLE_USAGE ( .BOTH. , #2890 ) ;
#7980 = CARTESIAN_POINT ( 'NONE',  ( -6.099999999999999645, 4.549999999999999822, 0.8199999999999999512 ) ) ;
#7981 = SURFACE_STYLE_FILL_AREA ( #4808 ) ;
#7982 = ORIENTED_EDGE ( 'NONE', *, *, #2396, .T. ) ;
#7983 = MECHANICAL_DESIGN_GEOMETRIC_PRESENTATION_REPRESENTATION (  '', ( #12940 ), #11241 ) ;
#7984 = AXIS2_PLACEMENT_3D ( 'NONE', #4233, #6457, #348 ) ;
#7985 = DIRECTION ( 'NONE',  ( 0.000000000000000000, -0.000000000000000000, -1.000000000000000000 ) ) ;
#7986 = PLANE ( 'NONE',  #12252 ) ;
#7987 = VECTOR ( 'NONE', #8597, 1000.000000000000000 ) ;
#7988 = SURFACE_STYLE_USAGE ( .BOTH. , #6966 ) ;
#7989 = UNCERTAINTY_MEASURE_WITH_UNIT (LENGTH_MEASURE( 1.000000000000000082E-05 ), #11210, 'distance_accuracy_value', 'NONE');
#7990 = CARTESIAN_POINT ( 'NONE',  ( 5.849999999999999645, 4.800000000000000711, 0.8199999999999999512 ) ) ;
#7991 = ORIENTED_EDGE ( 'NONE', *, *, #7771, .T. ) ;
#7992 = FACE_OUTER_BOUND ( 'NONE', #9067, .T. ) ;
#7993 = COLOUR_RGB ( '',0.7921568627450980005, 0.8196078431372548767, 0.9333333333333333481 ) ;
#7994 = EDGE_CURVE ( 'NONE', #6326, #1751, #12587, .T. ) ;
#7995 = ORIENTED_EDGE ( 'NONE', *, *, #11651, .T. ) ;
#7996 = LINE ( 'NONE', #12102, #11733 ) ;
#7997 = DIRECTION ( 'NONE',  ( 1.000000000000000000, -0.000000000000000000, -0.000000000000000000 ) ) ;
#7998 = EDGE_CURVE ( 'NONE', #1454, #3406, #6365, .T. ) ;
#7999 = ORIENTED_EDGE ( 'NONE', *, *, #9385, .T. ) ;
#8000 = CARTESIAN_POINT ( 'NONE',  ( -6.099999999999999645, 6.550000000000000711, 0.8199999999999999512 ) ) ;
#8001 = STYLED_ITEM ( 'NONE', ( #8394 ), #9270 ) ;
#8002 = CARTESIAN_POINT ( 'NONE',  ( -5.299999999999998934, -5.250000000000000000, 0.8199999999999999512 ) ) ;
#8003 = ORIENTED_EDGE ( 'NONE', *, *, #7674, .T. ) ;
#8004 =( GEOMETRIC_REPRESENTATION_CONTEXT ( 3 ) GLOBAL_UNCERTAINTY_ASSIGNED_CONTEXT ( ( #12025 ) ) GLOBAL_UNIT_ASSIGNED_CONTEXT ( ( #11506, #2286, #12585 ) ) REPRESENTATION_CONTEXT ( 'NONE', 'WORKASPACE' ) );
#8005 = FILL_AREA_STYLE_COLOUR ( '', #914 ) ;
#8006 = ADVANCED_FACE ( 'NONE', ( #202 ), #273, .F. ) ;
#8007 = CARTESIAN_POINT ( 'NONE',  ( -6.099999999999999645, -4.350000000000000533, 0.8199999999999999512 ) ) ;
#8008 = UNCERTAINTY_MEASURE_WITH_UNIT (LENGTH_MEASURE( 1.000000000000000082E-05 ), #7903, 'distance_accuracy_value', 'NONE');
#8009 = AXIS2_PLACEMENT_3D ( 'NONE', #10766, #1740, #8711 ) ;
#8010 = DIRECTION ( 'NONE',  ( -1.000000000000000000, 0.000000000000000000, 0.000000000000000000 ) ) ;
#8011 = ORIENTED_EDGE ( 'NONE', *, *, #134, .T. ) ;
#8012 = DIRECTION ( 'NONE',  ( 0.000000000000000000, 0.000000000000000000, -1.000000000000000000 ) ) ;
#8013 = LINE ( 'NONE', #2170, #5479 ) ;
#8014 = FACE_OUTER_BOUND ( 'NONE', #5719, .T. ) ;
#8015 =( GEOMETRIC_REPRESENTATION_CONTEXT ( 3 ) GLOBAL_UNCERTAINTY_ASSIGNED_CONTEXT ( ( #1947 ) ) GLOBAL_UNIT_ASSIGNED_CONTEXT ( ( #8776, #2550, #539 ) ) REPRESENTATION_CONTEXT ( 'NONE', 'WORKASPACE' ) );
#8016 = ORIENTED_EDGE ( 'NONE', *, *, #11702, .T. ) ;
#8017 = DIRECTION ( 'NONE',  ( -0.000000000000000000, -0.000000000000000000, -1.000000000000000000 ) ) ;
#8018 = DIRECTION ( 'NONE',  ( 1.000000000000000000, -0.000000000000000000, -0.000000000000000000 ) ) ;
#8019 = CARTESIAN_POINT ( 'NONE',  ( -5.299999999999998934, 3.049999999999999822, 0.8199999999999999512 ) ) ;
#8020 = ORIENTED_EDGE ( 'NONE', *, *, #7421, .F. ) ;
#8021 = DIRECTION ( 'NONE',  ( 0.000000000000000000, -0.000000000000000000, 1.000000000000000000 ) ) ;
#8022 = CIRCLE ( 'NONE', #9749, 0.2500000000000002220 ) ;
#8023 = LINE ( 'NONE', #838, #5167 ) ;
#8024 = EDGE_CURVE ( 'NONE', #7918, #10095, #338, .T. ) ;
#8025 = UNCERTAINTY_MEASURE_WITH_UNIT (LENGTH_MEASURE( 1.000000000000000082E-05 ), #6752, 'distance_accuracy_value', 'NONE');
#8026 = FACE_OUTER_BOUND ( 'NONE', #13149, .T. ) ;
#8027 = ORIENTED_EDGE ( 'NONE', *, *, #10566, .T. ) ;
#8028 = VECTOR ( 'NONE', #9138, 1000.000000000000000 ) ;
#8029 = CARTESIAN_POINT ( 'NONE',  ( -6.099999999999999645, -6.550000000000000711, 0.8199999999999999512 ) ) ;
#8030 = DIRECTION ( 'NONE',  ( 0.000000000000000000, 0.000000000000000000, -1.000000000000000000 ) ) ;
#8031 = EDGE_LOOP ( 'NONE', ( #3982, #9566, #7172, #1395 ) ) ;
#8032 = DIRECTION ( 'NONE',  ( 1.626303258728256651E-16, -1.000000000000000000, 0.000000000000000000 ) ) ;
#8033 = PRESENTATION_STYLE_ASSIGNMENT (( #1920 ) ) ;
#8034 =( LENGTH_UNIT ( ) NAMED_UNIT ( * ) SI_UNIT ( .MILLI., .METRE. ) );
#8035 = EDGE_LOOP ( 'NONE', ( #852, #3553, #2322, #8452 ) ) ;
#8036 = CARTESIAN_POINT ( 'NONE',  ( -4.499999999999998224, -6.500000000000000000, 1.900000000000000355 ) ) ;
#8037 = CARTESIAN_POINT ( 'NONE',  ( 6.099999999999999645, 4.800000000000000711, 0.8199999999999999512 ) ) ;
#8038 = CARTESIAN_POINT ( 'NONE',  ( -6.099999999999999645, 6.550000000000000711, 0.8199999999999999512 ) ) ;
#8039 = LINE ( 'NONE', #2003, #10984 ) ;
#8040 = ADVANCED_FACE ( 'NONE', ( #8259 ), #3166, .F. ) ;
#8041 = ORIENTED_EDGE ( 'NONE', *, *, #1678, .F. ) ;
#8042 = LINE ( 'NONE', #1180, #8810 ) ;
#8043 = FILL_AREA_STYLE_COLOUR ( '', #12257 ) ;
#8044 = CARTESIAN_POINT ( 'NONE',  ( 6.099999999999999645, 5.450000000000000178, 0.8199999999999999512 ) ) ;
#8045 = VERTEX_POINT ( 'NONE', #1404 ) ;
#8046 = CARTESIAN_POINT ( 'NONE',  ( 6.099999999999999645, 3.049999999999999822, 0.000000000000000000 ) ) ;
#8047 =( LENGTH_UNIT ( ) NAMED_UNIT ( * ) SI_UNIT ( .MILLI., .METRE. ) );
#8048 = CARTESIAN_POINT ( 'NONE',  ( -6.099999999999999645, -6.750000000000000000, 0.000000000000000000 ) ) ;
#8049 = EDGE_LOOP ( 'NONE', ( #38, #12346, #9471, #10506 ) ) ;
#8050 = CARTESIAN_POINT ( 'NONE',  ( 5.299999999999998934, -3.050000000000000266, 0.8199999999999999512 ) ) ;
#8051 = CARTESIAN_POINT ( 'NONE',  ( 6.099999999999999645, -3.250000000000000444, 0.8199999999999999512 ) ) ;
#8052 = DIRECTION ( 'NONE',  ( 0.000000000000000000, -0.000000000000000000, -1.000000000000000000 ) ) ;
#8053 = EDGE_CURVE ( 'NONE', #11994, #11266, #10632, .T. ) ;
#8054 = FILL_AREA_STYLE ('',( #1875 ) ) ;
#8055 = CARTESIAN_POINT ( 'NONE',  ( -5.299999999999998934, 6.550000000000000711, 0.000000000000000000 ) ) ;
#8056 = LINE ( 'NONE', #8319, #10497 ) ;
#8057 = VERTEX_POINT ( 'NONE', #2483 ) ;
#8058 = CARTESIAN_POINT ( 'NONE',  ( 6.099999999999999645, -0.8500000000000000888, 0.8199999999999999512 ) ) ;
#8059 = FILL_AREA_STYLE_COLOUR ( '', #3168 ) ;
#8060 = ORIENTED_EDGE ( 'NONE', *, *, #10544, .T. ) ;
#8061 = CARTESIAN_POINT ( 'NONE',  ( -5.299999999999998934, -5.450000000000001066, 0.8199999999999999512 ) ) ;
#8062 = FILL_AREA_STYLE_COLOUR ( '', #11321 ) ;
#8063 = DIRECTION ( 'NONE',  ( -0.000000000000000000, 1.000000000000000000, -0.000000000000000000 ) ) ;
#8064 = LINE ( 'NONE', #13, #8028 ) ;
#8065 = VERTEX_POINT ( 'NONE', #8778 ) ;
#8066 = VECTOR ( 'NONE', #2374, 1000.000000000000000 ) ;
#8067 = SURFACE_SIDE_STYLE ('',( #6789 ) ) ;
#8068 =( LENGTH_UNIT ( ) NAMED_UNIT ( * ) SI_UNIT ( .MILLI., .METRE. ) );
#8069 =( NAMED_UNIT ( * ) PLANE_ANGLE_UNIT ( ) SI_UNIT ( $, .RADIAN. ) );
#8070 = ORIENTED_EDGE ( 'NONE', *, *, #8053, .F. ) ;
#8071 = FILL_AREA_STYLE ('',( #4166 ) ) ;
#8072 = CARTESIAN_POINT ( 'NONE',  ( 6.099999999999999645, -4.150000000000001243, 0.000000000000000000 ) ) ;
#8074 = CARTESIAN_POINT ( 'NONE',  ( -6.099999999999999645, 8.000000000000000000, 0.000000000000000000 ) ) ;
#8073 = VECTOR ( 'NONE', #7170, 1000.000000000000000 ) ;
#8075 = ORIENTED_EDGE ( 'NONE', *, *, #9621, .T. ) ;
#8076 = PRESENTATION_LAYER_ASSIGNMENT (  '', '', ( #354 ) ) ;
#8077 = LINE ( 'NONE', #10642, #8420 ) ;
#8078 = PRESENTATION_STYLE_ASSIGNMENT (( #5986 ) ) ;
#8079 = DIRECTION ( 'NONE',  ( 0.000000000000000000, -1.000000000000000000, 0.000000000000000000 ) ) ;
#8080 = VERTEX_POINT ( 'NONE', #599 ) ;
#8081 =( GEOMETRIC_REPRESENTATION_CONTEXT ( 3 ) GLOBAL_UNCERTAINTY_ASSIGNED_CONTEXT ( ( #5977 ) ) GLOBAL_UNIT_ASSIGNED_CONTEXT ( ( #9533, #12515, #9268 ) ) REPRESENTATION_CONTEXT ( 'NONE', 'WORKASPACE' ) );
#8082 = SURFACE_STYLE_FILL_AREA ( #5921 ) ;
#8083 = AXIS2_PLACEMENT_3D ( 'NONE', #8093, #2114, #3198 ) ;
#8084 = EDGE_CURVE ( 'NONE', #7853, #11117, #1600, .T. ) ;
#8085 = MECHANICAL_DESIGN_GEOMETRIC_PRESENTATION_REPRESENTATION (  '', ( #6793 ), #7000 ) ;
#8086 = ORIENTED_EDGE ( 'NONE', *, *, #1266, .T. ) ;
#8087 = LINE ( 'NONE', #10041, #2183 ) ;
#8088 = FILL_AREA_STYLE ('',( #9102 ) ) ;
#8089 = LINE ( 'NONE', #2991, #644 ) ;
#8090 = CLOSED_SHELL ( 'NONE', ( #575, #2272, #9931, #6230, #4606, #12807, #40, #8528, #11151 ) ) ;
#8091 = ORIENTED_EDGE ( 'NONE', *, *, #13235, .F. ) ;
#8092 = EDGE_CURVE ( 'NONE', #3136, #8165, #126, .T. ) ;
#8093 = CARTESIAN_POINT ( 'NONE',  ( 6.099999999999999645, 8.000000000000000000, 0.8199999999999999512 ) ) ;
#8094 = FILL_AREA_STYLE ('',( #3996 ) ) ;
#8095 =( LENGTH_UNIT ( ) NAMED_UNIT ( * ) SI_UNIT ( .MILLI., .METRE. ) );
#8096 = EDGE_CURVE ( 'NONE', #8901, #3629, #6638, .T. ) ;
#8097 = ORIENTED_EDGE ( 'NONE', *, *, #1603, .F. ) ;
#8098 = DIRECTION ( 'NONE',  ( 0.000000000000000000, -0.000000000000000000, 1.000000000000000000 ) ) ;
#8099 = APPLICATION_CONTEXT ( 'automotive_design' ) ;
#8100 =( GEOMETRIC_REPRESENTATION_CONTEXT ( 3 ) GLOBAL_UNCERTAINTY_ASSIGNED_CONTEXT ( ( #7047 ) ) GLOBAL_UNIT_ASSIGNED_CONTEXT ( ( #8068, #11191, #3112 ) ) REPRESENTATION_CONTEXT ( 'NONE', 'WORKASPACE' ) );
#8101 = MECHANICAL_DESIGN_GEOMETRIC_PRESENTATION_REPRESENTATION (  '', ( #12413 ), #9389 ) ;
#8102 = ORIENTED_EDGE ( 'NONE', *, *, #2435, .T. ) ;
#8103 = PRESENTATION_STYLE_ASSIGNMENT (( #13222 ) ) ;
#8104 =( GEOMETRIC_REPRESENTATION_CONTEXT ( 3 ) GLOBAL_UNCERTAINTY_ASSIGNED_CONTEXT ( ( #6390 ) ) GLOBAL_UNIT_ASSIGNED_CONTEXT ( ( #183, #8634, #451 ) ) REPRESENTATION_CONTEXT ( 'NONE', 'WORKASPACE' ) );
#8105 = FACE_OUTER_BOUND ( 'NONE', #5325, .T. ) ;
#8106 = ORIENTED_EDGE ( 'NONE', *, *, #4266, .T. ) ;
#8107 =( NAMED_UNIT ( * ) SI_UNIT ( $, .STERADIAN. ) SOLID_ANGLE_UNIT ( ) );
#8108 = SURFACE_STYLE_USAGE ( .BOTH. , #5148 ) ;
#8109 = ADVANCED_FACE ( 'NONE', ( #12654 ), #7519, .T. ) ;
#8110 = PLANE ( 'NONE',  #6840 ) ;
#8111 = ORIENTED_EDGE ( 'NONE', *, *, #12338, .F. ) ;
#8112 = CARTESIAN_POINT ( 'NONE',  ( -6.099999999999999645, 5.450000000000000178, 0.8199999999999999512 ) ) ;
#8113 = CARTESIAN_POINT ( 'NONE',  ( -5.299999999999998934, 7.450000000000000178, 0.8199999999999999512 ) ) ;
#8114 = AXIS2_PLACEMENT_3D ( 'NONE', #6104, #7325, #10437 ) ;
#8115 =( LENGTH_UNIT ( ) NAMED_UNIT ( * ) SI_UNIT ( .MILLI., .METRE. ) );
#8116 = CARTESIAN_POINT ( 'NONE',  ( -6.099999999999999645, -7.250000000000000000, 0.8199999999999999512 ) ) ;
#8117 = SURFACE_STYLE_USAGE ( .BOTH. , #65 ) ;
#8118 = VERTEX_POINT ( 'NONE', #6985 ) ;
#8119 = CARTESIAN_POINT ( 'NONE',  ( 6.099999999999999645, 3.700000000000000178, 0.8199999999999999512 ) ) ;
#8120 = PRESENTATION_LAYER_ASSIGNMENT (  '', '', ( #13274 ) ) ;
#8121 = ORIENTED_EDGE ( 'NONE', *, *, #5465, .T. ) ;
#8122 = EDGE_CURVE ( 'NONE', #11083, #7684, #3918, .T. ) ;
#8123 = DIRECTION ( 'NONE',  ( -0.000000000000000000, 0.000000000000000000, 1.000000000000000000 ) ) ;
#8124 = CARTESIAN_POINT ( 'NONE',  ( 6.099999999999999645, -6.550000000000000711, 0.000000000000000000 ) ) ;
#8125 = ORIENTED_EDGE ( 'NONE', *, *, #2014, .T. ) ;
#8126 = VECTOR ( 'NONE', #8966, 1000.000000000000000 ) ;
#8127 = FILL_AREA_STYLE_COLOUR ( '', #12311 ) ;
#8128 =( NAMED_UNIT ( * ) SI_UNIT ( $, .STERADIAN. ) SOLID_ANGLE_UNIT ( ) );
#8129 = FILL_AREA_STYLE ('',( #13190 ) ) ;
#8130 = SURFACE_STYLE_USAGE ( .BOTH. , #5905 ) ;
#8131 = DIRECTION ( 'NONE',  ( -0.000000000000000000, 0.000000000000000000, 1.000000000000000000 ) ) ;
#8132 = ORIENTED_EDGE ( 'NONE', *, *, #9189, .F. ) ;
#8133 = MECHANICAL_DESIGN_GEOMETRIC_PRESENTATION_REPRESENTATION (  '', ( #6446 ), #1299 ) ;
#8134 = STYLED_ITEM ( 'NONE', ( #8628 ), #79 ) ;
#8135 = SURFACE_STYLE_USAGE ( .BOTH. , #1012 ) ;
#8136 = VECTOR ( 'NONE', #6949, 1000.000000000000000 ) ;
#8137 = CARTESIAN_POINT ( 'NONE',  ( 6.099999999999999645, 6.550000000000000711, 0.000000000000000000 ) ) ;
#8138 = STYLED_ITEM ( 'NONE', ( #4460 ), #10731 ) ;
#8139 = DIRECTION ( 'NONE',  ( -0.000000000000000000, -0.000000000000000000, -1.000000000000000000 ) ) ;
#8140 = ORIENTED_EDGE ( 'NONE', *, *, #13040, .T. ) ;
#8141 =( NAMED_UNIT ( * ) PLANE_ANGLE_UNIT ( ) SI_UNIT ( $, .RADIAN. ) );
#8142 = EDGE_CURVE ( 'NONE', #11117, #3136, #5980, .T. ) ;
#8143 = CARTESIAN_POINT ( 'NONE',  ( -5.299999999999998934, 7.450000000000000178, 0.8199999999999999512 ) ) ;
#8144 = VERTEX_POINT ( 'NONE', #4113 ) ;
#8145 = AXIS2_PLACEMENT_3D ( 'NONE', #780, #10042, #13076 ) ;
#8146 =( GEOMETRIC_REPRESENTATION_CONTEXT ( 3 ) GLOBAL_UNCERTAINTY_ASSIGNED_CONTEXT ( ( #7989 ) ) GLOBAL_UNIT_ASSIGNED_CONTEXT ( ( #11210, #13077, #3858 ) ) REPRESENTATION_CONTEXT ( 'NONE', 'WORKASPACE' ) );
#8147 = LINE ( 'NONE', #12188, #8919 ) ;
#8148 = DIRECTION ( 'NONE',  ( 0.000000000000000000, -0.000000000000000000, -1.000000000000000000 ) ) ;
#8149 = VECTOR ( 'NONE', #5860, 1000.000000000000000 ) ;
#8150 = COLOUR_RGB ( '',0.9411764705882352811, 0.6274509803921568540, 0.05490196078431372473 ) ;
#8151 = DIRECTION ( 'NONE',  ( -0.000000000000000000, -0.000000000000000000, -1.000000000000000000 ) ) ;
#8152 = VECTOR ( 'NONE', #11125, 1000.000000000000000 ) ;
#8153 = VECTOR ( 'NONE', #6988, 1000.000000000000000 ) ;
#8154 = UNCERTAINTY_MEASURE_WITH_UNIT (LENGTH_MEASURE( 1.000000000000000082E-05 ), #7497, 'distance_accuracy_value', 'NONE');
#8155 = VECTOR ( 'NONE', #5423, 1000.000000000000000 ) ;
#8156 = SURFACE_SIDE_STYLE ('',( #4052 ) ) ;
#8157 = EDGE_LOOP ( 'NONE', ( #4021, #8284, #5115, #10553 ) ) ;
#8158 = CARTESIAN_POINT ( 'NONE',  ( 6.099999999999999645, -6.350000000000000533, 0.000000000000000000 ) ) ;
#8159 = LINE ( 'NONE', #10194, #7266 ) ;
#8160 = EDGE_CURVE ( 'NONE', #1150, #12055, #8013, .T. ) ;
#8161 = CARTESIAN_POINT ( 'NONE',  ( 6.099999999999999645, 7.250000000000000000, 0.8199999999999999512 ) ) ;
#8162 =( NAMED_UNIT ( * ) PLANE_ANGLE_UNIT ( ) SI_UNIT ( $, .RADIAN. ) );
#8163 = SURFACE_STYLE_USAGE ( .BOTH. , #980 ) ;
#8164 = EDGE_CURVE ( 'NONE', #4843, #5876, #13259, .T. ) ;
#8165 = VERTEX_POINT ( 'NONE', #9290 ) ;
#8166 = CARTESIAN_POINT ( 'NONE',  ( -6.099999999999999645, 6.349999999999999645, 0.8199999999999999512 ) ) ;
#8167 = ORIENTED_EDGE ( 'NONE', *, *, #3487, .T. ) ;
#8168 = CARTESIAN_POINT ( 'NONE',  ( -5.299999999999998934, -3.250000000000000444, 0.8199999999999999512 ) ) ;
#8169 = VECTOR ( 'NONE', #375, 1000.000000000000000 ) ;
#8170 = STYLED_ITEM ( 'NONE', ( #8103 ), #687 ) ;
#8171 = EDGE_CURVE ( 'NONE', #5588, #2711, #7120, .T. ) ;
#8172 = UNCERTAINTY_MEASURE_WITH_UNIT (LENGTH_MEASURE( 1.000000000000000082E-05 ), #11719, 'distance_accuracy_value', 'NONE');
#8173 = DIRECTION ( 'NONE',  ( 1.000000000000000000, 1.626303258728256651E-16, -0.000000000000000000 ) ) ;
#8174 = EDGE_CURVE ( 'NONE', #9795, #10658, #3179, .T. ) ;
#8175 = CARTESIAN_POINT ( 'NONE',  ( -6.099999999999999645, -4.549999999999999822, 0.8199999999999999512 ) ) ;
#8176 = PRESENTATION_LAYER_ASSIGNMENT (  '', '', ( #4945 ) ) ;
#8177 = ORIENTED_EDGE ( 'NONE', *, *, #2678, .T. ) ;
#8178 = DIRECTION ( 'NONE',  ( 0.000000000000000000, 0.000000000000000000, 1.000000000000000000 ) ) ;
#8179 = DIRECTION ( 'NONE',  ( 0.000000000000000000, -0.000000000000000000, 1.000000000000000000 ) ) ;
#8180 = ORIENTED_EDGE ( 'NONE', *, *, #3523, .F. ) ;
#8181 = PRESENTATION_LAYER_ASSIGNMENT (  '', '', ( #12268 ) ) ;
#8182 =( NAMED_UNIT ( * ) PLANE_ANGLE_UNIT ( ) SI_UNIT ( $, .RADIAN. ) );
#8183 = CIRCLE ( 'NONE', #10119, 0.2500000000000002220 ) ;
#8184 = DIRECTION ( 'NONE',  ( 0.000000000000000000, 0.000000000000000000, -1.000000000000000000 ) ) ;
#8185 = STYLED_ITEM ( 'NONE', ( #6251 ), #12983 ) ;
#8186 = MECHANICAL_DESIGN_GEOMETRIC_PRESENTATION_REPRESENTATION (  '', ( #11424 ), #10343 ) ;
#8187 = EDGE_CURVE ( 'NONE', #11483, #12795, #7183, .T. ) ;
#8188 = AXIS2_PLACEMENT_3D ( 'NONE', #1285, #2617, #8647 ) ;
#8189 =( NAMED_UNIT ( * ) PLANE_ANGLE_UNIT ( ) SI_UNIT ( $, .RADIAN. ) );
#8190 =( GEOMETRIC_REPRESENTATION_CONTEXT ( 3 ) GLOBAL_UNCERTAINTY_ASSIGNED_CONTEXT ( ( #6662 ) ) GLOBAL_UNIT_ASSIGNED_CONTEXT ( ( #4824, #8069, #4768 ) ) REPRESENTATION_CONTEXT ( 'NONE', 'WORKASPACE' ) );
#8191 = LINE ( 'NONE', #11176, #2761 ) ;
#8192 = VERTEX_POINT ( 'NONE', #85 ) ;
#8193 = SURFACE_STYLE_USAGE ( .BOTH. , #13243 ) ;
#8194 = FILL_AREA_STYLE ('',( #5232 ) ) ;
#8195 = VERTEX_POINT ( 'NONE', #10176 ) ;
#8196 = VECTOR ( 'NONE', #10522, 1000.000000000000000 ) ;
#8197 =( NAMED_UNIT ( * ) PLANE_ANGLE_UNIT ( ) SI_UNIT ( $, .RADIAN. ) );
#8198 = CARTESIAN_POINT ( 'NONE',  ( 0.000000000000000000, 6.000000000000000000, 1.900000000000000133 ) ) ;
#8199 = DIRECTION ( 'NONE',  ( -0.000000000000000000, 1.000000000000000000, -0.000000000000000000 ) ) ;
#8200 = MECHANICAL_DESIGN_GEOMETRIC_PRESENTATION_REPRESENTATION (  '', ( #9929 ), #55 ) ;
#8201 = VECTOR ( 'NONE', #6458, 1000.000000000000000 ) ;
#8202 =( NAMED_UNIT ( * ) SI_UNIT ( $, .STERADIAN. ) SOLID_ANGLE_UNIT ( ) );
#8203 = ADVANCED_FACE ( 'NONE', ( #9220 ), #4897, .F. ) ;
#8204 = VECTOR ( 'NONE', #2237, 1000.000000000000000 ) ;
#8205 = ORIENTED_EDGE ( 'NONE', *, *, #3802, .F. ) ;
#8206 = SURFACE_SIDE_STYLE ('',( #10027 ) ) ;
#8207 = AXIS2_PLACEMENT_3D ( 'NONE', #12448, #5493, #9602 ) ;
#8208 = SURFACE_STYLE_USAGE ( .BOTH. , #3116 ) ;
#8209 = SURFACE_STYLE_USAGE ( .BOTH. , #2038 ) ;
#8210 = DIRECTION ( 'NONE',  ( -0.000000000000000000, -0.000000000000000000, 1.000000000000000000 ) ) ;
#8211 = VERTEX_POINT ( 'NONE', #8268 ) ;
#8212 = CARTESIAN_POINT ( 'NONE',  ( -6.099999999999999645, 4.349999999999999645, 0.8199999999999999512 ) ) ;
#8213 = DIRECTION ( 'NONE',  ( -1.000000000000000000, 0.000000000000000000, 0.000000000000000000 ) ) ;
#8214 = CARTESIAN_POINT ( 'NONE',  ( 6.099999999999999645, 5.450000000000000178, 0.000000000000000000 ) ) ;
#8215 = STYLED_ITEM ( 'NONE', ( #10228 ), #4978 ) ;
#8216 =( LENGTH_UNIT ( ) NAMED_UNIT ( * ) SI_UNIT ( .MILLI., .METRE. ) );
#8217 = VECTOR ( 'NONE', #10276, 1000.000000000000000 ) ;
#8218 = EDGE_CURVE ( 'NONE', #365, #8228, #4040, .T. ) ;
#8219 =( LENGTH_UNIT ( ) NAMED_UNIT ( * ) SI_UNIT ( .MILLI., .METRE. ) );
#8220 = EDGE_LOOP ( 'NONE', ( #88, #2599, #3046, #13242 ) ) ;
#8221 = CARTESIAN_POINT ( 'NONE',  ( 6.099999999999999645, -3.050000000000000266, 0.000000000000000000 ) ) ;
#8222 = FACE_OUTER_BOUND ( 'NONE', #12547, .T. ) ;
#8223 = FILL_AREA_STYLE ('',( #7198 ) ) ;
#8224 = VERTEX_POINT ( 'NONE', #12258 ) ;
#8225 = CARTESIAN_POINT ( 'NONE',  ( -4.500000000000000888, 6.500000000000000000, 1.900000000000000355 ) ) ;
#8226 = DIRECTION ( 'NONE',  ( -1.000000000000000000, 0.000000000000000000, 0.000000000000000000 ) ) ;
#8227 = CARTESIAN_POINT ( 'NONE',  ( -6.099999999999999645, -7.450000000000000178, 0.8199999999999999512 ) ) ;
#8228 = VERTEX_POINT ( 'NONE', #3048 ) ;
#8229 = CARTESIAN_POINT ( 'NONE',  ( 6.099999999999999645, 3.950000000000000178, 0.8199999999999999512 ) ) ;
#8230 = DIRECTION ( 'NONE',  ( -0.000000000000000000, -0.000000000000000000, -1.000000000000000000 ) ) ;
#8231 = EDGE_LOOP ( 'NONE', ( #5228, #551, #9243, #262 ) ) ;
#8232 = SURFACE_STYLE_USAGE ( .BOTH. , #5003 ) ;
#8233 = CARTESIAN_POINT ( 'NONE',  ( -6.099999999999999645, 0.04999999999999969746, 0.000000000000000000 ) ) ;
#8234 = ADVANCED_FACE ( 'NONE', ( #6107 ), #1022, .T. ) ;
#8235 = FILL_AREA_STYLE_COLOUR ( '', #12901 ) ;
#8236 =( LENGTH_UNIT ( ) NAMED_UNIT ( * ) SI_UNIT ( .MILLI., .METRE. ) );
#8237 = DIRECTION ( 'NONE',  ( -0.000000000000000000, 1.000000000000000000, 0.000000000000000000 ) ) ;
#8238 = ORIENTED_EDGE ( 'NONE', *, *, #6935, .T. ) ;
#8239 = SURFACE_STYLE_USAGE ( .BOTH. , #11233 ) ;
#8240 = PRESENTATION_STYLE_ASSIGNMENT (( #4934 ) ) ;
#8241 = DIRECTION ( 'NONE',  ( 0.000000000000000000, 0.000000000000000000, 1.000000000000000000 ) ) ;
#8242 = ORIENTED_EDGE ( 'NONE', *, *, #10605, .F. ) ;
#8243 = LINE ( 'NONE', #4867, #3934 ) ;
#8244 = DIRECTION ( 'NONE',  ( 1.000000000000000000, -0.000000000000000000, -0.000000000000000000 ) ) ;
#8245 = EDGE_CURVE ( 'NONE', #2921, #11604, #8338, .T. ) ;
#8246 = LINE ( 'NONE', #4086, #5189 ) ;
#8247 = FACE_OUTER_BOUND ( 'NONE', #11226, .T. ) ;
#8248 = ADVANCED_FACE ( 'NONE', ( #12725 ), #6306, .F. ) ;
#8249 = PLANE ( 'NONE',  #8946 ) ;
#8250 = PRESENTATION_STYLE_ASSIGNMENT (( #8117 ) ) ;
#8251 = ORIENTED_EDGE ( 'NONE', *, *, #5387, .T. ) ;
#8252 = CARTESIAN_POINT ( 'NONE',  ( -6.099999999999999645, 8.000000000000000000, 0.8199999999999999512 ) ) ;
#8253 = VERTEX_POINT ( 'NONE', #8595 ) ;
#8254 = CARTESIAN_POINT ( 'NONE',  ( -6.099999999999999645, -1.950000000000000178, 0.8199999999999999512 ) ) ;
#8255 = ORIENTED_EDGE ( 'NONE', *, *, #4031, .F. ) ;
#8256 = CARTESIAN_POINT ( 'NONE',  ( -5.299999999999998934, 7.450000000000000178, 0.8199999999999999512 ) ) ;
#8257 = ADVANCED_FACE ( 'NONE', ( #12462 ), #11516, .T. ) ;
#8258 = CARTESIAN_POINT ( 'NONE',  ( 6.099999999999999645, 6.750000000000000000, 0.000000000000000000 ) ) ;
#8259 = FACE_OUTER_BOUND ( 'NONE', #11250, .T. ) ;
#8260 = EDGE_CURVE ( 'NONE', #6519, #11483, #414, .T. ) ;
#8261 = DIRECTION ( 'NONE',  ( -0.000000000000000000, -0.000000000000000000, 1.000000000000000000 ) ) ;
#8262 = EDGE_LOOP ( 'NONE', ( #596, #7569, #1994, #6653 ) ) ;
#8263 = CARTESIAN_POINT ( 'NONE',  ( -6.099999999999999645, -6.350000000000000533, 0.000000000000000000 ) ) ;
#8264 = UNCERTAINTY_MEASURE_WITH_UNIT (LENGTH_MEASURE( 1.000000000000000082E-05 ), #5234, 'distance_accuracy_value', 'NONE');
#8265 = SURFACE_STYLE_FILL_AREA ( #6235 ) ;
#8266 = VERTEX_POINT ( 'NONE', #5374 ) ;
#8267 = DIRECTION ( 'NONE',  ( 1.000000000000000000, 0.000000000000000000, 0.000000000000000000 ) ) ;
#8268 = CARTESIAN_POINT ( 'NONE',  ( 6.099999999999999645, -1.050000000000000266, 0.000000000000000000 ) ) ;
#8269 = CARTESIAN_POINT ( 'NONE',  ( -6.099999999999999645, -6.550000000000000711, 0.8199999999999999512 ) ) ;
#8270 = DIRECTION ( 'NONE',  ( 1.626303258728256651E-16, -1.000000000000000000, 0.000000000000000000 ) ) ;
#8271 = ORIENTED_EDGE ( 'NONE', *, *, #12581, .T. ) ;
#8272 = LINE ( 'NONE', #6173, #4972 ) ;
#8273 = PRESENTATION_STYLE_ASSIGNMENT (( #2176 ) ) ;
#8274 = LINE ( 'NONE', #12398, #1857 ) ;
#8275 = LINE ( 'NONE', #13264, #5128 ) ;
#8276 = EDGE_CURVE ( 'NONE', #7425, #9016, #4428, .T. ) ;
#8277 = AXIS2_PLACEMENT_3D ( 'NONE', #7529, #9413, #4294 ) ;
#8278 = EDGE_CURVE ( 'NONE', #4528, #9346, #11462, .T. ) ;
#8279 = PRESENTATION_STYLE_ASSIGNMENT (( #10387 ) ) ;
#8280 = DIRECTION ( 'NONE',  ( 0.000000000000000000, 0.000000000000000000, -1.000000000000000000 ) ) ;
#8281 = UNCERTAINTY_MEASURE_WITH_UNIT (LENGTH_MEASURE( 1.000000000000000082E-05 ), #12955, 'distance_accuracy_value', 'NONE');
#8282 = COLOUR_RGB ( '',0.9411764705882352811, 0.6274509803921568540, 0.05490196078431372473 ) ;
#8283 = VECTOR ( 'NONE', #5047, 1000.000000000000000 ) ;
#8284 = ORIENTED_EDGE ( 'NONE', *, *, #1649, .F. ) ;
#8285 = DIRECTION ( 'NONE',  ( 1.000000000000000000, -0.000000000000000000, -0.000000000000000000 ) ) ;
#8286 = FILL_AREA_STYLE ('',( #6321 ) ) ;
#8287 = ORIENTED_EDGE ( 'NONE', *, *, #2163, .T. ) ;
#8288 = CARTESIAN_POINT ( 'NONE',  ( 6.099999999999999645, -1.750000000000000444, 0.8199999999999999512 ) ) ;
#8289 = EDGE_CURVE ( 'NONE', #651, #4769, #6454, .T. ) ;
#8290 = ORIENTED_EDGE ( 'NONE', *, *, #8512, .T. ) ;
#8291 = CARTESIAN_POINT ( 'NONE',  ( 5.299999999999998934, 5.249999999999999112, 0.8199999999999999512 ) ) ;
#8292 = DIRECTION ( 'NONE',  ( -0.000000000000000000, -0.000000000000000000, -1.000000000000000000 ) ) ;
#8293 = ORIENTED_EDGE ( 'NONE', *, *, #10395, .F. ) ;
#8294 = AXIS2_PLACEMENT_3D ( 'NONE', #4387, #9560, #11727 ) ;
#8295 = SURFACE_STYLE_FILL_AREA ( #9313 ) ;
#8296 = MECHANICAL_DESIGN_GEOMETRIC_PRESENTATION_REPRESENTATION (  '', ( #3784 ), #11116 ) ;
#8297 = DIRECTION ( 'NONE',  ( 0.000000000000000000, 0.000000000000000000, -1.000000000000000000 ) ) ;
#8298 = UNCERTAINTY_MEASURE_WITH_UNIT (LENGTH_MEASURE( 1.000000000000000082E-05 ), #571, 'distance_accuracy_value', 'NONE');
#8299 = VECTOR ( 'NONE', #2827, 1000.000000000000000 ) ;
#8300 = AXIS2_PLACEMENT_3D ( 'NONE', #9956, #3891, #12160 ) ;
#8301 = SURFACE_STYLE_FILL_AREA ( #3142 ) ;
#8302 = FILL_AREA_STYLE ('',( #11156 ) ) ;
#8303 = DIRECTION ( 'NONE',  ( 0.000000000000000000, -1.000000000000000000, 0.000000000000000000 ) ) ;
#8304 = VECTOR ( 'NONE', #4880, 1000.000000000000000 ) ;
#8305 = EDGE_LOOP ( 'NONE', ( #6379, #9344, #125, #6632 ) ) ;
#8306 = ORIENTED_EDGE ( 'NONE', *, *, #9385, .F. ) ;
#8307 = LINE ( 'NONE', #9256, #9915 ) ;
#8308 = CARTESIAN_POINT ( 'NONE',  ( 6.099999999999999645, 7.000000000000000000, 0.000000000000000000 ) ) ;
#8309 = EDGE_CURVE ( 'NONE', #4181, #4936, #1152, .T. ) ;
#8310 = DIRECTION ( 'NONE',  ( -1.000000000000000000, 0.000000000000000000, 0.000000000000000000 ) ) ;
#8311 = VERTEX_POINT ( 'NONE', #9688 ) ;
#8312 = SURFACE_STYLE_FILL_AREA ( #8380 ) ;
#8313 = DIRECTION ( 'NONE',  ( 0.000000000000000000, -1.000000000000000000, 0.000000000000000000 ) ) ;
#8314 = DIRECTION ( 'NONE',  ( -0.000000000000000000, -0.000000000000000000, -1.000000000000000000 ) ) ;
#8315 = UNCERTAINTY_MEASURE_WITH_UNIT (LENGTH_MEASURE( 1.000000000000000082E-05 ), #673, 'distance_accuracy_value', 'NONE');
#8316 = ORIENTED_EDGE ( 'NONE', *, *, #8336, .T. ) ;
#8317 = ORIENTED_EDGE ( 'NONE', *, *, #8174, .F. ) ;
#8318 = PRESENTATION_STYLE_ASSIGNMENT (( #9535 ) ) ;
#8319 = CARTESIAN_POINT ( 'NONE',  ( 6.099999999999999645, -4.549999999999999822, 0.8199999999999999512 ) ) ;
#8320 = EDGE_LOOP ( 'NONE', ( #10726, #8436, #303, #11046 ) ) ;
#8321 = VERTEX_POINT ( 'NONE', #8722 ) ;
#8322 = VECTOR ( 'NONE', #10902, 1000.000000000000000 ) ;
#8323 = COLOUR_RGB ( '',0.9411764705882352811, 0.6274509803921568540, 0.05490196078431372473 ) ;
#8324 = FACE_OUTER_BOUND ( 'NONE', #3181, .T. ) ;
#8325 = SURFACE_SIDE_STYLE ('',( #10492 ) ) ;
#8326 = VERTEX_POINT ( 'NONE', #1752 ) ;
#8327 = ADVANCED_FACE ( 'NONE', ( #6651 ), #2698, .T. ) ;
#8328 =( NAMED_UNIT ( * ) SI_UNIT ( $, .STERADIAN. ) SOLID_ANGLE_UNIT ( ) );
#8329 = VERTEX_POINT ( 'NONE', #5565 ) ;
#8330 = DIRECTION ( 'NONE',  ( -1.000000000000000000, 0.000000000000000000, 0.000000000000000000 ) ) ;
#8331 =( GEOMETRIC_REPRESENTATION_CONTEXT ( 3 ) GLOBAL_UNCERTAINTY_ASSIGNED_CONTEXT ( ( #5562 ) ) GLOBAL_UNIT_ASSIGNED_CONTEXT ( ( #12705, #5350, #2350 ) ) REPRESENTATION_CONTEXT ( 'NONE', 'WORKASPACE' ) );
#8332 = CIRCLE ( 'NONE', #2549, 0.2500000000000002220 ) ;
#8333 = SURFACE_STYLE_USAGE ( .BOTH. , #12592 ) ;
#8334 = EDGE_CURVE ( 'NONE', #2268, #7734, #2310, .T. ) ;
#8335 = ORIENTED_EDGE ( 'NONE', *, *, #12731, .T. ) ;
#8336 = EDGE_CURVE ( 'NONE', #6868, #1006, #10907, .T. ) ;
#8337 = CARTESIAN_POINT ( 'NONE',  ( -6.099999999999999645, 2.850000000000000089, 0.000000000000000000 ) ) ;
#8338 = LINE ( 'NONE', #12536, #1409 ) ;
#8339 =( NAMED_UNIT ( * ) PLANE_ANGLE_UNIT ( ) SI_UNIT ( $, .RADIAN. ) );
#8340 = VERTEX_POINT ( 'NONE', #3756 ) ;
#8341 = LINE ( 'NONE', #3255, #3691 ) ;
#8342 = SURFACE_STYLE_USAGE ( .BOTH. , #9353 ) ;
#8343 = PRESENTATION_LAYER_ASSIGNMENT (  '', '', ( #4678 ) ) ;
#8344 = MECHANICAL_DESIGN_GEOMETRIC_PRESENTATION_REPRESENTATION (  '', ( #10721 ), #11163 ) ;
#8345 = CARTESIAN_POINT ( 'NONE',  ( -6.099999999999999645, 6.349999999999999645, 0.000000000000000000 ) ) ;
#8346 = VECTOR ( 'NONE', #9857, 1000.000000000000000 ) ;
#8347 =( NAMED_UNIT ( * ) SI_UNIT ( $, .STERADIAN. ) SOLID_ANGLE_UNIT ( ) );
#8348 = VECTOR ( 'NONE', #12571, 1000.000000000000000 ) ;
#8349 = ADVANCED_FACE ( 'NONE', ( #1612 ), #4609, .T. ) ;
#8350 = COLOUR_RGB ( '',0.9411764705882352811, 0.6274509803921568540, 0.05490196078431372473 ) ;
#8351 = ORIENTED_EDGE ( 'NONE', *, *, #2589, .T. ) ;
#8352 = SURFACE_SIDE_STYLE ('',( #11473 ) ) ;
#8353 = CARTESIAN_POINT ( 'NONE',  ( -5.299999999999998934, 6.349999999999999645, 0.8199999999999999512 ) ) ;
#8354 = VECTOR ( 'NONE', #2459, 1000.000000000000000 ) ;
#8355 = ORIENTED_EDGE ( 'NONE', *, *, #4109, .T. ) ;
#8356 = STYLED_ITEM ( 'NONE', ( #10983 ), #11041 ) ;
#8357 = FILL_AREA_STYLE ('',( #7603 ) ) ;
#8358 = DIRECTION ( 'NONE',  ( 0.000000000000000000, -0.000000000000000000, 1.000000000000000000 ) ) ;
#8359 = ORIENTED_EDGE ( 'NONE', *, *, #9301, .F. ) ;
#8360 = CARTESIAN_POINT ( 'NONE',  ( 6.099999999999999645, -1.750000000000000444, 0.000000000000000000 ) ) ;
#8361 = ORIENTED_EDGE ( 'NONE', *, *, #7421, .T. ) ;
#8362 = VERTEX_POINT ( 'NONE', #611 ) ;
#8363 = COLOUR_RGB ( '',0.9411764705882352811, 0.6274509803921568540, 0.05490196078431372473 ) ;
#8364 = STYLED_ITEM ( 'NONE', ( #9771 ), #6650 ) ;
#8365 =( NAMED_UNIT ( * ) SI_UNIT ( $, .STERADIAN. ) SOLID_ANGLE_UNIT ( ) );
#8366 = VECTOR ( 'NONE', #773, 1000.000000000000000 ) ;
#8367 = ADVANCED_FACE ( 'NONE', ( #4685 ), #6780, .T. ) ;
#8368 = CARTESIAN_POINT ( 'NONE',  ( 6.099999999999999645, 8.000000000000000000, 0.8199999999999999512 ) ) ;
#8369 = DIRECTION ( 'NONE',  ( -1.626303258728256651E-16, 1.000000000000000000, 0.000000000000000000 ) ) ;
#8370 = FACE_OUTER_BOUND ( 'NONE', #2700, .T. ) ;
#8371 = CYLINDRICAL_SURFACE ( 'NONE', #3206, 0.2500000000000002220 ) ;
#8372 = ORIENTED_EDGE ( 'NONE', *, *, #2668, .T. ) ;
#8373 = ORIENTED_EDGE ( 'NONE', *, *, #1487, .F. ) ;
#8374 = VECTOR ( 'NONE', #7084, 1000.000000000000000 ) ;
#8375 = PLANE ( 'NONE',  #3488 ) ;
#8376 = LINE ( 'NONE', #12759, #815 ) ;
#8377 = DIRECTION ( 'NONE',  ( 0.000000000000000000, -1.000000000000000000, 0.000000000000000000 ) ) ;
#8378 = ORIENTED_EDGE ( 'NONE', *, *, #7114, .F. ) ;
#8379 = CIRCLE ( 'NONE', #10106, 0.2500000000000002220 ) ;
#8380 = FILL_AREA_STYLE ('',( #7375 ) ) ;
#8381 = CARTESIAN_POINT ( 'NONE',  ( -5.299999999999998934, -4.350000000000000533, 0.8199999999999999512 ) ) ;
#8382 = EDGE_CURVE ( 'NONE', #6479, #9592, #1953, .T. ) ;
#8383 = AXIS2_PLACEMENT_3D ( 'NONE', #3205, #11419, #314 ) ;
#8384 = VERTEX_POINT ( 'NONE', #7105 ) ;
#8385 = DIRECTION ( 'NONE',  ( -0.000000000000000000, 1.000000000000000000, -0.000000000000000000 ) ) ;
#8386 = EDGE_CURVE ( 'NONE', #11869, #13202, #11310, .T. ) ;
#8387 =( LENGTH_UNIT ( ) NAMED_UNIT ( * ) SI_UNIT ( .MILLI., .METRE. ) );
#8388 = LINE ( 'NONE', #6558, #10712 ) ;
#8389 = AXIS2_PLACEMENT_3D ( 'NONE', #2614, #1730, #5883 ) ;
#8390 = ORIENTED_EDGE ( 'NONE', *, *, #11772, .T. ) ;
#8391 = CARTESIAN_POINT ( 'NONE',  ( 6.099999999999999645, 4.349999999999999645, 0.8199999999999999512 ) ) ;
#8392 = ORIENTED_EDGE ( 'NONE', *, *, #2382, .T. ) ;
#8393 = SURFACE_STYLE_FILL_AREA ( #1200 ) ;
#8394 = PRESENTATION_STYLE_ASSIGNMENT (( #12709 ) ) ;
#8395 = FACE_OUTER_BOUND ( 'NONE', #4353, .T. ) ;
#8396 = VERTEX_POINT ( 'NONE', #3026 ) ;
#8397 = CARTESIAN_POINT ( 'NONE',  ( -5.299999999999998934, -2.150000000000000355, 0.000000000000000000 ) ) ;
#8398 = ORIENTED_EDGE ( 'NONE', *, *, #3802, .T. ) ;
#8399 = VECTOR ( 'NONE', #626, 1000.000000000000000 ) ;
#8401 = EDGE_CURVE ( 'NONE', #6319, #144, #2837, .T. ) ;
#8400 = CARTESIAN_POINT ( 'NONE',  ( -6.099999999999999645, 4.349999999999999645, 0.000000000000000000 ) ) ;
#8402 = UNCERTAINTY_MEASURE_WITH_UNIT (LENGTH_MEASURE( 1.000000000000000082E-05 ), #12577, 'distance_accuracy_value', 'NONE');
#8403 = EDGE_CURVE ( 'NONE', #9789, #9370, #11104, .T. ) ;
#8404 = DIRECTION ( 'NONE',  ( -1.000000000000000000, 0.000000000000000000, -0.000000000000000000 ) ) ;
#8405 = PRESENTATION_LAYER_ASSIGNMENT (  '', '', ( #8185 ) ) ;
#8406 = VECTOR ( 'NONE', #39, 1000.000000000000000 ) ;
#8407 = ORIENTED_EDGE ( 'NONE', *, *, #6469, .F. ) ;
#8408 = DIRECTION ( 'NONE',  ( 0.000000000000000000, -1.000000000000000000, 0.000000000000000000 ) ) ;
#8409 =( NAMED_UNIT ( * ) PLANE_ANGLE_UNIT ( ) SI_UNIT ( $, .RADIAN. ) );
#8410 = ORIENTED_EDGE ( 'NONE', *, *, #13119, .F. ) ;
#8411 = AXIS2_PLACEMENT_3D ( 'NONE', #6733, #9706, #7600 ) ;
#8412 = SURFACE_STYLE_FILL_AREA ( #1218 ) ;
#8413 =( NAMED_UNIT ( * ) SI_UNIT ( $, .STERADIAN. ) SOLID_ANGLE_UNIT ( ) );
#8414 = AXIS2_PLACEMENT_3D ( 'NONE', #3300, #7382, #2280 ) ;
#8415 = DIRECTION ( 'NONE',  ( -1.000000000000000000, 0.000000000000000000, 0.000000000000000000 ) ) ;
#8416 = CARTESIAN_POINT ( 'NONE',  ( 6.099999999999999645, 5.450000000000000178, 0.8199999999999999512 ) ) ;
#8417 = CARTESIAN_POINT ( 'NONE',  ( -6.099999999999999645, -0.8500000000000000888, 0.8199999999999999512 ) ) ;
#8418 = EDGE_CURVE ( 'NONE', #896, #11607, #1819, .T. ) ;
#8419 =( GEOMETRIC_REPRESENTATION_CONTEXT ( 3 ) GLOBAL_UNCERTAINTY_ASSIGNED_CONTEXT ( ( #2814 ) ) GLOBAL_UNIT_ASSIGNED_CONTEXT ( ( #5337, #9578, #1327 ) ) REPRESENTATION_CONTEXT ( 'NONE', 'WORKASPACE' ) );
#8420 = VECTOR ( 'NONE', #10444, 1000.000000000000000 ) ;
#8421 = DIRECTION ( 'NONE',  ( -0.000000000000000000, -0.000000000000000000, -1.000000000000000000 ) ) ;
#8422 = UNCERTAINTY_MEASURE_WITH_UNIT (LENGTH_MEASURE( 1.000000000000000082E-05 ), #3861, 'distance_accuracy_value', 'NONE');
#8423 = STYLED_ITEM ( 'NONE', ( #8078 ), #8985 ) ;
#8424 = FACE_OUTER_BOUND ( 'NONE', #2077, .T. ) ;
#8425 = ORIENTED_EDGE ( 'NONE', *, *, #1016, .T. ) ;
#8426 = PRESENTATION_STYLE_ASSIGNMENT (( #4314 ) ) ;
#8427 =( GEOMETRIC_REPRESENTATION_CONTEXT ( 3 ) GLOBAL_UNCERTAINTY_ASSIGNED_CONTEXT ( ( #2631 ) ) GLOBAL_UNIT_ASSIGNED_CONTEXT ( ( #10427, #10488, #1272 ) ) REPRESENTATION_CONTEXT ( 'NONE', 'WORKASPACE' ) );
#8428 = ORIENTED_EDGE ( 'NONE', *, *, #7436, .F. ) ;
#8429 = FACE_OUTER_BOUND ( 'NONE', #4815, .T. ) ;
#8430 = DIRECTION ( 'NONE',  ( 0.000000000000000000, -1.000000000000000000, 0.000000000000000000 ) ) ;
#8431 = EDGE_LOOP ( 'NONE', ( #10891, #13010, #868, #3129 ) ) ;
#8432 =( NAMED_UNIT ( * ) PLANE_ANGLE_UNIT ( ) SI_UNIT ( $, .RADIAN. ) );
#8433 = LINE ( 'NONE', #12283, #2140 ) ;
#8434 = EDGE_CURVE ( 'NONE', #11266, #9839, #1880, .T. ) ;
#8435 = VECTOR ( 'NONE', #598, 1000.000000000000000 ) ;
#8436 = ORIENTED_EDGE ( 'NONE', *, *, #1793, .F. ) ;
#8437 = FILL_AREA_STYLE_COLOUR ( '', #454 ) ;
#8438 = LINE ( 'NONE', #9573, #668 ) ;
#8439 = FILL_AREA_STYLE ('',( #6416 ) ) ;
#8440 = ORIENTED_EDGE ( 'NONE', *, *, #1705, .T. ) ;
#8441 = DIRECTION ( 'NONE',  ( 1.000000000000000000, -0.000000000000000000, -0.000000000000000000 ) ) ;
#8442 = FACE_OUTER_BOUND ( 'NONE', #11061, .T. ) ;
#8443 = DIRECTION ( 'NONE',  ( 0.000000000000000000, 0.000000000000000000, -1.000000000000000000 ) ) ;
#8444 = ORIENTED_EDGE ( 'NONE', *, *, #860, .F. ) ;
#8445 =( NAMED_UNIT ( * ) SI_UNIT ( $, .STERADIAN. ) SOLID_ANGLE_UNIT ( ) );
#8446 = DIRECTION ( 'NONE',  ( -1.000000000000000000, 0.000000000000000000, 0.000000000000000000 ) ) ;
#8447 = EDGE_CURVE ( 'NONE', #3932, #3692, #4879, .T. ) ;
#8448 = CARTESIAN_POINT ( 'NONE',  ( 6.099999999999999645, 7.000000000000000000, 0.000000000000000000 ) ) ;
#8449 = CIRCLE ( 'NONE', #4779, 0.2500000000000002220 ) ;
#8450 = UNCERTAINTY_MEASURE_WITH_UNIT (LENGTH_MEASURE( 1.000000000000000082E-05 ), #7593, 'distance_accuracy_value', 'NONE');
#8451 = PRESENTATION_LAYER_ASSIGNMENT (  '', '', ( #1583 ) ) ;
#8452 = ORIENTED_EDGE ( 'NONE', *, *, #22, .T. ) ;
#8453 = SURFACE_STYLE_FILL_AREA ( #3157 ) ;
#8454 = CARTESIAN_POINT ( 'NONE',  ( -5.299999999999998934, -4.350000000000000533, 0.8199999999999999512 ) ) ;
#8455 = DIRECTION ( 'NONE',  ( 0.000000000000000000, 0.000000000000000000, -1.000000000000000000 ) ) ;
#8456 = ORIENTED_EDGE ( 'NONE', *, *, #8824, .F. ) ;
#8457 = CIRCLE ( 'NONE', #2679, 0.2500000000000002220 ) ;
#8458 =( NAMED_UNIT ( * ) SI_UNIT ( $, .STERADIAN. ) SOLID_ANGLE_UNIT ( ) );
#8459 = EDGE_LOOP ( 'NONE', ( #2054, #2399, #9613, #5335 ) ) ;
#8460 = LINE ( 'NONE', #7518, #11461 ) ;
#8461 = PRESENTATION_STYLE_ASSIGNMENT (( #6443 ) ) ;
#8462 = ORIENTED_EDGE ( 'NONE', *, *, #3904, .F. ) ;
#8463 = EDGE_CURVE ( 'NONE', #7684, #6326, #10085, .T. ) ;
#8464 = CARTESIAN_POINT ( 'NONE',  ( -6.099999999999999645, 2.850000000000000089, 0.8199999999999999512 ) ) ;
#8465 = ORIENTED_EDGE ( 'NONE', *, *, #11190, .T. ) ;
#8466 =( LENGTH_UNIT ( ) NAMED_UNIT ( * ) SI_UNIT ( .MILLI., .METRE. ) );
#8467 = CARTESIAN_POINT ( 'NONE',  ( 6.099999999999999645, 8.000000000000000000, 0.8199999999999999512 ) ) ;
#8468 = ORIENTED_EDGE ( 'NONE', *, *, #7913, .F. ) ;
#8469 = DIRECTION ( 'NONE',  ( 0.000000000000000000, 0.000000000000000000, 1.000000000000000000 ) ) ;
#8470 = SURFACE_STYLE_FILL_AREA ( #5301 ) ;
#8471 = EDGE_LOOP ( 'NONE', ( #11505, #2246, #578, #5377, #7018, #8797 ) ) ;
#8472 =( NAMED_UNIT ( * ) PLANE_ANGLE_UNIT ( ) SI_UNIT ( $, .RADIAN. ) );
#8473 = CARTESIAN_POINT ( 'NONE',  ( -6.099999999999999645, 6.349999999999999645, 0.8199999999999999512 ) ) ;
#8474 = LINE ( 'NONE', #5305, #9570 ) ;
#8475 =( NAMED_UNIT ( * ) SI_UNIT ( $, .STERADIAN. ) SOLID_ANGLE_UNIT ( ) );
#8476 = DIRECTION ( 'NONE',  ( -0.000000000000000000, -0.000000000000000000, -1.000000000000000000 ) ) ;
#8477 = LINE ( 'NONE', #2388, #9044 ) ;
#8478 = ORIENTED_EDGE ( 'NONE', *, *, #11967, .F. ) ;
#8479 = FACE_OUTER_BOUND ( 'NONE', #3838, .T. ) ;
#8480 = PRESENTATION_STYLE_ASSIGNMENT (( #301 ) ) ;
#8481 = DIRECTION ( 'NONE',  ( -0.000000000000000000, 1.000000000000000000, -0.000000000000000000 ) ) ;
#8482 = ORIENTED_EDGE ( 'NONE', *, *, #5358, .F. ) ;
#8483 = CARTESIAN_POINT ( 'NONE',  ( 0.000000000000000000, 0.000000000000000000, 2.400000000000000355 ) ) ;
#8484 = LINE ( 'NONE', #9711, #9582 ) ;
#8485 = DIRECTION ( 'NONE',  ( 0.000000000000000000, -0.000000000000000000, 1.000000000000000000 ) ) ;
#8486 = ORIENTED_EDGE ( 'NONE', *, *, #10191, .F. ) ;
#8487 = ORIENTED_EDGE ( 'NONE', *, *, #7925, .T. ) ;
#8488 =( LENGTH_UNIT ( ) NAMED_UNIT ( * ) SI_UNIT ( .MILLI., .METRE. ) );
#8489 = PRESENTATION_STYLE_ASSIGNMENT (( #2056 ) ) ;
#8490 = PRESENTATION_LAYER_ASSIGNMENT (  '', '', ( #12158 ) ) ;
#8491 = VECTOR ( 'NONE', #1310, 1000.000000000000000 ) ;
#8492 = CARTESIAN_POINT ( 'NONE',  ( -6.099999999999999645, 2.600000000000000089, 0.000000000000000000 ) ) ;
#8493 = CARTESIAN_POINT ( 'NONE',  ( -6.099999999999999645, 2.149999999999999911, 0.8199999999999999512 ) ) ;
#8494 = EDGE_CURVE ( 'NONE', #949, #11286, #7996, .T. ) ;
#8495 = EDGE_CURVE ( 'NONE', #4318, #232, #6118, .T. ) ;
#8496 = DIRECTION ( 'NONE',  ( 0.000000000000000000, 0.000000000000000000, -1.000000000000000000 ) ) ;
#8497 = CARTESIAN_POINT ( 'NONE',  ( 6.099999999999999645, -3.250000000000000444, 0.000000000000000000 ) ) ;
#8498 =( LENGTH_UNIT ( ) NAMED_UNIT ( * ) SI_UNIT ( .MILLI., .METRE. ) );
#8499 = ORIENTED_EDGE ( 'NONE', *, *, #5765, .T. ) ;
#8500 = ORIENTED_EDGE ( 'NONE', *, *, #1050, .T. ) ;
#8501 = PLANE ( 'NONE',  #13129 ) ;
#8502 = MECHANICAL_DESIGN_GEOMETRIC_PRESENTATION_REPRESENTATION (  '', ( #12814 ), #793 ) ;
#8503 = VERTEX_POINT ( 'NONE', #7034 ) ;
#8504 = VECTOR ( 'NONE', #3379, 1000.000000000000000 ) ;
#8505 = LINE ( 'NONE', #9790, #1569 ) ;
#8506 = SURFACE_SIDE_STYLE ('',( #2210 ) ) ;
#8507 = FACE_OUTER_BOUND ( 'NONE', #5477, .T. ) ;
#8508 =( NAMED_UNIT ( * ) SI_UNIT ( $, .STERADIAN. ) SOLID_ANGLE_UNIT ( ) );
#8509 = PRESENTATION_LAYER_ASSIGNMENT (  '', '', ( #10896 ) ) ;
#8510 = VECTOR ( 'NONE', #10927, 1000.000000000000000 ) ;
#8511 = FILL_AREA_STYLE_COLOUR ( '', #1642 ) ;
#8512 = EDGE_CURVE ( 'NONE', #10783, #1150, #13185, .T. ) ;
#8513 = FILL_AREA_STYLE ('',( #12826 ) ) ;
#8514 = EDGE_LOOP ( 'NONE', ( #2804, #12860, #4569, #6129 ) ) ;
#8515 = FILL_AREA_STYLE_COLOUR ( '', #9916 ) ;
#8516 = CARTESIAN_POINT ( 'NONE',  ( 5.299999999999998934, 6.550000000000000711, 0.000000000000000000 ) ) ;
#8517 = ORIENTED_EDGE ( 'NONE', *, *, #2123, .F. ) ;
#8518 = DIRECTION ( 'NONE',  ( 6.672013369141566696E-17, -1.000000000000000000, 0.000000000000000000 ) ) ;
#8519 = ORIENTED_EDGE ( 'NONE', *, *, #5779, .F. ) ;
#8520 = AXIS2_PLACEMENT_3D ( 'NONE', #2475, #11755, #8767 ) ;
#8521 = PLANE ( 'NONE',  #1363 ) ;
#8522 = SURFACE_STYLE_USAGE ( .BOTH. , #9540 ) ;
#8523 = CARTESIAN_POINT ( 'NONE',  ( -6.099999999999999645, -4.150000000000000355, 0.000000000000000000 ) ) ;
#8524 = VERTEX_POINT ( 'NONE', #12166 ) ;
#8525 = FILL_AREA_STYLE ('',( #4287 ) ) ;
#8526 =( NAMED_UNIT ( * ) SI_UNIT ( $, .STERADIAN. ) SOLID_ANGLE_UNIT ( ) );
#8527 = UNCERTAINTY_MEASURE_WITH_UNIT (LENGTH_MEASURE( 1.000000000000000082E-05 ), #12328, 'distance_accuracy_value', 'NONE');
#8528 = ADVANCED_FACE ( 'NONE', ( #4098 ), #6035, .F. ) ;
#8529 = CARTESIAN_POINT ( 'NONE',  ( -6.099999999999999645, -0.6500000000000003553, 0.8199999999999999512 ) ) ;
#8530 = VECTOR ( 'NONE', #4424, 1000.000000000000000 ) ;
#8531 = PRESENTATION_LAYER_ASSIGNMENT (  '', '', ( #4034 ) ) ;
#8532 = ORIENTED_EDGE ( 'NONE', *, *, #8187, .F. ) ;
#8533 = FILL_AREA_STYLE_COLOUR ( '', #6143 ) ;
#8534 = VERTEX_POINT ( 'NONE', #11634 ) ;
#8535 = CARTESIAN_POINT ( 'NONE',  ( -6.099999999999999645, 3.049999999999999822, 0.000000000000000000 ) ) ;
#8536 = FACE_OUTER_BOUND ( 'NONE', #2731, .T. ) ;
#8537 = LINE ( 'NONE', #11782, #5224 ) ;
#8538 = STYLED_ITEM ( 'NONE', ( #11628 ), #3094 ) ;
#8539 = AXIS2_PLACEMENT_3D ( 'NONE', #12027, #13043, #6716 ) ;
#8540 =( GEOMETRIC_REPRESENTATION_CONTEXT ( 3 ) GLOBAL_UNCERTAINTY_ASSIGNED_CONTEXT ( ( #7507 ) ) GLOBAL_UNIT_ASSIGNED_CONTEXT ( ( #7641, #5625, #6639 ) ) REPRESENTATION_CONTEXT ( 'NONE', 'WORKASPACE' ) );
#8541 = EDGE_CURVE ( 'NONE', #8881, #3725, #7309, .T. ) ;
#8542 = DIRECTION ( 'NONE',  ( -0.000000000000000000, -0.000000000000000000, -1.000000000000000000 ) ) ;
#8543 = ORIENTED_EDGE ( 'NONE', *, *, #6584, .F. ) ;
#8544 = DIRECTION ( 'NONE',  ( 0.000000000000000000, -1.000000000000000000, -0.000000000000000000 ) ) ;
#8545 = VECTOR ( 'NONE', #8690, 1000.000000000000000 ) ;
#8546 = DIRECTION ( 'NONE',  ( -0.000000000000000000, 1.000000000000000000, 0.000000000000000000 ) ) ;
#8547 = LINE ( 'NONE', #3461, #10016 ) ;
#8548 = DIRECTION ( 'NONE',  ( 1.000000000000000000, 0.000000000000000000, -0.000000000000000000 ) ) ;
#8549 = ORIENTED_EDGE ( 'NONE', *, *, #8122, .T. ) ;
#8550 =( GEOMETRIC_REPRESENTATION_CONTEXT ( 3 ) GLOBAL_UNCERTAINTY_ASSIGNED_CONTEXT ( ( #2421 ) ) GLOBAL_UNIT_ASSIGNED_CONTEXT ( ( #4941, #6025, #7909 ) ) REPRESENTATION_CONTEXT ( 'NONE', 'WORKASPACE' ) );
#8551 = CARTESIAN_POINT ( 'NONE',  ( 6.099999999999999645, 6.750000000000000000, 0.8199999999999999512 ) ) ;
#8552 = VERTEX_POINT ( 'NONE', #9538 ) ;
#8553 = DIRECTION ( 'NONE',  ( -0.000000000000000000, 1.000000000000000000, -0.000000000000000000 ) ) ;
#8554 = VECTOR ( 'NONE', #11530, 1000.000000000000000 ) ;
#8555 = VECTOR ( 'NONE', #10528, 1000.000000000000000 ) ;
#8556 = SURFACE_STYLE_USAGE ( .BOTH. , #7364 ) ;
#8557 = EDGE_CURVE ( 'NONE', #6519, #8805, #334, .T. ) ;
#8558 = MECHANICAL_DESIGN_GEOMETRIC_PRESENTATION_REPRESENTATION (  '', ( #13305 ), #9650 ) ;
#8559 = EDGE_CURVE ( 'NONE', #3778, #8552, #6501, .T. ) ;
#8560 = DIRECTION ( 'NONE',  ( -1.000000000000000000, -0.000000000000000000, -0.000000000000000000 ) ) ;
#8561 = FACE_OUTER_BOUND ( 'NONE', #12084, .T. ) ;
#8562 = ORIENTED_EDGE ( 'NONE', *, *, #9019, .F. ) ;
#8563 = FILL_AREA_STYLE ('',( #3347 ) ) ;
#8564 = APPLICATION_PROTOCOL_DEFINITION ( 'draft international standard', 'automotive_design', 1998, #3717 ) ;
#8565 = DIRECTION ( 'NONE',  ( 0.000000000000000000, -1.000000000000000000, 0.000000000000000000 ) ) ;
#8566 = ORIENTED_EDGE ( 'NONE', *, *, #5132, .T. ) ;
#8567 = MECHANICAL_DESIGN_GEOMETRIC_PRESENTATION_REPRESENTATION (  '', ( #3639 ), #2795 ) ;
#8568 = AXIS2_PLACEMENT_3D ( 'NONE', #11585, #3118, #86 ) ;
#8569 =( LENGTH_UNIT ( ) NAMED_UNIT ( * ) SI_UNIT ( .MILLI., .METRE. ) );
#8570 = PRESENTATION_LAYER_ASSIGNMENT (  '', '', ( #1939 ) ) ;
#8571 = FILL_AREA_STYLE ('',( #3411 ) ) ;
#8573 = VECTOR ( 'NONE', #11185, 1000.000000000000000 ) ;
#8572 =( LENGTH_UNIT ( ) NAMED_UNIT ( * ) SI_UNIT ( .MILLI., .METRE. ) );
#8574 = EDGE_CURVE ( 'NONE', #6195, #8666, #198, .T. ) ;
#8575 = UNCERTAINTY_MEASURE_WITH_UNIT (LENGTH_MEASURE( 1.000000000000000082E-05 ), #6536, 'distance_accuracy_value', 'NONE');
#8576 = ORIENTED_EDGE ( 'NONE', *, *, #9499, .F. ) ;
#8577 =( GEOMETRIC_REPRESENTATION_CONTEXT ( 3 ) GLOBAL_UNCERTAINTY_ASSIGNED_CONTEXT ( ( #3060 ) ) GLOBAL_UNIT_ASSIGNED_CONTEXT ( ( #8977, #2688, #10890 ) ) REPRESENTATION_CONTEXT ( 'NONE', 'WORKASPACE' ) );
#8578 = CARTESIAN_POINT ( 'NONE',  ( -6.099999999999999645, -5.250000000000000000, 0.8199999999999999512 ) ) ;
#8579 = ORIENTED_EDGE ( 'NONE', *, *, #9842, .F. ) ;
#8580 =( LENGTH_UNIT ( ) NAMED_UNIT ( * ) SI_UNIT ( .MILLI., .METRE. ) );
#8581 = VERTEX_POINT ( 'NONE', #10628 ) ;
#8582 = CARTESIAN_POINT ( 'NONE',  ( -6.099999999999999645, -1.500000000000000222, 0.8199999999999999512 ) ) ;
#8583 = VERTEX_POINT ( 'NONE', #12521 ) ;
#8584 = SURFACE_STYLE_USAGE ( .BOTH. , #9874 ) ;
#8585 = FILL_AREA_STYLE_COLOUR ( '', #2437 ) ;
#8586 = PRESENTATION_STYLE_ASSIGNMENT (( #2752 ) ) ;
#8587 = VERTEX_POINT ( 'NONE', #131 ) ;
#8588 = ADVANCED_FACE ( 'NONE', ( #2152 ), #10558, .T. ) ;
#8589 = VECTOR ( 'NONE', #12358, 1000.000000000000000 ) ;
#8590 = CARTESIAN_POINT ( 'NONE',  ( -6.099999999999999645, -1.250000000000000000, 0.8199999999999999512 ) ) ;
#8591 = VECTOR ( 'NONE', #6889, 1000.000000000000000 ) ;
#8592 = SURFACE_STYLE_FILL_AREA ( #5633 ) ;
#8593 = DIRECTION ( 'NONE',  ( -0.000000000000000000, -0.000000000000000000, -1.000000000000000000 ) ) ;
#8594 = VERTEX_POINT ( 'NONE', #11443 ) ;
#8595 = CARTESIAN_POINT ( 'NONE',  ( -6.099999999999999645, -4.549999999999999822, 0.8199999999999999512 ) ) ;
#8596 = EDGE_LOOP ( 'NONE', ( #5919, #1183, #9134, #6864 ) ) ;
#8597 = DIRECTION ( 'NONE',  ( -0.000000000000000000, 1.000000000000000000, -0.000000000000000000 ) ) ;
#8598 =( NAMED_UNIT ( * ) PLANE_ANGLE_UNIT ( ) SI_UNIT ( $, .RADIAN. ) );
#8599 = FACE_OUTER_BOUND ( 'NONE', #627, .T. ) ;
#8600 = COLOUR_RGB ( '',0.000000000000000000, 1.000000000000000000, 0.000000000000000000 ) ;
#8601 = LINE ( 'NONE', #12733, #12764 ) ;
#8602 =( GEOMETRIC_REPRESENTATION_CONTEXT ( 3 ) GLOBAL_UNCERTAINTY_ASSIGNED_CONTEXT ( ( #4893 ) ) GLOBAL_UNIT_ASSIGNED_CONTEXT ( ( #12873, #7557, #3594 ) ) REPRESENTATION_CONTEXT ( 'NONE', 'WORKASPACE' ) );
#8603 = ADVANCED_FACE ( 'NONE', ( #1401 ), #5489, .T. ) ;
#8604 = DIRECTION ( 'NONE',  ( -0.000000000000000000, -0.000000000000000000, -1.000000000000000000 ) ) ;
#8605 = AXIS2_PLACEMENT_3D ( 'NONE', #7596, #8672, #11856 ) ;
#8606 = VECTOR ( 'NONE', #7369, 1000.000000000000000 ) ;
#8607 = VECTOR ( 'NONE', #4700, 1000.000000000000000 ) ;
#8608 = DIRECTION ( 'NONE',  ( -0.000000000000000000, 1.000000000000000000, -0.000000000000000000 ) ) ;
#8609 = VERTEX_POINT ( 'NONE', #12069 ) ;
#8610 = PLANE ( 'NONE',  #8411 ) ;
#8611 = STYLED_ITEM ( 'NONE', ( #7026 ), #10151 ) ;
#8612 = DIRECTION ( 'NONE',  ( 2.001604010742470009E-16, -1.000000000000000000, 0.000000000000000000 ) ) ;
#8613 = DIRECTION ( 'NONE',  ( -0.000000000000000000, -0.000000000000000000, -1.000000000000000000 ) ) ;
#8614 = DIRECTION ( 'NONE',  ( -1.000000000000000000, 0.000000000000000000, 0.000000000000000000 ) ) ;
#8615 = CARTESIAN_POINT ( 'NONE',  ( 6.099999999999999645, -5.450000000000001066, 0.000000000000000000 ) ) ;
#8616 = SURFACE_SIDE_STYLE ('',( #2585 ) ) ;
#8617 = ORIENTED_EDGE ( 'NONE', *, *, #9984, .F. ) ;
#8618 = PRESENTATION_STYLE_ASSIGNMENT (( #11534 ) ) ;
#8619 = CARTESIAN_POINT ( 'NONE',  ( -6.099999999999999645, 5.450000000000000178, 0.8199999999999999512 ) ) ;
#8620 = ADVANCED_FACE ( 'NONE', ( #6944 ), #7007, .T. ) ;
#8621 = ORIENTED_EDGE ( 'NONE', *, *, #4440, .T. ) ;
#8622 = DIRECTION ( 'NONE',  ( 0.000000000000000000, -0.000000000000000000, 1.000000000000000000 ) ) ;
#8623 = MECHANICAL_DESIGN_GEOMETRIC_PRESENTATION_REPRESENTATION (  '', ( #4538 ), #9501 ) ;
#8624 = ADVANCED_FACE ( 'NONE', ( #4848 ), #13014, .T. ) ;
#8625 = PRESENTATION_LAYER_ASSIGNMENT (  '', '', ( #3911 ) ) ;
#8626 = DIRECTION ( 'NONE',  ( 1.000000000000000000, 2.001604010742470009E-16, -0.000000000000000000 ) ) ;
#8627 =( LENGTH_UNIT ( ) NAMED_UNIT ( * ) SI_UNIT ( .MILLI., .METRE. ) );
#8628 = PRESENTATION_STYLE_ASSIGNMENT (( #4522 ) ) ;
#8629 =( NAMED_UNIT ( * ) PLANE_ANGLE_UNIT ( ) SI_UNIT ( $, .RADIAN. ) );
#8630 = LINE ( 'NONE', #10741, #1489 ) ;
#8631 = CARTESIAN_POINT ( 'NONE',  ( -4.499999999999998224, -6.500000000000000000, 0.8199999999999999512 ) ) ;
#8632 = ORIENTED_EDGE ( 'NONE', *, *, #6317, .F. ) ;
#8633 = CARTESIAN_POINT ( 'NONE',  ( 6.099999999999999645, -7.450000000000000178, 0.8199999999999999512 ) ) ;
#8634 =( NAMED_UNIT ( * ) PLANE_ANGLE_UNIT ( ) SI_UNIT ( $, .RADIAN. ) );
#8635 = CARTESIAN_POINT ( 'NONE',  ( -6.099999999999999645, -4.549999999999999822, 0.000000000000000000 ) ) ;
#8636 = ORIENTED_EDGE ( 'NONE', *, *, #10710, .F. ) ;
#8637 = LINE ( 'NONE', #12763, #6411 ) ;
#8638 =( GEOMETRIC_REPRESENTATION_CONTEXT ( 3 ) GLOBAL_UNCERTAINTY_ASSIGNED_CONTEXT ( ( #8658 ) ) GLOBAL_UNIT_ASSIGNED_CONTEXT ( ( #1079, #1886, #2842 ) ) REPRESENTATION_CONTEXT ( 'NONE', 'WORKASPACE' ) );
#8639 = CARTESIAN_POINT ( 'NONE',  ( -6.099999999999999645, -1.500000000000000222, 0.000000000000000000 ) ) ;
#8640 = ADVANCED_FACE ( 'NONE', ( #11019 ), #9926, .F. ) ;
#8641 = PRESENTATION_STYLE_ASSIGNMENT (( #10950 ) ) ;
#8642 = STYLED_ITEM ( 'NONE', ( #5891 ), #9514 ) ;
#8643 = ORIENTED_EDGE ( 'NONE', *, *, #7913, .T. ) ;
#8644 = CARTESIAN_POINT ( 'NONE',  ( -6.099999999999999645, 5.050000000000000711, 0.8199999999999999512 ) ) ;
#8645 = STYLED_ITEM ( 'NONE', ( #3682 ), #5112 ) ;
#8646 = EDGE_LOOP ( 'NONE', ( #12724, #4373, #11875, #7400 ) ) ;
#8647 = DIRECTION ( 'NONE',  ( 0.000000000000000000, -0.000000000000000000, 1.000000000000000000 ) ) ;
#8648 = DIRECTION ( 'NONE',  ( 0.000000000000000000, 1.000000000000000000, 0.000000000000000000 ) ) ;
#8649 = VERTEX_POINT ( 'NONE', #11280 ) ;
#8650 = CARTESIAN_POINT ( 'NONE',  ( -6.099999999999999645, 3.950000000000000178, 0.000000000000000000 ) ) ;
#8651 = DIRECTION ( 'NONE',  ( -1.000000000000000000, -0.000000000000000000, -0.000000000000000000 ) ) ;
#8652 = EDGE_LOOP ( 'NONE', ( #4684, #10046, #2580, #10688 ) ) ;
#8653 =( GEOMETRIC_REPRESENTATION_CONTEXT ( 3 ) GLOBAL_UNCERTAINTY_ASSIGNED_CONTEXT ( ( #7227 ) ) GLOBAL_UNIT_ASSIGNED_CONTEXT ( ( #2676, #10201, #3867 ) ) REPRESENTATION_CONTEXT ( 'NONE', 'WORKASPACE' ) );
#8654 = DIRECTION ( 'NONE',  ( 0.000000000000000000, 0.000000000000000000, -1.000000000000000000 ) ) ;
#8655 = PRESENTATION_STYLE_ASSIGNMENT (( #1744 ) ) ;
#8656 = MECHANICAL_DESIGN_GEOMETRIC_PRESENTATION_REPRESENTATION (  '', ( #10617 ), #13180 ) ;
#8657 = LINE ( 'NONE', #7715, #6574 ) ;
#8658 = UNCERTAINTY_MEASURE_WITH_UNIT (LENGTH_MEASURE( 1.000000000000000082E-05 ), #1079, 'distance_accuracy_value', 'NONE');
#8659 = DIRECTION ( 'NONE',  ( -1.000000000000000000, 0.000000000000000000, -0.000000000000000000 ) ) ;
#8660 = DIRECTION ( 'NONE',  ( 0.000000000000000000, 0.000000000000000000, 1.000000000000000000 ) ) ;
#8661 = ORIENTED_EDGE ( 'NONE', *, *, #8494, .T. ) ;
#8662 = EDGE_CURVE ( 'NONE', #5044, #12829, #928, .T. ) ;
#8663 = EDGE_CURVE ( 'NONE', #12490, #1072, #2250, .T. ) ;
#8664 = CARTESIAN_POINT ( 'NONE',  ( 3.999999999999999112, -6.000000000000000000, 2.400000000000000355 ) ) ;
#8665 =( NAMED_UNIT ( * ) PLANE_ANGLE_UNIT ( ) SI_UNIT ( $, .RADIAN. ) );
#8666 = VERTEX_POINT ( 'NONE', #12206 ) ;
#8667 = LINE ( 'NONE', #11780, #6057 ) ;
#8668 = DIRECTION ( 'NONE',  ( -0.000000000000000000, -0.000000000000000000, 1.000000000000000000 ) ) ;
#8669 = PLANE ( 'NONE',  #4623 ) ;
#8670 = FACE_OUTER_BOUND ( 'NONE', #1140, .T. ) ;
#8671 = PRESENTATION_LAYER_ASSIGNMENT (  '', '', ( #7595 ) ) ;
#8672 = DIRECTION ( 'NONE',  ( 0.000000000000000000, 0.000000000000000000, -1.000000000000000000 ) ) ;
#8673 = UNCERTAINTY_MEASURE_WITH_UNIT (LENGTH_MEASURE( 1.000000000000000082E-05 ), #12479, 'distance_accuracy_value', 'NONE');
#8674 = LINE ( 'NONE', #12737, #909 ) ;
#8675 = VERTEX_POINT ( 'NONE', #9105 ) ;
#8676 = EDGE_CURVE ( 'NONE', #4145, #4721, #10261, .T. ) ;
#8677 = PRESENTATION_STYLE_ASSIGNMENT (( #765 ) ) ;
#8678 = SURFACE_STYLE_FILL_AREA ( #4570 ) ;
#8679 = FILL_AREA_STYLE_COLOUR ( '', #4277 ) ;
#8680 = FILL_AREA_STYLE_COLOUR ( '', #1428 ) ;
#8681 = CARTESIAN_POINT ( 'NONE',  ( 6.099999999999999645, 3.700000000000000178, 0.000000000000000000 ) ) ;
#8682 = ORIENTED_EDGE ( 'NONE', *, *, #8218, .F. ) ;
#8683 = FILL_AREA_STYLE_COLOUR ( '', #11052 ) ;
#8684 = CARTESIAN_POINT ( 'NONE',  ( 6.099999999999999645, -5.650000000000000355, 0.8199999999999999512 ) ) ;
#8685 = ORIENTED_EDGE ( 'NONE', *, *, #1284, .T. ) ;
#8686 = FILL_AREA_STYLE_COLOUR ( '', #954 ) ;
#8687 = ADVANCED_FACE ( 'NONE', ( #2996 ), #5201, .F. ) ;
#8688 = CARTESIAN_POINT ( 'NONE',  ( -6.099999999999999645, 6.150000000000000355, 0.8199999999999999512 ) ) ;
#8689 = LINE ( 'NONE', #5668, #13089 ) ;
#8690 = DIRECTION ( 'NONE',  ( -0.000000000000000000, 1.000000000000000000, -0.000000000000000000 ) ) ;
#8691 = ORIENTED_EDGE ( 'NONE', *, *, #11361, .T. ) ;
#8692 = FACE_OUTER_BOUND ( 'NONE', #11759, .T. ) ;
#8693 =( NAMED_UNIT ( * ) PLANE_ANGLE_UNIT ( ) SI_UNIT ( $, .RADIAN. ) );
#8694 = ORIENTED_EDGE ( 'NONE', *, *, #675, .F. ) ;
#8695 = LINE ( 'NONE', #12698, #950 ) ;
#8696 = VECTOR ( 'NONE', #401, 1000.000000000000000 ) ;
#8697 = CARTESIAN_POINT ( 'NONE',  ( 6.099999999999999645, -3.700000000000000178, 0.8199999999999999512 ) ) ;
#8698 = STYLED_ITEM ( 'NONE', ( #11920 ), #7354 ) ;
#8699 = VERTEX_POINT ( 'NONE', #978 ) ;
#8700 = ADVANCED_FACE ( 'NONE', ( #4062 ), #12483, .F. ) ;
#8701 = FILL_AREA_STYLE ('',( #391 ) ) ;
#8702 = AXIS2_PLACEMENT_3D ( 'NONE', #5162, #70, #9276 ) ;
#8703 = CARTESIAN_POINT ( 'NONE',  ( 6.099999999999999645, -0.4000000000000001887, 0.8199999999999999512 ) ) ;
#8704 = CARTESIAN_POINT ( 'NONE',  ( 6.099999999999999645, -3.950000000000000178, 0.000000000000000000 ) ) ;
#8705 = VECTOR ( 'NONE', #3326, 1000.000000000000000 ) ;
#8706 = ORIENTED_EDGE ( 'NONE', *, *, #1223, .T. ) ;
#8707 = LINE ( 'NONE', #1595, #2628 ) ;
#8708 = FILL_AREA_STYLE ('',( #5685 ) ) ;
#8709 = VERTEX_POINT ( 'NONE', #3272 ) ;
#8710 = CARTESIAN_POINT ( 'NONE',  ( 6.099999999999999645, -1.050000000000000266, 0.000000000000000000 ) ) ;
#8711 = DIRECTION ( 'NONE',  ( -1.626303258728256651E-16, 1.000000000000000000, 0.000000000000000000 ) ) ;
#8712 = SURFACE_STYLE_USAGE ( .BOTH. , #1142 ) ;
#8713 = ORIENTED_EDGE ( 'NONE', *, *, #8096, .T. ) ;
#8714 = MECHANICAL_DESIGN_GEOMETRIC_PRESENTATION_REPRESENTATION (  '', ( #6349 ), #4210 ) ;
#8715 =( NAMED_UNIT ( * ) PLANE_ANGLE_UNIT ( ) SI_UNIT ( $, .RADIAN. ) );
#8716 = STYLED_ITEM ( 'NONE', ( #10124 ), #8624 ) ;
#8717 = COLOUR_RGB ( '',0.9411764705882352811, 0.6274509803921568540, 0.05490196078431372473 ) ;
#8718 = DIRECTION ( 'NONE',  ( 0.000000000000000000, 0.000000000000000000, -1.000000000000000000 ) ) ;
#8719 = CLOSED_SHELL ( 'NONE', ( #12658, #1241, #8367, #5292, #6613, #7319, #6920, #12715 ) ) ;
#8720 = CARTESIAN_POINT ( 'NONE',  ( -5.299999999999998934, 4.150000000000000355, 0.8199999999999999512 ) ) ;
#8721 = VERTEX_POINT ( 'NONE', #12409 ) ;
#8722 = CARTESIAN_POINT ( 'NONE',  ( -6.099999999999999645, -3.050000000000000266, 0.000000000000000000 ) ) ;
#8723 = SURFACE_SIDE_STYLE ('',( #9757 ) ) ;
#8724 = EDGE_CURVE ( 'NONE', #9370, #3684, #8484, .T. ) ;
#8725 = ORIENTED_EDGE ( 'NONE', *, *, #1080, .F. ) ;
#8726 = DIRECTION ( 'NONE',  ( 1.000000000000000000, 0.000000000000000000, -0.000000000000000000 ) ) ;
#8727 = DIRECTION ( 'NONE',  ( -0.000000000000000000, -0.000000000000000000, 1.000000000000000000 ) ) ;
#8728 = LINE ( 'NONE', #6978, #6292 ) ;
#8729 = CARTESIAN_POINT ( 'NONE',  ( 4.499999999999999112, 6.500000000000000000, 2.400000000000000355 ) ) ;
#8730 = EDGE_CURVE ( 'NONE', #7499, #8266, #2455, .T. ) ;
#8731 = STYLED_ITEM ( 'NONE', ( #1747 ), #441 ) ;
#8732 = AXIS2_PLACEMENT_3D ( 'NONE', #7233, #10366, #11373 ) ;
#8733 = AXIS2_PLACEMENT_3D ( 'NONE', #9729, #1717, #4850 ) ;
#8734 = DIRECTION ( 'NONE',  ( -0.000000000000000000, -0.000000000000000000, -1.000000000000000000 ) ) ;
#8735 = ADVANCED_FACE ( 'NONE', ( #9508 ), #234, .F. ) ;
#8736 = FILL_AREA_STYLE ('',( #2507 ) ) ;
#8737 = ORIENTED_EDGE ( 'NONE', *, *, #12854, .T. ) ;
#8738 = FILL_AREA_STYLE_COLOUR ( '', #10583 ) ;
#8739 = DIRECTION ( 'NONE',  ( 0.000000000000000000, 0.000000000000000000, -1.000000000000000000 ) ) ;
#8740 = ORIENTED_EDGE ( 'NONE', *, *, #3511, .F. ) ;
#8741 = DIRECTION ( 'NONE',  ( -0.000000000000000000, -0.000000000000000000, -1.000000000000000000 ) ) ;
#8742 = LINE ( 'NONE', #12865, #2067 ) ;
#8743 = ORIENTED_EDGE ( 'NONE', *, *, #3737, .T. ) ;
#8744 = VECTOR ( 'NONE', #12518, 1000.000000000000000 ) ;
#8745 =( GEOMETRIC_REPRESENTATION_CONTEXT ( 3 ) GLOBAL_UNCERTAINTY_ASSIGNED_CONTEXT ( ( #10972 ) ) GLOBAL_UNIT_ASSIGNED_CONTEXT ( ( #9217, #10303, #12388 ) ) REPRESENTATION_CONTEXT ( 'NONE', 'WORKASPACE' ) );
#8746 = FILL_AREA_STYLE_COLOUR ( '', #12886 ) ;
#8747 = ORIENTED_EDGE ( 'NONE', *, *, #7282, .T. ) ;
#8748 = PRESENTATION_STYLE_ASSIGNMENT (( #1571 ) ) ;
#8749 = EDGE_CURVE ( 'NONE', #5093, #8080, #6594, .T. ) ;
#8750 = VECTOR ( 'NONE', #5229, 1000.000000000000000 ) ;
#8751 = PRESENTATION_STYLE_ASSIGNMENT (( #7952 ) ) ;
#8752 = LINE ( 'NONE', #12876, #7500 ) ;
#8753 = DIRECTION ( 'NONE',  ( 1.000000000000000000, 0.000000000000000000, -0.000000000000000000 ) ) ;
#8754 = VERTEX_POINT ( 'NONE', #507 ) ;
#8755 = COLOUR_RGB ( '',0.9411764705882352811, 0.6274509803921568540, 0.05490196078431372473 ) ;
#8756 = CARTESIAN_POINT ( 'NONE',  ( -5.299999999999998934, -5.250000000000000000, 0.000000000000000000 ) ) ;
#8757 = DIRECTION ( 'NONE',  ( 0.000000000000000000, -1.000000000000000000, 0.000000000000000000 ) ) ;
#8758 = ORIENTED_EDGE ( 'NONE', *, *, #4517, .T. ) ;
#8759 = SURFACE_STYLE_USAGE ( .BOTH. , #5674 ) ;
#8760 = PRESENTATION_STYLE_ASSIGNMENT (( #2606 ) ) ;
#8761 = AXIS2_PLACEMENT_3D ( 'NONE', #2745, #1732, #5819 ) ;
#8762 = FILL_AREA_STYLE_COLOUR ( '', #6448 ) ;
#8763 = EDGE_CURVE ( 'NONE', #11695, #2821, #5583, .T. ) ;
#8764 = VECTOR ( 'NONE', #6072, 1000.000000000000000 ) ;
#8765 = MECHANICAL_DESIGN_GEOMETRIC_PRESENTATION_REPRESENTATION (  '', ( #9641 ), #6180 ) ;
#8766 = ORIENTED_EDGE ( 'NONE', *, *, #1607, .T. ) ;
#8767 = DIRECTION ( 'NONE',  ( -1.000000000000000000, 0.000000000000000000, 0.000000000000000000 ) ) ;
#8768 = FILL_AREA_STYLE ('',( #6700 ) ) ;
#8769 = DIRECTION ( 'NONE',  ( -1.000000000000000000, 0.000000000000000000, 0.000000000000000000 ) ) ;
#8770 = PLANE ( 'NONE',  #8761 ) ;
#8771 = PRESENTATION_LAYER_ASSIGNMENT (  '', '', ( #9426 ) ) ;
#8772 = ORIENTED_EDGE ( 'NONE', *, *, #3576, .F. ) ;
#8773 = CARTESIAN_POINT ( 'NONE',  ( -6.099999999999999645, 8.000000000000000000, 0.000000000000000000 ) ) ;
#8774 = ORIENTED_EDGE ( 'NONE', *, *, #7411, .T. ) ;
#8775 = AXIS2_PLACEMENT_3D ( 'NONE', #5642, #4561, #11966 ) ;
#8776 =( LENGTH_UNIT ( ) NAMED_UNIT ( * ) SI_UNIT ( .MILLI., .METRE. ) );
#8777 =( LENGTH_UNIT ( ) NAMED_UNIT ( * ) SI_UNIT ( .MILLI., .METRE. ) );
#8778 = CARTESIAN_POINT ( 'NONE',  ( 5.849999999999999645, -0.4000000000000001887, 0.8199999999999999512 ) ) ;
#8779 = VERTEX_POINT ( 'NONE', #1308 ) ;
#8780 = FACE_OUTER_BOUND ( 'NONE', #12986, .T. ) ;
#8781 = EDGE_CURVE ( 'NONE', #11492, #32, #3528, .T. ) ;
#8782 = VECTOR ( 'NONE', #12330, 1000.000000000000000 ) ;
#8783 = ADVANCED_FACE ( 'NONE', ( #7478 ), #7604, .T. ) ;
#8784 = ADVANCED_FACE ( 'NONE', ( #10523 ), #6533, .F. ) ;
#8785 = AXIS2_PLACEMENT_3D ( 'NONE', #11095, #8988, #8052 ) ;
#8786 = UNCERTAINTY_MEASURE_WITH_UNIT (LENGTH_MEASURE( 1.000000000000000082E-05 ), #10892, 'distance_accuracy_value', 'NONE');
#8787 = CARTESIAN_POINT ( 'NONE',  ( -6.099999999999999645, -3.250000000000000444, 0.8199999999999999512 ) ) ;
#8788 = DIRECTION ( 'NONE',  ( 0.000000000000000000, 0.000000000000000000, -1.000000000000000000 ) ) ;
#8789 = EDGE_LOOP ( 'NONE', ( #1192, #11549, #11408, #1890 ) ) ;
#8790 = FILL_AREA_STYLE ('',( #6847 ) ) ;
#8791 = DIRECTION ( 'NONE',  ( -0.000000000000000000, 1.000000000000000000, -0.000000000000000000 ) ) ;
#8792 = VERTEX_POINT ( 'NONE', #5462 ) ;
#8793 = STYLED_ITEM ( 'NONE', ( #6273 ), #1631 ) ;
#8794 = LINE ( 'NONE', #10848, #12159 ) ;
#8795 = VECTOR ( 'NONE', #120, 1000.000000000000000 ) ;
#8796 = CARTESIAN_POINT ( 'NONE',  ( 5.299999999999998934, 5.249999999999999112, 0.8199999999999999512 ) ) ;
#8797 = ORIENTED_EDGE ( 'NONE', *, *, #5090, .T. ) ;
#8798 = STYLED_ITEM ( 'NONE', ( #11944 ), #3149 ) ;
#8799 = EDGE_CURVE ( 'NONE', #230, #4865, #7410, .T. ) ;
#8800 = FACE_OUTER_BOUND ( 'NONE', #2871, .T. ) ;
#8801 = PRESENTATION_LAYER_ASSIGNMENT (  '', '', ( #12039 ) ) ;
#8802 = LINE ( 'NONE', #12928, #12228 ) ;
#8803 = UNCERTAINTY_MEASURE_WITH_UNIT (LENGTH_MEASURE( 1.000000000000000082E-05 ), #3806, 'distance_accuracy_value', 'NONE');
#8804 = FILL_AREA_STYLE_COLOUR ( '', #12506 ) ;
#8805 = VERTEX_POINT ( 'NONE', #6398 ) ;
#8806 =( LENGTH_UNIT ( ) NAMED_UNIT ( * ) SI_UNIT ( .MILLI., .METRE. ) );
#8807 = DIRECTION ( 'NONE',  ( -1.000000000000000000, 0.000000000000000000, 0.000000000000000000 ) ) ;
#8808 = LINE ( 'NONE', #630, #9658 ) ;
#8809 = ORIENTED_EDGE ( 'NONE', *, *, #3927, .T. ) ;
#8810 = VECTOR ( 'NONE', #13166, 1000.000000000000000 ) ;
#8811 =( NAMED_UNIT ( * ) SI_UNIT ( $, .STERADIAN. ) SOLID_ANGLE_UNIT ( ) );
#8812 = EDGE_CURVE ( 'NONE', #13030, #5638, #12393, .T. ) ;
#8813 = VERTEX_POINT ( 'NONE', #4442 ) ;
#8814 = FILL_AREA_STYLE ('',( #2984 ) ) ;
#8815 = VECTOR ( 'NONE', #11272, 1000.000000000000000 ) ;
#8816 = FILL_AREA_STYLE_COLOUR ( '', #10992 ) ;
#8817 = AXIS2_PLACEMENT_3D ( 'NONE', #1576, #12808, #9724 ) ;
#8818 = VECTOR ( 'NONE', #9703, 1000.000000000000000 ) ;
#8819 = AXIS2_PLACEMENT_3D ( 'NONE', #8113, #5952, #6965 ) ;
#8820 = CARTESIAN_POINT ( 'NONE',  ( 6.099999999999999645, -4.150000000000000355, 0.8199999999999999512 ) ) ;
#8821 = DIRECTION ( 'NONE',  ( 1.000000000000000000, 1.626303258728256651E-16, -0.000000000000000000 ) ) ;
#8822 = LINE ( 'NONE', #7755, #2787 ) ;
#8823 = VECTOR ( 'NONE', #1365, 1000.000000000000000 ) ;
#8824 = EDGE_CURVE ( 'NONE', #9509, #11127, #8547, .T. ) ;
#8825 = PLANE ( 'NONE',  #11225 ) ;
#8826 = DIRECTION ( 'NONE',  ( 1.000000000000000000, 1.626303258728256651E-16, -0.000000000000000000 ) ) ;
#8827 = EDGE_CURVE ( 'NONE', #6161, #3974, #1434, .T. ) ;
#8828 = LINE ( 'NONE', #5048, #647 ) ;
#8829 = ORIENTED_EDGE ( 'NONE', *, *, #478, .F. ) ;
#8830 = SURFACE_SIDE_STYLE ('',( #11936 ) ) ;
#8831 = FILL_AREA_STYLE ('',( #6491 ) ) ;
#8832 = AXIS2_PLACEMENT_3D ( 'NONE', #7187, #2980, #6244 ) ;
#8833 = FACE_OUTER_BOUND ( 'NONE', #768, .T. ) ;
#8834 = DIRECTION ( 'NONE',  ( 0.000000000000000000, -0.000000000000000000, -1.000000000000000000 ) ) ;
#8835 = COLOUR_RGB ( '',0.7921568627450980005, 0.8196078431372548767, 0.9333333333333333481 ) ;
#8836 = MECHANICAL_DESIGN_GEOMETRIC_PRESENTATION_REPRESENTATION (  '', ( #2429 ), #3282 ) ;
#8837 = UNCERTAINTY_MEASURE_WITH_UNIT (LENGTH_MEASURE( 1.000000000000000082E-05 ), #7927, 'distance_accuracy_value', 'NONE');
#8838 = VERTEX_POINT ( 'NONE', #634 ) ;
#8839 =( GEOMETRIC_REPRESENTATION_CONTEXT ( 3 ) GLOBAL_UNCERTAINTY_ASSIGNED_CONTEXT ( ( #775 ) ) GLOBAL_UNIT_ASSIGNED_CONTEXT ( ( #10428, #1201, #3429 ) ) REPRESENTATION_CONTEXT ( 'NONE', 'WORKASPACE' ) );
#8840 = CARTESIAN_POINT ( 'NONE',  ( -6.099999999999999645, -2.150000000000000355, 0.000000000000000000 ) ) ;
#8841 =( NAMED_UNIT ( * ) PLANE_ANGLE_UNIT ( ) SI_UNIT ( $, .RADIAN. ) );
#8842 = ORIENTED_EDGE ( 'NONE', *, *, #409, .T. ) ;
#8843 = DIRECTION ( 'NONE',  ( -1.000000000000000000, 0.000000000000000000, 0.000000000000000000 ) ) ;
#8844 = CARTESIAN_POINT ( 'NONE',  ( -6.099999999999999645, 5.450000000000000178, 0.8199999999999999512 ) ) ;
#8845 = ADVANCED_FACE ( 'NONE', ( #4902 ), #13139, .T. ) ;
#8846 = ORIENTED_EDGE ( 'NONE', *, *, #9562, .T. ) ;
#8847 = PRESENTATION_LAYER_ASSIGNMENT (  '', '', ( #12734 ) ) ;
#8848 = FILL_AREA_STYLE ('',( #10691 ) ) ;
#8849 = SURFACE_SIDE_STYLE ('',( #2824 ) ) ;
#8850 = CARTESIAN_POINT ( 'NONE',  ( 5.299999999999998934, 7.450000000000000178, 0.8199999999999999512 ) ) ;
#8851 = ORIENTED_EDGE ( 'NONE', *, *, #2993, .F. ) ;
#8852 =( NAMED_UNIT ( * ) PLANE_ANGLE_UNIT ( ) SI_UNIT ( $, .RADIAN. ) );
#8853 = PRESENTATION_LAYER_ASSIGNMENT (  '', '', ( #6069 ) ) ;
#8854 = VECTOR ( 'NONE', #3275, 1000.000000000000000 ) ;
#8855 = SURFACE_STYLE_USAGE ( .BOTH. , #5835 ) ;
#8856 = LINE ( 'NONE', #3754, #5310 ) ;
#8857 = EDGE_LOOP ( 'NONE', ( #2049, #2481, #9026, #4608 ) ) ;
#8858 = MECHANICAL_DESIGN_GEOMETRIC_PRESENTATION_REPRESENTATION (  '', ( #1148 ), #6509 ) ;
#8859 = EDGE_CURVE ( 'NONE', #9370, #5669, #5855, .T. ) ;
#8860 = PLANE ( 'NONE',  #7654 ) ;
#8861 = ORIENTED_EDGE ( 'NONE', *, *, #3090, .F. ) ;
#8862 = CARTESIAN_POINT ( 'NONE',  ( -5.299999999999998934, -5.450000000000001066, 0.8199999999999999512 ) ) ;
#8863 = DIRECTION ( 'NONE',  ( -1.000000000000000000, 0.000000000000000000, 0.000000000000000000 ) ) ;
#8864 = LINE ( 'NONE', #7859, #6344 ) ;
#8865 = CARTESIAN_POINT ( 'NONE',  ( 6.099999999999999645, -4.350000000000000533, 0.000000000000000000 ) ) ;
#8866 = EDGE_CURVE ( 'NONE', #6431, #4356, #3647, .T. ) ;
#8867 = MECHANICAL_DESIGN_GEOMETRIC_PRESENTATION_REPRESENTATION (  '', ( #5643 ), #3716 ) ;
#8868 = CARTESIAN_POINT ( 'NONE',  ( 5.299999999999998934, -2.150000000000000355, 0.8199999999999999512 ) ) ;
#8869 =( GEOMETRIC_REPRESENTATION_CONTEXT ( 3 ) GLOBAL_UNCERTAINTY_ASSIGNED_CONTEXT ( ( #4659 ) ) GLOBAL_UNIT_ASSIGNED_CONTEXT ( ( #11881, #6819, #10877 ) ) REPRESENTATION_CONTEXT ( 'NONE', 'WORKASPACE' ) );
#8870 = CARTESIAN_POINT ( 'NONE',  ( 5.299999999999998934, 3.049999999999999822, 0.000000000000000000 ) ) ;
#8871 = ORIENTED_EDGE ( 'NONE', *, *, #2232, .T. ) ;
#8872 =( NAMED_UNIT ( * ) SI_UNIT ( $, .STERADIAN. ) SOLID_ANGLE_UNIT ( ) );
#8873 = EDGE_CURVE ( 'NONE', #9942, #6123, #7940, .T. ) ;
#8874 =( NAMED_UNIT ( * ) PLANE_ANGLE_UNIT ( ) SI_UNIT ( $, .RADIAN. ) );
#8875 = EDGE_LOOP ( 'NONE', ( #6597, #9307, #8682, #5589 ) ) ;
#8876 = PLANE ( 'NONE',  #3795 ) ;
#8877 = FACE_OUTER_BOUND ( 'NONE', #10461, .T. ) ;
#8878 = EDGE_CURVE ( 'NONE', #12925, #10729, #12121, .T. ) ;
#8879 = VECTOR ( 'NONE', #5293, 1000.000000000000000 ) ;
#8880 = EDGE_CURVE ( 'NONE', #144, #7676, #9837, .T. ) ;
#8881 = VERTEX_POINT ( 'NONE', #11919 ) ;
#8882 = DIRECTION ( 'NONE',  ( -0.000000000000000000, -0.000000000000000000, -1.000000000000000000 ) ) ;
#8883 = LINE ( 'NONE', #2864, #10314 ) ;
#8884 = ORIENTED_EDGE ( 'NONE', *, *, #9019, .T. ) ;
#8885 = LINE ( 'NONE', #11201, #13128 ) ;
#8886 = CARTESIAN_POINT ( 'NONE',  ( -6.099999999999999645, 5.249999999999999112, 0.000000000000000000 ) ) ;
#8887 = ORIENTED_EDGE ( 'NONE', *, *, #121, .F. ) ;
#8888 = CARTESIAN_POINT ( 'NONE',  ( 6.099999999999999645, -4.350000000000000533, 0.000000000000000000 ) ) ;
#8889 = ORIENTED_EDGE ( 'NONE', *, *, #2195, .T. ) ;
#8890 = FILL_AREA_STYLE ('',( #9925 ) ) ;
#8891 =( NAMED_UNIT ( * ) SI_UNIT ( $, .STERADIAN. ) SOLID_ANGLE_UNIT ( ) );
#8892 = CARTESIAN_POINT ( 'NONE',  ( -6.099999999999999645, -2.600000000000000533, 0.8199999999999999512 ) ) ;
#8893 =( LENGTH_UNIT ( ) NAMED_UNIT ( * ) SI_UNIT ( .MILLI., .METRE. ) );
#8894 = EDGE_CURVE ( 'NONE', #9675, #1503, #6738, .T. ) ;
#8895 = ORIENTED_EDGE ( 'NONE', *, *, #11282, .F. ) ;
#8896 = PRESENTATION_STYLE_ASSIGNMENT (( #13158 ) ) ;
#8897 = LINE ( 'NONE', #13019, #4272 ) ;
#8898 = FACE_OUTER_BOUND ( 'NONE', #6782, .T. ) ;
#8899 = SURFACE_STYLE_FILL_AREA ( #13022 ) ;
#8900 = EDGE_CURVE ( 'NONE', #10825, #12726, #1565, .T. ) ;
#8901 = VERTEX_POINT ( 'NONE', #9907 ) ;
#8902 = EDGE_CURVE ( 'NONE', #4154, #3932, #12863, .T. ) ;
#8903 = CARTESIAN_POINT ( 'NONE',  ( 5.849999999999999645, -7.000000000000000000, 0.000000000000000000 ) ) ;
#8904 = FACE_OUTER_BOUND ( 'NONE', #4131, .T. ) ;
#8905 = DIRECTION ( 'NONE',  ( 0.000000000000000000, 0.000000000000000000, -1.000000000000000000 ) ) ;
#8906 = VERTEX_POINT ( 'NONE', #1696 ) ;
#8907 = CARTESIAN_POINT ( 'NONE',  ( 6.099999999999999645, 6.550000000000000711, 0.8199999999999999512 ) ) ;
#8908 = DIRECTION ( 'NONE',  ( 0.000000000000000000, 0.000000000000000000, -1.000000000000000000 ) ) ;
#8909 = COLOUR_RGB ( '',0.9411764705882352811, 0.6274509803921568540, 0.05490196078431372473 ) ;
#8910 =( LENGTH_UNIT ( ) NAMED_UNIT ( * ) SI_UNIT ( .MILLI., .METRE. ) );
#8911 = VERTEX_POINT ( 'NONE', #9774 ) ;
#8912 =( GEOMETRIC_REPRESENTATION_CONTEXT ( 3 ) GLOBAL_UNCERTAINTY_ASSIGNED_CONTEXT ( ( #1300 ) ) GLOBAL_UNIT_ASSIGNED_CONTEXT ( ( #4248, #236, #12552 ) ) REPRESENTATION_CONTEXT ( 'NONE', 'WORKASPACE' ) );
#8913 = PRESENTATION_STYLE_ASSIGNMENT (( #7979 ) ) ;
#8914 = DIRECTION ( 'NONE',  ( 0.000000000000000000, -0.000000000000000000, 1.000000000000000000 ) ) ;
#8915 = FILL_AREA_STYLE_COLOUR ( '', #12821 ) ;
#8916 =( NAMED_UNIT ( * ) SI_UNIT ( $, .STERADIAN. ) SOLID_ANGLE_UNIT ( ) );
#8917 = CARTESIAN_POINT ( 'NONE',  ( 6.099999999999999645, -3.449999999999999734, 0.000000000000000000 ) ) ;
#8918 = ADVANCED_FACE ( 'NONE', ( #4773 ), #8876, .F. ) ;
#8919 = VECTOR ( 'NONE', #771, 1000.000000000000000 ) ;
#8920 = PLANE ( 'NONE',  #7210 ) ;
#8921 = UNCERTAINTY_MEASURE_WITH_UNIT (LENGTH_MEASURE( 1.000000000000000082E-05 ), #8498, 'distance_accuracy_value', 'NONE');
#8922 = CYLINDRICAL_SURFACE ( 'NONE', #8539, 0.2500000000000002220 ) ;
#8923 = ORIENTED_EDGE ( 'NONE', *, *, #9486, .F. ) ;
#8924 = PRESENTATION_STYLE_ASSIGNMENT (( #487 ) ) ;
#8925 = ORIENTED_EDGE ( 'NONE', *, *, #3536, .T. ) ;
#8926 = SURFACE_STYLE_USAGE ( .BOTH. , #3031 ) ;
#8928 = VECTOR ( 'NONE', #4212, 1000.000000000000000 ) ;
#8927 = CARTESIAN_POINT ( 'NONE',  ( 5.299999999999998934, -4.150000000000000355, 0.8199999999999999512 ) ) ;
#8929 = EDGE_CURVE ( 'NONE', #10730, #97, #11979, .T. ) ;
#8930 = CLOSED_SHELL ( 'NONE', ( #4381, #987, #8109, #10899, #2518, #4306, #12475, #4197 ) ) ;
#8931 =( GEOMETRIC_REPRESENTATION_CONTEXT ( 3 ) GLOBAL_UNCERTAINTY_ASSIGNED_CONTEXT ( ( #355 ) ) GLOBAL_UNIT_ASSIGNED_CONTEXT ( ( #11297, #12096, #7164 ) ) REPRESENTATION_CONTEXT ( 'NONE', 'WORKASPACE' ) );
#8932 = LINE ( 'NONE', #6790, #3207 ) ;
#8933 = UNCERTAINTY_MEASURE_WITH_UNIT (LENGTH_MEASURE( 1.000000000000000082E-05 ), #5125, 'distance_accuracy_value', 'NONE');
#8934 = VECTOR ( 'NONE', #5717, 1000.000000000000000 ) ;
#8935 = STYLED_ITEM ( 'NONE', ( #7530 ), #2276 ) ;
#8936 = PRESENTATION_LAYER_ASSIGNMENT (  '', '', ( #3798 ) ) ;
#8937 =( NAMED_UNIT ( * ) PLANE_ANGLE_UNIT ( ) SI_UNIT ( $, .RADIAN. ) );
#8938 = ORIENTED_EDGE ( 'NONE', *, *, #788, .T. ) ;
#8939 = CARTESIAN_POINT ( 'NONE',  ( -6.099999999999999645, 2.149999999999999911, 0.8199999999999999512 ) ) ;
#8940 = DIRECTION ( 'NONE',  ( 0.000000000000000000, -0.000000000000000000, 1.000000000000000000 ) ) ;
#8941 = DIRECTION ( 'NONE',  ( -1.000000000000000000, 0.000000000000000000, 0.000000000000000000 ) ) ;
#8942 = ORIENTED_EDGE ( 'NONE', *, *, #3941, .F. ) ;
#8943 = PLANE ( 'NONE',  #1128 ) ;
#8944 =( NAMED_UNIT ( * ) PLANE_ANGLE_UNIT ( ) SI_UNIT ( $, .RADIAN. ) );
#8945 = ORIENTED_EDGE ( 'NONE', *, *, #8142, .F. ) ;
#8946 = AXIS2_PLACEMENT_3D ( 'NONE', #5679, #6496, #3673 ) ;
#8947 = PRESENTATION_STYLE_ASSIGNMENT (( #3849 ) ) ;
#8948 =( NAMED_UNIT ( * ) SI_UNIT ( $, .STERADIAN. ) SOLID_ANGLE_UNIT ( ) );
#8949 = VECTOR ( 'NONE', #13277, 1000.000000000000000 ) ;
#8950 =( NAMED_UNIT ( * ) SI_UNIT ( $, .STERADIAN. ) SOLID_ANGLE_UNIT ( ) );
#8951 = EDGE_CURVE ( 'NONE', #9367, #10817, #1773, .T. ) ;
#8952 = UNCERTAINTY_MEASURE_WITH_UNIT (LENGTH_MEASURE( 1.000000000000000082E-05 ), #12033, 'distance_accuracy_value', 'NONE');
#8953 = ADVANCED_FACE ( 'NONE', ( #7056 ), #27, .T. ) ;
#8954 = DIRECTION ( 'NONE',  ( -1.000000000000000000, 0.000000000000000000, 0.000000000000000000 ) ) ;
#8955 = ORIENTED_EDGE ( 'NONE', *, *, #9585, .F. ) ;
#8956 = FILL_AREA_STYLE_COLOUR ( '', #8600 ) ;
#8957 =( NAMED_UNIT ( * ) SI_UNIT ( $, .STERADIAN. ) SOLID_ANGLE_UNIT ( ) );
#8958 = VECTOR ( 'NONE', #1749, 1000.000000000000000 ) ;
#8959 = STYLED_ITEM ( 'NONE', ( #5695 ), #5725 ) ;
#8960 = EDGE_LOOP ( 'NONE', ( #13226, #5064, #7373, #7311 ) ) ;
#8961 = CARTESIAN_POINT ( 'NONE',  ( 6.099999999999999645, -0.8500000000000000888, 0.000000000000000000 ) ) ;
#8962 = PLANE ( 'NONE',  #8733 ) ;
#8963 = ORIENTED_EDGE ( 'NONE', *, *, #8541, .T. ) ;
#8964 = SURFACE_SIDE_STYLE ('',( #5877 ) ) ;
#8965 = CARTESIAN_POINT ( 'NONE',  ( -5.299999999999998934, 5.450000000000000178, 0.8199999999999999512 ) ) ;
#8966 = DIRECTION ( 'NONE',  ( 1.000000000000000000, 0.000000000000000000, 0.000000000000000000 ) ) ;
#8967 = FILL_AREA_STYLE_COLOUR ( '', #4501 ) ;
#8968 = EDGE_CURVE ( 'NONE', #11815, #8326, #698, .T. ) ;
#8969 = ADVANCED_FACE ( 'NONE', ( #5185 ), #11396, .T. ) ;
#8970 = VECTOR ( 'NONE', #3501, 1000.000000000000000 ) ;
#8971 = ORIENTED_EDGE ( 'NONE', *, *, #2021, .F. ) ;
#8972 = PLANE ( 'NONE',  #6220 ) ;
#8973 =( NAMED_UNIT ( * ) PLANE_ANGLE_UNIT ( ) SI_UNIT ( $, .RADIAN. ) );
#8974 = CARTESIAN_POINT ( 'NONE',  ( -6.099999999999999645, -5.900000000000000355, 0.8199999999999999512 ) ) ;
#8975 = ORIENTED_EDGE ( 'NONE', *, *, #8187, .T. ) ;
#8976 = PLANE ( 'NONE',  #6029 ) ;
#8977 =( LENGTH_UNIT ( ) NAMED_UNIT ( * ) SI_UNIT ( .MILLI., .METRE. ) );
#8978 =( NAMED_UNIT ( * ) SI_UNIT ( $, .STERADIAN. ) SOLID_ANGLE_UNIT ( ) );
#8979 = ORIENTED_EDGE ( 'NONE', *, *, #10235, .T. ) ;
#8980 = MECHANICAL_DESIGN_GEOMETRIC_PRESENTATION_REPRESENTATION (  '', ( #9196 ), #5971 ) ;
#8981 = COLOUR_RGB ( '',0.9411764705882352811, 0.6274509803921568540, 0.05490196078431372473 ) ;
#8982 = COLOUR_RGB ( '',0.000000000000000000, 1.000000000000000000, 0.000000000000000000 ) ;
#8983 = DIRECTION ( 'NONE',  ( 0.000000000000000000, 0.000000000000000000, -1.000000000000000000 ) ) ;
#8985 = ADVANCED_FACE ( 'NONE', ( #10385 ), #5249, .T. ) ;
#8984 = ORIENTED_EDGE ( 'NONE', *, *, #4485, .F. ) ;
#8986 = AXIS2_PLACEMENT_3D ( 'NONE', #4013, #8914, #10218 ) ;
#8987 = PLANE ( 'NONE',  #2899 ) ;
#8989 = VECTOR ( 'NONE', #8757, 1000.000000000000000 ) ;
#8988 = DIRECTION ( 'NONE',  ( 0.000000000000000000, -1.000000000000000000, 0.000000000000000000 ) ) ;
#8990 =( GEOMETRIC_REPRESENTATION_CONTEXT ( 3 ) GLOBAL_UNCERTAINTY_ASSIGNED_CONTEXT ( ( #762 ) ) GLOBAL_UNIT_ASSIGNED_CONTEXT ( ( #11209, #11014, #8957 ) ) REPRESENTATION_CONTEXT ( 'NONE', 'WORKASPACE' ) );
#8991 = LINE ( 'NONE', #6778, #11357 ) ;
#8992 = DIRECTION ( 'NONE',  ( -0.000000000000000000, -0.000000000000000000, -1.000000000000000000 ) ) ;
#8993 = MECHANICAL_DESIGN_GEOMETRIC_PRESENTATION_REPRESENTATION (  '', ( #7707 ), #7044 ) ;
#8994 = VECTOR ( 'NONE', #3380, 1000.000000000000000 ) ;
#8995 = ORIENTED_EDGE ( 'NONE', *, *, #8084, .T. ) ;
#8996 = DIRECTION ( 'NONE',  ( 0.000000000000000000, -1.000000000000000000, 0.000000000000000000 ) ) ;
#8997 = LINE ( 'NONE', #11962, #8304 ) ;
#8998 = ORIENTED_EDGE ( 'NONE', *, *, #8894, .T. ) ;
#8999 = CARTESIAN_POINT ( 'NONE',  ( 5.299999999999998934, 4.150000000000000355, 0.000000000000000000 ) ) ;
#9000 = CARTESIAN_POINT ( 'NONE',  ( 6.099999999999999645, -1.950000000000000178, 0.8199999999999999512 ) ) ;
#9001 = EDGE_CURVE ( 'NONE', #3859, #2927, #11656, .T. ) ;
#9002 = CARTESIAN_POINT ( 'NONE',  ( -6.099999999999999645, -3.250000000000000444, 0.8199999999999999512 ) ) ;
#9003 = VECTOR ( 'NONE', #5518, 1000.000000000000000 ) ;
#9004 = AXIS2_PLACEMENT_3D ( 'NONE', #9087, #10177, #13201 ) ;
#9005 = EDGE_CURVE ( 'NONE', #3310, #7629, #11520, .T. ) ;
#9006 = DIRECTION ( 'NONE',  ( -0.000000000000000000, -0.000000000000000000, -1.000000000000000000 ) ) ;
#9007 = DIRECTION ( 'NONE',  ( 0.000000000000000000, 1.000000000000000000, -0.000000000000000000 ) ) ;
#9008 = CARTESIAN_POINT ( 'NONE',  ( -6.099999999999999645, 6.349999999999999645, 0.8199999999999999512 ) ) ;
#9009 = MECHANICAL_DESIGN_GEOMETRIC_PRESENTATION_REPRESENTATION (  '', ( #1507 ), #8577 ) ;
#9010 = EDGE_LOOP ( 'NONE', ( #8378, #3363, #1235, #1345, #6139, #12595 ) ) ;
#9011 = COLOUR_RGB ( '',0.9411764705882352811, 0.6274509803921568540, 0.05490196078431372473 ) ;
#9012 = DIRECTION ( 'NONE',  ( 0.000000000000000000, 0.000000000000000000, -1.000000000000000000 ) ) ;
#9013 = CARTESIAN_POINT ( 'NONE',  ( 6.099999999999999645, 3.700000000000000178, 0.000000000000000000 ) ) ;
#9014 = CARTESIAN_POINT ( 'NONE',  ( 5.299999999999998934, -1.950000000000000178, 0.8199999999999999512 ) ) ;
#9015 = VECTOR ( 'NONE', #3412, 1000.000000000000000 ) ;
#9016 = VERTEX_POINT ( 'NONE', #1360 ) ;
#9017 =( LENGTH_UNIT ( ) NAMED_UNIT ( * ) SI_UNIT ( .MILLI., .METRE. ) );
#9018 = DIRECTION ( 'NONE',  ( 0.000000000000000000, -1.000000000000000000, -0.000000000000000000 ) ) ;
#9019 = EDGE_CURVE ( 'NONE', #5067, #896, #9618, .T. ) ;
#9020 = ORIENTED_EDGE ( 'NONE', *, *, #10660, .F. ) ;
#9021 = PRESENTATION_LAYER_ASSIGNMENT (  '', '', ( #8170 ) ) ;
#9022 = PLANE ( 'NONE',  #10096 ) ;
#9023 = MECHANICAL_DESIGN_GEOMETRIC_PRESENTATION_REPRESENTATION (  '', ( #9680 ), #893 ) ;
#9024 =( GEOMETRIC_REPRESENTATION_CONTEXT ( 3 ) GLOBAL_UNCERTAINTY_ASSIGNED_CONTEXT ( ( #3042 ) ) GLOBAL_UNIT_ASSIGNED_CONTEXT ( ( #10955, #5680, #11889 ) ) REPRESENTATION_CONTEXT ( 'NONE', 'WORKASPACE' ) );
#9025 = DIRECTION ( 'NONE',  ( 0.000000000000000000, -1.000000000000000000, 0.000000000000000000 ) ) ;
#9026 = ORIENTED_EDGE ( 'NONE', *, *, #11998, .T. ) ;
#9027 = CARTESIAN_POINT ( 'NONE',  ( 5.299999999999998934, -1.050000000000000266, 0.8199999999999999512 ) ) ;
#9028 = LINE ( 'NONE', #2990, #13306 ) ;
#9029 = SURFACE_STYLE_USAGE ( .BOTH. , #11277 ) ;
#9030 = VERTEX_POINT ( 'NONE', #12469 ) ;
#9031 =( NAMED_UNIT ( * ) SI_UNIT ( $, .STERADIAN. ) SOLID_ANGLE_UNIT ( ) );
#9032 =( NAMED_UNIT ( * ) PLANE_ANGLE_UNIT ( ) SI_UNIT ( $, .RADIAN. ) );
#9033 = CARTESIAN_POINT ( 'NONE',  ( 5.299999999999998934, 4.150000000000000355, 0.8199999999999999512 ) ) ;
#9034 =( NAMED_UNIT ( * ) SI_UNIT ( $, .STERADIAN. ) SOLID_ANGLE_UNIT ( ) );
#9035 = EDGE_CURVE ( 'NONE', #4164, #10456, #416, .T. ) ;
#9036 = EDGE_LOOP ( 'NONE', ( #287, #12177, #8925, #7024 ) ) ;
#9037 = VECTOR ( 'NONE', #514, 1000.000000000000000 ) ;
#9038 = VECTOR ( 'NONE', #6830, 1000.000000000000000 ) ;
#9039 = FILL_AREA_STYLE_COLOUR ( '', #7800 ) ;
#9040 = DIRECTION ( 'NONE',  ( -0.000000000000000000, -0.000000000000000000, -1.000000000000000000 ) ) ;
#9041 = VECTOR ( 'NONE', #8285, 1000.000000000000000 ) ;
#9042 = FACE_OUTER_BOUND ( 'NONE', #2938, .T. ) ;
#9043 = DIRECTION ( 'NONE',  ( 0.000000000000000000, 0.000000000000000000, -1.000000000000000000 ) ) ;
#9044 = VECTOR ( 'NONE', #4624, 1000.000000000000000 ) ;
#9045 = VECTOR ( 'NONE', #3835, 1000.000000000000000 ) ;
#9046 = VECTOR ( 'NONE', #10873, 1000.000000000000000 ) ;
#9047 = DIRECTION ( 'NONE',  ( -0.000000000000000000, -0.000000000000000000, -1.000000000000000000 ) ) ;
#9048 = CYLINDRICAL_SURFACE ( 'NONE', #10756, 0.2500000000000002220 ) ;
#9049 =( LENGTH_UNIT ( ) NAMED_UNIT ( * ) SI_UNIT ( .MILLI., .METRE. ) );
#9050 = STYLED_ITEM ( 'NONE', ( #3839 ), #3753 ) ;
#9051 = ORIENTED_EDGE ( 'NONE', *, *, #4400, .T. ) ;
#9052 = SURFACE_STYLE_USAGE ( .BOTH. , #1936 ) ;
#9053 = VECTOR ( 'NONE', #11859, 1000.000000000000000 ) ;
#9054 = LINE ( 'NONE', #3014, #11796 ) ;
#9055 = COLOUR_RGB ( '',0.9411764705882352811, 0.6274509803921568540, 0.05490196078431372473 ) ;
#9056 = VERTEX_POINT ( 'NONE', #12728 ) ;
#9057 = EDGE_CURVE ( 'NONE', #9016, #3778, #1293, .T. ) ;
#9058 = DIRECTION ( 'NONE',  ( 1.000000000000000000, 0.000000000000000000, 0.000000000000000000 ) ) ;
#9059 = CARTESIAN_POINT ( 'NONE',  ( 5.299999999999998934, -6.350000000000000533, 0.8199999999999999512 ) ) ;
#9060 = ORIENTED_EDGE ( 'NONE', *, *, #7051, .F. ) ;
#9061 = DIRECTION ( 'NONE',  ( -1.000000000000000000, 0.000000000000000000, 0.000000000000000000 ) ) ;
#9062 = COLOUR_RGB ( '',0.9411764705882352811, 0.6274509803921568540, 0.05490196078431372473 ) ;
#9063 = FACE_OUTER_BOUND ( 'NONE', #5448, .T. ) ;
#9064 = ORIENTED_EDGE ( 'NONE', *, *, #9141, .F. ) ;
#9065 = PLANE ( 'NONE',  #3824 ) ;
#9066 = MECHANICAL_DESIGN_GEOMETRIC_PRESENTATION_REPRESENTATION (  '', ( #4987 ), #8638 ) ;
#9067 = EDGE_LOOP ( 'NONE', ( #5134, #9712, #10013, #5929 ) ) ;
#9068 = DIRECTION ( 'NONE',  ( -1.000000000000000000, 0.000000000000000000, 0.000000000000000000 ) ) ;
#9069 = CARTESIAN_POINT ( 'NONE',  ( -6.099999999999999645, 5.249999999999999112, 0.8199999999999999512 ) ) ;
#9070 = ORIENTED_EDGE ( 'NONE', *, *, #8160, .F. ) ;
#9071 = CARTESIAN_POINT ( 'NONE',  ( -6.099999999999999645, 3.250000000000000444, 0.8199999999999999512 ) ) ;
#9072 = DIRECTION ( 'NONE',  ( 0.000000000000000000, -0.000000000000000000, -1.000000000000000000 ) ) ;
#9073 = LINE ( 'NONE', #7112, #5138 ) ;
#9074 = AXIS2_PLACEMENT_3D ( 'NONE', #8198, #2968, #7039 ) ;
#9075 = EDGE_CURVE ( 'NONE', #2750, #6280, #3515, .T. ) ;
#9076 = CARTESIAN_POINT ( 'NONE',  ( 5.299999999999998934, -4.350000000000000533, 0.8199999999999999512 ) ) ;
#9077 = ORIENTED_EDGE ( 'NONE', *, *, #7951, .T. ) ;
#9078 = MECHANICAL_DESIGN_GEOMETRIC_PRESENTATION_REPRESENTATION (  '', ( #728 ), #2446 ) ;
#9079 = CARTESIAN_POINT ( 'NONE',  ( -6.099999999999999645, -6.350000000000000533, 0.8199999999999999512 ) ) ;
#9080 = EDGE_CURVE ( 'NONE', #4444, #5123, #7591, .T. ) ;
#9081 = EDGE_CURVE ( 'NONE', #3859, #6127, #5569, .T. ) ;
#9082 = COLOUR_RGB ( '',0.7921568627450980005, 0.8196078431372548767, 0.9333333333333333481 ) ;
#9083 = EDGE_LOOP ( 'NONE', ( #466, #8543, #3569, #11709 ) ) ;
#9084 = CARTESIAN_POINT ( 'NONE',  ( -6.099999999999999645, 6.550000000000000711, 0.000000000000000000 ) ) ;
#9085 = CARTESIAN_POINT ( 'NONE',  ( 5.299999999999998934, -3.250000000000000444, 0.8199999999999999512 ) ) ;
#9086 =( NAMED_UNIT ( * ) PLANE_ANGLE_UNIT ( ) SI_UNIT ( $, .RADIAN. ) );
#9087 = CARTESIAN_POINT ( 'NONE',  ( -6.099999999999999645, 2.149999999999999911, 0.8199999999999999512 ) ) ;
#9088 = EDGE_LOOP ( 'NONE', ( #5715, #9167, #13142, #11582, #10122, #2278, #3416 ) ) ;
#9089 = LINE ( 'NONE', #2918, #12076 ) ;
#9090 =( NAMED_UNIT ( * ) PLANE_ANGLE_UNIT ( ) SI_UNIT ( $, .RADIAN. ) );
#9091 =( NAMED_UNIT ( * ) SI_UNIT ( $, .STERADIAN. ) SOLID_ANGLE_UNIT ( ) );
#9092 = DIRECTION ( 'NONE',  ( -0.000000000000000000, 1.000000000000000000, -0.000000000000000000 ) ) ;
#9093 = VERTEX_POINT ( 'NONE', #7401 ) ;
#9094 = CARTESIAN_POINT ( 'NONE',  ( -5.299999999999998934, -6.550000000000000711, 0.8199999999999999512 ) ) ;
#9095 =( GEOMETRIC_REPRESENTATION_CONTEXT ( 3 ) GLOBAL_UNCERTAINTY_ASSIGNED_CONTEXT ( ( #11822 ) ) GLOBAL_UNIT_ASSIGNED_CONTEXT ( ( #2384, #6462, #1422 ) ) REPRESENTATION_CONTEXT ( 'NONE', 'WORKASPACE' ) );
#9096 = ADVANCED_FACE ( 'NONE', ( #6579 ), #1485, .F. ) ;
#9097 = UNCERTAINTY_MEASURE_WITH_UNIT (LENGTH_MEASURE( 1.000000000000000082E-05 ), #9348, 'distance_accuracy_value', 'NONE');
#9098 = LINE ( 'NONE', #1988, #12053 ) ;
#9099 = VERTEX_POINT ( 'NONE', #1419 ) ;
#9100 = PRESENTATION_LAYER_ASSIGNMENT (  '', '', ( #92 ) ) ;
#9101 = CARTESIAN_POINT ( 'NONE',  ( 6.099999999999999645, 5.649999999999999467, 0.8199999999999999512 ) ) ;
#9102 = FILL_AREA_STYLE_COLOUR ( '', #3003 ) ;
#9103 =( NAMED_UNIT ( * ) PLANE_ANGLE_UNIT ( ) SI_UNIT ( $, .RADIAN. ) );
#9104 = ORIENTED_EDGE ( 'NONE', *, *, #4440, .F. ) ;
#9105 = CARTESIAN_POINT ( 'NONE',  ( 6.099999999999999645, 0.04999999999999969746, 0.000000000000000000 ) ) ;
#9106 = DIRECTION ( 'NONE',  ( -1.000000000000000000, 0.000000000000000000, 0.000000000000000000 ) ) ;
#9107 = EDGE_LOOP ( 'NONE', ( #4093, #7437, #12591, #10411, #5634, #12136, #2458 ) ) ;
#9108 = FACE_OUTER_BOUND ( 'NONE', #3539, .T. ) ;
#9109 = LINE ( 'NONE', #4137, #1681 ) ;
#9110 = CARTESIAN_POINT ( 'NONE',  ( -6.099999999999997868, -4.349999999999999645, 0.000000000000000000 ) ) ;
#9111 = ADVANCED_FACE ( 'NONE', ( #289 ), #349, .T. ) ;
#9112 = UNCERTAINTY_MEASURE_WITH_UNIT (LENGTH_MEASURE( 1.000000000000000082E-05 ), #4781, 'distance_accuracy_value', 'NONE');
#9113 = ORIENTED_EDGE ( 'NONE', *, *, #12744, .T. ) ;
#9114 =( NAMED_UNIT ( * ) SI_UNIT ( $, .STERADIAN. ) SOLID_ANGLE_UNIT ( ) );
#9115 = CARTESIAN_POINT ( 'NONE',  ( -5.299999999999998934, -1.950000000000000178, 0.8199999999999999512 ) ) ;
#9116 = DIRECTION ( 'NONE',  ( 0.000000000000000000, -0.000000000000000000, 1.000000000000000000 ) ) ;
#9117 = FILL_AREA_STYLE_COLOUR ( '', #3833 ) ;
#9118 = ORIENTED_EDGE ( 'NONE', *, *, #8164, .T. ) ;
#9119 = CYLINDRICAL_SURFACE ( 'NONE', #2531, 0.2500000000000002220 ) ;
#9120 = CARTESIAN_POINT ( 'NONE',  ( -6.099999999999999645, 8.000000000000000000, 0.8199999999999999512 ) ) ;
#9121 = ORIENTED_EDGE ( 'NONE', *, *, #6518, .F. ) ;
#9122 =( LENGTH_UNIT ( ) NAMED_UNIT ( * ) SI_UNIT ( .MILLI., .METRE. ) );
#9123 =( LENGTH_UNIT ( ) NAMED_UNIT ( * ) SI_UNIT ( .MILLI., .METRE. ) );
#9124 = DIRECTION ( 'NONE',  ( 0.000000000000000000, -1.000000000000000000, 0.000000000000000000 ) ) ;
#9125 = PLANE ( 'NONE',  #8785 ) ;
#9126 = ADVANCED_FACE ( 'NONE', ( #1552 ), #6721, .F. ) ;
#9127 =( NAMED_UNIT ( * ) SI_UNIT ( $, .STERADIAN. ) SOLID_ANGLE_UNIT ( ) );
#9128 = DIRECTION ( 'NONE',  ( -0.000000000000000000, -0.000000000000000000, -1.000000000000000000 ) ) ;
#9129 = ORIENTED_EDGE ( 'NONE', *, *, #8662, .T. ) ;
#9130 = DIRECTION ( 'NONE',  ( -0.000000000000000000, 1.000000000000000000, -0.000000000000000000 ) ) ;
#9131 = ORIENTED_EDGE ( 'NONE', *, *, #2488, .T. ) ;
#9132 = PRESENTATION_STYLE_ASSIGNMENT (( #9198 ) ) ;
#9133 = CARTESIAN_POINT ( 'NONE',  ( -5.299999999999998934, -3.250000000000000444, 0.8199999999999999512 ) ) ;
#9134 = ORIENTED_EDGE ( 'NONE', *, *, #1617, .T. ) ;
#9135 = FACE_OUTER_BOUND ( 'NONE', #6972, .T. ) ;
#9136 = CARTESIAN_POINT ( 'NONE',  ( 5.299999999999998934, 7.450000000000000178, 0.000000000000000000 ) ) ;
#9137 = FILL_AREA_STYLE ('',( #8062 ) ) ;
#9138 = DIRECTION ( 'NONE',  ( -0.000000000000000000, -0.000000000000000000, -1.000000000000000000 ) ) ;
#9139 = VECTOR ( 'NONE', #3896, 1000.000000000000000 ) ;
#9141 = EDGE_CURVE ( 'NONE', #12360, #1594, #10912, .T. ) ;
#9140 = DIRECTION ( 'NONE',  ( 0.000000000000000000, 0.000000000000000000, -1.000000000000000000 ) ) ;
#9142 = EDGE_CURVE ( 'NONE', #8906, #12527, #12933, .T. ) ;
#9143 = EDGE_LOOP ( 'NONE', ( #8020, #12878, #5302, #2373 ) ) ;
#9144 = LINE ( 'NONE', #1089, #6242 ) ;
#9145 = DIRECTION ( 'NONE',  ( -0.000000000000000000, 1.000000000000000000, -0.000000000000000000 ) ) ;
#9146 = FILL_AREA_STYLE_COLOUR ( '', #4697 ) ;
#9147 = LINE ( 'NONE', #11265, #10093 ) ;
#9148 = EDGE_LOOP ( 'NONE', ( #9617, #9755, #346, #336 ) ) ;
#9149 = DIRECTION ( 'NONE',  ( 1.000000000000000000, 0.000000000000000000, 0.000000000000000000 ) ) ;
#9150 =( NAMED_UNIT ( * ) SI_UNIT ( $, .STERADIAN. ) SOLID_ANGLE_UNIT ( ) );
#9151 = PLANE ( 'NONE',  #9801 ) ;
#9152 = DIRECTION ( 'NONE',  ( 0.000000000000000000, -0.000000000000000000, -1.000000000000000000 ) ) ;
#9153 = ORIENTED_EDGE ( 'NONE', *, *, #821, .T. ) ;
#9154 = SURFACE_STYLE_FILL_AREA ( #11270 ) ;
#9155 = EDGE_CURVE ( 'NONE', #3684, #6519, #7655, .T. ) ;
#9156 = PRESENTATION_LAYER_ASSIGNMENT (  '', '', ( #9812 ) ) ;
#9157 =( NAMED_UNIT ( * ) PLANE_ANGLE_UNIT ( ) SI_UNIT ( $, .RADIAN. ) );
#9158 = ADVANCED_FACE ( 'NONE', ( #755 ), #6784, .F. ) ;
#9159 = MECHANICAL_DESIGN_GEOMETRIC_PRESENTATION_REPRESENTATION (  '', ( #10255 ), #3917 ) ;
#9160 = VECTOR ( 'NONE', #3309, 1000.000000000000000 ) ;
#9161 = DIRECTION ( 'NONE',  ( -0.000000000000000000, -0.000000000000000000, 1.000000000000000000 ) ) ;
#9162 = ORIENTED_EDGE ( 'NONE', *, *, #7300, .F. ) ;
#9163 = LINE ( 'NONE', #10322, #1330 ) ;
#9164 = SURFACE_STYLE_FILL_AREA ( #8088 ) ;
#9165 =( GEOMETRIC_REPRESENTATION_CONTEXT ( 3 ) GLOBAL_UNCERTAINTY_ASSIGNED_CONTEXT ( ( #9767 ) ) GLOBAL_UNIT_ASSIGNED_CONTEXT ( ( #4552, #7786, #10700 ) ) REPRESENTATION_CONTEXT ( 'NONE', 'WORKASPACE' ) );
#9166 =( GEOMETRIC_REPRESENTATION_CONTEXT ( 3 ) GLOBAL_UNCERTAINTY_ASSIGNED_CONTEXT ( ( #9897 ) ) GLOBAL_UNIT_ASSIGNED_CONTEXT ( ( #5543, #7699, #6761 ) ) REPRESENTATION_CONTEXT ( 'NONE', 'WORKASPACE' ) );
#9167 = ORIENTED_EDGE ( 'NONE', *, *, #5087, .F. ) ;
#9168 =( NAMED_UNIT ( * ) SI_UNIT ( $, .STERADIAN. ) SOLID_ANGLE_UNIT ( ) );
#9169 = PRESENTATION_STYLE_ASSIGNMENT (( #13215 ) ) ;
#9170 = CARTESIAN_POINT ( 'NONE',  ( -6.099999999999999645, 4.150000000000000355, 0.000000000000000000 ) ) ;
#9171 = ORIENTED_EDGE ( 'NONE', *, *, #10823, .T. ) ;
#9172 = LINE ( 'NONE', #11285, #10299 ) ;
#9173 = EDGE_CURVE ( 'NONE', #8340, #11064, #6851, .T. ) ;
#9174 = ORIENTED_EDGE ( 'NONE', *, *, #188, .T. ) ;
#9175 = DIRECTION ( 'NONE',  ( -0.000000000000000000, 1.000000000000000000, -0.000000000000000000 ) ) ;
#9176 = VECTOR ( 'NONE', #9140, 1000.000000000000000 ) ;
#9177 = VECTOR ( 'NONE', #1850, 1000.000000000000000 ) ;
#9178 = ORIENTED_EDGE ( 'NONE', *, *, #7521, .F. ) ;
#9179 = CARTESIAN_POINT ( 'NONE',  ( 6.099999999999999645, 2.850000000000000089, 0.8199999999999999512 ) ) ;
#9180 = PLANE ( 'NONE',  #9682 ) ;
#9181 = LINE ( 'NONE', #13291, #8374 ) ;
#9182 = PLANE ( 'NONE',  #13299 ) ;
#9183 = EDGE_LOOP ( 'NONE', ( #5261, #4349, #8132, #11274 ) ) ;
#9184 = DIRECTION ( 'NONE',  ( 1.626303258728256651E-16, -1.000000000000000000, 0.000000000000000000 ) ) ;
#9185 =( NAMED_UNIT ( * ) PLANE_ANGLE_UNIT ( ) SI_UNIT ( $, .RADIAN. ) );
#9186 = CARTESIAN_POINT ( 'NONE',  ( -6.099999999999999645, -7.450000000000000178, 0.8199999999999999512 ) ) ;
#9187 = ORIENTED_EDGE ( 'NONE', *, *, #12077, .F. ) ;
#9188 = CARTESIAN_POINT ( 'NONE',  ( 6.099999999999999645, 4.150000000000000355, 0.8199999999999999512 ) ) ;
#9189 = EDGE_CURVE ( 'NONE', #5527, #949, #11965, .T. ) ;
#9190 = VECTOR ( 'NONE', #1, 1000.000000000000000 ) ;
#9191 = SURFACE_STYLE_FILL_AREA ( #877 ) ;
#9192 = FILL_AREA_STYLE_COLOUR ( '', #2383 ) ;
#9193 = MECHANICAL_DESIGN_GEOMETRIC_PRESENTATION_REPRESENTATION (  '', ( #11359 ), #8540 ) ;
#9194 = VECTOR ( 'NONE', #786, 1000.000000000000000 ) ;
#9195 = LINE ( 'NONE', #8252, #6823 ) ;
#9196 = STYLED_ITEM ( 'NONE', ( #11548 ), #6270 ) ;
#9197 = ORIENTED_EDGE ( 'NONE', *, *, #7548, .T. ) ;
#9198 = SURFACE_STYLE_USAGE ( .BOTH. , #5094 ) ;
#9199 = FACE_OUTER_BOUND ( 'NONE', #2766, .T. ) ;
#9200 = ORIENTED_EDGE ( 'NONE', *, *, #7817, .T. ) ;
#9201 = STYLED_ITEM ( 'NONE', ( #541 ), #11252 ) ;
#9202 = COLOUR_RGB ( '',0.9411764705882352811, 0.6274509803921568540, 0.05490196078431372473 ) ;
#9203 = SURFACE_SIDE_STYLE ('',( #73 ) ) ;
#9204 = LINE ( 'NONE', #3105, #3074 ) ;
#9205 = DIRECTION ( 'NONE',  ( 1.000000000000000000, 0.000000000000000000, 0.000000000000000000 ) ) ;
#9206 = ADVANCED_FACE ( 'NONE', ( #5843 ), #3830, .F. ) ;
#9207 = DIRECTION ( 'NONE',  ( -1.000000000000000000, 0.000000000000000000, -0.000000000000000000 ) ) ;
#9208 = ADVANCED_FACE ( 'NONE', ( #5967 ), #6094, .T. ) ;
#9209 = EDGE_LOOP ( 'NONE', ( #9928, #11034, #4324, #5316, #4385, #6508 ) ) ;
#9210 = EDGE_CURVE ( 'NONE', #3603, #2151, #5206, .T. ) ;
#9211 =( GEOMETRIC_REPRESENTATION_CONTEXT ( 3 ) GLOBAL_UNCERTAINTY_ASSIGNED_CONTEXT ( ( #8921 ) ) GLOBAL_UNIT_ASSIGNED_CONTEXT ( ( #8498, #7424, #177 ) ) REPRESENTATION_CONTEXT ( 'NONE', 'WORKASPACE' ) );
#9212 = DIRECTION ( 'NONE',  ( -0.000000000000000000, 1.000000000000000000, -0.000000000000000000 ) ) ;
#9213 =( GEOMETRIC_REPRESENTATION_CONTEXT ( 3 ) GLOBAL_UNCERTAINTY_ASSIGNED_CONTEXT ( ( #10480 ) ) GLOBAL_UNIT_ASSIGNED_CONTEXT ( ( #8569, #10878, #11692 ) ) REPRESENTATION_CONTEXT ( 'NONE', 'WORKASPACE' ) );
#9214 = CARTESIAN_POINT ( 'NONE',  ( 6.099999999999999645, -5.450000000000001066, 0.8199999999999999512 ) ) ;
#9215 = MECHANICAL_DESIGN_GEOMETRIC_PRESENTATION_REPRESENTATION (  '', ( #861 ), #2142 ) ;
#9216 = UNCERTAINTY_MEASURE_WITH_UNIT (LENGTH_MEASURE( 1.000000000000000082E-05 ), #2017, 'distance_accuracy_value', 'NONE');
#9217 =( LENGTH_UNIT ( ) NAMED_UNIT ( * ) SI_UNIT ( .MILLI., .METRE. ) );
#9218 = ORIENTED_EDGE ( 'NONE', *, *, #2382, .F. ) ;
#9219 = CARTESIAN_POINT ( 'NONE',  ( -6.099999999999999645, -1.950000000000000178, 0.8199999999999999512 ) ) ;
#9220 = FACE_OUTER_BOUND ( 'NONE', #10921, .T. ) ;
#9221 = DIRECTION ( 'NONE',  ( 0.000000000000000000, 1.000000000000000000, 0.000000000000000000 ) ) ;
#9222 = SURFACE_SIDE_STYLE ('',( #2039 ) ) ;
#9223 = VERTEX_POINT ( 'NONE', #8258 ) ;
#9224 = DIRECTION ( 'NONE',  ( 1.000000000000000000, 1.626303258728256651E-16, -0.000000000000000000 ) ) ;
#9225 = DIRECTION ( 'NONE',  ( 0.000000000000000000, -0.000000000000000000, 1.000000000000000000 ) ) ;
#9226 = CARTESIAN_POINT ( 'NONE',  ( -6.099999999999999645, -1.050000000000000266, 0.8199999999999999512 ) ) ;
#9227 = DIRECTION ( 'NONE',  ( -0.000000000000000000, 1.000000000000000000, -0.000000000000000000 ) ) ;
#9228 = EDGE_CURVE ( 'NONE', #3267, #11897, #9204, .T. ) ;
#9229 = CIRCLE ( 'NONE', #7683, 0.2500000000000002220 ) ;
#9230 = PRESENTATION_STYLE_ASSIGNMENT (( #13265 ) ) ;
#9231 = FILL_AREA_STYLE_COLOUR ( '', #10342 ) ;
#9232 = STYLED_ITEM ( 'NONE', ( #13135 ), #6697 ) ;
#9233 = UNCERTAINTY_MEASURE_WITH_UNIT (LENGTH_MEASURE( 1.000000000000000082E-05 ), #4420, 'distance_accuracy_value', 'NONE');
#9234 = PRESENTATION_LAYER_ASSIGNMENT (  '', '', ( #12894 ) ) ;
#9235 = FILL_AREA_STYLE ('',( #12546 ) ) ;
#9236 = ORIENTED_EDGE ( 'NONE', *, *, #2473, .T. ) ;
#9237 = ADVANCED_FACE ( 'NONE', ( #6974 ), #953, .T. ) ;
#9238 = DIRECTION ( 'NONE',  ( 0.000000000000000000, -1.000000000000000000, 0.000000000000000000 ) ) ;
#9239 = CARTESIAN_POINT ( 'NONE',  ( -5.299999999999998934, -2.150000000000000355, 0.8199999999999999512 ) ) ;
#9240 = ORIENTED_EDGE ( 'NONE', *, *, #2668, .F. ) ;
#9241 =( LENGTH_UNIT ( ) NAMED_UNIT ( * ) SI_UNIT ( .MILLI., .METRE. ) );
#9243 = ORIENTED_EDGE ( 'NONE', *, *, #11400, .F. ) ;
#9242 = EDGE_CURVE ( 'NONE', #10049, #1766, #3902, .T. ) ;
#9244 = VECTOR ( 'NONE', #7016, 1000.000000000000000 ) ;
#9245 = FILL_AREA_STYLE ('',( #5133 ) ) ;
#9246 = VERTEX_POINT ( 'NONE', #9136 ) ;
#9247 = AXIS2_PLACEMENT_3D ( 'NONE', #9934, #7013, #729 ) ;
#9248 = MECHANICAL_DESIGN_GEOMETRIC_PRESENTATION_REPRESENTATION (  '', ( #8170 ), #5368 ) ;
#9249 = VERTEX_POINT ( 'NONE', #13248 ) ;
#9250 = EDGE_CURVE ( 'NONE', #6503, #2921, #2026, .T. ) ;
#9251 = ADVANCED_FACE ( 'NONE', ( #8324 ), #4284, .T. ) ;
#9252 = FILL_AREA_STYLE ('',( #2406 ) ) ;
#9253 = LINE ( 'NONE', #6956, #7257 ) ;
#9254 = VECTOR ( 'NONE', #1177, 1000.000000000000000 ) ;
#9255 = ORIENTED_EDGE ( 'NONE', *, *, #9498, .T. ) ;
#9256 = CARTESIAN_POINT ( 'NONE',  ( -6.099999999999999645, -3.250000000000000444, 0.8199999999999999512 ) ) ;
#9257 = PLANE ( 'NONE',  #4646 ) ;
#9258 = DIRECTION ( 'NONE',  ( 0.000000000000000000, -1.000000000000000000, 0.000000000000000000 ) ) ;
#9259 = ORIENTED_EDGE ( 'NONE', *, *, #12474, .F. ) ;
#9260 =( GEOMETRIC_REPRESENTATION_CONTEXT ( 3 ) GLOBAL_UNCERTAINTY_ASSIGNED_CONTEXT ( ( #6103 ) ) GLOBAL_UNIT_ASSIGNED_CONTEXT ( ( #5726, #9985, #4844 ) ) REPRESENTATION_CONTEXT ( 'NONE', 'WORKASPACE' ) );
#9261 = DIRECTION ( 'NONE',  ( 0.000000000000000000, 0.000000000000000000, -1.000000000000000000 ) ) ;
#9262 = COLOUR_RGB ( '',0.9411764705882352811, 0.6274509803921568540, 0.05490196078431372473 ) ;
#9263 = FILL_AREA_STYLE ('',( #3350 ) ) ;
#9264 = FILL_AREA_STYLE_COLOUR ( '', #7725 ) ;
#9265 = VECTOR ( 'NONE', #2574, 1000.000000000000000 ) ;
#9266 = AXIS2_PLACEMENT_3D ( 'NONE', #2064, #13294, #6138 ) ;
#9267 = UNCERTAINTY_MEASURE_WITH_UNIT (LENGTH_MEASURE( 1.000000000000000082E-05 ), #9655, 'distance_accuracy_value', 'NONE');
#9268 =( NAMED_UNIT ( * ) SI_UNIT ( $, .STERADIAN. ) SOLID_ANGLE_UNIT ( ) );
#9269 = STYLED_ITEM ( 'NONE', ( #1261 ), #1424 ) ;
#9270 = ADVANCED_FACE ( 'NONE', ( #6564 ), #3308, .F. ) ;
#9271 = PRESENTATION_LAYER_ASSIGNMENT (  '', '', ( #2201 ) ) ;
#9272 = DIRECTION ( 'NONE',  ( -1.000000000000000000, -0.000000000000000000, -0.000000000000000000 ) ) ;
#9273 = VERTEX_POINT ( 'NONE', #6364 ) ;
#9274 = DIRECTION ( 'NONE',  ( 1.626303258728256651E-16, -1.000000000000000000, 0.000000000000000000 ) ) ;
#9275 = VERTEX_POINT ( 'NONE', #4357 ) ;
#9276 = DIRECTION ( 'NONE',  ( -1.000000000000000000, 0.000000000000000000, 0.000000000000000000 ) ) ;
#9277 = ORIENTED_EDGE ( 'NONE', *, *, #4993, .T. ) ;
#9278 = CIRCLE ( 'NONE', #11447, 0.2500000000000002220 ) ;
#9279 = PRESENTATION_STYLE_ASSIGNMENT (( #75 ) ) ;
#9280 = VECTOR ( 'NONE', #8408, 1000.000000000000000 ) ;
#9281 = CARTESIAN_POINT ( 'NONE',  ( 6.099999999999999645, -5.050000000000000711, 0.8199999999999999512 ) ) ;
#9282 = ORIENTED_EDGE ( 'NONE', *, *, #4028, .T. ) ;
#9283 = STYLED_ITEM ( 'NONE', ( #3571 ), #9126 ) ;
#9284 = CARTESIAN_POINT ( 'NONE',  ( -6.099999999999999645, 2.600000000000000089, 0.8199999999999999512 ) ) ;
#9285 = DIRECTION ( 'NONE',  ( 0.000000000000000000, 0.000000000000000000, -1.000000000000000000 ) ) ;
#9286 = ADVANCED_FACE ( 'NONE', ( #10490 ), #6442, .F. ) ;
#9287 = CARTESIAN_POINT ( 'NONE',  ( -6.099999999999999645, -6.350000000000000533, 0.8199999999999999512 ) ) ;
#9288 = EDGE_LOOP ( 'NONE', ( #6304, #7415, #7517, #200, #4789, #6554, #3319 ) ) ;
#9289 =( GEOMETRIC_REPRESENTATION_CONTEXT ( 3 ) GLOBAL_UNCERTAINTY_ASSIGNED_CONTEXT ( ( #9356 ) ) GLOBAL_UNIT_ASSIGNED_CONTEXT ( ( #10088, #6157, #8128 ) ) REPRESENTATION_CONTEXT ( 'NONE', 'WORKASPACE' ) );
#9290 = CARTESIAN_POINT ( 'NONE',  ( -6.099999999999999645, -3.449999999999999734, 0.000000000000000000 ) ) ;
#9291 = CARTESIAN_POINT ( 'NONE',  ( 6.099999999999999645, 4.549999999999999822, 0.000000000000000000 ) ) ;
#9292 = PRESENTATION_STYLE_ASSIGNMENT (( #1091 ) ) ;
#9293 = ORIENTED_EDGE ( 'NONE', *, *, #1452, .F. ) ;
#9294 = FILL_AREA_STYLE_COLOUR ( '', #9714 ) ;
#9295 = SURFACE_STYLE_FILL_AREA ( #11129 ) ;
#9296 = FACE_OUTER_BOUND ( 'NONE', #3064, .T. ) ;
#9297 = FILL_AREA_STYLE_COLOUR ( '', #3427 ) ;
#9298 = CARTESIAN_POINT ( 'NONE',  ( 6.099999999999999645, 4.549999999999999822, 0.8199999999999999512 ) ) ;
#9299 = SURFACE_SIDE_STYLE ('',( #10316 ) ) ;
#9300 = VECTOR ( 'NONE', #943, 1000.000000000000000 ) ;
#9301 = EDGE_CURVE ( 'NONE', #2353, #12384, #8460, .T. ) ;
#9302 = MANIFOLD_SOLID_BREP ( 'Boss-Extrude2[22]', #1437 ) ;
#9303 = PLANE ( 'NONE',  #897 ) ;
#9304 = VERTEX_POINT ( 'NONE', #8650 ) ;
#9305 = DIRECTION ( 'NONE',  ( -1.000000000000000000, 0.000000000000000000, -0.000000000000000000 ) ) ;
#9306 = DIRECTION ( 'NONE',  ( 0.000000000000000000, -0.000000000000000000, 1.000000000000000000 ) ) ;
#9307 = ORIENTED_EDGE ( 'NONE', *, *, #2589, .F. ) ;
#9308 = CARTESIAN_POINT ( 'NONE',  ( 5.299999999999998934, -6.550000000000000711, 0.000000000000000000 ) ) ;
#9309 = ORIENTED_EDGE ( 'NONE', *, *, #2163, .F. ) ;
#9310 = PLANE ( 'NONE',  #4352 ) ;
#9311 = PRESENTATION_STYLE_ASSIGNMENT (( #3135 ) ) ;
#9312 = ORIENTED_EDGE ( 'NONE', *, *, #1876, .F. ) ;
#9313 = FILL_AREA_STYLE ('',( #12417 ) ) ;
#9314 = LINE ( 'NONE', #7418, #7946 ) ;
#9315 = PRESENTATION_LAYER_ASSIGNMENT (  '', '', ( #11904 ) ) ;
#9316 = LINE ( 'NONE', #3341, #3520 ) ;
#9317 = FACE_OUTER_BOUND ( 'NONE', #11100, .T. ) ;
#9318 = EDGE_CURVE ( 'NONE', #1006, #3371, #12535, .T. ) ;
#9319 = CARTESIAN_POINT ( 'NONE',  ( -6.099999999999999645, 3.250000000000000444, 0.8199999999999999512 ) ) ;
#9320 = ORIENTED_EDGE ( 'NONE', *, *, #11063, .F. ) ;
#9321 = FACE_OUTER_BOUND ( 'NONE', #1660, .T. ) ;
#9322 = PRESENTATION_STYLE_ASSIGNMENT (( #8108 ) ) ;
#9323 = FACE_OUTER_BOUND ( 'NONE', #6671, .T. ) ;
#9324 = ORIENTED_EDGE ( 'NONE', *, *, #1163, .T. ) ;
#9325 = SURFACE_STYLE_USAGE ( .BOTH. , #6209 ) ;
#9326 = LINE ( 'NONE', #5278, #12662 ) ;
#9327 = AXIS2_PLACEMENT_3D ( 'NONE', #2436, #7581, #6510 ) ;
#9328 = CARTESIAN_POINT ( 'NONE',  ( 6.099999999999999645, 2.600000000000000089, 0.8199999999999999512 ) ) ;
#9329 = CARTESIAN_POINT ( 'NONE',  ( -6.099999999999999645, -3.250000000000000444, 0.000000000000000000 ) ) ;
#9330 = EDGE_CURVE ( 'NONE', #12505, #8321, #12775, .T. ) ;
#9331 = ADVANCED_FACE ( 'NONE', ( #5688 ), #4672, .F. ) ;
#9332 = ORIENTED_EDGE ( 'NONE', *, *, #6977, .F. ) ;
#9333 = CARTESIAN_POINT ( 'NONE',  ( 6.099999999999999645, -4.800000000000000711, 0.8199999999999999512 ) ) ;
#9334 = SURFACE_SIDE_STYLE ('',( #7165 ) ) ;
#9335 = DIRECTION ( 'NONE',  ( -1.000000000000000000, 0.000000000000000000, 0.000000000000000000 ) ) ;
#9336 = EDGE_LOOP ( 'NONE', ( #4249, #10031, #12802, #7278, #6926, #10190 ) ) ;
#9337 = FACE_OUTER_BOUND ( 'NONE', #6968, .T. ) ;
#9338 = ORIENTED_EDGE ( 'NONE', *, *, #6950, .F. ) ;
#9339 = FACE_OUTER_BOUND ( 'NONE', #8875, .T. ) ;
#9340 =( NAMED_UNIT ( * ) PLANE_ANGLE_UNIT ( ) SI_UNIT ( $, .RADIAN. ) );
#9341 = LINE ( 'NONE', #7174, #11958 ) ;
#9342 =( NAMED_UNIT ( * ) PLANE_ANGLE_UNIT ( ) SI_UNIT ( $, .RADIAN. ) );
#9343 = EDGE_CURVE ( 'NONE', #4181, #8587, #7639, .T. ) ;
#9344 = ORIENTED_EDGE ( 'NONE', *, *, #9862, .F. ) ;
#9345 = UNCERTAINTY_MEASURE_WITH_UNIT (LENGTH_MEASURE( 1.000000000000000082E-05 ), #12219, 'distance_accuracy_value', 'NONE');
#9346 = VERTEX_POINT ( 'NONE', #740 ) ;
#9347 = CARTESIAN_POINT ( 'NONE',  ( 6.099999999999999645, 7.450000000000000178, 0.000000000000000000 ) ) ;
#9348 =( LENGTH_UNIT ( ) NAMED_UNIT ( * ) SI_UNIT ( .MILLI., .METRE. ) );
#9349 = DIRECTION ( 'NONE',  ( 1.000000000000000000, 0.000000000000000000, 0.000000000000000000 ) ) ;
#9350 = ORIENTED_EDGE ( 'NONE', *, *, #93, .T. ) ;
#9351 = FACE_OUTER_BOUND ( 'NONE', #9639, .T. ) ;
#9352 =( LENGTH_UNIT ( ) NAMED_UNIT ( * ) SI_UNIT ( .MILLI., .METRE. ) );
#9353 = SURFACE_SIDE_STYLE ('',( #11397 ) ) ;
#9354 =( LENGTH_UNIT ( ) NAMED_UNIT ( * ) SI_UNIT ( .MILLI., .METRE. ) );
#9355 = ADVANCED_FACE ( 'NONE', ( #10893 ), #9808, .F. ) ;
#9356 = UNCERTAINTY_MEASURE_WITH_UNIT (LENGTH_MEASURE( 1.000000000000000082E-05 ), #10088, 'distance_accuracy_value', 'NONE');
#9357 = AXIS2_PLACEMENT_3D ( 'NONE', #1197, #7444, #5355 ) ;
#9358 = VECTOR ( 'NONE', #222, 1000.000000000000000 ) ;
#9359 = ORIENTED_EDGE ( 'NONE', *, *, #7806, .F. ) ;
#9360 =( NAMED_UNIT ( * ) PLANE_ANGLE_UNIT ( ) SI_UNIT ( $, .RADIAN. ) );
#9361 =( NAMED_UNIT ( * ) PLANE_ANGLE_UNIT ( ) SI_UNIT ( $, .RADIAN. ) );
#9362 = CARTESIAN_POINT ( 'NONE',  ( -6.099999999999999645, -6.550000000000000711, 0.000000000000000000 ) ) ;
#9363 = ORIENTED_EDGE ( 'NONE', *, *, #6428, .F. ) ;
#9364 = LINE ( 'NONE', #163, #4958 ) ;
#9365 = DIRECTION ( 'NONE',  ( 0.000000000000000000, 1.000000000000000000, -0.000000000000000000 ) ) ;
#9366 = CARTESIAN_POINT ( 'NONE',  ( 5.299999999999998934, -5.450000000000001066, 0.000000000000000000 ) ) ;
#9367 = VERTEX_POINT ( 'NONE', #1662 ) ;
#9368 = VECTOR ( 'NONE', #2559, 1000.000000000000000 ) ;
#9369 = ADVANCED_FACE ( 'NONE', ( #11834 ), #12975, .F. ) ;
#9370 = VERTEX_POINT ( 'NONE', #1599 ) ;
#9371 = MECHANICAL_DESIGN_GEOMETRIC_PRESENTATION_REPRESENTATION (  '', ( #12609 ), #6787 ) ;
#9372 = STYLED_ITEM ( 'NONE', ( #2908 ), #7880 ) ;
#9373 = LINE ( 'NONE', #4138, #3044 ) ;
#9374 = UNCERTAINTY_MEASURE_WITH_UNIT (LENGTH_MEASURE( 1.000000000000000082E-05 ), #3820, 'distance_accuracy_value', 'NONE');
#9375 = SURFACE_SIDE_STYLE ('',( #10410 ) ) ;
#9376 = VECTOR ( 'NONE', #8791, 1000.000000000000000 ) ;
#9377 = ORIENTED_EDGE ( 'NONE', *, *, #5913, .T. ) ;
#9378 = LINE ( 'NONE', #7221, #5174 ) ;
#9379 = MANIFOLD_SOLID_BREP ( 'Boss-Extrude2[7]', #12401 ) ;
#9380 = CARTESIAN_POINT ( 'NONE',  ( -6.099999999999999645, 4.800000000000000711, 0.8199999999999999512 ) ) ;
#9381 = VERTEX_POINT ( 'NONE', #6961 ) ;
#9382 = CARTESIAN_POINT ( 'NONE',  ( 5.299999999999998934, -7.450000000000000178, 0.8199999999999999512 ) ) ;
#9383 = VECTOR ( 'NONE', #12704, 1000.000000000000000 ) ;
#9384 = CARTESIAN_POINT ( 'NONE',  ( -5.299999999999998934, -6.550000000000000711, 0.8199999999999999512 ) ) ;
#9385 = EDGE_CURVE ( 'NONE', #8594, #12184, #4807, .T. ) ;
#9386 = CARTESIAN_POINT ( 'NONE',  ( -5.299999999999998934, -5.450000000000001066, 0.000000000000000000 ) ) ;
#9387 = EDGE_CURVE ( 'NONE', #6503, #8165, #1868, .T. ) ;
#9388 = VECTOR ( 'NONE', #4107, 1000.000000000000000 ) ;
#9389 =( GEOMETRIC_REPRESENTATION_CONTEXT ( 3 ) GLOBAL_UNCERTAINTY_ASSIGNED_CONTEXT ( ( #7716 ) ) GLOBAL_UNIT_ASSIGNED_CONTEXT ( ( #9599, #11635, #8458 ) ) REPRESENTATION_CONTEXT ( 'NONE', 'WORKASPACE' ) );
#9390 =( GEOMETRIC_REPRESENTATION_CONTEXT ( 3 ) GLOBAL_UNCERTAINTY_ASSIGNED_CONTEXT ( ( #4239 ) ) GLOBAL_UNIT_ASSIGNED_CONTEXT ( ( #8047, #9185, #870 ) ) REPRESENTATION_CONTEXT ( 'NONE', 'WORKASPACE' ) );
#9391 = UNCERTAINTY_MEASURE_WITH_UNIT (LENGTH_MEASURE( 1.000000000000000082E-05 ), #7088, 'distance_accuracy_value', 'NONE');
#9392 = ORIENTED_EDGE ( 'NONE', *, *, #9330, .T. ) ;
#9393 = FACE_OUTER_BOUND ( 'NONE', #1970, .T. ) ;
#9394 = ORIENTED_EDGE ( 'NONE', *, *, #2937, .T. ) ;
#9395 = CYLINDRICAL_SURFACE ( 'NONE', #8414, 0.2500000000000002220 ) ;
#9396 = CYLINDRICAL_SURFACE ( 'NONE', #837, 0.2500000000000002220 ) ;
#9397 = ORIENTED_EDGE ( 'NONE', *, *, #13040, .F. ) ;
#9398 = EDGE_CURVE ( 'NONE', #3725, #11161, #10002, .T. ) ;
#9399 = LINE ( 'NONE', #6221, #7458 ) ;
#9400 = VERTEX_POINT ( 'NONE', #7157 ) ;
#9401 = VECTOR ( 'NONE', #10423, 1000.000000000000000 ) ;
#9402 = VECTOR ( 'NONE', #2491, 1000.000000000000000 ) ;
#9403 = CARTESIAN_POINT ( 'NONE',  ( -6.099999999999999645, 8.000000000000000000, 0.000000000000000000 ) ) ;
#9404 = ORIENTED_EDGE ( 'NONE', *, *, #10346, .F. ) ;
#9405 = ORIENTED_EDGE ( 'NONE', *, *, #2866, .T. ) ;
#9406 = VECTOR ( 'NONE', #10222, 1000.000000000000000 ) ;
#9407 = CARTESIAN_POINT ( 'NONE',  ( 6.099999999999999645, 8.000000000000000000, 0.8199999999999999512 ) ) ;
#9408 = STYLED_ITEM ( 'NONE', ( #4085 ), #11316 ) ;
#9409 = MECHANICAL_DESIGN_GEOMETRIC_PRESENTATION_REPRESENTATION (  '', ( #4882 ), #6168 ) ;
#9410 = EDGE_LOOP ( 'NONE', ( #3102, #7388, #6088, #7459 ) ) ;
#9411 = EDGE_CURVE ( 'NONE', #9863, #10770, #3081, .T. ) ;
#9412 = CARTESIAN_POINT ( 'NONE',  ( 5.299999999999998934, 5.249999999999999112, 0.8199999999999999512 ) ) ;
#9413 = DIRECTION ( 'NONE',  ( 1.000000000000000000, 0.000000000000000000, -0.000000000000000000 ) ) ;
#9414 = CARTESIAN_POINT ( 'NONE',  ( -5.299999999999998934, -1.050000000000000266, 0.000000000000000000 ) ) ;
#9415 = SURFACE_SIDE_STYLE ('',( #8470 ) ) ;
#9416 = ORIENTED_EDGE ( 'NONE', *, *, #692, .F. ) ;
#9417 = FILL_AREA_STYLE ('',( #12727 ) ) ;
#9418 = PRESENTATION_STYLE_ASSIGNMENT (( #2238 ) ) ;
#9419 = DIRECTION ( 'NONE',  ( -0.000000000000000000, -0.000000000000000000, -1.000000000000000000 ) ) ;
#9420 = VECTOR ( 'NONE', #2598, 1000.000000000000000 ) ;
#9421 = MECHANICAL_DESIGN_GEOMETRIC_PRESENTATION_REPRESENTATION (  '', ( #8134 ), #11369 ) ;
#9422 = LINE ( 'NONE', #9298, #5560 ) ;
#9423 = COLOUR_RGB ( '',0.9411764705882352811, 0.6274509803921568540, 0.05490196078431372473 ) ;
#9424 =( GEOMETRIC_REPRESENTATION_CONTEXT ( 3 ) GLOBAL_UNCERTAINTY_ASSIGNED_CONTEXT ( ( #9794 ) ) GLOBAL_UNIT_ASSIGNED_CONTEXT ( ( #5535, #8693, #5603 ) ) REPRESENTATION_CONTEXT ( 'NONE', 'WORKASPACE' ) );
#9425 = VECTOR ( 'NONE', #12809, 1000.000000000000000 ) ;
#9426 = STYLED_ITEM ( 'NONE', ( #8426 ), #6569 ) ;
#9427 = ORIENTED_EDGE ( 'NONE', *, *, #12711, .F. ) ;
#9428 = EDGE_CURVE ( 'NONE', #5433, #2799, #2068, .T. ) ;
#9429 = CARTESIAN_POINT ( 'NONE',  ( -6.099999999999999645, 5.450000000000000178, 0.000000000000000000 ) ) ;
#9430 = STYLED_ITEM ( 'NONE', ( #10750 ), #11491 ) ;
#9431 = VERTEX_POINT ( 'NONE', #8050 ) ;
#9432 = AXIS2_PLACEMENT_3D ( 'NONE', #4119, #4170, #1646 ) ;
#9433 = CARTESIAN_POINT ( 'NONE',  ( 5.299999999999998934, 6.550000000000000711, 0.8199999999999999512 ) ) ;
#9434 = DIRECTION ( 'NONE',  ( -0.000000000000000000, 0.000000000000000000, -1.000000000000000000 ) ) ;
#9435 = EDGE_LOOP ( 'NONE', ( #2256, #9542, #11779, #10582 ) ) ;
#9436 = FILL_AREA_STYLE ('',( #7551 ) ) ;
#9437 = DIRECTION ( 'NONE',  ( 0.000000000000000000, -0.000000000000000000, 1.000000000000000000 ) ) ;
#9438 = VERTEX_POINT ( 'NONE', #13301 ) ;
#9439 = VERTEX_POINT ( 'NONE', #13105 ) ;
#9440 = DIRECTION ( 'NONE',  ( 0.000000000000000000, 0.000000000000000000, -1.000000000000000000 ) ) ;
#9441 = VECTOR ( 'NONE', #8612, 1000.000000000000000 ) ;
#9442 = AXIS2_PLACEMENT_3D ( 'NONE', #3920, #5982, #5851 ) ;
#9443 = MECHANICAL_DESIGN_GEOMETRIC_PRESENTATION_REPRESENTATION (  '', ( #2584 ), #10519 ) ;
#9444 = CARTESIAN_POINT ( 'NONE',  ( 5.299999999999998934, -3.250000000000000444, 0.8199999999999999512 ) ) ;
#9445 = DIRECTION ( 'NONE',  ( -0.000000000000000000, -0.000000000000000000, 1.000000000000000000 ) ) ;
#9446 = EDGE_CURVE ( 'NONE', #5638, #2750, #12152, .T. ) ;
#9447 =( NAMED_UNIT ( * ) SI_UNIT ( $, .STERADIAN. ) SOLID_ANGLE_UNIT ( ) );
#9448 =( LENGTH_UNIT ( ) NAMED_UNIT ( * ) SI_UNIT ( .MILLI., .METRE. ) );
#9449 = ORIENTED_EDGE ( 'NONE', *, *, #2816, .F. ) ;
#9450 = VECTOR ( 'NONE', #13026, 1000.000000000000000 ) ;
#9451 = FILL_AREA_STYLE ('',( #11687 ) ) ;
#9452 = EDGE_CURVE ( 'NONE', #1483, #10344, #802, .T. ) ;
#9453 = PLANE ( 'NONE',  #13080 ) ;
#9454 = ORIENTED_EDGE ( 'NONE', *, *, #2632, .T. ) ;
#9455 = AXIS2_PLACEMENT_3D ( 'NONE', #3752, #7403, #4378 ) ;
#9456 = DIRECTION ( 'NONE',  ( 0.000000000000000000, 0.000000000000000000, -1.000000000000000000 ) ) ;
#9457 = DIRECTION ( 'NONE',  ( 1.000000000000000000, 0.000000000000000000, 0.000000000000000000 ) ) ;
#9458 = DIRECTION ( 'NONE',  ( 0.000000000000000000, -1.000000000000000000, 0.000000000000000000 ) ) ;
#9459 = CIRCLE ( 'NONE', #5157, 0.2500000000000002220 ) ;
#9460 = VERTEX_POINT ( 'NONE', #4084 ) ;
#9461 = DIRECTION ( 'NONE',  ( -1.000000000000000000, 0.000000000000000000, 0.000000000000000000 ) ) ;
#9462 = DIRECTION ( 'NONE',  ( -0.000000000000000000, 1.000000000000000000, -0.000000000000000000 ) ) ;
#9463 = CARTESIAN_POINT ( 'NONE',  ( -5.299999999999998934, 4.150000000000000355, 0.8199999999999999512 ) ) ;
#9464 = ORIENTED_EDGE ( 'NONE', *, *, #12942, .F. ) ;
#9465 = FILL_AREA_STYLE ('',( #5231 ) ) ;
#9466 = CARTESIAN_POINT ( 'NONE',  ( 6.099999999999999645, -5.450000000000001066, 0.8199999999999999512 ) ) ;
#9467 = ORIENTED_EDGE ( 'NONE', *, *, #9815, .T. ) ;
#9468 = CARTESIAN_POINT ( 'NONE',  ( -5.299999999999998934, 0.04999999999999969746, 0.8199999999999999512 ) ) ;
#9469 = DIRECTION ( 'NONE',  ( 0.000000000000000000, 0.000000000000000000, 1.000000000000000000 ) ) ;
#9470 = LINE ( 'NONE', #7314, #11539 ) ;
#9471 = ORIENTED_EDGE ( 'NONE', *, *, #821, .F. ) ;
#9472 = PRESENTATION_LAYER_ASSIGNMENT (  '', '', ( #3045 ) ) ;
#9473 = DIRECTION ( 'NONE',  ( -0.000000000000000000, -0.000000000000000000, -1.000000000000000000 ) ) ;
#9474 = ORIENTED_EDGE ( 'NONE', *, *, #7469, .T. ) ;
#9475 =( GEOMETRIC_REPRESENTATION_CONTEXT ( 3 ) GLOBAL_UNCERTAINTY_ASSIGNED_CONTEXT ( ( #10575 ) ) GLOBAL_UNIT_ASSIGNED_CONTEXT ( ( #4504, #5391, #11667 ) ) REPRESENTATION_CONTEXT ( 'NONE', 'WORKASPACE' ) );
#9476 = VECTOR ( 'NONE', #1430, 1000.000000000000000 ) ;
#9477 = VECTOR ( 'NONE', #5344, 1000.000000000000000 ) ;
#9478 = LINE ( 'NONE', #10774, #4015 ) ;
#9479 = UNCERTAINTY_MEASURE_WITH_UNIT (LENGTH_MEASURE( 1.000000000000000082E-05 ), #6047, 'distance_accuracy_value', 'NONE');
#9480 = CARTESIAN_POINT ( 'NONE',  ( -5.299999999999998934, -4.350000000000000533, 0.000000000000000000 ) ) ;
#9481 = VECTOR ( 'NONE', #1170, 1000.000000000000000 ) ;
#9482 = ORIENTED_EDGE ( 'NONE', *, *, #3312, .T. ) ;
#9483 = DIRECTION ( 'NONE',  ( 0.000000000000000000, -1.000000000000000000, 0.000000000000000000 ) ) ;
#9484 = LINE ( 'NONE', #3567, #156 ) ;
#9485 =( NAMED_UNIT ( * ) PLANE_ANGLE_UNIT ( ) SI_UNIT ( $, .RADIAN. ) );
#9486 = EDGE_CURVE ( 'NONE', #232, #13202, #2891, .T. ) ;
#9487 = ORIENTED_EDGE ( 'NONE', *, *, #1266, .F. ) ;
#9488 = AXIS2_PLACEMENT_3D ( 'NONE', #11760, #2169, #6239 ) ;
#9489 = DIRECTION ( 'NONE',  ( -0.000000000000000000, -0.000000000000000000, -1.000000000000000000 ) ) ;
#9490 = DIRECTION ( 'NONE',  ( 0.000000000000000000, 0.000000000000000000, -1.000000000000000000 ) ) ;
#9491 = DIRECTION ( 'NONE',  ( -0.000000000000000000, 1.000000000000000000, -0.000000000000000000 ) ) ;
#9492 = SURFACE_SIDE_STYLE ('',( #2178 ) ) ;
#9493 = CIRCLE ( 'NONE', #1980, 0.2500000000000002220 ) ;
#9494 = CARTESIAN_POINT ( 'NONE',  ( -6.099999999999999645, -7.000000000000000000, 0.8199999999999999512 ) ) ;
#9495 = FILL_AREA_STYLE ('',( #544 ) ) ;
#9496 = PRESENTATION_LAYER_ASSIGNMENT (  '', '', ( #2429 ) ) ;
#9497 = LINE ( 'NONE', #10514, #6880 ) ;
#9498 = EDGE_CURVE ( 'NONE', #7186, #11586, #8243, .T. ) ;
#9499 = EDGE_CURVE ( 'NONE', #2927, #1051, #10144, .T. ) ;
#9500 = UNCERTAINTY_MEASURE_WITH_UNIT (LENGTH_MEASURE( 1.000000000000000082E-05 ), #2969, 'distance_accuracy_value', 'NONE');
#9501 =( GEOMETRIC_REPRESENTATION_CONTEXT ( 3 ) GLOBAL_UNCERTAINTY_ASSIGNED_CONTEXT ( ( #5192 ) ) GLOBAL_UNIT_ASSIGNED_CONTEXT ( ( #615, #12919, #685 ) ) REPRESENTATION_CONTEXT ( 'NONE', 'WORKASPACE' ) );
#9502 = CARTESIAN_POINT ( 'NONE',  ( -5.299999999999998934, -1.050000000000000266, 0.8199999999999999512 ) ) ;
#9503 = ORIENTED_EDGE ( 'NONE', *, *, #11926, .T. ) ;
#9504 =( LENGTH_UNIT ( ) NAMED_UNIT ( * ) SI_UNIT ( .MILLI., .METRE. ) );
#9505 = PRESENTATION_LAYER_ASSIGNMENT (  '', '', ( #1557 ) ) ;
#9506 = VERTEX_POINT ( 'NONE', #12364 ) ;
#9507 = SURFACE_STYLE_FILL_AREA ( #8357 ) ;
#9508 = FACE_OUTER_BOUND ( 'NONE', #6046, .T. ) ;
#9509 = VERTEX_POINT ( 'NONE', #873 ) ;
#9510 =( NAMED_UNIT ( * ) SI_UNIT ( $, .STERADIAN. ) SOLID_ANGLE_UNIT ( ) );
#9511 = VERTEX_POINT ( 'NONE', #7091 ) ;
#9512 = ORIENTED_EDGE ( 'NONE', *, *, #9962, .F. ) ;
#9513 = CARTESIAN_POINT ( 'NONE',  ( 6.099999999999999645, 8.000000000000000000, 0.8199999999999999512 ) ) ;
#9514 = ADVANCED_FACE ( 'NONE', ( #6085 ), #11238, .F. ) ;
#9515 = LINE ( 'NONE', #6409, #2124 ) ;
#9516 = DIRECTION ( 'NONE',  ( -0.000000000000000000, -0.000000000000000000, -1.000000000000000000 ) ) ;
#9517 = CARTESIAN_POINT ( 'NONE',  ( 5.299999999999998934, 2.149999999999999911, 0.8199999999999999512 ) ) ;
#9518 = PRESENTATION_LAYER_ASSIGNMENT (  '', '', ( #8642 ) ) ;
#9519 = CARTESIAN_POINT ( 'NONE',  ( -6.099999999999999645, -3.050000000000000266, 0.000000000000000000 ) ) ;
#9520 = PRESENTATION_STYLE_ASSIGNMENT (( #6485 ) ) ;
#9521 = VERTEX_POINT ( 'NONE', #3292 ) ;
#9522 = FILL_AREA_STYLE_COLOUR ( '', #9828 ) ;
#9523 = MANIFOLD_SOLID_BREP ( 'Boss-Extrude2[21]', #10679 ) ;
#9524 = ORIENTED_EDGE ( 'NONE', *, *, #9001, .F. ) ;
#9525 = PRESENTATION_LAYER_ASSIGNMENT (  '', '', ( #5643 ) ) ;
#9526 = CARTESIAN_POINT ( 'NONE',  ( -6.099999999999999645, -2.150000000000000355, 0.8199999999999999512 ) ) ;
#9527 = PLANE ( 'NONE',  #10072 ) ;
#9528 = LINE ( 'NONE', #1253, #9477 ) ;
#9529 = CARTESIAN_POINT ( 'NONE',  ( 6.099999999999999645, -8.000000000000000000, 0.8199999999999999512 ) ) ;
#9530 = MECHANICAL_DESIGN_GEOMETRIC_PRESENTATION_REPRESENTATION (  '', ( #12755 ), #8869 ) ;
#9531 = EDGE_CURVE ( 'NONE', #10431, #4184, #6345, .T. ) ;
#9532 = AXIS2_PLACEMENT_3D ( 'NONE', #12947, #3719, #10237 ) ;
#9533 =( LENGTH_UNIT ( ) NAMED_UNIT ( * ) SI_UNIT ( .MILLI., .METRE. ) );
#9534 = DIRECTION ( 'NONE',  ( 0.000000000000000000, 0.000000000000000000, -1.000000000000000000 ) ) ;
#9535 = SURFACE_STYLE_USAGE ( .BOTH. , #4350 ) ;
#9536 = FILL_AREA_STYLE_COLOUR ( '', #11783 ) ;
#9537 = ORIENTED_EDGE ( 'NONE', *, *, #5779, .T. ) ;
#9538 = CARTESIAN_POINT ( 'NONE',  ( -6.099999999999999645, -1.950000000000000178, 0.000000000000000000 ) ) ;
#9539 = ORIENTED_EDGE ( 'NONE', *, *, #9681, .F. ) ;
#9540 = SURFACE_SIDE_STYLE ('',( #5435 ) ) ;
#9541 = DIRECTION ( 'NONE',  ( 0.000000000000000000, 0.000000000000000000, -1.000000000000000000 ) ) ;
#9542 = ORIENTED_EDGE ( 'NONE', *, *, #8260, .F. ) ;
#9543 = CARTESIAN_POINT ( 'NONE',  ( 6.099999999999999645, -1.750000000000000444, 0.8199999999999999512 ) ) ;
#9544 = VERTEX_POINT ( 'NONE', #9382 ) ;
#9545 = EDGE_CURVE ( 'NONE', #12989, #6326, #10618, .T. ) ;
#9546 = MANIFOLD_SOLID_BREP ( 'Boss-Extrude2[3]', #588 ) ;
#9547 = DIRECTION ( 'NONE',  ( -1.000000000000000000, 0.000000000000000000, 0.000000000000000000 ) ) ;
#9548 = CARTESIAN_POINT ( 'NONE',  ( -5.299999999999998934, -4.150000000000000355, 0.8199999999999999512 ) ) ;
#9549 = ORIENTED_EDGE ( 'NONE', *, *, #3293, .F. ) ;
#9550 = ORIENTED_EDGE ( 'NONE', *, *, #12701, .T. ) ;
#9551 = DIRECTION ( 'NONE',  ( -1.000000000000000000, 0.000000000000000000, 0.000000000000000000 ) ) ;
#9552 = EDGE_CURVE ( 'NONE', #2799, #10520, #325, .T. ) ;
#9553 = SURFACE_STYLE_USAGE ( .BOTH. , #7728 ) ;
#9554 = ADVANCED_FACE ( 'NONE', ( #11554 ), #1126, .F. ) ;
#9555 = CARTESIAN_POINT ( 'NONE',  ( 6.099999999999999645, -2.150000000000000355, 0.8199999999999999512 ) ) ;
#9556 = ORIENTED_EDGE ( 'NONE', *, *, #10281, .F. ) ;
#9557 = DIRECTION ( 'NONE',  ( -1.000000000000000000, -0.000000000000000000, -0.000000000000000000 ) ) ;
#9558 = LINE ( 'NONE', #12858, #14 ) ;
#9559 = VECTOR ( 'NONE', #6260, 1000.000000000000000 ) ;
#9560 = DIRECTION ( 'NONE',  ( 0.000000000000000000, -0.000000000000000000, 1.000000000000000000 ) ) ;
#9561 = FILL_AREA_STYLE ('',( #7956 ) ) ;
#9562 = EDGE_CURVE ( 'NONE', #8754, #12664, #1331, .T. ) ;
#9563 = ORIENTED_EDGE ( 'NONE', *, *, #4858, .T. ) ;
#9564 = PLANE ( 'NONE',  #5439 ) ;
#9565 = DIRECTION ( 'NONE',  ( -1.626303258728256651E-16, 1.000000000000000000, 0.000000000000000000 ) ) ;
#9566 = ORIENTED_EDGE ( 'NONE', *, *, #4658, .F. ) ;
#9567 = EDGE_LOOP ( 'NONE', ( #1505, #9539, #10565, #2474 ) ) ;
#9568 = LINE ( 'NONE', #6537, #9037 ) ;
#9569 = STYLED_ITEM ( 'NONE', ( #3423 ), #8603 ) ;
#9570 = VECTOR ( 'NONE', #7535, 1000.000000000000000 ) ;
#9571 =( NAMED_UNIT ( * ) PLANE_ANGLE_UNIT ( ) SI_UNIT ( $, .RADIAN. ) );
#9572 = PRESENTATION_STYLE_ASSIGNMENT (( #11737 ) ) ;
#9573 = CARTESIAN_POINT ( 'NONE',  ( -5.299999999999998934, -3.250000000000000444, 0.8199999999999999512 ) ) ;
#9574 = CARTESIAN_POINT ( 'NONE',  ( 5.299999999999998934, -5.250000000000000000, 0.000000000000000000 ) ) ;
#9575 =( NAMED_UNIT ( * ) PLANE_ANGLE_UNIT ( ) SI_UNIT ( $, .RADIAN. ) );
#9576 = STYLED_ITEM ( 'NONE', ( #803 ), #40 ) ;
#9577 = LINE ( 'NONE', #12812, #12713 ) ;
#9578 =( NAMED_UNIT ( * ) PLANE_ANGLE_UNIT ( ) SI_UNIT ( $, .RADIAN. ) );
#9579 =( NAMED_UNIT ( * ) PLANE_ANGLE_UNIT ( ) SI_UNIT ( $, .RADIAN. ) );
#9580 = EDGE_CURVE ( 'NONE', #5588, #8649, #8505, .T. ) ;
#9581 = MANIFOLD_SOLID_BREP ( 'Boss-Extrude2[4]', #2309 ) ;
#9582 = VECTOR ( 'NONE', #12616, 1000.000000000000000 ) ;
#9583 = ORIENTED_EDGE ( 'NONE', *, *, #1181, .F. ) ;
#9584 = CARTESIAN_POINT ( 'NONE',  ( -5.299999999999998934, -3.250000000000000444, 0.8199999999999999512 ) ) ;
#9585 = EDGE_CURVE ( 'NONE', #10456, #4476, #8695, .T. ) ;
#9586 = SURFACE_STYLE_USAGE ( .BOTH. , #2471 ) ;
#9587 = DIRECTION ( 'NONE',  ( -0.000000000000000000, -0.000000000000000000, 1.000000000000000000 ) ) ;
#9588 = LINE ( 'NONE', #383, #6019 ) ;
#9589 = VECTOR ( 'NONE', #11868, 1000.000000000000000 ) ;
#9590 = VECTOR ( 'NONE', #12167, 1000.000000000000000 ) ;
#9591 = COLOUR_RGB ( '',0.9411764705882352811, 0.6274509803921568540, 0.05490196078431372473 ) ;
#9592 = VERTEX_POINT ( 'NONE', #11746 ) ;
#9593 = CARTESIAN_POINT ( 'NONE',  ( -6.099999999999999645, 6.150000000000000355, 0.000000000000000000 ) ) ;
#9594 = LINE ( 'NONE', #5617, #5105 ) ;
#9595 = FACE_OUTER_BOUND ( 'NONE', #3200, .T. ) ;
#9596 = ORIENTED_EDGE ( 'NONE', *, *, #7399, .F. ) ;
#9597 = EDGE_CURVE ( 'NONE', #10658, #12931, #12818, .T. ) ;
#9598 =( NAMED_UNIT ( * ) SI_UNIT ( $, .STERADIAN. ) SOLID_ANGLE_UNIT ( ) );
#9599 =( LENGTH_UNIT ( ) NAMED_UNIT ( * ) SI_UNIT ( .MILLI., .METRE. ) );
#9600 = EDGE_LOOP ( 'NONE', ( #6702, #9070, #10994, #10895 ) ) ;
#9601 = PRESENTATION_STYLE_ASSIGNMENT (( #7389 ) ) ;
#9602 = DIRECTION ( 'NONE',  ( 0.000000000000000000, 0.000000000000000000, -1.000000000000000000 ) ) ;
#9603 = CARTESIAN_POINT ( 'NONE',  ( -4.500000000000000888, 6.500000000000000000, 0.8199999999999999512 ) ) ;
#9604 = ORIENTED_EDGE ( 'NONE', *, *, #4031, .T. ) ;
#9605 =( GEOMETRIC_REPRESENTATION_CONTEXT ( 3 ) GLOBAL_UNCERTAINTY_ASSIGNED_CONTEXT ( ( #11386 ) ) GLOBAL_UNIT_ASSIGNED_CONTEXT ( ( #4429, #11711, #6652 ) ) REPRESENTATION_CONTEXT ( 'NONE', 'WORKASPACE' ) );
#9606 = DIRECTION ( 'NONE',  ( 1.000000000000000000, 0.000000000000000000, 0.000000000000000000 ) ) ;
#9607 = UNCERTAINTY_MEASURE_WITH_UNIT (LENGTH_MEASURE( 1.000000000000000082E-05 ), #2320, 'distance_accuracy_value', 'NONE');
#9608 = CARTESIAN_POINT ( 'NONE',  ( 6.099999999999999645, -6.750000000000000000, 0.8199999999999999512 ) ) ;
#9609 = PLANE ( 'NONE',  #11569 ) ;
#9610 = COLOUR_RGB ( '',0.7921568627450980005, 0.8196078431372548767, 0.9333333333333333481 ) ;
#9611 = VECTOR ( 'NONE', #5432, 1000.000000000000000 ) ;
#9612 = VECTOR ( 'NONE', #4681, 1000.000000000000000 ) ;
#9613 = ORIENTED_EDGE ( 'NONE', *, *, #11942, .F. ) ;
#9614 = ADVANCED_FACE ( 'NONE', ( #726 ), #3544, .T. ) ;
#9615 = SURFACE_STYLE_USAGE ( .BOTH. , #10440 ) ;
#9616 = PRESENTATION_STYLE_ASSIGNMENT (( #4557 ) ) ;
#9617 = ORIENTED_EDGE ( 'NONE', *, *, #12321, .T. ) ;
#9618 = LINE ( 'NONE', #8473, #11658 ) ;
#9619 = CARTESIAN_POINT ( 'NONE',  ( 6.099999999999999645, -5.250000000000000000, 0.8199999999999999512 ) ) ;
#9620 =( LENGTH_UNIT ( ) NAMED_UNIT ( * ) SI_UNIT ( .MILLI., .METRE. ) );
#9621 = EDGE_CURVE ( 'NONE', #9839, #10431, #7689, .T. ) ;
#9622 = LINE ( 'NONE', #419, #3111 ) ;
#9623 = COLOUR_RGB ( '',0.9411764705882352811, 0.6274509803921568540, 0.05490196078431372473 ) ;
#9624 = AXIS2_PLACEMENT_3D ( 'NONE', #9463, #7442, #5547 ) ;
#9625 = CARTESIAN_POINT ( 'NONE',  ( 6.099999999999999645, 2.349999999999999645, 0.8199999999999999512 ) ) ;
#9626 = MECHANICAL_DESIGN_GEOMETRIC_PRESENTATION_REPRESENTATION (  '', ( #13281 ), #2555 ) ;
#9627 = COLOUR_RGB ( '',0.9411764705882352811, 0.6274509803921568540, 0.05490196078431372473 ) ;
#9628 = UNCERTAINTY_MEASURE_WITH_UNIT (LENGTH_MEASURE( 1.000000000000000082E-05 ), #7150, 'distance_accuracy_value', 'NONE');
#9629 = MANIFOLD_SOLID_BREP ( 'Boss-Extrude2[24]', #1871 ) ;
#9630 = LINE ( 'NONE', #4436, #3268 ) ;
#9631 = ORIENTED_EDGE ( 'NONE', *, *, #6634, .T. ) ;
#9632 = SURFACE_STYLE_FILL_AREA ( #6254 ) ;
#9633 = LINE ( 'NONE', #429, #5558 ) ;
#9634 = EDGE_CURVE ( 'NONE', #9592, #10468, #8449, .T. ) ;
#9635 = CARTESIAN_POINT ( 'NONE',  ( -6.099999999999999645, 7.450000000000000178, 0.000000000000000000 ) ) ;
#9637 = PRESENTATION_LAYER_ASSIGNMENT (  '', '', ( #5540 ) ) ;
#9636 = CARTESIAN_POINT ( 'NONE',  ( 5.299999999999998934, -5.450000000000001066, 0.8199999999999999512 ) ) ;
#9638 = PLANE ( 'NONE',  #3140 ) ;
#9639 = EDGE_LOOP ( 'NONE', ( #9131, #9282, #1989, #4900, #6241, #5394, #887 ) ) ;
#9640 =( NAMED_UNIT ( * ) SI_UNIT ( $, .STERADIAN. ) SOLID_ANGLE_UNIT ( ) );
#9641 = STYLED_ITEM ( 'NONE', ( #4805 ), #10574 ) ;
#9642 = FACE_OUTER_BOUND ( 'NONE', #11219, .T. ) ;
#9643 = ORIENTED_EDGE ( 'NONE', *, *, #6686, .T. ) ;
#9644 = CARTESIAN_POINT ( 'NONE',  ( 6.099999999999999645, 6.349999999999999645, 0.8199999999999999512 ) ) ;
#9645 = AXIS2_PLACEMENT_3D ( 'NONE', #7736, #11668, #12799 ) ;
#9646 = EDGE_CURVE ( 'NONE', #9959, #717, #5035, .T. ) ;
#9647 = VECTOR ( 'NONE', #2053, 1000.000000000000000 ) ;
#9648 = LINE ( 'NONE', #2593, #11001 ) ;
#9649 = SURFACE_STYLE_FILL_AREA ( #5529 ) ;
#9650 =( GEOMETRIC_REPRESENTATION_CONTEXT ( 3 ) GLOBAL_UNCERTAINTY_ASSIGNED_CONTEXT ( ( #7768 ) ) GLOBAL_UNIT_ASSIGNED_CONTEXT ( ( #1718, #1028, #12189 ) ) REPRESENTATION_CONTEXT ( 'NONE', 'WORKASPACE' ) );
#9651 = SURFACE_SIDE_STYLE ('',( #5411 ) ) ;
#9652 = LINE ( 'NONE', #1513, #10297 ) ;
#9653 = LINE ( 'NONE', #6681, #3635 ) ;
#9654 = ORIENTED_EDGE ( 'NONE', *, *, #8880, .F. ) ;
#9655 =( LENGTH_UNIT ( ) NAMED_UNIT ( * ) SI_UNIT ( .MILLI., .METRE. ) );
#9656 = ORIENTED_EDGE ( 'NONE', *, *, #9580, .T. ) ;
#9657 = AXIS2_PLACEMENT_3D ( 'NONE', #3049, #9349, #7252 ) ;
#9658 = VECTOR ( 'NONE', #2583, 1000.000000000000000 ) ;
#9659 = SURFACE_STYLE_USAGE ( .BOTH. , #10674 ) ;
#9660 = FACE_OUTER_BOUND ( 'NONE', #835, .T. ) ;
#9661 = VECTOR ( 'NONE', #12192, 1000.000000000000000 ) ;
#9662 = DIRECTION ( 'NONE',  ( 0.000000000000000000, 0.000000000000000000, -1.000000000000000000 ) ) ;
#9664 = MECHANICAL_DESIGN_GEOMETRIC_PRESENTATION_REPRESENTATION (  '', ( #7930 ), #4250 ) ;
#9663 = CARTESIAN_POINT ( 'NONE',  ( -5.299999999999998934, -7.450000000000000178, 0.8199999999999999512 ) ) ;
#9665 = EDGE_CURVE ( 'NONE', #6127, #1051, #6881, .T. ) ;
#9666 = EDGE_CURVE ( 'NONE', #5978, #1260, #12282, .T. ) ;
#9667 = UNCERTAINTY_MEASURE_WITH_UNIT (LENGTH_MEASURE( 1.000000000000000082E-05 ), #11452, 'distance_accuracy_value', 'NONE');
#9668 = ORIENTED_EDGE ( 'NONE', *, *, #2836, .F. ) ;
#9669 = SURFACE_SIDE_STYLE ('',( #1654 ) ) ;
#9670 = SURFACE_STYLE_FILL_AREA ( #10684 ) ;
#9671 = SURFACE_STYLE_USAGE ( .BOTH. , #7774 ) ;
#9672 = EDGE_LOOP ( 'NONE', ( #10304, #600, #10363, #5885 ) ) ;
#9673 = LINE ( 'NONE', #10832, #12514 ) ;
#9674 = CARTESIAN_POINT ( 'NONE',  ( -6.099999999999999645, -5.450000000000001066, 0.8199999999999999512 ) ) ;
#9675 = VERTEX_POINT ( 'NONE', #6314 ) ;
#9676 = CARTESIAN_POINT ( 'NONE',  ( -5.299999999999998934, 3.250000000000000444, 0.000000000000000000 ) ) ;
#9677 = VERTEX_POINT ( 'NONE', #10050 ) ;
#9678 = LINE ( 'NONE', #8464, #4796 ) ;
#9679 = MANIFOLD_SOLID_BREP ( 'Boss-Extrude2[8]', #11751 ) ;
#9680 = STYLED_ITEM ( 'NONE', ( #8489 ), #12658 ) ;
#9681 = EDGE_CURVE ( 'NONE', #12939, #705, #10447, .T. ) ;
#9682 = AXIS2_PLACEMENT_3D ( 'NONE', #3473, #8496, #6334 ) ;
#9683 = CARTESIAN_POINT ( 'NONE',  ( 6.099999999999999645, 0.04999999999999969746, 0.8199999999999999512 ) ) ;
#9684 = PRESENTATION_LAYER_ASSIGNMENT (  '', '', ( #6661 ) ) ;
#9685 = DIRECTION ( 'NONE',  ( -1.000000000000000000, 0.000000000000000000, -0.000000000000000000 ) ) ;
#9686 = LINE ( 'NONE', #10638, #9402 ) ;
#9687 = VERTEX_POINT ( 'NONE', #4921 ) ;
#9688 = CARTESIAN_POINT ( 'NONE',  ( 6.099999999999999645, -5.650000000000000355, 0.000000000000000000 ) ) ;
#9689 = CIRCLE ( 'NONE', #460, 0.2500000000000002220 ) ;
#9690 = VERTEX_POINT ( 'NONE', #3072 ) ;
#9691 = VECTOR ( 'NONE', #11084, 1000.000000000000000 ) ;
#9692 = CARTESIAN_POINT ( 'NONE',  ( 6.099999999999999645, -4.549999999999999822, 0.8199999999999999512 ) ) ;
#9693 = DIRECTION ( 'NONE',  ( 0.000000000000000000, 0.000000000000000000, -1.000000000000000000 ) ) ;
#9694 = SURFACE_STYLE_USAGE ( .BOTH. , #7657 ) ;
#9695 = STYLED_ITEM ( 'NONE', ( #7135 ), #3542 ) ;
#9696 = STYLED_ITEM ( 'NONE', ( #7001 ), #987 ) ;
#9697 = CARTESIAN_POINT ( 'NONE',  ( 6.099999999999999645, 5.899999999999999467, 0.8199999999999999512 ) ) ;
#9698 = EDGE_CURVE ( 'NONE', #10493, #9509, #8022, .T. ) ;
#9699 = AXIS2_PLACEMENT_3D ( 'NONE', #619, #1686, #4695 ) ;
#9700 = VECTOR ( 'NONE', #11601, 1000.000000000000000 ) ;
#9701 = ADVANCED_FACE ( 'NONE', ( #5936 ), #3936, .T. ) ;
#9702 = PRESENTATION_LAYER_ASSIGNMENT (  '', '', ( #261 ) ) ;
#9703 = DIRECTION ( 'NONE',  ( -1.000000000000000000, 0.000000000000000000, 0.000000000000000000 ) ) ;
#9704 = EDGE_LOOP ( 'NONE', ( #6708, #8887, #7938, #11244 ) ) ;
#9705 = COLOUR_RGB ( '',0.9411764705882352811, 0.6274509803921568540, 0.05490196078431372473 ) ;
#9706 = DIRECTION ( 'NONE',  ( -1.000000000000000000, 0.000000000000000000, -0.000000000000000000 ) ) ;
#9707 = PRESENTATION_LAYER_ASSIGNMENT (  '', '', ( #11643 ) ) ;
#9708 = LINE ( 'NONE', #1373, #13098 ) ;
#9709 = PRESENTATION_STYLE_ASSIGNMENT (( #5580 ) ) ;
#9710 = DIRECTION ( 'NONE',  ( -0.000000000000000000, 1.000000000000000000, -0.000000000000000000 ) ) ;
#9711 = CARTESIAN_POINT ( 'NONE',  ( -6.099999999999999645, 4.349999999999999645, 0.8199999999999999512 ) ) ;
#9712 = ORIENTED_EDGE ( 'NONE', *, *, #7548, .F. ) ;
#9713 = AXIS2_PLACEMENT_3D ( 'NONE', #9284, #10234, #7116 ) ;
#9714 = COLOUR_RGB ( '',0.9411764705882352811, 0.6274509803921568540, 0.05490196078431372473 ) ;
#9715 = DIRECTION ( 'NONE',  ( 0.000000000000000000, 0.000000000000000000, 1.000000000000000000 ) ) ;
#9716 = ORIENTED_EDGE ( 'NONE', *, *, #9301, .T. ) ;
#9717 = ORIENTED_EDGE ( 'NONE', *, *, #1206, .F. ) ;
#9718 =( GEOMETRIC_REPRESENTATION_CONTEXT ( 3 ) GLOBAL_UNCERTAINTY_ASSIGNED_CONTEXT ( ( #13269 ) ) GLOBAL_UNIT_ASSIGNED_CONTEXT ( ( #11851, #10015, #4612 ) ) REPRESENTATION_CONTEXT ( 'NONE', 'WORKASPACE' ) );
#9719 = EDGE_CURVE ( 'NONE', #2132, #2862, #8537, .T. ) ;
#9720 = STYLED_ITEM ( 'NONE', ( #9601 ), #5040 ) ;
#9721 = FILL_AREA_STYLE ('',( #3399 ) ) ;
#9722 = CARTESIAN_POINT ( 'NONE',  ( 5.299999999999998934, -4.350000000000000533, 0.8199999999999999512 ) ) ;
#9723 =( NAMED_UNIT ( * ) SI_UNIT ( $, .STERADIAN. ) SOLID_ANGLE_UNIT ( ) );
#9724 = DIRECTION ( 'NONE',  ( -1.000000000000000000, 0.000000000000000000, 0.000000000000000000 ) ) ;
#9725 = CARTESIAN_POINT ( 'NONE',  ( -6.099999999999999645, 5.249999999999999112, 0.000000000000000000 ) ) ;
#9726 = SURFACE_STYLE_FILL_AREA ( #2726 ) ;
#9727 = EDGE_LOOP ( 'NONE', ( #11649, #72, #3109, #5804 ) ) ;
#9728 =( NAMED_UNIT ( * ) PLANE_ANGLE_UNIT ( ) SI_UNIT ( $, .RADIAN. ) );
#9729 = CARTESIAN_POINT ( 'NONE',  ( 6.099999999999999645, 3.250000000000000444, 0.8199999999999999512 ) ) ;
#9730 = STYLED_ITEM ( 'NONE', ( #11253 ), #9208 ) ;
#9731 = MANIFOLD_SOLID_BREP ( 'Boss-Extrude2[16]', #8930 ) ;
#9732 = FILL_AREA_STYLE ('',( #7498 ) ) ;
#9733 = EDGE_LOOP ( 'NONE', ( #8097, #5146, #4111, #10289 ) ) ;
#9734 = FILL_AREA_STYLE ('',( #4653 ) ) ;
#9735 = DIRECTION ( 'NONE',  ( 0.000000000000000000, 0.000000000000000000, -1.000000000000000000 ) ) ;
#9736 = PLANE ( 'NONE',  #1733 ) ;
#9737 = ADVANCED_FACE ( 'NONE', ( #11524 ), #7658, .T. ) ;
#9738 = ORIENTED_EDGE ( 'NONE', *, *, #11941, .T. ) ;
#9739 = SURFACE_STYLE_USAGE ( .BOTH. , #2544 ) ;
#9740 = CARTESIAN_POINT ( 'NONE',  ( -6.099999999999999645, -4.150000000000000355, 0.8199999999999999512 ) ) ;
#9741 = COLOUR_RGB ( '',0.7921568627450980005, 0.8196078431372548767, 0.9333333333333333481 ) ;
#9742 = ORIENTED_EDGE ( 'NONE', *, *, #3503, .F. ) ;
#9743 = CARTESIAN_POINT ( 'NONE',  ( -6.099999999999999645, 7.450000000000000178, 0.8199999999999999512 ) ) ;
#9744 = EDGE_LOOP ( 'NONE', ( #2409, #3388, #3036, #7790 ) ) ;
#9745 = SURFACE_STYLE_USAGE ( .BOTH. , #3430 ) ;
#9746 = SURFACE_STYLE_USAGE ( .BOTH. , #1601 ) ;
#9748 = EDGE_CURVE ( 'NONE', #10783, #10453, #7538, .T. ) ;
#9747 = ORIENTED_EDGE ( 'NONE', *, *, #7597, .F. ) ;
#9749 = AXIS2_PLACEMENT_3D ( 'NONE', #6948, #982, #1853 ) ;
#9750 = AXIS2_PLACEMENT_3D ( 'NONE', #3588, #238, #7671 ) ;
#9751 = UNCERTAINTY_MEASURE_WITH_UNIT (LENGTH_MEASURE( 1.000000000000000082E-05 ), #3524, 'distance_accuracy_value', 'NONE');
#9752 = COLOUR_RGB ( '',0.9411764705882352811, 0.6274509803921568540, 0.05490196078431372473 ) ;
#9753 = PRESENTATION_STYLE_ASSIGNMENT (( #2490 ) ) ;
#9754 = CARTESIAN_POINT ( 'NONE',  ( -5.299999999999998934, 4.349999999999999645, 0.000000000000000000 ) ) ;
#9755 = ORIENTED_EDGE ( 'NONE', *, *, #4924, .F. ) ;
#9756 =( NAMED_UNIT ( * ) SI_UNIT ( $, .STERADIAN. ) SOLID_ANGLE_UNIT ( ) );
#9757 = SURFACE_STYLE_FILL_AREA ( #4370 ) ;
#9758 = ORIENTED_EDGE ( 'NONE', *, *, #2721, .F. ) ;
#9759 = DIRECTION ( 'NONE',  ( 0.000000000000000000, 0.000000000000000000, 1.000000000000000000 ) ) ;
#9760 = FILL_AREA_STYLE ('',( #11781 ) ) ;
#9761 = CARTESIAN_POINT ( 'NONE',  ( 5.299999999999998934, -1.050000000000000266, 0.000000000000000000 ) ) ;
#9762 = LINE ( 'NONE', #7796, #4455 ) ;
#9763 = EDGE_CURVE ( 'NONE', #10396, #2174, #9622, .T. ) ;
#9764 = FACE_OUTER_BOUND ( 'NONE', #1199, .T. ) ;
#9765 = CARTESIAN_POINT ( 'NONE',  ( -6.099999999999999645, -6.150000000000001243, 0.8199999999999999512 ) ) ;
#9766 = DIRECTION ( 'NONE',  ( 0.000000000000000000, -0.000000000000000000, 1.000000000000000000 ) ) ;
#9767 = UNCERTAINTY_MEASURE_WITH_UNIT (LENGTH_MEASURE( 1.000000000000000082E-05 ), #4552, 'distance_accuracy_value', 'NONE');
#9768 = LINE ( 'NONE', #5388, #9476 ) ;
#9769 = ORIENTED_EDGE ( 'NONE', *, *, #709, .F. ) ;
#9770 = DIRECTION ( 'NONE',  ( 0.000000000000000000, 0.000000000000000000, -1.000000000000000000 ) ) ;
#9771 = PRESENTATION_STYLE_ASSIGNMENT (( #6667 ) ) ;
#9772 = VERTEX_POINT ( 'NONE', #495 ) ;
#9773 = CARTESIAN_POINT ( 'NONE',  ( 6.099999999999999645, -6.350000000000000533, 0.000000000000000000 ) ) ;
#9774 = CARTESIAN_POINT ( 'NONE',  ( 6.099999999999999645, -5.050000000000000711, 0.000000000000000000 ) ) ;
#9775 = FACE_OUTER_BOUND ( 'NONE', #2209, .T. ) ;
#9776 = EDGE_CURVE ( 'NONE', #8666, #8080, #8601, .T. ) ;
#9777 = ORIENTED_EDGE ( 'NONE', *, *, #3122, .F. ) ;
#9778 = FACE_OUTER_BOUND ( 'NONE', #10325, .T. ) ;
#9779 = ORIENTED_EDGE ( 'NONE', *, *, #1118, .T. ) ;
#9780 = CYLINDRICAL_SURFACE ( 'NONE', #12915, 0.2500000000000002220 ) ;
#9781 =( LENGTH_UNIT ( ) NAMED_UNIT ( * ) SI_UNIT ( .MILLI., .METRE. ) );
#9782 = CARTESIAN_POINT ( 'NONE',  ( 5.299999999999998934, -7.450000000000000178, 0.000000000000000000 ) ) ;
#9783 = CARTESIAN_POINT ( 'NONE',  ( 5.849999999999999645, -5.900000000000000355, 0.8199999999999999512 ) ) ;
#9784 = VERTEX_POINT ( 'NONE', #10711 ) ;
#9785 = DIRECTION ( 'NONE',  ( -0.000000000000000000, -0.000000000000000000, -1.000000000000000000 ) ) ;
#9786 = SURFACE_SIDE_STYLE ('',( #5874 ) ) ;
#9787 = ADVANCED_FACE ( 'NONE', ( #8670 ), #13120, .F. ) ;
#9788 = FACE_OUTER_BOUND ( 'NONE', #11706, .T. ) ;
#9789 = VERTEX_POINT ( 'NONE', #4615 ) ;
#9790 = CARTESIAN_POINT ( 'NONE',  ( -6.099999999999999645, -0.1499999999999999667, 0.8199999999999999512 ) ) ;
#9791 = SURFACE_SIDE_STYLE ('',( #1585 ) ) ;
#9792 = CARTESIAN_POINT ( 'NONE',  ( -5.299999999999998934, -6.350000000000000533, 0.8199999999999999512 ) ) ;
#9793 = AXIS2_PLACEMENT_3D ( 'NONE', #3648, #3529, #5656 ) ;
#9794 = UNCERTAINTY_MEASURE_WITH_UNIT (LENGTH_MEASURE( 1.000000000000000082E-05 ), #5535, 'distance_accuracy_value', 'NONE');
#9795 = VERTEX_POINT ( 'NONE', #8927 ) ;
#9796 = SURFACE_STYLE_FILL_AREA ( #1396 ) ;
#9797 = PLANE ( 'NONE',  #11840 ) ;
#9798 = VECTOR ( 'NONE', #10012, 1000.000000000000000 ) ;
#9799 =( NAMED_UNIT ( * ) PLANE_ANGLE_UNIT ( ) SI_UNIT ( $, .RADIAN. ) );
#9800 = CARTESIAN_POINT ( 'NONE',  ( -5.299999999999998934, 5.450000000000000178, 0.8199999999999999512 ) ) ;
#9801 = AXIS2_PLACEMENT_3D ( 'NONE', #3845, #9018, #1833 ) ;
#9802 = EDGE_LOOP ( 'NONE', ( #9487, #8632, #4141, #3071 ) ) ;
#9803 = FILL_AREA_STYLE_COLOUR ( '', #11654 ) ;
#9804 = FILL_AREA_STYLE_COLOUR ( '', #6433 ) ;
#9805 = EDGE_LOOP ( 'NONE', ( #2147, #5425, #9835, #10200 ) ) ;
#9806 = EDGE_CURVE ( 'NONE', #5706, #11553, #8728, .T. ) ;
#9807 = SURFACE_SIDE_STYLE ('',( #6768 ) ) ;
#9808 = PLANE ( 'NONE',  #12963 ) ;
#9809 = PRESENTATION_STYLE_ASSIGNMENT (( #8712 ) ) ;
#9810 =( NAMED_UNIT ( * ) SI_UNIT ( $, .STERADIAN. ) SOLID_ANGLE_UNIT ( ) );
#9811 = ORIENTED_EDGE ( 'NONE', *, *, #3941, .T. ) ;
#9812 = STYLED_ITEM ( 'NONE', ( #7228 ), #593 ) ;
#9813 = CARTESIAN_POINT ( 'NONE',  ( 4.499999999999999112, 6.500000000000000000, 0.8199999999999999512 ) ) ;
#9814 = SURFACE_SIDE_STYLE ('',( #5693 ) ) ;
#9815 = EDGE_CURVE ( 'NONE', #2658, #2441, #4885, .T. ) ;
#9816 = SURFACE_STYLE_USAGE ( .BOTH. , #2758 ) ;
#9817 = FILL_AREA_STYLE ('',( #10842 ) ) ;
#9818 = ORIENTED_EDGE ( 'NONE', *, *, #12944, .T. ) ;
#9819 = SURFACE_STYLE_FILL_AREA ( #12785 ) ;
#9820 = EDGE_LOOP ( 'NONE', ( #10286, #113, #6204, #11315, #2168, #10761, #8242 ) ) ;
#9821 = MECHANICAL_DESIGN_GEOMETRIC_PRESENTATION_REPRESENTATION (  '', ( #4637 ), #10697 ) ;
#9822 =( LENGTH_UNIT ( ) NAMED_UNIT ( * ) SI_UNIT ( .MILLI., .METRE. ) );
#9823 = DIRECTION ( 'NONE',  ( 1.000000000000000000, 0.000000000000000000, 0.000000000000000000 ) ) ;
#9824 = SURFACE_STYLE_USAGE ( .BOTH. , #11717 ) ;
#9825 = CARTESIAN_POINT ( 'NONE',  ( 6.099999999999999645, -7.250000000000000000, 0.8199999999999999512 ) ) ;
#9826 = CIRCLE ( 'NONE', #12193, 0.2500000000000002220 ) ;
#9827 = VECTOR ( 'NONE', #2284, 1000.000000000000000 ) ;
#9828 = COLOUR_RGB ( '',0.9411764705882352811, 0.6274509803921568540, 0.05490196078431372473 ) ;
#9829 = CARTESIAN_POINT ( 'NONE',  ( -4.499999999999998224, -6.500000000000000000, 1.900000000000000133 ) ) ;
#9830 = EDGE_CURVE ( 'NONE', #11453, #6479, #1618, .T. ) ;
#9831 = SURFACE_STYLE_USAGE ( .BOTH. , #5710 ) ;
#9832 = VERTEX_POINT ( 'NONE', #8796 ) ;
#9833 = CARTESIAN_POINT ( 'NONE',  ( -6.099999999999999645, 4.349999999999999645, 0.8199999999999999512 ) ) ;
#9834 = FACE_OUTER_BOUND ( 'NONE', #6498, .T. ) ;
#9835 = ORIENTED_EDGE ( 'NONE', *, *, #7114, .T. ) ;
#9836 = DIRECTION ( 'NONE',  ( 1.000000000000000000, 0.000000000000000000, 0.000000000000000000 ) ) ;
#9837 = LINE ( 'NONE', #7741, #10898 ) ;
#9838 = CARTESIAN_POINT ( 'NONE',  ( -5.299999999999998934, 0.04999999999999969746, 0.8199999999999999512 ) ) ;
#9839 = VERTEX_POINT ( 'NONE', #9002 ) ;
#9840 =( GEOMETRIC_REPRESENTATION_CONTEXT ( 3 ) GLOBAL_UNCERTAINTY_ASSIGNED_CONTEXT ( ( #213 ) ) GLOBAL_UNIT_ASSIGNED_CONTEXT ( ( #11099, #10079, #12162 ) ) REPRESENTATION_CONTEXT ( 'NONE', 'WORKASPACE' ) );
#9841 = AXIS2_PLACEMENT_3D ( 'NONE', #7527, #11646, #2440 ) ;
#9842 = EDGE_CURVE ( 'NONE', #3164, #1175, #3908, .T. ) ;
#9843 = SURFACE_STYLE_FILL_AREA ( #5723 ) ;
#9844 = VECTOR ( 'NONE', #5092, 1000.000000000000000 ) ;
#9845 = FACE_OUTER_BOUND ( 'NONE', #10801, .T. ) ;
#9846 = DIRECTION ( 'NONE',  ( -1.000000000000000000, 0.000000000000000000, 0.000000000000000000 ) ) ;
#9847 = DIRECTION ( 'NONE',  ( 0.000000000000000000, 0.000000000000000000, -1.000000000000000000 ) ) ;
#9848 = CARTESIAN_POINT ( 'NONE',  ( 5.299999999999998934, 0.04999999999999969746, 0.8199999999999999512 ) ) ;
#9849 = ORIENTED_EDGE ( 'NONE', *, *, #12173, .F. ) ;
#9850 = AXIS2_PLACEMENT_3D ( 'NONE', #11939, #1521, #5609 ) ;
#9851 = SURFACE_SIDE_STYLE ('',( #652 ) ) ;
#9852 =( LENGTH_UNIT ( ) NAMED_UNIT ( * ) SI_UNIT ( .MILLI., .METRE. ) );
#9853 = LINE ( 'NONE', #11812, #1239 ) ;
#9854 = PLANE ( 'NONE',  #6845 ) ;
#9855 = ORIENTED_EDGE ( 'NONE', *, *, #5594, .F. ) ;
#9856 =( NAMED_UNIT ( * ) PLANE_ANGLE_UNIT ( ) SI_UNIT ( $, .RADIAN. ) );
#9857 = DIRECTION ( 'NONE',  ( 0.000000000000000000, -1.000000000000000000, 0.000000000000000000 ) ) ;
#9858 = MECHANICAL_DESIGN_GEOMETRIC_PRESENTATION_REPRESENTATION (  '', ( #4712 ), #3654 ) ;
#9859 = AXIS2_PLACEMENT_3D ( 'NONE', #4453, #112, #3405 ) ;
#9860 = VECTOR ( 'NONE', #5847, 1000.000000000000000 ) ;
#9861 = COLOUR_RGB ( '',0.9411764705882352811, 0.6274509803921568540, 0.05490196078431372473 ) ;
#9862 = EDGE_CURVE ( 'NONE', #1232, #9381, #3700, .T. ) ;
#9863 = VERTEX_POINT ( 'NONE', #11911 ) ;
#9864 = FACE_OUTER_BOUND ( 'NONE', #6874, .T. ) ;
#9865 = CARTESIAN_POINT ( 'NONE',  ( 6.099999999999999645, 0.04999999999999969746, 0.8199999999999999512 ) ) ;
#9866 = DIRECTION ( 'NONE',  ( -0.000000000000000000, -0.000000000000000000, 1.000000000000000000 ) ) ;
#9867 = COLOUR_RGB ( '',0.9411764705882352811, 0.6274509803921568540, 0.05490196078431372473 ) ;
#9868 = VECTOR ( 'NONE', #3643, 1000.000000000000000 ) ;
#9869 = ORIENTED_EDGE ( 'NONE', *, *, #6995, .T. ) ;
#9870 = LINE ( 'NONE', #12970, #9038 ) ;
#9871 = ORIENTED_EDGE ( 'NONE', *, *, #911, .T. ) ;
#9872 = VECTOR ( 'NONE', #10250, 1000.000000000000000 ) ;
#9873 = MECHANICAL_DESIGN_GEOMETRIC_PRESENTATION_REPRESENTATION (  '', ( #5 ), #11178 ) ;
#9874 = SURFACE_SIDE_STYLE ('',( #4479 ) ) ;
#9875 = ORIENTED_EDGE ( 'NONE', *, *, #370, .F. ) ;
#9876 = FILL_AREA_STYLE_COLOUR ( '', #6523 ) ;
#9877 = STYLED_ITEM ( 'NONE', ( #218 ), #2248 ) ;
#9878 = VECTOR ( 'NONE', #8613, 1000.000000000000000 ) ;
#9879 = EDGE_CURVE ( 'NONE', #1728, #1087, #12849, .T. ) ;
#9880 = VECTOR ( 'NONE', #6212, 1000.000000000000000 ) ;
#9881 = SURFACE_STYLE_USAGE ( .BOTH. , #9814 ) ;
#9882 = UNCERTAINTY_MEASURE_WITH_UNIT (LENGTH_MEASURE( 1.000000000000000082E-05 ), #11673, 'distance_accuracy_value', 'NONE');
#9883 = PRESENTATION_STYLE_ASSIGNMENT (( #9816 ) ) ;
#9884 = ORIENTED_EDGE ( 'NONE', *, *, #8403, .F. ) ;
#9885 = SURFACE_STYLE_USAGE ( .BOTH. , #1549 ) ;
#9886 = DIRECTION ( 'NONE',  ( 1.626303258728256651E-16, -1.000000000000000000, 0.000000000000000000 ) ) ;
#9887 = VERTEX_POINT ( 'NONE', #8002 ) ;
#9888 = LINE ( 'NONE', #1484, #11871 ) ;
#9889 =( GEOMETRIC_REPRESENTATION_CONTEXT ( 3 ) GLOBAL_UNCERTAINTY_ASSIGNED_CONTEXT ( ( #6791 ) ) GLOBAL_UNIT_ASSIGNED_CONTEXT ( ( #5333, #7681, #1448 ) ) REPRESENTATION_CONTEXT ( 'NONE', 'WORKASPACE' ) );
#9890 = DIRECTION ( 'NONE',  ( -1.000000000000000000, -0.000000000000000000, -0.000000000000000000 ) ) ;
#9891 = CARTESIAN_POINT ( 'NONE',  ( 6.099999999999999645, -7.000000000000000000, 0.8199999999999999512 ) ) ;
#9892 = MECHANICAL_DESIGN_GEOMETRIC_PRESENTATION_REPRESENTATION (  '', ( #3666 ), #3033 ) ;
#9893 = SURFACE_STYLE_USAGE ( .BOTH. , #5775 ) ;
#9894 = DIRECTION ( 'NONE',  ( -0.000000000000000000, 0.000000000000000000, 1.000000000000000000 ) ) ;
#9895 = AXIS2_PLACEMENT_3D ( 'NONE', #11735, #11611, #5593 ) ;
#9896 = CARTESIAN_POINT ( 'NONE',  ( 5.849999999999999645, -4.800000000000000711, 0.000000000000000000 ) ) ;
#9897 = UNCERTAINTY_MEASURE_WITH_UNIT (LENGTH_MEASURE( 1.000000000000000082E-05 ), #5543, 'distance_accuracy_value', 'NONE');
#9898 = ADVANCED_FACE ( 'NONE', ( #9764 ), #12108, .T. ) ;
#9899 = PRESENTATION_LAYER_ASSIGNMENT (  '', '', ( #7097 ) ) ;
#9900 = CARTESIAN_POINT ( 'NONE',  ( 6.099999999999999645, 6.750000000000000000, 0.000000000000000000 ) ) ;
#9901 = VERTEX_POINT ( 'NONE', #12320 ) ;
#9902 = FACE_OUTER_BOUND ( 'NONE', #7453, .T. ) ;
#9903 = CARTESIAN_POINT ( 'NONE',  ( -6.099999999999999645, -5.450000000000001066, 0.8199999999999999512 ) ) ;
#9904 = ORIENTED_EDGE ( 'NONE', *, *, #1745, .T. ) ;
#9905 = AXIS2_PLACEMENT_3D ( 'NONE', #923, #3126, #1102 ) ;
#9906 =( NAMED_UNIT ( * ) PLANE_ANGLE_UNIT ( ) SI_UNIT ( $, .RADIAN. ) );
#9907 = CARTESIAN_POINT ( 'NONE',  ( -4.500000000000000888, 6.500000000000000000, 0.8199999999999999512 ) ) ;
#9908 = CIRCLE ( 'NONE', #11632, 0.2500000000000002220 ) ;
#9909 = DIRECTION ( 'NONE',  ( 0.000000000000000000, 1.000000000000000000, -0.000000000000000000 ) ) ;
#9910 = ORIENTED_EDGE ( 'NONE', *, *, #2539, .F. ) ;
#9911 =( NAMED_UNIT ( * ) SI_UNIT ( $, .STERADIAN. ) SOLID_ANGLE_UNIT ( ) );
#9912 = DIRECTION ( 'NONE',  ( 0.000000000000000000, -1.000000000000000000, 0.000000000000000000 ) ) ;
#9913 = EDGE_CURVE ( 'NONE', #7762, #1802, #7385, .T. ) ;
#9914 = PRESENTATION_LAYER_ASSIGNMENT (  '', '', ( #6464 ) ) ;
#9915 = VECTOR ( 'NONE', #5080, 1000.000000000000000 ) ;
#9916 = COLOUR_RGB ( '',0.9411764705882352811, 0.6274509803921568540, 0.05490196078431372473 ) ;
#9917 = UNCERTAINTY_MEASURE_WITH_UNIT (LENGTH_MEASURE( 1.000000000000000082E-05 ), #4628, 'distance_accuracy_value', 'NONE');
#9918 = DIRECTION ( 'NONE',  ( -0.000000000000000000, -0.000000000000000000, 1.000000000000000000 ) ) ;
#9919 = DIRECTION ( 'NONE',  ( 0.000000000000000000, 1.000000000000000000, 0.000000000000000000 ) ) ;
#9920 = VERTEX_POINT ( 'NONE', #12383 ) ;
#9921 = PLANE ( 'NONE',  #3890 ) ;
#9922 = DIRECTION ( 'NONE',  ( -0.000000000000000000, 1.000000000000000000, -0.000000000000000000 ) ) ;
#9923 =( GEOMETRIC_REPRESENTATION_CONTEXT ( 3 ) GLOBAL_UNCERTAINTY_ASSIGNED_CONTEXT ( ( #9607 ) ) GLOBAL_UNIT_ASSIGNED_CONTEXT ( ( #2320, #304, #5461 ) ) REPRESENTATION_CONTEXT ( 'NONE', 'WORKASPACE' ) );
#9924 = VERTEX_POINT ( 'NONE', #4103 ) ;
#9925 = FILL_AREA_STYLE_COLOUR ( '', #10128 ) ;
#9926 = PLANE ( 'NONE',  #8083 ) ;
#9927 = LINE ( 'NONE', #11877, #7695 ) ;
#9928 = ORIENTED_EDGE ( 'NONE', *, *, #2738, .T. ) ;
#9929 = STYLED_ITEM ( 'NONE', ( #12146 ), #3984 ) ;
#9930 = LINE ( 'NONE', #11077, #8764 ) ;
#9931 = ADVANCED_FACE ( 'NONE', ( #2159 ), #4965, .T. ) ;
#9932 = AXIS2_PLACEMENT_3D ( 'NONE', #4234, #966, #1157 ) ;
#9933 = DIRECTION ( 'NONE',  ( 0.000000000000000000, 0.000000000000000000, -1.000000000000000000 ) ) ;
#9934 = CARTESIAN_POINT ( 'NONE',  ( -6.099999999999999645, 5.899999999999999467, 0.8199999999999999512 ) ) ;
#9935 = VECTOR ( 'NONE', #7533, 1000.000000000000000 ) ;
#9936 = UNCERTAINTY_MEASURE_WITH_UNIT (LENGTH_MEASURE( 1.000000000000000082E-05 ), #691, 'distance_accuracy_value', 'NONE');
#9937 = ORIENTED_EDGE ( 'NONE', *, *, #12701, .F. ) ;
#9938 =( NAMED_UNIT ( * ) PLANE_ANGLE_UNIT ( ) SI_UNIT ( $, .RADIAN. ) );
#9939 = MECHANICAL_DESIGN_GEOMETRIC_PRESENTATION_REPRESENTATION (  '', ( #8001 ), #8839 ) ;
#9940 = LINE ( 'NONE', #2478, #9450 ) ;
#9941 = CARTESIAN_POINT ( 'NONE',  ( 5.299999999999998934, -5.450000000000001066, 0.000000000000000000 ) ) ;
#9942 = VERTEX_POINT ( 'NONE', #13251 ) ;
#9943 = CARTESIAN_POINT ( 'NONE',  ( 6.099999999999999645, 4.800000000000000711, 0.8199999999999999512 ) ) ;
#9944 = LINE ( 'NONE', #736, #10319 ) ;
#9945 = PRESENTATION_STYLE_ASSIGNMENT (( #10962 ) ) ;
#9946 = VERTEX_POINT ( 'NONE', #1889 ) ;
#9947 = MECHANICAL_DESIGN_GEOMETRIC_PRESENTATION_REPRESENTATION (  '', ( #12734 ), #934 ) ;
#9948 = DIRECTION ( 'NONE',  ( -0.000000000000000000, 1.000000000000000000, -0.000000000000000000 ) ) ;
#9949 = SURFACE_STYLE_FILL_AREA ( #670 ) ;
#9950 = CARTESIAN_POINT ( 'NONE',  ( -5.299999999999998934, 5.249999999999999112, 0.8199999999999999512 ) ) ;
#9951 = EDGE_CURVE ( 'NONE', #8675, #8906, #7176, .T. ) ;
#9952 = PLANE ( 'NONE',  #7101 ) ;
#9953 = DIRECTION ( 'NONE',  ( -0.000000000000000000, 1.000000000000000000, -0.000000000000000000 ) ) ;
#9954 =( GEOMETRIC_REPRESENTATION_CONTEXT ( 3 ) GLOBAL_UNCERTAINTY_ASSIGNED_CONTEXT ( ( #10038 ) ) GLOBAL_UNIT_ASSIGNED_CONTEXT ( ( #8777, #2751, #11895 ) ) REPRESENTATION_CONTEXT ( 'NONE', 'WORKASPACE' ) );
#9955 = STYLED_ITEM ( 'NONE', ( #1312 ), #5178 ) ;
#9956 = CARTESIAN_POINT ( 'NONE',  ( -6.099999999999999645, -3.250000000000000444, 0.8199999999999999512 ) ) ;
#9957 = ORIENTED_EDGE ( 'NONE', *, *, #13187, .F. ) ;
#9958 = DIRECTION ( 'NONE',  ( -1.000000000000000000, -0.000000000000000000, -0.000000000000000000 ) ) ;
#9959 = VERTEX_POINT ( 'NONE', #5238 ) ;
#9960 = CARTESIAN_POINT ( 'NONE',  ( 6.099999999999999645, -0.4000000000000001887, 0.000000000000000000 ) ) ;
#9961 =( NAMED_UNIT ( * ) SI_UNIT ( $, .STERADIAN. ) SOLID_ANGLE_UNIT ( ) );
#9962 = EDGE_CURVE ( 'NONE', #365, #26, #8064, .T. ) ;
#9963 =( GEOMETRIC_REPRESENTATION_CONTEXT ( 3 ) GLOBAL_UNCERTAINTY_ASSIGNED_CONTEXT ( ( #7851 ) ) GLOBAL_UNIT_ASSIGNED_CONTEXT ( ( #1385, #1179, #2404 ) ) REPRESENTATION_CONTEXT ( 'NONE', 'WORKASPACE' ) );
#9964 = EDGE_LOOP ( 'NONE', ( #5866, #2954, #2786, #3611 ) ) ;
#9965 =( LENGTH_UNIT ( ) NAMED_UNIT ( * ) SI_UNIT ( .MILLI., .METRE. ) );
#9966 = VECTOR ( 'NONE', #7798, 1000.000000000000000 ) ;
#9967 = CARTESIAN_POINT ( 'NONE',  ( 5.299999999999998934, 2.149999999999999911, 0.000000000000000000 ) ) ;
#9968 = PLANE ( 'NONE',  #11223 ) ;
#9969 = ORIENTED_EDGE ( 'NONE', *, *, #6261, .T. ) ;
#9970 =( NAMED_UNIT ( * ) SI_UNIT ( $, .STERADIAN. ) SOLID_ANGLE_UNIT ( ) );
#9971 = PRESENTATION_STYLE_ASSIGNMENT (( #5850 ) ) ;
#9972 = DIRECTION ( 'NONE',  ( 1.000000000000000000, 0.000000000000000000, 0.000000000000000000 ) ) ;
#9973 = ORIENTED_EDGE ( 'NONE', *, *, #4547, .F. ) ;
#9974 = CARTESIAN_POINT ( 'NONE',  ( 5.299999999999998934, 6.349999999999999645, 0.8199999999999999512 ) ) ;
#9975 = LINE ( 'NONE', #2861, #13236 ) ;
#9976 = PRESENTATION_LAYER_ASSIGNMENT (  '', '', ( #12343 ) ) ;
#9977 = ORIENTED_EDGE ( 'NONE', *, *, #12494, .T. ) ;
#9978 = LINE ( 'NONE', #10198, #526 ) ;
#9979 = EDGE_CURVE ( 'NONE', #7107, #8911, #11308, .T. ) ;
#9980 = PRESENTATION_STYLE_ASSIGNMENT (( #10113 ) ) ;
#9981 = ADVANCED_FACE ( 'NONE', ( #13193 ), #4029, .T. ) ;
#9982 =( NAMED_UNIT ( * ) PLANE_ANGLE_UNIT ( ) SI_UNIT ( $, .RADIAN. ) );
#9983 = ORIENTED_EDGE ( 'NONE', *, *, #4014, .F. ) ;
#9984 = EDGE_CURVE ( 'NONE', #2799, #97, #10432, .T. ) ;
#9985 =( NAMED_UNIT ( * ) PLANE_ANGLE_UNIT ( ) SI_UNIT ( $, .RADIAN. ) );
#9986 = EDGE_LOOP ( 'NONE', ( #9717, #4232, #3250, #6238 ) ) ;
#9987 = SURFACE_STYLE_USAGE ( .BOTH. , #3661 ) ;
#9988 = ORIENTED_EDGE ( 'NONE', *, *, #315, .F. ) ;
#9989 = DIRECTION ( 'NONE',  ( 0.000000000000000000, -1.000000000000000000, 0.000000000000000000 ) ) ;
#9990 = CARTESIAN_POINT ( 'NONE',  ( -6.099999999999999645, -4.350000000000000533, 0.8199999999999999512 ) ) ;
#9991 =( NAMED_UNIT ( * ) PLANE_ANGLE_UNIT ( ) SI_UNIT ( $, .RADIAN. ) );
#9992 = FACE_OUTER_BOUND ( 'NONE', #4878, .T. ) ;
#9993 = EDGE_CURVE ( 'NONE', #8721, #3790, #9678, .T. ) ;
#9994 = LINE ( 'NONE', #8840, #2607 ) ;
#9995 = SURFACE_STYLE_FILL_AREA ( #794 ) ;
#9996 = EDGE_LOOP ( 'NONE', ( #171, #2377, #12165, #9449 ) ) ;
#9997 = SURFACE_STYLE_USAGE ( .BOTH. , #7836 ) ;
#9998 = PRESENTATION_LAYER_ASSIGNMENT (  '', '', ( #5266 ) ) ;
#9999 = ORIENTED_EDGE ( 'NONE', *, *, #750, .F. ) ;
#10000 = STYLED_ITEM ( 'NONE', ( #10458 ), #7319 ) ;
#10001 =( LENGTH_UNIT ( ) NAMED_UNIT ( * ) SI_UNIT ( .MILLI., .METRE. ) );
#10002 = LINE ( 'NONE', #13176, #9300 ) ;
#10003 = SURFACE_STYLE_USAGE ( .BOTH. , #13302 ) ;
#10004 = SURFACE_STYLE_USAGE ( .BOTH. , #1808 ) ;
#10005 = SURFACE_SIDE_STYLE ('',( #3887 ) ) ;
#10006 = PRESENTATION_LAYER_ASSIGNMENT (  '', '', ( #4410 ) ) ;
#10007 = UNCERTAINTY_MEASURE_WITH_UNIT (LENGTH_MEASURE( 1.000000000000000082E-05 ), #11422, 'distance_accuracy_value', 'NONE');
#10008 = EDGE_CURVE ( 'NONE', #6123, #6589, #8457, .T. ) ;
#10009 = DIRECTION ( 'NONE',  ( -0.000000000000000000, -0.000000000000000000, -1.000000000000000000 ) ) ;
#10010 = LINE ( 'NONE', #3894, #7891 ) ;
#10011 = ORIENTED_EDGE ( 'NONE', *, *, #6774, .T. ) ;
#10012 = DIRECTION ( 'NONE',  ( 0.000000000000000000, -1.000000000000000000, 0.000000000000000000 ) ) ;
#10013 = ORIENTED_EDGE ( 'NONE', *, *, #12731, .F. ) ;
#10014 = CARTESIAN_POINT ( 'NONE',  ( -6.099999999999999645, 6.550000000000000711, 0.000000000000000000 ) ) ;
#10015 =( NAMED_UNIT ( * ) PLANE_ANGLE_UNIT ( ) SI_UNIT ( $, .RADIAN. ) );
#10016 = VECTOR ( 'NONE', #7547, 1000.000000000000000 ) ;
#10018 = PRESENTATION_LAYER_ASSIGNMENT (  '', '', ( #3784 ) ) ;
#10017 = DIRECTION ( 'NONE',  ( 0.000000000000000000, 0.000000000000000000, -1.000000000000000000 ) ) ;
#10019 = ORIENTED_EDGE ( 'NONE', *, *, #4205, .F. ) ;
#10020 =( NAMED_UNIT ( * ) SI_UNIT ( $, .STERADIAN. ) SOLID_ANGLE_UNIT ( ) );
#10021 = CLOSED_SHELL ( 'NONE', ( #8234, #6070, #2834, #972, #7883, #10494, #7242, #1524 ) ) ;
#10022 = COLOUR_RGB ( '',0.7921568627450980005, 0.8196078431372548767, 0.9333333333333333481 ) ;
#10023 = ADVANCED_FACE ( 'NONE', ( #206 ), #7522, .F. ) ;
#10024 = AXIS2_PLACEMENT_3D ( 'NONE', #11652, #6576, #1416 ) ;
#10025 =( GEOMETRIC_REPRESENTATION_CONTEXT ( 3 ) GLOBAL_UNCERTAINTY_ASSIGNED_CONTEXT ( ( #12608 ) ) GLOBAL_UNIT_ASSIGNED_CONTEXT ( ( #10977, #11846, #751 ) ) REPRESENTATION_CONTEXT ( 'NONE', 'WORKASPACE' ) );
#10026 = ORIENTED_EDGE ( 'NONE', *, *, #7802, .F. ) ;
#10027 = SURFACE_STYLE_FILL_AREA ( #21 ) ;
#10028 = SURFACE_SIDE_STYLE ('',( #13133 ) ) ;
#10029 = EDGE_CURVE ( 'NONE', #2711, #3645, #7317, .T. ) ;
#10030 = LINE ( 'NONE', #767, #12678 ) ;
#10031 = ORIENTED_EDGE ( 'NONE', *, *, #7787, .T. ) ;
#10032 =( LENGTH_UNIT ( ) NAMED_UNIT ( * ) SI_UNIT ( .MILLI., .METRE. ) );
#10033 = CARTESIAN_POINT ( 'NONE',  ( 6.099999999999999645, 5.649999999999999467, 0.000000000000000000 ) ) ;
#10034 = ORIENTED_EDGE ( 'NONE', *, *, #3261, .T. ) ;
#10035 = DIRECTION ( 'NONE',  ( -0.000000000000000000, -0.000000000000000000, -1.000000000000000000 ) ) ;
#10036 = VECTOR ( 'NONE', #3862, 1000.000000000000000 ) ;
#10037 = AXIS2_PLACEMENT_3D ( 'NONE', #721, #11997, #13083 ) ;
#10038 = UNCERTAINTY_MEASURE_WITH_UNIT (LENGTH_MEASURE( 1.000000000000000082E-05 ), #8777, 'distance_accuracy_value', 'NONE');
#10039 = CYLINDRICAL_SURFACE ( 'NONE', #678, 0.2500000000000002220 ) ;
#10040 = ORIENTED_EDGE ( 'NONE', *, *, #2016, .F. ) ;
#10041 = CARTESIAN_POINT ( 'NONE',  ( 6.099999999999999645, -7.450000000000000178, 0.8199999999999999512 ) ) ;
#10042 = DIRECTION ( 'NONE',  ( 1.000000000000000000, 1.626303258728256651E-16, -0.000000000000000000 ) ) ;
#10043 = DIRECTION ( 'NONE',  ( 0.000000000000000000, 0.000000000000000000, -1.000000000000000000 ) ) ;
#10044 =( GEOMETRIC_REPRESENTATION_CONTEXT ( 3 ) GLOBAL_UNCERTAINTY_ASSIGNED_CONTEXT ( ( #9216 ) ) GLOBAL_UNIT_ASSIGNED_CONTEXT ( ( #2017, #3230, #947 ) ) REPRESENTATION_CONTEXT ( 'NONE', 'WORKASPACE' ) );
#10045 = VECTOR ( 'NONE', #3564, 1000.000000000000000 ) ;
#10046 = ORIENTED_EDGE ( 'NONE', *, *, #11591, .F. ) ;
#10047 = FACE_OUTER_BOUND ( 'NONE', #2588, .T. ) ;
#10048 = LINE ( 'NONE', #3793, #4224 ) ;
#10049 = VERTEX_POINT ( 'NONE', #7452 ) ;
#10050 = CARTESIAN_POINT ( 'NONE',  ( -5.299999999999998934, 6.349999999999999645, 0.8199999999999999512 ) ) ;
#10051 = CARTESIAN_POINT ( 'NONE',  ( 6.099999999999999645, 8.000000000000000000, 0.8199999999999999512 ) ) ;
#10052 =( LENGTH_UNIT ( ) NAMED_UNIT ( * ) SI_UNIT ( .MILLI., .METRE. ) );
#10053 = VECTOR ( 'NONE', #11563, 1000.000000000000000 ) ;
#10054 = CIRCLE ( 'NONE', #5106, 0.2500000000000002220 ) ;
#10055 = UNCERTAINTY_MEASURE_WITH_UNIT (LENGTH_MEASURE( 1.000000000000000082E-05 ), #3801, 'distance_accuracy_value', 'NONE');
#10056 = VECTOR ( 'NONE', #9205, 1000.000000000000000 ) ;
#10057 = ORIENTED_EDGE ( 'NONE', *, *, #5940, .T. ) ;
#10058 = VECTOR ( 'NONE', #13173, 1000.000000000000000 ) ;
#10059 = EDGE_CURVE ( 'NONE', #5418, #12836, #1472, .T. ) ;
#10060 = PRESENTATION_STYLE_ASSIGNMENT (( #11081 ) ) ;
#10061 = ADVANCED_FACE ( 'NONE', ( #11573 ), #477, .T. ) ;
#10062 = DIRECTION ( 'NONE',  ( -1.000000000000000000, 0.000000000000000000, 0.000000000000000000 ) ) ;
#10063 = VERTEX_POINT ( 'NONE', #8397 ) ;
#10064 = PLANE ( 'NONE',  #1109 ) ;
#10065 = DIRECTION ( 'NONE',  ( -1.000000000000000000, 0.000000000000000000, 0.000000000000000000 ) ) ;
#10066 = ORIENTED_EDGE ( 'NONE', *, *, #8174, .T. ) ;
#10067 = MECHANICAL_DESIGN_GEOMETRIC_PRESENTATION_REPRESENTATION (  '', ( #5326 ), #6833 ) ;
#10068 = DIRECTION ( 'NONE',  ( 0.000000000000000000, 0.000000000000000000, -1.000000000000000000 ) ) ;
#10069 = MECHANICAL_DESIGN_GEOMETRIC_PRESENTATION_REPRESENTATION (  '', ( #5328 ), #8104 ) ;
#10070 = PRESENTATION_STYLE_ASSIGNMENT (( #3951 ) ) ;
#10071 = VERTEX_POINT ( 'NONE', #12528 ) ;
#10072 = AXIS2_PLACEMENT_3D ( 'NONE', #1064, #4271, #9456 ) ;
#10073 = PRESENTATION_LAYER_ASSIGNMENT (  '', '', ( #4465 ) ) ;
#10074 = ADVANCED_FACE ( 'NONE', ( #10569 ), #2486, .F. ) ;
#10075 = EDGE_CURVE ( 'NONE', #3709, #4847, #10635, .T. ) ;
#10076 = AXIS2_PLACEMENT_3D ( 'NONE', #12950, #1387, #5472 ) ;
#10077 =( GEOMETRIC_REPRESENTATION_CONTEXT ( 3 ) GLOBAL_UNCERTAINTY_ASSIGNED_CONTEXT ( ( #5956 ) ) GLOBAL_UNIT_ASSIGNED_CONTEXT ( ( #4057, #6187, #7269 ) ) REPRESENTATION_CONTEXT ( 'NONE', 'WORKASPACE' ) );
#10078 =( NAMED_UNIT ( * ) PLANE_ANGLE_UNIT ( ) SI_UNIT ( $, .RADIAN. ) );
#10079 =( NAMED_UNIT ( * ) PLANE_ANGLE_UNIT ( ) SI_UNIT ( $, .RADIAN. ) );
#10080 = VERTEX_POINT ( 'NONE', #6369 ) ;
#10081 = DIRECTION ( 'NONE',  ( 0.000000000000000000, 0.000000000000000000, 1.000000000000000000 ) ) ;
#10082 = STYLED_ITEM ( 'NONE', ( #11882 ), #11526 ) ;
#10083 = CIRCLE ( 'NONE', #12674, 0.2500000000000002220 ) ;
#10084 = EDGE_LOOP ( 'NONE', ( #8293, #9937, #9563, #9537 ) ) ;
#10085 = LINE ( 'NONE', #11248, #8073 ) ;
#10086 = CARTESIAN_POINT ( 'NONE',  ( 6.099999999999999645, -3.250000000000000444, 0.8199999999999999512 ) ) ;
#10087 = ORIENTED_EDGE ( 'NONE', *, *, #6538, .T. ) ;
#10088 =( LENGTH_UNIT ( ) NAMED_UNIT ( * ) SI_UNIT ( .MILLI., .METRE. ) );
#10089 = SURFACE_STYLE_FILL_AREA ( #9137 ) ;
#10090 = CARTESIAN_POINT ( 'NONE',  ( -6.099999999999999645, -5.450000000000001066, 0.000000000000000000 ) ) ;
#10091 =( LENGTH_UNIT ( ) NAMED_UNIT ( * ) SI_UNIT ( .MILLI., .METRE. ) );
#10092 = CIRCLE ( 'NONE', #11816, 0.2500000000000002220 ) ;
#10093 = VECTOR ( 'NONE', #1023, 1000.000000000000000 ) ;
#10094 = EDGE_CURVE ( 'NONE', #12445, #2335, #5499, .T. ) ;
#10095 = VERTEX_POINT ( 'NONE', #276 ) ;
#10096 = AXIS2_PLACEMENT_3D ( 'NONE', #3924, #13143, #8021 ) ;
#10097 = SURFACE_SIDE_STYLE ('',( #2973 ) ) ;
#10098 = DIRECTION ( 'NONE',  ( -0.000000000000000000, 1.000000000000000000, -0.000000000000000000 ) ) ;
#10099 = DIRECTION ( 'NONE',  ( -1.000000000000000000, 0.000000000000000000, 0.000000000000000000 ) ) ;
#10100 = ORIENTED_EDGE ( 'NONE', *, *, #9776, .F. ) ;
#10101 = PRESENTATION_LAYER_ASSIGNMENT (  '', '', ( #8793 ) ) ;
#10102 = PLANE ( 'NONE',  #8188 ) ;
#10103 = SURFACE_STYLE_USAGE ( .BOTH. , #10028 ) ;
#10104 = CARTESIAN_POINT ( 'NONE',  ( -6.099999999999999645, 8.000000000000000000, 0.000000000000000000 ) ) ;
#10105 = CARTESIAN_POINT ( 'NONE',  ( 5.299999999999998934, 5.450000000000000178, 0.8199999999999999512 ) ) ;
#10106 = AXIS2_PLACEMENT_3D ( 'NONE', #8448, #7434, #2346 ) ;
#10107 = VERTEX_POINT ( 'NONE', #5757 ) ;
#10108 = CARTESIAN_POINT ( 'NONE',  ( -5.299999999999998934, -2.150000000000000355, 0.8199999999999999512 ) ) ;
#10109 = DIRECTION ( 'NONE',  ( -0.000000000000000000, 1.000000000000000000, 0.000000000000000000 ) ) ;
#10110 = LINE ( 'NONE', #9226, #11528 ) ;
#10111 = ORIENTED_EDGE ( 'NONE', *, *, #12041, .T. ) ;
#10112 = PRESENTATION_LAYER_ASSIGNMENT (  '', '', ( #1952 ) ) ;
#10113 = SURFACE_STYLE_USAGE ( .BOTH. , #2718 ) ;
#10114 = ADVANCED_FACE ( 'NONE', ( #8780 ), #8987, .T. ) ;
#10115 = SURFACE_STYLE_USAGE ( .BOTH. , #3925 ) ;
#10116 = VECTOR ( 'NONE', #10532, 1000.000000000000000 ) ;
#10117 = CARTESIAN_POINT ( 'NONE',  ( 6.099999999999999645, -0.4000000000000001887, 0.8199999999999999512 ) ) ;
#10118 = ORIENTED_EDGE ( 'NONE', *, *, #9545, .F. ) ;
#10119 = AXIS2_PLACEMENT_3D ( 'NONE', #96, #9161, #4310 ) ;
#10120 = LINE ( 'NONE', #6185, #4518 ) ;
#10121 = PLANE ( 'NONE',  #8145 ) ;
#10122 = ORIENTED_EDGE ( 'NONE', *, *, #12596, .F. ) ;
#10123 = CARTESIAN_POINT ( 'NONE',  ( -4.500000000000000000, 6.500000000000000888, 2.192893218813452894 ) ) ;
#10124 = PRESENTATION_STYLE_ASSIGNMENT (( #1644 ) ) ;
#10125 = CARTESIAN_POINT ( 'NONE',  ( -6.099999999999999645, 8.000000000000000000, 0.8199999999999999512 ) ) ;
#10126 = FACE_OUTER_BOUND ( 'NONE', #10600, .T. ) ;
#10127 = ORIENTED_EDGE ( 'NONE', *, *, #6370, .T. ) ;
#10128 = COLOUR_RGB ( '',0.9411764705882352811, 0.6274509803921568540, 0.05490196078431372473 ) ;
#10129 = SURFACE_SIDE_STYLE ('',( #1998 ) ) ;
#10130 = CARTESIAN_POINT ( 'NONE',  ( 6.099999999999999645, -7.450000000000000178, 0.000000000000000000 ) ) ;
#10131 = ADVANCED_FACE ( 'NONE', ( #2556 ), #2693, .F. ) ;
#10132 = COLOUR_RGB ( '',0.9411764705882352811, 0.6274509803921568540, 0.05490196078431372473 ) ;
#10133 = LINE ( 'NONE', #5069, #2768 ) ;
#10134 = STYLED_ITEM ( 'NONE', ( #3038 ), #13220 ) ;
#10135 = STYLED_ITEM ( 'NONE', ( #4704 ), #4606 ) ;
#10136 = SURFACE_STYLE_USAGE ( .BOTH. , #6016 ) ;
#10137 = FACE_OUTER_BOUND ( 'NONE', #2686, .T. ) ;
#10138 = VECTOR ( 'NONE', #7636, 1000.000000000000000 ) ;
#10139 = ORIENTED_EDGE ( 'NONE', *, *, #6525, .F. ) ;
#10140 = FILL_AREA_STYLE_COLOUR ( '', #6888 ) ;
#10141 = LINE ( 'NONE', #7154, #12195 ) ;
#10142 = AXIS2_PLACEMENT_3D ( 'NONE', #9328, #9587, #7433 ) ;
#10143 = ORIENTED_EDGE ( 'NONE', *, *, #1366, .T. ) ;
#10144 = LINE ( 'NONE', #5016, #6271 ) ;
#10145 = LINE ( 'NONE', #11239, #13287 ) ;
#10146 = COLOUR_RGB ( '',0.9411764705882352811, 0.6274509803921568540, 0.05490196078431372473 ) ;
#10147 = AXIS2_PLACEMENT_3D ( 'NONE', #10507, #11466, #12468 ) ;
#10148 = PRESENTATION_STYLE_ASSIGNMENT (( #1941 ) ) ;
#10149 = ADVANCED_FACE ( 'NONE', ( #13037 ), #9952, .T. ) ;
#10150 = SURFACE_STYLE_USAGE ( .BOTH. , #11168 ) ;
#10151 = ADVANCED_FACE ( 'NONE', ( #12304 ), #4148, .T. ) ;
#10152 = VECTOR ( 'NONE', #13049, 1000.000000000000000 ) ;
#10153 = DIRECTION ( 'NONE',  ( 0.000000000000000000, 0.000000000000000000, 1.000000000000000000 ) ) ;
#10154 = UNCERTAINTY_MEASURE_WITH_UNIT (LENGTH_MEASURE( 1.000000000000000082E-05 ), #11774, 'distance_accuracy_value', 'NONE');
#10155 = CARTESIAN_POINT ( 'NONE',  ( 5.299999999999998934, -4.350000000000000533, 0.8199999999999999512 ) ) ;
#10156 = CARTESIAN_POINT ( 'NONE',  ( 5.299999999999998934, 7.450000000000000178, 0.8199999999999999512 ) ) ;
#10157 = ORIENTED_EDGE ( 'NONE', *, *, #11696, .F. ) ;
#10158 = ADVANCED_FACE ( 'NONE', ( #5086 ), #5018, .T. ) ;
#10159 = FILL_AREA_STYLE_COLOUR ( '', #352 ) ;
#10160 = FILL_AREA_STYLE_COLOUR ( '', #10467 ) ;
#10161 = VERTEX_POINT ( 'NONE', #11094 ) ;
#10162 = FILL_AREA_STYLE_COLOUR ( '', #6256 ) ;
#10163 = DIRECTION ( 'NONE',  ( 0.000000000000000000, -1.000000000000000000, 0.000000000000000000 ) ) ;
#10164 = DIRECTION ( 'NONE',  ( 1.000000000000000000, 0.000000000000000000, 0.000000000000000000 ) ) ;
#10165 = EDGE_CURVE ( 'NONE', #9511, #8144, #8246, .T. ) ;
#10166 = FILL_AREA_STYLE_COLOUR ( '', #5743 ) ;
#10167 =( LENGTH_UNIT ( ) NAMED_UNIT ( * ) SI_UNIT ( .MILLI., .METRE. ) );
#10168 = ORIENTED_EDGE ( 'NONE', *, *, #1781, .T. ) ;
#10169 = CARTESIAN_POINT ( 'NONE',  ( -6.099999999999999645, -7.450000000000000178, 0.8199999999999999512 ) ) ;
#10170 = UNCERTAINTY_MEASURE_WITH_UNIT (LENGTH_MEASURE( 1.000000000000000082E-05 ), #5802, 'distance_accuracy_value', 'NONE');
#10171 = PRESENTATION_LAYER_ASSIGNMENT (  '', '', ( #1368 ) ) ;
#10172 = CARTESIAN_POINT ( 'NONE',  ( 6.099999999999999645, 4.150000000000000355, 0.8199999999999999512 ) ) ;
#10173 = ORIENTED_EDGE ( 'NONE', *, *, #2476, .F. ) ;
#10174 = EDGE_CURVE ( 'NONE', #11453, #7230, #13232, .T. ) ;
#10175 = SURFACE_STYLE_USAGE ( .BOTH. , #4896 ) ;
#10176 = CARTESIAN_POINT ( 'NONE',  ( -6.099999999999999645, 5.249999999999999112, 0.8199999999999999512 ) ) ;
#10177 = DIRECTION ( 'NONE',  ( 0.000000000000000000, -1.000000000000000000, 0.000000000000000000 ) ) ;
#10178 = ORIENTED_EDGE ( 'NONE', *, *, #8053, .T. ) ;
#10179 = LINE ( 'NONE', #4901, #12066 ) ;
#10180 = FILL_AREA_STYLE ('',( #12397 ) ) ;
#10181 = SURFACE_STYLE_USAGE ( .BOTH. , #13203 ) ;
#10182 = EDGE_CURVE ( 'NONE', #179, #8911, #9493, .T. ) ;
#10183 = CARTESIAN_POINT ( 'NONE',  ( -6.099999999999999645, 5.249999999999999112, 0.000000000000000000 ) ) ;
#10184 = ORIENTED_EDGE ( 'NONE', *, *, #8574, .T. ) ;
#10185 = DIRECTION ( 'NONE',  ( 0.000000000000000000, -0.000000000000000000, 1.000000000000000000 ) ) ;
#10186 =( GEOMETRIC_REPRESENTATION_CONTEXT ( 3 ) GLOBAL_UNCERTAINTY_ASSIGNED_CONTEXT ( ( #12369 ) ) GLOBAL_UNIT_ASSIGNED_CONTEXT ( ( #11147, #5000, #12790 ) ) REPRESENTATION_CONTEXT ( 'NONE', 'WORKASPACE' ) );
#10187 = MECHANICAL_DESIGN_GEOMETRIC_PRESENTATION_REPRESENTATION (  '', ( #1583 ), #4372 ) ;
#10188 = UNCERTAINTY_MEASURE_WITH_UNIT (LENGTH_MEASURE( 1.000000000000000082E-05 ), #25, 'distance_accuracy_value', 'NONE');
#10189 = DIRECTION ( 'NONE',  ( -1.000000000000000000, 0.000000000000000000, 0.000000000000000000 ) ) ;
#10190 = ORIENTED_EDGE ( 'NONE', *, *, #153, .T. ) ;
#10191 = EDGE_CURVE ( 'NONE', #7824, #10682, #6142, .T. ) ;
#10192 = PLANE ( 'NONE',  #6461 ) ;
#10193 = FACE_OUTER_BOUND ( 'NONE', #4104, .T. ) ;
#10194 = CARTESIAN_POINT ( 'NONE',  ( 4.499999999999999112, 6.500000000000000000, 1.900000000000000133 ) ) ;
#10195 = ORIENTED_EDGE ( 'NONE', *, *, #7490, .T. ) ;
#10196 =( NAMED_UNIT ( * ) PLANE_ANGLE_UNIT ( ) SI_UNIT ( $, .RADIAN. ) );
#10197 = CARTESIAN_POINT ( 'NONE',  ( 6.099999999999999645, 8.000000000000000000, 0.8199999999999999512 ) ) ;
#10198 = CARTESIAN_POINT ( 'NONE',  ( 6.099999999999999645, 6.750000000000000000, 0.8199999999999999512 ) ) ;
#10199 = FILL_AREA_STYLE_COLOUR ( '', #3358 ) ;
#10200 = ORIENTED_EDGE ( 'NONE', *, *, #5955, .T. ) ;
#10201 =( NAMED_UNIT ( * ) PLANE_ANGLE_UNIT ( ) SI_UNIT ( $, .RADIAN. ) );
#10202 = CARTESIAN_POINT ( 'NONE',  ( -6.099999999999999645, 3.049999999999999822, 0.8199999999999999512 ) ) ;
#10203 = ORIENTED_EDGE ( 'NONE', *, *, #9075, .T. ) ;
#10204 = CARTESIAN_POINT ( 'NONE',  ( -6.099999999999999645, 6.550000000000000711, 0.8199999999999999512 ) ) ;
#10205 = CARTESIAN_POINT ( 'NONE',  ( -5.299999999999998934, 4.150000000000000355, 0.8199999999999999512 ) ) ;
#10206 = UNCERTAINTY_MEASURE_WITH_UNIT (LENGTH_MEASURE( 1.000000000000000082E-05 ), #13253, 'distance_accuracy_value', 'NONE');
#10207 = DIRECTION ( 'NONE',  ( -0.000000000000000000, 1.000000000000000000, -0.000000000000000000 ) ) ;
#10208 = EDGE_CURVE ( 'NONE', #5015, #10348, #11623, .T. ) ;
#10209 = LINE ( 'NONE', #12142, #10773 ) ;
#10210 = PRESENTATION_STYLE_ASSIGNMENT (( #2946 ) ) ;
#10211 = ORIENTED_EDGE ( 'NONE', *, *, #6658, .F. ) ;
#10212 = SURFACE_STYLE_FILL_AREA ( #11494 ) ;
#10213 = SURFACE_SIDE_STYLE ('',( #2009 ) ) ;
#10214 = EDGE_CURVE ( 'NONE', #13058, #8901, #9528, .T. ) ;
#10215 = SURFACE_STYLE_FILL_AREA ( #3015 ) ;
#10216 = ORIENTED_EDGE ( 'NONE', *, *, #6744, .F. ) ;
#10217 =( NAMED_UNIT ( * ) PLANE_ANGLE_UNIT ( ) SI_UNIT ( $, .RADIAN. ) );
#10218 = DIRECTION ( 'NONE',  ( 1.000000000000000000, 0.000000000000000000, -0.000000000000000000 ) ) ;
#10219 = DIRECTION ( 'NONE',  ( 0.000000000000000000, 0.000000000000000000, -1.000000000000000000 ) ) ;
#10220 = FACE_OUTER_BOUND ( 'NONE', #7052, .T. ) ;
#10221 = ORIENTED_EDGE ( 'NONE', *, *, #4658, .T. ) ;
#10222 = DIRECTION ( 'NONE',  ( 0.000000000000000000, 0.000000000000000000, -1.000000000000000000 ) ) ;
#10223 = EDGE_CURVE ( 'NONE', #232, #13044, #4741, .T. ) ;
#10224 = ORIENTED_EDGE ( 'NONE', *, *, #6317, .T. ) ;
#10225 = DIRECTION ( 'NONE',  ( -0.000000000000000000, -0.000000000000000000, 1.000000000000000000 ) ) ;
#10226 = CARTESIAN_POINT ( 'NONE',  ( -5.299999999999998934, 4.150000000000000355, 0.000000000000000000 ) ) ;
#10227 = ORIENTED_EDGE ( 'NONE', *, *, #10906, .F. ) ;
#10228 = PRESENTATION_STYLE_ASSIGNMENT (( #7109 ) ) ;
#10229 = SURFACE_SIDE_STYLE ('',( #11 ) ) ;
#10230 = FILL_AREA_STYLE_COLOUR ( '', #5965 ) ;
#10231 = ORIENTED_EDGE ( 'NONE', *, *, #11224, .T. ) ;
#10232 = PRESENTATION_LAYER_ASSIGNMENT (  '', '', ( #9569 ) ) ;
#10233 = STYLED_ITEM ( 'NONE', ( #12348 ), #7182 ) ;
#10234 = DIRECTION ( 'NONE',  ( 0.000000000000000000, -0.000000000000000000, 1.000000000000000000 ) ) ;
#10235 = EDGE_CURVE ( 'NONE', #6601, #1092, #5422, .T. ) ;
#10236 = CARTESIAN_POINT ( 'NONE',  ( 5.849999999999999645, 2.600000000000000089, 0.8199999999999999512 ) ) ;
#10237 = DIRECTION ( 'NONE',  ( -1.626303258728256651E-16, 1.000000000000000000, 0.000000000000000000 ) ) ;
#10238 = ADVANCED_FACE ( 'NONE', ( #382 ), #6549, .T. ) ;
#10239 = EDGE_LOOP ( 'NONE', ( #12372, #5365, #8884, #1643 ) ) ;
#10240 = DIRECTION ( 'NONE',  ( 0.000000000000000000, -1.000000000000000000, 0.000000000000000000 ) ) ;
#10241 = DIRECTION ( 'NONE',  ( 0.000000000000000000, -1.000000000000000000, 0.000000000000000000 ) ) ;
#10242 = SURFACE_STYLE_FILL_AREA ( #12537 ) ;
#10243 = DIRECTION ( 'NONE',  ( 0.000000000000000000, 0.000000000000000000, -1.000000000000000000 ) ) ;
#10244 = ORIENTED_EDGE ( 'NONE', *, *, #7759, .F. ) ;
#10245 = VECTOR ( 'NONE', #1903, 1000.000000000000000 ) ;
#10246 = PRESENTATION_STYLE_ASSIGNMENT (( #907 ) ) ;
#10247 = CARTESIAN_POINT ( 'NONE',  ( -6.099999999999999645, 4.150000000000000355, 0.8199999999999999512 ) ) ;
#10248 = CARTESIAN_POINT ( 'NONE',  ( 6.099999999999999645, 6.349999999999999645, 0.000000000000000000 ) ) ;
#10249 = FACE_OUTER_BOUND ( 'NONE', #2059, .T. ) ;
#10250 = DIRECTION ( 'NONE',  ( 1.000000000000000000, 0.000000000000000000, 0.000000000000000000 ) ) ;
#10251 = MECHANICAL_DESIGN_GEOMETRIC_PRESENTATION_REPRESENTATION (  '', ( #1211 ), #2514 ) ;
#10252 = CARTESIAN_POINT ( 'NONE',  ( 6.099999999999999645, -4.350000000000000533, 0.8199999999999999512 ) ) ;
#10253 = EDGE_CURVE ( 'NONE', #7445, #5446, #7297, .T. ) ;
#10254 = EDGE_CURVE ( 'NONE', #10825, #5564, #257, .T. ) ;
#10255 = STYLED_ITEM ( 'NONE', ( #908 ), #8953 ) ;
#10256 = ORIENTED_EDGE ( 'NONE', *, *, #13115, .F. ) ;
#10257 = CARTESIAN_POINT ( 'NONE',  ( 5.299999999999998934, 5.249999999999999112, 0.000000000000000000 ) ) ;
#10258 = COLOUR_RGB ( '',0.7921568627450980005, 0.8196078431372548767, 0.9333333333333333481 ) ;
#10259 = ORIENTED_EDGE ( 'NONE', *, *, #3728, .F. ) ;
#10260 = CARTESIAN_POINT ( 'NONE',  ( -6.099999999999999645, -5.250000000000000000, 0.000000000000000000 ) ) ;
#10261 = LINE ( 'NONE', #2189, #356 ) ;
#10262 = VERTEX_POINT ( 'NONE', #10619 ) ;
#10263 = COLOUR_RGB ( '',0.9411764705882352811, 0.6274509803921568540, 0.05490196078431372473 ) ;
#10264 = CARTESIAN_POINT ( 'NONE',  ( 6.099999999999999645, -5.650000000000000355, 0.8199999999999999512 ) ) ;
#10265 = ORIENTED_EDGE ( 'NONE', *, *, #624, .F. ) ;
#10266 =( LENGTH_UNIT ( ) NAMED_UNIT ( * ) SI_UNIT ( .MILLI., .METRE. ) );
#10267 = ADVANCED_FACE ( 'NONE', ( #8507 ), #12638, .T. ) ;
#10268 =( NAMED_UNIT ( * ) PLANE_ANGLE_UNIT ( ) SI_UNIT ( $, .RADIAN. ) );
#10269 =( NAMED_UNIT ( * ) SI_UNIT ( $, .STERADIAN. ) SOLID_ANGLE_UNIT ( ) );
#10270 = LINE ( 'NONE', #8044, #12227 ) ;
#10271 = ORIENTED_EDGE ( 'NONE', *, *, #2993, .T. ) ;
#10272 = PLANE ( 'NONE',  #684 ) ;
#10273 = FACE_OUTER_BOUND ( 'NONE', #7223, .T. ) ;
#10274 = CYLINDRICAL_SURFACE ( 'NONE', #6414, 0.2500000000000002220 ) ;
#10275 = ORIENTED_EDGE ( 'NONE', *, *, #692, .T. ) ;
#10276 = DIRECTION ( 'NONE',  ( 0.000000000000000000, 0.000000000000000000, -1.000000000000000000 ) ) ;
#10277 = PRESENTATION_LAYER_ASSIGNMENT (  '', '', ( #13054 ) ) ;
#10278 = CARTESIAN_POINT ( 'NONE',  ( 5.299999999999998934, 6.349999999999999645, 0.000000000000000000 ) ) ;
#10279 = VECTOR ( 'NONE', #4594, 1000.000000000000000 ) ;
#10280 = PRESENTATION_STYLE_ASSIGNMENT (( #998 ) ) ;
#10281 = EDGE_CURVE ( 'NONE', #6615, #5801, #7625, .T. ) ;
#10282 = AXIS2_PLACEMENT_3D ( 'NONE', #7360, #2401, #6266 ) ;
#10283 = EDGE_CURVE ( 'NONE', #2966, #11865, #12820, .T. ) ;
#10284 = CYLINDRICAL_SURFACE ( 'NONE', #7435, 0.2500000000000002220 ) ;
#10285 = LINE ( 'NONE', #6032, #1243 ) ;
#10286 = ORIENTED_EDGE ( 'NONE', *, *, #8866, .F. ) ;
#10287 = CARTESIAN_POINT ( 'NONE',  ( -6.099999999999999645, -3.250000000000000444, 0.000000000000000000 ) ) ;
#10288 = VECTOR ( 'NONE', #5170, 1000.000000000000000 ) ;
#10289 = ORIENTED_EDGE ( 'NONE', *, *, #10317, .T. ) ;
#10290 = SURFACE_SIDE_STYLE ('',( #11303 ) ) ;
#10291 = ORIENTED_EDGE ( 'NONE', *, *, #8309, .T. ) ;
#10292 = LINE ( 'NONE', #8999, #3078 ) ;
#10293 = LINE ( 'NONE', #11449, #6570 ) ;
#10294 = SURFACE_SIDE_STYLE ('',( #5969 ) ) ;
#10295 = ORIENTED_EDGE ( 'NONE', *, *, #4800, .F. ) ;
#10296 = ADVANCED_FACE ( 'NONE', ( #8833 ), #12001, .F. ) ;
#10297 = VECTOR ( 'NONE', #3723, 1000.000000000000000 ) ;
#10298 =( GEOMETRIC_REPRESENTATION_CONTEXT ( 3 ) GLOBAL_UNCERTAINTY_ASSIGNED_CONTEXT ( ( #4874 ) ) GLOBAL_UNIT_ASSIGNED_CONTEXT ( ( #1641, #11739, #10871 ) ) REPRESENTATION_CONTEXT ( 'NONE', 'WORKASPACE' ) );
#10299 = VECTOR ( 'NONE', #11414, 1000.000000000000000 ) ;
#10300 = FACE_OUTER_BOUND ( 'NONE', #7315, .T. ) ;
#10301 = AXIS2_PLACEMENT_3D ( 'NONE', #1979, #6054, #9152 ) ;
#10302 = UNCERTAINTY_MEASURE_WITH_UNIT (LENGTH_MEASURE( 1.000000000000000082E-05 ), #3658, 'distance_accuracy_value', 'NONE');
#10303 =( NAMED_UNIT ( * ) PLANE_ANGLE_UNIT ( ) SI_UNIT ( $, .RADIAN. ) );
#10304 = ORIENTED_EDGE ( 'NONE', *, *, #1782, .T. ) ;
#10305 = DIRECTION ( 'NONE',  ( -0.000000000000000000, 0.000000000000000000, 1.000000000000000000 ) ) ;
#10306 = DIRECTION ( 'NONE',  ( -0.000000000000000000, 1.000000000000000000, -0.000000000000000000 ) ) ;
#10307 = FACE_OUTER_BOUND ( 'NONE', #1440, .T. ) ;
#10308 =( LENGTH_UNIT ( ) NAMED_UNIT ( * ) SI_UNIT ( .MILLI., .METRE. ) );
#10309 = EDGE_LOOP ( 'NONE', ( #12647, #324, #8465, #5651 ) ) ;
#10310 = VECTOR ( 'NONE', #6171, 1000.000000000000000 ) ;
#10311 = SURFACE_STYLE_FILL_AREA ( #832 ) ;
#10312 = DIRECTION ( 'NONE',  ( 0.000000000000000000, 0.000000000000000000, -1.000000000000000000 ) ) ;
#10313 = CARTESIAN_POINT ( 'NONE',  ( 6.099999999999999645, 2.149999999999999911, 0.8199999999999999512 ) ) ;
#10314 = VECTOR ( 'NONE', #12943, 1000.000000000000000 ) ;
#10315 = LINE ( 'NONE', #1222, #4070 ) ;
#10316 = SURFACE_STYLE_FILL_AREA ( #4122 ) ;
#10317 = EDGE_CURVE ( 'NONE', #3603, #12333, #6618, .T. ) ;
#10318 =( GEOMETRIC_REPRESENTATION_CONTEXT ( 3 ) GLOBAL_UNCERTAINTY_ASSIGNED_CONTEXT ( ( #2489 ) ) GLOBAL_UNIT_ASSIGNED_CONTEXT ( ( #2301, #1357, #3442 ) ) REPRESENTATION_CONTEXT ( 'NONE', 'WORKASPACE' ) );
#10319 = VECTOR ( 'NONE', #6895, 1000.000000000000000 ) ;
#10320 = MECHANICAL_DESIGN_GEOMETRIC_PRESENTATION_REPRESENTATION (  '', ( #5788 ), #11195 ) ;
#10321 = ORIENTED_EDGE ( 'NONE', *, *, #4227, .F. ) ;
#10322 = CARTESIAN_POINT ( 'NONE',  ( 6.099999999999999645, 3.049999999999999822, 0.000000000000000000 ) ) ;
#10323 = FILL_AREA_STYLE_COLOUR ( '', #10948 ) ;
#10324 = FILL_AREA_STYLE_COLOUR ( '', #7054 ) ;
#10325 = EDGE_LOOP ( 'NONE', ( #12067, #5039, #2742, #453 ) ) ;
#10326 = SURFACE_STYLE_USAGE ( .BOTH. , #6190 ) ;
#10327 =( NAMED_UNIT ( * ) SI_UNIT ( $, .STERADIAN. ) SOLID_ANGLE_UNIT ( ) );
#10328 = LINE ( 'NONE', #1105, #129 ) ;
#10329 = EDGE_CURVE ( 'NONE', #5127, #8779, #4794, .T. ) ;
#10330 = EDGE_LOOP ( 'NONE', ( #4610, #561, #12936, #8713 ) ) ;
#10331 = DIRECTION ( 'NONE',  ( -0.000000000000000000, -0.000000000000000000, -1.000000000000000000 ) ) ;
#10332 = MECHANICAL_DESIGN_GEOMETRIC_PRESENTATION_REPRESENTATION (  '', ( #6009 ), #878 ) ;
#10333 = ADVANCED_FACE ( 'NONE', ( #8898 ), #7826, .F. ) ;
#10334 = CARTESIAN_POINT ( 'NONE',  ( 6.099999999999999645, -4.150000000000000355, 0.8199999999999999512 ) ) ;
#10335 = ORIENTED_EDGE ( 'NONE', *, *, #8495, .T. ) ;
#10336 = STYLED_ITEM ( 'NONE', ( #528 ), #12553 ) ;
#10337 = FACE_OUTER_BOUND ( 'NONE', #1901, .T. ) ;
#10338 = SURFACE_SIDE_STYLE ('',( #6198 ) ) ;
#10339 = PRESENTATION_LAYER_ASSIGNMENT (  '', '', ( #5581 ) ) ;
#10340 = UNCERTAINTY_MEASURE_WITH_UNIT (LENGTH_MEASURE( 1.000000000000000082E-05 ), #6277, 'distance_accuracy_value', 'NONE');
#10341 = DIRECTION ( 'NONE',  ( 0.000000000000000000, 0.000000000000000000, 1.000000000000000000 ) ) ;
#10342 = COLOUR_RGB ( '',0.9411764705882352811, 0.6274509803921568540, 0.05490196078431372473 ) ;
#10343 =( GEOMETRIC_REPRESENTATION_CONTEXT ( 3 ) GLOBAL_UNCERTAINTY_ASSIGNED_CONTEXT ( ( #3438 ) ) GLOBAL_UNIT_ASSIGNED_CONTEXT ( ( #1514, #1714, #12068 ) ) REPRESENTATION_CONTEXT ( 'NONE', 'WORKASPACE' ) );
#10344 = VERTEX_POINT ( 'NONE', #11024 ) ;
#10345 = CARTESIAN_POINT ( 'NONE',  ( -5.299999999999998934, -4.150000000000000355, 0.8199999999999999512 ) ) ;
#10346 = EDGE_CURVE ( 'NONE', #2972, #7069, #11574, .T. ) ;
#10347 = FACE_OUTER_BOUND ( 'NONE', #4323, .T. ) ;
#10348 = VERTEX_POINT ( 'NONE', #11148 ) ;
#10349 = VECTOR ( 'NONE', #34, 1000.000000000000000 ) ;
#10350 = AXIS2_PLACEMENT_3D ( 'NONE', #1574, #10606, #10867 ) ;
#10351 = CARTESIAN_POINT ( 'NONE',  ( 5.299999999999998934, -6.550000000000000711, 0.000000000000000000 ) ) ;
#10352 = PRESENTATION_STYLE_ASSIGNMENT (( #3295 ) ) ;
#10353 = VECTOR ( 'NONE', #10790, 1000.000000000000000 ) ;
#10354 = VECTOR ( 'NONE', #4178, 1000.000000000000000 ) ;
#10355 = UNCERTAINTY_MEASURE_WITH_UNIT (LENGTH_MEASURE( 1.000000000000000082E-05 ), #4533, 'distance_accuracy_value', 'NONE');
#10356 = PRESENTATION_LAYER_ASSIGNMENT (  '', '', ( #1337 ) ) ;
#10357 = ORIENTED_EDGE ( 'NONE', *, *, #4261, .T. ) ;
#10358 = VECTOR ( 'NONE', #4196, 1000.000000000000000 ) ;
#10359 = SURFACE_STYLE_USAGE ( .BOTH. , #9334 ) ;
#10360 = ORIENTED_EDGE ( 'NONE', *, *, #10905, .T. ) ;
#10361 = FILL_AREA_STYLE ('',( #11501 ) ) ;
#10362 = CARTESIAN_POINT ( 'NONE',  ( 6.099999999999999645, 7.000000000000000000, 0.8199999999999999512 ) ) ;
#10363 = ORIENTED_EDGE ( 'NONE', *, *, #2396, .F. ) ;
#10364 = EDGE_CURVE ( 'NONE', #3425, #3551, #7147, .T. ) ;
#10365 = CARTESIAN_POINT ( 'NONE',  ( -6.099999999999999645, 4.150000000000000355, 0.8199999999999999512 ) ) ;
#10366 = DIRECTION ( 'NONE',  ( 0.000000000000000000, 0.000000000000000000, -1.000000000000000000 ) ) ;
#10367 = ORIENTED_EDGE ( 'NONE', *, *, #12779, .T. ) ;
#10368 = VECTOR ( 'NONE', #8032, 1000.000000000000000 ) ;
#10369 =( NAMED_UNIT ( * ) SI_UNIT ( $, .STERADIAN. ) SOLID_ANGLE_UNIT ( ) );
#10370 = CARTESIAN_POINT ( 'NONE',  ( 6.099999999999999645, -3.700000000000000178, 0.8199999999999999512 ) ) ;
#10371 = SURFACE_SIDE_STYLE ('',( #5361 ) ) ;
#10372 = PRESENTATION_STYLE_ASSIGNMENT (( #1081 ) ) ;
#10373 = COLOUR_RGB ( '',0.9411764705882352811, 0.6274509803921568540, 0.05490196078431372473 ) ;
#10374 = AXIS2_PLACEMENT_3D ( 'NONE', #5854, #12800, #7740 ) ;
#10375 = DIRECTION ( 'NONE',  ( 0.000000000000000000, 0.000000000000000000, 1.000000000000000000 ) ) ;
#10376 = LINE ( 'NONE', #2167, #7027 ) ;
#10377 = ORIENTED_EDGE ( 'NONE', *, *, #12596, .T. ) ;
#10378 = LINE ( 'NONE', #4293, #4964 ) ;
#10379 = COLOUR_RGB ( '',0.000000000000000000, 1.000000000000000000, 0.000000000000000000 ) ;
#10380 = ADVANCED_FACE ( 'NONE', ( #9042 ), #933, .T. ) ;
#10381 = PRESENTATION_STYLE_ASSIGNMENT (( #8208 ) ) ;
#10382 = FACE_OUTER_BOUND ( 'NONE', #2112, .T. ) ;
#10383 = EDGE_LOOP ( 'NONE', ( #13066, #3196, #8180, #10157, #7834, #7416, #2603 ) ) ;
#10384 = PRESENTATION_STYLE_ASSIGNMENT (( #3446 ) ) ;
#10385 = FACE_OUTER_BOUND ( 'NONE', #3303, .T. ) ;
#10386 = LINE ( 'NONE', #6247, #12241 ) ;
#10387 = SURFACE_STYLE_USAGE ( .BOTH. , #29 ) ;
#10388 = LINE ( 'NONE', #5253, #12702 ) ;
#10389 = AXIS2_PLACEMENT_3D ( 'NONE', #2342, #6425, #10547 ) ;
#10390 = VECTOR ( 'NONE', #3554, 1000.000000000000000 ) ;
#10391 = SURFACE_STYLE_USAGE ( .BOTH. , #8156 ) ;
#10392 = ORIENTED_EDGE ( 'NONE', *, *, #5576, .F. ) ;
#10393 =( NAMED_UNIT ( * ) SI_UNIT ( $, .STERADIAN. ) SOLID_ANGLE_UNIT ( ) );
#10394 = SURFACE_STYLE_USAGE ( .BOTH. , #1103 ) ;
#10395 = EDGE_CURVE ( 'NONE', #6441, #7118, #9109, .T. ) ;
#10396 = VERTEX_POINT ( 'NONE', #8038 ) ;
#10397 = SURFACE_STYLE_USAGE ( .BOTH. , #4179 ) ;
#10398 = CARTESIAN_POINT ( 'NONE',  ( 6.099999999999999645, 8.000000000000000000, 0.8199999999999999512 ) ) ;
#10399 = EDGE_CURVE ( 'NONE', #2711, #12442, #4925, .T. ) ;
#10400 = ORIENTED_EDGE ( 'NONE', *, *, #10283, .T. ) ;
#10401 = LINE ( 'NONE', #6598, #6061 ) ;
#10402 = DIRECTION ( 'NONE',  ( -1.000000000000000000, -0.000000000000000000, -0.000000000000000000 ) ) ;
#10403 = ORIENTED_EDGE ( 'NONE', *, *, #295, .T. ) ;
#10404 = SURFACE_SIDE_STYLE ('',( #5404 ) ) ;
#10405 = LINE ( 'NONE', #8233, #9254 ) ;
#10406 = EDGE_CURVE ( 'NONE', #10493, #5683, #3002, .T. ) ;
#10407 = MECHANICAL_DESIGN_GEOMETRIC_PRESENTATION_REPRESENTATION (  '', ( #1161 ), #4157 ) ;
#10408 = FILL_AREA_STYLE_COLOUR ( '', #884 ) ;
#10409 = FILL_AREA_STYLE_COLOUR ( '', #297 ) ;
#10410 = SURFACE_STYLE_FILL_AREA ( #1449 ) ;
#10411 = ORIENTED_EDGE ( 'NONE', *, *, #10662, .T. ) ;
#10412 = PRESENTATION_STYLE_ASSIGNMENT (( #6021 ) ) ;
#10413 =( NAMED_UNIT ( * ) SI_UNIT ( $, .STERADIAN. ) SOLID_ANGLE_UNIT ( ) );
#10414 = FILL_AREA_STYLE ('',( #9522 ) ) ;
#10415 = DIRECTION ( 'NONE',  ( 1.000000000000000000, -0.000000000000000000, -0.000000000000000000 ) ) ;
#10416 = ORIENTED_EDGE ( 'NONE', *, *, #5319, .F. ) ;
#10417 = DIRECTION ( 'NONE',  ( 0.000000000000000000, -1.000000000000000000, 0.000000000000000000 ) ) ;
#10418 =( GEOMETRIC_REPRESENTATION_CONTEXT ( 3 ) GLOBAL_UNCERTAINTY_ASSIGNED_CONTEXT ( ( #8315 ) ) GLOBAL_UNIT_ASSIGNED_CONTEXT ( ( #673, #8852, #3751 ) ) REPRESENTATION_CONTEXT ( 'NONE', 'WORKASPACE' ) );
#10419 = PRESENTATION_STYLE_ASSIGNMENT (( #11693 ) ) ;
#10420 = ADVANCED_FACE ( 'NONE', ( #7012 ), #11221, .F. ) ;
#10421 = EDGE_LOOP ( 'NONE', ( #1737, #3915, #810, #7698, #8998, #6257, #2341 ) ) ;
#10422 = SURFACE_STYLE_USAGE ( .BOTH. , #10482 ) ;
#10423 = DIRECTION ( 'NONE',  ( 0.000000000000000000, 0.000000000000000000, -1.000000000000000000 ) ) ;
#10424 = DIRECTION ( 'NONE',  ( 0.000000000000000000, 0.000000000000000000, -1.000000000000000000 ) ) ;
#10425 = VERTEX_POINT ( 'NONE', #1052 ) ;
#10426 = VERTEX_POINT ( 'NONE', #1924 ) ;
#10427 =( LENGTH_UNIT ( ) NAMED_UNIT ( * ) SI_UNIT ( .MILLI., .METRE. ) );
#10428 =( LENGTH_UNIT ( ) NAMED_UNIT ( * ) SI_UNIT ( .MILLI., .METRE. ) );
#10429 = DIRECTION ( 'NONE',  ( -2.001604010742470009E-16, 1.000000000000000000, -0.000000000000000000 ) ) ;
#10430 = DIRECTION ( 'NONE',  ( -1.000000000000000000, 0.000000000000000000, -0.000000000000000000 ) ) ;
#10431 = VERTEX_POINT ( 'NONE', #8168 ) ;
#10432 = LINE ( 'NONE', #12780, #5017 ) ;
#10433 = ORIENTED_EDGE ( 'NONE', *, *, #10660, .T. ) ;
#10434 = ADVANCED_FACE ( 'NONE', ( #6075 ), #11078, .F. ) ;
#10435 =( LENGTH_UNIT ( ) NAMED_UNIT ( * ) SI_UNIT ( .MILLI., .METRE. ) );
#10436 = UNCERTAINTY_MEASURE_WITH_UNIT (LENGTH_MEASURE( 1.000000000000000082E-05 ), #7586, 'distance_accuracy_value', 'NONE');
#10437 = DIRECTION ( 'NONE',  ( 0.000000000000000000, -0.000000000000000000, -1.000000000000000000 ) ) ;
#10438 = VERTEX_POINT ( 'NONE', #985 ) ;
#10439 = CARTESIAN_POINT ( 'NONE',  ( 6.099999999999999645, 8.000000000000000000, 0.8199999999999999512 ) ) ;
#10440 = SURFACE_SIDE_STYLE ('',( #11710 ) ) ;
#10441 = DIRECTION ( 'NONE',  ( 0.000000000000000000, 0.000000000000000000, -1.000000000000000000 ) ) ;
#10442 = FILL_AREA_STYLE_COLOUR ( '', #10531 ) ;
#10443 = ORIENTED_EDGE ( 'NONE', *, *, #8171, .T. ) ;
#10444 = DIRECTION ( 'NONE',  ( -0.000000000000000000, 1.000000000000000000, -0.000000000000000000 ) ) ;
#10445 = PLANE ( 'NONE',  #7862 ) ;
#10446 = VECTOR ( 'NONE', #10306, 1000.000000000000000 ) ;
#10447 = LINE ( 'NONE', #853, #3940 ) ;
#10448 = DIRECTION ( 'NONE',  ( -1.000000000000000000, 0.000000000000000000, 0.000000000000000000 ) ) ;
#10449 = DIRECTION ( 'NONE',  ( -0.000000000000000000, 1.000000000000000000, -0.000000000000000000 ) ) ;
#10450 = EDGE_CURVE ( 'NONE', #3709, #12558, #13160, .T. ) ;
#10451 = VECTOR ( 'NONE', #2219, 1000.000000000000000 ) ;
#10452 = VECTOR ( 'NONE', #3448, 1000.000000000000000 ) ;
#10453 = VERTEX_POINT ( 'NONE', #4856 ) ;
#10454 = SURFACE_STYLE_FILL_AREA ( #8286 ) ;
#10455 = SURFACE_STYLE_FILL_AREA ( #6322 ) ;
#10456 = VERTEX_POINT ( 'NONE', #9990 ) ;
#10457 = CARTESIAN_POINT ( 'NONE',  ( 6.099999999999999645, -5.450000000000001066, 0.000000000000000000 ) ) ;
#10458 = PRESENTATION_STYLE_ASSIGNMENT (( #1435 ) ) ;
#10459 = VERTEX_POINT ( 'NONE', #3138 ) ;
#10460 = CARTESIAN_POINT ( 'NONE',  ( 5.299999999999998934, -1.950000000000000178, 0.8199999999999999512 ) ) ;
#10461 = EDGE_LOOP ( 'NONE', ( #275, #9654, #1107, #6172 ) ) ;
#10462 = AXIS2_PLACEMENT_3D ( 'NONE', #686, #3697, #7592 ) ;
#10463 =( LENGTH_UNIT ( ) NAMED_UNIT ( * ) SI_UNIT ( .MILLI., .METRE. ) );
#10464 = DIRECTION ( 'NONE',  ( -1.000000000000000000, 0.000000000000000000, 0.000000000000000000 ) ) ;
#10465 = SURFACE_STYLE_USAGE ( .BOTH. , #3400 ) ;
#10466 = SURFACE_SIDE_STYLE ('',( #12359 ) ) ;
#10467 = COLOUR_RGB ( '',0.9411764705882352811, 0.6274509803921568540, 0.05490196078431372473 ) ;
#10468 = VERTEX_POINT ( 'NONE', #12140 ) ;
#10469 = ORIENTED_EDGE ( 'NONE', *, *, #2362, .F. ) ;
#10470 = CYLINDRICAL_SURFACE ( 'NONE', #12500, 0.2500000000000002220 ) ;
#10471 = PRESENTATION_STYLE_ASSIGNMENT (( #6339 ) ) ;
#10472 = FILL_AREA_STYLE_COLOUR ( '', #9861 ) ;
#10473 = ORIENTED_EDGE ( 'NONE', *, *, #12024, .T. ) ;
#10474 = SURFACE_SIDE_STYLE ('',( #2416 ) ) ;
#10475 = DIRECTION ( 'NONE',  ( -0.000000000000000000, -0.000000000000000000, 1.000000000000000000 ) ) ;
#10476 = CARTESIAN_POINT ( 'NONE',  ( -5.299999999999998934, -3.050000000000000266, 0.000000000000000000 ) ) ;
#10477 = PRESENTATION_LAYER_ASSIGNMENT (  '', '', ( #8731 ) ) ;
#10478 = AXIS2_PLACEMENT_3D ( 'NONE', #5081, #5217, #11160 ) ;
#10479 = EDGE_CURVE ( 'NONE', #8211, #2762, #10133, .T. ) ;
#10480 = UNCERTAINTY_MEASURE_WITH_UNIT (LENGTH_MEASURE( 1.000000000000000082E-05 ), #8569, 'distance_accuracy_value', 'NONE');
#10481 = ORIENTED_EDGE ( 'NONE', *, *, #11545, .F. ) ;
#10482 = SURFACE_SIDE_STYLE ('',( #2275 ) ) ;
#10483 = FACE_OUTER_BOUND ( 'NONE', #11977, .T. ) ;
#10484 = FACE_OUTER_BOUND ( 'NONE', #3133, .T. ) ;
#10485 = ORIENTED_EDGE ( 'NONE', *, *, #7711, .F. ) ;
#10486 = ORIENTED_EDGE ( 'NONE', *, *, #5797, .F. ) ;
#10487 = VECTOR ( 'NONE', #214, 1000.000000000000000 ) ;
#10488 =( NAMED_UNIT ( * ) PLANE_ANGLE_UNIT ( ) SI_UNIT ( $, .RADIAN. ) );
#10489 = ADVANCED_FACE ( 'NONE', ( #7206 ), #13284, .F. ) ;
#10490 = FACE_OUTER_BOUND ( 'NONE', #7565, .T. ) ;
#10491 = FILL_AREA_STYLE ('',( #1274 ) ) ;
#10492 = SURFACE_STYLE_FILL_AREA ( #5166 ) ;
#10494 = ADVANCED_FACE ( 'NONE', ( #10337 ), #12560, .T. ) ;
#10493 = VERTEX_POINT ( 'NONE', #4185 ) ;
#10495 = CARTESIAN_POINT ( 'NONE',  ( 6.099999999999999645, -8.000000000000000000, 0.8199999999999999512 ) ) ;
#10496 = ORIENTED_EDGE ( 'NONE', *, *, #7976, .F. ) ;
#10497 = VECTOR ( 'NONE', #3232, 1000.000000000000000 ) ;
#10498 = CARTESIAN_POINT ( 'NONE',  ( -6.099999999999999645, -2.350000000000000089, 0.000000000000000000 ) ) ;
#10499 = DIRECTION ( 'NONE',  ( -0.000000000000000000, 0.000000000000000000, 1.000000000000000000 ) ) ;
#10500 =( GEOMETRIC_REPRESENTATION_CONTEXT ( 3 ) GLOBAL_UNCERTAINTY_ASSIGNED_CONTEXT ( ( #5613 ) ) GLOBAL_UNIT_ASSIGNED_CONTEXT ( ( #9123, #10967, #4404 ) ) REPRESENTATION_CONTEXT ( 'NONE', 'WORKASPACE' ) );
#10501 = AXIS2_PLACEMENT_3D ( 'NONE', #2940, #8098, #13219 ) ;
#10502 = ORIENTED_EDGE ( 'NONE', *, *, #6350, .T. ) ;
#10503 =( NAMED_UNIT ( * ) SI_UNIT ( $, .STERADIAN. ) SOLID_ANGLE_UNIT ( ) );
#10504 = DIRECTION ( 'NONE',  ( -1.000000000000000000, 0.000000000000000000, -0.000000000000000000 ) ) ;
#10505 = SURFACE_STYLE_FILL_AREA ( #5180 ) ;
#10506 = ORIENTED_EDGE ( 'NONE', *, *, #1190, .T. ) ;
#10507 = CARTESIAN_POINT ( 'NONE',  ( -6.099999999999999645, -2.150000000000000355, 0.8199999999999999512 ) ) ;
#10508 = CARTESIAN_POINT ( 'NONE',  ( -6.099999999999999645, 3.049999999999999822, 0.8199999999999999512 ) ) ;
#10509 = DIRECTION ( 'NONE',  ( -1.000000000000000000, 0.000000000000000000, 0.000000000000000000 ) ) ;
#10510 = ADVANCED_FACE ( 'NONE', ( #6329 ), #2888, .F. ) ;
#10511 = AXIS2_PLACEMENT_3D ( 'NONE', #12853, #4765, #10920 ) ;
#10512 = CARTESIAN_POINT ( 'NONE',  ( 6.099999999999999645, -2.350000000000000089, 0.000000000000000000 ) ) ;
#10513 = AXIS2_PLACEMENT_3D ( 'NONE', #7567, #4531, #5607 ) ;
#10514 = CARTESIAN_POINT ( 'NONE',  ( 6.099999999999999645, -2.150000000000000355, 0.000000000000000000 ) ) ;
#10515 = MECHANICAL_DESIGN_GEOMETRIC_PRESENTATION_REPRESENTATION (  '', ( #2995 ), #3415 ) ;
#10516 = DIRECTION ( 'NONE',  ( 1.000000000000000000, 0.000000000000000000, 0.000000000000000000 ) ) ;
#10517 = ORIENTED_EDGE ( 'NONE', *, *, #8276, .T. ) ;
#10518 = CARTESIAN_POINT ( 'NONE',  ( 6.099999999999999645, 7.250000000000000000, 0.000000000000000000 ) ) ;
#10519 =( GEOMETRIC_REPRESENTATION_CONTEXT ( 3 ) GLOBAL_UNCERTAINTY_ASSIGNED_CONTEXT ( ( #6553 ) ) GLOBAL_UNIT_ASSIGNED_CONTEXT ( ( #7813, #6806, #8948 ) ) REPRESENTATION_CONTEXT ( 'NONE', 'WORKASPACE' ) );
#10520 = VERTEX_POINT ( 'NONE', #2010 ) ;
#10521 = STYLED_ITEM ( 'NONE', ( #291 ), #10936 ) ;
#10522 = DIRECTION ( 'NONE',  ( -1.000000000000000000, 0.000000000000000000, 0.000000000000000000 ) ) ;
#10523 = FACE_OUTER_BOUND ( 'NONE', #7430, .T. ) ;
#10524 = CARTESIAN_POINT ( 'NONE',  ( -6.099999999999999645, 3.049999999999999822, 0.8199999999999999512 ) ) ;
#10525 = EDGE_CURVE ( 'NONE', #9400, #3481, #12013, .T. ) ;
#10526 = ORIENTED_EDGE ( 'NONE', *, *, #12127, .T. ) ;
#10527 = FILL_AREA_STYLE ('',( #8683 ) ) ;
#10528 = DIRECTION ( 'NONE',  ( 1.000000000000000000, 0.000000000000000000, 0.000000000000000000 ) ) ;
#10529 = VERTEX_POINT ( 'NONE', #8048 ) ;
#10530 = VECTOR ( 'NONE', #10441, 1000.000000000000000 ) ;
#10531 = COLOUR_RGB ( '',0.9411764705882352811, 0.6274509803921568540, 0.05490196078431372473 ) ;
#10532 = DIRECTION ( 'NONE',  ( 0.000000000000000000, 0.000000000000000000, -1.000000000000000000 ) ) ;
#10533 = COLOUR_RGB ( '',0.9411764705882352811, 0.6274509803921568540, 0.05490196078431372473 ) ;
#10534 = CARTESIAN_POINT ( 'NONE',  ( -6.099999999999999645, -5.050000000000000711, 0.000000000000000000 ) ) ;
#10535 = PRESENTATION_STYLE_ASSIGNMENT (( #3340 ) ) ;
#10536 = LINE ( 'NONE', #1320, #3731 ) ;
#10537 = FILL_AREA_STYLE_COLOUR ( '', #1520 ) ;
#10538 =( NAMED_UNIT ( * ) PLANE_ANGLE_UNIT ( ) SI_UNIT ( $, .RADIAN. ) );
#10539 = ORIENTED_EDGE ( 'NONE', *, *, #3765, .F. ) ;
#10541 = AXIS2_PLACEMENT_3D ( 'NONE', #7832, #11946, #8769 ) ;
#10540 = CARTESIAN_POINT ( 'NONE',  ( 5.849999999999999645, 7.000000000000000000, 0.8199999999999999512 ) ) ;
#10542 = FILL_AREA_STYLE ('',( #6419 ) ) ;
#10543 = PRESENTATION_STYLE_ASSIGNMENT (( #6420 ) ) ;
#10544 = EDGE_CURVE ( 'NONE', #7199, #2906, #4011, .T. ) ;
#10545 = ORIENTED_EDGE ( 'NONE', *, *, #8873, .F. ) ;
#10546 = PRESENTATION_LAYER_ASSIGNMENT (  '', '', ( #4713 ) ) ;
#10547 = DIRECTION ( 'NONE',  ( 0.000000000000000000, -0.000000000000000000, -1.000000000000000000 ) ) ;
#10548 = COLOUR_RGB ( '',0.000000000000000000, 1.000000000000000000, 0.000000000000000000 ) ;
#10549 = CARTESIAN_POINT ( 'NONE',  ( 6.099999999999999645, 8.000000000000000000, 0.8199999999999999512 ) ) ;
#10550 = LINE ( 'NONE', #1130, #13109 ) ;
#10551 = ORIENTED_EDGE ( 'NONE', *, *, #4663, .F. ) ;
#10552 = DIRECTION ( 'NONE',  ( 1.000000000000000000, 0.000000000000000000, -0.000000000000000000 ) ) ;
#10553 = ORIENTED_EDGE ( 'NONE', *, *, #7563, .T. ) ;
#10554 =( NAMED_UNIT ( * ) PLANE_ANGLE_UNIT ( ) SI_UNIT ( $, .RADIAN. ) );
#10555 = VECTOR ( 'NONE', #4175, 1000.000000000000000 ) ;
#10556 = ORIENTED_EDGE ( 'NONE', *, *, #4598, .T. ) ;
#10557 =( GEOMETRIC_REPRESENTATION_CONTEXT ( 3 ) GLOBAL_UNCERTAINTY_ASSIGNED_CONTEXT ( ( #499 ) ) GLOBAL_UNIT_ASSIGNED_CONTEXT ( ( #4449, #1909, #5999 ) ) REPRESENTATION_CONTEXT ( 'NONE', 'WORKASPACE' ) );
#10558 = CYLINDRICAL_SURFACE ( 'NONE', #2710, 0.5000000000000004441 ) ;
#10559 =( NAMED_UNIT ( * ) SI_UNIT ( $, .STERADIAN. ) SOLID_ANGLE_UNIT ( ) );
#10560 = ORIENTED_EDGE ( 'NONE', *, *, #5974, .F. ) ;
#10561 = EDGE_CURVE ( 'NONE', #8721, #3310, #7907, .T. ) ;
#10562 = FILL_AREA_STYLE_COLOUR ( '', #5629 ) ;
#10563 =( NAMED_UNIT ( * ) SI_UNIT ( $, .STERADIAN. ) SOLID_ANGLE_UNIT ( ) );
#10564 = PLANE ( 'NONE',  #11787 ) ;
#10565 = ORIENTED_EDGE ( 'NONE', *, *, #6849, .T. ) ;
#10566 = EDGE_CURVE ( 'NONE', #9920, #9832, #7021, .T. ) ;
#10567 = COLOUR_RGB ( '',0.9411764705882352811, 0.6274509803921568540, 0.05490196078431372473 ) ;
#10568 = COLOUR_RGB ( '',0.9411764705882352811, 0.6274509803921568540, 0.05490196078431372473 ) ;
#10569 = FACE_OUTER_BOUND ( 'NONE', #8646, .T. ) ;
#10570 = ORIENTED_EDGE ( 'NONE', *, *, #1913, .T. ) ;
#10571 = PRESENTATION_LAYER_ASSIGNMENT (  '', '', ( #9695 ) ) ;
#10572 = VECTOR ( 'NONE', #12183, 1000.000000000000000 ) ;
#10573 = SURFACE_STYLE_USAGE ( .BOTH. , #7455 ) ;
#10574 = ADVANCED_FACE ( 'NONE', ( #6959 ), #5014, .F. ) ;
#10575 = UNCERTAINTY_MEASURE_WITH_UNIT (LENGTH_MEASURE( 1.000000000000000082E-05 ), #4504, 'distance_accuracy_value', 'NONE');
#10576 = SURFACE_SIDE_STYLE ('',( #2371 ) ) ;
#10577 = CARTESIAN_POINT ( 'NONE',  ( -4.500000000000000888, 6.500000000000000000, 0.8199999999999999512 ) ) ;
#10578 = AXIS2_PLACEMENT_3D ( 'NONE', #8483, #1233, #12684 ) ;
#10579 = ORIENTED_EDGE ( 'NONE', *, *, #1065, .T. ) ;
#10580 = ADVANCED_FACE ( 'NONE', ( #11236 ), #8110, .T. ) ;
#10581 = CARTESIAN_POINT ( 'NONE',  ( -6.099999999999999645, 6.349999999999999645, 0.000000000000000000 ) ) ;
#10582 = ORIENTED_EDGE ( 'NONE', *, *, #2999, .T. ) ;
#10583 = COLOUR_RGB ( '',0.9411764705882352811, 0.6274509803921568540, 0.05490196078431372473 ) ;
#10584 = CARTESIAN_POINT ( 'NONE',  ( -6.099999999999999645, 3.950000000000000178, 0.8199999999999999512 ) ) ;
#10585 =( NAMED_UNIT ( * ) SI_UNIT ( $, .STERADIAN. ) SOLID_ANGLE_UNIT ( ) );
#10586 = CARTESIAN_POINT ( 'NONE',  ( 6.099999999999999645, -6.550000000000000711, 0.000000000000000000 ) ) ;
#10587 = DIRECTION ( 'NONE',  ( -0.000000000000000000, 1.000000000000000000, -0.000000000000000000 ) ) ;
#10588 = STYLED_ITEM ( 'NONE', ( #769 ), #4710 ) ;
#10589 = EDGE_CURVE ( 'NONE', #333, #4928, #12300, .T. ) ;
#10590 = UNCERTAINTY_MEASURE_WITH_UNIT (LENGTH_MEASURE( 1.000000000000000082E-05 ), #6170, 'distance_accuracy_value', 'NONE');
#10591 = VECTOR ( 'NONE', #11305, 1000.000000000000000 ) ;
#10592 = CARTESIAN_POINT ( 'NONE',  ( -5.299999999999998934, -4.350000000000000533, 0.000000000000000000 ) ) ;
#10593 = ORIENTED_EDGE ( 'NONE', *, *, #166, .F. ) ;
#10594 = CARTESIAN_POINT ( 'NONE',  ( 6.099999999999999645, -0.8500000000000000888, 0.8199999999999999512 ) ) ;
#10595 = CARTESIAN_POINT ( 'NONE',  ( -3.999999999999996447, -6.500000000000000000, 2.400000000000000355 ) ) ;
#10596 = DIRECTION ( 'NONE',  ( 1.000000000000000000, 0.000000000000000000, -0.000000000000000000 ) ) ;
#10597 = COLOUR_RGB ( '',1.000000000000000000, 1.000000000000000000, 1.000000000000000000 ) ;
#10598 = CARTESIAN_POINT ( 'NONE',  ( -6.099999999999999645, 7.450000000000000178, 0.000000000000000000 ) ) ;
#10599 = CARTESIAN_POINT ( 'NONE',  ( -5.299999999999998934, 7.450000000000000178, 0.000000000000000000 ) ) ;
#10600 = EDGE_LOOP ( 'NONE', ( #1538, #462, #3499, #308 ) ) ;
#10601 = LINE ( 'NONE', #1378, #7374 ) ;
#10602 = EDGE_LOOP ( 'NONE', ( #4474, #10593, #6356, #3514 ) ) ;
#10603 = ORIENTED_EDGE ( 'NONE', *, *, #10989, .F. ) ;
#10604 =( GEOMETRIC_REPRESENTATION_CONTEXT ( 3 ) GLOBAL_UNCERTAINTY_ASSIGNED_CONTEXT ( ( #6777 ) ) GLOBAL_UNIT_ASSIGNED_CONTEXT ( ( #168, #739, #3134 ) ) REPRESENTATION_CONTEXT ( 'NONE', 'WORKASPACE' ) );
#10605 = EDGE_CURVE ( 'NONE', #4356, #7670, #3087, .T. ) ;
#10606 = DIRECTION ( 'NONE',  ( 0.000000000000000000, 1.000000000000000000, 0.000000000000000000 ) ) ;
#10607 = DIRECTION ( 'NONE',  ( 0.000000000000000000, -1.000000000000000000, 0.000000000000000000 ) ) ;
#10608 =( NAMED_UNIT ( * ) SI_UNIT ( $, .STERADIAN. ) SOLID_ANGLE_UNIT ( ) );
#10609 = DIRECTION ( 'NONE',  ( 0.000000000000000000, -0.000000000000000000, 1.000000000000000000 ) ) ;
#10610 = ORIENTED_EDGE ( 'NONE', *, *, #7051, .T. ) ;
#10611 = ORIENTED_EDGE ( 'NONE', *, *, #704, .F. ) ;
#10612 = DIRECTION ( 'NONE',  ( 0.000000000000000000, 0.000000000000000000, -1.000000000000000000 ) ) ;
#10613 = SHAPE_DEFINITION_REPRESENTATION ( #3034, #12700 ) ;
#10614 = DIRECTION ( 'NONE',  ( 0.000000000000000000, 0.000000000000000000, -1.000000000000000000 ) ) ;
#10615 = DIRECTION ( 'NONE',  ( -0.000000000000000000, -0.000000000000000000, -1.000000000000000000 ) ) ;
#10616 = EDGE_LOOP ( 'NONE', ( #8643, #2624, #11722, #9779 ) ) ;
#10617 = STYLED_ITEM ( 'NONE', ( #4511 ), #5198 ) ;
#10618 = LINE ( 'NONE', #187, #4767 ) ;
#10619 = CARTESIAN_POINT ( 'NONE',  ( 5.849999999999999645, -5.900000000000000355, 0.000000000000000000 ) ) ;
#10620 = CARTESIAN_POINT ( 'NONE',  ( 5.299999999999998934, 0.04999999999999969746, 0.8199999999999999512 ) ) ;
#10621 = VECTOR ( 'NONE', #2291, 1000.000000000000000 ) ;
#10622 = ADVANCED_FACE ( 'NONE', ( #4193 ), #10274, .F. ) ;
#10623 = UNCERTAINTY_MEASURE_WITH_UNIT (LENGTH_MEASURE( 1.000000000000000082E-05 ), #12211, 'distance_accuracy_value', 'NONE');
#10624 = SURFACE_STYLE_USAGE ( .BOTH. , #3492 ) ;
#10625 = ORIENTED_EDGE ( 'NONE', *, *, #9698, .T. ) ;
#10626 = CARTESIAN_POINT ( 'NONE',  ( -5.299999999999998934, -2.150000000000000355, 0.000000000000000000 ) ) ;
#10627 = ORIENTED_EDGE ( 'NONE', *, *, #657, .F. ) ;
#10628 = CARTESIAN_POINT ( 'NONE',  ( -6.099999999999999645, 6.349999999999999645, 0.8199999999999999512 ) ) ;
#10629 = ORIENTED_EDGE ( 'NONE', *, *, #1689, .F. ) ;
#10630 = LINE ( 'NONE', #9468, #2211 ) ;
#10631 = PRESENTATION_STYLE_ASSIGNMENT (( #4211 ) ) ;
#10632 = LINE ( 'NONE', #10835, #12817 ) ;
#10633 =( LENGTH_UNIT ( ) NAMED_UNIT ( * ) SI_UNIT ( .MILLI., .METRE. ) );
#10634 = ORIENTED_EDGE ( 'NONE', *, *, #10208, .F. ) ;
#10635 = LINE ( 'NONE', #1350, #12122 ) ;
#10637 = ADVANCED_FACE ( 'NONE', ( #10347 ), #6279, .F. ) ;
#10636 = DIRECTION ( 'NONE',  ( -1.000000000000000000, 0.000000000000000000, 0.000000000000000000 ) ) ;
#10638 = CARTESIAN_POINT ( 'NONE',  ( -5.299999999999998934, 5.249999999999999112, 0.8199999999999999512 ) ) ;
#10639 = ORIENTED_EDGE ( 'NONE', *, *, #2694, .F. ) ;
#10640 =( LENGTH_UNIT ( ) NAMED_UNIT ( * ) SI_UNIT ( .MILLI., .METRE. ) );
#10641 = ORIENTED_EDGE ( 'NONE', *, *, #12113, .F. ) ;
#10642 = CARTESIAN_POINT ( 'NONE',  ( 5.299999999999998934, -6.550000000000000711, 0.8199999999999999512 ) ) ;
#10643 = DIRECTION ( 'NONE',  ( 1.000000000000000000, 0.000000000000000000, 0.000000000000000000 ) ) ;
#10644 = FILL_AREA_STYLE_COLOUR ( '', #3367 ) ;
#10645 = FILL_AREA_STYLE ('',( #5573 ) ) ;
#10646 = EDGE_CURVE ( 'NONE', #3692, #6431, #5150, .T. ) ;
#10647 = DIRECTION ( 'NONE',  ( -1.000000000000000000, 0.000000000000000000, 0.000000000000000000 ) ) ;
#10648 = ADVANCED_FACE ( 'NONE', ( #9323 ), #9453, .F. ) ;
#10649 = LINE ( 'NONE', #6391, #4739 ) ;
#10650 = ORIENTED_EDGE ( 'NONE', *, *, #11513, .T. ) ;
#10651 = SURFACE_STYLE_USAGE ( .BOTH. , #12680 ) ;
#10652 = CARTESIAN_POINT ( 'NONE',  ( 5.299999999999998934, 0.04999999999999969746, 0.8199999999999999512 ) ) ;
#10654 = CARTESIAN_POINT ( 'NONE',  ( -5.299999999999998934, 3.049999999999999822, 0.8199999999999999512 ) ) ;
#10653 = MECHANICAL_DESIGN_GEOMETRIC_PRESENTATION_REPRESENTATION (  '', ( #565 ), #3762 ) ;
#10655 = AXIS2_PLACEMENT_3D ( 'NONE', #12071, #11213, #11073 ) ;
#10656 = DIRECTION ( 'NONE',  ( -0.000000000000000000, -0.000000000000000000, -1.000000000000000000 ) ) ;
#10657 = SURFACE_SIDE_STYLE ('',( #2251 ) ) ;
#10658 = VERTEX_POINT ( 'NONE', #12362 ) ;
#10659 = FACE_OUTER_BOUND ( 'NONE', #172, .T. ) ;
#10660 = EDGE_CURVE ( 'NONE', #13084, #6300, #993, .T. ) ;
#10661 = CARTESIAN_POINT ( 'NONE',  ( -6.099999999999999645, 8.000000000000000000, 0.8199999999999999512 ) ) ;
#10662 = EDGE_CURVE ( 'NONE', #8524, #2192, #2780, .T. ) ;
#10663 = ORIENTED_EDGE ( 'NONE', *, *, #10029, .T. ) ;
#10664 = ORIENTED_EDGE ( 'NONE', *, *, #11384, .T. ) ;
#10665 = LINE ( 'NONE', #9644, #3263 ) ;
#10666 = AXIS2_PLACEMENT_3D ( 'NONE', #8681, #3586, #4631 ) ;
#10667 = CARTESIAN_POINT ( 'NONE',  ( 5.299999999999998934, 4.150000000000000355, 0.8199999999999999512 ) ) ;
#10668 = PLANE ( 'NONE',  #12037 ) ;
#10669 = LINE ( 'NONE', #9725, #2365 ) ;
#10670 = SURFACE_STYLE_FILL_AREA ( #322 ) ;
#10671 = SURFACE_STYLE_FILL_AREA ( #6614 ) ;
#10672 = ORIENTED_EDGE ( 'NONE', *, *, #1763, .F. ) ;
#10673 = MECHANICAL_DESIGN_GEOMETRIC_PRESENTATION_REPRESENTATION (  '', ( #795 ), #4200 ) ;
#10674 = SURFACE_SIDE_STYLE ('',( #6547 ) ) ;
#10675 = CARTESIAN_POINT ( 'NONE',  ( 6.099999999999999645, 3.700000000000000178, 0.8199999999999999512 ) ) ;
#10676 = EDGE_CURVE ( 'NONE', #5536, #5430, #4339, .T. ) ;
#10677 = CARTESIAN_POINT ( 'NONE',  ( 5.299999999999998934, 6.349999999999999645, 0.8199999999999999512 ) ) ;
#10678 = DIRECTION ( 'NONE',  ( 0.000000000000000000, 0.000000000000000000, -1.000000000000000000 ) ) ;
#10679 = CLOSED_SHELL ( 'NONE', ( #4296, #8040, #5307, #10158, #7163, #8953, #10380, #6497 ) ) ;
#10680 = VECTOR ( 'NONE', #2375, 1000.000000000000000 ) ;
#10681 =( GEOMETRIC_REPRESENTATION_CONTEXT ( 3 ) GLOBAL_UNCERTAINTY_ASSIGNED_CONTEXT ( ( #4382 ) ) GLOBAL_UNIT_ASSIGNED_CONTEXT ( ( #10640, #8409, #3252 ) ) REPRESENTATION_CONTEXT ( 'NONE', 'WORKASPACE' ) );
#10682 = VERTEX_POINT ( 'NONE', #12504 ) ;
#10683 = CARTESIAN_POINT ( 'NONE',  ( 5.299999999999998934, 7.450000000000000178, 0.000000000000000000 ) ) ;
#10684 = FILL_AREA_STYLE ('',( #6556 ) ) ;
#10685 = ORIENTED_EDGE ( 'NONE', *, *, #9142, .T. ) ;
#10686 = FACE_OUTER_BOUND ( 'NONE', #1277, .T. ) ;
#10687 = CARTESIAN_POINT ( 'NONE',  ( 5.299999999999998934, 5.249999999999999112, 0.8199999999999999512 ) ) ;
#10688 = ORIENTED_EDGE ( 'NONE', *, *, #4427, .T. ) ;
#10689 = DIRECTION ( 'NONE',  ( 0.000000000000000000, -0.000000000000000000, 1.000000000000000000 ) ) ;
#10690 = ORIENTED_EDGE ( 'NONE', *, *, #13121, .T. ) ;
#10691 = FILL_AREA_STYLE_COLOUR ( '', #3302 ) ;
#10692 = PRESENTATION_STYLE_ASSIGNMENT (( #3749 ) ) ;
#10693 = FILL_AREA_STYLE_COLOUR ( '', #3559 ) ;
#10694 = FILL_AREA_STYLE ('',( #6770 ) ) ;
#10695 = ORIENTED_EDGE ( 'NONE', *, *, #4415, .T. ) ;
#10696 = EDGE_CURVE ( 'NONE', #4590, #4444, #7261, .T. ) ;
#10697 =( GEOMETRIC_REPRESENTATION_CONTEXT ( 3 ) GLOBAL_UNCERTAINTY_ASSIGNED_CONTEXT ( ( #6234 ) ) GLOBAL_UNIT_ASSIGNED_CONTEXT ( ( #3234, #71, #12378 ) ) REPRESENTATION_CONTEXT ( 'NONE', 'WORKASPACE' ) );
#10698 = CARTESIAN_POINT ( 'NONE',  ( -6.099999999999999645, 0.04999999999999969746, 0.8199999999999999512 ) ) ;
#10699 = VECTOR ( 'NONE', #5013, 1000.000000000000000 ) ;
#10700 =( NAMED_UNIT ( * ) SI_UNIT ( $, .STERADIAN. ) SOLID_ANGLE_UNIT ( ) );
#10701 = UNCERTAINTY_MEASURE_WITH_UNIT (LENGTH_MEASURE( 1.000000000000000082E-05 ), #1246, 'distance_accuracy_value', 'NONE');
#10702 = CARTESIAN_POINT ( 'NONE',  ( -6.099999999999999645, 5.249999999999999112, 0.8199999999999999512 ) ) ;
#10703 = VERTEX_POINT ( 'NONE', #3408 ) ;
#10704 = CARTESIAN_POINT ( 'NONE',  ( 5.299999999999998934, 7.450000000000000178, 0.8199999999999999512 ) ) ;
#10705 = ORIENTED_EDGE ( 'NONE', *, *, #10676, .F. ) ;
#10706 = LINE ( 'NONE', #6783, #3294 ) ;
#10707 = CARTESIAN_POINT ( 'NONE',  ( -6.099999999999999645, -5.450000000000001066, 0.000000000000000000 ) ) ;
#10708 = CARTESIAN_POINT ( 'NONE',  ( -5.299999999999998934, -4.150000000000000355, 0.000000000000000000 ) ) ;
#10709 = SURFACE_STYLE_FILL_AREA ( #3633 ) ;
#10710 = EDGE_CURVE ( 'NONE', #10396, #10493, #4401, .T. ) ;
#10711 = CARTESIAN_POINT ( 'NONE',  ( 5.299999999999998934, 3.049999999999999822, 0.000000000000000000 ) ) ;
#10712 = VECTOR ( 'NONE', #8455, 1000.000000000000000 ) ;
#10713 = LINE ( 'NONE', #12607, #2625 ) ;
#10714 = MECHANICAL_DESIGN_GEOMETRIC_PRESENTATION_REPRESENTATION (  '', ( #3201 ), #4488 ) ;
#10715 = LINE ( 'NONE', #11790, #1977 ) ;
#10716 = VERTEX_POINT ( 'NONE', #5672 ) ;
#10717 = SURFACE_SIDE_STYLE ('',( #12857 ) ) ;
#10718 = DIRECTION ( 'NONE',  ( 0.000000000000000000, 0.000000000000000000, -1.000000000000000000 ) ) ;
#10719 = SURFACE_SIDE_STYLE ('',( #700 ) ) ;
#10720 = COLOUR_RGB ( '',0.9411764705882352811, 0.6274509803921568540, 0.05490196078431372473 ) ;
#10721 = STYLED_ITEM ( 'NONE', ( #1319 ), #184 ) ;
#10722 = DIRECTION ( 'NONE',  ( -0.000000000000000000, 1.000000000000000000, -0.000000000000000000 ) ) ;
#10724 = AXIS2_PLACEMENT_3D ( 'NONE', #11934, #8826, #3794 ) ;
#10723 = CARTESIAN_POINT ( 'NONE',  ( -6.099999999999999645, 3.049999999999999822, 0.8199999999999999512 ) ) ;
#10725 = DIRECTION ( 'NONE',  ( 0.000000000000000000, 0.000000000000000000, -1.000000000000000000 ) ) ;
#10726 = ORIENTED_EDGE ( 'NONE', *, *, #138, .F. ) ;
#10727 = VECTOR ( 'NONE', #8244, 1000.000000000000000 ) ;
#10728 = FACE_OUTER_BOUND ( 'NONE', #7204, .T. ) ;
#10729 = VERTEX_POINT ( 'NONE', #452 ) ;
#10730 = VERTEX_POINT ( 'NONE', #4650 ) ;
#10731 = ADVANCED_FACE ( 'NONE', ( #9788 ), #1581, .T. ) ;
#10732 = SURFACE_STYLE_FILL_AREA ( #6603 ) ;
#10733 =( GEOMETRIC_REPRESENTATION_CONTEXT ( 3 ) GLOBAL_UNCERTAINTY_ASSIGNED_CONTEXT ( ( #10170 ) ) GLOBAL_UNIT_ASSIGNED_CONTEXT ( ( #5802, #6064, #975 ) ) REPRESENTATION_CONTEXT ( 'NONE', 'WORKASPACE' ) );
#10734 = AXIS2_PLACEMENT_3D ( 'NONE', #9239, #3128, #12345 ) ;
#10735 =( LENGTH_UNIT ( ) NAMED_UNIT ( * ) SI_UNIT ( .MILLI., .METRE. ) );
#10736 = PRESENTATION_STYLE_ASSIGNMENT (( #11736 ) ) ;
#10737 = CIRCLE ( 'NONE', #7272, 0.2500000000000002220 ) ;
#10738 = DIRECTION ( 'NONE',  ( 0.000000000000000000, 0.000000000000000000, -1.000000000000000000 ) ) ;
#10739 = EDGE_CURVE ( 'NONE', #12490, #9887, #3602, .T. ) ;
#10740 = DIRECTION ( 'NONE',  ( 0.000000000000000000, 0.000000000000000000, -1.000000000000000000 ) ) ;
#10741 = CARTESIAN_POINT ( 'NONE',  ( 5.299999999999998934, 2.149999999999999911, 0.8199999999999999512 ) ) ;
#10742 = PLANE ( 'NONE',  #1910 ) ;
#10743 = ORIENTED_EDGE ( 'NONE', *, *, #9155, .T. ) ;
#10744 = DIRECTION ( 'NONE',  ( 0.000000000000000000, 0.000000000000000000, -1.000000000000000000 ) ) ;
#10745 = DIRECTION ( 'NONE',  ( 1.000000000000000000, 0.000000000000000000, 0.000000000000000000 ) ) ;
#10746 = ORIENTED_EDGE ( 'NONE', *, *, #8463, .T. ) ;
#10747 = MECHANICAL_DESIGN_GEOMETRIC_PRESENTATION_REPRESENTATION (  '', ( #5994 ), #4077 ) ;
#10748 = PRESENTATION_LAYER_ASSIGNMENT (  '', '', ( #1721 ) ) ;
#10749 = FILL_AREA_STYLE ('',( #3483 ) ) ;
#10750 = PRESENTATION_STYLE_ASSIGNMENT (( #9586 ) ) ;
#10751 = DIRECTION ( 'NONE',  ( 1.000000000000000000, 0.000000000000000000, -0.000000000000000000 ) ) ;
#10752 = FACE_OUTER_BOUND ( 'NONE', #11921, .T. ) ;
#10753 = ORIENTED_EDGE ( 'NONE', *, *, #1321, .F. ) ;
#10754 = AXIS2_PLACEMENT_3D ( 'NONE', #7974, #7779, #666 ) ;
#10755 = LINE ( 'NONE', #12825, #4291 ) ;
#10756 = AXIS2_PLACEMENT_3D ( 'NONE', #11082, #1862, #10062 ) ;
#10757 = EDGE_CURVE ( 'NONE', #11492, #981, #11688, .T. ) ;
#10758 = DIRECTION ( 'NONE',  ( 0.000000000000000000, -1.000000000000000000, -0.000000000000000000 ) ) ;
#10759 = DIRECTION ( 'NONE',  ( -1.000000000000000000, 0.000000000000000000, 0.000000000000000000 ) ) ;
#10760 = AXIS2_PLACEMENT_3D ( 'NONE', #3955, #5019, #11296 ) ;
#10761 = ORIENTED_EDGE ( 'NONE', *, *, #5630, .F. ) ;
#10762 = DIRECTION ( 'NONE',  ( -0.000000000000000000, 1.000000000000000000, -0.000000000000000000 ) ) ;
#10763 = PLANE ( 'NONE',  #3445 ) ;
#10764 = ORIENTED_EDGE ( 'NONE', *, *, #8276, .F. ) ;
#10765 = LINE ( 'NONE', #2482, #2216 ) ;
#10766 = CARTESIAN_POINT ( 'NONE',  ( -6.099999999999999645, 8.000000000000000000, 0.8199999999999999512 ) ) ;
#10767 = PRESENTATION_STYLE_ASSIGNMENT (( #9745 ) ) ;
#10768 = VECTOR ( 'NONE', #5882, 1000.000000000000000 ) ;
#10769 = FILL_AREA_STYLE_COLOUR ( '', #3618 ) ;
#10770 = VERTEX_POINT ( 'NONE', #8635 ) ;
#10771 =( LENGTH_UNIT ( ) NAMED_UNIT ( * ) SI_UNIT ( .MILLI., .METRE. ) );
#10772 = PRESENTATION_LAYER_ASSIGNMENT (  '', '', ( #10336 ) ) ;
#10773 = VECTOR ( 'NONE', #5270, 1000.000000000000000 ) ;
#10774 = CARTESIAN_POINT ( 'NONE',  ( 6.099999999999999645, 6.550000000000000711, 0.000000000000000000 ) ) ;
#10775 = PRESENTATION_LAYER_ASSIGNMENT (  '', '', ( #9696 ) ) ;
#10776 = EDGE_CURVE ( 'NONE', #7069, #11935, #524, .T. ) ;
#10777 = LINE ( 'NONE', #1546, #11568 ) ;
#10778 = DIRECTION ( 'NONE',  ( -0.000000000000000000, 1.000000000000000000, -0.000000000000000000 ) ) ;
#10779 = ORIENTED_EDGE ( 'NONE', *, *, #10182, .T. ) ;
#10780 = DIRECTION ( 'NONE',  ( -0.000000000000000000, 0.000000000000000000, 1.000000000000000000 ) ) ;
#10781 = PLANE ( 'NONE',  #377 ) ;
#10782 = STYLED_ITEM ( 'NONE', ( #7341 ), #12954 ) ;
#10783 = VERTEX_POINT ( 'NONE', #6489 ) ;
#10784 = PRESENTATION_LAYER_ASSIGNMENT (  '', '', ( #5386 ) ) ;
#10785 = PRESENTATION_STYLE_ASSIGNMENT (( #4816 ) ) ;
#10786 = PRESENTATION_STYLE_ASSIGNMENT (( #2770 ) ) ;
#10787 = FILL_AREA_STYLE ('',( #7656 ) ) ;
#10788 =( GEOMETRIC_REPRESENTATION_CONTEXT ( 3 ) GLOBAL_UNCERTAINTY_ASSIGNED_CONTEXT ( ( #6374 ) ) GLOBAL_UNIT_ASSIGNED_CONTEXT ( ( #11598, #5314, #10393 ) ) REPRESENTATION_CONTEXT ( 'NONE', 'WORKASPACE' ) );
#10789 = STYLED_ITEM ( 'NONE', ( #1765 ), #1241 ) ;
#10790 = DIRECTION ( 'NONE',  ( -6.672013369141566696E-17, 1.000000000000000000, -0.000000000000000000 ) ) ;
#10791 = EDGE_CURVE ( 'NONE', #8594, #12251, #2535, .T. ) ;
#10792 = VECTOR ( 'NONE', #7250, 1000.000000000000000 ) ;
#10793 = DIRECTION ( 'NONE',  ( -1.000000000000000000, 0.000000000000000000, 0.000000000000000000 ) ) ;
#10794 = VERTEX_POINT ( 'NONE', #11879 ) ;
#10795 =( NAMED_UNIT ( * ) PLANE_ANGLE_UNIT ( ) SI_UNIT ( $, .RADIAN. ) );
#10796 = VECTOR ( 'NONE', #8184, 1000.000000000000000 ) ;
#10797 = ADVANCED_FACE ( 'NONE', ( #2673 ), #4589, .F. ) ;
#10798 = DIRECTION ( 'NONE',  ( -0.000000000000000000, 1.000000000000000000, -0.000000000000000000 ) ) ;
#10799 = SURFACE_STYLE_FILL_AREA ( #506 ) ;
#10800 = CARTESIAN_POINT ( 'NONE',  ( -5.299999999999998934, 3.049999999999999822, 0.000000000000000000 ) ) ;
#10801 = EDGE_LOOP ( 'NONE', ( #13275, #8636, #7549, #976, #5372, #8456 ) ) ;
#10802 = SURFACE_STYLE_FILL_AREA ( #1504 ) ;
#10803 = ORIENTED_EDGE ( 'NONE', *, *, #718, .T. ) ;
#10804 = AXIS2_PLACEMENT_3D ( 'NONE', #11051, #2843, #817 ) ;
#10805 = VECTOR ( 'NONE', #10911, 1000.000000000000000 ) ;
#10806 = CARTESIAN_POINT ( 'NONE',  ( -5.299999999999998934, -6.550000000000000711, 0.8199999999999999512 ) ) ;
#10807 = EDGE_CURVE ( 'NONE', #1402, #7824, #6174, .T. ) ;
#10808 = PLANE ( 'NONE',  #2352 ) ;
#10809 = EDGE_CURVE ( 'NONE', #1570, #10107, #8275, .T. ) ;
#10810 = CARTESIAN_POINT ( 'NONE',  ( -6.099999999999999645, -0.8500000000000000888, 0.000000000000000000 ) ) ;
#10811 = ADVANCED_FACE ( 'NONE', ( #4985 ), #9854, .F. ) ;
#10812 = DIRECTION ( 'NONE',  ( -1.000000000000000000, -2.001604010742466558E-16, 0.000000000000000000 ) ) ;
#10813 = DIRECTION ( 'NONE',  ( 1.000000000000000000, 0.000000000000000000, 0.000000000000000000 ) ) ;
#10814 = CARTESIAN_POINT ( 'NONE',  ( 6.099999999999999645, -5.450000000000001066, 0.8199999999999999512 ) ) ;
#10815 =( GEOMETRIC_REPRESENTATION_CONTEXT ( 3 ) GLOBAL_UNCERTAINTY_ASSIGNED_CONTEXT ( ( #7471 ) ) GLOBAL_UNIT_ASSIGNED_CONTEXT ( ( #12834, #3683, #1536 ) ) REPRESENTATION_CONTEXT ( 'NONE', 'WORKASPACE' ) );
#10816 = DIRECTION ( 'NONE',  ( -1.000000000000000000, 0.000000000000000000, 0.000000000000000000 ) ) ;
#10817 = VERTEX_POINT ( 'NONE', #12399 ) ;
#10818 = DIRECTION ( 'NONE',  ( 1.000000000000000000, 0.000000000000000000, 0.000000000000000000 ) ) ;
#10819 = FILL_AREA_STYLE ('',( #2538 ) ) ;
#10820 = MECHANICAL_DESIGN_GEOMETRIC_PRESENTATION_REPRESENTATION (  '', ( #8645 ), #12752 ) ;
#10821 = DIRECTION ( 'NONE',  ( 1.000000000000000000, 0.000000000000000000, 0.000000000000000000 ) ) ;
#10822 = CARTESIAN_POINT ( 'NONE',  ( 6.099999999999999645, -6.550000000000000711, 0.8199999999999999512 ) ) ;
#10823 = EDGE_CURVE ( 'NONE', #4602, #981, #6753, .T. ) ;
#10824 = PRESENTATION_LAYER_ASSIGNMENT (  '', '', ( #3311 ) ) ;
#10825 = VERTEX_POINT ( 'NONE', #2097 ) ;
#10826 = FILL_AREA_STYLE ('',( #11824 ) ) ;
#10827 = EDGE_CURVE ( 'NONE', #16, #5015, #10875, .T. ) ;
#10828 = DIRECTION ( 'NONE',  ( -0.000000000000000000, -0.000000000000000000, -1.000000000000000000 ) ) ;
#10829 = PLANE ( 'NONE',  #1729 ) ;
#10830 = LINE ( 'NONE', #11947, #10279 ) ;
#10831 = VERTEX_POINT ( 'NONE', #968 ) ;
#10832 = CARTESIAN_POINT ( 'NONE',  ( -6.099999999999999645, 0.04999999999999969746, 0.000000000000000000 ) ) ;
#10833 = ORIENTED_EDGE ( 'NONE', *, *, #2516, .F. ) ;
#10834 = SURFACE_STYLE_FILL_AREA ( #6705 ) ;
#10835 = CARTESIAN_POINT ( 'NONE',  ( -6.099999999999999645, -3.050000000000000266, 0.8199999999999999512 ) ) ;
#10836 = FILL_AREA_STYLE ('',( #10769 ) ) ;
#10837 = ORIENTED_EDGE ( 'NONE', *, *, #9005, .F. ) ;
#10838 = CARTESIAN_POINT ( 'NONE',  ( -6.099999999999999645, -1.750000000000000444, 0.000000000000000000 ) ) ;
#10839 = EDGE_CURVE ( 'NONE', #2045, #6, #8828, .T. ) ;
#10840 = FILL_AREA_STYLE ('',( #12909 ) ) ;
#10841 = MECHANICAL_DESIGN_GEOMETRIC_PRESENTATION_REPRESENTATION (  '', ( #92 ), #1383 ) ;
#10842 = FILL_AREA_STYLE_COLOUR ( '', #8323 ) ;
#10843 = ORIENTED_EDGE ( 'NONE', *, *, #9545, .T. ) ;
#10844 = SURFACE_STYLE_FILL_AREA ( #3963 ) ;
#10845 = VERTEX_POINT ( 'NONE', #3981 ) ;
#10846 = PLANE ( 'NONE',  #6916 ) ;
#10847 = SURFACE_SIDE_STYLE ('',( #3632 ) ) ;
#10848 = CARTESIAN_POINT ( 'NONE',  ( -6.099999999999999645, 3.049999999999999822, 0.000000000000000000 ) ) ;
#10849 =( LENGTH_UNIT ( ) NAMED_UNIT ( * ) SI_UNIT ( .MILLI., .METRE. ) );
#10850 = CARTESIAN_POINT ( 'NONE',  ( 6.099999999999999645, -6.550000000000000711, 0.8199999999999999512 ) ) ;
#10851 = EDGE_CURVE ( 'NONE', #7684, #8813, #724, .T. ) ;
#10852 = LINE ( 'NONE', #8870, #7043 ) ;
#10853 = UNCERTAINTY_MEASURE_WITH_UNIT (LENGTH_MEASURE( 1.000000000000000082E-05 ), #5268, 'distance_accuracy_value', 'NONE');
#10854 = DIRECTION ( 'NONE',  ( 0.000000000000000000, -1.000000000000000000, 0.000000000000000000 ) ) ;
#10855 = ORIENTED_EDGE ( 'NONE', *, *, #13234, .F. ) ;
#10856 = DIRECTION ( 'NONE',  ( -1.000000000000000000, -0.000000000000000000, -0.000000000000000000 ) ) ;
#10857 = CARTESIAN_POINT ( 'NONE',  ( 6.099999999999999645, -7.000000000000000000, 0.000000000000000000 ) ) ;
#10858 = ORIENTED_EDGE ( 'NONE', *, *, #5799, .F. ) ;
#10859 = FILL_AREA_STYLE ('',( #6800 ) ) ;
#10860 = CARTESIAN_POINT ( 'NONE',  ( 6.099999999999999645, 3.049999999999999822, 0.8199999999999999512 ) ) ;
#10861 = ORIENTED_EDGE ( 'NONE', *, *, #6055, .T. ) ;
#10862 = FILL_AREA_STYLE ('',( #6931 ) ) ;
#10863 = SURFACE_SIDE_STYLE ('',( #12747 ) ) ;
#10864 = EDGE_CURVE ( 'NONE', #9030, #7450, #4046, .T. ) ;
#10865 = LINE ( 'NONE', #11731, #12043 ) ;
#10866 = EDGE_CURVE ( 'NONE', #11064, #3146, #10083, .T. ) ;
#10867 = DIRECTION ( 'NONE',  ( 0.000000000000000000, -0.000000000000000000, 1.000000000000000000 ) ) ;
#10868 =( NAMED_UNIT ( * ) SI_UNIT ( $, .STERADIAN. ) SOLID_ANGLE_UNIT ( ) );
#10869 = DIRECTION ( 'NONE',  ( 0.000000000000000000, -0.000000000000000000, 1.000000000000000000 ) ) ;
#10870 = CARTESIAN_POINT ( 'NONE',  ( -5.299999999999998934, -5.250000000000000000, 0.8199999999999999512 ) ) ;
#10871 =( NAMED_UNIT ( * ) SI_UNIT ( $, .STERADIAN. ) SOLID_ANGLE_UNIT ( ) );
#10872 = ORIENTED_EDGE ( 'NONE', *, *, #7030, .T. ) ;
#10873 = DIRECTION ( 'NONE',  ( 0.000000000000000000, -1.000000000000000000, 0.000000000000000000 ) ) ;
#10874 = DIRECTION ( 'NONE',  ( -1.000000000000000000, 0.000000000000000000, -0.000000000000000000 ) ) ;
#10875 = LINE ( 'NONE', #12264, #5990 ) ;
#10876 = ORIENTED_EDGE ( 'NONE', *, *, #3621, .F. ) ;
#10877 =( NAMED_UNIT ( * ) SI_UNIT ( $, .STERADIAN. ) SOLID_ANGLE_UNIT ( ) );
#10878 =( NAMED_UNIT ( * ) PLANE_ANGLE_UNIT ( ) SI_UNIT ( $, .RADIAN. ) );
#10879 =( GEOMETRIC_REPRESENTATION_CONTEXT ( 3 ) GLOBAL_UNCERTAINTY_ASSIGNED_CONTEXT ( ( #7343 ) ) GLOBAL_UNIT_ASSIGNED_CONTEXT ( ( #3161, #12582, #9598 ) ) REPRESENTATION_CONTEXT ( 'NONE', 'WORKASPACE' ) );
#10880 = DIRECTION ( 'NONE',  ( 0.000000000000000000, 0.000000000000000000, -1.000000000000000000 ) ) ;
#10881 = AXIS2_PLACEMENT_3D ( 'NONE', #2936, #7009, #4997 ) ;
#10882 = UNCERTAINTY_MEASURE_WITH_UNIT (LENGTH_MEASURE( 1.000000000000000082E-05 ), #3091, 'distance_accuracy_value', 'NONE');
#10883 = ORIENTED_EDGE ( 'NONE', *, *, #3906, .T. ) ;
#10884 = FILL_AREA_STYLE ('',( #1461 ) ) ;
#10885 = DIRECTION ( 'NONE',  ( 0.000000000000000000, 0.000000000000000000, -1.000000000000000000 ) ) ;
#10886 =( NAMED_UNIT ( * ) PLANE_ANGLE_UNIT ( ) SI_UNIT ( $, .RADIAN. ) );
#10887 = VECTOR ( 'NONE', #9890, 1000.000000000000000 ) ;
#10888 = EDGE_LOOP ( 'NONE', ( #8861, #8691, #2304, #9293 ) ) ;
#10889 = FACE_OUTER_BOUND ( 'NONE', #12758, .T. ) ;
#10890 =( NAMED_UNIT ( * ) SI_UNIT ( $, .STERADIAN. ) SOLID_ANGLE_UNIT ( ) );
#10891 = ORIENTED_EDGE ( 'NONE', *, *, #7998, .F. ) ;
#10892 =( LENGTH_UNIT ( ) NAMED_UNIT ( * ) SI_UNIT ( .MILLI., .METRE. ) );
#10893 = FACE_OUTER_BOUND ( 'NONE', #3895, .T. ) ;
#10894 = DIRECTION ( 'NONE',  ( 0.000000000000000000, 0.000000000000000000, -1.000000000000000000 ) ) ;
#10895 = ORIENTED_EDGE ( 'NONE', *, *, #9748, .T. ) ;
#10896 = STYLED_ITEM ( 'NONE', ( #4752 ), #533 ) ;
#10897 = SURFACE_STYLE_FILL_AREA ( #12019 ) ;
#10898 = VECTOR ( 'NONE', #7808, 1000.000000000000000 ) ;
#10899 = ADVANCED_FACE ( 'NONE', ( #10249 ), #3729, .T. ) ;
#10900 = COLOUR_RGB ( '',0.000000000000000000, 1.000000000000000000, 0.000000000000000000 ) ;
#10901 = CARTESIAN_POINT ( 'NONE',  ( 6.099999999999999645, -5.450000000000001066, 0.8199999999999999512 ) ) ;
#10902 = DIRECTION ( 'NONE',  ( -1.000000000000000000, 0.000000000000000000, 0.000000000000000000 ) ) ;
#10903 = CARTESIAN_POINT ( 'NONE',  ( -6.099999999999999645, 8.000000000000000000, 0.8199999999999999512 ) ) ;
#10904 = EDGE_LOOP ( 'NONE', ( #8945, #12686, #4010, #569 ) ) ;
#10905 = EDGE_CURVE ( 'NONE', #13136, #1087, #11268, .T. ) ;
#10906 = EDGE_CURVE ( 'NONE', #8583, #11450, #10386, .T. ) ;
#10907 = LINE ( 'NONE', #1677, #572 ) ;
#10908 = CARTESIAN_POINT ( 'NONE',  ( 6.099999999999999645, -1.950000000000000178, 0.8199999999999999512 ) ) ;
#10909 = ORIENTED_EDGE ( 'NONE', *, *, #9531, .F. ) ;
#10910 = VECTOR ( 'NONE', #2965, 1000.000000000000000 ) ;
#10911 = DIRECTION ( 'NONE',  ( 0.000000000000000000, 0.000000000000000000, -1.000000000000000000 ) ) ;
#10912 = LINE ( 'NONE', #3759, #10152 ) ;
#10913 = LINE ( 'NONE', #4760, #11948 ) ;
#10914 = PLANE ( 'NONE',  #8775 ) ;
#10915 = FILL_AREA_STYLE ('',( #6788 ) ) ;
#10916 =( NAMED_UNIT ( * ) SI_UNIT ( $, .STERADIAN. ) SOLID_ANGLE_UNIT ( ) );
#10917 = MECHANICAL_DESIGN_GEOMETRIC_PRESENTATION_REPRESENTATION (  '', ( #7890 ), #5729 ) ;
#10918 = STYLED_ITEM ( 'NONE', ( #9753 ), #2800 ) ;
#10919 = VECTOR ( 'NONE', #10778, 1000.000000000000000 ) ;
#10920 = DIRECTION ( 'NONE',  ( 1.000000000000000000, 0.000000000000000000, 0.000000000000000000 ) ) ;
#10921 = EDGE_LOOP ( 'NONE', ( #12222, #8003, #6207, #6879 ) ) ;
#10922 = EDGE_CURVE ( 'NONE', #7829, #8211, #3184, .T. ) ;
#10923 = CARTESIAN_POINT ( 'NONE',  ( -6.099999999999999645, 0.04999999999999969746, 0.000000000000000000 ) ) ;
#10924 = FILL_AREA_STYLE_COLOUR ( '', #11186 ) ;
#10925 = EDGE_LOOP ( 'NONE', ( #5283, #1775, #8306, #5958 ) ) ;
#10926 = DIRECTION ( 'NONE',  ( 1.000000000000000000, 0.000000000000000000, 0.000000000000000000 ) ) ;
#10927 = DIRECTION ( 'NONE',  ( 0.000000000000000000, -1.000000000000000000, 0.000000000000000000 ) ) ;
#10928 = CARTESIAN_POINT ( 'NONE',  ( -6.099999999999999645, -1.950000000000000178, 0.000000000000000000 ) ) ;
#10929 = ORIENTED_EDGE ( 'NONE', *, *, #8245, .F. ) ;
#10930 =( NAMED_UNIT ( * ) PLANE_ANGLE_UNIT ( ) SI_UNIT ( $, .RADIAN. ) );
#10931 = CIRCLE ( 'NONE', #7476, 0.2500000000000002220 ) ;
#10932 = STYLED_ITEM ( 'NONE', ( #4393 ), #10494 ) ;
#10933 = CARTESIAN_POINT ( 'NONE',  ( -5.299999999999998934, -2.150000000000000355, 0.8199999999999999512 ) ) ;
#10934 = PRESENTATION_STYLE_ASSIGNMENT (( #516 ) ) ;
#10935 = VERTEX_POINT ( 'NONE', #5380 ) ;
#10936 = ADVANCED_FACE ( 'NONE', ( #5251 ), #3258, .F. ) ;
#10937 = DIRECTION ( 'NONE',  ( -0.000000000000000000, -0.000000000000000000, -1.000000000000000000 ) ) ;
#10938 = CARTESIAN_POINT ( 'NONE',  ( 6.099999999999999645, 5.649999999999999467, 0.000000000000000000 ) ) ;
#10939 = CIRCLE ( 'NONE', #1479, 0.2500000000000002220 ) ;
#10940 = MECHANICAL_DESIGN_GEOMETRIC_PRESENTATION_REPRESENTATION (  '', ( #8138 ), #4892 ) ;
#10941 = LINE ( 'NONE', #5670, #9046 ) ;
#10942 = SURFACE_STYLE_FILL_AREA ( #6815 ) ;
#10943 = CARTESIAN_POINT ( 'NONE',  ( -5.299999999999998934, 4.150000000000000355, 0.8199999999999999512 ) ) ;
#10944 = DIRECTION ( 'NONE',  ( -1.000000000000000000, 0.000000000000000000, 0.000000000000000000 ) ) ;
#10945 = ORIENTED_EDGE ( 'NONE', *, *, #4886, .T. ) ;
#10946 =( NAMED_UNIT ( * ) SI_UNIT ( $, .STERADIAN. ) SOLID_ANGLE_UNIT ( ) );
#10947 = DIRECTION ( 'NONE',  ( -0.000000000000000000, -0.000000000000000000, 1.000000000000000000 ) ) ;
#10948 = COLOUR_RGB ( '',0.9411764705882352811, 0.6274509803921568540, 0.05490196078431372473 ) ;
#10949 = STYLED_ITEM ( 'NONE', ( #6065 ), #6497 ) ;
#10950 = SURFACE_STYLE_USAGE ( .BOTH. , #2737 ) ;
#10951 = AXIS2_PLACEMENT_3D ( 'NONE', #8166, #7414, #9437 ) ;
#10952 = VECTOR ( 'NONE', #5735, 1000.000000000000000 ) ;
#10953 = ORIENTED_EDGE ( 'NONE', *, *, #311, .T. ) ;
#10954 = ADVANCED_FACE ( 'NONE', ( #8599 ), #4377, .T. ) ;
#10955 =( LENGTH_UNIT ( ) NAMED_UNIT ( * ) SI_UNIT ( .MILLI., .METRE. ) );
#10956 = PRESENTATION_STYLE_ASSIGNMENT (( #11757 ) ) ;
#10957 = AXIS2_PLACEMENT_3D ( 'NONE', #12481, #12548, #5460 ) ;
#10958 = VECTOR ( 'NONE', #10813, 1000.000000000000000 ) ;
#10959 = ORIENTED_EDGE ( 'NONE', *, *, #2836, .T. ) ;
#10960 = CARTESIAN_POINT ( 'NONE',  ( 6.099999999999999645, -5.450000000000001066, 0.000000000000000000 ) ) ;
#10961 = DIRECTION ( 'NONE',  ( 0.000000000000000000, 0.000000000000000000, -1.000000000000000000 ) ) ;
#10962 = SURFACE_STYLE_USAGE ( .BOTH. , #4742 ) ;
#10963 = ORIENTED_EDGE ( 'NONE', *, *, #5103, .T. ) ;
#10964 = STYLED_ITEM ( 'NONE', ( #8279 ), #12191 ) ;
#10965 = AXIS2_PLACEMENT_3D ( 'NONE', #1822, #2082, #3107 ) ;
#10966 = DIRECTION ( 'NONE',  ( 0.000000000000000000, 1.000000000000000000, 0.000000000000000000 ) ) ;
#10967 =( NAMED_UNIT ( * ) PLANE_ANGLE_UNIT ( ) SI_UNIT ( $, .RADIAN. ) );
#10968 = CARTESIAN_POINT ( 'NONE',  ( -5.299999999999998934, 7.450000000000000178, 0.000000000000000000 ) ) ;
#10969 = DIRECTION ( 'NONE',  ( 1.000000000000000000, 0.000000000000000000, -0.000000000000000000 ) ) ;
#10970 = CARTESIAN_POINT ( 'NONE',  ( 6.099999999999999645, 8.000000000000000000, 0.000000000000000000 ) ) ;
#10971 = PRESENTATION_LAYER_ASSIGNMENT (  '', '', ( #5788 ) ) ;
#10972 = UNCERTAINTY_MEASURE_WITH_UNIT (LENGTH_MEASURE( 1.000000000000000082E-05 ), #9217, 'distance_accuracy_value', 'NONE');
#10973 = DIRECTION ( 'NONE',  ( 0.000000000000000000, 0.000000000000000000, 1.000000000000000000 ) ) ;
#10974 =( NAMED_UNIT ( * ) SI_UNIT ( $, .STERADIAN. ) SOLID_ANGLE_UNIT ( ) );
#10975 = EDGE_CURVE ( 'NONE', #4928, #9099, #5510, .T. ) ;
#10976 = EDGE_LOOP ( 'NONE', ( #6893, #8758, #7995, #13174, #4177, #11909, #3886 ) ) ;
#10977 =( LENGTH_UNIT ( ) NAMED_UNIT ( * ) SI_UNIT ( .MILLI., .METRE. ) );
#10978 = EDGE_CURVE ( 'NONE', #8321, #7599, #7466, .T. ) ;
#10979 = ORIENTED_EDGE ( 'NONE', *, *, #8218, .T. ) ;
#10980 = PRESENTATION_STYLE_ASSIGNMENT (( #754 ) ) ;
#10981 = MECHANICAL_DESIGN_GEOMETRIC_PRESENTATION_REPRESENTATION (  '', ( #7487 ), #13298 ) ;
#10982 = CARTESIAN_POINT ( 'NONE',  ( 5.299999999999998934, -3.250000000000000444, 0.8199999999999999512 ) ) ;
#10983 = PRESENTATION_STYLE_ASSIGNMENT (( #9824 ) ) ;
#10984 = VECTOR ( 'NONE', #4795, 1000.000000000000000 ) ;
#10985 =( LENGTH_UNIT ( ) NAMED_UNIT ( * ) SI_UNIT ( .MILLI., .METRE. ) );
#10986 = COLOUR_RGB ( '',0.9411764705882352811, 0.6274509803921568540, 0.05490196078431372473 ) ;
#10987 = PRESENTATION_STYLE_ASSIGNMENT (( #12038 ) ) ;
#10988 = COLOUR_RGB ( '',0.000000000000000000, 1.000000000000000000, 0.000000000000000000 ) ;
#10989 = EDGE_CURVE ( 'NONE', #12527, #230, #10737, .T. ) ;
#10990 = DIRECTION ( 'NONE',  ( -0.000000000000000000, 1.000000000000000000, 0.000000000000000000 ) ) ;
#10991 = UNCERTAINTY_MEASURE_WITH_UNIT (LENGTH_MEASURE( 1.000000000000000082E-05 ), #8236, 'distance_accuracy_value', 'NONE');
#10992 = COLOUR_RGB ( '',0.9411764705882352811, 0.6274509803921568540, 0.05490196078431372473 ) ;
#10993 = DIRECTION ( 'NONE',  ( 0.000000000000000000, 0.000000000000000000, -1.000000000000000000 ) ) ;
#10994 = ORIENTED_EDGE ( 'NONE', *, *, #8512, .F. ) ;
#10995 = FACE_OUTER_BOUND ( 'NONE', #9986, .T. ) ;
#10996 = FACE_OUTER_BOUND ( 'NONE', #6910, .T. ) ;
#10997 = EDGE_LOOP ( 'NONE', ( #6371, #11388, #2536, #2274 ) ) ;
#10998 = VECTOR ( 'NONE', #10937, 1000.000000000000000 ) ;
#10999 = FILL_AREA_STYLE ('',( #6865 ) ) ;
#11000 = CARTESIAN_POINT ( 'NONE',  ( 6.099999999999999645, 7.450000000000000178, 0.8199999999999999512 ) ) ;
#11001 = VECTOR ( 'NONE', #2666, 1000.000000000000000 ) ;
#11002 = DIRECTION ( 'NONE',  ( -1.000000000000000000, -0.000000000000000000, -0.000000000000000000 ) ) ;
#11003 = ORIENTED_EDGE ( 'NONE', *, *, #3005, .T. ) ;
#11004 = CARTESIAN_POINT ( 'NONE',  ( 6.099999999999999645, 5.450000000000000178, 0.8199999999999999512 ) ) ;
#11005 = STYLED_ITEM ( 'NONE', ( #6982 ), #13165 ) ;
#11006 = AXIS2_PLACEMENT_3D ( 'NONE', #7777, #8843, #11893 ) ;
#11007 = CARTESIAN_POINT ( 'NONE',  ( 6.099999999999999645, 8.000000000000000000, 0.000000000000000000 ) ) ;
#11008 = ADVANCED_FACE ( 'NONE', ( #8536 ), #4690, .F. ) ;
#11009 = VECTOR ( 'NONE', #8542, 1000.000000000000000 ) ;
#11010 = UNCERTAINTY_MEASURE_WITH_UNIT (LENGTH_MEASURE( 1.000000000000000082E-05 ), #12831, 'distance_accuracy_value', 'NONE');
#11011 = SURFACE_STYLE_USAGE ( .BOTH. , #13007 ) ;
#11012 = ORIENTED_EDGE ( 'NONE', *, *, #2502, .F. ) ;
#11013 = SURFACE_STYLE_USAGE ( .BOTH. , #649 ) ;
#11014 =( NAMED_UNIT ( * ) PLANE_ANGLE_UNIT ( ) SI_UNIT ( $, .RADIAN. ) );
#11015 = CARTESIAN_POINT ( 'NONE',  ( -6.099999999999999645, -1.950000000000000178, 0.8199999999999999512 ) ) ;
#11016 = VECTOR ( 'NONE', #1919, 1000.000000000000000 ) ;
#11017 = ORIENTED_EDGE ( 'NONE', *, *, #6370, .F. ) ;
#11018 = LINE ( 'NONE', #4648, #1539 ) ;
#11019 = FACE_OUTER_BOUND ( 'NONE', #12964, .T. ) ;
#11020 = CARTESIAN_POINT ( 'NONE',  ( 6.099999999999999645, 3.250000000000000444, 0.8199999999999999512 ) ) ;
#11021 = VERTEX_POINT ( 'NONE', #4818 ) ;
#11022 = CARTESIAN_POINT ( 'NONE',  ( -3.999999999999996447, -6.000000000000000000, 2.400000000000000355 ) ) ;
#11023 = CARTESIAN_POINT ( 'NONE',  ( -6.099999999999999645, 3.449999999999999734, 0.000000000000000000 ) ) ;
#11024 = CARTESIAN_POINT ( 'NONE',  ( -6.099999999999999645, 4.549999999999999822, 0.000000000000000000 ) ) ;
#11025 = LINE ( 'NONE', #4001, #12697 ) ;
#11026 = EDGE_CURVE ( 'NONE', #5801, #9772, #5571, .T. ) ;
#11027 = AXIS2_PLACEMENT_3D ( 'NONE', #6927, #7939, #1831 ) ;
#11028 = ORIENTED_EDGE ( 'NONE', *, *, #311, .F. ) ;
#11029 = CARTESIAN_POINT ( 'NONE',  ( -4.499999999999998224, -6.500000000000000000, 1.900000000000000355 ) ) ;
#11030 = STYLED_ITEM ( 'NONE', ( #10631 ), #9251 ) ;
#11031 = DIRECTION ( 'NONE',  ( 1.000000000000000000, 0.000000000000000000, 0.000000000000000000 ) ) ;
#11032 = ORIENTED_EDGE ( 'NONE', *, *, #7144, .T. ) ;
#11033 = DIRECTION ( 'NONE',  ( 0.000000000000000000, -0.000000000000000000, 1.000000000000000000 ) ) ;
#11034 = ORIENTED_EDGE ( 'NONE', *, *, #11786, .T. ) ;
#11035 = COLOUR_RGB ( '',0.7921568627450980005, 0.8196078431372548767, 0.9333333333333333481 ) ;
#11036 = LINE ( 'NONE', #8291, #6925 ) ;
#11037 = SURFACE_STYLE_FILL_AREA ( #11164 ) ;
#11038 = FILL_AREA_STYLE_COLOUR ( '', #6623 ) ;
#11039 = CARTESIAN_POINT ( 'NONE',  ( 6.099999999999999645, 5.899999999999999467, 0.000000000000000000 ) ) ;
#11040 = VECTOR ( 'NONE', #9261, 1000.000000000000000 ) ;
#11041 = ADVANCED_FACE ( 'NONE', ( #3698 ), #10914, .T. ) ;
#11042 = EDGE_CURVE ( 'NONE', #7086, #6161, #9762, .T. ) ;
#11043 = FACE_OUTER_BOUND ( 'NONE', #8596, .T. ) ;
#11044 = DIRECTION ( 'NONE',  ( -1.000000000000000000, 0.000000000000000000, 0.000000000000000000 ) ) ;
#11045 = DIRECTION ( 'NONE',  ( -1.626303258728256651E-16, 1.000000000000000000, 0.000000000000000000 ) ) ;
#11046 = ORIENTED_EDGE ( 'NONE', *, *, #11784, .T. ) ;
#11047 = CARTESIAN_POINT ( 'NONE',  ( -5.299999999999998934, 5.249999999999999112, 0.8199999999999999512 ) ) ;
#11048 = DIRECTION ( 'NONE',  ( 0.000000000000000000, -0.000000000000000000, 1.000000000000000000 ) ) ;
#11049 = ORIENTED_EDGE ( 'NONE', *, *, #5993, .T. ) ;
#11050 =( NAMED_UNIT ( * ) SI_UNIT ( $, .STERADIAN. ) SOLID_ANGLE_UNIT ( ) );
#11051 = CARTESIAN_POINT ( 'NONE',  ( -6.099999999999999645, 8.000000000000000000, 0.8199999999999999512 ) ) ;
#11052 = COLOUR_RGB ( '',0.9411764705882352811, 0.6274509803921568540, 0.05490196078431372473 ) ;
#11053 = EDGE_CURVE ( 'NONE', #10468, #2658, #9229, .T. ) ;
#11054 = FILL_AREA_STYLE_COLOUR ( '', #3476 ) ;
#11055 = LINE ( 'NONE', #1135, #10572 ) ;
#11056 = ORIENTED_EDGE ( 'NONE', *, *, #12531, .T. ) ;
#11057 =( NAMED_UNIT ( * ) SI_UNIT ( $, .STERADIAN. ) SOLID_ANGLE_UNIT ( ) );
#11058 = CARTESIAN_POINT ( 'NONE',  ( 5.299999999999998934, 7.450000000000000178, 0.000000000000000000 ) ) ;
#11059 = VERTEX_POINT ( 'NONE', #3516 ) ;
#11060 =( GEOMETRIC_REPRESENTATION_CONTEXT ( 3 ) GLOBAL_UNCERTAINTY_ASSIGNED_CONTEXT ( ( #530 ) ) GLOBAL_UNIT_ASSIGNED_CONTEXT ( ( #2828, #1540, #8916 ) ) REPRESENTATION_CONTEXT ( 'NONE', 'WORKASPACE' ) );
#11061 = EDGE_LOOP ( 'NONE', ( #12363, #13154, #11597, #13205, #4775, #597, #11196 ) ) ;
#11062 = CARTESIAN_POINT ( 'NONE',  ( 5.299999999999998934, -1.950000000000000178, 0.000000000000000000 ) ) ;
#11063 = EDGE_CURVE ( 'NONE', #1087, #8587, #12848, .T. ) ;
#11064 = VERTEX_POINT ( 'NONE', #5774 ) ;
#11065 = SURFACE_STYLE_FILL_AREA ( #3722 ) ;
#11066 = DIRECTION ( 'NONE',  ( -1.000000000000000000, 0.000000000000000000, -0.000000000000000000 ) ) ;
#11067 = DIRECTION ( 'NONE',  ( 0.000000000000000000, 0.000000000000000000, -1.000000000000000000 ) ) ;
#11068 = ORIENTED_EDGE ( 'NONE', *, *, #1779, .F. ) ;
#11069 = EDGE_CURVE ( 'NONE', #5354, #1371, #7860, .T. ) ;
#11070 = PLANE ( 'NONE',  #12723 ) ;
#11071 =( NAMED_UNIT ( * ) PLANE_ANGLE_UNIT ( ) SI_UNIT ( $, .RADIAN. ) );
#11072 = CARTESIAN_POINT ( 'NONE',  ( -6.099999999999999645, -5.650000000000000355, 0.000000000000000000 ) ) ;
#11073 = DIRECTION ( 'NONE',  ( 0.000000000000000000, 0.000000000000000000, 1.000000000000000000 ) ) ;
#11074 = ADVANCED_FACE ( 'NONE', ( #1756 ), #818, .T. ) ;
#11075 = ORIENTED_EDGE ( 'NONE', *, *, #2191, .F. ) ;
#11076 = DIRECTION ( 'NONE',  ( -1.000000000000000000, 0.000000000000000000, 0.000000000000000000 ) ) ;
#11077 = CARTESIAN_POINT ( 'NONE',  ( -6.099999999999996980, -8.000000000000000000, 0.000000000000000000 ) ) ;
#11078 = PLANE ( 'NONE',  #7037 ) ;
#11079 = ORIENTED_EDGE ( 'NONE', *, *, #11053, .T. ) ;
#11080 = CARTESIAN_POINT ( 'NONE',  ( 5.299999999999998934, -2.150000000000000355, 0.8199999999999999512 ) ) ;
#11081 = SURFACE_STYLE_USAGE ( .BOTH. , #4662 ) ;
#11082 = CARTESIAN_POINT ( 'NONE',  ( 6.099999999999999645, -2.600000000000000533, 0.8199999999999999512 ) ) ;
#11083 = VERTEX_POINT ( 'NONE', #2970 ) ;
#11084 = DIRECTION ( 'NONE',  ( 1.000000000000000000, 0.000000000000000000, 0.000000000000000000 ) ) ;
#11085 = SURFACE_SIDE_STYLE ('',( #2619 ) ) ;
#11086 = EDGE_CURVE ( 'NONE', #6392, #3509, #891, .T. ) ;
#11087 = AXIS2_PLACEMENT_3D ( 'NONE', #1415, #6380, #1286 ) ;
#11088 = DIRECTION ( 'NONE',  ( -0.000000000000000000, 1.000000000000000000, -0.000000000000000000 ) ) ;
#11089 = ORIENTED_EDGE ( 'NONE', *, *, #591, .F. ) ;
#11090 = VECTOR ( 'NONE', #4388, 1000.000000000000000 ) ;
#11091 = LINE ( 'NONE', #8229, #3089 ) ;
#11092 = CARTESIAN_POINT ( 'NONE',  ( 5.849999999999999645, 2.600000000000000089, 0.8199999999999999512 ) ) ;
#11093 = ORIENTED_EDGE ( 'NONE', *, *, #5339, .F. ) ;
#11094 = CARTESIAN_POINT ( 'NONE',  ( -6.099999999999999645, 8.000000000000000000, 0.8199999999999999512 ) ) ;
#11095 = CARTESIAN_POINT ( 'NONE',  ( -6.099999999999999645, -1.950000000000000178, 0.8199999999999999512 ) ) ;
#11096 = VECTOR ( 'NONE', #10509, 1000.000000000000000 ) ;
#11097 = LINE ( 'NONE', #6087, #5928 ) ;
#11098 = UNCERTAINTY_MEASURE_WITH_UNIT (LENGTH_MEASURE( 1.000000000000000082E-05 ), #1547, 'distance_accuracy_value', 'NONE');
#11099 =( LENGTH_UNIT ( ) NAMED_UNIT ( * ) SI_UNIT ( .MILLI., .METRE. ) );
#11100 = EDGE_LOOP ( 'NONE', ( #4340, #1597, #267, #2389 ) ) ;
#11101 = CARTESIAN_POINT ( 'NONE',  ( 5.299999999999998934, -4.350000000000000533, 0.8199999999999999512 ) ) ;
#11102 = VERTEX_POINT ( 'NONE', #7926 ) ;
#11103 = ADVANCED_FACE ( 'NONE', ( #5100 ), #3905, .T. ) ;
#11104 = LINE ( 'NONE', #11047, #2498 ) ;
#11105 = CARTESIAN_POINT ( 'NONE',  ( 5.299999999999998934, -3.250000000000000444, 0.8199999999999999512 ) ) ;
#11106 = MECHANICAL_DESIGN_GEOMETRIC_PRESENTATION_REPRESENTATION (  '', ( #9576 ), #12441 ) ;
#11107 = ORIENTED_EDGE ( 'NONE', *, *, #6117, .T. ) ;
#11108 = AXIS2_PLACEMENT_3D ( 'NONE', #4873, #2897, #10153 ) ;
#11109 = SURFACE_STYLE_USAGE ( .BOTH. , #9203 ) ;
#11110 = PRESENTATION_STYLE_ASSIGNMENT (( #5099 ) ) ;
#11111 = CARTESIAN_POINT ( 'NONE',  ( 5.299999999999998934, 0.04999999999999969746, 0.8199999999999999512 ) ) ;
#11112 = LINE ( 'NONE', #6096, #8573 ) ;
#11113 = EDGE_CURVE ( 'NONE', #4864, #1242, #11112, .T. ) ;
#11114 = MECHANICAL_DESIGN_GEOMETRIC_PRESENTATION_REPRESENTATION (  '', ( #4007 ), #4839 ) ;
#11116 =( GEOMETRIC_REPRESENTATION_CONTEXT ( 3 ) GLOBAL_UNCERTAINTY_ASSIGNED_CONTEXT ( ( #9233 ) ) GLOBAL_UNIT_ASSIGNED_CONTEXT ( ( #4420, #7640, #12776 ) ) REPRESENTATION_CONTEXT ( 'NONE', 'WORKASPACE' ) );
#11115 = DIRECTION ( 'NONE',  ( -1.000000000000000000, 0.000000000000000000, 0.000000000000000000 ) ) ;
#11117 = VERTEX_POINT ( 'NONE', #1888 ) ;
#11118 = CLOSED_SHELL ( 'NONE', ( #1837, #11490, #4786, #12356, #13279, #4603, #8603, #10333 ) ) ;
#11119 = STYLED_ITEM ( 'NONE', ( #2487 ), #459 ) ;
#11120 = UNCERTAINTY_MEASURE_WITH_UNIT (LENGTH_MEASURE( 1.000000000000000082E-05 ), #9504, 'distance_accuracy_value', 'NONE');
#11121 = DIRECTION ( 'NONE',  ( 0.000000000000000000, -1.000000000000000000, 0.000000000000000000 ) ) ;
#11122 = ORIENTED_EDGE ( 'NONE', *, *, #5677, .T. ) ;
#11123 = EDGE_CURVE ( 'NONE', #6280, #8503, #11255, .T. ) ;
#11124 = CARTESIAN_POINT ( 'NONE',  ( -6.099999999999999645, 0.04999999999999969746, 0.8199999999999999512 ) ) ;
#11125 = DIRECTION ( 'NONE',  ( -1.000000000000000000, -0.000000000000000000, -0.000000000000000000 ) ) ;
#11126 = FILL_AREA_STYLE_COLOUR ( '', #2796 ) ;
#11127 = VERTEX_POINT ( 'NONE', #4963 ) ;
#11128 = DIRECTION ( 'NONE',  ( -0.000000000000000000, 0.000000000000000000, 1.000000000000000000 ) ) ;
#11129 = FILL_AREA_STYLE ('',( #5116 ) ) ;
#11130 = ORIENTED_EDGE ( 'NONE', *, *, #3803, .F. ) ;
#11131 = LINE ( 'NONE', #9094, #8149 ) ;
#11132 = COLOUR_RGB ( '',0.9411764705882352811, 0.6274509803921568540, 0.05490196078431372473 ) ;
#11133 = STYLED_ITEM ( 'NONE', ( #5062 ), #2772 ) ;
#11134 = CARTESIAN_POINT ( 'NONE',  ( -5.299999999999998934, 3.049999999999999822, 0.000000000000000000 ) ) ;
#11135 = UNCERTAINTY_MEASURE_WITH_UNIT (LENGTH_MEASURE( 1.000000000000000082E-05 ), #8893, 'distance_accuracy_value', 'NONE');
#11136 = CARTESIAN_POINT ( 'NONE',  ( 6.099999999999999645, 3.950000000000000178, 0.000000000000000000 ) ) ;
#11137 = VERTEX_POINT ( 'NONE', #3032 ) ;
#11138 = FILL_AREA_STYLE ('',( #2928 ) ) ;
#11139 = FACE_OUTER_BOUND ( 'NONE', #10239, .T. ) ;
#11140 = SURFACE_STYLE_USAGE ( .BOTH. , #6122 ) ;
#11141 =( GEOMETRIC_REPRESENTATION_CONTEXT ( 3 ) GLOBAL_UNCERTAINTY_ASSIGNED_CONTEXT ( ( #12161 ) ) GLOBAL_UNIT_ASSIGNED_CONTEXT ( ( #11192, #143, #1967 ) ) REPRESENTATION_CONTEXT ( 'NONE', 'WORKASPACE' ) );
#11142 = DIRECTION ( 'NONE',  ( 0.000000000000000000, -1.000000000000000000, 0.000000000000000000 ) ) ;
#11143 = FILL_AREA_STYLE ('',( #2934 ) ) ;
#11144 = FACE_OUTER_BOUND ( 'NONE', #2035, .T. ) ;
#11145 = EDGE_CURVE ( 'NONE', #13044, #4916, #9073, .T. ) ;
#11146 = EDGE_LOOP ( 'NONE', ( #10231, #5756, #3096, #3755 ) ) ;
#11147 =( LENGTH_UNIT ( ) NAMED_UNIT ( * ) SI_UNIT ( .MILLI., .METRE. ) );
#11148 = CARTESIAN_POINT ( 'NONE',  ( 5.299999999999998934, 0.04999999999999969746, 0.000000000000000000 ) ) ;
#11149 = PLANE ( 'NONE',  #12035 ) ;
#11150 = STYLED_ITEM ( 'NONE', ( #3742 ), #6164 ) ;
#11151 = ADVANCED_FACE ( 'NONE', ( #2028 ), #3967, .T. ) ;
#11152 = UNCERTAINTY_MEASURE_WITH_UNIT (LENGTH_MEASURE( 1.000000000000000082E-05 ), #5004, 'distance_accuracy_value', 'NONE');
#11153 = FILL_AREA_STYLE_COLOUR ( '', #1741 ) ;
#11154 = AXIS2_PLACEMENT_3D ( 'NONE', #8639, #13020, #10751 ) ;
#11155 = ADVANCED_FACE ( 'NONE', ( #8395 ), #5237, .T. ) ;
#11156 = FILL_AREA_STYLE_COLOUR ( '', #10986 ) ;
#11157 = PLANE ( 'NONE',  #5155 ) ;
#11158 = VERTEX_POINT ( 'NONE', #3431 ) ;
#11159 = CARTESIAN_POINT ( 'NONE',  ( 6.099999999999999645, -4.350000000000000533, 0.8199999999999999512 ) ) ;
#11160 = DIRECTION ( 'NONE',  ( 1.000000000000000000, 0.000000000000000000, -0.000000000000000000 ) ) ;
#11161 = VERTEX_POINT ( 'NONE', #136 ) ;
#11162 = VECTOR ( 'NONE', #3660, 1000.000000000000000 ) ;
#11163 =( GEOMETRIC_REPRESENTATION_CONTEXT ( 3 ) GLOBAL_UNCERTAINTY_ASSIGNED_CONTEXT ( ( #4766 ) ) GLOBAL_UNIT_ASSIGNED_CONTEXT ( ( #3578, #3766, #5648 ) ) REPRESENTATION_CONTEXT ( 'NONE', 'WORKASPACE' ) );
#11164 = FILL_AREA_STYLE ('',( #6898 ) ) ;
#11165 = MECHANICAL_DESIGN_GEOMETRIC_PRESENTATION_REPRESENTATION (  '', ( #1885 ), #170 ) ;
#11166 = LINE ( 'NONE', #2892, #1054 ) ;
#11167 = STYLED_ITEM ( 'NONE', ( #7552 ), #11886 ) ;
#11169 = VECTOR ( 'NONE', #8377, 1000.000000000000000 ) ;
#11168 = SURFACE_SIDE_STYLE ('',( #2956 ) ) ;
#11170 = ADVANCED_FACE ( 'NONE', ( #6366 ), #10564, .T. ) ;
#11171 = MECHANICAL_DESIGN_GEOMETRIC_PRESENTATION_REPRESENTATION (  '', ( #4068 ), #8990 ) ;
#11172 = PRESENTATION_LAYER_ASSIGNMENT (  '', '', ( #10949 ) ) ;
#11173 = FACE_OUTER_BOUND ( 'NONE', #4019, .T. ) ;
#11174 = PLANE ( 'NONE',  #7025 ) ;
#11175 = VERTEX_POINT ( 'NONE', #5495 ) ;
#11176 = CARTESIAN_POINT ( 'NONE',  ( 6.099999999999999645, -2.850000000000000533, 0.8199999999999999512 ) ) ;
#11177 = CIRCLE ( 'NONE', #637, 0.2500000000000002220 ) ;
#11178 =( GEOMETRIC_REPRESENTATION_CONTEXT ( 3 ) GLOBAL_UNCERTAINTY_ASSIGNED_CONTEXT ( ( #6145 ) ) GLOBAL_UNIT_ASSIGNED_CONTEXT ( ( #12542, #6313, #1220 ) ) REPRESENTATION_CONTEXT ( 'NONE', 'WORKASPACE' ) );
#11179 = ORIENTED_EDGE ( 'NONE', *, *, #9173, .T. ) ;
#11180 = DIRECTION ( 'NONE',  ( -1.000000000000000000, -0.000000000000000000, -0.000000000000000000 ) ) ;
#11181 = DIRECTION ( 'NONE',  ( 1.000000000000000000, 0.000000000000000000, 0.000000000000000000 ) ) ;
#11182 = ORIENTED_EDGE ( 'NONE', *, *, #11042, .F. ) ;
#11183 = DIRECTION ( 'NONE',  ( 0.000000000000000000, 0.000000000000000000, -1.000000000000000000 ) ) ;
#11184 = SURFACE_STYLE_USAGE ( .BOTH. , #6913 ) ;
#11185 = DIRECTION ( 'NONE',  ( -0.000000000000000000, 1.000000000000000000, -0.000000000000000000 ) ) ;
#11186 = COLOUR_RGB ( '',0.9411764705882352811, 0.6274509803921568540, 0.05490196078431372473 ) ;
#11187 = STYLED_ITEM ( 'NONE', ( #9292 ), #6857 ) ;
#11188 = VERTEX_POINT ( 'NONE', #6566 ) ;
#11189 = SURFACE_STYLE_USAGE ( .BOTH. , #10097 ) ;
#11190 = EDGE_CURVE ( 'NONE', #3274, #1719, #11896, .T. ) ;
#11191 =( NAMED_UNIT ( * ) PLANE_ANGLE_UNIT ( ) SI_UNIT ( $, .RADIAN. ) );
#11192 =( LENGTH_UNIT ( ) NAMED_UNIT ( * ) SI_UNIT ( .MILLI., .METRE. ) );
#11193 = ORIENTED_EDGE ( 'NONE', *, *, #3815, .F. ) ;
#11194 = CARTESIAN_POINT ( 'NONE',  ( -5.299999999999998934, 3.049999999999999822, 0.8199999999999999512 ) ) ;
#11195 =( GEOMETRIC_REPRESENTATION_CONTEXT ( 3 ) GLOBAL_UNCERTAINTY_ASSIGNED_CONTEXT ( ( #9374 ) ) GLOBAL_UNIT_ASSIGNED_CONTEXT ( ( #3820, #4017, #806 ) ) REPRESENTATION_CONTEXT ( 'NONE', 'WORKASPACE' ) );
#11196 = ORIENTED_EDGE ( 'NONE', *, *, #1688, .F. ) ;
#11197 = SURFACE_STYLE_FILL_AREA ( #2919 ) ;
#11198 = LINE ( 'NONE', #5987, #8283 ) ;
#11199 = ORIENTED_EDGE ( 'NONE', *, *, #6453, .T. ) ;
#11200 = VECTOR ( 'NONE', #10207, 1000.000000000000000 ) ;
#11201 = CARTESIAN_POINT ( 'NONE',  ( 6.099999999999999645, 4.349999999999999645, 0.8199999999999999512 ) ) ;
#11202 = ADVANCED_FACE ( 'NONE', ( #5755 ), #11705, .T. ) ;
#11203 = EDGE_CURVE ( 'NONE', #11237, #1653, #4674, .T. ) ;
#11204 = VECTOR ( 'NONE', #12082, 1000.000000000000000 ) ;
#11205 = CARTESIAN_POINT ( 'NONE',  ( -5.299999999999998934, 6.349999999999999645, 0.8199999999999999512 ) ) ;
#11206 = ORIENTED_EDGE ( 'NONE', *, *, #5456, .T. ) ;
#11207 = VECTOR ( 'NONE', #7885, 1000.000000000000000 ) ;
#11208 = LINE ( 'NONE', #8221, #12050 ) ;
#11209 =( LENGTH_UNIT ( ) NAMED_UNIT ( * ) SI_UNIT ( .MILLI., .METRE. ) );
#11210 =( LENGTH_UNIT ( ) NAMED_UNIT ( * ) SI_UNIT ( .MILLI., .METRE. ) );
#11211 = VERTEX_POINT ( 'NONE', #4545 ) ;
#11212 = SURFACE_STYLE_FILL_AREA ( #8094 ) ;
#11213 = DIRECTION ( 'NONE',  ( -1.000000000000000000, 0.000000000000000000, 0.000000000000000000 ) ) ;
#11214 = ORIENTED_EDGE ( 'NONE', *, *, #5387, .F. ) ;
#11215 = STYLED_ITEM ( 'NONE', ( #11609 ), #12807 ) ;
#11216 =( GEOMETRIC_REPRESENTATION_CONTEXT ( 3 ) GLOBAL_UNCERTAINTY_ASSIGNED_CONTEXT ( ( #2087 ) ) GLOBAL_UNIT_ASSIGNED_CONTEXT ( ( #12426, #5012, #8107 ) ) REPRESENTATION_CONTEXT ( 'NONE', 'WORKASPACE' ) );
#11217 = CARTESIAN_POINT ( 'NONE',  ( 6.099999999999999645, 5.249999999999999112, 0.8199999999999999512 ) ) ;
#11218 = DIRECTION ( 'NONE',  ( -1.000000000000000000, 0.000000000000000000, 0.000000000000000000 ) ) ;
#11219 = EDGE_LOOP ( 'NONE', ( #2886, #6403, #1788, #3334 ) ) ;
#11220 = AXIS2_PLACEMENT_3D ( 'NONE', #2047, #9238, #5058 ) ;
#11221 = PLANE ( 'NONE',  #7248 ) ;
#11222 = DIRECTION ( 'NONE',  ( -0.000000000000000000, -0.000000000000000000, 1.000000000000000000 ) ) ;
#11223 = AXIS2_PLACEMENT_3D ( 'NONE', #4698, #10854, #5783 ) ;
#11224 = EDGE_CURVE ( 'NONE', #13245, #6456, #7843, .T. ) ;
#11225 = AXIS2_PLACEMENT_3D ( 'NONE', #3791, #7893, #13081 ) ;
#11226 = EDGE_LOOP ( 'NONE', ( #2952, #10173, #681, #6779, #9064, #7041 ) ) ;
#11227 =( NAMED_UNIT ( * ) SI_UNIT ( $, .STERADIAN. ) SOLID_ANGLE_UNIT ( ) );
#11228 =( NAMED_UNIT ( * ) PLANE_ANGLE_UNIT ( ) SI_UNIT ( $, .RADIAN. ) );
#11229 = CARTESIAN_POINT ( 'NONE',  ( 6.099999999999999645, -5.250000000000000000, 0.8199999999999999512 ) ) ;
#11230 = SURFACE_STYLE_FILL_AREA ( #12221 ) ;
#11231 = VECTOR ( 'NONE', #6703, 1000.000000000000000 ) ;
#11232 = ORIENTED_EDGE ( 'NONE', *, *, #9580, .F. ) ;
#11233 = SURFACE_SIDE_STYLE ('',( #3086 ) ) ;
#11234 = FILL_AREA_STYLE ('',( #991 ) ) ;
#11235 = VECTOR ( 'NONE', #2495, 1000.000000000000000 ) ;
#11236 = FACE_OUTER_BOUND ( 'NONE', #1011, .T. ) ;
#11237 = VERTEX_POINT ( 'NONE', #12777 ) ;
#11238 = CYLINDRICAL_SURFACE ( 'NONE', #11261, 0.2500000000000002220 ) ;
#11239 = CARTESIAN_POINT ( 'NONE',  ( 5.299999999999998934, 6.550000000000000711, 0.8199999999999999512 ) ) ;
#11240 = EDGE_CURVE ( 'NONE', #3466, #5916, #11766, .T. ) ;
#11241 =( GEOMETRIC_REPRESENTATION_CONTEXT ( 3 ) GLOBAL_UNCERTAINTY_ASSIGNED_CONTEXT ( ( #11542 ) ) GLOBAL_UNIT_ASSIGNED_CONTEXT ( ( #182, #4191, #2204 ) ) REPRESENTATION_CONTEXT ( 'NONE', 'WORKASPACE' ) );
#11242 =( NAMED_UNIT ( * ) PLANE_ANGLE_UNIT ( ) SI_UNIT ( $, .RADIAN. ) );
#11243 = LINE ( 'NONE', #12371, #8744 ) ;
#11244 = ORIENTED_EDGE ( 'NONE', *, *, #10174, .T. ) ;
#11245 = CARTESIAN_POINT ( 'NONE',  ( -5.299999999999998934, -3.050000000000000266, 0.000000000000000000 ) ) ;
#11246 =( GEOMETRIC_REPRESENTATION_CONTEXT ( 3 ) GLOBAL_UNCERTAINTY_ASSIGNED_CONTEXT ( ( #4222 ) ) GLOBAL_UNIT_ASSIGNED_CONTEXT ( ( #9822, #552, #2494 ) ) REPRESENTATION_CONTEXT ( 'NONE', 'WORKASPACE' ) );
#11247 = ORIENTED_EDGE ( 'NONE', *, *, #12139, .F. ) ;
#11248 = CARTESIAN_POINT ( 'NONE',  ( 6.099999999999999645, 2.149999999999999911, 0.8199999999999999512 ) ) ;
#11249 = SURFACE_SIDE_STYLE ('',( #2153 ) ) ;
#11250 = EDGE_LOOP ( 'NONE', ( #7908, #5074, #11107, #4982 ) ) ;
#11251 = SURFACE_STYLE_USAGE ( .BOTH. , #6973 ) ;
#11252 = ADVANCED_FACE ( 'NONE', ( #2552 ), #3616, .T. ) ;
#11253 = PRESENTATION_STYLE_ASSIGNMENT (( #2156 ) ) ;
#11254 =( LENGTH_UNIT ( ) NAMED_UNIT ( * ) SI_UNIT ( .MILLI., .METRE. ) );
#11255 = LINE ( 'NONE', #10090, #10056 ) ;
#11256 = EDGE_CURVE ( 'NONE', #12360, #1358, #12017, .T. ) ;
#11257 = ORIENTED_EDGE ( 'NONE', *, *, #259, .T. ) ;
#11258 = COLOUR_RGB ( '',0.7921568627450980005, 0.8196078431372548767, 0.9333333333333333481 ) ;
#11259 = CARTESIAN_POINT ( 'NONE',  ( -5.299999999999998934, 5.249999999999999112, 0.000000000000000000 ) ) ;
#11260 = UNCERTAINTY_MEASURE_WITH_UNIT (LENGTH_MEASURE( 1.000000000000000082E-05 ), #7286, 'distance_accuracy_value', 'NONE');
#11261 = AXIS2_PLACEMENT_3D ( 'NONE', #12573, #2269, #2137 ) ;
#11262 = LINE ( 'NONE', #3043, #12641 ) ;
#11263 = ORIENTED_EDGE ( 'NONE', *, *, #10809, .T. ) ;
#11264 = LINE ( 'NONE', #8269, #4276 ) ;
#11265 = CARTESIAN_POINT ( 'NONE',  ( -6.099999999999999645, -6.550000000000000711, 0.8199999999999999512 ) ) ;
#11266 = VERTEX_POINT ( 'NONE', #12090 ) ;
#11267 = CARTESIAN_POINT ( 'NONE',  ( 6.099999999999999645, -6.550000000000000711, 0.8199999999999999512 ) ) ;
#11268 = LINE ( 'NONE', #28, #6636 ) ;
#11269 = EDGE_CURVE ( 'NONE', #11699, #9438, #12153, .T. ) ;
#11270 = FILL_AREA_STYLE ('',( #3123 ) ) ;
#11271 = COLOUR_RGB ( '',0.7921568627450980005, 0.8196078431372548767, 0.9333333333333333481 ) ;
#11272 = DIRECTION ( 'NONE',  ( -1.000000000000000000, 0.000000000000000000, 0.000000000000000000 ) ) ;
#11273 = UNCERTAINTY_MEASURE_WITH_UNIT (LENGTH_MEASURE( 1.000000000000000082E-05 ), #11302, 'distance_accuracy_value', 'NONE');
#11274 = ORIENTED_EDGE ( 'NONE', *, *, #4747, .T. ) ;
#11275 = MECHANICAL_DESIGN_GEOMETRIC_PRESENTATION_REPRESENTATION (  '', ( #317 ), #3735 ) ;
#11276 =( NAMED_UNIT ( * ) SI_UNIT ( $, .STERADIAN. ) SOLID_ANGLE_UNIT ( ) );
#11277 = SURFACE_SIDE_STYLE ('',( #1039 ) ) ;
#11278 = ORIENTED_EDGE ( 'NONE', *, *, #10696, .F. ) ;
#11279 = FILL_AREA_STYLE_COLOUR ( '', #2193 ) ;
#11280 = CARTESIAN_POINT ( 'NONE',  ( -6.099999999999999645, -0.1499999999999999667, 0.000000000000000000 ) ) ;
#11281 = PLANE ( 'NONE',  #10881 ) ;
#11282 = EDGE_CURVE ( 'NONE', #9795, #9439, #5828, .T. ) ;
#11283 = ORIENTED_EDGE ( 'NONE', *, *, #675, .T. ) ;
#11284 = FILL_AREA_STYLE_COLOUR ( '', #3099 ) ;
#11285 = CARTESIAN_POINT ( 'NONE',  ( -6.099999999999999645, 8.000000000000000000, 0.8199999999999999512 ) ) ;
#11286 = VERTEX_POINT ( 'NONE', #13177 ) ;
#11287 = EDGE_CURVE ( 'NONE', #4543, #6008, #10145, .T. ) ;
#11288 = FILL_AREA_STYLE_COLOUR ( '', #1518 ) ;
#11289 = CARTESIAN_POINT ( 'NONE',  ( -6.099999999999999645, 4.549999999999999822, 0.8199999999999999512 ) ) ;
#11290 =( LENGTH_UNIT ( ) NAMED_UNIT ( * ) SI_UNIT ( .MILLI., .METRE. ) );
#11291 = ORIENTED_EDGE ( 'NONE', *, *, #3413, .F. ) ;
#11292 = EDGE_CURVE ( 'NONE', #9431, #6392, #3813, .T. ) ;
#11293 = VERTEX_POINT ( 'NONE', #996 ) ;
#11294 = CARTESIAN_POINT ( 'NONE',  ( -6.099999999999999645, -4.800000000000000711, 0.000000000000000000 ) ) ;
#11295 = DIRECTION ( 'NONE',  ( -1.000000000000000000, 0.000000000000000000, 0.000000000000000000 ) ) ;
#11296 = DIRECTION ( 'NONE',  ( 0.000000000000000000, 0.000000000000000000, -1.000000000000000000 ) ) ;
#11297 =( LENGTH_UNIT ( ) NAMED_UNIT ( * ) SI_UNIT ( .MILLI., .METRE. ) );
#11298 = LINE ( 'NONE', #2074, #9401 ) ;
#11299 = CARTESIAN_POINT ( 'NONE',  ( 5.299999999999998934, -3.250000000000000444, 0.000000000000000000 ) ) ;
#11300 = PRESENTATION_LAYER_ASSIGNMENT (  '', '', ( #10000 ) ) ;
#11301 = VERTEX_POINT ( 'NONE', #2013 ) ;
#11302 =( LENGTH_UNIT ( ) NAMED_UNIT ( * ) SI_UNIT ( .MILLI., .METRE. ) );
#11303 = SURFACE_STYLE_FILL_AREA ( #2024 ) ;
#11304 = EDGE_LOOP ( 'NONE', ( #2858, #2913, #13270, #6577 ) ) ;
#11305 = DIRECTION ( 'NONE',  ( -0.000000000000000000, 1.000000000000000000, -0.000000000000000000 ) ) ;
#11306 = CARTESIAN_POINT ( 'NONE',  ( -6.099999999999999645, 4.800000000000000711, 0.000000000000000000 ) ) ;
#11307 = ADVANCED_FACE ( 'NONE', ( #13106 ), #5085, .F. ) ;
#11308 = LINE ( 'NONE', #9281, #7159 ) ;
#11309 = ORIENTED_EDGE ( 'NONE', *, *, #9057, .T. ) ;
#11310 = CIRCLE ( 'NONE', #8702, 0.2500000000000002220 ) ;
#11311 = STYLED_ITEM ( 'NONE', ( #6246 ), #7691 ) ;
#11312 = FACE_OUTER_BOUND ( 'NONE', #9744, .T. ) ;
#11313 = EDGE_CURVE ( 'NONE', #4053, #5430, #11166, .T. ) ;
#11314 = PLANE ( 'NONE',  #5741 ) ;
#11315 = ORIENTED_EDGE ( 'NONE', *, *, #8902, .F. ) ;
#11316 = ADVANCED_FACE ( 'NONE', ( #1807 ), #944, .T. ) ;
#11317 = DIRECTION ( 'NONE',  ( -0.000000000000000000, 1.000000000000000000, -0.000000000000000000 ) ) ;
#11319 = CARTESIAN_POINT ( 'NONE',  ( 6.099999999999999645, 3.049999999999999822, 0.8199999999999999512 ) ) ;
#11318 = MECHANICAL_DESIGN_GEOMETRIC_PRESENTATION_REPRESENTATION (  '', ( #8716 ), #7643 ) ;
#11320 = ORIENTED_EDGE ( 'NONE', *, *, #7935, .T. ) ;
#11321 = COLOUR_RGB ( '',0.9411764705882352811, 0.6274509803921568540, 0.05490196078431372473 ) ;
#11322 = CARTESIAN_POINT ( 'NONE',  ( 5.299999999999998934, -6.550000000000000711, 0.8199999999999999512 ) ) ;
#11323 = FACE_OUTER_BOUND ( 'NONE', #6575, .T. ) ;
#11324 = CARTESIAN_POINT ( 'NONE',  ( 6.099999999999999645, -6.350000000000000533, 0.8199999999999999512 ) ) ;
#11325 = CARTESIAN_POINT ( 'NONE',  ( -6.099999999999999645, -0.8500000000000000888, 0.8199999999999999512 ) ) ;
#11326 = CLOSED_SHELL ( 'NONE', ( #8203, #11316, #5427, #8327, #7486, #5225, #9514, #7096, #8985 ) ) ;
#11327 = PRESENTATION_LAYER_ASSIGNMENT (  '', '', ( #13246 ) ) ;
#11328 = DIRECTION ( 'NONE',  ( 0.000000000000000000, 0.000000000000000000, -1.000000000000000000 ) ) ;
#11329 = VECTOR ( 'NONE', #12052, 1000.000000000000000 ) ;
#11330 = VECTOR ( 'NONE', #886, 1000.000000000000000 ) ;
#11331 = VECTOR ( 'NONE', #11317, 1000.000000000000000 ) ;
#11332 = ADVANCED_FACE ( 'NONE', ( #11432 ), #9527, .T. ) ;
#11333 = EDGE_LOOP ( 'NONE', ( #2434, #10837, #1464, #8809 ) ) ;
#11334 = CARTESIAN_POINT ( 'NONE',  ( 6.099999999999999645, -6.350000000000000533, 0.000000000000000000 ) ) ;
#11335 = SURFACE_STYLE_FILL_AREA ( #160 ) ;
#11336 = CARTESIAN_POINT ( 'NONE',  ( -6.099999999999999645, 4.150000000000000355, 0.8199999999999999512 ) ) ;
#11337 = ORIENTED_EDGE ( 'NONE', *, *, #4109, .F. ) ;
#11338 = CARTESIAN_POINT ( 'NONE',  ( -5.299999999999998934, -4.350000000000000533, 0.8199999999999999512 ) ) ;
#11339 = PRESENTATION_STYLE_ASSIGNMENT (( #10397 ) ) ;
#11340 = ORIENTED_EDGE ( 'NONE', *, *, #6935, .F. ) ;
#11342 = COLOUR_RGB ( '',0.9411764705882352811, 0.6274509803921568540, 0.05490196078431372473 ) ;
#11341 = FACE_OUTER_BOUND ( 'NONE', #6567, .T. ) ;
#11343 = CARTESIAN_POINT ( 'NONE',  ( -6.099999999999999645, -6.350000000000000533, 0.8199999999999999512 ) ) ;
#11344 = ORIENTED_EDGE ( 'NONE', *, *, #12236, .F. ) ;
#11345 = SURFACE_STYLE_USAGE ( .BOTH. , #2121 ) ;
#11346 = PLANE ( 'NONE',  #6226 ) ;
#11347 = ADVANCED_FACE ( 'NONE', ( #11497 ), #5153, .F. ) ;
#11348 = MECHANICAL_DESIGN_GEOMETRIC_PRESENTATION_REPRESENTATION (  '', ( #10918 ), #3817 ) ;
#11349 =( NAMED_UNIT ( * ) SI_UNIT ( $, .STERADIAN. ) SOLID_ANGLE_UNIT ( ) );
#11351 = DIRECTION ( 'NONE',  ( -0.000000000000000000, 0.000000000000000000, 1.000000000000000000 ) ) ;
#11350 = PRESENTATION_LAYER_ASSIGNMENT (  '', '', ( #8959 ) ) ;
#11352 = CARTESIAN_POINT ( 'NONE',  ( 5.299999999999998934, -6.350000000000000533, 0.8199999999999999512 ) ) ;
#11353 = EDGE_LOOP ( 'NONE', ( #4974, #12550, #531, #3876 ) ) ;
#11354 =( LENGTH_UNIT ( ) NAMED_UNIT ( * ) SI_UNIT ( .MILLI., .METRE. ) );
#11355 = ORIENTED_EDGE ( 'NONE', *, *, #7263, .F. ) ;
#11356 = DIRECTION ( 'NONE',  ( -1.000000000000000000, 0.000000000000000000, 0.000000000000000000 ) ) ;
#11357 = VECTOR ( 'NONE', #13111, 1000.000000000000000 ) ;
#11358 = CARTESIAN_POINT ( 'NONE',  ( 5.299999999999998934, 3.049999999999999822, 0.8199999999999999512 ) ) ;
#11359 = STYLED_ITEM ( 'NONE', ( #8586 ), #11202 ) ;
#11360 = STYLED_ITEM ( 'NONE', ( #6405 ), #10510 ) ;
#11361 = EDGE_CURVE ( 'NONE', #2151, #11021, #10939, .T. ) ;
#11362 = EDGE_LOOP ( 'NONE', ( #7942, #8255, #12912, #1083 ) ) ;
#11363 = SURFACE_SIDE_STYLE ('',( #8453 ) ) ;
#11364 =( NAMED_UNIT ( * ) PLANE_ANGLE_UNIT ( ) SI_UNIT ( $, .RADIAN. ) );
#11365 = VERTEX_POINT ( 'NONE', #12507 ) ;
#11366 = SURFACE_STYLE_FILL_AREA ( #393 ) ;
#11367 = CARTESIAN_POINT ( 'NONE',  ( -6.099999999999999645, -5.450000000000001066, 0.8199999999999999512 ) ) ;
#11368 = COLOUR_RGB ( '',0.9411764705882352811, 0.6274509803921568540, 0.05490196078431372473 ) ;
#11369 =( GEOMETRIC_REPRESENTATION_CONTEXT ( 3 ) GLOBAL_UNCERTAINTY_ASSIGNED_CONTEXT ( ( #1427 ) ) GLOBAL_UNIT_ASSIGNED_CONTEXT ( ( #11929, #3472, #9723 ) ) REPRESENTATION_CONTEXT ( 'NONE', 'WORKASPACE' ) );
#11370 = ORIENTED_EDGE ( 'NONE', *, *, #4002, .F. ) ;
#11371 = VECTOR ( 'NONE', #6488, 1000.000000000000000 ) ;
#11372 = CARTESIAN_POINT ( 'NONE',  ( 6.099999999999999645, -1.050000000000000266, 0.8199999999999999512 ) ) ;
#11373 = DIRECTION ( 'NONE',  ( -1.000000000000000000, 0.000000000000000000, 0.000000000000000000 ) ) ;
#11374 = ORIENTED_EDGE ( 'NONE', *, *, #3864, .T. ) ;
#11375 = MECHANICAL_DESIGN_GEOMETRIC_PRESENTATION_REPRESENTATION (  '', ( #9201 ), #5541 ) ;
#11376 =( GEOMETRIC_REPRESENTATION_CONTEXT ( 3 ) GLOBAL_UNCERTAINTY_ASSIGNED_CONTEXT ( ( #5345 ) ) GLOBAL_UNIT_ASSIGNED_CONTEXT ( ( #8910, #4267, #3290 ) ) REPRESENTATION_CONTEXT ( 'NONE', 'WORKASPACE' ) );
#11377 = FILL_AREA_STYLE ('',( #7238 ) ) ;
#11378 = CARTESIAN_POINT ( 'NONE',  ( 6.099999999999999645, 5.899999999999999467, 0.000000000000000000 ) ) ;
#11379 = ORIENTED_EDGE ( 'NONE', *, *, #7263, .T. ) ;
#11380 = PRESENTATION_LAYER_ASSIGNMENT (  '', '', ( #3220 ) ) ;
#11381 = COLOUR_RGB ( '',0.9411764705882352811, 0.6274509803921568540, 0.05490196078431372473 ) ;
#11382 = AXIS2_PLACEMENT_3D ( 'NONE', #1722, #1854, #727 ) ;
#11384 = EDGE_CURVE ( 'NONE', #8362, #5093, #1252, .T. ) ;
#11383 = LINE ( 'NONE', #1410, #4023 ) ;
#11385 = AXIS2_PLACEMENT_3D ( 'NONE', #350, #12471, #11657 ) ;
#11386 = UNCERTAINTY_MEASURE_WITH_UNIT (LENGTH_MEASURE( 1.000000000000000082E-05 ), #4429, 'distance_accuracy_value', 'NONE');
#11387 = EDGE_CURVE ( 'NONE', #11729, #8838, #256, .T. ) ;
#11388 = ORIENTED_EDGE ( 'NONE', *, *, #4261, .F. ) ;
#11389 = CARTESIAN_POINT ( 'NONE',  ( 6.099999999999999645, 6.550000000000000711, 0.000000000000000000 ) ) ;
#11390 = DIRECTION ( 'NONE',  ( -0.000000000000000000, -0.000000000000000000, -1.000000000000000000 ) ) ;
#11391 = DIRECTION ( 'NONE',  ( -1.000000000000000000, 0.000000000000000000, 0.000000000000000000 ) ) ;
#11392 = EDGE_LOOP ( 'NONE', ( #8740, #6066, #9556, #3254, #9397, #9020, #12589, #6081, #10216, #7275, #1207, #10551, #10019, #10244, #10227, #10639, #10295, #2052, #4586, #7307, #9332, #3114, #11247, #2255, #9259, #219, #4950, #6275, #10705, #7379, #7058, #7821, #9104, #12856, #41, #9121, #12209, #10858, #6704, #11503, #11355, #11509, #4469, #11811, #4629, #3152, #5193, #5110, #4362, #6451, #10833, #9338, #8478, #8532, #10627, #12761, #1354, #5948, #180, #339, #11493, #10641, #8468, #6984, #13073, #6490, #1918, #3270, #12584, #10259, #10265, #12832, #2976, #9747, #8486, #5474, #4660, #3546, #7638, #13213, #10672, #8359, #11943, #5397, #5903, #9742, #7578, #12666, #10118, #5488, #10634, #9983, #7359, #12567, #3530, #8373, #11344, #4390, #1562, #5437 ) ) ;
#11393 = CIRCLE ( 'NONE', #7280, 0.2500000000000002220 ) ;
#11394 = AXIS2_PLACEMENT_3D ( 'NONE', #12464, #5375, #4371 ) ;
#11395 = CARTESIAN_POINT ( 'NONE',  ( -6.099999999999999645, -1.750000000000000444, 0.8199999999999999512 ) ) ;
#11396 = PLANE ( 'NONE',  #8832 ) ;
#11397 = SURFACE_STYLE_FILL_AREA ( #90 ) ;
#11398 = COLOUR_RGB ( '',0.9411764705882352811, 0.6274509803921568540, 0.05490196078431372473 ) ;
#11399 = CARTESIAN_POINT ( 'NONE',  ( 6.099999999999999645, 5.249999999999999112, 0.8199999999999999512 ) ) ;
#11400 = EDGE_CURVE ( 'NONE', #8709, #9273, #2138, .T. ) ;
#11401 = DIRECTION ( 'NONE',  ( 0.000000000000000000, -1.000000000000000000, -0.000000000000000000 ) ) ;
#11402 = UNCERTAINTY_MEASURE_WITH_UNIT (LENGTH_MEASURE( 1.000000000000000082E-05 ), #6505, 'distance_accuracy_value', 'NONE');
#11403 =( NAMED_UNIT ( * ) SI_UNIT ( $, .STERADIAN. ) SOLID_ANGLE_UNIT ( ) );
#11404 = VERTEX_POINT ( 'NONE', #12637 ) ;
#11405 = PRESENTATION_STYLE_ASSIGNMENT (( #10651 ) ) ;
#11406 = DIRECTION ( 'NONE',  ( 0.000000000000000000, -0.000000000000000000, 1.000000000000000000 ) ) ;
#11407 = CARTESIAN_POINT ( 'NONE',  ( -6.099999999999999645, -5.900000000000000355, 0.000000000000000000 ) ) ;
#11408 = ORIENTED_EDGE ( 'NONE', *, *, #6013, .T. ) ;
#11409 = LINE ( 'NONE', #2188, #4320 ) ;
#11410 = CARTESIAN_POINT ( 'NONE',  ( -5.299999999999998934, -4.350000000000000533, 0.8199999999999999512 ) ) ;
#11411 = DIRECTION ( 'NONE',  ( -0.000000000000000000, 1.000000000000000000, -0.000000000000000000 ) ) ;
#11412 = EDGE_LOOP ( 'NONE', ( #7022, #13017, #725, #6602 ) ) ;
#11413 = CARTESIAN_POINT ( 'NONE',  ( 5.299999999999998934, 4.349999999999999645, 0.8199999999999999512 ) ) ;
#11414 = DIRECTION ( 'NONE',  ( 1.626303258728256651E-16, -1.000000000000000000, 0.000000000000000000 ) ) ;
#11415 = EDGE_CURVE ( 'NONE', #9056, #10845, #9326, .T. ) ;
#11416 = EDGE_LOOP ( 'NONE', ( #474, #8167, #12275, #3443, #4785, #2290, #1462 ) ) ;
#11417 = STYLED_ITEM ( 'NONE', ( #7766 ), #12570 ) ;
#11418 = SURFACE_STYLE_FILL_AREA ( #7485 ) ;
#11419 = DIRECTION ( 'NONE',  ( -1.000000000000000000, 0.000000000000000000, -0.000000000000000000 ) ) ;
#11420 =( NAMED_UNIT ( * ) SI_UNIT ( $, .STERADIAN. ) SOLID_ANGLE_UNIT ( ) );
#11421 = SURFACE_STYLE_USAGE ( .BOTH. , #12423 ) ;
#11422 =( LENGTH_UNIT ( ) NAMED_UNIT ( * ) SI_UNIT ( .MILLI., .METRE. ) );
#11423 = MECHANICAL_DESIGN_GEOMETRIC_PRESENTATION_REPRESENTATION (  '', ( #4945 ), #4102 ) ;
#11424 = STYLED_ITEM ( 'NONE', ( #6543 ), #4296 ) ;
#11425 = VERTEX_POINT ( 'NONE', #12574 ) ;
#11426 = LINE ( 'NONE', #181, #1969 ) ;
#11427 = CARTESIAN_POINT ( 'NONE',  ( -6.099999999999999645, -1.050000000000000266, 0.8199999999999999512 ) ) ;
#11428 = ORIENTED_EDGE ( 'NONE', *, *, #7778, .F. ) ;
#11429 = VECTOR ( 'NONE', #7196, 1000.000000000000000 ) ;
#11430 =( NAMED_UNIT ( * ) PLANE_ANGLE_UNIT ( ) SI_UNIT ( $, .RADIAN. ) );
#11431 = MECHANICAL_DESIGN_GEOMETRIC_PRESENTATION_REPRESENTATION (  '', ( #9696 ), #6885 ) ;
#11432 = FACE_OUTER_BOUND ( 'NONE', #4024, .T. ) ;
#11433 = EDGE_CURVE ( 'NONE', #1072, #7122, #7432, .T. ) ;
#11434 = SURFACE_SIDE_STYLE ('',( #7505 ) ) ;
#11435 =( LENGTH_UNIT ( ) NAMED_UNIT ( * ) SI_UNIT ( .MILLI., .METRE. ) );
#11436 = PRESENTATION_LAYER_ASSIGNMENT (  '', '', ( #3686 ) ) ;
#11437 = UNCERTAINTY_MEASURE_WITH_UNIT (LENGTH_MEASURE( 1.000000000000000082E-05 ), #7239, 'distance_accuracy_value', 'NONE');
#11438 =( GEOMETRIC_REPRESENTATION_CONTEXT ( 3 ) GLOBAL_UNCERTAINTY_ASSIGNED_CONTEXT ( ( #2370 ) ) GLOBAL_UNIT_ASSIGNED_CONTEXT ( ( #962, #1971, #5979 ) ) REPRESENTATION_CONTEXT ( 'NONE', 'WORKASPACE' ) );
#11439 =( GEOMETRIC_REPRESENTATION_CONTEXT ( 3 ) GLOBAL_UNCERTAINTY_ASSIGNED_CONTEXT ( ( #13255 ) ) GLOBAL_UNIT_ASSIGNED_CONTEXT ( ( #3767, #8937, #6794 ) ) REPRESENTATION_CONTEXT ( 'NONE', 'WORKASPACE' ) );
#11440 = STYLED_ITEM ( 'NONE', ( #12433 ), #10238 ) ;
#11441 =( NAMED_UNIT ( * ) PLANE_ANGLE_UNIT ( ) SI_UNIT ( $, .RADIAN. ) );
#11442 = ORIENTED_EDGE ( 'NONE', *, *, #6261, .F. ) ;
#11443 = CARTESIAN_POINT ( 'NONE',  ( -5.299999999999998934, -0.8500000000000000888, 0.8199999999999999512 ) ) ;
#11444 = PRESENTATION_STYLE_ASSIGNMENT (( #1139 ) ) ;
#11445 = MECHANICAL_DESIGN_GEOMETRIC_PRESENTATION_REPRESENTATION (  '', ( #51 ), #270 ) ;
#11446 = ORIENTED_EDGE ( 'NONE', *, *, #4708, .F. ) ;
#11447 = AXIS2_PLACEMENT_3D ( 'NONE', #3710, #2660, #10926 ) ;
#11448 = CARTESIAN_POINT ( 'NONE',  ( 6.099999999999999645, -2.150000000000000355, 0.000000000000000000 ) ) ;
#11449 = CARTESIAN_POINT ( 'NONE',  ( 6.099999999999999645, -2.150000000000000355, 0.8199999999999999512 ) ) ;
#11450 = VERTEX_POINT ( 'NONE', #10351 ) ;
#11451 = EDGE_CURVE ( 'NONE', #1112, #9690, #326, .T. ) ;
#11452 =( LENGTH_UNIT ( ) NAMED_UNIT ( * ) SI_UNIT ( .MILLI., .METRE. ) );
#11453 = VERTEX_POINT ( 'NONE', #2343 ) ;
#11454 = COLOUR_RGB ( '',0.9411764705882352811, 0.6274509803921568540, 0.05490196078431372473 ) ;
#11455 = SURFACE_SIDE_STYLE ('',( #12456 ) ) ;
#11456 = PRESENTATION_LAYER_ASSIGNMENT (  '', '', ( #9720 ) ) ;
#11457 = DIRECTION ( 'NONE',  ( 0.000000000000000000, 0.000000000000000000, -1.000000000000000000 ) ) ;
#11458 = FILL_AREA_STYLE_COLOUR ( '', #11560 ) ;
#11459 = ORIENTED_EDGE ( 'NONE', *, *, #12390, .F. ) ;
#11460 = CARTESIAN_POINT ( 'NONE',  ( 6.099999999999999645, 7.450000000000000178, 0.000000000000000000 ) ) ;
#11461 = VECTOR ( 'NONE', #12586, 1000.000000000000000 ) ;
#11462 = LINE ( 'NONE', #12597, #8066 ) ;
#11463 = PLANE ( 'NONE',  #12021 ) ;
#11464 = CARTESIAN_POINT ( 'NONE',  ( 6.099999999999999645, 5.249999999999999112, 0.000000000000000000 ) ) ;
#11465 = ORIENTED_EDGE ( 'NONE', *, *, #11086, .F. ) ;
#11466 = DIRECTION ( 'NONE',  ( -1.000000000000000000, 0.000000000000000000, -0.000000000000000000 ) ) ;
#11467 = CARTESIAN_POINT ( 'NONE',  ( 5.299999999999998934, -4.350000000000000533, 0.000000000000000000 ) ) ;
#11468 = LINE ( 'NONE', #5118, #12015 ) ;
#11469 = CYLINDRICAL_SURFACE ( 'NONE', #693, 0.2500000000000002220 ) ;
#11470 = COLOUR_RGB ( '',0.7921568627450980005, 0.8196078431372548767, 0.9333333333333333481 ) ;
#11471 =( GEOMETRIC_REPRESENTATION_CONTEXT ( 3 ) GLOBAL_UNCERTAINTY_ASSIGNED_CONTEXT ( ( #7029 ) ) GLOBAL_UNIT_ASSIGNED_CONTEXT ( ( #7878, #4776, #9911 ) ) REPRESENTATION_CONTEXT ( 'NONE', 'WORKASPACE' ) );
#11472 = ORIENTED_EDGE ( 'NONE', *, *, #259, .F. ) ;
#11473 = SURFACE_STYLE_FILL_AREA ( #2315 ) ;
#11474 =( NAMED_UNIT ( * ) PLANE_ANGLE_UNIT ( ) SI_UNIT ( $, .RADIAN. ) );
#11475 = FACE_OUTER_BOUND ( 'NONE', #9805, .T. ) ;
#11476 = VERTEX_POINT ( 'NONE', #3223 ) ;
#11477 = CARTESIAN_POINT ( 'NONE',  ( -6.099999999999999645, -3.250000000000000444, 0.000000000000000000 ) ) ;
#11478 = LINE ( 'NONE', #3462, #3560 ) ;
#11479 = MECHANICAL_DESIGN_GEOMETRIC_PRESENTATION_REPRESENTATION (  '', ( #2022 ), #9095 ) ;
#11480 = EDGE_LOOP ( 'NONE', ( #6034, #3235, #1100, #1414 ) ) ;
#11481 = CARTESIAN_POINT ( 'NONE',  ( -5.299999999999998934, -6.350000000000000533, 0.8199999999999999512 ) ) ;
#11482 = CARTESIAN_POINT ( 'NONE',  ( -6.099999999999999645, 3.049999999999999822, 0.8199999999999999512 ) ) ;
#11483 = VERTEX_POINT ( 'NONE', #7296 ) ;
#11484 = EDGE_LOOP ( 'NONE', ( #7089, #5297, #10321, #10275 ) ) ;
#11485 = EDGE_CURVE ( 'NONE', #8792, #2917, #1333, .T. ) ;
#11486 =( LENGTH_UNIT ( ) NAMED_UNIT ( * ) SI_UNIT ( .MILLI., .METRE. ) );
#11487 = AXIS2_PLACEMENT_3D ( 'NONE', #1205, #12590, #3364 ) ;
#11488 = PLANE ( 'NONE',  #2594 ) ;
#11489 = DIRECTION ( 'NONE',  ( 0.000000000000000000, -0.000000000000000000, -1.000000000000000000 ) ) ;
#11490 = ADVANCED_FACE ( 'NONE', ( #7503 ), #654, .F. ) ;
#11491 = ADVANCED_FACE ( 'NONE', ( #9660 ), #3410, .F. ) ;
#11492 = VERTEX_POINT ( 'NONE', #3667 ) ;
#11493 = ORIENTED_EDGE ( 'NONE', *, *, #8541, .F. ) ;
#11494 = FILL_AREA_STYLE ('',( #10140 ) ) ;
#11495 = DIRECTION ( 'NONE',  ( 1.000000000000000000, 0.000000000000000000, 0.000000000000000000 ) ) ;
#11496 = ORIENTED_EDGE ( 'NONE', *, *, #7627, .F. ) ;
#11497 = FACE_OUTER_BOUND ( 'NONE', #12916, .T. ) ;
#11498 =( NAMED_UNIT ( * ) PLANE_ANGLE_UNIT ( ) SI_UNIT ( $, .RADIAN. ) );
#11499 = EDGE_CURVE ( 'NONE', #9690, #1495, #8637, .T. ) ;
#11500 = VERTEX_POINT ( 'NONE', #12819 ) ;
#11501 = FILL_AREA_STYLE_COLOUR ( '', #4312 ) ;
#11502 = SURFACE_SIDE_STYLE ('',( #266 ) ) ;
#11503 = ORIENTED_EDGE ( 'NONE', *, *, #10864, .F. ) ;
#11504 = DIRECTION ( 'NONE',  ( -1.000000000000000000, 0.000000000000000000, 0.000000000000000000 ) ) ;
#11505 = ORIENTED_EDGE ( 'NONE', *, *, #8289, .T. ) ;
#11506 =( LENGTH_UNIT ( ) NAMED_UNIT ( * ) SI_UNIT ( .MILLI., .METRE. ) );
#11507 = CARTESIAN_POINT ( 'NONE',  ( 6.099999999999999645, 8.000000000000000000, 0.8199999999999999512 ) ) ;
#11508 =( NAMED_UNIT ( * ) SI_UNIT ( $, .STERADIAN. ) SOLID_ANGLE_UNIT ( ) );
#11509 = ORIENTED_EDGE ( 'NONE', *, *, #6225, .F. ) ;
#11510 = DIRECTION ( 'NONE',  ( -0.000000000000000000, -0.000000000000000000, 1.000000000000000000 ) ) ;
#11511 = ORIENTED_EDGE ( 'NONE', *, *, #7897, .T. ) ;
#11512 = UNCERTAINTY_MEASURE_WITH_UNIT (LENGTH_MEASURE( 1.000000000000000082E-05 ), #3563, 'distance_accuracy_value', 'NONE');
#11513 = EDGE_CURVE ( 'NONE', #7065, #3509, #1648, .T. ) ;
#11514 = ORIENTED_EDGE ( 'NONE', *, *, #3177, .T. ) ;
#11515 = DIRECTION ( 'NONE',  ( 0.000000000000000000, 0.000000000000000000, -1.000000000000000000 ) ) ;
#11516 = PLANE ( 'NONE',  #11087 ) ;
#11517 = LINE ( 'NONE', #6108, #2809 ) ;
#11518 = DIRECTION ( 'NONE',  ( -1.000000000000000000, 0.000000000000000000, 0.000000000000000000 ) ) ;
#11519 = ORIENTED_EDGE ( 'NONE', *, *, #5369, .F. ) ;
#11520 = LINE ( 'NONE', #10508, #7772 ) ;
#11521 = CARTESIAN_POINT ( 'NONE',  ( 6.099999999999999645, 3.049999999999999822, 0.000000000000000000 ) ) ;
#11522 = DIRECTION ( 'NONE',  ( 0.000000000000000000, -1.000000000000000000, -0.000000000000000000 ) ) ;
#11523 = VECTOR ( 'NONE', #5245, 1000.000000000000000 ) ;
#11524 = FACE_OUTER_BOUND ( 'NONE', #1954, .T. ) ;
#11525 = UNCERTAINTY_MEASURE_WITH_UNIT (LENGTH_MEASURE( 1.000000000000000082E-05 ), #11354, 'distance_accuracy_value', 'NONE');
#11526 = ADVANCED_FACE ( 'NONE', ( #7623 ), #11747, .F. ) ;
#11527 = VECTOR ( 'NONE', #5284, 1000.000000000000000 ) ;
#11528 = VECTOR ( 'NONE', #4045, 1000.000000000000000 ) ;
#11529 = ORIENTED_EDGE ( 'NONE', *, *, #12942, .T. ) ;
#11530 = DIRECTION ( 'NONE',  ( 0.000000000000000000, -1.000000000000000000, 0.000000000000000000 ) ) ;
#11531 = ORIENTED_EDGE ( 'NONE', *, *, #9005, .T. ) ;
#11532 = DIRECTION ( 'NONE',  ( 0.000000000000000000, -1.000000000000000000, 0.000000000000000000 ) ) ;
#11533 = ORIENTED_EDGE ( 'NONE', *, *, #6097, .T. ) ;
#11534 = SURFACE_STYLE_USAGE ( .BOTH. , #12555 ) ;
#11535 = LINE ( 'NONE', #1240, #8555 ) ;
#11536 = ORIENTED_EDGE ( 'NONE', *, *, #6596, .F. ) ;
#11537 = PRESENTATION_LAYER_ASSIGNMENT (  '', '', ( #12814 ) ) ;
#11538 = SURFACE_SIDE_STYLE ('',( #8295 ) ) ;
#11539 = VECTOR ( 'NONE', #7391, 1000.000000000000000 ) ;
#11540 = SURFACE_STYLE_FILL_AREA ( #12561 ) ;
#11541 = CARTESIAN_POINT ( 'NONE',  ( -5.299999999999998934, -7.450000000000000178, 0.8199999999999999512 ) ) ;
#11542 = UNCERTAINTY_MEASURE_WITH_UNIT (LENGTH_MEASURE( 1.000000000000000082E-05 ), #182, 'distance_accuracy_value', 'NONE');
#11543 = LINE ( 'NONE', #12497, #7950 ) ;
#11544 = FACE_OUTER_BOUND ( 'NONE', #7609, .T. ) ;
#11545 = EDGE_CURVE ( 'NONE', #10703, #2972, #11177, .T. ) ;
#11546 = EDGE_CURVE ( 'NONE', #5067, #4769, #932, .T. ) ;
#11547 =( NAMED_UNIT ( * ) SI_UNIT ( $, .STERADIAN. ) SOLID_ANGLE_UNIT ( ) );
#11548 = PRESENTATION_STYLE_ASSIGNMENT (( #2407 ) ) ;
#11549 = ORIENTED_EDGE ( 'NONE', *, *, #4944, .F. ) ;
#11550 = EDGE_LOOP ( 'NONE', ( #4703, #7606, #10579, #9255 ) ) ;
#11551 = PLANE ( 'NONE',  #6674 ) ;
#11552 = FILL_AREA_STYLE ('',( #10472 ) ) ;
#11553 = VERTEX_POINT ( 'NONE', #10130 ) ;
#11554 = FACE_OUTER_BOUND ( 'NONE', #11639, .T. ) ;
#11555 = CARTESIAN_POINT ( 'NONE',  ( 6.099999999999999645, -3.050000000000000266, 0.000000000000000000 ) ) ;
#11556 = DIRECTION ( 'NONE',  ( 0.000000000000000000, 0.000000000000000000, -1.000000000000000000 ) ) ;
#11557 =( NAMED_UNIT ( * ) SI_UNIT ( $, .STERADIAN. ) SOLID_ANGLE_UNIT ( ) );
#11558 = EDGE_CURVE ( 'NONE', #8224, #2353, #5878, .T. ) ;
#11559 = COLOUR_RGB ( '',0.9411764705882352811, 0.6274509803921568540, 0.05490196078431372473 ) ;
#11560 = COLOUR_RGB ( '',0.9411764705882352811, 0.6274509803921568540, 0.05490196078431372473 ) ;
#11561 = EDGE_CURVE ( 'NONE', #994, #2335, #9930, .T. ) ;
#11562 = UNCERTAINTY_MEASURE_WITH_UNIT (LENGTH_MEASURE( 1.000000000000000082E-05 ), #4405, 'distance_accuracy_value', 'NONE');
#11563 = DIRECTION ( 'NONE',  ( -0.000000000000000000, 1.000000000000000000, -0.000000000000000000 ) ) ;
#11564 = ORIENTED_EDGE ( 'NONE', *, *, #11624, .T. ) ;
#11565 = SURFACE_STYLE_USAGE ( .BOTH. , #7387 ) ;
#11566 = PLANE ( 'NONE',  #1884 ) ;
#11567 = ORIENTED_EDGE ( 'NONE', *, *, #1525, .T. ) ;
#11568 = VECTOR ( 'NONE', #546, 1000.000000000000000 ) ;
#11569 = AXIS2_PLACEMENT_3D ( 'NONE', #411, #11708, #8660 ) ;
#11570 = CARTESIAN_POINT ( 'NONE',  ( 6.099999999999999645, 3.250000000000000444, 0.000000000000000000 ) ) ;
#11571 = ORIENTED_EDGE ( 'NONE', *, *, #7095, .F. ) ;
#11572 = PRESENTATION_LAYER_ASSIGNMENT (  '', '', ( #7247 ) ) ;
#11573 = FACE_OUTER_BOUND ( 'NONE', #8431, .T. ) ;
#11574 = CIRCLE ( 'NONE', #9850, 0.2500000000000002220 ) ;
#11575 = EDGE_CURVE ( 'NONE', #5916, #10425, #4855, .T. ) ;
#11576 = ORIENTED_EDGE ( 'NONE', *, *, #895, .T. ) ;
#11577 = VECTOR ( 'NONE', #4351, 1000.000000000000000 ) ;
#11578 = PRESENTATION_STYLE_ASSIGNMENT (( #8333 ) ) ;
#11579 =( NAMED_UNIT ( * ) SI_UNIT ( $, .STERADIAN. ) SOLID_ANGLE_UNIT ( ) );
#11580 = PRESENTATION_LAYER_ASSIGNMENT (  '', '', ( #9201 ) ) ;
#11581 = STYLED_ITEM ( 'NONE', ( #9945 ), #10580 ) ;
#11582 = ORIENTED_EDGE ( 'NONE', *, *, #4842, .F. ) ;
#11583 = CARTESIAN_POINT ( 'NONE',  ( -6.099999999999999645, 4.150000000000000355, 0.8199999999999999512 ) ) ;
#11584 = CARTESIAN_POINT ( 'NONE',  ( -6.099999999999999645, -6.550000000000000711, 0.000000000000000000 ) ) ;
#11585 = CARTESIAN_POINT ( 'NONE',  ( 6.099999999999999645, -3.950000000000000178, 0.8199999999999999512 ) ) ;
#11586 = VERTEX_POINT ( 'NONE', #854 ) ;
#11587 = SURFACE_SIDE_STYLE ('',( #7337 ) ) ;
#11588 = CARTESIAN_POINT ( 'NONE',  ( -6.099999999999999645, -4.350000000000000533, 0.8199999999999999512 ) ) ;
#11589 = AXIS2_PLACEMENT_3D ( 'NONE', #12628, #7366, #320 ) ;
#11590 = PRESENTATION_LAYER_ASSIGNMENT (  '', '', ( #10721 ) ) ;
#11591 = EDGE_CURVE ( 'NONE', #5916, #8211, #12960, .T. ) ;
#11592 = CARTESIAN_POINT ( 'NONE',  ( 5.299999999999998934, -4.350000000000000533, 0.000000000000000000 ) ) ;
#11593 = AXIS2_PLACEMENT_3D ( 'NONE', #6687, #582, #12881 ) ;
#11595 = LINE ( 'NONE', #9502, #2200 ) ;
#11594 = MECHANICAL_DESIGN_GEOMETRIC_PRESENTATION_REPRESENTATION (  '', ( #3220 ), #10733 ) ;
#11596 =( GEOMETRIC_REPRESENTATION_CONTEXT ( 3 ) GLOBAL_UNCERTAINTY_ASSIGNED_CONTEXT ( ( #13110 ) ) GLOBAL_UNIT_ASSIGNED_CONTEXT ( ( #2930, #9103, #36 ) ) REPRESENTATION_CONTEXT ( 'NONE', 'WORKASPACE' ) );
#11597 = ORIENTED_EDGE ( 'NONE', *, *, #4073, .F. ) ;
#11598 =( LENGTH_UNIT ( ) NAMED_UNIT ( * ) SI_UNIT ( .MILLI., .METRE. ) );
#11599 = VECTOR ( 'NONE', #4171, 1000.000000000000000 ) ;
#11600 = AXIS2_PLACEMENT_3D ( 'NONE', #2570, #11853, #6581 ) ;
#11601 = DIRECTION ( 'NONE',  ( 0.000000000000000000, 0.000000000000000000, -1.000000000000000000 ) ) ;
#11602 = FILL_AREA_STYLE ('',( #8680 ) ) ;
#11603 = CARTESIAN_POINT ( 'NONE',  ( -6.099999999999999645, -0.4000000000000001887, 0.8199999999999999512 ) ) ;
#11604 = VERTEX_POINT ( 'NONE', #13159 ) ;
#11605 = DIRECTION ( 'NONE',  ( -0.000000000000000000, 0.000000000000000000, 1.000000000000000000 ) ) ;
#11606 = EDGE_CURVE ( 'NONE', #2821, #12925, #5001, .T. ) ;
#11607 = VERTEX_POINT ( 'NONE', #8965 ) ;
#11608 = PRESENTATION_LAYER_ASSIGNMENT (  '', '', ( #11187 ) ) ;
#11609 = PRESENTATION_STYLE_ASSIGNMENT (( #3715 ) ) ;
#11610 = STYLED_ITEM ( 'NONE', ( #10352 ), #12475 ) ;
#11611 = DIRECTION ( 'NONE',  ( -1.000000000000000000, 0.000000000000000000, -0.000000000000000000 ) ) ;
#11612 = PRESENTATION_STYLE_ASSIGNMENT (( #8556 ) ) ;
#11613 = FILL_AREA_STYLE_COLOUR ( '', #10548 ) ;
#11614 = LINE ( 'NONE', #2263, #6655 ) ;
#11615 = CARTESIAN_POINT ( 'NONE',  ( -6.099999999999999645, -2.600000000000000533, 0.000000000000000000 ) ) ;
#11616 = ORIENTED_EDGE ( 'NONE', *, *, #3693, .T. ) ;
#11618 = AXIS2_PLACEMENT_3D ( 'NONE', #9865, #662, #5818 ) ;
#11617 = DIRECTION ( 'NONE',  ( 0.000000000000000000, -0.000000000000000000, -1.000000000000000000 ) ) ;
#11619 = APPLICATION_PROTOCOL_DEFINITION ( 'draft international standard', 'automotive_design', 1998, #8099 ) ;
#11620 = ORIENTED_EDGE ( 'NONE', *, *, #8749, .T. ) ;
#11621 =( GEOMETRIC_REPRESENTATION_CONTEXT ( 3 ) GLOBAL_UNCERTAINTY_ASSIGNED_CONTEXT ( ( #2260 ) ) GLOBAL_UNIT_ASSIGNED_CONTEXT ( ( #6621, #11821, #1457 ) ) REPRESENTATION_CONTEXT ( 'NONE', 'WORKASPACE' ) );
#11622 =( NAMED_UNIT ( * ) PLANE_ANGLE_UNIT ( ) SI_UNIT ( $, .RADIAN. ) );
#11623 = LINE ( 'NONE', #119, #2629 ) ;
#11624 = EDGE_CURVE ( 'NONE', #8666, #4590, #2356, .T. ) ;
#11625 = DIRECTION ( 'NONE',  ( 1.000000000000000000, 0.000000000000000000, 0.000000000000000000 ) ) ;
#11626 = AXIS2_PLACEMENT_3D ( 'NONE', #7945, #12059, #2865 ) ;
#11627 = VERTEX_POINT ( 'NONE', #11937 ) ;
#11628 = PRESENTATION_STYLE_ASSIGNMENT (( #1259 ) ) ;
#11629 = SURFACE_STYLE_USAGE ( .BOTH. , #2148 ) ;
#11630 = SURFACE_STYLE_USAGE ( .BOTH. , #11502 ) ;
#11631 = ORIENTED_EDGE ( 'NONE', *, *, #9763, .F. ) ;
#11632 = AXIS2_PLACEMENT_3D ( 'NONE', #10117, #9918, #8954 ) ;
#11633 = EDGE_CURVE ( 'NONE', #1431, #10817, #3937, .T. ) ;
#11634 = CARTESIAN_POINT ( 'NONE',  ( 6.099999999999999645, -3.050000000000000266, 0.000000000000000000 ) ) ;
#11635 =( NAMED_UNIT ( * ) PLANE_ANGLE_UNIT ( ) SI_UNIT ( $, .RADIAN. ) );
#11636 = ORIENTED_EDGE ( 'NONE', *, *, #2143, .T. ) ;
#11637 = SURFACE_STYLE_FILL_AREA ( #1469 ) ;
#11638 = FILL_AREA_STYLE ('',( #2360 ) ) ;
#11639 = EDGE_LOOP ( 'NONE', ( #6861, #12079, #871, #249 ) ) ;
#11640 = EDGE_CURVE ( 'NONE', #2116, #6615, #3799, .T. ) ;
#11641 = PRESENTATION_LAYER_ASSIGNMENT (  '', '', ( #11005 ) ) ;
#11642 = VECTOR ( 'NONE', #467, 1000.000000000000000 ) ;
#11643 = STYLED_ITEM ( 'NONE', ( #10419 ), #10267 ) ;
#11644 = CYLINDRICAL_SURFACE ( 'NONE', #12640, 0.2500000000000002220 ) ;
#11645 = UNCERTAINTY_MEASURE_WITH_UNIT (LENGTH_MEASURE( 1.000000000000000082E-05 ), #3860, 'distance_accuracy_value', 'NONE');
#11646 = DIRECTION ( 'NONE',  ( -0.000000000000000000, -0.000000000000000000, 1.000000000000000000 ) ) ;
#11647 = VECTOR ( 'NONE', #9212, 1000.000000000000000 ) ;
#11648 = VECTOR ( 'NONE', #2872, 1000.000000000000000 ) ;
#11649 = ORIENTED_EDGE ( 'NONE', *, *, #5090, .F. ) ;
#11650 = EDGE_CURVE ( 'NONE', #10716, #3425, #8897, .T. ) ;
#11651 = EDGE_CURVE ( 'NONE', #8311, #10262, #7491, .T. ) ;
#11652 = CARTESIAN_POINT ( 'NONE',  ( -6.099999999999999645, 6.349999999999999645, 0.8199999999999999512 ) ) ;
#11653 = ORIENTED_EDGE ( 'NONE', *, *, #11925, .T. ) ;
#11654 = COLOUR_RGB ( '',0.9411764705882352811, 0.6274509803921568540, 0.05490196078431372473 ) ;
#11655 = FACE_OUTER_BOUND ( 'NONE', #5256, .T. ) ;
#11656 = LINE ( 'NONE', #12600, #7987 ) ;
#11657 = DIRECTION ( 'NONE',  ( -1.000000000000000000, 0.000000000000000000, -0.000000000000000000 ) ) ;
#11658 = VECTOR ( 'NONE', #10643, 1000.000000000000000 ) ;
#11659 = CARTESIAN_POINT ( 'NONE',  ( -5.299999999999998934, 3.250000000000000444, 0.8199999999999999512 ) ) ;
#11660 =( GEOMETRIC_REPRESENTATION_CONTEXT ( 3 ) GLOBAL_UNCERTAINTY_ASSIGNED_CONTEXT ( ( #81 ) ) GLOBAL_UNIT_ASSIGNED_CONTEXT ( ( #2443, #8472, #5303 ) ) REPRESENTATION_CONTEXT ( 'NONE', 'WORKASPACE' ) );
#11661 = CARTESIAN_POINT ( 'NONE',  ( 5.299999999999998934, 4.150000000000000355, 0.8199999999999999512 ) ) ;
#11662 = UNCERTAINTY_MEASURE_WITH_UNIT (LENGTH_MEASURE( 1.000000000000000082E-05 ), #3229, 'distance_accuracy_value', 'NONE');
#11663 = AXIS2_PLACEMENT_3D ( 'NONE', #5772, #4759, #8863 ) ;
#11664 = LINE ( 'NONE', #1301, #9053 ) ;
#11665 = EDGE_LOOP ( 'NONE', ( #4311, #11519, #547, #4368, #9404, #10481, #5131 ) ) ;
#11666 = ADVANCED_FACE ( 'NONE', ( #9108 ), #3998, .F. ) ;
#11667 =( NAMED_UNIT ( * ) SI_UNIT ( $, .STERADIAN. ) SOLID_ANGLE_UNIT ( ) );
#11668 = DIRECTION ( 'NONE',  ( 0.000000000000000000, 1.000000000000000000, 0.000000000000000000 ) ) ;
#11669 = FILL_AREA_STYLE_COLOUR ( '', #12512 ) ;
#11670 = SURFACE_STYLE_USAGE ( .BOTH. , #12551 ) ;
#11671 = LINE ( 'NONE', #5260, #9559 ) ;
#11672 = ORIENTED_EDGE ( 'NONE', *, *, #2358, .T. ) ;
#11673 =( LENGTH_UNIT ( ) NAMED_UNIT ( * ) SI_UNIT ( .MILLI., .METRE. ) );
#11674 = ORIENTED_EDGE ( 'NONE', *, *, #3536, .F. ) ;
#11675 = MECHANICAL_DESIGN_GEOMETRIC_PRESENTATION_REPRESENTATION (  '', ( #2876 ), #7365 ) ;
#11676 = ORIENTED_EDGE ( 'NONE', *, *, #5997, .F. ) ;
#11677 = CARTESIAN_POINT ( 'NONE',  ( 6.099999999999999645, 7.450000000000000178, 0.000000000000000000 ) ) ;
#11678 = LINE ( 'NONE', #3534, #11901 ) ;
#11679 = FILL_AREA_STYLE_COLOUR ( '', #11794 ) ;
#11680 = AXIS2_PLACEMENT_3D ( 'NONE', #11588, #1488, #353 ) ;
#11681 = EDGE_CURVE ( 'NONE', #11059, #3481, #3868, .T. ) ;
#11682 = DIRECTION ( 'NONE',  ( -0.000000000000000000, -0.000000000000000000, -1.000000000000000000 ) ) ;
#11683 = CARTESIAN_POINT ( 'NONE',  ( -6.099999999999999645, 3.950000000000000178, 0.8199999999999999512 ) ) ;
#11684 = CARTESIAN_POINT ( 'NONE',  ( -6.099999999999999645, -5.450000000000001066, 0.000000000000000000 ) ) ;
#11685 = ORIENTED_EDGE ( 'NONE', *, *, #9057, .F. ) ;
#11686 = SURFACE_SIDE_STYLE ('',( #10670 ) ) ;
#11687 = FILL_AREA_STYLE_COLOUR ( '', #5973 ) ;
#11688 = LINE ( 'NONE', #12634, #4051 ) ;
#11689 = ORIENTED_EDGE ( 'NONE', *, *, #4363, .T. ) ;
#11690 =( GEOMETRIC_REPRESENTATION_CONTEXT ( 3 ) GLOBAL_UNCERTAINTY_ASSIGNED_CONTEXT ( ( #9882 ) ) GLOBAL_UNIT_ASSIGNED_CONTEXT ( ( #11673, #12746, #7607 ) ) REPRESENTATION_CONTEXT ( 'NONE', 'WORKASPACE' ) );
#11691 = CARTESIAN_POINT ( 'NONE',  ( 6.099999999999999645, -3.250000000000000444, 0.8199999999999999512 ) ) ;
#11692 =( NAMED_UNIT ( * ) SI_UNIT ( $, .STERADIAN. ) SOLID_ANGLE_UNIT ( ) );
#11693 = SURFACE_STYLE_USAGE ( .BOTH. , #11434 ) ;
#11694 = PRESENTATION_LAYER_ASSIGNMENT (  '', '', ( #2457 ) ) ;
#11695 = VERTEX_POINT ( 'NONE', #11482 ) ;
#11696 = EDGE_CURVE ( 'NONE', #2658, #875, #12415, .T. ) ;
#11697 = PLANE ( 'NONE',  #8389 ) ;
#11698 = FACE_OUTER_BOUND ( 'NONE', #2815, .T. ) ;
#11699 = VERTEX_POINT ( 'NONE', #239 ) ;
#11700 = VECTOR ( 'NONE', #9473, 1000.000000000000000 ) ;
#11701 = CARTESIAN_POINT ( 'NONE',  ( -5.299999999999998934, -7.450000000000000178, 0.8199999999999999512 ) ) ;
#11702 = EDGE_CURVE ( 'NONE', #566, #11301, #5323, .T. ) ;
#11703 = ORIENTED_EDGE ( 'NONE', *, *, #9242, .T. ) ;
#11704 = CARTESIAN_POINT ( 'NONE',  ( -6.099999999999999645, 6.349999999999999645, 0.8199999999999999512 ) ) ;
#11705 = PLANE ( 'NONE',  #1471 ) ;
#11706 = EDGE_LOOP ( 'NONE', ( #1791, #7290, #4580, #5233 ) ) ;
#11707 = PLANE ( 'NONE',  #6377 ) ;
#11708 = DIRECTION ( 'NONE',  ( 0.000000000000000000, 1.000000000000000000, -0.000000000000000000 ) ) ;
#11709 = ORIENTED_EDGE ( 'NONE', *, *, #5358, .T. ) ;
#11710 = SURFACE_STYLE_FILL_AREA ( #2300 ) ;
#11711 =( NAMED_UNIT ( * ) PLANE_ANGLE_UNIT ( ) SI_UNIT ( $, .RADIAN. ) );
#11712 = ADVANCED_FACE ( 'NONE', ( #6402 ), #12557, .F. ) ;
#11713 = ORIENTED_EDGE ( 'NONE', *, *, #2102, .T. ) ;
#11714 =( NAMED_UNIT ( * ) SI_UNIT ( $, .STERADIAN. ) SOLID_ANGLE_UNIT ( ) );
#11715 = CARTESIAN_POINT ( 'NONE',  ( 6.099999999999999645, -1.750000000000000444, 0.8199999999999999512 ) ) ;
#11716 = PRESENTATION_STYLE_ASSIGNMENT (( #2496 ) ) ;
#11717 = SURFACE_SIDE_STYLE ('',( #555 ) ) ;
#11718 = FILL_AREA_STYLE ('',( #7594 ) ) ;
#11719 =( LENGTH_UNIT ( ) NAMED_UNIT ( * ) SI_UNIT ( .MILLI., .METRE. ) );
#11720 = EDGE_CURVE ( 'NONE', #10935, #2637, #1111, .T. ) ;
#11721 = FACE_OUTER_BOUND ( 'NONE', #1877, .T. ) ;
#11722 = ORIENTED_EDGE ( 'NONE', *, *, #11797, .F. ) ;
#11723 = LINE ( 'NONE', #10652, #6196 ) ;
#11725 = FACE_OUTER_BOUND ( 'NONE', #4082, .T. ) ;
#11724 = COLOUR_RGB ( '',0.9411764705882352811, 0.6274509803921568540, 0.05490196078431372473 ) ;
#11726 = CARTESIAN_POINT ( 'NONE',  ( -6.099999999999999645, -7.450000000000000178, 0.000000000000000000 ) ) ;
#11727 = DIRECTION ( 'NONE',  ( 1.000000000000000000, 0.000000000000000000, 0.000000000000000000 ) ) ;
#11728 =( NAMED_UNIT ( * ) SI_UNIT ( $, .STERADIAN. ) SOLID_ANGLE_UNIT ( ) );
#11729 = VERTEX_POINT ( 'NONE', #6128 ) ;
#11730 = ORIENTED_EDGE ( 'NONE', *, *, #8092, .T. ) ;
#11731 = CARTESIAN_POINT ( 'NONE',  ( 5.299999999999998934, 6.349999999999999645, 0.000000000000000000 ) ) ;
#11732 = EDGE_CURVE ( 'NONE', #9920, #2045, #8433, .T. ) ;
#11733 = VECTOR ( 'NONE', #4954, 1000.000000000000000 ) ;
#11734 = STYLED_ITEM ( 'NONE', ( #13065 ), #7486 ) ;
#11735 = CARTESIAN_POINT ( 'NONE',  ( 5.299999999999998934, -1.050000000000000266, 0.8199999999999999512 ) ) ;
#11736 = SURFACE_STYLE_USAGE ( .BOTH. , #11806 ) ;
#11737 = SURFACE_STYLE_USAGE ( .BOTH. , #445 ) ;
#11738 = DIRECTION ( 'NONE',  ( 0.000000000000000000, -1.000000000000000000, 0.000000000000000000 ) ) ;
#11739 =( NAMED_UNIT ( * ) PLANE_ANGLE_UNIT ( ) SI_UNIT ( $, .RADIAN. ) );
#11740 = ORIENTED_EDGE ( 'NONE', *, *, #7994, .T. ) ;
#11741 = DIRECTION ( 'NONE',  ( -1.000000000000000000, 0.000000000000000000, 0.000000000000000000 ) ) ;
#11742 = FILL_AREA_STYLE_COLOUR ( '', #8982 ) ;
#11743 = PRESENTATION_LAYER_ASSIGNMENT (  '', '', ( #2302 ) ) ;
#11744 = DIRECTION ( 'NONE',  ( 0.000000000000000000, 0.000000000000000000, -1.000000000000000000 ) ) ;
#11745 = ORIENTED_EDGE ( 'NONE', *, *, #5932, .F. ) ;
#11746 = CARTESIAN_POINT ( 'NONE',  ( 6.099999999999999645, -6.750000000000000000, 0.8199999999999999512 ) ) ;
#11747 = PLANE ( 'NONE',  #11382 ) ;
#11748 =( LENGTH_UNIT ( ) NAMED_UNIT ( * ) SI_UNIT ( .MILLI., .METRE. ) );
#11749 = LINE ( 'NONE', #1651, #7302 ) ;
#11750 = EDGE_CURVE ( 'NONE', #5127, #9901, #4322, .T. ) ;
#11751 = CLOSED_SHELL ( 'NONE', ( #1426, #459, #7863, #3568, #8845, #5745, #1899, #4710, #6697 ) ) ;
#11752 = VECTOR ( 'NONE', #9958, 1000.000000000000000 ) ;
#11753 =( GEOMETRIC_REPRESENTATION_CONTEXT ( 3 ) GLOBAL_UNCERTAINTY_ASSIGNED_CONTEXT ( ( #5996 ) ) GLOBAL_UNIT_ASSIGNED_CONTEXT ( ( #4600, #540, #7577 ) ) REPRESENTATION_CONTEXT ( 'NONE', 'WORKASPACE' ) );
#11754 = ORIENTED_EDGE ( 'NONE', *, *, #2721, .T. ) ;
#11755 = DIRECTION ( 'NONE',  ( 0.000000000000000000, 0.000000000000000000, -1.000000000000000000 ) ) ;
#11756 = SURFACE_SIDE_STYLE ('',( #9670 ) ) ;
#11757 = SURFACE_STYLE_USAGE ( .BOTH. , #12893 ) ;
#11758 = SURFACE_STYLE_FILL_AREA ( #2684 ) ;
#11759 = EDGE_LOOP ( 'NONE', ( #4418, #9377, #13293, #12314 ) ) ;
#11760 = CARTESIAN_POINT ( 'NONE',  ( -6.099999999999999645, -5.900000000000000355, 0.000000000000000000 ) ) ;
#11761 = FACE_OUTER_BOUND ( 'NONE', #1078, .T. ) ;
#11762 = VERTEX_POINT ( 'NONE', #10334 ) ;
#11763 = CARTESIAN_POINT ( 'NONE',  ( 5.299999999999998934, -4.350000000000000533, 0.8199999999999999512 ) ) ;
#11764 = PRESENTATION_STYLE_ASSIGNMENT (( #5624 ) ) ;
#11765 = CARTESIAN_POINT ( 'NONE',  ( -6.099999999999999645, -3.700000000000000178, 0.000000000000000000 ) ) ;
#11766 = LINE ( 'NONE', #12976, #2126 ) ;
#11767 = VERTEX_POINT ( 'NONE', #2119 ) ;
#11768 = PRESENTATION_LAYER_ASSIGNMENT (  '', '', ( #11133 ) ) ;
#11769 = STYLED_ITEM ( 'NONE', ( #523 ), #7163 ) ;
#11770 = CARTESIAN_POINT ( 'NONE',  ( 6.099999999999999645, 8.000000000000000000, 0.8199999999999999512 ) ) ;
#11771 = EDGE_CURVE ( 'NONE', #6760, #9946, #12488, .T. ) ;
#11772 = EDGE_CURVE ( 'NONE', #6957, #9521, #11535, .T. ) ;
#11773 = DIRECTION ( 'NONE',  ( 0.000000000000000000, -1.000000000000000000, -0.000000000000000000 ) ) ;
#11774 =( LENGTH_UNIT ( ) NAMED_UNIT ( * ) SI_UNIT ( .MILLI., .METRE. ) );
#11775 = VECTOR ( 'NONE', #4754, 1000.000000000000000 ) ;
#11776 = PRESENTATION_LAYER_ASSIGNMENT (  '', '', ( #2540 ) ) ;
#11777 = ORIENTED_EDGE ( 'NONE', *, *, #7951, .F. ) ;
#11778 = SURFACE_STYLE_USAGE ( .BOTH. , #8723 ) ;
#11779 = ORIENTED_EDGE ( 'NONE', *, *, #9155, .F. ) ;
#11780 = CARTESIAN_POINT ( 'NONE',  ( 6.099999999999999645, -3.950000000000000178, 0.8199999999999999512 ) ) ;
#11781 = FILL_AREA_STYLE_COLOUR ( '', #6699 ) ;
#11782 = CARTESIAN_POINT ( 'NONE',  ( 5.299999999999998934, -1.050000000000000266, 0.8199999999999999512 ) ) ;
#11783 = COLOUR_RGB ( '',0.9411764705882352811, 0.6274509803921568540, 0.05490196078431372473 ) ;
#11784 = EDGE_CURVE ( 'NONE', #1371, #9784, #7203, .T. ) ;
#11785 = CARTESIAN_POINT ( 'NONE',  ( 6.099999999999999645, 8.000000000000000000, 0.8199999999999999512 ) ) ;
#11786 = EDGE_CURVE ( 'NONE', #3665, #5690, #3073, .T. ) ;
#11787 = AXIS2_PLACEMENT_3D ( 'NONE', #2484, #1405, #10894 ) ;
#11788 = LINE ( 'NONE', #11541, #9860 ) ;
#11789 = UNCERTAINTY_MEASURE_WITH_UNIT (LENGTH_MEASURE( 1.000000000000000082E-05 ), #3266, 'distance_accuracy_value', 'NONE');
#11790 = CARTESIAN_POINT ( 'NONE',  ( 6.099999999999999645, 8.000000000000000000, 0.8199999999999999512 ) ) ;
#11791 = ORIENTED_EDGE ( 'NONE', *, *, #6758, .F. ) ;
#11792 =( LENGTH_UNIT ( ) NAMED_UNIT ( * ) SI_UNIT ( .MILLI., .METRE. ) );
#11793 = DIRECTION ( 'NONE',  ( 1.000000000000000000, 0.000000000000000000, 0.000000000000000000 ) ) ;
#11794 = COLOUR_RGB ( '',0.9411764705882352811, 0.6274509803921568540, 0.05490196078431372473 ) ;
#11796 = VECTOR ( 'NONE', #4081, 1000.000000000000000 ) ;
#11795 = DIRECTION ( 'NONE',  ( -1.000000000000000000, 0.000000000000000000, -0.000000000000000000 ) ) ;
#11797 = EDGE_CURVE ( 'NONE', #7102, #8581, #9172, .T. ) ;
#11798 = ORIENTED_EDGE ( 'NONE', *, *, #309, .T. ) ;
#11799 = VECTOR ( 'NONE', #8313, 1000.000000000000000 ) ;
#11800 = CYLINDRICAL_SURFACE ( 'NONE', #9750, 0.2500000000000002220 ) ;
#11801 = DIRECTION ( 'NONE',  ( -1.000000000000000000, 0.000000000000000000, 0.000000000000000000 ) ) ;
#11802 = DIRECTION ( 'NONE',  ( 1.000000000000000000, -0.000000000000000000, -0.000000000000000000 ) ) ;
#11803 = VECTOR ( 'NONE', #8030, 1000.000000000000000 ) ;
#11804 = VECTOR ( 'NONE', #4644, 1000.000000000000000 ) ;
#11805 = VECTOR ( 'NONE', #5205, 1000.000000000000000 ) ;
#11806 = SURFACE_SIDE_STYLE ('',( #9649 ) ) ;
#11807 = PRESENTATION_LAYER_ASSIGNMENT (  '', '', ( #10521 ) ) ;
#11808 = DIRECTION ( 'NONE',  ( -1.000000000000000000, -0.000000000000000000, -0.000000000000000000 ) ) ;
#11809 = CARTESIAN_POINT ( 'NONE',  ( 6.099999999999999645, 4.150000000000000355, 0.8199999999999999512 ) ) ;
#11810 = DIRECTION ( 'NONE',  ( 0.000000000000000000, 0.000000000000000000, -1.000000000000000000 ) ) ;
#11811 = ORIENTED_EDGE ( 'NONE', *, *, #1844, .F. ) ;
#11812 = CARTESIAN_POINT ( 'NONE',  ( -6.099999999999999645, -5.450000000000001066, 0.8199999999999999512 ) ) ;
#11813 = EDGE_CURVE ( 'NONE', #7856, #2268, #4182, .T. ) ;
#11814 = SURFACE_STYLE_FILL_AREA ( #9732 ) ;
#11815 = VERTEX_POINT ( 'NONE', #10264 ) ;
#11816 = AXIS2_PLACEMENT_3D ( 'NONE', #4980, #1900, #8807 ) ;
#11817 =( GEOMETRIC_REPRESENTATION_CONTEXT ( 3 ) GLOBAL_UNCERTAINTY_ASSIGNED_CONTEXT ( ( #3328 ) ) GLOBAL_UNIT_ASSIGNED_CONTEXT ( ( #3772, #830, #5915 ) ) REPRESENTATION_CONTEXT ( 'NONE', 'WORKASPACE' ) );
#11818 = CARTESIAN_POINT ( 'NONE',  ( 6.099999999999999645, -7.000000000000000000, 0.8199999999999999512 ) ) ;
#11819 = PRESENTATION_LAYER_ASSIGNMENT (  '', '', ( #10964 ) ) ;
#11820 = SURFACE_SIDE_STYLE ('',( #4654 ) ) ;
#11821 =( NAMED_UNIT ( * ) PLANE_ANGLE_UNIT ( ) SI_UNIT ( $, .RADIAN. ) );
#11822 = UNCERTAINTY_MEASURE_WITH_UNIT (LENGTH_MEASURE( 1.000000000000000082E-05 ), #2384, 'distance_accuracy_value', 'NONE');
#11823 = ORIENTED_EDGE ( 'NONE', *, *, #11558, .T. ) ;
#11824 = FILL_AREA_STYLE_COLOUR ( '', #1097 ) ;
#11825 =( NAMED_UNIT ( * ) SI_UNIT ( $, .STERADIAN. ) SOLID_ANGLE_UNIT ( ) );
#11826 = DIRECTION ( 'NONE',  ( 0.000000000000000000, 0.000000000000000000, -1.000000000000000000 ) ) ;
#11827 = VECTOR ( 'NONE', #745, 1000.000000000000000 ) ;
#11828 = PRODUCT ( 'NEO-F10N-00B', 'NEO-F10N-00B', '', ( #2338 ) ) ;
#11829 = ORIENTED_EDGE ( 'NONE', *, *, #6977, .T. ) ;
#11830 = CARTESIAN_POINT ( 'NONE',  ( -5.299999999999998934, 3.049999999999999822, 0.8199999999999999512 ) ) ;
#11831 = CARTESIAN_POINT ( 'NONE',  ( 6.099999999999999645, -7.000000000000000000, 0.8199999999999999512 ) ) ;
#11832 = ADVANCED_FACE ( 'NONE', ( #12351 ), #1049, .T. ) ;
#11833 = ORIENTED_EDGE ( 'NONE', *, *, #8386, .F. ) ;
#11834 = FACE_OUTER_BOUND ( 'NONE', #11484, .T. ) ;
#11835 = MECHANICAL_DESIGN_GEOMETRIC_PRESENTATION_REPRESENTATION (  '', ( #6661 ), #13114 ) ;
#11836 = ORIENTED_EDGE ( 'NONE', *, *, #11784, .F. ) ;
#11837 = FILL_AREA_STYLE ('',( #3558 ) ) ;
#11838 = LINE ( 'NONE', #10838, #1723 ) ;
#11839 = AXIS2_PLACEMENT_3D ( 'NONE', #11940, #7694, #8834 ) ;
#11840 = AXIS2_PLACEMENT_3D ( 'NONE', #12967, #2817, #1798 ) ;
#11841 = COLOUR_RGB ( '',1.000000000000000000, 1.000000000000000000, 1.000000000000000000 ) ;
#11842 =( NAMED_UNIT ( * ) SI_UNIT ( $, .STERADIAN. ) SOLID_ANGLE_UNIT ( ) );
#11843 = DIRECTION ( 'NONE',  ( 1.000000000000000000, 1.626303258728256651E-16, -0.000000000000000000 ) ) ;
#11844 = EDGE_LOOP ( 'NONE', ( #2134, #12748, #6284, #2040 ) ) ;
#11845 = EDGE_CURVE ( 'NONE', #6868, #3551, #3395, .T. ) ;
#11846 =( NAMED_UNIT ( * ) PLANE_ANGLE_UNIT ( ) SI_UNIT ( $, .RADIAN. ) );
#11847 = SURFACE_STYLE_FILL_AREA ( #7652 ) ;
#11848 =( GEOMETRIC_REPRESENTATION_CONTEXT ( 3 ) GLOBAL_UNCERTAINTY_ASSIGNED_CONTEXT ( ( #9112 ) ) GLOBAL_UNIT_ASSIGNED_CONTEXT ( ( #4781, #9157, #8950 ) ) REPRESENTATION_CONTEXT ( 'NONE', 'WORKASPACE' ) );
#11849 = EDGE_LOOP ( 'NONE', ( #5542, #11791, #9464, #10473 ) ) ;
#11850 = DIRECTION ( 'NONE',  ( 1.000000000000000000, -0.000000000000000000, -0.000000000000000000 ) ) ;
#11851 =( LENGTH_UNIT ( ) NAMED_UNIT ( * ) SI_UNIT ( .MILLI., .METRE. ) );
#11852 = CARTESIAN_POINT ( 'NONE',  ( -6.099999999999999645, -4.800000000000000711, 0.8199999999999999512 ) ) ;
#11853 = DIRECTION ( 'NONE',  ( 0.000000000000000000, 0.000000000000000000, -1.000000000000000000 ) ) ;
#11854 = VECTOR ( 'NONE', #12199, 1000.000000000000000 ) ;
#11855 = STYLED_ITEM ( 'NONE', ( #8318 ), #1408 ) ;
#11856 = DIRECTION ( 'NONE',  ( -1.000000000000000000, 0.000000000000000000, -0.000000000000000000 ) ) ;
#11857 = PRESENTATION_LAYER_ASSIGNMENT (  '', '', ( #10135 ) ) ;
#11858 = LINE ( 'NONE', #9829, #4679 ) ;
#11859 = DIRECTION ( 'NONE',  ( -0.000000000000000000, 1.000000000000000000, -0.000000000000000000 ) ) ;
#11860 = EDGE_LOOP ( 'NONE', ( #3979, #11182, #3502, #4724 ) ) ;
#11861 = PRESENTATION_LAYER_ASSIGNMENT (  '', '', ( #3280 ) ) ;
#11862 = DIRECTION ( 'NONE',  ( 1.000000000000000000, 0.000000000000000000, 0.000000000000000000 ) ) ;
#11863 = MECHANICAL_DESIGN_GEOMETRIC_PRESENTATION_REPRESENTATION (  '', ( #4969 ), #3620 ) ;
#11864 = LINE ( 'NONE', #629, #6432 ) ;
#11865 = VERTEX_POINT ( 'NONE', #2398 ) ;
#11866 =( NAMED_UNIT ( * ) PLANE_ANGLE_UNIT ( ) SI_UNIT ( $, .RADIAN. ) );
#11867 =( NAMED_UNIT ( * ) SI_UNIT ( $, .STERADIAN. ) SOLID_ANGLE_UNIT ( ) );
#11868 = DIRECTION ( 'NONE',  ( 0.000000000000000000, -1.000000000000000000, 0.000000000000000000 ) ) ;
#11869 = VERTEX_POINT ( 'NONE', #2517 ) ;
#11870 = COLOUR_RGB ( '',0.9411764705882352811, 0.6274509803921568540, 0.05490196078431372473 ) ;
#11871 = VECTOR ( 'NONE', #7857, 1000.000000000000000 ) ;
#11872 = CARTESIAN_POINT ( 'NONE',  ( 5.849999999999999645, 5.899999999999999467, 0.8199999999999999512 ) ) ;
#11873 = LINE ( 'NONE', #5727, #7053 ) ;
#11874 = FACE_OUTER_BOUND ( 'NONE', #8231, .T. ) ;
#11875 = ORIENTED_EDGE ( 'NONE', *, *, #1382, .F. ) ;
#11876 =( LENGTH_UNIT ( ) NAMED_UNIT ( * ) SI_UNIT ( .MILLI., .METRE. ) );
#11877 = CARTESIAN_POINT ( 'NONE',  ( -6.099999999999999645, 3.049999999999999822, 0.8199999999999999512 ) ) ;
#11878 = STYLED_ITEM ( 'NONE', ( #11764 ), #9331 ) ;
#11879 = CARTESIAN_POINT ( 'NONE',  ( -6.099999999999999645, -6.350000000000000533, 0.000000000000000000 ) ) ;
#11880 = ORIENTED_EDGE ( 'NONE', *, *, #10364, .F. ) ;
#11881 =( LENGTH_UNIT ( ) NAMED_UNIT ( * ) SI_UNIT ( .MILLI., .METRE. ) );
#11882 = PRESENTATION_STYLE_ASSIGNMENT (( #7764 ) ) ;
#11883 = CIRCLE ( 'NONE', #5631, 0.2500000000000002220 ) ;
#11884 = DIRECTION ( 'NONE',  ( -1.000000000000000000, 0.000000000000000000, -0.000000000000000000 ) ) ;
#11885 = SURFACE_STYLE_FILL_AREA ( #5739 ) ;
#11886 = ADVANCED_FACE ( 'NONE', ( #9778 ), #3652, .F. ) ;
#11887 = ADVANCED_FACE ( 'NONE', ( #10728 ), #7745, .F. ) ;
#11888 = VERTEX_POINT ( 'NONE', #8551 ) ;
#11889 =( NAMED_UNIT ( * ) SI_UNIT ( $, .STERADIAN. ) SOLID_ANGLE_UNIT ( ) );
#11890 = FILL_AREA_STYLE_COLOUR ( '', #1905 ) ;
#11891 = COLOUR_RGB ( '',0.9411764705882352811, 0.6274509803921568540, 0.05490196078431372473 ) ;
#11892 = EDGE_LOOP ( 'NONE', ( #10486, #11446, #10611, #3012, #2532, #12575 ) ) ;
#11893 = DIRECTION ( 'NONE',  ( 0.000000000000000000, 0.000000000000000000, 1.000000000000000000 ) ) ;
#11894 = EDGE_LOOP ( 'NONE', ( #7794, #415, #8487, #764 ) ) ;
#11895 =( NAMED_UNIT ( * ) SI_UNIT ( $, .STERADIAN. ) SOLID_ANGLE_UNIT ( ) );
#11896 = LINE ( 'NONE', #5555, #8970 ) ;
#11897 = VERTEX_POINT ( 'NONE', #5526 ) ;
#11898 = PRESENTATION_LAYER_ASSIGNMENT (  '', '', ( #12755 ) ) ;
#11899 = CARTESIAN_POINT ( 'NONE',  ( -6.099999999999999645, 5.899999999999999467, 0.000000000000000000 ) ) ;
#11900 = CARTESIAN_POINT ( 'NONE',  ( 6.099999999999999645, 8.000000000000000000, 0.000000000000000000 ) ) ;
#11901 = VECTOR ( 'NONE', #1575, 1000.000000000000000 ) ;
#11902 = ADVANCED_FACE ( 'NONE', ( #9642 ), #437, .F. ) ;
#11903 = DIRECTION ( 'NONE',  ( 0.000000000000000000, -1.000000000000000000, 0.000000000000000000 ) ) ;
#11904 = STYLED_ITEM ( 'NONE', ( #10372 ), #9931 ) ;
#11905 = DIRECTION ( 'NONE',  ( 0.000000000000000000, -1.000000000000000000, 0.000000000000000000 ) ) ;
#11906 = ORIENTED_EDGE ( 'NONE', *, *, #11287, .T. ) ;
#11907 = FILL_AREA_STYLE_COLOUR ( '', #12385 ) ;
#11908 = LINE ( 'NONE', #6781, #7881 ) ;
#11909 = ORIENTED_EDGE ( 'NONE', *, *, #3433, .T. ) ;
#11910 = DIRECTION ( 'NONE',  ( 6.672013369141566696E-17, -1.000000000000000000, 0.000000000000000000 ) ) ;
#11911 = CARTESIAN_POINT ( 'NONE',  ( -6.099999999999999645, -5.050000000000000711, 0.000000000000000000 ) ) ;
#11912 = ORIENTED_EDGE ( 'NONE', *, *, #7744, .T. ) ;
#11913 = EDGE_CURVE ( 'NONE', #11815, #8311, #4579, .T. ) ;
#11914 = DIRECTION ( 'NONE',  ( 0.000000000000000000, 0.000000000000000000, -1.000000000000000000 ) ) ;
#11915 = UNCERTAINTY_MEASURE_WITH_UNIT (LENGTH_MEASURE( 1.000000000000000082E-05 ), #3535, 'distance_accuracy_value', 'NONE');
#11916 = ORIENTED_EDGE ( 'NONE', *, *, #4517, .F. ) ;
#11917 = CARTESIAN_POINT ( 'NONE',  ( 6.099999999999999645, 7.450000000000000178, 0.000000000000000000 ) ) ;
#11918 = ORIENTED_EDGE ( 'NONE', *, *, #9993, .T. ) ;
#11919 = CARTESIAN_POINT ( 'NONE',  ( -5.299999999999998934, 6.349999999999999645, 0.000000000000000000 ) ) ;
#11920 = PRESENTATION_STYLE_ASSIGNMENT (( #4705 ) ) ;
#11921 = EDGE_LOOP ( 'NONE', ( #2285, #1417, #6338, #2162 ) ) ;
#11922 = DIRECTION ( 'NONE',  ( 0.000000000000000000, 0.000000000000000000, -1.000000000000000000 ) ) ;
#11923 = CARTESIAN_POINT ( 'NONE',  ( 4.499999999999998224, 6.500000000000000888, 2.192893218813452005 ) ) ;
#11924 =( NAMED_UNIT ( * ) PLANE_ANGLE_UNIT ( ) SI_UNIT ( $, .RADIAN. ) );
#11925 = EDGE_CURVE ( 'NONE', #2093, #4245, #3850, .T. ) ;
#11926 = EDGE_CURVE ( 'NONE', #5438, #2611, #11131, .T. ) ;
#11927 = SURFACE_STYLE_FILL_AREA ( #13209 ) ;
#11928 = DIRECTION ( 'NONE',  ( -0.000000000000000000, -0.000000000000000000, -1.000000000000000000 ) ) ;
#11929 =( LENGTH_UNIT ( ) NAMED_UNIT ( * ) SI_UNIT ( .MILLI., .METRE. ) );
#11930 = CARTESIAN_POINT ( 'NONE',  ( 6.099999999999999645, 3.250000000000000444, 0.8199999999999999512 ) ) ;
#11931 = CARTESIAN_POINT ( 'NONE',  ( -6.099999999999999645, 6.349999999999999645, 0.8199999999999999512 ) ) ;
#11932 = ORIENTED_EDGE ( 'NONE', *, *, #3846, .F. ) ;
#11933 = CARTESIAN_POINT ( 'NONE',  ( -6.099999999999999645, 5.649999999999999467, 0.8199999999999999512 ) ) ;
#11934 = CARTESIAN_POINT ( 'NONE',  ( -6.099999999999999645, 8.000000000000000000, 0.8199999999999999512 ) ) ;
#11935 = VERTEX_POINT ( 'NONE', #13069 ) ;
#11936 = SURFACE_STYLE_FILL_AREA ( #10749 ) ;
#11937 = CARTESIAN_POINT ( 'NONE',  ( 5.299999999999998934, -4.350000000000000533, 0.8199999999999999512 ) ) ;
#11938 = VECTOR ( 'NONE', #8996, 1000.000000000000000 ) ;
#11939 = CARTESIAN_POINT ( 'NONE',  ( 6.099999999999999645, 4.800000000000000711, 0.8199999999999999512 ) ) ;
#11940 = CARTESIAN_POINT ( 'NONE',  ( -6.099999999999999645, -6.350000000000000533, 0.8199999999999999512 ) ) ;
#11941 = EDGE_CURVE ( 'NONE', #4590, #4851, #12057, .T. ) ;
#11942 = EDGE_CURVE ( 'NONE', #4738, #7528, #8883, .T. ) ;
#11943 = ORIENTED_EDGE ( 'NONE', *, *, #11558, .F. ) ;
#11944 = PRESENTATION_STYLE_ASSIGNMENT (( #1591 ) ) ;
#11945 = AXIS2_PLACEMENT_3D ( 'NONE', #10197, #8226, #5061 ) ;
#11946 = DIRECTION ( 'NONE',  ( -0.000000000000000000, -0.000000000000000000, 1.000000000000000000 ) ) ;
#11947 = CARTESIAN_POINT ( 'NONE',  ( 5.299999999999998934, -2.150000000000000355, 0.8199999999999999512 ) ) ;
#11948 = VECTOR ( 'NONE', #12991, 1000.000000000000000 ) ;
#11949 = EDGE_LOOP ( 'NONE', ( #3531, #4392, #10753, #10502 ) ) ;
#11950 = FACE_OUTER_BOUND ( 'NONE', #10383, .T. ) ;
#11951 = FILL_AREA_STYLE_COLOUR ( '', #5332 ) ;
#11952 = ORIENTED_EDGE ( 'NONE', *, *, #3058, .T. ) ;
#11953 =( LENGTH_UNIT ( ) NAMED_UNIT ( * ) SI_UNIT ( .MILLI., .METRE. ) );
#11955 = EDGE_CURVE ( 'NONE', #9431, #7065, #4988, .T. ) ;
#11954 = DIRECTION ( 'NONE',  ( 0.000000000000000000, 0.000000000000000000, -1.000000000000000000 ) ) ;
#11956 =( NAMED_UNIT ( * ) PLANE_ANGLE_UNIT ( ) SI_UNIT ( $, .RADIAN. ) );
#11957 = PRESENTATION_LAYER_ASSIGNMENT (  '', '', ( #10255 ) ) ;
#11958 = VECTOR ( 'NONE', #10429, 1000.000000000000000 ) ;
#11959 = DIRECTION ( 'NONE',  ( 1.000000000000000000, 0.000000000000000000, 0.000000000000000000 ) ) ;
#11960 =( NAMED_UNIT ( * ) PLANE_ANGLE_UNIT ( ) SI_UNIT ( $, .RADIAN. ) );
#11961 = ORIENTED_EDGE ( 'NONE', *, *, #8434, .F. ) ;
#11962 = CARTESIAN_POINT ( 'NONE',  ( 5.299999999999998934, 4.150000000000000355, 0.8199999999999999512 ) ) ;
#11963 = EDGE_LOOP ( 'NONE', ( #3204, #11745, #10184, #4831 ) ) ;
#11964 = SURFACE_SIDE_STYLE ('',( #3696 ) ) ;
#11965 = LINE ( 'NONE', #10982, #7358 ) ;
#11966 = DIRECTION ( 'NONE',  ( 0.000000000000000000, 0.000000000000000000, -1.000000000000000000 ) ) ;
#11967 = EDGE_CURVE ( 'NONE', #12795, #10453, #13002, .T. ) ;
#11968 = LINE ( 'NONE', #2706, #7326 ) ;
#11969 = AXIS2_PLACEMENT_3D ( 'NONE', #9407, #9547, #10375 ) ;
#11970 = PRESENTATION_LAYER_ASSIGNMENT (  '', '', ( #13047 ) ) ;
#11971 = VECTOR ( 'NONE', #8788, 1000.000000000000000 ) ;
#11972 = DIRECTION ( 'NONE',  ( 0.000000000000000000, -0.000000000000000000, 1.000000000000000000 ) ) ;
#11973 = CYLINDRICAL_SURFACE ( 'NONE', #12286, 0.2500000000000002220 ) ;
#11974 = ORIENTED_EDGE ( 'NONE', *, *, #2763, .F. ) ;
#11975 = DIRECTION ( 'NONE',  ( -0.000000000000000000, 0.000000000000000000, -1.000000000000000000 ) ) ;
#11976 = FACE_OUTER_BOUND ( 'NONE', #44, .T. ) ;
#11977 = EDGE_LOOP ( 'NONE', ( #2187, #13261, #11982, #9060 ) ) ;
#11978 = FACE_OUTER_BOUND ( 'NONE', #5744, .T. ) ;
#11979 = LINE ( 'NONE', #2789, #2729 ) ;
#11980 = CARTESIAN_POINT ( 'NONE',  ( -6.099999999999999645, -6.350000000000000533, 0.000000000000000000 ) ) ;
#11981 = EDGE_CURVE ( 'NONE', #7856, #8329, #6412, .T. ) ;
#11982 = ORIENTED_EDGE ( 'NONE', *, *, #9142, .F. ) ;
#11983 = VECTOR ( 'NONE', #882, 1000.000000000000000 ) ;
#11984 = CARTESIAN_POINT ( 'NONE',  ( 5.849999999999999645, -1.500000000000000222, 0.8199999999999999512 ) ) ;
#11985 = PRESENTATION_LAYER_ASSIGNMENT (  '', '', ( #3201 ) ) ;
#11986 = LINE ( 'NONE', #11007, #1099 ) ;
#11987 = STYLED_ITEM ( 'NONE', ( #3939 ), #10380 ) ;
#11988 = PLANE ( 'NONE',  #12496 ) ;
#11989 = AXIS2_PLACEMENT_3D ( 'NONE', #4009, #8237, #13225 ) ;
#11990 = VERTEX_POINT ( 'NONE', #11062 ) ;
#11991 =( NAMED_UNIT ( * ) PLANE_ANGLE_UNIT ( ) SI_UNIT ( $, .RADIAN. ) );
#11992 = FACE_OUTER_BOUND ( 'NONE', #3543, .T. ) ;
#11993 = MECHANICAL_DESIGN_GEOMETRIC_PRESENTATION_REPRESENTATION (  '', ( #13078 ), #8550 ) ;
#11994 = VERTEX_POINT ( 'NONE', #5920 ) ;
#11995 = DIRECTION ( 'NONE',  ( 0.000000000000000000, 0.000000000000000000, -1.000000000000000000 ) ) ;
#11996 = SURFACE_SIDE_STYLE ('',( #5805 ) ) ;
#11997 = DIRECTION ( 'NONE',  ( 0.000000000000000000, 0.000000000000000000, -1.000000000000000000 ) ) ;
#11998 = EDGE_CURVE ( 'NONE', #5626, #2132, #913, .T. ) ;
#11999 = ORIENTED_EDGE ( 'NONE', *, *, #1367, .T. ) ;
#12000 = DIRECTION ( 'NONE',  ( -1.000000000000000000, 0.000000000000000000, 0.000000000000000000 ) ) ;
#12001 = PLANE ( 'NONE',  #623 ) ;
#12002 = MECHANICAL_DESIGN_GEOMETRIC_PRESENTATION_REPRESENTATION (  '', ( #9426 ), #1704 ) ;
#12003 =( LENGTH_UNIT ( ) NAMED_UNIT ( * ) SI_UNIT ( .MILLI., .METRE. ) );
#12004 = AXIS2_PLACEMENT_3D ( 'NONE', #6010, #7896, #12000 ) ;
#12005 = VECTOR ( 'NONE', #10587, 1000.000000000000000 ) ;
#12006 = ORIENTED_EDGE ( 'NONE', *, *, #5611, .F. ) ;
#12007 =( LENGTH_UNIT ( ) NAMED_UNIT ( * ) SI_UNIT ( .MILLI., .METRE. ) );
#12008 = CARTESIAN_POINT ( 'NONE',  ( -6.099999999999999645, -0.4000000000000001887, 0.000000000000000000 ) ) ;
#12009 =( GEOMETRIC_REPRESENTATION_CONTEXT ( 3 ) GLOBAL_UNCERTAINTY_ASSIGNED_CONTEXT ( ( #10590 ) ) GLOBAL_UNIT_ASSIGNED_CONTEXT ( ( #6170, #4041, #4167 ) ) REPRESENTATION_CONTEXT ( 'NONE', 'WORKASPACE' ) );
#12010 = VECTOR ( 'NONE', #2857, 1000.000000000000000 ) ;
#12011 = EDGE_LOOP ( 'NONE', ( #1961, #6362, #1134, #10603 ) ) ;
#12012 = CARTESIAN_POINT ( 'NONE',  ( -6.099999999999999645, 6.550000000000000711, 0.000000000000000000 ) ) ;
#12013 = LINE ( 'NONE', #12086, #10058 ) ;
#12014 = EDGE_LOOP ( 'NONE', ( #6445, #413, #12708, #5402, #5208, #6437 ) ) ;
#12015 = VECTOR ( 'NONE', #6177, 1000.000000000000000 ) ;
#12016 = AXIS2_PLACEMENT_3D ( 'NONE', #8000, #6976, #7040 ) ;
#12017 = LINE ( 'NONE', #1869, #7036 ) ;
#12018 = CARTESIAN_POINT ( 'NONE',  ( 6.099999999999999645, 3.049999999999999822, 0.8199999999999999512 ) ) ;
#12019 = FILL_AREA_STYLE ('',( #6641 ) ) ;
#12020 = SURFACE_STYLE_FILL_AREA ( #1812 ) ;
#12021 = AXIS2_PLACEMENT_3D ( 'NONE', #5637, #2565, #550 ) ;
#12022 = VECTOR ( 'NONE', #3810, 1000.000000000000000 ) ;
#12023 = PLANE ( 'NONE',  #8300 ) ;
#12024 = EDGE_CURVE ( 'NONE', #12829, #1402, #5991, .T. ) ;
#12025 = UNCERTAINTY_MEASURE_WITH_UNIT (LENGTH_MEASURE( 1.000000000000000082E-05 ), #11506, 'distance_accuracy_value', 'NONE');
#12026 = FILL_AREA_STYLE ('',( #4812 ) ) ;
#12027 = CARTESIAN_POINT ( 'NONE',  ( 6.099999999999999645, -0.4000000000000001887, 0.8199999999999999512 ) ) ;
#12028 = ORIENTED_EDGE ( 'NONE', *, *, #444, .T. ) ;
#12029 = DIRECTION ( 'NONE',  ( 1.000000000000000000, -0.000000000000000000, -0.000000000000000000 ) ) ;
#12030 = SURFACE_SIDE_STYLE ('',( #10844 ) ) ;
#12031 = ADVANCED_FACE ( 'NONE', ( #1778 ), #9022, .T. ) ;
#12032 = ORIENTED_EDGE ( 'NONE', *, *, #6849, .F. ) ;
#12033 =( LENGTH_UNIT ( ) NAMED_UNIT ( * ) SI_UNIT ( .MILLI., .METRE. ) );
#12034 = SURFACE_STYLE_FILL_AREA ( #7175 ) ;
#12035 = AXIS2_PLACEMENT_3D ( 'NONE', #9513, #3398, #12624 ) ;
#12036 = FILL_AREA_STYLE ('',( #819 ) ) ;
#12037 = AXIS2_PLACEMENT_3D ( 'NONE', #7559, #247, #8369 ) ;
#12038 = SURFACE_STYLE_USAGE ( .BOTH. , #8067 ) ;
#12039 = STYLED_ITEM ( 'NONE', ( #1858 ), #722 ) ;
#12040 = SURFACE_STYLE_FILL_AREA ( #898 ) ;
#12041 = EDGE_CURVE ( 'NONE', #10703, #4503, #639, .T. ) ;
#12042 = ADVANCED_FACE ( 'NONE', ( #1702 ), #2922, .F. ) ;
#12043 = VECTOR ( 'NONE', #8553, 1000.000000000000000 ) ;
#12044 = VECTOR ( 'NONE', #251, 1000.000000000000000 ) ;
#12045 = EDGE_LOOP ( 'NONE', ( #8661, #9811, #4461, #11533, #2001, #8706, #5413, #11999, #2542, #734, #6265, #2548, #10963, #8549, #5579, #5556, #6717, #10556, #11754, #4315, #11703, #7953, #8737, #8027, #7905, #9129, #11529, #10168, #10367, #6216, #12973, #56, #6137, #13297, #1042, #3190, #1212, #10979, #1879, #3950, #12882, #10087, #9350, #10803, #7982, #4756, #5881, #10743, #4005, #5032, #8290, #8372, #11032, #7811, #9977, #10695, #7804, #8685, #7999, #8335, #8390, #8121, #7873, #8106, #1024, #11206, #10178, #5057, #8075, #3743, #10526, #7957, #3396, #5792, #3865, #10057, #2877, #9871, #5848, #8355, #2854, #12621, #12028, #12407, #6850, #7910, #2870, #4577, #4743, #83, #4540, #9153, #388, #11511, #12620, #4219, #11374, #4437, #3299, #7721 ) ) ;
#12046 = DIRECTION ( 'NONE',  ( 0.000000000000000000, -0.000000000000000000, -1.000000000000000000 ) ) ;
#12047 = DIRECTION ( 'NONE',  ( -1.000000000000000000, -0.000000000000000000, -0.000000000000000000 ) ) ;
#12048 = CARTESIAN_POINT ( 'NONE',  ( 6.099999999999999645, -5.250000000000000000, 0.000000000000000000 ) ) ;
#12049 = ORIENTED_EDGE ( 'NONE', *, *, #4454, .T. ) ;
#12050 = VECTOR ( 'NONE', #1037, 1000.000000000000000 ) ;
#12051 = SURFACE_STYLE_FILL_AREA ( #10999 ) ;
#12052 = DIRECTION ( 'NONE',  ( 0.000000000000000000, 0.000000000000000000, -1.000000000000000000 ) ) ;
#12053 = VECTOR ( 'NONE', #12064, 1000.000000000000000 ) ;
#12054 = DIRECTION ( 'NONE',  ( 1.000000000000000000, -0.000000000000000000, -0.000000000000000000 ) ) ;
#12055 = VERTEX_POINT ( 'NONE', #4778 ) ;
#12056 = FACE_OUTER_BOUND ( 'NONE', #9802, .T. ) ;
#12057 = LINE ( 'NONE', #11984, #4486 ) ;
#12058 = VECTOR ( 'NONE', #8604, 1000.000000000000000 ) ;
#12059 = DIRECTION ( 'NONE',  ( 1.000000000000000000, 0.000000000000000000, -0.000000000000000000 ) ) ;
#12060 = VECTOR ( 'NONE', #9462, 1000.000000000000000 ) ;
#12061 = EDGE_CURVE ( 'NONE', #12836, #994, #1098, .T. ) ;
#12062 = UNCERTAINTY_MEASURE_WITH_UNIT (LENGTH_MEASURE( 1.000000000000000082E-05 ), #6670, 'distance_accuracy_value', 'NONE');
#12063 = STYLED_ITEM ( 'NONE', ( #10148 ), #10158 ) ;
#12064 = DIRECTION ( 'NONE',  ( -0.000000000000000000, -0.000000000000000000, -1.000000000000000000 ) ) ;
#12065 = ORIENTED_EDGE ( 'NONE', *, *, #8096, .F. ) ;
#12066 = VECTOR ( 'NONE', #2041, 1000.000000000000000 ) ;
#12067 = ORIENTED_EDGE ( 'NONE', *, *, #12871, .T. ) ;
#12068 =( NAMED_UNIT ( * ) SI_UNIT ( $, .STERADIAN. ) SOLID_ANGLE_UNIT ( ) );
#12069 = CARTESIAN_POINT ( 'NONE',  ( -6.099999999999999645, -0.6500000000000003553, 0.8199999999999999512 ) ) ;
#12070 = LINE ( 'NONE', #9170, #7661 ) ;
#12071 = CARTESIAN_POINT ( 'NONE',  ( 5.299999999999998934, 5.249999999999999112, 0.8199999999999999512 ) ) ;
#12072 = ORIENTED_EDGE ( 'NONE', *, *, #6525, .T. ) ;
#12073 = FILL_AREA_STYLE ('',( #11284 ) ) ;
#12074 = DIRECTION ( 'NONE',  ( -0.000000000000000000, 1.000000000000000000, -0.000000000000000000 ) ) ;
#12075 = PRESENTATION_STYLE_ASSIGNMENT (( #5071 ) ) ;
#12076 = VECTOR ( 'NONE', #6052, 1000.000000000000000 ) ;
#12077 = EDGE_CURVE ( 'NONE', #7069, #2192, #9422, .T. ) ;
#12078 = PRODUCT_DEFINITION_CONTEXT ( 'detailed design', #8099, 'design' ) ;
#12079 = ORIENTED_EDGE ( 'NONE', *, *, #7222, .F. ) ;
#12080 = SURFACE_SIDE_STYLE ('',( #3942 ) ) ;
#12081 = PRESENTATION_LAYER_ASSIGNMENT (  '', '', ( #8001 ) ) ;
#12082 = DIRECTION ( 'NONE',  ( 0.000000000000000000, 0.000000000000000000, -1.000000000000000000 ) ) ;
#12083 = FILL_AREA_STYLE_COLOUR ( '', #13072 ) ;
#12084 = EDGE_LOOP ( 'NONE', ( #1002, #5458, #8271, #9392, #1566, #2221 ) ) ;
#12085 = DIRECTION ( 'NONE',  ( -1.000000000000000000, 0.000000000000000000, 0.000000000000000000 ) ) ;
#12086 = CARTESIAN_POINT ( 'NONE',  ( -6.099999999999999645, 3.449999999999999734, 0.8199999999999999512 ) ) ;
#12087 = EDGE_LOOP ( 'NONE', ( #1679, #3338, #9503, #1691 ) ) ;
#12088 = FILL_AREA_STYLE ('',( #2823 ) ) ;
#12089 = CARTESIAN_POINT ( 'NONE',  ( -6.099999999999999645, -5.650000000000000355, 0.8199999999999999512 ) ) ;
#12090 = CARTESIAN_POINT ( 'NONE',  ( -6.099999999999999645, -3.050000000000000266, 0.8199999999999999512 ) ) ;
#12091 = ORIENTED_EDGE ( 'NONE', *, *, #3276, .T. ) ;
#12092 = PLANE ( 'NONE',  #10760 ) ;
#12093 = COLOUR_RGB ( '',0.7921568627450980005, 0.8196078431372548767, 0.9333333333333333481 ) ;
#12094 = EDGE_CURVE ( 'NONE', #717, #3629, #12472, .T. ) ;
#12095 = PRESENTATION_LAYER_ASSIGNMENT (  '', '', ( #12961 ) ) ;
#12096 =( NAMED_UNIT ( * ) PLANE_ANGLE_UNIT ( ) SI_UNIT ( $, .RADIAN. ) );
#12097 = CARTESIAN_POINT ( 'NONE',  ( 6.099999999999999645, 6.550000000000000711, 0.8199999999999999512 ) ) ;
#12098 = ORIENTED_EDGE ( 'NONE', *, *, #12581, .F. ) ;
#12099 = LINE ( 'NONE', #5898, #386 ) ;
#12100 = ORIENTED_EDGE ( 'NONE', *, *, #6538, .F. ) ;
#12101 = PRESENTATION_LAYER_ASSIGNMENT (  '', '', ( #307 ) ) ;
#12102 = CARTESIAN_POINT ( 'NONE',  ( 6.099999999999999645, -3.250000000000000444, 0.8199999999999999512 ) ) ;
#12103 = CARTESIAN_POINT ( 'NONE',  ( 6.099999999999999645, -7.000000000000000000, 0.000000000000000000 ) ) ;
#12104 = VERTEX_POINT ( 'NONE', #225 ) ;
#12105 = SURFACE_SIDE_STYLE ('',( #5165 ) ) ;
#12106 = PRESENTATION_STYLE_ASSIGNMENT (( #11184 ) ) ;
#12107 =( LENGTH_UNIT ( ) NAMED_UNIT ( * ) SI_UNIT ( .MILLI., .METRE. ) );
#12108 = PLANE ( 'NONE',  #6513 ) ;
#12109 = EDGE_LOOP ( 'NONE', ( #4194, #11214, #12539, #6735 ) ) ;
#12110 = FILL_AREA_STYLE ('',( #8005 ) ) ;
#12111 = AXIS2_PLACEMENT_3D ( 'NONE', #5906, #10017, #2910 ) ;
#12112 = LINE ( 'NONE', #8007, #3598 ) ;
#12113 = EDGE_CURVE ( 'NONE', #4942, #8881, #5252, .T. ) ;
#12114 = EDGE_CURVE ( 'NONE', #10845, #5433, #10315, .T. ) ;
#12115 = ORIENTED_EDGE ( 'NONE', *, *, #11313, .F. ) ;
#12116 = FILL_AREA_STYLE_COLOUR ( '', #1113 ) ;
#12117 = DIRECTION ( 'NONE',  ( -0.000000000000000000, 1.000000000000000000, -0.000000000000000000 ) ) ;
#12118 = DIRECTION ( 'NONE',  ( -0.000000000000000000, 1.000000000000000000, 0.000000000000000000 ) ) ;
#12119 = PLANE ( 'NONE',  #9004 ) ;
#12120 = ORIENTED_EDGE ( 'NONE', *, *, #4466, .F. ) ;
#12121 = LINE ( 'NONE', #10800, #1009 ) ;
#12122 = VECTOR ( 'NONE', #1407, 1000.000000000000000 ) ;
#12123 = ORIENTED_EDGE ( 'NONE', *, *, #4427, .F. ) ;
#12124 = CARTESIAN_POINT ( 'NONE',  ( 6.099999999999999645, 5.050000000000000711, 0.8199999999999999512 ) ) ;
#12125 = EDGE_CURVE ( 'NONE', #12184, #2931, #3260, .T. ) ;
#12126 = PLANE ( 'NONE',  #11626 ) ;
#12127 = EDGE_CURVE ( 'NONE', #4184, #4164, #7338, .T. ) ;
#12128 = EDGE_LOOP ( 'NONE', ( #956, #9910, #513, #10360 ) ) ;
#12129 = FACE_OUTER_BOUND ( 'NONE', #10421, .T. ) ;
#12130 = CARTESIAN_POINT ( 'NONE',  ( -6.099999999999999645, -4.150000000000000355, 0.000000000000000000 ) ) ;
#12131 = ORIENTED_EDGE ( 'NONE', *, *, #5799, .T. ) ;
#12132 = DIRECTION ( 'NONE',  ( 0.000000000000000000, -1.000000000000000000, 0.000000000000000000 ) ) ;
#12133 = DIRECTION ( 'NONE',  ( 0.000000000000000000, 0.000000000000000000, 1.000000000000000000 ) ) ;
#12134 = FACE_OUTER_BOUND ( 'NONE', #7384, .T. ) ;
#12135 = CARTESIAN_POINT ( 'NONE',  ( -5.299999999999998934, -7.450000000000000178, 0.000000000000000000 ) ) ;
#12136 = ORIENTED_EDGE ( 'NONE', *, *, #8278, .T. ) ;
#12137 = CARTESIAN_POINT ( 'NONE',  ( 6.099999999999999645, 8.000000000000000000, 0.000000000000000000 ) ) ;
#12138 = DIRECTION ( 'NONE',  ( 0.000000000000000000, 0.000000000000000000, -1.000000000000000000 ) ) ;
#12139 = EDGE_CURVE ( 'NONE', #10794, #1092, #11468, .T. ) ;
#12140 = CARTESIAN_POINT ( 'NONE',  ( 5.849999999999999645, -7.000000000000000000, 0.8199999999999999512 ) ) ;
#12141 = DIRECTION ( 'NONE',  ( -0.000000000000000000, -0.000000000000000000, -1.000000000000000000 ) ) ;
#12142 = CARTESIAN_POINT ( 'NONE',  ( -6.099999999999999645, -7.450000000000000178, 0.8199999999999999512 ) ) ;
#12143 = SURFACE_STYLE_FILL_AREA ( #989 ) ;
#12144 = FACE_OUTER_BOUND ( 'NONE', #4687, .T. ) ;
#12145 = ORIENTED_EDGE ( 'NONE', *, *, #8557, .F. ) ;
#12146 = PRESENTATION_STYLE_ASSIGNMENT (( #9052 ) ) ;
#12147 = DIRECTION ( 'NONE',  ( 0.000000000000000000, -0.000000000000000000, -1.000000000000000000 ) ) ;
#12148 = PRESENTATION_LAYER_ASSIGNMENT (  '', '', ( #2057 ) ) ;
#12149 = FILL_AREA_STYLE ('',( #11951 ) ) ;
#12150 = ORIENTED_EDGE ( 'NONE', *, *, #3846, .T. ) ;
#12151 =( GEOMETRIC_REPRESENTATION_CONTEXT ( 3 ) GLOBAL_UNCERTAINTY_ASSIGNED_CONTEXT ( ( #12062 ) ) GLOBAL_UNIT_ASSIGNED_CONTEXT ( ( #6670, #7876, #11728 ) ) REPRESENTATION_CONTEXT ( 'NONE', 'WORKASPACE' ) );
#12152 = LINE ( 'NONE', #12089, #8217 ) ;
#12153 = LINE ( 'NONE', #9059, #1917 ) ;
#12154 = LINE ( 'NONE', #3814, #13035 ) ;
#12155 = EDGE_CURVE ( 'NONE', #10262, #1454, #4, .T. ) ;
#12156 = FILL_AREA_STYLE_COLOUR ( '', #1115 ) ;
#12157 = FACE_OUTER_BOUND ( 'NONE', #8320, .T. ) ;
#12158 = STYLED_ITEM ( 'NONE', ( #6151 ), #8367 ) ;
#12159 = VECTOR ( 'NONE', #5773, 1000.000000000000000 ) ;
#12160 = DIRECTION ( 'NONE',  ( 0.000000000000000000, -0.000000000000000000, 1.000000000000000000 ) ) ;
#12161 = UNCERTAINTY_MEASURE_WITH_UNIT (LENGTH_MEASURE( 1.000000000000000082E-05 ), #11192, 'distance_accuracy_value', 'NONE');
#12162 =( NAMED_UNIT ( * ) SI_UNIT ( $, .STERADIAN. ) SOLID_ANGLE_UNIT ( ) );
#12163 = ORIENTED_EDGE ( 'NONE', *, *, #11256, .T. ) ;
#12164 = DIRECTION ( 'NONE',  ( 0.000000000000000000, 1.000000000000000000, 0.000000000000000000 ) ) ;
#12165 = ORIENTED_EDGE ( 'NONE', *, *, #10866, .F. ) ;
#12166 = CARTESIAN_POINT ( 'NONE',  ( 5.849999999999999645, 4.800000000000000711, 0.000000000000000000 ) ) ;
#12167 = DIRECTION ( 'NONE',  ( 1.000000000000000000, 0.000000000000000000, 0.000000000000000000 ) ) ;
#12168 = ORIENTED_EDGE ( 'NONE', *, *, #930, .F. ) ;
#12169 = AXIS2_PLACEMENT_3D ( 'NONE', #9683, #481, #3561 ) ;
#12170 = PRESENTATION_STYLE_ASSIGNMENT (( #11251 ) ) ;
#12171 =( NAMED_UNIT ( * ) SI_UNIT ( $, .STERADIAN. ) SOLID_ANGLE_UNIT ( ) );
#12172 =( NAMED_UNIT ( * ) SI_UNIT ( $, .STERADIAN. ) SOLID_ANGLE_UNIT ( ) );
#12173 = EDGE_CURVE ( 'NONE', #11158, #8552, #5309, .T. ) ;
#12174 = AXIS2_PLACEMENT_3D ( 'NONE', #8582, #7954, #6814 ) ;
#12176 = PRESENTATION_LAYER_ASSIGNMENT (  '', '', ( #6793 ) ) ;
#12175 = SURFACE_STYLE_FILL_AREA ( #894 ) ;
#12177 = ORIENTED_EDGE ( 'NONE', *, *, #6144, .F. ) ;
#12178 = CARTESIAN_POINT ( 'NONE',  ( -5.299999999999998934, 3.049999999999999822, 0.8199999999999999512 ) ) ;
#12179 = CLOSED_SHELL ( 'NONE', ( #1424, #11074, #8783, #8969, #10061, #10489, #10267, #10936, #6484 ) ) ;
#12180 = SURFACE_STYLE_USAGE ( .BOTH. , #2912 ) ;
#12181 = UNCERTAINTY_MEASURE_WITH_UNIT (LENGTH_MEASURE( 1.000000000000000082E-05 ), #13237, 'distance_accuracy_value', 'NONE');
#12182 = PRESENTATION_LAYER_ASSIGNMENT (  '', '', ( #8935 ) ) ;
#12183 = DIRECTION ( 'NONE',  ( 0.000000000000000000, 0.000000000000000000, -1.000000000000000000 ) ) ;
#12184 = VERTEX_POINT ( 'NONE', #8417 ) ;
#12185 = CARTESIAN_POINT ( 'NONE',  ( -6.099999999999999645, -6.750000000000000000, 0.8199999999999999512 ) ) ;
#12186 = LINE ( 'NONE', #3050, #3853 ) ;
#12187 = ORIENTED_EDGE ( 'NONE', *, *, #6552, .F. ) ;
#12188 = CARTESIAN_POINT ( 'NONE',  ( -6.099999999999999645, -5.250000000000000000, 0.8199999999999999512 ) ) ;
#12189 =( NAMED_UNIT ( * ) SI_UNIT ( $, .STERADIAN. ) SOLID_ANGLE_UNIT ( ) );
#12190 = ORIENTED_EDGE ( 'NONE', *, *, #8799, .T. ) ;
#12191 = ADVANCED_FACE ( 'NONE', ( #4049 ), #12336, .T. ) ;
#12192 = DIRECTION ( 'NONE',  ( 0.000000000000000000, 0.000000000000000000, -1.000000000000000000 ) ) ;
#12193 = AXIS2_PLACEMENT_3D ( 'NONE', #13254, #4035, #1281 ) ;
#12194 = CIRCLE ( 'NONE', #3599, 0.2500000000000002220 ) ;
#12195 = VECTOR ( 'NONE', #1122, 1000.000000000000000 ) ;
#12196 = UNCERTAINTY_MEASURE_WITH_UNIT (LENGTH_MEASURE( 1.000000000000000082E-05 ), #5419, 'distance_accuracy_value', 'NONE');
#12197 = ORIENTED_EDGE ( 'NONE', *, *, #13234, .T. ) ;
#12198 = ADVANCED_FACE ( 'NONE', ( #970 ), #5050, .F. ) ;
#12199 = DIRECTION ( 'NONE',  ( 1.000000000000000000, 0.000000000000000000, 0.000000000000000000 ) ) ;
#12200 = FILL_AREA_STYLE_COLOUR ( '', #9867 ) ;
#12201 = SURFACE_STYLE_FILL_AREA ( #3993 ) ;
#12202 = AXIS2_PLACEMENT_3D ( 'NONE', #4680, #6844, #10973 ) ;
#12203 = AXIS2_PLACEMENT_3D ( 'NONE', #5038, #12255, #10499 ) ;
#12204 = VERTEX_POINT ( 'NONE', #10512 ) ;
#12205 =( LENGTH_UNIT ( ) NAMED_UNIT ( * ) SI_UNIT ( .MILLI., .METRE. ) );
#12206 = CARTESIAN_POINT ( 'NONE',  ( 6.099999999999999645, -1.250000000000000000, 0.8199999999999999512 ) ) ;
#12207 = LINE ( 'NONE', #7071, #9177 ) ;
#12208 = FILL_AREA_STYLE_COLOUR ( '', #2926 ) ;
#12209 = ORIENTED_EDGE ( 'NONE', *, *, #6055, .F. ) ;
#12210 =( LENGTH_UNIT ( ) NAMED_UNIT ( * ) SI_UNIT ( .MILLI., .METRE. ) );
#12211 =( LENGTH_UNIT ( ) NAMED_UNIT ( * ) SI_UNIT ( .MILLI., .METRE. ) );
#12212 = DIRECTION ( 'NONE',  ( 0.000000000000000000, -1.000000000000000000, 0.000000000000000000 ) ) ;
#12213 = MECHANICAL_DESIGN_GEOMETRIC_PRESENTATION_REPRESENTATION (  '', ( #5528 ), #399 ) ;
#12214 =( GEOMETRIC_REPRESENTATION_CONTEXT ( 3 ) GLOBAL_UNCERTAINTY_ASSIGNED_CONTEXT ( ( #2273 ) ) GLOBAL_UNIT_ASSIGNED_CONTEXT ( ( #12431, #118, #6426 ) ) REPRESENTATION_CONTEXT ( 'NONE', 'WORKASPACE' ) );
#12215 = ORIENTED_EDGE ( 'NONE', *, *, #6041, .T. ) ;
#12216 = PRESENTATION_STYLE_ASSIGNMENT (( #13288 ) ) ;
#12217 = MECHANICAL_DESIGN_GEOMETRIC_PRESENTATION_REPRESENTATION (  '', ( #10932 ), #6826 ) ;
#12218 = EDGE_CURVE ( 'NONE', #8754, #10080, #5691, .T. ) ;
#12219 =( LENGTH_UNIT ( ) NAMED_UNIT ( * ) SI_UNIT ( .MILLI., .METRE. ) );
#12220 = DIRECTION ( 'NONE',  ( 1.000000000000000000, 0.000000000000000000, -0.000000000000000000 ) ) ;
#12221 = FILL_AREA_STYLE ('',( #12083 ) ) ;
#12222 = ORIENTED_EDGE ( 'NONE', *, *, #1688, .T. ) ;
#12223 = CARTESIAN_POINT ( 'NONE',  ( -6.099999999999999645, 3.250000000000000444, 0.000000000000000000 ) ) ;
#12224 = FILL_AREA_STYLE_COLOUR ( '', #4683 ) ;
#12225 = EDGE_LOOP ( 'NONE', ( #12580, #11631, #7665, #2066 ) ) ;
#12226 = PRESENTATION_LAYER_ASSIGNMENT (  '', '', ( #7487 ) ) ;
#12227 = VECTOR ( 'NONE', #2131, 1000.000000000000000 ) ;
#12228 = VECTOR ( 'NONE', #3702, 1000.000000000000000 ) ;
#12229 = DIRECTION ( 'NONE',  ( 0.000000000000000000, -1.000000000000000000, 0.000000000000000000 ) ) ;
#12230 = VECTOR ( 'NONE', #12138, 1000.000000000000000 ) ;
#12231 = CARTESIAN_POINT ( 'NONE',  ( -6.099999999999999645, 3.250000000000000444, 0.8199999999999999512 ) ) ;
#12232 = PRESENTATION_STYLE_ASSIGNMENT (( #10150 ) ) ;
#12233 = AXIS2_PLACEMENT_3D ( 'NONE', #5392, #1167, #11406 ) ;
#12234 = PRESENTATION_LAYER_ASSIGNMENT (  '', '', ( #1263 ) ) ;
#12235 = DIRECTION ( 'NONE',  ( -0.000000000000000000, 0.000000000000000000, 1.000000000000000000 ) ) ;
#12236 = EDGE_CURVE ( 'NONE', #5483, #11137, #294, .T. ) ;
#12237 = CARTESIAN_POINT ( 'NONE',  ( -6.099999999999999645, 4.349999999999999645, 0.000000000000000000 ) ) ;
#12238 = EDGE_LOOP ( 'NONE', ( #6698, #5620, #5503, #2139 ) ) ;
#12239 = LINE ( 'NONE', #1003, #6163 ) ;
#12240 = AXIS2_PLACEMENT_3D ( 'NONE', #10661, #5466, #9565 ) ;
#12241 = VECTOR ( 'NONE', #5306, 1000.000000000000000 ) ;
#12242 = ORIENTED_EDGE ( 'NONE', *, *, #4547, .T. ) ;
#12243 = DIRECTION ( 'NONE',  ( 0.000000000000000000, -1.000000000000000000, 0.000000000000000000 ) ) ;
#12244 = CARTESIAN_POINT ( 'NONE',  ( 5.299999999999998934, -5.250000000000000000, 0.8199999999999999512 ) ) ;
#12245 = ORIENTED_EDGE ( 'NONE', *, *, #496, .T. ) ;
#12246 = SURFACE_STYLE_FILL_AREA ( #952 ) ;
#12247 = FILL_AREA_STYLE ('',( #1887 ) ) ;
#12248 = FACE_OUTER_BOUND ( 'NONE', #12045, .T. ) ;
#12249 = SURFACE_SIDE_STYLE ('',( #12034 ) ) ;
#12250 =( GEOMETRIC_REPRESENTATION_CONTEXT ( 3 ) GLOBAL_UNCERTAINTY_ASSIGNED_CONTEXT ( ( #10188 ) ) GLOBAL_UNIT_ASSIGNED_CONTEXT ( ( #25, #8339, #2172 ) ) REPRESENTATION_CONTEXT ( 'NONE', 'WORKASPACE' ) );
#12251 = VERTEX_POINT ( 'NONE', #6642 ) ;
#12252 = AXIS2_PLACEMENT_3D ( 'NONE', #11358, #5223, #4406 ) ;
#12253 = CARTESIAN_POINT ( 'NONE',  ( -5.299999999999998934, 3.049999999999999822, 0.000000000000000000 ) ) ;
#12254 = EDGE_CURVE ( 'NONE', #11127, #1021, #1297, .T. ) ;
#12255 = DIRECTION ( 'NONE',  ( -1.000000000000000000, 0.000000000000000000, -0.000000000000000000 ) ) ;
#12256 = ORIENTED_EDGE ( 'NONE', *, *, #2719, .T. ) ;
#12257 = COLOUR_RGB ( '',0.9411764705882352811, 0.6274509803921568540, 0.05490196078431372473 ) ;
#12258 = CARTESIAN_POINT ( 'NONE',  ( 5.299999999999998934, 3.250000000000000444, 0.000000000000000000 ) ) ;
#12259 = ADVANCED_FACE ( 'NONE', ( #4810 ), #6710, .F. ) ;
#12260 = LINE ( 'NONE', #10105, #1291 ) ;
#12261 = ORIENTED_EDGE ( 'NONE', *, *, #37, .T. ) ;
#12262 = PRESENTATION_STYLE_ASSIGNMENT (( #1025 ) ) ;
#12263 = FILL_AREA_STYLE_COLOUR ( '', #9062 ) ;
#12264 = CARTESIAN_POINT ( 'NONE',  ( 5.299999999999998934, -0.8500000000000000888, 0.8199999999999999512 ) ) ;
#12265 = PRESENTATION_LAYER_ASSIGNMENT (  '', '', ( #6875 ) ) ;
#12266 = AXIS2_PLACEMENT_3D ( 'NONE', #12945, #7554, #6743 ) ;
#12267 = EDGE_CURVE ( 'NONE', #6319, #3880, #12839, .T. ) ;
#12268 = STYLED_ITEM ( 'NONE', ( #11405 ), #3606 ) ;
#12269 = DIRECTION ( 'NONE',  ( 0.000000000000000000, -0.000000000000000000, 1.000000000000000000 ) ) ;
#12270 = EDGE_LOOP ( 'NONE', ( #1125, #6930, #6771, #6253 ) ) ;
#12271 = PRESENTATION_LAYER_ASSIGNMENT (  '', '', ( #3469 ) ) ;
#12272 = CARTESIAN_POINT ( 'NONE',  ( -6.099999999999999645, -5.450000000000001066, 0.8199999999999999512 ) ) ;
#12273 = SURFACE_SIDE_STYLE ('',( #9164 ) ) ;
#12274 = PLANE ( 'NONE',  #2136 ) ;
#12275 = ORIENTED_EDGE ( 'NONE', *, *, #5769, .T. ) ;
#12276 = LINE ( 'NONE', #12408, #3489 ) ;
#12277 = CARTESIAN_POINT ( 'NONE',  ( 6.099999999999999645, -6.550000000000000711, 0.8199999999999999512 ) ) ;
#12278 = DIRECTION ( 'NONE',  ( 0.000000000000000000, -1.000000000000000000, 0.000000000000000000 ) ) ;
#12279 = ORIENTED_EDGE ( 'NONE', *, *, #7647, .F. ) ;
#12280 = PRESENTATION_LAYER_ASSIGNMENT (  '', '', ( #4732 ) ) ;
#12281 = VECTOR ( 'NONE', #8441, 1000.000000000000000 ) ;
#12282 = LINE ( 'NONE', #11217, #2669 ) ;
#12283 = CARTESIAN_POINT ( 'NONE',  ( 5.299999999999998934, 4.349999999999999645, 0.8199999999999999512 ) ) ;
#12284 = ORIENTED_EDGE ( 'NONE', *, *, #6904, .F. ) ;
#12285 = DIRECTION ( 'NONE',  ( -1.000000000000000000, -0.000000000000000000, -0.000000000000000000 ) ) ;
#12286 = AXIS2_PLACEMENT_3D ( 'NONE', #2781, #3973, #10099 ) ;
#12287 =( GEOMETRIC_REPRESENTATION_CONTEXT ( 3 ) GLOBAL_UNCERTAINTY_ASSIGNED_CONTEXT ( ( #11562 ) ) GLOBAL_UNIT_ASSIGNED_CONTEXT ( ( #4405, #1456, #3486 ) ) REPRESENTATION_CONTEXT ( 'NONE', 'WORKASPACE' ) );
#12288 = VECTOR ( 'NONE', #8476, 1000.000000000000000 ) ;
#12289 = COLOUR_RGB ( '',0.9411764705882352811, 0.6274509803921568540, 0.05490196078431372473 ) ;
#12290 = ORIENTED_EDGE ( 'NONE', *, *, #5862, .T. ) ;
#12291 = PLANE ( 'NONE',  #7299 ) ;
#12292 = EDGE_CURVE ( 'NONE', #8552, #9381, #11838, .T. ) ;
#12293 = CARTESIAN_POINT ( 'NONE',  ( -6.099999999999999645, -5.250000000000000000, 0.000000000000000000 ) ) ;
#12294 = SURFACE_SIDE_STYLE ('',( #7017 ) ) ;
#12295 =( GEOMETRIC_REPRESENTATION_CONTEXT ( 3 ) GLOBAL_UNCERTAINTY_ASSIGNED_CONTEXT ( ( #8527 ) ) GLOBAL_UNIT_ASSIGNED_CONTEXT ( ( #12328, #13132, #3115 ) ) REPRESENTATION_CONTEXT ( 'NONE', 'WORKASPACE' ) );
#12296 = ORIENTED_EDGE ( 'NONE', *, *, #12173, .T. ) ;
#12297 =( NAMED_UNIT ( * ) PLANE_ANGLE_UNIT ( ) SI_UNIT ( $, .RADIAN. ) );
#12298 =( NAMED_UNIT ( * ) PLANE_ANGLE_UNIT ( ) SI_UNIT ( $, .RADIAN. ) );
#12299 = PRESENTATION_LAYER_ASSIGNMENT (  '', '', ( #2423 ) ) ;
#12300 = LINE ( 'NONE', #9186, #1271 ) ;
#12301 = ORIENTED_EDGE ( 'NONE', *, *, #3882, .T. ) ;
#12302 = DIRECTION ( 'NONE',  ( 0.000000000000000000, -0.000000000000000000, -1.000000000000000000 ) ) ;
#12303 =( GEOMETRIC_REPRESENTATION_CONTEXT ( 3 ) GLOBAL_UNCERTAINTY_ASSIGNED_CONTEXT ( ( #4607 ) ) GLOBAL_UNIT_ASSIGNED_CONTEXT ( ( #151, #7590, #11714 ) ) REPRESENTATION_CONTEXT ( 'NONE', 'WORKASPACE' ) );
#12304 = FACE_OUTER_BOUND ( 'NONE', #10309, .T. ) ;
#12305 = FILL_AREA_STYLE_COLOUR ( '', #10533 ) ;
#12306 = EDGE_CURVE ( 'NONE', #1276, #8224, #2627, .T. ) ;
#12307 = PRESENTATION_LAYER_ASSIGNMENT (  '', '', ( #9730 ) ) ;
#12308 = DIRECTION ( 'NONE',  ( 1.000000000000000000, 0.000000000000000000, -0.000000000000000000 ) ) ;
#12309 = VERTEX_POINT ( 'NONE', #9813 ) ;
#12310 = CARTESIAN_POINT ( 'NONE',  ( -6.099999999999999645, -4.350000000000000533, 0.000000000000000000 ) ) ;
#12311 = COLOUR_RGB ( '',1.000000000000000000, 1.000000000000000000, 1.000000000000000000 ) ;
#12312 = ORIENTED_EDGE ( 'NONE', *, *, #12793, .F. ) ;
#12313 = DIRECTION ( 'NONE',  ( 0.000000000000000000, 0.000000000000000000, -1.000000000000000000 ) ) ;
#12314 = ORIENTED_EDGE ( 'NONE', *, *, #12041, .F. ) ;
#12315 = PLANE ( 'NONE',  #505 ) ;
#12316 = CARTESIAN_POINT ( 'NONE',  ( -6.099999999999999645, -3.250000000000000444, 0.8199999999999999512 ) ) ;
#12317 =( LENGTH_UNIT ( ) NAMED_UNIT ( * ) SI_UNIT ( .MILLI., .METRE. ) );
#12318 =( NAMED_UNIT ( * ) PLANE_ANGLE_UNIT ( ) SI_UNIT ( $, .RADIAN. ) );
#12319 = COLOUR_RGB ( '',0.7921568627450980005, 0.8196078431372548767, 0.9333333333333333481 ) ;
#12320 = CARTESIAN_POINT ( 'NONE',  ( -6.099999999999999645, -6.350000000000000533, 0.8199999999999999512 ) ) ;
#12321 = EDGE_CURVE ( 'NONE', #7676, #1276, #4677, .T. ) ;
#12322 = ORIENTED_EDGE ( 'NONE', *, *, #5857, .F. ) ;
#12323 =( GEOMETRIC_REPRESENTATION_CONTEXT ( 3 ) GLOBAL_UNCERTAINTY_ASSIGNED_CONTEXT ( ( #5022 ) ) GLOBAL_UNIT_ASSIGNED_CONTEXT ( ( #11953, #471, #669 ) ) REPRESENTATION_CONTEXT ( 'NONE', 'WORKASPACE' ) );
#12324 = SURFACE_SIDE_STYLE ('',( #2911 ) ) ;
#12325 = MECHANICAL_DESIGN_GEOMETRIC_PRESENTATION_REPRESENTATION (  '', ( #12978 ), #8653 ) ;
#12326 = LINE ( 'NONE', #1019, #13268 ) ;
#12327 = ORIENTED_EDGE ( 'NONE', *, *, #4485, .T. ) ;
#12328 =( LENGTH_UNIT ( ) NAMED_UNIT ( * ) SI_UNIT ( .MILLI., .METRE. ) );
#12329 = SURFACE_STYLE_FILL_AREA ( #23 ) ;
#12330 = DIRECTION ( 'NONE',  ( -0.000000000000000000, 1.000000000000000000, -0.000000000000000000 ) ) ;
#12331 = FACE_OUTER_BOUND ( 'NONE', #8789, .T. ) ;
#12332 = PRESENTATION_LAYER_ASSIGNMENT (  '', '', ( #12545 ) ) ;
#12333 = VERTEX_POINT ( 'NONE', #8917 ) ;
#12334 = DIRECTION ( 'NONE',  ( -0.000000000000000000, 1.000000000000000000, -0.000000000000000000 ) ) ;
#12335 = DIRECTION ( 'NONE',  ( -1.000000000000000000, 0.000000000000000000, 0.000000000000000000 ) ) ;
#12336 = PLANE ( 'NONE',  #1074 ) ;
#12337 = COLOUR_RGB ( '',0.9411764705882352811, 0.6274509803921568540, 0.05490196078431372473 ) ;
#12338 = EDGE_CURVE ( 'NONE', #6795, #4503, #13038, .T. ) ;
#12339 =( LENGTH_UNIT ( ) NAMED_UNIT ( * ) SI_UNIT ( .MILLI., .METRE. ) );
#12340 = UNCERTAINTY_MEASURE_WITH_UNIT (LENGTH_MEASURE( 1.000000000000000082E-05 ), #12669, 'distance_accuracy_value', 'NONE');
#12341 = PRESENTATION_STYLE_ASSIGNMENT (( #3329 ) ) ;
#12342 = ORIENTED_EDGE ( 'NONE', *, *, #10866, .T. ) ;
#12343 = STYLED_ITEM ( 'NONE', ( #805 ), #10131 ) ;
#12344 = FACE_OUTER_BOUND ( 'NONE', #8049, .T. ) ;
#12345 = DIRECTION ( 'NONE',  ( 0.000000000000000000, 0.000000000000000000, -1.000000000000000000 ) ) ;
#12346 = ORIENTED_EDGE ( 'NONE', *, *, #5254, .F. ) ;
#12347 = DIRECTION ( 'NONE',  ( 0.000000000000000000, 0.000000000000000000, 1.000000000000000000 ) ) ;
#12348 = PRESENTATION_STYLE_ASSIGNMENT (( #851 ) ) ;
#12349 = ORIENTED_EDGE ( 'NONE', *, *, #1223, .F. ) ;
#12350 = SURFACE_STYLE_FILL_AREA ( #2254 ) ;
#12351 = FACE_OUTER_BOUND ( 'NONE', #772, .T. ) ;
#12352 = ADVANCED_FACE ( 'NONE', ( #4943 ), #12092, .T. ) ;
#12353 = ORIENTED_EDGE ( 'NONE', *, *, #5544, .F. ) ;
#12354 =( NAMED_UNIT ( * ) SI_UNIT ( $, .STERADIAN. ) SOLID_ANGLE_UNIT ( ) );
#12355 = FACE_OUTER_BOUND ( 'NONE', #9336, .T. ) ;
#12356 = ADVANCED_FACE ( 'NONE', ( #10220 ), #9125, .T. ) ;
#12357 = SURFACE_STYLE_FILL_AREA ( #7211 ) ;
#12358 = DIRECTION ( 'NONE',  ( 0.000000000000000000, 0.000000000000000000, -1.000000000000000000 ) ) ;
#12359 = SURFACE_STYLE_FILL_AREA ( #6018 ) ;
#12360 = VERTEX_POINT ( 'NONE', #13108 ) ;
#12361 = FILL_AREA_STYLE ('',( #3745 ) ) ;
#12362 = CARTESIAN_POINT ( 'NONE',  ( 5.299999999999998934, -3.250000000000000444, 0.8199999999999999512 ) ) ;
#12363 = ORIENTED_EDGE ( 'NONE', *, *, #4993, .F. ) ;
#12364 = CARTESIAN_POINT ( 'NONE',  ( -6.099999999999997868, -1.050000000000000488, 0.000000000000000000 ) ) ;
#12365 = CARTESIAN_POINT ( 'NONE',  ( -6.099999999999999645, -1.950000000000000178, 0.8199999999999999512 ) ) ;
#12366 = ADVANCED_FACE ( 'NONE', ( #12157 ), #7986, .T. ) ;
#12367 = CARTESIAN_POINT ( 'NONE',  ( 6.099999999999999645, 4.150000000000000355, 0.000000000000000000 ) ) ;
#12368 = EDGE_CURVE ( 'NONE', #11897, #1349, #1393, .T. ) ;
#12369 = UNCERTAINTY_MEASURE_WITH_UNIT (LENGTH_MEASURE( 1.000000000000000082E-05 ), #11147, 'distance_accuracy_value', 'NONE');
#12370 = FILL_AREA_STYLE_COLOUR ( '', #2318 ) ;
#12371 = CARTESIAN_POINT ( 'NONE',  ( -6.099999999999999645, 4.349999999999999645, 0.8199999999999999512 ) ) ;
#12372 = ORIENTED_EDGE ( 'NONE', *, *, #4198, .F. ) ;
#12373 = VECTOR ( 'NONE', #9145, 1000.000000000000000 ) ;
#12374 = DIRECTION ( 'NONE',  ( 1.000000000000000000, 0.000000000000000000, 0.000000000000000000 ) ) ;
#12375 = AXIS2_PLACEMENT_3D ( 'NONE', #10943, #10745, #5807 ) ;
#12376 = EDGE_LOOP ( 'NONE', ( #9174, #5686, #4134, #5552, #1326, #1589 ) ) ;
#12377 = EDGE_CURVE ( 'NONE', #1092, #4847, #7298, .T. ) ;
#12378 =( NAMED_UNIT ( * ) SI_UNIT ( $, .STERADIAN. ) SOLID_ANGLE_UNIT ( ) );
#12379 = ORIENTED_EDGE ( 'NONE', *, *, #709, .T. ) ;
#12380 = PRESENTATION_STYLE_ASSIGNMENT (( #3165 ) ) ;
#12381 = LINE ( 'NONE', #11570, #9160 ) ;
#12382 = SURFACE_SIDE_STYLE ('',( #5436 ) ) ;
#12383 = CARTESIAN_POINT ( 'NONE',  ( 5.299999999999998934, 4.349999999999999645, 0.8199999999999999512 ) ) ;
#12384 = VERTEX_POINT ( 'NONE', #12367 ) ;
#12385 = COLOUR_RGB ( '',0.9411764705882352811, 0.6274509803921568540, 0.05490196078431372473 ) ;
#12386 =( GEOMETRIC_REPRESENTATION_CONTEXT ( 3 ) GLOBAL_UNCERTAINTY_ASSIGNED_CONTEXT ( ( #12340 ) ) GLOBAL_UNIT_ASSIGNED_CONTEXT ( ( #12669, #6459, #12470 ) ) REPRESENTATION_CONTEXT ( 'NONE', 'WORKASPACE' ) );
#12387 = FILL_AREA_STYLE_COLOUR ( '', #3391 ) ;
#12388 =( NAMED_UNIT ( * ) SI_UNIT ( $, .STERADIAN. ) SOLID_ANGLE_UNIT ( ) );
#12389 = ORIENTED_EDGE ( 'NONE', *, *, #9411, .T. ) ;
#12390 = EDGE_CURVE ( 'NONE', #6299, #3217, #10550, .T. ) ;
#12391 = CARTESIAN_POINT ( 'NONE',  ( 6.099999999999999645, -5.900000000000000355, 0.8199999999999999512 ) ) ;
#12392 = CARTESIAN_POINT ( 'NONE',  ( -6.099999999999999645, -6.150000000000001243, 0.000000000000000000 ) ) ;
#12394 = FACE_OUTER_BOUND ( 'NONE', #11963, .T. ) ;
#12393 = CIRCLE ( 'NONE', #8294, 0.2500000000000002220 ) ;
#12395 = VERTEX_POINT ( 'NONE', #10620 ) ;
#12396 = COLOUR_RGB ( '',0.9411764705882352811, 0.6274509803921568540, 0.05490196078431372473 ) ;
#12397 = FILL_AREA_STYLE_COLOUR ( '', #7215 ) ;
#12398 = CARTESIAN_POINT ( 'NONE',  ( 5.299999999999998934, -6.550000000000000711, 0.8199999999999999512 ) ) ;
#12399 = CARTESIAN_POINT ( 'NONE',  ( -6.099999999999999645, 2.349999999999999645, 0.000000000000000000 ) ) ;
#12400 = CARTESIAN_POINT ( 'NONE',  ( -6.099999999999999645, -1.950000000000000178, 0.000000000000000000 ) ) ;
#12401 = CLOSED_SHELL ( 'NONE', ( #2571, #1894, #12366, #7354, #11170, #6907, #7691, #1587, #4823 ) ) ;
#12402 = DIRECTION ( 'NONE',  ( -1.000000000000000000, 0.000000000000000000, 0.000000000000000000 ) ) ;
#12403 = ORIENTED_EDGE ( 'NONE', *, *, #737, .T. ) ;
#12404 = EDGE_CURVE ( 'NONE', #3681, #8609, #4345, .T. ) ;
#12405 = CARTESIAN_POINT ( 'NONE',  ( -6.099999999999999645, 3.449999999999999734, 0.000000000000000000 ) ) ;
#12406 = DIRECTION ( 'NONE',  ( -1.000000000000000000, -0.000000000000000000, -0.000000000000000000 ) ) ;
#12407 = ORIENTED_EDGE ( 'NONE', *, *, #10059, .T. ) ;
#12408 = CARTESIAN_POINT ( 'NONE',  ( -5.299999999999998934, -3.250000000000000444, 0.000000000000000000 ) ) ;
#12409 = CARTESIAN_POINT ( 'NONE',  ( -6.099999999999999645, 2.850000000000000089, 0.8199999999999999512 ) ) ;
#12410 = SURFACE_SIDE_STYLE ('',( #2190 ) ) ;
#12411 = ORIENTED_EDGE ( 'NONE', *, *, #9979, .F. ) ;
#12413 = STYLED_ITEM ( 'NONE', ( #1343 ), #2613 ) ;
#12412 = DIRECTION ( 'NONE',  ( 0.000000000000000000, 1.000000000000000000, 0.000000000000000000 ) ) ;
#12414 =( GEOMETRIC_REPRESENTATION_CONTEXT ( 3 ) GLOBAL_UNCERTAINTY_ASSIGNED_CONTEXT ( ( #8154 ) ) GLOBAL_UNIT_ASSIGNED_CONTEXT ( ( #7497, #9579, #12694 ) ) REPRESENTATION_CONTEXT ( 'NONE', 'WORKASPACE' ) );
#12415 = LINE ( 'NONE', #7277, #3426 ) ;
#12416 = ORIENTED_EDGE ( 'NONE', *, *, #11913, .F. ) ;
#12417 = FILL_AREA_STYLE_COLOUR ( '', #2987 ) ;
#12418 = VECTOR ( 'NONE', #9128, 1000.000000000000000 ) ;
#12419 = FACE_OUTER_BOUND ( 'NONE', #9183, .T. ) ;
#12420 = PLANE ( 'NONE',  #4152 ) ;
#12421 = EDGE_CURVE ( 'NONE', #3365, #9275, #6494, .T. ) ;
#12422 = DIRECTION ( 'NONE',  ( -1.626303258728256651E-16, 1.000000000000000000, 0.000000000000000000 ) ) ;
#12423 = SURFACE_SIDE_STYLE ('',( #111 ) ) ;
#12424 = ORIENTED_EDGE ( 'NONE', *, *, #11256, .F. ) ;
#12425 = EDGE_LOOP ( 'NONE', ( #12327, #2154, #13230, #5357 ) ) ;
#12426 =( LENGTH_UNIT ( ) NAMED_UNIT ( * ) SI_UNIT ( .MILLI., .METRE. ) );
#12427 = FACE_OUTER_BOUND ( 'NONE', #2692, .T. ) ;
#12428 = CARTESIAN_POINT ( 'NONE',  ( 5.299999999999998934, 7.450000000000000178, 0.8199999999999999512 ) ) ;
#12429 = EDGE_LOOP ( 'NONE', ( #906, #12958, #973, #11122 ) ) ;
#12430 = CARTESIAN_POINT ( 'NONE',  ( 6.099999999999999645, 4.150000000000000355, 0.8199999999999999512 ) ) ;
#12431 =( LENGTH_UNIT ( ) NAMED_UNIT ( * ) SI_UNIT ( .MILLI., .METRE. ) );
#12432 = PRESENTATION_LAYER_ASSIGNMENT (  '', '', ( #836 ) ) ;
#12433 = PRESENTATION_STYLE_ASSIGNMENT (( #328 ) ) ;
#12434 = AXIS2_PLACEMENT_3D ( 'NONE', #2479, #394, #10424 ) ;
#12435 = CARTESIAN_POINT ( 'NONE',  ( -6.099999999999999645, -0.6500000000000003553, 0.000000000000000000 ) ) ;
#12436 = AXIS2_PLACEMENT_3D ( 'NONE', #12655, #6224, #10430 ) ;
#12437 = PRESENTATION_LAYER_ASSIGNMENT (  '', '', ( #11987 ) ) ;
#12438 = FILL_AREA_STYLE ('',( #5091 ) ) ;
#12439 = LINE ( 'NONE', #7513, #6468 ) ;
#12440 = DIRECTION ( 'NONE',  ( -0.000000000000000000, -0.000000000000000000, 1.000000000000000000 ) ) ;
#12441 =( GEOMETRIC_REPRESENTATION_CONTEXT ( 3 ) GLOBAL_UNCERTAINTY_ASSIGNED_CONTEXT ( ( #11915 ) ) GLOBAL_UNIT_ASSIGNED_CONTEXT ( ( #3535, #5666, #1446 ) ) REPRESENTATION_CONTEXT ( 'NONE', 'WORKASPACE' ) );
#12442 = VERTEX_POINT ( 'NONE', #12639 ) ;
#12443 = MECHANICAL_DESIGN_GEOMETRIC_PRESENTATION_REPRESENTATION (  '', ( #5942 ), #9390 ) ;
#12444 =( NAMED_UNIT ( * ) SI_UNIT ( $, .STERADIAN. ) SOLID_ANGLE_UNIT ( ) );
#12445 = VERTEX_POINT ( 'NONE', #9529 ) ;
#12446 = STYLED_ITEM ( 'NONE', ( #8760 ), #11490 ) ;
#12447 = VECTOR ( 'NONE', #8565, 1000.000000000000000 ) ;
#12448 = CARTESIAN_POINT ( 'NONE',  ( 6.099999999999999645, 5.249999999999999112, 0.8199999999999999512 ) ) ;
#12449 = CARTESIAN_POINT ( 'NONE',  ( 5.849999999999999645, 3.700000000000000178, 0.8199999999999999512 ) ) ;
#12450 = SURFACE_STYLE_USAGE ( .BOTH. , #8325 ) ;
#12451 = ORIENTED_EDGE ( 'NONE', *, *, #4379, .F. ) ;
#12452 = CARTESIAN_POINT ( 'NONE',  ( 6.099999999999999645, 0.04999999999999969746, 0.000000000000000000 ) ) ;
#12453 = ORIENTED_EDGE ( 'NONE', *, *, #2554, .T. ) ;
#12454 =( GEOMETRIC_REPRESENTATION_CONTEXT ( 3 ) GLOBAL_UNCERTAINTY_ASSIGNED_CONTEXT ( ( #8933 ) ) GLOBAL_UNIT_ASSIGNED_CONTEXT ( ( #5125, #4242, #35 ) ) REPRESENTATION_CONTEXT ( 'NONE', 'WORKASPACE' ) );
#12455 = COLOUR_RGB ( '',0.9411764705882352811, 0.6274509803921568540, 0.05490196078431372473 ) ;
#12456 = SURFACE_STYLE_FILL_AREA ( #4220 ) ;
#12457 = AXIS2_PLACEMENT_3D ( 'NONE', #511, #1568, #11605 ) ;
#12458 = CARTESIAN_POINT ( 'NONE',  ( -5.299999999999998934, 7.450000000000000178, 0.8199999999999999512 ) ) ;
#12459 = UNCERTAINTY_MEASURE_WITH_UNIT (LENGTH_MEASURE( 1.000000000000000082E-05 ), #5700, 'distance_accuracy_value', 'NONE');
#12460 = PRESENTATION_STYLE_ASSIGNMENT (( #7245 ) ) ;
#12461 = ORIENTED_EDGE ( 'NONE', *, *, #11772, .F. ) ;
#12462 = FACE_OUTER_BOUND ( 'NONE', #9010, .T. ) ;
#12463 = CARTESIAN_POINT ( 'NONE',  ( 6.099999999999999645, -4.150000000000000355, 0.8199999999999999512 ) ) ;
#12464 = CARTESIAN_POINT ( 'NONE',  ( 6.099999999999999645, -4.150000000000000355, 0.8199999999999999512 ) ) ;
#12465 = EDGE_CURVE ( 'NONE', #1751, #3880, #4274, .T. ) ;
#12466 = ORIENTED_EDGE ( 'NONE', *, *, #12994, .T. ) ;
#12467 =( GEOMETRIC_REPRESENTATION_CONTEXT ( 3 ) GLOBAL_UNCERTAINTY_ASSIGNED_CONTEXT ( ( #7062 ) ) GLOBAL_UNIT_ASSIGNED_CONTEXT ( ( #10308, #9485, #7461 ) ) REPRESENTATION_CONTEXT ( 'NONE', 'WORKASPACE' ) );
#12468 = DIRECTION ( 'NONE',  ( -0.000000000000000000, 0.000000000000000000, 1.000000000000000000 ) ) ;
#12469 = CARTESIAN_POINT ( 'NONE',  ( -5.299999999999998934, -1.950000000000000178, 0.000000000000000000 ) ) ;
#12470 =( NAMED_UNIT ( * ) SI_UNIT ( $, .STERADIAN. ) SOLID_ANGLE_UNIT ( ) );
#12471 = DIRECTION ( 'NONE',  ( 0.000000000000000000, 0.000000000000000000, -1.000000000000000000 ) ) ;
#12472 = LINE ( 'NONE', #7191, #2367 ) ;
#12473 = FILL_AREA_STYLE ('',( #9231 ) ) ;
#12474 = EDGE_CURVE ( 'NONE', #11301, #9249, #63, .T. ) ;
#12475 = ADVANCED_FACE ( 'NONE', ( #8247 ), #2271, .T. ) ;
#12476 = COLOUR_RGB ( '',1.000000000000000000, 1.000000000000000000, 1.000000000000000000 ) ;
#12477 = UNCERTAINTY_MEASURE_WITH_UNIT (LENGTH_MEASURE( 1.000000000000000082E-05 ), #7125, 'distance_accuracy_value', 'NONE');
#12478 =( GEOMETRIC_REPRESENTATION_CONTEXT ( 3 ) GLOBAL_UNCERTAINTY_ASSIGNED_CONTEXT ( ( #13286 ) ) GLOBAL_UNIT_ASSIGNED_CONTEXT ( ( #11435, #11498, #8508 ) ) REPRESENTATION_CONTEXT ( 'NONE', 'WORKASPACE' ) );
#12479 =( LENGTH_UNIT ( ) NAMED_UNIT ( * ) SI_UNIT ( .MILLI., .METRE. ) );
#12480 = ORIENTED_EDGE ( 'NONE', *, *, #1793, .T. ) ;
#12481 = CARTESIAN_POINT ( 'NONE',  ( 6.099999999999999645, 0.04999999999999969746, 0.8199999999999999512 ) ) ;
#12482 = ORIENTED_EDGE ( 'NONE', *, *, #1101, .T. ) ;
#12483 = PLANE ( 'NONE',  #4622 ) ;
#12484 = MECHANICAL_DESIGN_GEOMETRIC_PRESENTATION_REPRESENTATION (  '', ( #12039 ), #235 ) ;
#12485 = LINE ( 'NONE', #6325, #2058 ) ;
#12486 = ORIENTED_EDGE ( 'NONE', *, *, #13208, .F. ) ;
#12487 = CARTESIAN_POINT ( 'NONE',  ( 5.299999999999998934, -5.450000000000001066, 0.8199999999999999512 ) ) ;
#12488 = LINE ( 'NONE', #10460, #5343 ) ;
#12489 = ORIENTED_EDGE ( 'NONE', *, *, #10906, .T. ) ;
#12490 = VERTEX_POINT ( 'NONE', #8381 ) ;
#12491 = VECTOR ( 'NONE', #4926, 1000.000000000000000 ) ;
#12492 =( NAMED_UNIT ( * ) SI_UNIT ( $, .STERADIAN. ) SOLID_ANGLE_UNIT ( ) );
#12493 = DIRECTION ( 'NONE',  ( 0.000000000000000000, 0.000000000000000000, -1.000000000000000000 ) ) ;
#12494 = EDGE_CURVE ( 'NONE', #3028, #299, #12509, .T. ) ;
#12495 = MECHANICAL_DESIGN_GEOMETRIC_PRESENTATION_REPRESENTATION (  '', ( #4937 ), #5591 ) ;
#12496 = AXIS2_PLACEMENT_3D ( 'NONE', #7064, #711, #5923 ) ;
#12497 = CARTESIAN_POINT ( 'NONE',  ( -6.099999999999999645, 6.150000000000000355, 0.8199999999999999512 ) ) ;
#12498 = PRESENTATION_STYLE_ASSIGNMENT (( #10465 ) ) ;
#12499 =( NAMED_UNIT ( * ) PLANE_ANGLE_UNIT ( ) SI_UNIT ( $, .RADIAN. ) );
#12500 = AXIS2_PLACEMENT_3D ( 'NONE', #5336, #10612, #11741 ) ;
#12501 = ORIENTED_EDGE ( 'NONE', *, *, #6979, .F. ) ;
#12502 = CYLINDRICAL_SURFACE ( 'NONE', #9266, 0.2500000000000002220 ) ;
#12503 = DIRECTION ( 'NONE',  ( 0.000000000000000000, 0.000000000000000000, -1.000000000000000000 ) ) ;
#12504 = CARTESIAN_POINT ( 'NONE',  ( 5.299999999999998934, 6.349999999999999645, 0.000000000000000000 ) ) ;
#12505 = VERTEX_POINT ( 'NONE', #10476 ) ;
#12506 = COLOUR_RGB ( '',0.9411764705882352811, 0.6274509803921568540, 0.05490196078431372473 ) ;
#12507 = CARTESIAN_POINT ( 'NONE',  ( 5.299999999999998934, 6.550000000000000711, 0.000000000000000000 ) ) ;
#12508 =( NAMED_UNIT ( * ) SI_UNIT ( $, .STERADIAN. ) SOLID_ANGLE_UNIT ( ) );
#12509 = LINE ( 'NONE', #7376, #6659 ) ;
#12510 = EDGE_CURVE ( 'NONE', #3587, #1975, #8379, .T. ) ;
#12511 = VECTOR ( 'NONE', #12735, 1000.000000000000000 ) ;
#12512 = COLOUR_RGB ( '',0.9411764705882352811, 0.6274509803921568540, 0.05490196078431372473 ) ;
#12513 = UNCERTAINTY_MEASURE_WITH_UNIT (LENGTH_MEASURE( 1.000000000000000082E-05 ), #11748, 'distance_accuracy_value', 'NONE');
#12514 = VECTOR ( 'NONE', #4228, 1000.000000000000000 ) ;
#12515 =( NAMED_UNIT ( * ) PLANE_ANGLE_UNIT ( ) SI_UNIT ( $, .RADIAN. ) );
#12516 = MECHANICAL_DESIGN_GEOMETRIC_PRESENTATION_REPRESENTATION (  '', ( #3280 ), #6690 ) ;
#12517 = PRESENTATION_LAYER_ASSIGNMENT (  '', '', ( #4969 ) ) ;
#12518 = DIRECTION ( 'NONE',  ( -0.000000000000000000, -0.000000000000000000, -1.000000000000000000 ) ) ;
#12519 = PLANE ( 'NONE',  #9624 ) ;
#12520 = ORIENTED_EDGE ( 'NONE', *, *, #7282, .F. ) ;
#12521 = CARTESIAN_POINT ( 'NONE',  ( 5.299999999999998934, -7.450000000000000178, 0.000000000000000000 ) ) ;
#12522 = MECHANICAL_DESIGN_GEOMETRIC_PRESENTATION_REPRESENTATION (  '', ( #4971 ), #8419 ) ;
#12523 = ORIENTED_EDGE ( 'NONE', *, *, #10406, .F. ) ;
#12524 = COLOUR_RGB ( '',0.000000000000000000, 1.000000000000000000, 0.000000000000000000 ) ;
#12525 = DIRECTION ( 'NONE',  ( 1.000000000000000000, 0.000000000000000000, -0.000000000000000000 ) ) ;
#12526 =( NAMED_UNIT ( * ) PLANE_ANGLE_UNIT ( ) SI_UNIT ( $, .RADIAN. ) );
#12527 = VERTEX_POINT ( 'NONE', #6429 ) ;
#12528 = CARTESIAN_POINT ( 'NONE',  ( -6.099999999999999645, -6.550000000000000711, 0.8199999999999999512 ) ) ;
#12529 = ORIENTED_EDGE ( 'NONE', *, *, #10561, .T. ) ;
#12530 = MECHANICAL_DESIGN_GEOMETRIC_PRESENTATION_REPRESENTATION (  '', ( #2423 ), #6903 ) ;
#12531 = EDGE_CURVE ( 'NONE', #11266, #3267, #11749, .T. ) ;
#12532 = AXIS2_PLACEMENT_3D ( 'NONE', #4959, #13189, #6093 ) ;
#12533 = ORIENTED_EDGE ( 'NONE', *, *, #7411, .F. ) ;
#12534 = DIRECTION ( 'NONE',  ( 0.000000000000000000, -0.000000000000000000, 1.000000000000000000 ) ) ;
#12535 = CIRCLE ( 'NONE', #935, 0.2500000000000002220 ) ;
#12536 = CARTESIAN_POINT ( 'NONE',  ( -6.099999999999999645, -3.250000000000000444, 0.8199999999999999512 ) ) ;
#12537 = FILL_AREA_STYLE ('',( #6307 ) ) ;
#12538 = FILL_AREA_STYLE ('',( #3180 ) ) ;
#12539 = ORIENTED_EDGE ( 'NONE', *, *, #3040, .F. ) ;
#12540 = SURFACE_SIDE_STYLE ('',( #221 ) ) ;
#12541 = CARTESIAN_POINT ( 'NONE',  ( 6.099999999999999645, -0.8500000000000000888, 0.8199999999999999512 ) ) ;
#12542 =( LENGTH_UNIT ( ) NAMED_UNIT ( * ) SI_UNIT ( .MILLI., .METRE. ) );
#12543 =( NAMED_UNIT ( * ) PLANE_ANGLE_UNIT ( ) SI_UNIT ( $, .RADIAN. ) );
#12544 = ADVANCED_FACE ( 'NONE', ( #6821 ), #9736, .T. ) ;
#12545 = STYLED_ITEM ( 'NONE', ( #5720 ), #5225 ) ;
#12546 = FILL_AREA_STYLE_COLOUR ( '', #5592 ) ;
#12547 = EDGE_LOOP ( 'NONE', ( #7653, #11836, #12710, #12261 ) ) ;
#12548 = DIRECTION ( 'NONE',  ( 1.000000000000000000, 0.000000000000000000, 0.000000000000000000 ) ) ;
#12549 = LINE ( 'NONE', #7348, #1926 ) ;
#12550 = ORIENTED_EDGE ( 'NONE', *, *, #4307, .F. ) ;
#12551 = SURFACE_SIDE_STYLE ('',( #2512 ) ) ;
#12552 =( NAMED_UNIT ( * ) SI_UNIT ( $, .STERADIAN. ) SOLID_ANGLE_UNIT ( ) );
#12553 = ADVANCED_FACE ( 'NONE', ( #10752 ), #1725, .T. ) ;
#12554 = ORIENTED_EDGE ( 'NONE', *, *, #11203, .F. ) ;
#12555 = SURFACE_SIDE_STYLE ('',( #2515 ) ) ;
#12556 = EDGE_CURVE ( 'NONE', #13044, #11729, #9588, .T. ) ;
#12557 = PLANE ( 'NONE',  #10951 ) ;
#12558 = VERTEX_POINT ( 'NONE', #9663 ) ;
#12559 = VECTOR ( 'NONE', #4521, 1000.000000000000000 ) ;
#12560 = PLANE ( 'NONE',  #10282 ) ;
#12561 = FILL_AREA_STYLE ('',( #8437 ) ) ;
#12562 =( NAMED_UNIT ( * ) PLANE_ANGLE_UNIT ( ) SI_UNIT ( $, .RADIAN. ) );
#12563 = CARTESIAN_POINT ( 'NONE',  ( 6.099999999999999645, 6.550000000000000711, 0.8199999999999999512 ) ) ;
#12564 = CARTESIAN_POINT ( 'NONE',  ( 6.099999999999999645, -5.450000000000001066, 0.8199999999999999512 ) ) ;
#12565 = CARTESIAN_POINT ( 'NONE',  ( 6.099999999999999645, 5.899999999999999467, 0.8199999999999999512 ) ) ;
#12566 = VERTEX_POINT ( 'NONE', #587 ) ;
#12567 = ORIENTED_EDGE ( 'NONE', *, *, #10922, .F. ) ;
#12568 = LINE ( 'NONE', #12693, #12044 ) ;
#12569 = SURFACE_STYLE_FILL_AREA ( #10542 ) ;
#12570 = ADVANCED_FACE ( 'NONE', ( #6693 ), #4534, .F. ) ;
#12571 = DIRECTION ( 'NONE',  ( 0.000000000000000000, -1.000000000000000000, 0.000000000000000000 ) ) ;
#12572 = ORIENTED_EDGE ( 'NONE', *, *, #5531, .F. ) ;
#12573 = CARTESIAN_POINT ( 'NONE',  ( 6.099999999999999645, 7.000000000000000000, 0.8199999999999999512 ) ) ;
#12574 = CARTESIAN_POINT ( 'NONE',  ( -6.099999999999999645, -5.250000000000000000, 0.8199999999999999512 ) ) ;
#12575 = ORIENTED_EDGE ( 'NONE', *, *, #12218, .F. ) ;
#12576 = SURFACE_STYLE_USAGE ( .BOTH. , #2213 ) ;
#12577 =( LENGTH_UNIT ( ) NAMED_UNIT ( * ) SI_UNIT ( .MILLI., .METRE. ) );
#12578 = CARTESIAN_POINT ( 'NONE',  ( -6.099999999999999645, -3.950000000000000178, 0.8199999999999999512 ) ) ;
#12579 = DIRECTION ( 'NONE',  ( 0.000000000000000000, -1.000000000000000000, 0.000000000000000000 ) ) ;
#12580 = ORIENTED_EDGE ( 'NONE', *, *, #5441, .F. ) ;
#12581 = EDGE_CURVE ( 'NONE', #10063, #12505, #11025, .T. ) ;
#12582 =( NAMED_UNIT ( * ) PLANE_ANGLE_UNIT ( ) SI_UNIT ( $, .RADIAN. ) );
#12583 = DIRECTION ( 'NONE',  ( -0.000000000000000000, -0.000000000000000000, 1.000000000000000000 ) ) ;
#12584 = ORIENTED_EDGE ( 'NONE', *, *, #1932, .F. ) ;
#12585 =( NAMED_UNIT ( * ) SI_UNIT ( $, .STERADIAN. ) SOLID_ANGLE_UNIT ( ) );
#12586 = DIRECTION ( 'NONE',  ( 1.000000000000000000, -0.000000000000000000, -0.000000000000000000 ) ) ;
#12587 = LINE ( 'NONE', #1348, #6136 ) ;
#12588 =( NAMED_UNIT ( * ) SI_UNIT ( $, .STERADIAN. ) SOLID_ANGLE_UNIT ( ) );
#12589 = ORIENTED_EDGE ( 'NONE', *, *, #7724, .F. ) ;
#12590 = DIRECTION ( 'NONE',  ( 0.000000000000000000, 1.000000000000000000, 0.000000000000000000 ) ) ;
#12591 = ORIENTED_EDGE ( 'NONE', *, *, #6132, .T. ) ;
#12592 = SURFACE_SIDE_STYLE ('',( #5295 ) ) ;
#12593 = UNCERTAINTY_MEASURE_WITH_UNIT (LENGTH_MEASURE( 1.000000000000000082E-05 ), #3373, 'distance_accuracy_value', 'NONE');
#12594 = CARTESIAN_POINT ( 'NONE',  ( -6.099999999999999645, -0.1499999999999999667, 0.8199999999999999512 ) ) ;
#12595 = ORIENTED_EDGE ( 'NONE', *, *, #3451, .F. ) ;
#12596 = EDGE_CURVE ( 'NONE', #1265, #7107, #9459, .T. ) ;
#12597 = CARTESIAN_POINT ( 'NONE',  ( 6.099999999999999645, 4.349999999999999645, 0.000000000000000000 ) ) ;
#12598 = DIRECTION ( 'NONE',  ( -0.000000000000000000, -0.000000000000000000, -1.000000000000000000 ) ) ;
#12599 = VERTEX_POINT ( 'NONE', #9110 ) ;
#12600 = CARTESIAN_POINT ( 'NONE',  ( 6.099999999999999645, 8.000000000000000000, 0.8199999999999999512 ) ) ;
#12601 = CARTESIAN_POINT ( 'NONE',  ( 5.849999999999999645, 5.899999999999999467, 0.000000000000000000 ) ) ;
#12602 = DIRECTION ( 'NONE',  ( 0.000000000000000000, 0.000000000000000000, -1.000000000000000000 ) ) ;
#12603 = EDGE_CURVE ( 'NONE', #10729, #1438, #8039, .T. ) ;
#12604 = COLOUR_RGB ( '',1.000000000000000000, 1.000000000000000000, 1.000000000000000000 ) ;
#12606 = AXIS2_PLACEMENT_3D ( 'NONE', #8227, #12278, #3131 ) ;
#12605 = PRESENTATION_STYLE_ASSIGNMENT (( #5308 ) ) ;
#12607 = CARTESIAN_POINT ( 'NONE',  ( -6.099999999999999645, -4.350000000000000533, 0.000000000000000000 ) ) ;
#12608 = UNCERTAINTY_MEASURE_WITH_UNIT (LENGTH_MEASURE( 1.000000000000000082E-05 ), #10977, 'distance_accuracy_value', 'NONE');
#12609 = STYLED_ITEM ( 'NONE', ( #11339 ), #8640 ) ;
#12610 = CARTESIAN_POINT ( 'NONE',  ( 6.099999999999999645, 8.000000000000000000, 0.8199999999999999512 ) ) ;
#12611 = ORIENTED_EDGE ( 'NONE', *, *, #4073, .T. ) ;
#12612 = DIRECTION ( 'NONE',  ( 0.000000000000000000, 0.000000000000000000, -1.000000000000000000 ) ) ;
#12613 = SURFACE_SIDE_STYLE ('',( #4701 ) ) ;
#12614 = EDGE_CURVE ( 'NONE', #2931, #9506, #7898, .T. ) ;
#12615 = ORIENTED_EDGE ( 'NONE', *, *, #10696, .T. ) ;
#12616 = DIRECTION ( 'NONE',  ( -1.000000000000000000, -0.000000000000000000, -0.000000000000000000 ) ) ;
#12617 =( NAMED_UNIT ( * ) SI_UNIT ( $, .STERADIAN. ) SOLID_ANGLE_UNIT ( ) );
#12618 = VERTEX_POINT ( 'NONE', #10205 ) ;
#12619 = SURFACE_STYLE_USAGE ( .BOTH. , #510 ) ;
#12620 = ORIENTED_EDGE ( 'NONE', *, *, #2923, .T. ) ;
#12621 = ORIENTED_EDGE ( 'NONE', *, *, #10450, .T. ) ;
#12622 = MECHANICAL_DESIGN_GEOMETRIC_PRESENTATION_REPRESENTATION (  '', ( #5077 ), #6792 ) ;
#12623 = VECTOR ( 'NONE', #6158, 1000.000000000000000 ) ;
#12624 = DIRECTION ( 'NONE',  ( 0.000000000000000000, 0.000000000000000000, 1.000000000000000000 ) ) ;
#12625 = ADVANCED_FACE ( 'NONE', ( #5880 ), #7148, .T. ) ;
#12626 = FACE_OUTER_BOUND ( 'NONE', #10330, .T. ) ;
#12627 = FACE_OUTER_BOUND ( 'NONE', #969, .T. ) ;
#12628 = CARTESIAN_POINT ( 'NONE',  ( -6.099999999999999645, -0.4000000000000001887, 0.8199999999999999512 ) ) ;
#12629 = ADVANCED_FACE ( 'NONE', ( #4857 ), #11149, .F. ) ;
#12630 = VECTOR ( 'NONE', #3694, 1000.000000000000000 ) ;
#12631 = EDGE_LOOP ( 'NONE', ( #4402, #2818, #9051, #3856 ) ) ;
#12632 =( LENGTH_UNIT ( ) NAMED_UNIT ( * ) SI_UNIT ( .MILLI., .METRE. ) );
#12633 = CARTESIAN_POINT ( 'NONE',  ( 6.099999999999999645, -2.600000000000000533, 0.000000000000000000 ) ) ;
#12634 = CARTESIAN_POINT ( 'NONE',  ( -6.099999999999999645, 5.249999999999999112, 0.8199999999999999512 ) ) ;
#12635 = EDGE_LOOP ( 'NONE', ( #9716, #12486, #6422, #12786 ) ) ;
#12636 = FILL_AREA_STYLE ('',( #5220 ) ) ;
#12637 = CARTESIAN_POINT ( 'NONE',  ( -6.099999999999999645, -5.250000000000000000, 0.000000000000000000 ) ) ;
#12638 = PLANE ( 'NONE',  #12718 ) ;
#12639 = CARTESIAN_POINT ( 'NONE',  ( -5.299999999999998934, 0.04999999999999969746, 0.8199999999999999512 ) ) ;
#12640 = AXIS2_PLACEMENT_3D ( 'NONE', #3245, #2438, #10636 ) ;
#12641 = VECTOR ( 'NONE', #3113, 1000.000000000000000 ) ;
#12642 = EDGE_CURVE ( 'NONE', #8065, #12527, #3339, .T. ) ;
#12643 = EDGE_CURVE ( 'NONE', #3164, #1867, #9314, .T. ) ;
#12644 = UNCERTAINTY_MEASURE_WITH_UNIT (LENGTH_MEASURE( 1.000000000000000082E-05 ), #1067, 'distance_accuracy_value', 'NONE');
#12645 = CARTESIAN_POINT ( 'NONE',  ( -6.099999999999999645, -5.450000000000001066, 0.8199999999999999512 ) ) ;
#12646 = SURFACE_STYLE_FILL_AREA ( #332 ) ;
#12647 = ORIENTED_EDGE ( 'NONE', *, *, #11485, .F. ) ;
#12648 = SURFACE_STYLE_USAGE ( .BOTH. , #5431 ) ;
#12649 = SURFACE_STYLE_USAGE ( .BOTH. , #4475 ) ;
#12650 = ORIENTED_EDGE ( 'NONE', *, *, #9806, .T. ) ;
#12651 = STYLED_ITEM ( 'NONE', ( #4348 ), #3079 ) ;
#12652 = VECTOR ( 'NONE', #12579, 1000.000000000000000 ) ;
#12653 = PRESENTATION_STYLE_ASSIGNMENT (( #8522 ) ) ;
#12654 = FACE_OUTER_BOUND ( 'NONE', #10904, .T. ) ;
#12655 = CARTESIAN_POINT ( 'NONE',  ( 6.099999999999999645, -4.800000000000000711, 0.000000000000000000 ) ) ;
#12656 = ORIENTED_EDGE ( 'NONE', *, *, #12779, .F. ) ;
#12657 = CARTESIAN_POINT ( 'NONE',  ( -6.099999999999999645, 8.000000000000000000, 0.8199999999999999512 ) ) ;
#12658 = ADVANCED_FACE ( 'NONE', ( #1316 ), #47, .T. ) ;
#12659 =( NAMED_UNIT ( * ) PLANE_ANGLE_UNIT ( ) SI_UNIT ( $, .RADIAN. ) );
#12660 = PRESENTATION_LAYER_ASSIGNMENT (  '', '', ( #5972 ) ) ;
#12661 = DIRECTION ( 'NONE',  ( -0.000000000000000000, 1.000000000000000000, -0.000000000000000000 ) ) ;
#12662 = VECTOR ( 'NONE', #11356, 1000.000000000000000 ) ;
#12663 = VECTOR ( 'NONE', #10615, 1000.000000000000000 ) ;
#12664 = VERTEX_POINT ( 'NONE', #2328 ) ;
#12665 = CARTESIAN_POINT ( 'NONE',  ( 6.099999999999999645, -4.350000000000000533, 0.8199999999999999512 ) ) ;
#12666 = ORIENTED_EDGE ( 'NONE', *, *, #7994, .F. ) ;
#12667 = LINE ( 'NONE', #4374, #9935 ) ;
#12668 = DIRECTION ( 'NONE',  ( -1.000000000000000000, 0.000000000000000000, -0.000000000000000000 ) ) ;
#12669 =( LENGTH_UNIT ( ) NAMED_UNIT ( * ) SI_UNIT ( .MILLI., .METRE. ) );
#12670 = FILL_AREA_STYLE_COLOUR ( '', #8150 ) ;
#12671 = STYLED_ITEM ( 'NONE', ( #8480 ), #1899 ) ;
#12672 = STYLED_ITEM ( 'NONE', ( #3931 ), #6452 ) ;
#12673 = LINE ( 'NONE', #11661, #12288 ) ;
#12674 = AXIS2_PLACEMENT_3D ( 'NONE', #5188, #6114, #10944 ) ;
#12675 = EDGE_CURVE ( 'NONE', #1406, #3136, #7208, .T. ) ;
#12677 = DIRECTION ( 'NONE',  ( 0.000000000000000000, 0.000000000000000000, 1.000000000000000000 ) ) ;
#12676 = MECHANICAL_DESIGN_GEOMETRIC_PRESENTATION_REPRESENTATION (  '', ( #9877 ), #12009 ) ;
#12678 = VECTOR ( 'NONE', #8941, 1000.000000000000000 ) ;
#12679 = ORIENTED_EDGE ( 'NONE', *, *, #2259, .T. ) ;
#12680 = SURFACE_SIDE_STYLE ('',( #9632 ) ) ;
#12681 = CARTESIAN_POINT ( 'NONE',  ( 5.299999999999998934, 6.349999999999999645, 0.8199999999999999512 ) ) ;
#12682 =( NAMED_UNIT ( * ) SI_UNIT ( $, .STERADIAN. ) SOLID_ANGLE_UNIT ( ) );
#12683 = VECTOR ( 'NONE', #6785, 1000.000000000000000 ) ;
#12684 = DIRECTION ( 'NONE',  ( 1.000000000000000000, 0.000000000000000000, 0.000000000000000000 ) ) ;
#12685 = ORIENTED_EDGE ( 'NONE', *, *, #1487, .T. ) ;
#12686 = ORIENTED_EDGE ( 'NONE', *, *, #7817, .F. ) ;
#12687 = MECHANICAL_DESIGN_GEOMETRIC_PRESENTATION_REPRESENTATION (  '', ( #6202 ), #10318 ) ;
#12688 = DIRECTION ( 'NONE',  ( 1.000000000000000000, 0.000000000000000000, -0.000000000000000000 ) ) ;
#12689 = EDGE_CURVE ( 'NONE', #9093, #5127, #6330, .T. ) ;
#12690 = MECHANICAL_DESIGN_GEOMETRIC_PRESENTATION_REPRESENTATION (  '', ( #4702 ), #7937 ) ;
#12691 = CARTESIAN_POINT ( 'NONE',  ( 6.099999999999999645, 7.450000000000000178, 0.8199999999999999512 ) ) ;
#12692 = CARTESIAN_POINT ( 'NONE',  ( 6.099999999999999645, 8.000000000000000000, 0.000000000000000000 ) ) ;
#12693 = CARTESIAN_POINT ( 'NONE',  ( -6.099999999999999645, 8.000000000000000000, 0.8199999999999999512 ) ) ;
#12694 =( NAMED_UNIT ( * ) SI_UNIT ( $, .STERADIAN. ) SOLID_ANGLE_UNIT ( ) );
#12695 = DIRECTION ( 'NONE',  ( -0.000000000000000000, 1.000000000000000000, -0.000000000000000000 ) ) ;
#12696 = ORIENTED_EDGE ( 'NONE', *, *, #7301, .F. ) ;
#12697 = VECTOR ( 'NONE', #986, 1000.000000000000000 ) ;
#12698 = CARTESIAN_POINT ( 'NONE',  ( -6.099999999999999645, -4.350000000000000533, 0.8199999999999999512 ) ) ;
#12699 =( GEOMETRIC_REPRESENTATION_CONTEXT ( 3 ) GLOBAL_UNCERTAINTY_ASSIGNED_CONTEXT ( ( #10701 ) ) GLOBAL_UNIT_ASSIGNED_CONTEXT ( ( #1246, #8629, #9447 ) ) REPRESENTATION_CONTEXT ( 'NONE', 'WORKASPACE' ) );
#12700 = ADVANCED_BREP_SHAPE_REPRESENTATION ( 'NEO-F10N-00B', ( #5066, #5020, #556, #9546, #9581, #5089, #593, #9379, #9679, #4946, #5112, #687, #4978, #5156, #642, #441, #9731, #5207, #5178, #661, #5040, #9523, #9302, #533, #9629, #865, #6900 ), #1344 ) ;
#12701 = EDGE_CURVE ( 'NONE', #12442, #6441, #9373, .T. ) ;
#12702 = VECTOR ( 'NONE', #5384, 1000.000000000000000 ) ;
#12703 = EDGE_LOOP ( 'NONE', ( #12685, #1535, #10469, #7710 ) ) ;
#12704 = DIRECTION ( 'NONE',  ( -1.000000000000000000, -0.000000000000000000, -0.000000000000000000 ) ) ;
#12705 =( LENGTH_UNIT ( ) NAMED_UNIT ( * ) SI_UNIT ( .MILLI., .METRE. ) );
#12706 = ORIENTED_EDGE ( 'NONE', *, *, #1649, .T. ) ;
#12707 = CARTESIAN_POINT ( 'NONE',  ( -5.299999999999998934, -1.050000000000000266, 0.8199999999999999512 ) ) ;
#12708 = ORIENTED_EDGE ( 'NONE', *, *, #12404, .F. ) ;
#12709 = SURFACE_STYLE_USAGE ( .BOTH. , #7313 ) ;
#12711 = EDGE_CURVE ( 'NONE', #8649, #3645, #10405, .T. ) ;
#12710 = ORIENTED_EDGE ( 'NONE', *, *, #6817, .T. ) ;
#12712 =( GEOMETRIC_REPRESENTATION_CONTEXT ( 3 ) GLOBAL_UNCERTAINTY_ASSIGNED_CONTEXT ( ( #1178 ) ) GLOBAL_UNIT_ASSIGNED_CONTEXT ( ( #8216, #12543, #8347 ) ) REPRESENTATION_CONTEXT ( 'NONE', 'WORKASPACE' ) );
#12713 = VECTOR ( 'NONE', #3478, 1000.000000000000000 ) ;
#12714 = PRESENTATION_STYLE_ASSIGNMENT (( #4548 ) ) ;
#12715 = ADVANCED_FACE ( 'NONE', ( #12355 ), #11346, .F. ) ;
#12716 = CIRCLE ( 'NONE', #7970, 0.2500000000000002220 ) ;
#12717 = AXIS2_PLACEMENT_3D ( 'NONE', #12610, #10793, #12677 ) ;
#12718 = AXIS2_PLACEMENT_3D ( 'NONE', #2270, #10821, #9735 ) ;
#12719 =( NAMED_UNIT ( * ) SI_UNIT ( $, .STERADIAN. ) SOLID_ANGLE_UNIT ( ) );
#12720 = UNCERTAINTY_MEASURE_WITH_UNIT (LENGTH_MEASURE( 1.000000000000000082E-05 ), #9017, 'distance_accuracy_value', 'NONE');
#12721 = SURFACE_STYLE_USAGE ( .BOTH. , #6572 ) ;
#12722 = SURFACE_STYLE_USAGE ( .BOTH. , #6375 ) ;
#12723 = AXIS2_PLACEMENT_3D ( 'NONE', #10814, #1580, #4722 ) ;
#12724 = ORIENTED_EDGE ( 'NONE', *, *, #11451, .T. ) ;
#12725 = FACE_OUTER_BOUND ( 'NONE', #4099, .T. ) ;
#12726 = VERTEX_POINT ( 'NONE', #11677 ) ;
#12727 = FILL_AREA_STYLE_COLOUR ( '', #11870 ) ;
#12728 = CARTESIAN_POINT ( 'NONE',  ( 6.099999999999999645, 3.250000000000000444, 0.8199999999999999512 ) ) ;
#12729 =( NAMED_UNIT ( * ) SI_UNIT ( $, .STERADIAN. ) SOLID_ANGLE_UNIT ( ) );
#12730 = DIRECTION ( 'NONE',  ( -1.000000000000000000, 0.000000000000000000, 0.000000000000000000 ) ) ;
#12731 = EDGE_CURVE ( 'NONE', #12184, #6957, #3591, .T. ) ;
#12732 = AXIS2_PLACEMENT_3D ( 'NONE', #9960, #8668, #7858 ) ;
#12733 = CARTESIAN_POINT ( 'NONE',  ( 6.099999999999999645, -1.250000000000000000, 0.8199999999999999512 ) ) ;
#12734 = STYLED_ITEM ( 'NONE', ( #10785 ), #4871 ) ;
#12735 = DIRECTION ( 'NONE',  ( 1.000000000000000000, -0.000000000000000000, -0.000000000000000000 ) ) ;
#12736 =( GEOMETRIC_REPRESENTATION_CONTEXT ( 3 ) GLOBAL_UNCERTAINTY_ASSIGNED_CONTEXT ( ( #11402 ) ) GLOBAL_UNIT_ASSIGNED_CONTEXT ( ( #6505, #9340, #2431 ) ) REPRESENTATION_CONTEXT ( 'NONE', 'WORKASPACE' ) );
#12737 = CARTESIAN_POINT ( 'NONE',  ( 5.299999999999998934, -6.350000000000000533, 0.8199999999999999512 ) ) ;
#12738 = ORIENTED_EDGE ( 'NONE', *, *, #7536, .T. ) ;
#12739 = CARTESIAN_POINT ( 'NONE',  ( -6.099999999999999645, -3.050000000000000266, 0.8199999999999999512 ) ) ;
#12740 = PLANE ( 'NONE',  #5136 ) ;
#12741 = CARTESIAN_POINT ( 'NONE',  ( 6.099999999999999645, 8.000000000000000000, 0.8199999999999999512 ) ) ;
#12742 = CARTESIAN_POINT ( 'NONE',  ( -6.099999999999999645, 5.249999999999999112, 0.8199999999999999512 ) ) ;
#12743 = DIRECTION ( 'NONE',  ( 0.000000000000000000, 0.000000000000000000, 1.000000000000000000 ) ) ;
#12744 = EDGE_CURVE ( 'NONE', #6431, #8118, #9568, .T. ) ;
#12745 = ORIENTED_EDGE ( 'NONE', *, *, #10395, .T. ) ;
#12746 =( NAMED_UNIT ( * ) PLANE_ANGLE_UNIT ( ) SI_UNIT ( $, .RADIAN. ) );
#12747 = SURFACE_STYLE_FILL_AREA ( #6742 ) ;
#12748 = ORIENTED_EDGE ( 'NONE', *, *, #10346, .T. ) ;
#12749 = VECTOR ( 'NONE', #10068, 1000.000000000000000 ) ;
#12750 = ORIENTED_EDGE ( 'NONE', *, *, #9141, .T. ) ;
#12751 = DIRECTION ( 'NONE',  ( 1.000000000000000000, 0.000000000000000000, 0.000000000000000000 ) ) ;
#12752 =( GEOMETRIC_REPRESENTATION_CONTEXT ( 3 ) GLOBAL_UNCERTAINTY_ASSIGNED_CONTEXT ( ( #8786 ) ) GLOBAL_UNIT_ASSIGNED_CONTEXT ( ( #10892, #4866, #2194 ) ) REPRESENTATION_CONTEXT ( 'NONE', 'WORKASPACE' ) );
#12753 = SURFACE_STYLE_FILL_AREA ( #9721 ) ;
#12754 = PLANE ( 'NONE',  #6730 ) ;
#12755 = STYLED_ITEM ( 'NONE', ( #3732 ), #9614 ) ;
#12756 = CARTESIAN_POINT ( 'NONE',  ( -6.099999999999999645, 2.149999999999999911, 0.8199999999999999512 ) ) ;
#12757 = DIRECTION ( 'NONE',  ( 0.000000000000000000, 0.000000000000000000, -1.000000000000000000 ) ) ;
#12758 = EDGE_LOOP ( 'NONE', ( #10433, #1289, #5230, #8251 ) ) ;
#12759 = CARTESIAN_POINT ( 'NONE',  ( 6.099999999999999645, -0.1499999999999999667, 0.8199999999999999512 ) ) ;
#12760 = ADVANCED_FACE ( 'NONE', ( #640 ), #4711, .T. ) ;
#12761 = ORIENTED_EDGE ( 'NONE', *, *, #64, .F. ) ;
#12762 = MECHANICAL_DESIGN_GEOMETRIC_PRESENTATION_REPRESENTATION (  '', ( #7797 ), #9963 ) ;
#12763 = CARTESIAN_POINT ( 'NONE',  ( 5.299999999999998934, -2.150000000000000355, 0.000000000000000000 ) ) ;
#12764 = VECTOR ( 'NONE', #3517, 1000.000000000000000 ) ;
#12765 = UNCERTAINTY_MEASURE_WITH_UNIT (LENGTH_MEASURE( 1.000000000000000082E-05 ), #3203, 'distance_accuracy_value', 'NONE');
#12766 = ORIENTED_EDGE ( 'NONE', *, *, #5875, .T. ) ;
#12767 = CARTESIAN_POINT ( 'NONE',  ( -6.099999999999999645, -4.800000000000000711, 0.000000000000000000 ) ) ;
#12768 = PLANE ( 'NONE',  #4327 ) ;
#12769 = CARTESIAN_POINT ( 'NONE',  ( 6.099999999999999645, 2.149999999999999911, 0.8199999999999999512 ) ) ;
#12770 = VERTEX_POINT ( 'NONE', #7610 ) ;
#12771 = MECHANICAL_DESIGN_GEOMETRIC_PRESENTATION_REPRESENTATION (  '', ( #12343 ), #11060 ) ;
#12772 = SURFACE_SIDE_STYLE ('',( #7516 ) ) ;
#12773 = ORIENTED_EDGE ( 'NONE', *, *, #1559, .T. ) ;
#12774 = EDGE_CURVE ( 'NONE', #8144, #5446, #10865, .T. ) ;
#12775 = LINE ( 'NONE', #6836, #8435 ) ;
#12776 =( NAMED_UNIT ( * ) SI_UNIT ( $, .STERADIAN. ) SOLID_ANGLE_UNIT ( ) );
#12777 = CARTESIAN_POINT ( 'NONE',  ( 5.299999999999998934, 7.450000000000000178, 0.8199999999999999512 ) ) ;
#12778 = ORIENTED_EDGE ( 'NONE', *, *, #9763, .T. ) ;
#12779 = EDGE_CURVE ( 'NONE', #1949, #3859, #10665, .T. ) ;
#12780 = CARTESIAN_POINT ( 'NONE',  ( 6.099999999999999645, 4.150000000000000355, 0.8199999999999999512 ) ) ;
#12781 = CARTESIAN_POINT ( 'NONE',  ( -6.099999999999999645, 0.04999999999999969746, 0.8199999999999999512 ) ) ;
#12782 = EDGE_CURVE ( 'NONE', #7181, #9863, #6675, .T. ) ;
#12783 = CARTESIAN_POINT ( 'NONE',  ( -5.299999999999998934, -6.550000000000000711, 0.8199999999999999512 ) ) ;
#12784 = ORIENTED_EDGE ( 'NONE', *, *, #9486, .T. ) ;
#12785 = FILL_AREA_STYLE ('',( #12913 ) ) ;
#12786 = ORIENTED_EDGE ( 'NONE', *, *, #13052, .T. ) ;
#12787 = CARTESIAN_POINT ( 'NONE',  ( 4.499999999999999112, 6.500000000000000000, 2.400000000000000355 ) ) ;
#12788 = CARTESIAN_POINT ( 'NONE',  ( -6.099999999999999645, 8.000000000000000000, 0.8199999999999999512 ) ) ;
#12789 =( NAMED_UNIT ( * ) PLANE_ANGLE_UNIT ( ) SI_UNIT ( $, .RADIAN. ) );
#12790 =( NAMED_UNIT ( * ) SI_UNIT ( $, .STERADIAN. ) SOLID_ANGLE_UNIT ( ) );
#12791 = PLANE ( 'NONE',  #2839 ) ;
#12792 = FILL_AREA_STYLE_COLOUR ( '', #8981 ) ;
#12793 = EDGE_CURVE ( 'NONE', #1232, #449, #9689, .T. ) ;
#12794 = CARTESIAN_POINT ( 'NONE',  ( -6.099999999999999645, 7.450000000000000178, 0.000000000000000000 ) ) ;
#12795 = VERTEX_POINT ( 'NONE', #3532 ) ;
#12796 = DIRECTION ( 'NONE',  ( 1.000000000000000000, 0.000000000000000000, -0.000000000000000000 ) ) ;
#12797 = SURFACE_STYLE_USAGE ( .BOTH. , #4627 ) ;
#12799 = DIRECTION ( 'NONE',  ( 0.000000000000000000, -0.000000000000000000, 1.000000000000000000 ) ) ;
#12798 = VECTOR ( 'NONE', #7330, 1000.000000000000000 ) ;
#12800 = DIRECTION ( 'NONE',  ( 0.000000000000000000, -0.000000000000000000, 1.000000000000000000 ) ) ;
#12801 = FILL_AREA_STYLE_COLOUR ( '', #5907 ) ;
#12802 = ORIENTED_EDGE ( 'NONE', *, *, #6101, .T. ) ;
#12803 = DIRECTION ( 'NONE',  ( 0.000000000000000000, 0.000000000000000000, -1.000000000000000000 ) ) ;
#12804 = ORIENTED_EDGE ( 'NONE', *, *, #12556, .F. ) ;
#12805 = CARTESIAN_POINT ( 'NONE',  ( -6.099999999999999645, 2.600000000000000089, 0.000000000000000000 ) ) ;
#12806 = VECTOR ( 'NONE', #6722, 1000.000000000000000 ) ;
#12807 = ADVANCED_FACE ( 'NONE', ( #2522 ), #9780, .F. ) ;
#12808 = DIRECTION ( 'NONE',  ( 0.000000000000000000, 0.000000000000000000, -1.000000000000000000 ) ) ;
#12809 = DIRECTION ( 'NONE',  ( 0.000000000000000000, 0.000000000000000000, -1.000000000000000000 ) ) ;
#12810 = CARTESIAN_POINT ( 'NONE',  ( -6.099999999999999645, 6.349999999999999645, 0.8199999999999999512 ) ) ;
#12811 = ORIENTED_EDGE ( 'NONE', *, *, #11575, .F. ) ;
#12812 = CARTESIAN_POINT ( 'NONE',  ( -6.099999999999999645, 6.349999999999999645, 0.000000000000000000 ) ) ;
#12813 =( NAMED_UNIT ( * ) SI_UNIT ( $, .STERADIAN. ) SOLID_ANGLE_UNIT ( ) );
#12814 = STYLED_ITEM ( 'NONE', ( #9169 ), #8687 ) ;
#12815 = SURFACE_SIDE_STYLE ('',( #11814 ) ) ;
#12816 = VERTEX_POINT ( 'NONE', #2986 ) ;
#12817 = VECTOR ( 'NONE', #5689, 1000.000000000000000 ) ;
#12818 = LINE ( 'NONE', #11691, #3093 ) ;
#12819 = CARTESIAN_POINT ( 'NONE',  ( -6.099999999999999645, -2.850000000000000533, 0.8199999999999999512 ) ) ;
#12820 = LINE ( 'NONE', #2677, #480 ) ;
#12821 = COLOUR_RGB ( '',0.9411764705882352811, 0.6274509803921568540, 0.05490196078431372473 ) ;
#12822 =( GEOMETRIC_REPRESENTATION_CONTEXT ( 3 ) GLOBAL_UNCERTAINTY_ASSIGNED_CONTEXT ( ( #1966 ) ) GLOBAL_UNIT_ASSIGNED_CONTEXT ( ( #545, #12980, #12719 ) ) REPRESENTATION_CONTEXT ( 'NONE', 'WORKASPACE' ) );
#12823 = ADVANCED_FACE ( 'NONE', ( #7060 ), #5795, .T. ) ;
#12824 = ORIENTED_EDGE ( 'NONE', *, *, #8951, .T. ) ;
#12825 = CARTESIAN_POINT ( 'NONE',  ( -6.099999999999999645, 8.000000000000000000, 0.000000000000000000 ) ) ;
#12826 = FILL_AREA_STYLE_COLOUR ( '', #6599 ) ;
#12827 =( LENGTH_UNIT ( ) NAMED_UNIT ( * ) SI_UNIT ( .MILLI., .METRE. ) );
#12828 = SURFACE_STYLE_USAGE ( .BOTH. , #4736 ) ;
#12829 = VERTEX_POINT ( 'NONE', #916 ) ;
#12830 = DIRECTION ( 'NONE',  ( -0.000000000000000000, -0.000000000000000000, -1.000000000000000000 ) ) ;
#12831 =( LENGTH_UNIT ( ) NAMED_UNIT ( * ) SI_UNIT ( .MILLI., .METRE. ) );
#12832 = ORIENTED_EDGE ( 'NONE', *, *, #3914, .F. ) ;
#12833 = LINE ( 'NONE', #12974, #10390 ) ;
#12834 =( LENGTH_UNIT ( ) NAMED_UNIT ( * ) SI_UNIT ( .MILLI., .METRE. ) );
#12835 =( LENGTH_UNIT ( ) NAMED_UNIT ( * ) SI_UNIT ( .MILLI., .METRE. ) );
#12836 = VERTEX_POINT ( 'NONE', #3985 ) ;
#12837 = STYLED_ITEM ( 'NONE', ( #2852 ), #327 ) ;
#12838 = VECTOR ( 'NONE', #5274, 1000.000000000000000 ) ;
#12839 = LINE ( 'NONE', #3619, #228 ) ;
#12840 = UNCERTAINTY_MEASURE_WITH_UNIT (LENGTH_MEASURE( 1.000000000000000082E-05 ), #7923, 'distance_accuracy_value', 'NONE');
#12841 = COLOUR_RGB ( '',0.000000000000000000, 1.000000000000000000, 0.000000000000000000 ) ;
#12842 = VERTEX_POINT ( 'NONE', #6998 ) ;
#12843 = CARTESIAN_POINT ( 'NONE',  ( 6.099999999999999645, -3.700000000000000178, 0.000000000000000000 ) ) ;
#12844 = PLANE ( 'NONE',  #10024 ) ;
#12845 = ORIENTED_EDGE ( 'NONE', *, *, #8122, .F. ) ;
#12846 = FILL_AREA_STYLE ('',( #1615 ) ) ;
#12847 = PLANE ( 'NONE',  #13027 ) ;
#12848 = LINE ( 'NONE', #8865, #12683 ) ;
#12849 = LINE ( 'NONE', #2704, #5657 ) ;
#12850 = MECHANICAL_DESIGN_GEOMETRIC_PRESENTATION_REPRESENTATION (  '', ( #11150 ), #6407 ) ;
#12851 = PRESENTATION_STYLE_ASSIGNMENT (( #9553 ) ) ;
#12852 = PRESENTATION_LAYER_ASSIGNMENT (  '', '', ( #9408 ) ) ;
#12853 = CARTESIAN_POINT ( 'NONE',  ( -6.099999999999999645, -7.000000000000000000, 0.8199999999999999512 ) ) ;
#12854 = EDGE_CURVE ( 'NONE', #9460, #9920, #8885, .T. ) ;
#12855 = DIRECTION ( 'NONE',  ( -0.000000000000000000, -0.000000000000000000, -1.000000000000000000 ) ) ;
#12856 = ORIENTED_EDGE ( 'NONE', *, *, #12368, .F. ) ;
#12857 = SURFACE_STYLE_FILL_AREA ( #1496 ) ;
#12858 = CARTESIAN_POINT ( 'NONE',  ( 6.099999999999999645, -6.350000000000000533, 0.8199999999999999512 ) ) ;
#12859 = DIRECTION ( 'NONE',  ( -1.000000000000000000, 0.000000000000000000, -0.000000000000000000 ) ) ;
#12860 = ORIENTED_EDGE ( 'NONE', *, *, #3832, .F. ) ;
#12861 = VECTOR ( 'NONE', #9922, 1000.000000000000000 ) ;
#12862 = AXIS2_PLACEMENT_3D ( 'NONE', #3836, #559, #7730 ) ;
#12864 = MECHANICAL_DESIGN_GEOMETRIC_PRESENTATION_REPRESENTATION (  '', ( #1912 ), #3208 ) ;
#12863 = LINE ( 'NONE', #5655, #9589 ) ;
#12865 = CARTESIAN_POINT ( 'NONE',  ( 6.099999999999999645, -7.450000000000000178, 0.000000000000000000 ) ) ;
#12866 = ORIENTED_EDGE ( 'NONE', *, *, #12774, .F. ) ;
#12867 = VECTOR ( 'NONE', #1174, 1000.000000000000000 ) ;
#12868 = FACE_OUTER_BOUND ( 'NONE', #8157, .T. ) ;
#12869 = VECTOR ( 'NONE', #11088, 1000.000000000000000 ) ;
#12870 = EDGE_CURVE ( 'NONE', #299, #1438, #13003, .T. ) ;
#12871 = EDGE_CURVE ( 'NONE', #12889, #1402, #11986, .T. ) ;
#12872 = AXIS2_PLACEMENT_3D ( 'NONE', #6749, #4452, #10812 ) ;
#12873 =( LENGTH_UNIT ( ) NAMED_UNIT ( * ) SI_UNIT ( .MILLI., .METRE. ) );
#12874 =( GEOMETRIC_REPRESENTATION_CONTEXT ( 3 ) GLOBAL_UNCERTAINTY_ASSIGNED_CONTEXT ( ( #4151 ) ) GLOBAL_UNIT_ASSIGNED_CONTEXT ( ( #10849, #12789, #2703 ) ) REPRESENTATION_CONTEXT ( 'NONE', 'WORKASPACE' ) );
#12875 = PLANE ( 'NONE',  #7749 ) ;
#12876 = CARTESIAN_POINT ( 'NONE',  ( 6.099999999999999645, -7.450000000000000178, 0.8199999999999999512 ) ) ;
#12877 = CARTESIAN_POINT ( 'NONE',  ( 5.299999999999998934, 3.049999999999999822, 0.8199999999999999512 ) ) ;
#12878 = ORIENTED_EDGE ( 'NONE', *, *, #4905, .F. ) ;
#12879 = FILL_AREA_STYLE ('',( #5871 ) ) ;
#12880 = SURFACE_STYLE_FILL_AREA ( #4649 ) ;
#12881 = DIRECTION ( 'NONE',  ( -0.000000000000000000, 0.000000000000000000, 1.000000000000000000 ) ) ;
#12882 = ORIENTED_EDGE ( 'NONE', *, *, #1321, .T. ) ;
#12883 = COLOUR_RGB ( '',0.9411764705882352811, 0.6274509803921568540, 0.05490196078431372473 ) ;
#12884 = PRESENTATION_STYLE_ASSIGNMENT (( #8759 ) ) ;
#12885 = EDGE_CURVE ( 'NONE', #6184, #11137, #5863, .T. ) ;
#12886 = COLOUR_RGB ( '',0.000000000000000000, 1.000000000000000000, 0.000000000000000000 ) ;
#12887 = FILL_AREA_STYLE ('',( #4463 ) ) ;
#12888 = UNCERTAINTY_MEASURE_WITH_UNIT (LENGTH_MEASURE( 1.000000000000000082E-05 ), #12210, 'distance_accuracy_value', 'NONE');
#12889 = VERTEX_POINT ( 'NONE', #3851 ) ;
#12890 = DIRECTION ( 'NONE',  ( 0.000000000000000000, -0.000000000000000000, 1.000000000000000000 ) ) ;
#12891 = VECTOR ( 'NONE', #8303, 1000.000000000000000 ) ;
#12892 = SURFACE_STYLE_FILL_AREA ( #864 ) ;
#12893 = SURFACE_SIDE_STYLE ('',( #7633 ) ) ;
#12894 = STYLED_ITEM ( 'NONE', ( #10280 ), #12352 ) ;
#12895 = EDGE_LOOP ( 'NONE', ( #149, #10929, #5102, #12163 ) ) ;
#12896 = CARTESIAN_POINT ( 'NONE',  ( -5.299999999999998934, -5.250000000000000000, 0.8199999999999999512 ) ) ;
#12897 = CYLINDRICAL_SURFACE ( 'NONE', #10754, 0.2500000000000002220 ) ;
#12898 = EDGE_LOOP ( 'NONE', ( #11713, #8694, #4491, #5678 ) ) ;
#12899 = SURFACE_STYLE_USAGE ( .BOTH. , #1598 ) ;
#12900 = DIRECTION ( 'NONE',  ( 1.000000000000000000, 0.000000000000000000, 0.000000000000000000 ) ) ;
#12901 = COLOUR_RGB ( '',0.9411764705882352811, 0.6274509803921568540, 0.05490196078431372473 ) ;
#12902 = DIRECTION ( 'NONE',  ( 1.000000000000000000, -0.000000000000000000, -0.000000000000000000 ) ) ;
#12903 = ORIENTED_EDGE ( 'NONE', *, *, #12474, .T. ) ;
#12904 = EDGE_CURVE ( 'NONE', #4245, #653, #8023, .T. ) ;
#12905 = CARTESIAN_POINT ( 'NONE',  ( -6.099999999999999645, -2.150000000000000355, 0.8199999999999999512 ) ) ;
#12906 = DIRECTION ( 'NONE',  ( 1.000000000000000000, 0.000000000000000000, 0.000000000000000000 ) ) ;
#12907 = MECHANICAL_DESIGN_GEOMETRIC_PRESENTATION_REPRESENTATION (  '', ( #10336 ), #7732 ) ;
#12908 = PRESENTATION_LAYER_ASSIGNMENT (  '', '', ( #1095 ) ) ;
#12909 = FILL_AREA_STYLE_COLOUR ( '', #3577 ) ;
#12910 = CARTESIAN_POINT ( 'NONE',  ( -5.299999999999998934, 2.149999999999999911, 0.8199999999999999512 ) ) ;
#12911 = FILL_AREA_STYLE ('',( #3626 ) ) ;
#12912 = ORIENTED_EDGE ( 'NONE', *, *, #8382, .T. ) ;
#12913 = FILL_AREA_STYLE_COLOUR ( '', #4853 ) ;
#12914 = CARTESIAN_POINT ( 'NONE',  ( 5.299999999999998934, -0.8500000000000000888, 0.000000000000000000 ) ) ;
#12915 = AXIS2_PLACEMENT_3D ( 'NONE', #971, #6870, #2720 ) ;
#12916 = EDGE_LOOP ( 'NONE', ( #5825, #6099, #13117, #6989 ) ) ;
#12917 =( GEOMETRIC_REPRESENTATION_CONTEXT ( 3 ) GLOBAL_UNCERTAINTY_ASSIGNED_CONTEXT ( ( #343 ) ) GLOBAL_UNIT_ASSIGNED_CONTEXT ( ( #12632, #9728, #5414 ) ) REPRESENTATION_CONTEXT ( 'NONE', 'WORKASPACE' ) );
#12918 = DIRECTION ( 'NONE',  ( -1.000000000000000000, -6.672013369141566696E-17, 0.000000000000000000 ) ) ;
#12919 =( NAMED_UNIT ( * ) PLANE_ANGLE_UNIT ( ) SI_UNIT ( $, .RADIAN. ) );
#12920 = FACE_OUTER_BOUND ( 'NONE', #11480, .T. ) ;
#12921 = ADVANCED_FACE ( 'NONE', ( #4906 ), #12126, .F. ) ;
#12922 = AXIS2_PLACEMENT_3D ( 'NONE', #10594, #8544, #12612 ) ;
#12923 = DIRECTION ( 'NONE',  ( 0.000000000000000000, -1.000000000000000000, 0.000000000000000000 ) ) ;
#12924 = PRESENTATION_LAYER_ASSIGNMENT (  '', '', ( #3053 ) ) ;
#12925 = VERTEX_POINT ( 'NONE', #11134 ) ;
#12926 = COLOUR_RGB ( '',0.9411764705882352811, 0.6274509803921568540, 0.05490196078431372473 ) ;
#12927 = VECTOR ( 'NONE', #8421, 1000.000000000000000 ) ;
#12928 = CARTESIAN_POINT ( 'NONE',  ( -5.299999999999998934, 6.349999999999999645, 0.8199999999999999512 ) ) ;
#12929 = VECTOR ( 'NONE', #5786, 1000.000000000000000 ) ;
#12930 = CARTESIAN_POINT ( 'NONE',  ( 5.849999999999999645, -4.800000000000000711, 0.8199999999999999512 ) ) ;
#12931 = VERTEX_POINT ( 'NONE', #1907 ) ;
#12932 = CARTESIAN_POINT ( 'NONE',  ( -5.299999999999998934, 5.450000000000000178, 0.000000000000000000 ) ) ;
#12933 = CIRCLE ( 'NONE', #12732, 0.2500000000000002220 ) ;
#12934 = SURFACE_STYLE_FILL_AREA ( #2978 ) ;
#12935 = CARTESIAN_POINT ( 'NONE',  ( 5.299999999999998934, -4.150000000000000355, 0.000000000000000000 ) ) ;
#12936 = ORIENTED_EDGE ( 'NONE', *, *, #10214, .T. ) ;
#12937 = FILL_AREA_STYLE_COLOUR ( '', #6695 ) ;
#12938 = FACE_OUTER_BOUND ( 'NONE', #321, .T. ) ;
#12939 = VERTEX_POINT ( 'NONE', #5992 ) ;
#12940 = STYLED_ITEM ( 'NONE', ( #2659 ), #13279 ) ;
#12941 = PRESENTATION_LAYER_ASSIGNMENT (  '', '', ( #6250 ) ) ;
#12942 = EDGE_CURVE ( 'NONE', #12829, #2477, #3057, .T. ) ;
#12943 = DIRECTION ( 'NONE',  ( 1.000000000000000000, -0.000000000000000000, -0.000000000000000000 ) ) ;
#12944 = EDGE_CURVE ( 'NONE', #10438, #11990, #10388, .T. ) ;
#12945 = CARTESIAN_POINT ( 'NONE',  ( 6.099999999999999645, 3.449999999999999734, 0.8199999999999999512 ) ) ;
#12946 = STYLED_ITEM ( 'NONE', ( #11110 ), #9237 ) ;
#12947 = CARTESIAN_POINT ( 'NONE',  ( -6.099999999999999645, 8.000000000000000000, 0.8199999999999999512 ) ) ;
#12948 = SURFACE_STYLE_FILL_AREA ( #7818 ) ;
#12949 = EDGE_CURVE ( 'NONE', #1495, #5483, #9497, .T. ) ;
#12950 = CARTESIAN_POINT ( 'NONE',  ( 6.099999999999999645, 7.000000000000000000, 0.8199999999999999512 ) ) ;
#12951 = FACE_OUTER_BOUND ( 'NONE', #5858, .T. ) ;
#12952 = EDGE_LOOP ( 'NONE', ( #1870, #10392, #1754, #7219, #10416, #8410, #8579 ) ) ;
#12953 = PLANE ( 'NONE',  #694 ) ;
#12954 = ADVANCED_FACE ( 'NONE', ( #7130 ), #6116, .T. ) ;
#12955 =( LENGTH_UNIT ( ) NAMED_UNIT ( * ) SI_UNIT ( .MILLI., .METRE. ) );
#12956 = VECTOR ( 'NONE', #7924, 1000.000000000000000 ) ;
#12957 = CARTESIAN_POINT ( 'NONE',  ( -6.099999999999999645, -1.950000000000000178, 0.000000000000000000 ) ) ;
#12958 = ORIENTED_EDGE ( 'NONE', *, *, #9748, .F. ) ;
#12959 = DIRECTION ( 'NONE',  ( 0.000000000000000000, 0.000000000000000000, -1.000000000000000000 ) ) ;
#12960 = LINE ( 'NONE', #2734, #13303 ) ;
#12961 = STYLED_ITEM ( 'NONE', ( #3748 ), #5089 ) ;
#12962 = FILL_AREA_STYLE ('',( #1586 ) ) ;
#12963 = AXIS2_PLACEMENT_3D ( 'NONE', #2551, #6637, #7708 ) ;
#12964 = EDGE_LOOP ( 'NONE', ( #7807, #2283, #12696, #1611 ) ) ;
#12965 =( NAMED_UNIT ( * ) SI_UNIT ( $, .STERADIAN. ) SOLID_ANGLE_UNIT ( ) );
#12966 = EDGE_CURVE ( 'NONE', #8396, #6300, #4305, .T. ) ;
#12967 = CARTESIAN_POINT ( 'NONE',  ( -6.099999999999999645, -3.050000000000000266, 0.8199999999999999512 ) ) ;
#12968 = CARTESIAN_POINT ( 'NONE',  ( 6.099999999999999645, 6.349999999999999645, 0.000000000000000000 ) ) ;
#12969 = ORIENTED_EDGE ( 'NONE', *, *, #11998, .F. ) ;
#12970 = CARTESIAN_POINT ( 'NONE',  ( 5.299999999999998934, 7.450000000000000178, 0.8199999999999999512 ) ) ;
#12971 = PLANE ( 'NONE',  #10478 ) ;
#12972 = CARTESIAN_POINT ( 'NONE',  ( -6.099999999999999645, 3.049999999999999822, 0.8199999999999999512 ) ) ;
#12973 = ORIENTED_EDGE ( 'NONE', *, *, #5339, .T. ) ;
#12974 = CARTESIAN_POINT ( 'NONE',  ( 6.099999999999999645, 0.04999999999999969746, 0.8199999999999999512 ) ) ;
#12975 = PLANE ( 'NONE',  #1355 ) ;
#12976 = CARTESIAN_POINT ( 'NONE',  ( 6.099999999999999645, -1.050000000000000266, 0.8199999999999999512 ) ) ;
#12977 = DIRECTION ( 'NONE',  ( -0.000000000000000000, -0.000000000000000000, 1.000000000000000000 ) ) ;
#12978 = STYLED_ITEM ( 'NONE', ( #12884 ), #9629 ) ;
#12979 = SURFACE_STYLE_USAGE ( .BOTH. , #3818 ) ;
#12980 =( NAMED_UNIT ( * ) PLANE_ANGLE_UNIT ( ) SI_UNIT ( $, .RADIAN. ) );
#12981 = UNCERTAINTY_MEASURE_WITH_UNIT (LENGTH_MEASURE( 1.000000000000000082E-05 ), #8627, 'distance_accuracy_value', 'NONE');
#12982 = PRESENTATION_LAYER_ASSIGNMENT (  '', '', ( #317 ) ) ;
#12983 = ADVANCED_FACE ( 'NONE', ( #5311 ), #11469, .F. ) ;
#12984 = CARTESIAN_POINT ( 'NONE',  ( 6.099999999999999645, 5.249999999999999112, 0.8199999999999999512 ) ) ;
#12985 =( NAMED_UNIT ( * ) PLANE_ANGLE_UNIT ( ) SI_UNIT ( $, .RADIAN. ) );
#12986 = EDGE_LOOP ( 'NONE', ( #1306, #4920, #941, #4359 ) ) ;
#12987 = DIRECTION ( 'NONE',  ( -1.000000000000000000, 0.000000000000000000, -0.000000000000000000 ) ) ;
#12988 = LINE ( 'NONE', #10908, #12630 ) ;
#12989 = VERTEX_POINT ( 'NONE', #2243 ) ;
#12990 = CARTESIAN_POINT ( 'NONE',  ( 6.099999999999999645, -6.550000000000000711, 0.000000000000000000 ) ) ;
#12991 = DIRECTION ( 'NONE',  ( 1.000000000000000000, 0.000000000000000000, 0.000000000000000000 ) ) ;
#12992 = DIRECTION ( 'NONE',  ( -1.000000000000000000, 0.000000000000000000, -0.000000000000000000 ) ) ;
#12993 = DIRECTION ( 'NONE',  ( -0.000000000000000000, 1.000000000000000000, -0.000000000000000000 ) ) ;
#12994 = EDGE_CURVE ( 'NONE', #9439, #4758, #6316, .T. ) ;
#12995 = VERTEX_POINT ( 'NONE', #7404 ) ;
#12996 = DIRECTION ( 'NONE',  ( 1.000000000000000000, 0.000000000000000000, 0.000000000000000000 ) ) ;
#12997 =( NAMED_UNIT ( * ) PLANE_ANGLE_UNIT ( ) SI_UNIT ( $, .RADIAN. ) );
#12998 = EDGE_LOOP ( 'NONE', ( #10203, #3695, #8361, #9474, #9118, #2410 ) ) ;
#12999 = DIRECTION ( 'NONE',  ( -1.000000000000000000, 0.000000000000000000, 0.000000000000000000 ) ) ;
#13000 = CARTESIAN_POINT ( 'NONE',  ( -5.299999999999998934, -5.450000000000001066, 0.000000000000000000 ) ) ;
#13001 = EDGE_LOOP ( 'NONE', ( #7232, #8407, #7010, #912 ) ) ;
#13002 = LINE ( 'NONE', #3780, #8366 ) ;
#13003 = LINE ( 'NONE', #13071, #1526 ) ;
#13004 = UNCERTAINTY_MEASURE_WITH_UNIT (LENGTH_MEASURE( 1.000000000000000082E-05 ), #1045, 'distance_accuracy_value', 'NONE');
#13005 =( GEOMETRIC_REPRESENTATION_CONTEXT ( 3 ) GLOBAL_UNCERTAINTY_ASSIGNED_CONTEXT ( ( #9097 ) ) GLOBAL_UNIT_ASSIGNED_CONTEXT ( ( #9348, #4229, #1213 ) ) REPRESENTATION_CONTEXT ( 'NONE', 'WORKASPACE' ) );
#13006 =( GEOMETRIC_REPRESENTATION_CONTEXT ( 3 ) GLOBAL_UNCERTAINTY_ASSIGNED_CONTEXT ( ( #1034 ) ) GLOBAL_UNIT_ASSIGNED_CONTEXT ( ( #8095, #2998, #13278 ) ) REPRESENTATION_CONTEXT ( 'NONE', 'WORKASPACE' ) );
#13007 = SURFACE_SIDE_STYLE ('',( #3989 ) ) ;
#13008 = PLANE ( 'NONE',  #12203 ) ;
#13009 = EDGE_CURVE ( 'NONE', #990, #3463, #6389, .T. ) ;
#13010 = ORIENTED_EDGE ( 'NONE', *, *, #7925, .F. ) ;
#13011 = FACE_OUTER_BOUND ( 'NONE', #1805, .T. ) ;
#13012 = DIRECTION ( 'NONE',  ( 0.000000000000000000, -0.000000000000000000, -1.000000000000000000 ) ) ;
#13013 = ORIENTED_EDGE ( 'NONE', *, *, #3927, .F. ) ;
#13014 = PLANE ( 'NONE',  #7428 ) ;
#13015 = LINE ( 'NONE', #850, #10036 ) ;
#13016 =( NAMED_UNIT ( * ) PLANE_ANGLE_UNIT ( ) SI_UNIT ( $, .RADIAN. ) );
#13017 = ORIENTED_EDGE ( 'NONE', *, *, #10253, .F. ) ;
#13018 = DIRECTION ( 'NONE',  ( 1.000000000000000000, -0.000000000000000000, -0.000000000000000000 ) ) ;
#13019 = CARTESIAN_POINT ( 'NONE',  ( -5.299999999999998934, 6.349999999999999645, 0.000000000000000000 ) ) ;
#13020 = DIRECTION ( 'NONE',  ( 0.000000000000000000, -0.000000000000000000, 1.000000000000000000 ) ) ;
#13021 = COLOUR_RGB ( '',0.9411764705882352811, 0.6274509803921568540, 0.05490196078431372473 ) ;
#13022 = FILL_AREA_STYLE ('',( #11288 ) ) ;
#13023 = EDGE_CURVE ( 'NONE', #11237, #10825, #5514, .T. ) ;
#13024 = EDGE_LOOP ( 'NONE', ( #7743, #6105, #3842, #8743 ) ) ;
#13025 = CARTESIAN_POINT ( 'NONE',  ( -6.099999999999999645, 0.04999999999999969746, 0.8199999999999999512 ) ) ;
#13026 = DIRECTION ( 'NONE',  ( -1.000000000000000000, 0.000000000000000000, 0.000000000000000000 ) ) ;
#13027 = AXIS2_PLACEMENT_3D ( 'NONE', #3572, #8726, #616 ) ;
#13028 = EDGE_LOOP ( 'NONE', ( #2217, #3812, #5970, #10610 ) ) ;
#13029 = DIRECTION ( 'NONE',  ( 0.000000000000000000, 0.000000000000000000, 1.000000000000000000 ) ) ;
#13030 = VERTEX_POINT ( 'NONE', #9765 ) ;
#13031 = DIRECTION ( 'NONE',  ( -0.000000000000000000, -0.000000000000000000, 1.000000000000000000 ) ) ;
#13032 = FILL_AREA_STYLE_COLOUR ( '', #12093 ) ;
#13033 = FILL_AREA_STYLE_COLOUR ( '', #9423 ) ;
#13034 = FILL_AREA_STYLE ('',( #8915 ) ) ;
#13035 = VECTOR ( 'NONE', #11954, 1000.000000000000000 ) ;
#13036 = COLOUR_RGB ( '',0.9411764705882352811, 0.6274509803921568540, 0.05490196078431372473 ) ;
#13037 = FACE_OUTER_BOUND ( 'NONE', #9733, .T. ) ;
#13038 = LINE ( 'NONE', #1669, #2813 ) ;
#13039 = ADVANCED_FACE ( 'NONE', ( #5455 ), #1425, .F. ) ;
#13040 = EDGE_CURVE ( 'NONE', #6300, #2116, #2385, .T. ) ;
#13041 = VECTOR ( 'NONE', #7997, 1000.000000000000000 ) ;
#13042 = MECHANICAL_DESIGN_GEOMETRIC_PRESENTATION_REPRESENTATION (  '', ( #2057 ), #13005 ) ;
#13043 = DIRECTION ( 'NONE',  ( 0.000000000000000000, 0.000000000000000000, -1.000000000000000000 ) ) ;
#13044 = VERTEX_POINT ( 'NONE', #9625 ) ;
#13045 = CARTESIAN_POINT ( 'NONE',  ( -6.099999999999999645, -6.150000000000001243, 0.8199999999999999512 ) ) ;
#13046 = EDGE_LOOP ( 'NONE', ( #9549, #1622, #12529, #11531 ) ) ;
#13047 = STYLED_ITEM ( 'NONE', ( #3439 ), #2834 ) ;
#13048 =( NAMED_UNIT ( * ) PLANE_ANGLE_UNIT ( ) SI_UNIT ( $, .RADIAN. ) );
#13049 = DIRECTION ( 'NONE',  ( 0.000000000000000000, -1.000000000000000000, 0.000000000000000000 ) ) ;
#13050 = SURFACE_STYLE_USAGE ( .BOTH. , #7111 ) ;
#13051 =( NAMED_UNIT ( * ) PLANE_ANGLE_UNIT ( ) SI_UNIT ( $, .RADIAN. ) );
#13052 = EDGE_CURVE ( 'NONE', #10049, #2353, #12673, .T. ) ;
#13053 = PLANE ( 'NONE',  #3898 ) ;
#13054 = STYLED_ITEM ( 'NONE', ( #8250 ), #3062 ) ;
#13055 = VECTOR ( 'NONE', #2297, 1000.000000000000000 ) ;
#13056 = FACE_OUTER_BOUND ( 'NONE', #4156, .T. ) ;
#13057 = CARTESIAN_POINT ( 'NONE',  ( -5.299999999999998934, -3.250000000000000444, 0.000000000000000000 ) ) ;
#13058 = VERTEX_POINT ( 'NONE', #3383 ) ;
#13059 = FILL_AREA_STYLE ('',( #6862 ) ) ;
#13060 = LINE ( 'NONE', #13134, #8782 ) ;
#13061 = LINE ( 'NONE', #6924, #5784 ) ;
#13062 = ORIENTED_EDGE ( 'NONE', *, *, #4448, .F. ) ;
#13063 = CARTESIAN_POINT ( 'NONE',  ( 6.099999999999999645, -0.4000000000000001887, 0.8199999999999999512 ) ) ;
#13064 =( NAMED_UNIT ( * ) PLANE_ANGLE_UNIT ( ) SI_UNIT ( $, .RADIAN. ) );
#13065 = PRESENTATION_STYLE_ASSIGNMENT (( #10181 ) ) ;
#13066 = ORIENTED_EDGE ( 'NONE', *, *, #9830, .F. ) ;
#13068 = VECTOR ( 'NONE', #3298, 1000.000000000000000 ) ;
#13067 = CARTESIAN_POINT ( 'NONE',  ( 6.099999999999999645, 6.750000000000000000, 0.8199999999999999512 ) ) ;
#13069 = CARTESIAN_POINT ( 'NONE',  ( 6.099999999999999645, 4.349999999999999645, 0.8199999999999999512 ) ) ;
#13070 = ADVANCED_FACE ( 'NONE', ( #4565 ), #12791, .F. ) ;
#13071 = CARTESIAN_POINT ( 'NONE',  ( -6.099999999999999645, 2.149999999999999911, 0.8199999999999999512 ) ) ;
#13072 = COLOUR_RGB ( '',0.9411764705882352811, 0.6274509803921568540, 0.05490196078431372473 ) ;
#13073 = ORIENTED_EDGE ( 'NONE', *, *, #7342, .F. ) ;
#13074 = VECTOR ( 'NONE', #2065, 1000.000000000000000 ) ;
#13075 = FILL_AREA_STYLE ('',( #8956 ) ) ;
#13076 = DIRECTION ( 'NONE',  ( -1.626303258728256651E-16, 1.000000000000000000, 0.000000000000000000 ) ) ;
#13077 =( NAMED_UNIT ( * ) PLANE_ANGLE_UNIT ( ) SI_UNIT ( $, .RADIAN. ) );
#13078 = STYLED_ITEM ( 'NONE', ( #10070 ), #11307 ) ;
#13079 = ORIENTED_EDGE ( 'NONE', *, *, #5611, .T. ) ;
#13080 = AXIS2_PLACEMENT_3D ( 'NONE', #12428, #8310, #8241 ) ;
#13081 = DIRECTION ( 'NONE',  ( 0.000000000000000000, -0.000000000000000000, 1.000000000000000000 ) ) ;
#13082 = CARTESIAN_POINT ( 'NONE',  ( 6.099999999999999645, -4.350000000000000533, 0.8199999999999999512 ) ) ;
#13083 = DIRECTION ( 'NONE',  ( -1.000000000000000000, 0.000000000000000000, -0.000000000000000000 ) ) ;
#13084 = VERTEX_POINT ( 'NONE', #11592 ) ;
#13085 = SURFACE_STYLE_USAGE ( .BOTH. , #8964 ) ;
#13086 = DIRECTION ( 'NONE',  ( -1.000000000000000000, 0.000000000000000000, 0.000000000000000000 ) ) ;
#13087 = EDGE_CURVE ( 'NONE', #12599, #5536, #10713, .T. ) ;
#13088 = CARTESIAN_POINT ( 'NONE',  ( -6.099999999999999645, 5.450000000000000178, 0.000000000000000000 ) ) ;
#13089 = VECTOR ( 'NONE', #8560, 1000.000000000000000 ) ;
#13090 = MECHANICAL_DESIGN_GEOMETRIC_PRESENTATION_REPRESENTATION (  '', ( #12672 ), #11596 ) ;
#13091 = FILL_AREA_STYLE ('',( #8967 ) ) ;
#13092 = AXIS2_PLACEMENT_3D ( 'NONE', #2878, #7825, #13086 ) ;
#13093 = VERTEX_POINT ( 'NONE', #3575 ) ;
#13094 = CARTESIAN_POINT ( 'NONE',  ( 5.299999999999998934, 7.450000000000000178, 0.8199999999999999512 ) ) ;
#13095 = CARTESIAN_POINT ( 'NONE',  ( 6.099999999999999645, -6.350000000000000533, 0.8199999999999999512 ) ) ;
#13096 = PRESENTATION_STYLE_ASSIGNMENT (( #13167 ) ) ;
#13097 = PLANE ( 'NONE',  #11989 ) ;
#13098 = VECTOR ( 'NONE', #504, 1000.000000000000000 ) ;
#13099 =( GEOMETRIC_REPRESENTATION_CONTEXT ( 3 ) GLOBAL_UNCERTAINTY_ASSIGNED_CONTEXT ( ( #6937 ) ) GLOBAL_UNIT_ASSIGNED_CONTEXT ( ( #5787, #12997, #6734 ) ) REPRESENTATION_CONTEXT ( 'NONE', 'WORKASPACE' ) );
#13100 = ORIENTED_EDGE ( 'NONE', *, *, #1913, .F. ) ;
#13101 = DIRECTION ( 'NONE',  ( 0.000000000000000000, -0.000000000000000000, -1.000000000000000000 ) ) ;
#13102 = CARTESIAN_POINT ( 'NONE',  ( -6.099999999999999645, 7.000000000000000000, 0.8199999999999999512 ) ) ;
#13103 = ORIENTED_EDGE ( 'NONE', *, *, #5130, .F. ) ;
#13104 = AXIS2_PLACEMENT_3D ( 'NONE', #6315, #4235, #10448 ) ;
#13105 = CARTESIAN_POINT ( 'NONE',  ( 5.299999999999998934, -4.150000000000000355, 0.000000000000000000 ) ) ;
#13106 = FACE_OUTER_BOUND ( 'NONE', #12376, .T. ) ;
#13107 = EDGE_LOOP ( 'NONE', ( #5899, #5658, #10011, #7776 ) ) ;
#13108 = CARTESIAN_POINT ( 'NONE',  ( -5.299999999999998934, -3.250000000000000444, 0.8199999999999999512 ) ) ;
#13109 = VECTOR ( 'NONE', #5481, 1000.000000000000000 ) ;
#13110 = UNCERTAINTY_MEASURE_WITH_UNIT (LENGTH_MEASURE( 1.000000000000000082E-05 ), #2930, 'distance_accuracy_value', 'NONE');
#13111 = DIRECTION ( 'NONE',  ( -0.000000000000000000, -0.000000000000000000, -1.000000000000000000 ) ) ;
#13112 = CARTESIAN_POINT ( 'NONE',  ( -5.299999999999998934, 4.150000000000000355, 0.000000000000000000 ) ) ;
#13113 = ORIENTED_EDGE ( 'NONE', *, *, #2738, .F. ) ;
#13114 =( GEOMETRIC_REPRESENTATION_CONTEXT ( 3 ) GLOBAL_UNCERTAINTY_ASSIGNED_CONTEXT ( ( #10853 ) ) GLOBAL_UNIT_ASSIGNED_CONTEXT ( ( #5268, #10268, #11420 ) ) REPRESENTATION_CONTEXT ( 'NONE', 'WORKASPACE' ) );
#13115 = EDGE_CURVE ( 'NONE', #7734, #8329, #6463, .T. ) ;
#13116 = DIRECTION ( 'NONE',  ( -0.000000000000000000, 0.000000000000000000, 1.000000000000000000 ) ) ;
#13117 = ORIENTED_EDGE ( 'NONE', *, *, #8724, .F. ) ;
#13118 = CARTESIAN_POINT ( 'NONE',  ( 0.000000000000000000, 0.000000000000000000, 0.8199999999999999512 ) ) ;
#13119 = EDGE_CURVE ( 'NONE', #1175, #3422, #682, .T. ) ;
#13120 = CYLINDRICAL_SURFACE ( 'NONE', #12111, 0.2500000000000002220 ) ;
#13121 = EDGE_CURVE ( 'NONE', #7856, #12309, #4617, .T. ) ;
#13122 = ORIENTED_EDGE ( 'NONE', *, *, #5103, .F. ) ;
#13123 = MECHANICAL_DESIGN_GEOMETRIC_PRESENTATION_REPRESENTATION (  '', ( #5581 ), #12699 ) ;
#13124 = FACE_OUTER_BOUND ( 'NONE', #7194, .T. ) ;
#13125 = VECTOR ( 'NONE', #777, 1000.000000000000000 ) ;
#13126 = PLANE ( 'NONE',  #1882 ) ;
#13127 = UNCERTAINTY_MEASURE_WITH_UNIT (LENGTH_MEASURE( 1.000000000000000082E-05 ), #12827, 'distance_accuracy_value', 'NONE');
#13128 = VECTOR ( 'NONE', #1838, 1000.000000000000000 ) ;
#13129 = AXIS2_PLACEMENT_3D ( 'NONE', #8633, #4587, #11617 ) ;
#13130 = ORIENTED_EDGE ( 'NONE', *, *, #5698, .T. ) ;
#13131 = EDGE_CURVE ( 'NONE', #11175, #5483, #5646, .T. ) ;
#13132 =( NAMED_UNIT ( * ) PLANE_ANGLE_UNIT ( ) SI_UNIT ( $, .RADIAN. ) );
#13133 = SURFACE_STYLE_FILL_AREA ( #8071 ) ;
#13134 = CARTESIAN_POINT ( 'NONE',  ( -6.099999999999999645, -4.350000000000000533, 0.000000000000000000 ) ) ;
#13135 = PRESENTATION_STYLE_ASSIGNMENT (( #4981 ) ) ;
#13136 = VERTEX_POINT ( 'NONE', #2501 ) ;
#13137 = MECHANICAL_DESIGN_GEOMETRIC_PRESENTATION_REPRESENTATION (  '', ( #4947 ), #9260 ) ;
#13138 = LINE ( 'NONE', #13262, #1776 ) ;
#13139 = PLANE ( 'NONE',  #369 ) ;
#13140 = PRESENTATION_LAYER_ASSIGNMENT (  '', '', ( #1964 ) ) ;
#13141 = LINE ( 'NONE', #6993, #10245 ) ;
#13142 = ORIENTED_EDGE ( 'NONE', *, *, #10809, .F. ) ;
#13143 = DIRECTION ( 'NONE',  ( -0.000000000000000000, 1.000000000000000000, 0.000000000000000000 ) ) ;
#13144 = MECHANICAL_DESIGN_GEOMETRIC_PRESENTATION_REPRESENTATION (  '', ( #6682 ), #7540 ) ;
#13145 = PRESENTATION_LAYER_ASSIGNMENT (  '', '', ( #4526 ) ) ;
#13146 = DIRECTION ( 'NONE',  ( 0.000000000000000000, 0.000000000000000000, -1.000000000000000000 ) ) ;
#13147 = MECHANICAL_DESIGN_GEOMETRIC_PRESENTATION_REPRESENTATION (  '', ( #5403 ), #5183 ) ;
#13148 = UNCERTAINTY_MEASURE_WITH_UNIT (LENGTH_MEASURE( 1.000000000000000082E-05 ), #6053, 'distance_accuracy_value', 'NONE');
#13149 = EDGE_LOOP ( 'NONE', ( #8517, #8519, #7368, #7357 ) ) ;
#13150 = EDGE_CURVE ( 'NONE', #7528, #6299, #7660, .T. ) ;
#13151 = CARTESIAN_POINT ( 'NONE',  ( 6.099999999999999645, 8.000000000000000000, 0.000000000000000000 ) ) ;
#13152 = FILL_AREA_STYLE_COLOUR ( '', #643 ) ;
#13153 = CIRCLE ( 'NONE', #9713, 0.2500000000000002220 ) ;
#13154 = ORIENTED_EDGE ( 'NONE', *, *, #7386, .F. ) ;
#13155 = CARTESIAN_POINT ( 'NONE',  ( 0.000000000000000000, -6.000000000000000000, 1.900000000000000133 ) ) ;
#13156 = SURFACE_STYLE_FILL_AREA ( #13217 ) ;
#13157 = ORIENTED_EDGE ( 'NONE', *, *, #876, .T. ) ;
#13158 = SURFACE_STYLE_USAGE ( .BOTH. , #10129 ) ;
#13159 = CARTESIAN_POINT ( 'NONE',  ( -6.099999999999999645, -3.250000000000000444, 0.000000000000000000 ) ) ;
#13160 = LINE ( 'NONE', #46, #9194 ) ;
#13161 =( NAMED_UNIT ( * ) SI_UNIT ( $, .STERADIAN. ) SOLID_ANGLE_UNIT ( ) );
#13162 = MECHANICAL_DESIGN_GEOMETRIC_PRESENTATION_REPRESENTATION (  '', ( #1557 ), #11246 ) ;
#13163 = FILL_AREA_STYLE ('',( #3873 ) ) ;
#13164 = STYLED_ITEM ( 'NONE', ( #12653 ), #9302 ) ;
#13165 = ADVANCED_FACE ( 'NONE', ( #6660 ), #3701, .T. ) ;
#13166 = DIRECTION ( 'NONE',  ( 1.000000000000000000, -0.000000000000000000, -0.000000000000000000 ) ) ;
#13167 = SURFACE_STYLE_USAGE ( .BOTH. , #3083 ) ;
#13168 =( NAMED_UNIT ( * ) PLANE_ANGLE_UNIT ( ) SI_UNIT ( $, .RADIAN. ) );
#13169 = VERTEX_POINT ( 'NONE', #8868 ) ;
#13170 = CARTESIAN_POINT ( 'NONE',  ( 6.099999999999999645, -0.8500000000000000888, 0.000000000000000000 ) ) ;
#13171 = LINE ( 'NONE', #12223, #6378 ) ;
#13172 = ADVANCED_FACE ( 'NONE', ( #8800 ), #13053, .T. ) ;
#13173 = DIRECTION ( 'NONE',  ( 0.000000000000000000, 0.000000000000000000, -1.000000000000000000 ) ) ;
#13174 = ORIENTED_EDGE ( 'NONE', *, *, #12155, .T. ) ;
#13175 = MECHANICAL_DESIGN_GEOMETRIC_PRESENTATION_REPRESENTATION (  '', ( #942 ), #10604 ) ;
#13176 = CARTESIAN_POINT ( 'NONE',  ( -6.099999999999999645, 5.450000000000000178, 0.000000000000000000 ) ) ;
#13177 = CARTESIAN_POINT ( 'NONE',  ( 6.099999999999999645, -3.250000000000000444, 0.8199999999999999512 ) ) ;
#13178 = CARTESIAN_POINT ( 'NONE',  ( 6.099999999999999645, 5.649999999999999467, 0.8199999999999999512 ) ) ;
#13179 = CARTESIAN_POINT ( 'NONE',  ( 5.299999999999998934, -6.550000000000000711, 0.8199999999999999512 ) ) ;
#13180 =( GEOMETRIC_REPRESENTATION_CONTEXT ( 3 ) GLOBAL_UNCERTAINTY_ASSIGNED_CONTEXT ( ( #3958 ) ) GLOBAL_UNIT_ASSIGNED_CONTEXT ( ( #4445, #8432, #9640 ) ) REPRESENTATION_CONTEXT ( 'NONE', 'WORKASPACE' ) );
#13181 = CARTESIAN_POINT ( 'NONE',  ( 5.849999999999999645, -4.800000000000000711, 0.8199999999999999512 ) ) ;
#13182 = CARTESIAN_POINT ( 'NONE',  ( -6.099999999999999645, 0.04999999999999969746, 0.8199999999999999512 ) ) ;
#13183 = EDGE_CURVE ( 'NONE', #2253, #11158, #11968, .T. ) ;
#13184 = ORIENTED_EDGE ( 'NONE', *, *, #9552, .T. ) ;
#13185 = LINE ( 'NONE', #3962, #1208 ) ;
#13186 = LINE ( 'NONE', #7855, #3797 ) ;
#13187 = EDGE_CURVE ( 'NONE', #4758, #4254, #3764, .T. ) ;
#13188 = ORIENTED_EDGE ( 'NONE', *, *, #5456, .F. ) ;
#13189 = DIRECTION ( 'NONE',  ( 0.000000000000000000, 1.000000000000000000, 0.000000000000000000 ) ) ;
#13190 = FILL_AREA_STYLE_COLOUR ( '', #10900 ) ;
#13191 = DIRECTION ( 'NONE',  ( 0.000000000000000000, 0.000000000000000000, -1.000000000000000000 ) ) ;
#13192 = STYLED_ITEM ( 'NONE', ( #10736 ), #5453 ) ;
#13193 = FACE_OUTER_BOUND ( 'NONE', #8035, .T. ) ;
#13194 =( NAMED_UNIT ( * ) PLANE_ANGLE_UNIT ( ) SI_UNIT ( $, .RADIAN. ) );
#13195 = EDGE_CURVE ( 'NONE', #11476, #12925, #1760, .T. ) ;
#13196 = CARTESIAN_POINT ( 'NONE',  ( -5.299999999999998934, -4.150000000000000355, 0.8199999999999999512 ) ) ;
#13197 = SURFACE_STYLE_USAGE ( .BOTH. , #7933 ) ;
#13198 = ORIENTED_EDGE ( 'NONE', *, *, #4448, .T. ) ;
#13199 = SURFACE_STYLE_USAGE ( .BOTH. , #8206 ) ;
#13200 = CARTESIAN_POINT ( 'NONE',  ( -6.099999999999999645, 4.150000000000000355, 0.000000000000000000 ) ) ;
#13201 = DIRECTION ( 'NONE',  ( 0.000000000000000000, -0.000000000000000000, -1.000000000000000000 ) ) ;
#13202 = VERTEX_POINT ( 'NONE', #760 ) ;
#13203 = SURFACE_SIDE_STYLE ('',( #1978 ) ) ;
#13204 = SURFACE_SIDE_STYLE ('',( #3055 ) ) ;
#13205 = ORIENTED_EDGE ( 'NONE', *, *, #2937, .F. ) ;
#13206 = DIRECTION ( 'NONE',  ( -0.000000000000000000, 1.000000000000000000, -0.000000000000000000 ) ) ;
#13207 = CARTESIAN_POINT ( 'NONE',  ( -6.099999999999999645, -4.800000000000000711, 0.8199999999999999512 ) ) ;
#13208 = EDGE_CURVE ( 'NONE', #1766, #12384, #4821, .T. ) ;
#13209 = FILL_AREA_STYLE ('',( #7815 ) ) ;
#13210 = ORIENTED_EDGE ( 'NONE', *, *, #3433, .F. ) ;
#13211 = SURFACE_STYLE_USAGE ( .BOTH. , #4994 ) ;
#13212 = PLANE ( 'NONE',  #1703 ) ;
#13213 = ORIENTED_EDGE ( 'NONE', *, *, #1101, .F. ) ;
#13214 = PLANE ( 'NONE',  #10578 ) ;
#13215 = SURFACE_STYLE_USAGE ( .BOTH. , #1044 ) ;
#13216 = FACE_OUTER_BOUND ( 'NONE', #4791, .T. ) ;
#13217 = FILL_AREA_STYLE ('',( #12208 ) ) ;
#13218 = ORIENTED_EDGE ( 'NONE', *, *, #6097, .F. ) ;
#13219 = DIRECTION ( 'NONE',  ( 1.000000000000000000, 0.000000000000000000, -0.000000000000000000 ) ) ;
#13220 = ADVANCED_FACE ( 'NONE', ( #13124 ), #3910, .F. ) ;
#13221 = ORIENTED_EDGE ( 'NONE', *, *, #10676, .T. ) ;
#13222 = SURFACE_STYLE_USAGE ( .BOTH. , #2005 ) ;
#13223 = DIRECTION ( 'NONE',  ( -0.000000000000000000, 0.000000000000000000, 1.000000000000000000 ) ) ;
#13224 =( NAMED_UNIT ( * ) SI_UNIT ( $, .STERADIAN. ) SOLID_ANGLE_UNIT ( ) );
#13225 = DIRECTION ( 'NONE',  ( 0.000000000000000000, -0.000000000000000000, 1.000000000000000000 ) ) ;
#13226 = ORIENTED_EDGE ( 'NONE', *, *, #12465, .T. ) ;
#13227 = FILL_AREA_STYLE ('',( #3147 ) ) ;
#13228 = AXIS2_PLACEMENT_3D ( 'NONE', #2023, #10225, #9068 ) ;
#13229 = DIRECTION ( 'NONE',  ( -1.626303258728256651E-16, 1.000000000000000000, 0.000000000000000000 ) ) ;
#13230 = ORIENTED_EDGE ( 'NONE', *, *, #9646, .F. ) ;
#13231 = VECTOR ( 'NONE', #5791, 1000.000000000000000 ) ;
#13232 = LINE ( 'NONE', #13179, #10796 ) ;
#13233 = SURFACE_STYLE_USAGE ( .BOTH. , #10005 ) ;
#13234 = EDGE_CURVE ( 'NONE', #3296, #9367, #1085, .T. ) ;
#13235 = EDGE_CURVE ( 'NONE', #9367, #8721, #13153, .T. ) ;
#13236 = VECTOR ( 'NONE', #6929, 1000.000000000000000 ) ;
#13237 =( LENGTH_UNIT ( ) NAMED_UNIT ( * ) SI_UNIT ( .MILLI., .METRE. ) );
#13238 = UNCERTAINTY_MEASURE_WITH_UNIT (LENGTH_MEASURE( 1.000000000000000082E-05 ), #680, 'distance_accuracy_value', 'NONE');
#13239 = FILL_AREA_STYLE_COLOUR ( '', #9623 ) ;
#13240 = ORIENTED_EDGE ( 'NONE', *, *, #5677, .F. ) ;
#13241 = LINE ( 'NONE', #3159, #9406 ) ;
#13242 = ORIENTED_EDGE ( 'NONE', *, *, #13009, .T. ) ;
#13243 = SURFACE_SIDE_STYLE ('',( #2904 ) ) ;
#13244 =( LENGTH_UNIT ( ) NAMED_UNIT ( * ) SI_UNIT ( .MILLI., .METRE. ) );
#13245 = VERTEX_POINT ( 'NONE', #18 ) ;
#13246 = STYLED_ITEM ( 'NONE', ( #5349 ), #575 ) ;
#13247 =( LENGTH_UNIT ( ) NAMED_UNIT ( * ) SI_UNIT ( .MILLI., .METRE. ) );
#13248 = CARTESIAN_POINT ( 'NONE',  ( -5.299999999999998934, -6.350000000000000533, 0.000000000000000000 ) ) ;
#13249 =( NAMED_UNIT ( * ) SI_UNIT ( $, .STERADIAN. ) SOLID_ANGLE_UNIT ( ) );
#13250 = COLOUR_RGB ( '',1.000000000000000000, 1.000000000000000000, 1.000000000000000000 ) ;
#13252 = CIRCLE ( 'NONE', #2732, 0.2500000000000002220 ) ;
#13251 = CARTESIAN_POINT ( 'NONE',  ( 5.849999999999999645, -2.600000000000000533, 0.8199999999999999512 ) ) ;
#13253 =( LENGTH_UNIT ( ) NAMED_UNIT ( * ) SI_UNIT ( .MILLI., .METRE. ) );
#13254 = CARTESIAN_POINT ( 'NONE',  ( -6.099999999999999645, 3.700000000000000178, 0.000000000000000000 ) ) ;
#13255 = UNCERTAINTY_MEASURE_WITH_UNIT (LENGTH_MEASURE( 1.000000000000000082E-05 ), #3767, 'distance_accuracy_value', 'NONE');
#13256 = FACE_OUTER_BOUND ( 'NONE', #1400, .T. ) ;
#13257 = PRESENTATION_LAYER_ASSIGNMENT (  '', '', ( #4215 ) ) ;
#13258 = ORIENTED_EDGE ( 'NONE', *, *, #3956, .F. ) ;
#13259 = LINE ( 'NONE', #12392, #10446 ) ;
#13260 = LINE ( 'NONE', #11058, #1070 ) ;
#13261 = ORIENTED_EDGE ( 'NONE', *, *, #12642, .T. ) ;
#13262 = CARTESIAN_POINT ( 'NONE',  ( 5.299999999999998934, -4.150000000000000355, 0.8199999999999999512 ) ) ;
#13263 = CARTESIAN_POINT ( 'NONE',  ( 5.299999999999998934, -6.550000000000000711, 0.8199999999999999512 ) ) ;
#13264 = CARTESIAN_POINT ( 'NONE',  ( 6.099999999999999645, -5.250000000000000000, 0.8199999999999999512 ) ) ;
#13265 = SURFACE_STYLE_USAGE ( .BOTH. , #2043 ) ;
#13266 = COLOUR_RGB ( '',0.9411764705882352811, 0.6274509803921568540, 0.05490196078431372473 ) ;
#13267 = PRESENTATION_LAYER_ASSIGNMENT (  '', '', ( #5941 ) ) ;
#13268 = VECTOR ( 'NONE', #1086, 1000.000000000000000 ) ;
#13269 = UNCERTAINTY_MEASURE_WITH_UNIT (LENGTH_MEASURE( 1.000000000000000082E-05 ), #11851, 'distance_accuracy_value', 'NONE');
#13270 = ORIENTED_EDGE ( 'NONE', *, *, #2651, .F. ) ;
#13271 = CARTESIAN_POINT ( 'NONE',  ( -5.299999999999998934, -6.350000000000000533, 0.8199999999999999512 ) ) ;
#13272 = PRESENTATION_STYLE_ASSIGNMENT (( #4914 ) ) ;
#13273 =( GEOMETRIC_REPRESENTATION_CONTEXT ( 3 ) GLOBAL_UNCERTAINTY_ASSIGNED_CONTEXT ( ( #3562 ) ) GLOBAL_UNIT_ASSIGNED_CONTEXT ( ( #7229, #11364, #124 ) ) REPRESENTATION_CONTEXT ( 'NONE', 'WORKASPACE' ) );
#13274 = STYLED_ITEM ( 'NONE', ( #1195 ), #6026 ) ;
#13275 = ORIENTED_EDGE ( 'NONE', *, *, #9698, .F. ) ;
#13276 = ADVANCED_FACE ( 'NONE', ( #3172 ), #6044, .T. ) ;
#13277 = DIRECTION ( 'NONE',  ( 0.000000000000000000, 0.000000000000000000, -1.000000000000000000 ) ) ;
#13278 =( NAMED_UNIT ( * ) SI_UNIT ( $, .STERADIAN. ) SOLID_ANGLE_UNIT ( ) );
#13279 = ADVANCED_FACE ( 'NONE', ( #5240 ), #8375, .T. ) ;
#13280 = ORIENTED_EDGE ( 'NONE', *, *, #5121, .F. ) ;
#13281 = STYLED_ITEM ( 'NONE', ( #4101 ), #11103 ) ;
#13282 = MECHANICAL_DESIGN_GEOMETRIC_PRESENTATION_REPRESENTATION (  '', ( #11987 ), #5322 ) ;
#13283 = CARTESIAN_POINT ( 'NONE',  ( 4.500000000000000000, -6.500000000000000000, 1.900000000000000133 ) ) ;
#13284 = CYLINDRICAL_SURFACE ( 'NONE', #5109, 0.2500000000000002220 ) ;
#13285 = COLOUR_RGB ( '',0.9411764705882352811, 0.6274509803921568540, 0.05490196078431372473 ) ;
#13286 = UNCERTAINTY_MEASURE_WITH_UNIT (LENGTH_MEASURE( 1.000000000000000082E-05 ), #11435, 'distance_accuracy_value', 'NONE');
#13287 = VECTOR ( 'NONE', #4868, 1000.000000000000000 ) ;
#13288 = SURFACE_STYLE_USAGE ( .BOTH. , #7082 ) ;
#13289 = AXIS2_PLACEMENT_3D ( 'NONE', #1186, #5275, #185 ) ;
#13290 = PRESENTATION_STYLE_ASSIGNMENT (( #10136 ) ) ;
#13291 = CARTESIAN_POINT ( 'NONE',  ( -6.099999999999999645, 6.550000000000000711, 0.8199999999999999512 ) ) ;
#13292 = DIRECTION ( 'NONE',  ( 0.000000000000000000, -1.000000000000000000, -0.000000000000000000 ) ) ;
#13293 = ORIENTED_EDGE ( 'NONE', *, *, #6132, .F. ) ;
#13294 = DIRECTION ( 'NONE',  ( 0.000000000000000000, 0.000000000000000000, -1.000000000000000000 ) ) ;
#13295 = EDGE_CURVE ( 'NONE', #1975, #9223, #1992, .T. ) ;
#13296 = SURFACE_STYLE_USAGE ( .BOTH. , #59 ) ;
#13297 = ORIENTED_EDGE ( 'NONE', *, *, #10254, .T. ) ;
#13298 =( GEOMETRIC_REPRESENTATION_CONTEXT ( 3 ) GLOBAL_UNCERTAINTY_ASSIGNED_CONTEXT ( ( #3703 ) ) GLOBAL_UNIT_ASSIGNED_CONTEXT ( ( #9448, #12499, #7216 ) ) REPRESENTATION_CONTEXT ( 'NONE', 'WORKASPACE' ) );
#13299 = AXIS2_PLACEMENT_3D ( 'NONE', #1934, #13292, #4076 ) ;
#13300 = VECTOR ( 'NONE', #9285, 1000.000000000000000 ) ;
#13301 = CARTESIAN_POINT ( 'NONE',  ( 5.299999999999998934, -6.350000000000000533, 0.000000000000000000 ) ) ;
#13302 = SURFACE_SIDE_STYLE ('',( #5892 ) ) ;
#13303 = VECTOR ( 'NONE', #9040, 1000.000000000000000 ) ;
#13304 = FILL_AREA_STYLE ('',( #3019 ) ) ;
#13305 = STYLED_ITEM ( 'NONE', ( #2730 ), #10899 ) ;
#13306 = VECTOR ( 'NONE', #2929, 1000.000000000000000 ) ;
#13307 = SURFACE_STYLE_USAGE ( .BOTH. , #2958 ) ;
ENDSEC;
END-ISO-10303-21;
